CVE ESTADO,CVE MUNICIPIO,Emisiones de CO,,,,,,,,,,,,,,,,,,,,,,
,,Comb_ind_LPG,Comb_ind_Diesel,Comb_comer_NG,Comb_comer_LPG,Comb_res_GN,Comb_res_lena,Comb_res_keroseno,Comb_res_LPG,Comb_agricola,Qmas_agricolas,Incend_forest,Cruces_front,Terminales de autobuses,Incend_construcc,Asados al carbon,,Aviacion,Equipo basico aeropouertos,Embarcaciones marinas,Locomotoras de arrastre,Locomotoras de patio,Maq Contruc,Maq Agricola
22,Mg_per_year,2102007000,2102004000,2103006000,2103007000,2104006000,2104008000,2104011000,2104007000,2801000000,2801500250,2810001000,2222222222,2801500002,2810030000,2302002000,2275000000,2275050000,2280000000,2285000000,2285002010,2260002000,2270005000,
1,1,1001,5.026795201,0.412331621,1.336102715,8.825006666,122.7051404,195.8280121,0.108578591,32.56071977,202.4962078,,1568.67148,,20.40851603,0.402590328,121.6252446,107.85879,117.434,0,14.1277,1.3899,127.0491109,141.448519
1,2,1002,0.011721446,0.000961472,0.015776188,0.104202292,6.636225743,290.383454,0.005872224,1.760971757,96.25530975,,,,0,0,6.577822059,0,0,0,6.9892,0.6876,0,94.2653622
1,3,1003,0.221428762,0.018163079,0.049310913,0.325700357,7.8140972,398.0779074,0.006914492,2.073528691,30.53308496,,765.1782583,,0,0,7.745327377,0,0,0,0,0,1.331913294,16.65699003
1,4,1004,0.039852915,0.003269005,0.003716903,0.024550278,2.270955439,56.13809527,0.002009509,0.602614882,51.77349189,,,,0,0,2.250969355,0,0,0,4.5699,0.4496,2.671139241,29.35357683
1,5,1005,1.500877823,0.123112114,0.088297095,0.583205497,14.77518102,81.45392925,0.013074174,3.920703949,56.07357206,,1248.983265,,0,0,14.64514852,0,0,0,0,0,1.310012898,55.29810069
1,6,1006,0.121689916,0.009981827,0.034360703,0.226953683,6.577773772,43.15167722,0.005820501,1.745461093,63.94247503,,26.88135423,,0,0,6.519884508,0,0,0,2.6583,0.2615,2.114690866,39.68168719
1,7,1007,0.238158462,0.019535362,0.043776857,0.289147721,7.546567023,110.8808985,0.006677761,2.002537573,99.57412333,,33.87467804,,0,0,7.480151663,0,0,0,3.6439,0.3585,3.903132837,56.11347782
1,8,1008,0.017049375,0.001398505,0.008920567,0.058920668,1.249170015,72.75729119,0.001105358,0.331476535,14.16027129,,10.02021986,,0,0,1.238176397,0,0,0,0,0,0,20.82706165
1,9,1009,0.035377454,0.002901897,0.008837969,0.058375106,2.79076047,42.43893832,0.002469471,0.740549005,57.74735634,,9.93957874,,0,0,2.766199718,0,0,0,0,0,0,51.22898051
1,10,1010,0.029410172,0.002412421,0.006277436,0.041462692,2.839898666,0,0.002512953,0.75358819,107.7605302,,6.487673868,,0,0,2.814905462,0,0,0,0,0,0,121.491193
1,11,1011,0.628802274,0.0515786,0.02717469,0.179489812,5.33502705,0,0.004720827,1.415689026,43.80833929,,,,0,0,5.288074874,0,0,0,6.1828,0.6083,0,29.96705105
2,1,2001,2.220574579,0.182146493,20.8316304,4.294661998,614.3136125,338.9489606,0.063252373,18.96822168,249.3737441,,12593.17538,,0,0,70.85269053,0,0,433.2,0,0,22.21248261,381.9423391
2,2,2002,7.763219942,0.636791621,36.05576273,7.433278673,1254.077974,436.3567168,0.129125264,38.72228861,652.3743552,,,445.4850795,13.56311217,11.43830167,144.6407775,0.90441,1.576,0,19.9179,1.9596,240.5294034,867.6209013
2,3,2003,1.210931883,0.099328794,4.993557745,1.029474999,140.7547008,64.66538628,0.01449271,4.346096706,15.9497369,,804.7043629,,0,0,16.2341336,0,0,0,6.6729,0.6565,4.649030974,15.32184124
2,4,2004,18.0140503,1.477633815,64.3287733,13.26206028,2125.365207,245.6981277,0.218836746,65.62511001,43.58708505,,359.3185252,897.6295979,13.56311217,24.91323677,245.1318679,526.86972,459.981,0,11.6838,1.1495,213.4651516,8.391305001
2,5,2005,0.702540822,0.057627133,7.166165539,1.477381185,115.1411073,0,0.011855424,3.555223265,12.93871134,,,,0,3.5522676,13.27995518,0,0,10,0,0,1.919931417,6.021613454
3,1,3001,0.189780859,0.015567105,0,0.563019713,0,164.8290583,0.00891377,2.673075529,175.6762582,,,,0,0,9.984836557,0,0,101.5,0,0,0.697907446,313.6566111
3,2,3002,0.277478584,0.022760664,0,0.506826854,0,49.41570966,0.007934593,2.379438197,19.02786454,,6.134433224,,0,0,8.888002317,0,0,38.6,0,0,38.70758297,30.23476894
3,3,3003,0.441152587,0.036186308,0,3.029504328,0,366.542884,0.032351937,9.701750176,63.20228697,,23.00998474,,21.68020889,6.400096466,36.23930142,197.83062,184.378,5.3,0,0,26.15850958,39.16776885
3,8,3008,0.283339306,0.0232414,0,12.78142039,0,184.8774662,0.027478926,8.240424003,18.69132155,,24.54839846,,0,4.748779031,30.78075645,148.94451,203.33,8.2,0,0,0,20.16039485
3,9,3009,0.023123215,0.001896722,0,0.424447032,0,0,0.001689795,0.506738521,3.76132206,,,,0,0.336789743,1.892838889,0.90441,1.576,0.5,0,0,0,4.006456285
4,1,4001,0.362299226,0.029718224,0,0.343703895,1411.118468,3442.532917,0.00730028,2.189219499,0.221254239,,,,0,0.069458401,8.177471473,0,0,0,6.3862,0.6283,0.062704084,24.20105859
4,2,4002,0.793115629,0.065056689,0,3.022412026,6835.063881,2221.194534,0.035360518,10.60396803,41.18243599,,117.219052,,14.11872837,0.392919359,39.60938869,1.92231,12.03,8.8,14.6592,1.4422,38.67583259,99.30485769
4,3,4003,0.230912477,0.018940998,0,5.119551345,5926.801939,3238.393478,0.030661716,9.19488382,60.9032108,,10.0463556,,0,0.318982006,34.34598503,1.15596,3.447,36.2,0,0,46.00676867,42.51714243
4,4,4004,0.268740779,0.02204393,0,0.626850436,2177.158917,5160.107126,0.011263313,3.377660246,27.15727775,3165.844934,,,0,0.114928267,12.61669756,0,0,0,19.3452,1.9033,6.222242176,346.0482988
4,5,4005,0.078427127,0.006433121,0,0.151120601,776.4227822,1754.215364,0.004016745,1.204547976,54.47712202,,,,0,0.037557681,4.499392004,0,0,0,6.2203,0.612,0.398733661,74.40990886
4,6,4006,0.023975684,0.001966647,0,0.154939533,1023.621206,3257.146092,0.005295602,1.588053416,181.2849484,,1198.865102,,0,0.044682427,5.931913867,0,0,0,0,0,0.998441949,245.2574686
4,7,4007,0.008418129,0.000690512,0,0.078015328,228.7409414,451.229076,0.001183368,0.354870367,11.06271194,,,,0,0.012976991,1.325560231,0,0,0,0,0,0,64.58416124
4,8,4008,0.08045174,0.006599194,0,0.05019168,258.4871517,685.1250731,0.001337257,0.401018855,9.754618216,,,,0,0.012460431,1.497940362,0,0,0,4.2091,0.4141,2.172133772,35.74843954
4,9,4009,0.073951666,0.006066014,0,0.430448211,1320.726245,0,0.006832645,2.048984343,15.73819852,,1206.612783,,0,0.072356176,7.653645978,0,0,0,11.3417,1.1158,14.83514309,100.8890222
4,10,4010,0.005541047,0.000454514,0,0.127661447,672.8191762,530.3853979,0.003480763,1.043816584,1.972249032,,40.1854224,,0,0.030892799,3.899006174,0,0,0,9.1231,0.8976,0,12.1103485
4,11,4011,0.019073989,0.001564577,0,0.162031836,978.3838944,771.2629923,0.005061571,1.51787192,30.55251667,,885.7536854,,0,0.053193065,5.669762366,0,0,0,0,0,0,12.45729362
5,1,5001,0.001172145,9.61E-05,0,0,0.700332672,2.278092915,0.000131296,0.039373225,9.292678031,,,,0,0,0.147072245,0,0,0,3.3117,0.3258,0,0
5,2,5002,1.76439723,0.144727752,0,0.813432551,101.188218,63.58304384,0.018970412,5.688877086,10.28366047,,1737.860814,21.73159075,0,0,21.24987015,0,0,0,2.9041,0.2857,2.17729541,463.9151329
5,3,5003,0.086632138,0.007106152,0,0.10365673,15.00637075,4.367284121,0.002813342,0.843669356,8.628915315,,134.3188,,0,0,3.15138893,0,0,0,0,0,0.091626407,0
5,4,5004,0.261175118,0.021423343,0,0.101474483,15.19358089,356.6247452,0.002848439,0.85419445,53.22680711,,1376.497404,,0,0,3.190703697,0,0,0,0,0,1.167418014,0
5,5,5005,0.002131172,0.000174813,0,0.006546741,1.272574195,22.42740807,0.000238578,0.07154507,5.319817586,,88.5611944,,0,0,0.267244912,0,0,0,0,0,0,0
5,6,5006,0.211625371,0.017358939,0,0.065467409,18.57624834,132.6599508,0.00348261,1.044370537,10.53406227,,160.2061057,,0,0,3.901075372,0,0,0,14.113,1.3885,0.552984067,0
5,7,5007,0.076402513,0.006267049,0,0.092745495,9.327157861,147.1576647,0.001748623,0.524379772,15.95945276,,90.05654214,,0,0,1.958734895,0,0,0,27.4872,2.7043,0.246284926,0
5,8,5008,0,0,0,0,2.02823618,30.60829396,0.000380247,0.114028951,9.071423793,,7.82963972,,0,0,0.425936501,0,0,0,6.1904,0.609,0,0
5,9,5009,0.112525877,0.009230131,0,0.248776152,41.26733009,159.5606528,0.007736654,2.320080077,67.512083,,,,0,0,8.666279766,0,0,0,0,0,0.001704358,0
5,10,5010,1.373753418,0.112684514,0,0.298967832,54.6085159,21.78578595,0.010237813,3.070131495,6.974562746,,,,0,0,11.46797419,0,0,0,2.9296,0.2882,0.360493554,280.5300716
5,11,5011,0.006926309,0.000568143,0,0.046918309,8.577559362,423.7506293,0.001608091,0.482236785,29.71607898,,,,0,0,1.801316659,0,0,0,18.6475,1.8346,0.108424582,0
5,12,5012,0.008844363,0.000725474,0,0.008183426,1.384748693,3.982582636,0.000259608,0.077851604,9.523648124,,7639.45116,,0,0,0.290801938,0,0,0,0,0,0,0
5,13,5013,0.001918055,0.000157332,0,0.013093482,1.189959194,2.999328047,0.000223089,0.066900393,3.982576299,,,,0,0,0.249895481,0,0,0,0,0,2.254726425,0
5,14,5014,0.014705086,0.00120621,0,0.02182247,7.415643793,17.19455358,0.001390259,0.416913025,12.83274585,,586.2923192,,0,0,1.557310435,0,0,0,12.3552,1.2156,0,0
5,15,5015,0.000106559,8.74E-06,0,0.000545562,1.010328411,2.578565625,0.000189413,0.056801417,2.684198427,,,,0,0,0.212172405,0,0,0,0,0,0,0
5,16,5016,0.004155785,0.000340886,0,0.00327337,1.274090067,5.479839314,0.000238862,0.071630294,3.540067821,,,,0,0,0.26756325,0,0,0,0,0,0,0
5,17,5017,0.424742563,0.034840248,0,0.25750514,78.25156501,123.7439397,0.014670328,4.39936135,95.6401263,,,,0,0,16.43309497,0,0,0,0,0,1.322809461,0
5,18,5018,1.601575696,0.131372033,0,1.636685213,153.8958309,62.09830695,0.02885185,8.652138399,10.51463057,,13.06283972,,0,0,32.31864825,0,0,0,1.5794,0.1554,35.59631103,0
5,19,5019,0.015770672,0.001293617,0,0.02836921,5.457895641,6.625228833,0.001023227,0.306846964,4.203830538,,374.6130898,,0,0,1.14617666,0,0,0,0,0,0.438762914,0
5,20,5020,0.076935306,0.006310752,0,0.261869634,47.25274904,16.65789383,0.008858779,2.656584795,16.92168023,,2465.679418,,0,0,9.923238117,0,0,0,12.7374,1.2532,26.57073666,0
5,21,5021,0.002344289,0.000192294,0,0.005455617,4.396027596,31.92633237,0.000824152,0.24714795,8.628915315,,642.4076177,,0,0,0.923180756,0,0,0,3.057,0.3008,0,0
5,22,5022,0.059246579,0.004859804,0,0.051828365,20.55142901,9.009909935,0.00385291,1.155416668,15.0550041,,359.1097846,,0,0,4.315870036,0,0,0,11.5146,1.1329,35.50079889,0
5,23,5023,0.061377751,0.005034617,0,0.026186963,7.417159664,119.3751061,0.001390543,0.416998249,10.06240624,,3832.195371,,0,0,1.557628773,0,0,0,16.2019,1.594,0.144981649,0
5,24,5024,0.37338132,0.030627252,0,0.237319356,34.73922911,702.525094,0.006512789,1.953065371,37.4123284,,4.162367664,,0,0,7.295356343,0,0,0,54.6178,5.3735,0,0
5,25,5025,1.402630797,0.115053231,0,1.385726813,115.2267047,28.98265604,0.021602298,6.478131282,10.8414577,,,17.4677676,0,1.491952392,24.19800015,0,0,0,2.8277,0.2782,1.899798388,0
5,26,5026,0,0,0,0.001091123,2.477692105,11.43064789,0.000464509,0.139297698,3.203524831,,,,0,0,0.520323775,0,0,0,4.025,0.396,2.74816891,0
5,27,5027,3.298521334,0.270566951,0,0.337157154,50.33527391,340.7787496,0.00943668,2.829886642,25.91589351,,86.52860955,,0,0.5920446,10.57057883,0,0,0,46.7206,4.5966,2.700300821,0
5,28,5028,0.521710885,0.042794243,0,0.410262427,40.02355745,15.17799202,0.007503476,2.250154252,6.858881404,,3.4888,,0,0.970953144,8.40508328,0,0,0,11.6929,1.1504,9.180175499,146.2627633
5,29,5029,0.003622992,0.000297182,0,0.004910056,1.599244522,8.834150544,0.000299821,0.08991072,0.452224331,,,,0,0,0.335846792,0,0,0,0,0,0,0
5,30,5030,4.115612647,0.337590287,0,5.058993992,522.9832761,858.2341407,0.098047067,29.40250986,30.94813996,,562.024249,,71.2783556,0,109.8282679,0,0,0,56.5284,5.5615,52.56334969,786.1680322
5,31,5031,0.02045925,0.001678206,0,0.046918309,14.68424804,22.1291953,0.002752951,0.825559377,18.60478777,,576.0573487,,0,0,3.083742065,0,0,0,0,0,0.005200477,0
5,32,5032,0.114976725,0.009431166,0,0.283146542,30.39853082,10.89525729,0.00569901,1.709028076,7.205532838,,1741.603079,,0,0,6.383794931,0,0,0,0,0,4.104965277,0
5,33,5033,0.576908238,0.047321902,0,0.299513394,72.74364561,662.6838076,0.013637723,4.089702013,76.43867789,,4302.868052,,0,0.520999248,15.27641315,0,0,0,11.8457,1.1654,2.369257276,0
5,34,5034,0.002131172,0.000174813,0,0.016912414,3.828333687,53.03746683,0.000717723,0.215231775,5.098563347,,172.8271776,,0,0,0.803963104,0,0,0,28.2515,2.7795,12.23800006,0
5,35,5035,4.769669309,0.391240423,0,5.773134306,456.9541837,274.9021673,0.085668165,25.69030503,27.8974658,,,,0,7.009808064,95.96193376,214.34751,216.725,0,5.1204,0.5038,48.15804913,0
5,36,5036,0.012573914,0.001031397,0,0.006001179,14.87070025,245.8198357,0.002787907,0.836041859,19.10559137,,,,0,0,3.122897662,0,0,0,11.3872,1.1203,0,0
5,37,5037,0.017049375,0.001398505,0,0.023459155,4.62037659,11.10734775,0.000866212,0.259761018,8.850169554,,,,0,0,0.970294809,0,0,0,5.9356,0.584,0,0
5,38,5038,0.164739589,0.013513051,0,0.046918309,9.332463411,11.60227508,0.001749617,0.524678054,21.5579108,,2518.773979,,0,0,1.959849078,0,0,0,8.3812,0.8246,0.069376108,0
6,1,6001,0.070328673,0.005768832,0,0.425538155,0,688.3184515,0.003399768,1.019527907,48.89718678,8.259607896,11.92855608,,0,0,3.808279789,0,0,0,6.514,0.6409,0.230897278,47.42273674
6,2,6002,0.550694823,0.045171701,0,2.837466597,0,491.2436017,0.019180286,5.75181459,35.40067821,488.6384031,2.98213902,,7.113578701,1.511787637,21.48496291,0.28899,1.891,0,4.1986,0.4131,12.98809557,44.86260596
6,3,6003,0.03793486,0.003111673,0,0.335520469,0,634.0563898,0.002800695,0.839876914,14.824034,191.9532875,,,0,0.165772488,3.137222881,0,0,0,0,0,0.041727019,24.58529783
6,4,6004,0.026852766,0.002202645,0,0.122205829,0,457.3409381,0.00241377,0.723845212,23.8954578,67.56359259,29.49617174,,0,0,2.703805433,0,0,0,6.7301,0.6621,1.943925681,31.63571036
6,5,6005,0.052639946,0.004317883,0,0.145664984,0,253.5642104,0.003597565,1.078843415,32.37061353,1820.747965,11.19747804,,0,0,4.029843171,0,0,0,7.9958,0.7867,5.858900691,27.95770048
6,6,6006,0.001598379,0.00013111,0,0.00927455,0,211.2109625,0.000650227,0.19499121,9.754618216,,0.42601986,,0,0,0.728357783,0,0,0,0,0,0,20.15935445
6,7,6007,0.238584696,0.019570325,0,3.785107335,0,1211.691197,0.021182407,6.352213663,44.91461049,,81.41011382,,0,1.592522071,23.72765547,40.43637,48.567,47.9,8.0575,0.7927,6.789306869,66.96283443
6,8,6008,0.008205012,0.00067303,0,0.052919489,0,328.2359027,0.001024222,0.307145246,3.097559344,,336.9079101,,0,0,1.147290843,0,0,0,0,0,9.606679538,21.53458701
6,9,6009,0.231764946,0.019010923,0,1.255337558,0,1699.612094,0.014126957,4.23641415,90.06019106,69.05032201,9.79845678,,0,1.040286541,15.82443235,0,0,0,7.471,0.735,1.53687056,127.6875282
6,10,6010,0.143640987,0.011782402,0,0.873989903,0,280.2899332,0.01591835,4.773620048,13.81401244,227.3044093,2.98213902,,0,1.160123366,17.83107714,0,0,0,0,0,5.107596794,19.07364454
7,1,7001,0.012467356,0.001022657,0,0.046372748,27.82225835,1091.789809,0.00209164,0.627244453,0.885016955,,4.2601986,,0,0,2.342969092,0,0,0,0,0,0,5.922694858
7,2,7002,0.02653309,0.002176423,0,0.114022403,50.38437098,1680.341812,0.00378783,1.135900502,7.753614213,,243.8127944,,0,0,4.24297059,0,0,0,0,0,0,11.69949728
7,3,7003,0.024082243,0.001975388,0,0.136390434,44.37952623,1297.258562,0.003336394,1.000523081,5.088847493,233.6973458,8.724358,,0,0,3.737290373,0,0,0,4.8148,0.4737,0.093891407,21.87030054
7,4,7004,0.016410024,0.001346061,0,0.078015328,48.24288873,1846.614538,0.003626836,1.087621428,0.009715854,,134.410057,,0,0,4.062632005,0,0,0,0,0,0,5.174058902
7,5,7005,0.003409875,0.000279701,0,0.022913593,38.59015277,2156.013971,0.002901156,0.870003397,0,,,,0,0,3.249755432,0,0,0,0,0,0,5.38182255
7,6,7006,0.004688578,0.000384589,0,0.016366852,47.59836495,1873.55414,0.003578382,1.073090833,0,,76.51167664,,0,0,4.008355343,0,0,0,0,0,0,6.549992265
7,7,7007,0.094304357,0.007735479,0,0.010911235,17.50420751,816.630093,0.001315943,0.394627098,0,,17.2396896,,0,0,1.474064997,0,0,0,0,0,0,1.739949011
7,8,7008,0.022483864,0.001844278,0,0.145664984,58.6989168,2199.617799,0.004412907,1.323349439,0.663762717,,33.83435748,,0,0,4.943155443,0,0,0,0,0,0,8.815932441
7,9,7009,0.067451591,0.005532834,0,0.299513394,72.44749745,1040.78312,0.005446507,1.633307058,7.74389836,,144.7098668,,0,0,6.100951447,0,0,0,6.3363,0.6234,2.706579905,1.743955473
7,10,7010,0,0,0,0.005455617,12.31588556,553.0475823,0.000925892,0.277657939,0,,,,0,0,1.037145829,0,0,0,0,0,0,1.266328022
7,11,7011,0.000532793,4.37E-05,0,0.020731346,32.16381592,1845.116992,0.002418033,0.725123564,0,,,,0,0,2.708580506,0,0,0,0,0,0,5.052296812
7,12,7012,0.156001784,0.012796318,0,0.174034194,69.28158151,1527.699194,0.005208497,1.561932434,1.99128815,,3.4888,,0,0,5.834343211,0,0,0,0,0,0.212476254,2.164633934
7,13,7013,0.018114961,0.001485911,0,0.137481558,54.32900774,1769.277371,0.004084383,1.224831152,0,,,,0,0,4.575156494,0,0,0,0,0,0,3.933200528
7,14,7014,0.005647606,0.000463255,0,0.018549099,28.69737422,1138.220639,0.002157431,0.646973677,0.096249634,,15.50483664,,0,0,2.416664384,0,0,0,0,0,0,5.140290155
7,15,7015,0.022696981,0.001861759,0,0.114567965,76.98373523,2356.513801,0.005787535,1.735575175,0.221254239,,,,0,0,6.482957277,0,0,0,0,0,0,5.220705561
7,16,7016,0.005221371,0.000428292,0,0.036007075,30.17921189,1381.301372,0.002268833,0.680381262,4.002008007,,,,0,0,2.541452955,0,0,0,0,0,0,6.930199741
7,17,7017,0.1183866,0.009710867,0,0.425538155,148.7621376,3375.674151,0.01118374,3.353797685,33.65007601,,4524.613096,,0,0,12.52756286,0,0,0,0,0,0.257497183,10.28315589
7,18,7018,0.015770672,0.001293617,0,0.031097019,15.10000149,577.2211265,0.001135198,0.340424996,0.096249634,,,,0,0,1.271601907,0,0,0,0,0,0,2.512623737
7,19,7019,0.368905859,0.030260145,0,1.373178893,240.6322931,4213.260864,0.018090416,5.424982732,7.551791682,,35.30122956,,0,0.71045352,20.26413594,6.1308,5.177,0,0,0,19.73243609,9.317884837
7,20,7020,0.01140177,0.00093525,0,0.074196396,76.75314314,3101.408869,0.005770199,1.730376546,30.31183072,,2769.112378,,0,0,6.463538648,0,0,0,0,0,0,17.8317587
7,21,7021,0.013532942,0.001110063,0,0.099292236,38.35011018,1232.493666,0.00288311,0.864591709,0,,,,0,0,3.229540957,0,0,0,0,0,0,3.351691253
7,22,7022,0.001278703,0.000104888,0,0.01254792,26.80538505,1163.269641,0.002015193,0.60431935,0,,,,0,0,2.257336119,0,0,0,0,0,0,4.799168572
7,23,7023,0.008098453,0.00066429,0,0.043644939,134.1762431,6958.378769,0.010087192,3.024963076,0,,0.42601986,,0,0,11.29925495,0,0,0,0,0,0,5.179782418
7,24,7024,0.001172145,9.61E-05,0,0.00327337,18.86696894,913.8437894,0.001418394,0.425350145,0,,,,0,0,1.588825916,0,0,0,0,0,0,1.640932176
7,25,7025,0.001704938,0.00013985,0,0.008183426,13.71455887,651.1730282,0.001031042,0.309190608,0,,,,0,0,1.15493096,0,0,0,0,0,0,1.285501802
7,26,7026,0.002557406,0.000209776,0,0.022913593,61.60588917,2652.058575,0.004631449,1.388886257,0.096249634,,,,0,0,5.187957513,0,0,0,0,0,0,6.464425693
7,27,7027,0.111353733,0.009133984,0,0.334429345,151.9375041,3313.351765,0.01142246,3.425385367,12.61149161,,52.03101492,,0,0.047363568,12.79496695,0,0,0,0,0,20.90462643,12.20911919
7,28,7028,0.00607384,0.000498217,0,0.014184605,9.132958719,332.321584,0.000686604,0.20589981,0,,,,0,0,0.769105072,0,0,0,0,0,0,2.429632748
7,29,7029,0.005434488,0.000445773,0,0.034915951,10.31994094,279.5793125,0.000775839,0.232659967,0,,,,0,0,0.869063264,0,0,0,0,0,0,0.864250989
7,30,7030,0.010336184,0.000847843,0,0.075833082,56.90143258,2238.272908,0.004277774,1.282825697,6.858881404,,790.3083149,,0,0,4.791785633,0,0,0,0,0,0,9.592613628
7,31,7031,0.007139426,0.000585624,0,0.08783544,199.7475601,10233.77006,0.015016756,4.503248713,0.221254239,,24.9913958,,0,0,16.82114923,0,0,0,0,0,0,21.29219676
7,32,7032,0.027705235,0.00227257,0,0.164759645,50.61118287,1492.55208,0.003804882,1.141013908,1.770033911,,4.2601986,,0,0,4.262070882,0,0,0,0,0,0,13.58991754
7,33,7033,0.001278703,0.000104888,0,0.002727809,13.34409945,742.9411661,0.001003192,0.300838712,0,,,,0,0,1.123733817,0,0,0,0,0,0,0.935794945
7,34,7034,0.04475461,0.003671075,0,0.313697999,112.2567641,3837.941069,0.008439315,2.530795011,19.69162726,,46.61495328,,0,0,9.453370946,0,0,0,0,0,0.058400455,16.76074567
7,35,7035,0.004049227,0.000332145,0,0.043644939,19.91597393,633.3533173,0.001497256,0.448999647,11.72647466,,,,0,0,1.677164764,0,0,0,0,0,0,4.959427034
7,36,7036,0.001598379,0.00013111,0,0.019640223,13.13240836,557.9217312,0.000987277,0.2960662,0,,,,0,0,1.105906879,0,0,0,0,0,0,1.455776418
7,37,7037,0.019180547,0.001573318,0,0.123296953,56.20209592,2103.815445,0.004225199,1.267059362,4.300080172,356.9637341,,,0,0,4.732893068,0,0,0,3.12,0.307,0,15.22971074
7,38,7038,0.000532793,4.37E-05,0,0.007637864,36.01772793,1699.623124,0.002707765,0.812008852,0,,20.9328,,0,0,3.033126292,0,0,0,0,0,0,2.599621187
7,39,7039,0.002237731,0.000183554,0,0.019640223,38.35956068,2080.407437,0.002883821,0.864804767,0,,,,0,0,3.230336802,0,0,0,0,0,0,9.916564661
7,40,7040,0.12904246,0.010584932,0,0.476275397,89.63794852,2031.874498,0.006738862,2.020860611,9.966156602,2543.562771,,,0,0,7.548594375,0,0,0,1.8874,0.1857,0.386363139,9.847338729
7,41,7041,0.014705086,0.00120621,0,0.051282803,73.82915988,3363.184128,0.005550378,1.664456222,6.522338414,,32.5940259,,0,0,6.217304056,0,0,0,0,0,0,15.78374141
7,42,7042,0.00149182,0.000122369,0,0.018549099,16.61208075,717.4442528,0.001248874,0.374514368,0,,,,0,0,1.398937184,0,0,0,0,0,0,1.690726769
7,43,7043,0.005860723,0.000480736,0,0.039280445,18.86885904,724.9661316,0.001418536,0.425392756,0.221254239,,,,0,0,1.588985085,0,0,0,0,0,0,0.684532572
7,44,7044,0.007991895,0.000655549,0,0.024550278,44.39275692,1611.310085,0.003337389,1.000821363,0.009715854,,990.5348075,,0,0,3.738404556,0,0,0,0,0,0,5.640983377
7,45,7045,0.001278703,0.000104888,0,0.007637864,9.47695675,497.6730057,0.000712465,0.213655142,0.221254239,,,,0,0,0.798073847,0,0,0,0,0,0,0.47905833
7,46,7046,0.01214768,0.000996435,0,0.063830723,68.4782894,1825.333951,0.005148107,1.543822455,57.36314298,,882.5702035,,0,0,5.766696346,0,0,0,0,0,0,14.03520712
7,47,7047,0.016942817,0.001389764,0,0.035461513,30.7670327,1175.549829,0.002313025,0.693633506,0,,35.09491076,,0,0,2.590954544,0,0,0,0,0,0,2.443369187
7,48,7048,0.013106707,0.0010751,0,0.088381001,37.907827,1164.795438,0.00284986,0.854620567,5.531355971,,,,0,0,3.192295388,0,0,0,4.7185,0.4642,0,3.467878638
7,49,7049,0.010975535,0.000900287,0,0.04091713,32.33014464,1474.861254,0.002430537,0.728873395,0,,,,0,0,2.722587386,0,0,0,0,0,0,3.838190154
7,50,7050,0.002131172,0.000174813,0,0.006546741,9.979723103,433.2242514,0.000750262,0.224989858,5.75261021,,,,0,0,0.840412827,0,0,0,0,0,0,3.096697147
7,51,7051,0.078427127,0.006433121,0,0.28260098,69.79001816,1915.412419,0.005246721,1.573394986,9.956440748,,,,0,0,5.877159698,0,0,0,4.5259,0.4453,0,44.93003367
7,52,7052,0.047205458,0.00387211,0,0.126570323,192.5103707,9348.100128,0.014472674,4.340088454,2.318507876,,4.2601986,,0,0,16.21169076,0,0,0,0,0,0.158160075,26.82612176
7,53,7053,0.001385262,0.000113629,0,0.004364494,12.59184002,485.0625962,0.000946638,0.283879249,0,,0.42601986,,0,0,1.060384517,0,0,0,0,0,0,0.830997358
7,54,7054,0.018541196,0.001520874,0,0.124388076,45.28299358,1499.55623,0.003404315,1.020891482,42.25955962,268.850237,,,0,0,3.8133732,0,0,0,0,0,0,12.61369167
7,55,7055,0.003622992,0.000297182,0,0.039280445,9.02900327,331.9416916,0.000678788,0.203556165,2.876305105,,,,0,0,0.760350771,0,0,0,0,0,0,1.755974857
7,56,7056,0.000639352,5.24E-05,0,0.000545562,19.11268182,918.730907,0.001436866,0.430889668,0,,,,0,0,1.609517898,0,0,0,0,0,0,1.190491429
7,57,7057,0.070754908,0.005803794,0,0.34861395,109.3063195,3792.708717,0.008217504,2.464278123,0,,2.1300993,,0,0,9.204907987,0,0,0,0,0,0.411666873,15.35934266
7,58,7058,0,0,0,0,7.932745808,0,0.000596373,0.17884137,0,,,,0,0,0.668032696,0,0,0,0,0,0,2.482861451
7,59,7059,0.063615482,0.005218171,0,0.519920336,335.3772893,17397.05661,0.025213219,7.560980198,5.878007405,,173.8820092,,0,0,28.24280521,0,0,0,0,0,0.061029414,38.48572613
7,60,7060,0.005114813,0.000419551,0,0.014730167,21.58871161,894.1051143,0.001623011,0.486711015,0,,,,0,0,1.818029414,0,0,0,0,0,0,1.751396044
7,61,7061,0.226969809,0.018617593,0,0.312061314,144.6795236,4665.108053,0.010876815,3.26175638,26.33897028,,44.99465488,,0,0.5920446,12.18375762,0,0,0,0,0,0.267167998,23.84531438
7,62,7062,0.003622992,0.000297182,0,0.035461513,29.99209208,1379.036126,0.002254766,0.676162703,0.442508478,,,,0,0,2.525695214,0,0,0,0,0,0,4.375056001
7,63,7063,0.002344289,0.000192294,0,0.04091713,6.84782894,164.9986,0.000514811,0.154382245,0,,,,0,0,0.576669635,0,0,0,0,0,0,1.974613187
7,64,7064,0.007352543,0.000603105,0,0.02836921,82.7447572,3696.730394,0.006220641,1.865455684,0,,,,0,0,6.968104682,0,0,0,0,0,0,5.776172836
7,65,7065,0.080132064,0.006572972,0,1.010380338,198.2827333,7528.30832,0.014906633,4.470224633,17.94102505,,,,0,0,16.69779318,0,0,0,14.5215,1.4287,1.937377699,26.30732506
7,66,7066,0.006180399,0.000506958,0,0.051282803,38.7300201,1533.516814,0.002911672,0.873156664,0,,,,0,0,3.261533945,0,0,0,0,0,0,3.129618814
7,67,7067,0.002877082,0.000235998,0,0.012002358,19.99724819,781.2684382,0.001503367,0.450831951,0,,1.7444,,0,0,1.684009035,0,0,0,0,0,0,0.921486154
7,68,7068,0.021098602,0.00173065,0,0.172943071,55.54245135,1690.035507,0.004175608,1.252187874,0.452224331,,,,0,0,4.677343053,0,0,0,6.8755,0.6764,17.00965248,3.873675957
7,69,7069,0.042729997,0.003505002,0,0.259687387,86.67805337,2486.274612,0.006516341,1.954130664,17.96045676,,59.59715188,,0,0,7.29933557,0,0,0,12.5763,1.2373,0.049292989,4.663521231
7,70,7070,0.002237731,0.000183554,0,0.030551457,25.15532856,1085.706857,0.001891144,0.567119322,0,,,,0,0,2.118381498,0,0,0,0,0,0,1.668691231
7,71,7071,0.014705086,0.00120621,0,0.086744316,49.90995611,2121.829481,0.003752164,1.125204961,11.9477289,502.1841601,3.46863972,,0,0,4.203019147,0,0,0,3.5437,0.3486,0.089901022,8.644141094
7,72,7072,0.015557555,0.001276136,0,0.044190501,57.09044249,2255.233757,0.004291984,1.287086869,0.221254239,,1.27805958,,0,0,4.807702543,0,0,0,0,0,0,5.458517671
7,73,7073,0.010762418,0.000882806,0,0.037098198,16.31911539,559.2074062,0.001226849,0.367909552,0,,1.72423972,,0,0,1.374265974,0,0,0,0,0,0,0.706854286
7,74,7074,0.21173193,0.01736768,0,0.274417554,65.59777841,611.3836203,0.004931554,1.4788822,8.186406837,,,,0,0,5.524122644,0,0,0,0,0,0.861171984,2.259071956
7,75,7075,0.028131469,0.002307533,0,0.105293415,50.16322939,1936.262986,0.003771205,1.130914931,1.770033911,469.1457285,,,0,0,4.224347806,0,0,0,0,0,0.028167422,3.793546726
7,76,7076,0.002877082,0.000235998,0,0.011456796,46.93305007,2696.586871,0.003528364,1.058091509,0,,,,0,0,3.952327821,0,0,0,0,0,0,8.015784836
7,77,7077,0.008844363,0.000725474,0,0.082379822,106.9796075,5720.271673,0.008042585,2.411823101,0.221254239,,,,0,0,9.00897083,0,0,0,3.9481,0.3884,0,17.23289572
7,78,7078,0.316372471,0.025951002,0,2.583234827,342.0531193,2319.880313,0.0257151,7.711484777,0.67347857,,30.1206713,,0,0.23681784,28.80499046,5.46975,0.318,0,0,0,16.64607591,4.598845495
7,79,7079,0.022057629,0.001809315,0,0.112385718,59.00511285,1671.496073,0.004435926,1.330252537,0.019431707,,,,0,0,4.968940837,0,0,0,0,0,0,3.877682418
7,80,7080,0.005221371,0.000428292,0,0.076378643,71.95607169,2972.433339,0.005409562,1.622228012,0,,89.80041396,,0,0,6.059567482,0,0,0,0,0,0,10.52167772
7,81,7081,0.01438541,0.001179988,0,0.07528752,61.76843769,2315.951091,0.004643669,1.392550865,0,,,,0,0,5.201646055,0,0,0,0,0,0,13.91901974
7,82,7082,0.000319676,2.62E-05,0,0.007637864,21.75882052,793.8933471,0.001635799,0.49054607,0,,0.85203972,,0,0,1.832354632,0,0,0,0,0,0,2.494880836
7,83,7083,0.007032867,0.000576883,0,0.019094661,30.51186933,1361.098693,0.002293842,0.687880924,4.963842889,1372.086064,,,0,0,2.569466716,0,0,0,0,0,0,7.726174902
7,84,7084,0.003622992,0.000297182,0,0.013639043,15.25687971,697.9353223,0.001146992,0.343961768,0,,,,0,0,1.284812942,0,0,0,0,0,0,1.054271736
7,85,7085,0.006606633,0.000541921,0,0.019640223,18.02776495,623.209705,0.001355303,0.406430543,0,,29.8213902,,0,0,1.518154837,0,0,0,0,0,0,2.329471209
7,86,7086,0.022910098,0.001879241,0,0.05019168,37.41829134,1042.202198,0.002813057,0.843584133,3.540067821,,295.364923,,0,0,3.151070592,0,0,0,0,0,1.119910868,4.570227913
7,87,7087,0.019926457,0.001634502,0,0.214405763,63.97040311,1188.900627,0.00480921,1.442193513,9.523648124,,,8.664901245,0,0,5.387078052,0,0,0,2.7541,0.271,0,7.522228839
7,88,7088,0.001065586,8.74E-05,0,0.002182247,4.099624889,209.7209467,0.000308204,0.092424811,0,,,,0,0,0.345237769,0,0,0,0,0,0,0.51053767
7,89,7089,0.351217132,0.028809196,0,3.231907733,538.8955971,7034.215861,0.040513456,12.14923928,75.98645356,173.6665156,5.11223832,,0,0,45.38149679,68.14197,38.522,0.2,10.0918,0.9929,26.20382465,35.87537335
7,90,7090,0.001704938,0.00013985,0,0.010911235,7.715384414,313.6469601,0.000580032,0.173941023,0,,,,0,0,0.64972825,0,0,0,0,0,0,0.647902066
7,91,7091,0.015344438,0.001258654,0,0.075833082,18.50406992,462.3721032,0.001391111,0.417168695,0,,,,0,0,1.558265449,0,0,0,0,0,0,1.362196923
7,92,7092,0.020352692,0.001669465,0,0.180035373,70.47423402,3180.887378,0.005298159,1.588820427,0,,,,0,0,5.934778911,0,0,0,0,0,0.046945703,5.082482638
7,93,7093,0.006180399,0.000506958,0,0.01582129,76.15587183,3459.854123,0.005725297,1.716911244,0,,,,0,0,6.413241213,0,0,0,0,0,0,6.076657451
7,94,7094,0.038787329,0.003181598,0,0.106384539,67.43117452,2656.82968,0.005069386,1.520215564,0.442508478,,38.3768,,0,0,5.678516667,0,0,0,0,0,0,4.060262594
7,96,7096,0.027492118,0.002255089,0,0.109657909,124.9242081,7100.461639,0.009391636,2.816378729,0,,,,0,0,10.52012223,0,0,0,0,0,0,15.82666778
7,97,7097,0.094304357,0.007735479,0,0.683043295,148.1988881,3239.654197,0.011141396,3.341099394,17.28697819,,217.2998332,,0,0,12.48013047,0,0,0,14.2133,1.3984,0,2.481144396
7,98,7098,0.003196758,0.00026222,0,0.001091123,11.4067479,460.1828362,0.000857544,0.257161703,0.442508478,,,,0,0,0.960585494,0,0,0,0,0,1.454234996,3.963535165
7,99,7099,0.020139575,0.001651984,0,0.066558532,111.9014255,5058.456167,0.008412601,2.522784008,30.99502515,,,,0,0,9.423447156,0,0,0,0,0,0,22.03668317
7,100,7100,0.002557406,0.000209776,0,0.019640223,58.98810196,3209.821068,0.004434647,1.329869031,0,,,,0,0,4.967508315,0,0,0,0,0,0,6.729710682
7,101,7101,1.10192244,0.090387105,0,6.740960829,1005.479784,1578.450148,0.075590636,22.66823955,2.231974096,,109.0504682,,398.4870813,2.344496616,84.6735023,114.61554,111.485,0,0,0,0,2.585884748
7,102,7102,0.015877231,0.001302357,0,0.07856089,64.90222196,2810.400383,0.004879263,1.463201089,6.416372926,,,,0,0,5.465548416,0,0,0,0,0,109.0262092,6.968306914
7,103,7103,0.020885485,0.001713168,0,0.018003537,47.43959662,2168.209884,0.003566446,1.069511449,0.442508478,121.6144667,23.03336844,,0,0,3.994985139,0,0,0,1.5022,0.1478,6.326671838,6.227414876
7,104,7104,0.010549301,0.000865325,0,0.015275729,24.59774933,978.7098044,0.001849226,0.554548866,3.068804373,619.1402079,24.70915188,,0,0,2.071426614,0,0,0,0,0,3.298264939,4.128944792
7,105,7105,0.00532793,0.000437033,0,0.037098198,24.69414438,979.7936306,0.001856473,0.556722064,0,,0.42601986,,0,0,2.079544238,0,0,0,0,0,0,2.614107407
7,106,7106,0.140017995,0.01148522,0,0.291329968,110.4441591,3813.763976,0.008303045,2.489930376,7.282350765,2537.68193,39.22883972,,0,0,9.300727783,0,0,0,0,0,0,24.65382976
7,107,7107,0.079066478,0.006485565,0,0.222043627,127.3983478,3524.082774,0.009577639,2.872157464,40.26827147,,2748.51062,,0,0,10.72847457,0,0,0,0,0,0.380870492,27.4814644
7,108,7108,0.201821981,0.016554799,0,0.512828033,181.6196199,3890.598501,0.013653922,4.094559749,69.71451694,,117.8181555,,0,0.047363568,15.29455843,0,0,0,0,0,0.679142735,23.5502671
7,109,7109,0.032074137,0.002630937,0,0.192037732,64.75857443,1611.358012,0.004868464,1.459962599,0,,,,0,0,5.453451565,0,0,0,0,0,0.460302622,3.681938154
7,110,7110,0.003409875,0.000279701,0,0.02509584,11.52015385,477.3293648,0.00086607,0.259718406,0,,,,0,0,0.97013564,0,0,0,0,0,1.047687263,2.542099847
7,111,7111,0.028024911,0.002298792,0,0.016366852,60.3319624,2949.708593,0.004535677,1.360165961,0,,166.4336952,,0,0,5.080677542,0,0,0,0,0,0,5.742404089
7,112,7112,0.002557406,0.000209776,0,0.00927455,51.51654032,2267.833968,0.003872945,1.161424919,0,,,,0,0,4.338312879,0,0,0,0,0,0,5.068746199
7,113,7113,0.000319676,2.62E-05,0,0.002727809,10.23677658,175.9001867,0.000769587,0.230785051,0,,,,0,0.35522676,0.862059824,0,0,0,0,0,0,0
7,114,7114,0.010975535,0.000900287,0,0.079652014,30.87098815,353.6407864,0.00232084,0.69597715,1.548779672,,,,0,0,2.599708844,0,0,0,0,0,0,6.77090283
7,115,7115,0.002770523,0.000227257,0,0.036552636,21.70589775,248.6506331,0.001631821,0.489352942,0.221254239,,,,0,0,1.827897898,0,0,0,0,0,0,0
7,116,7116,0.006500074,0.00053318,0,0.02182247,17.16587978,196.6427247,0.001290508,0.386999601,1.548779672,,,,0,0,1.445573729,0,0,0,0,0,0,6.445251913
7,117,7117,0.00149182,0.000122369,0,0.017457976,13.80717373,237.250898,0.001038005,0.311278582,0,,12.5830098,,0,0,1.162730246,0,0,0,0,0,0,0
7,118,7118,0,0,0,0.001091123,6.25622793,107.5017758,0.000470335,0.141044779,0,,,,0,0,0.526849708,0,0,0,0,0,0,0
7,119,7119,0.000959027,7.87E-05,0,0.001636685,5.987833862,102.8899172,0.000450157,0.134993915,0,,,,0,0,0.504247696,0,0,0,0,0,0,0
8,1,8001,0.035057778,0.002875675,0,0.112385718,12.7813243,21.02949486,0.001651856,0.495361193,85.20270625,,,,0,0,1.85034074,0,0,0,42.6916,4.2002,0,137.9948963
8,2,8002,0.121689916,0.009981827,0,0.156030657,22.00586717,47.08655603,0.002844034,0.852873487,87.44400361,,,,0,0,3.185769455,0,0,0,41.921,4.1244,0.034194984,88.04826761
8,3,8003,0,0,0,0.027823649,8.813341554,35.95994517,0.001139035,0.341575512,46.01155842,,,,0,0,1.275899473,0,0,0,10.2234,1.0058,0,61.37022481
8,4,8004,0.031541344,0.002587234,0,0.012002358,7.232305482,2.109321086,0.000934702,0.280299865,1.760710647,,,,0,0,1.047014313,0,0,0,0,0,0,0
8,5,8005,0.087378049,0.007167336,0,0.108021224,24.6193044,32.95251763,0.003181794,0.954161535,134.1957501,,,,0,0.23681784,3.564114396,0,0,0,26.4061,2.598,25.57135265,260.3829077
8,6,8006,0.001598379,0.00013111,0,0.003818932,6.196605913,104.57531,0.000800848,0.240159629,114.1671872,,,,0,0,0.897077025,0,0,0,0,0,0,209.8003578
8,7,8007,0.004368902,0.000358367,0,0.023459155,17.40349095,1635.902171,0.002249224,0.674500846,23.48209688,,879.0445639,,0,0,2.51948762,0,0,0,0,0,0,80.53213896
8,8,8008,0.015557555,0.001276136,0,0.017457976,14.82523672,1511.171896,0.001916011,0.574576373,0.327219727,,42.601986,,0,0,2.14623609,0,0,0,0,0,0,0.827463705
8,9,8009,0.042090645,0.003452558,0,0.208950145,34.02745855,3219.757881,0.004397702,1.318789985,7.965152598,,1578.665092,,0,0,4.92612435,0,0,0,16.3369,1.6073,0,14.9326552
8,10,8010,0.178911882,0.014675558,0,0.129298132,22.77989317,77.11877747,0.002944069,0.882872135,210.730285,,,,0,0.071045352,3.297824499,0,0,0,0,0,0.023203739,204.621048
8,11,8011,0.301667385,0.024744792,0,0.337702716,52.35340379,74.37389818,0.006766144,2.02904206,74.02470556,,,,0,0.449953896,7.579154841,0,0,0,21.8339,2.1481,7.757923005,86.08687216
8,12,8012,0.002237731,0.000183554,0,0.011456796,9.261924807,831.0113561,0.001197009,0.358961092,52.97601272,,,,0,0,1.340840464,0,0,0,0,0,0,93.78688164
8,13,8013,0.007778777,0.000638068,0,0.016912414,8.857320304,291.0024578,0.001144718,0.343279981,61.29714001,,807.7749968,,0,0.023681784,1.282266237,0,0,0,13.2801,1.3066,0,83.79602357
8,14,8014,0.001598379,0.00013111,0,0.003818932,2.163754513,27.94315221,0.000279643,0.083859856,24.33796627,,,,0,0,0.313244781,0,0,0,0,0,0,17.16987189
8,15,8015,0.00074591,6.12E-05,0,0.014730167,1.530460509,17.99520895,0.000197796,0.059315508,22.44332035,,,,0,0,0.221563382,0,0,0,0,0,0,1.011344529
8,16,8016,0.002024613,0.000166072,0,0.008183426,3.648037335,22.5244089,0.000471472,0.141385672,28.19553797,,,,0,0,0.52812306,0,0,0,5.3172,0.5231,0,18.33445043
8,17,8017,0.659278033,0.054078428,0,0.984738936,150.9416677,439.5220949,0.019507673,5.849991983,879.7068536,,,,0,0,21.8516885,0,0,0,14.0764,1.3849,2.136710508,846.510694
8,18,8018,0,0,0,0.001091123,5.061954156,71.68097634,0.000654206,0.196184338,263.7350527,,,,0,0,0.732814518,0,0,0,0,0,0.030531235,351.4728706
8,19,8019,7.297132644,0.59856,0,7.335623122,879.8069933,327.0003771,0.113706094,34.09836352,149.5872972,,,,25.91035902,10.39630318,127.3688614,368.31015,345.044,0,55.7406,5.484,94.65972725,181.3984323
8,20,8020,0.000639352,5.24E-05,0,0.011456796,8.713289897,836.1188311,0.001126104,0.337697846,0.442508478,,205.7623676,,0,0,1.261415085,0,0,0,0,0,0,0.114925515
8,21,8021,1.0791189,0.088516605,0,0.782881093,145.1562631,66.9747522,0.018759969,5.625769136,98.23688205,,,,0,2.24976948,21.01414072,0,0,0,4.7007,0.4625,5.37858639,117.6300951
8,22,8022,0.000639352,5.24E-05,0,0.002182247,2.648620235,33.98728214,0.000342307,0.102651623,28.85930068,,,,0,0,0.383438352,0,0,0,0,0,0,43.80960618
8,23,8023,0.017582168,0.001442208,0,0.002182247,4.007563618,19.24617929,0.000517937,0.155319703,48.45467831,,,,0,0,0.580171355,0,0,0,0,0,0,39.90213868
8,24,8024,0.003836109,0.000314664,0,0.020185784,3.948192305,12.1631688,0.000510264,0.153018671,50.22471222,,,,0,0,0.571576224,0,0,0,0,0,0,79.71233695
8,25,8025,0.102509369,0.008408509,0,0.058920668,7.972247955,268.1155529,0.001030332,0.30897755,79.43027174,,,,0,0,1.154135115,0,0,0,0,0,0,194.0708857
8,26,8026,0.001598379,0.00013111,0,0.001091123,3.193956738,30.73306353,0.000412786,0.123787034,58.63237329,,,,0,0,0.462386224,0,0,0,0,0,0,53.73150894
8,27,8027,0.035057778,0.002875675,0,0.122751391,52.97680257,4710.391299,0.006846712,2.053202903,23.43457166,,1157.685328,,0,0,7.669403719,0,0,0,0,0,0,149.2959052
8,28,8028,0.003303316,0.00027096,0,0.018003537,9.684120809,14.413137,0.001251574,0.375323991,26.7717629,,,,0,0.35522676,1.401961397,0,0,0,0,0,0,31.55088462
8,29,8029,0.030156083,0.002473605,0,0.068740779,58.82487689,6088.938185,0.007602516,2.279854618,9.783765778,,2876.864671,,0,0,8.51602414,0,0,0,0,0,0,140.232113
8,30,8030,0.003622992,0.000297182,0,0.032188143,8.884807023,846.3009104,0.001148271,0.344345273,0.221254239,,729.064135,,0,0,1.286245464,0,0,0,10.994,1.0816,0,0.766170098
8,31,8031,0.046033313,0.003775963,0,0.109112348,40.258148,1563.897372,0.005202956,1.560270577,423.4806131,,361.4736184,,0,0,5.828135617,0,0,0,34.9342,3.437,0,488.7858754
8,32,8032,0.587031305,0.048152264,0,1.093305722,114.6998791,220.7608365,0.014823791,4.445382003,30.55251667,,,,0,0,16.6049976,0,0,0,8.1171,0.7986,3.229243377,23.49077519
8,33,8033,0,0,0,0,1.0873746,29.76813563,0.000140532,0.042142987,4.203830538,,,,0,0,0.157418236,0,0,0,0,0,0,7.332247834
8,34,8034,0.084074732,0.006896376,0,0.012002358,6.960736699,369.8290798,0.000899604,0.269774771,95.36057694,,,,0,0,1.007699546,0,0,0,0,0,0,137.0984773
8,35,8035,0.000852469,6.99E-05,0,0.036007075,8.52528074,92.89289633,0.001101806,0.330411242,175.6758656,,38.744993,,0,0,1.23419717,0,0,0,0,0,0,230.2034675
8,36,8036,0.182747992,0.014990222,0,0.269507498,45.71041356,80.98838533,0.005907605,1.771582075,86.09743906,,,,0,0,6.617455163,0,0,0,0,0,0.635835845,160.5815907
8,37,8037,24.59265834,2.017255584,0,9.738822576,1521.776905,217.4027959,0.196674167,58.97896074,34.85259684,,,208.3861552,0,20.43737959,220.306264,370.58346,345.044,0,24.9677,2.4564,90.87260177,26.99983424
8,38,8038,0.001918055,0.000157332,0,0.007092303,4.767296529,14.24202195,0.000616125,0.184764399,49.79191959,,,,0,0,0.6901572,0,0,0,0,0,0,35.61924784
8,39,8039,0.003409875,0.000279701,0,0.020185784,4.223059495,23.65538609,0.000545787,0.163671599,33.005745,,,,0,0,0.611368497,0,0,0,3.9815,0.3917,0,33.21347373
8,40,8040,0.061377751,0.005034617,0,0.138572681,34.11871446,2264.745038,0.004409496,1.322326757,197.7632113,,4248.829059,,0,0,4.939335385,0,0,0,25.5585,2.5146,0,243.8412953
8,41,8041,0.00074591,6.12E-05,0,0.003818932,2.505689297,266.900475,0.000323835,0.0971121,0.221254239,,185.6443175,,0,0,0.36274637,0,0,0,0,0,0,0.444378657
8,42,8042,0.000639352,5.24E-05,0,0.008728988,1.712972323,40.83518084,0.000221384,0.066389053,7.522644121,,,,0,0,0.247985451,0,0,0,0,0,0,1.739206121
8,43,8043,0.055623587,0.004562621,0,0.011456796,3.407253677,181.4605102,0.000440353,0.132053707,34.29440702,,,,0,0,0.493265028,0,0,0,7.141,0.7026,0,53.31011539
8,44,8044,0.016623141,0.001363542,0,0.010911235,4.622166653,49.74877507,0.000597368,0.179139652,30.32154658,,,,0,0,0.669146879,0,0,0,4.9576,0.4877,1.240545158,53.92305147
8,45,8045,0.452660915,0.037130299,0,0.13202594,46.23595963,35.51712706,0.005975527,1.791950475,178.9946792,,,,0,0,6.693537991,0,0,0,0,0,0,140.6994767
8,46,8046,0.000213117,1.75E-05,0,0.006001179,7.471989671,752.2774752,0.000965679,0.289589219,0,,,,0,0,1.081713176,0,0,0,0,0,0,0
8,47,8047,0.001065586,8.74E-05,0,0.01254792,5.657866222,588.1558314,0.000731222,0.219279888,0.635007746,,147.4018,,0,0,0.819084168,0,0,0,0,0,0,0.766170098
8,48,8048,0.015770672,0.001293617,0,0.069286341,21.39676147,213.7842239,0.002765314,0.829266597,608.5454065,,,,0,0,3.097589776,0,0,0,0,0,0.020765528,940.8032479
8,49,8049,0.001811496,0.000148591,0,0.001636685,3.02463855,212.0825943,0.000390904,0.11722483,5.310101732,,52.82646264,,0,0,0.437874183,0,0,0,0,0,0,21.83584778
8,50,8050,0.449783833,0.036894301,0,0.450633995,59.62089227,87.99776793,0.007705393,2.3107055,111.9546449,,,,0,0,8.631262565,0,0,0,15.4635,1.5214,0.868248246,100.7590295
8,51,8051,0.000106559,8.74E-06,0,0.010911235,6.652885447,682.6102221,0.000859818,0.257843491,1.645029306,,793.9466369,,0,0,0.9631322,0,0,0,0,0,0.154121676,1.930748646
8,52,8052,0.08876331,0.007280965,0,0.25423177,22.3247131,52.70388616,0.002885242,0.865230885,85.77021933,,,39.6527579,0,0,3.231928493,0,0,0,19.0083,1.8701,0.316196691,128.471402
8,53,8053,0.025360946,0.002080276,0,0.026732525,9.079412993,11.26980972,0.001173422,0.351887547,37.93072448,,,,0,0,1.314418394,0,0,0,0,0,0,45.67139952
8,54,8054,0.002237731,0.000183554,0,0.000545562,8.130571456,133.6389039,0.001050794,0.315113637,348.2541719,,,,0,0,1.177055464,0,0,0,5.7025,0.561,0,392.892026
8,55,8055,0.00532793,0.000437033,0,0.010911235,18.01809398,33.60757174,0.002328655,0.698320795,114.83095,,,,0,0,2.608463144,0,0,0,8.0143,0.7885,0,82.23303657
8,56,8056,0.000213117,1.75E-05,0,0,2.18464442,91.04908277,0.000282343,0.084669479,16.37281367,,,,0,0,0.316268994,0,0,0,0,0,0,17.69086755
8,57,8057,0.000959027,7.87E-05,0,0.004910056,2.382548796,52.46882686,0.00030792,0.092339588,12.39023738,,,,0,0,0.344919431,0,0,0,0,0,0,0.23751273
8,58,8058,0,0,0,0.002727809,2.844325674,11.45319952,0.0003676,0.110236508,24.33796627,,,,0,0,0.411770451,0,0,0,0,0,0,12.94061295
8,59,8059,0.00532793,0.000437033,0,0.020731346,5.069650437,32.27219172,0.000655201,0.19648262,6.42608878,,,,0,0,0.733928701,0,0,0,0,0,0,5.17930986
8,60,8060,0.010336184,0.000847843,0,0.058920668,10.69123419,54.20247373,0.001381733,0.414356322,12.85217756,,115.0550668,,0,0,1.547760289,0,0,0,7.3978,0.7278,46.23857906,13.84469366
8,61,8061,0.001385262,0.000113629,0,0.003818932,4.009762556,115.1946158,0.000518221,0.155404927,49.33969526,,,,0,0,0.580489693,0,0,0,0,0,0,65.85231989
8,62,8062,0.10400119,0.008530879,0,0.096564428,30.33984034,29.25592235,0.003921115,1.175870291,124.7873907,,,,0,0,4.392271202,0,0,0,4.5723,0.4498,93.34763289,111.6539683
8,63,8063,0.002131172,0.000174813,0,0.013093482,6.711157291,619.9758765,0.000867349,0.260101912,58.43055076,,4078.479123,,0,0,0.971568162,0,0,0,8.1941,0.8062,0,91.31215223
8,64,8064,0.000532793,4.37E-05,0,0.001091123,1.894384668,32.88966688,0.00024483,0.073419986,8.205838545,,,,0,0,0.274248352,0,0,0,0,0,0,15.42300406
8,65,8065,0.006500074,0.00053318,0,0.092199934,22.58748614,2072.730148,0.002919203,0.875415085,0.327219727,,1244.813343,,0,0,3.269969907,0,0,0,13.6654,1.3445,0,0.566965872
8,66,8066,0.001278703,0.000104888,0,0.007637864,8.575856302,930.5716858,0.001108342,0.332371381,0.423469361,,1288.267594,,0,0,1.241518948,0,0,0,0,0,0,0
8,67,8067,0.004688578,0.000384589,0,0.038734883,4.540805965,84.62092144,0.000586853,0.175986385,50.45568231,,,,0,0,0.657368366,0,0,0,0,0,0,53.69320044
9,2,9002,5.679040366,0.465833166,1.56,10.44,5.5,0,0,44.5,0,,,,0,11,102,0,0,0,4.1428,0.4076,0,0
9,3,9003,2.457134662,0.201550745,2.34,15.66,8.25,0,0,66.75,0,,,,18.25,16,151,0,0,0,0,0,2.694977211,0
9,4,9004,0.595449434,0.048842776,0.65,4.35,2.42,0,0,19.58,0,,23.31500996,,0,5,45,0,0,0,0,0,14.07858421,0.158174432
9,5,9005,3.621074204,0.297024911,4.29,28.71,15.4,0,0,124.6,0,,43.95534424,,18.25,31,284,0,0,0,6.3933,0.629,13.57268133,0
9,6,9006,3.611590489,0.296246993,1.43,9.57,5.06,0,0,40.94,0,,,,0,10,94,0,0,0,0,0,3.806563698,0
9,7,9007,7.838130635,0.642936301,6.76,45.24,24.31,0,0,196.69,0,,16.633564,,0,49,447,0,0,0,0,0,1.991309283,0
9,8,9008,0.18594475,0.015252442,0.91,6.09,3.08,0,0,24.92,1,15,18.05752168,,0,6,57,0,0,0,4.1428,0.4076,92.29275416,0.404561529
9,9,9009,0.161436273,0.013242091,0.52,3.48,1.65,0,0,13.35,0,38,1578.016034,,0,3,31,0,0,0,0,0,0.667649269,27.58318757
9,10,9010,1.799561567,0.147612168,2.6,17.4,9.46,0,0,76.54,0,3,15.54480885,,18.25,19,174,0,0,0,4.7055,0.4629,0,0.197718041
9,11,9011,1.078053314,0.088429199,1.3,8.7,4.84,0,0,39.16,1,15,32.49218052,,0,10,89,0,0,0,1.6878,0.1661,23.87414507,13.73075747
9,12,9012,1.663060005,0.13641539,2.21,14.79,8.14,0,0,65.86,1,64,698.5160563,,0,16,150,0,0,0,18.8218,1.8518,0.228115058,20.54138351
9,13,9013,1.571206496,0.128880946,1.56,10.44,5.5,0,0,44.5,0,3,78.18414587,,0,11,102,0,0,0,0,0,63.70559202,3.580217443
9,14,9014,2.435183591,0.199750171,1.3,8.7,4.73,0,0,38.27,0,,,,0,10,88,0,0,0,0,0,1.837241409,0
9,15,9015,4.350254676,0.356837208,1.95,13.05,6.93,0,0,56.07,0,,,,0,14,128,0,0,0,1.5344,0.151,95.07887415,0
9,16,9016,4.455001775,0.365429271,1.3,8.7,4.73,0,0,38.27,0,,,,0,9,86,0,0,0,5.6261,0.5535,33.63608977,0
9,17,9017,1.629813724,0.133688306,1.69,11.31,5.83,0,0,47.17,0,,,,18.25,12,107,2270.89395,3147.95,0,0,0,263.6274234,0
10,1,10001,0.0440087,0.00360989,0,0.107475662,27.53375494,627.1741699,0.004029108,1.208255195,193.5784199,,476.685958,,0,0,4.513239715,0,0,0,13.3389,1.3123,0,361.4556737
10,2,10002,0.006180399,0.000506958,0,0.015275729,3.884148114,391.0904281,0.000568381,0.170446862,0.885016955,,257.3943916,,0,0,0.636676384,0,0,0,0,0,0,5.19738969
10,3,10003,0,0,0,0.004910056,4.019122261,243.658678,0.000588132,0.176369891,26.10800018,,,,0,0,0.658800888,0,0,0,0,0,0,22.88153136
10,4,10004,0.046672665,0.003828407,0,0.133662626,29.72829863,184.3434239,0.004350243,1.304557672,236.7715757,,,,0,0,4.872961872,0,0,0,12.0861,1.1891,14.71982278,8.107556011
10,5,10005,2.182639719,0.17903482,0,4.781303067,528.2946375,3762.617898,0.077307145,23.18298908,284.0822972,,18406.86,,12.63523379,6.113198755,86.59626498,149.43591,156.269,0,55.5911,5.4693,42.58401953,474.8405883
10,6,10006,0.003090199,0.000253479,0,0.008183426,8.951019329,165.3134706,0.001309833,0.392794794,41.39397437,,,,0,0,1.467220726,0,0,0,0,0,0,142.8305911
10,7,10007,2.602480586,0.213472998,0,1.895827038,314.5548219,351.3143026,0.046029873,13.8035113,93.14803455,,,,0,3.56351471,51.56075943,0,0,0,14.2429,1.4013,23.52710785,213.4462882
10,8,10008,0.048271044,0.003959516,0,0.223134751,30.12156863,148.0523799,0.004407791,1.321815417,233.5291875,,,,0,0,4.937425356,0,0,0,5.3552,0.5269,0.130830333,458.0211287
10,9,10009,0.003090199,0.000253479,0,0.013639043,9.668615693,979.0908522,0.001414841,0.424284852,22.97314779,,19.7581958,,0,0,1.584846688,0,0,0,0,0,0.736818482,4.351302997
10,10,10010,0.000319676,2.62E-05,0,0.001636685,3.89871367,74.25200369,0.000570512,0.171086038,55.75606819,,,,0,0,0.63906392,0,0,0,0,0,0,45.99550411
10,11,10011,0.002131172,0.000174813,0,0.006546741,4.381319073,124.3057207,0.000641133,0.192264061,74.34142425,,,,0,0,0.718170961,0,0,0,0,0,0.74119686,1.729364011
10,12,10012,0.504448393,0.041378257,0,0.476820959,135.7014537,386.8842625,0.019857654,5.954944638,36.85360084,,,,0,1.453725015,22.24372199,0,0,0,13.1424,1.293,1.394786311,146.400891
10,13,10013,0.031754462,0.002604715,0,0.15057504,22.63875728,340.1971218,0.003312806,0.993449537,64.34742158,,,,0,0,3.710868303,0,0,0,33.5315,3.299,0,102.4229782
10,14,10014,0.00458202,0.000375848,0,0.014184605,27.93673531,2810.711152,0.004088077,1.225939057,6.00301201,,127.9163038,,0,0,4.57929489,0,0,0,0,0,0,30.48701394
10,15,10015,0.005008254,0.000410811,0,0.033279266,11.49416531,131.0717981,0.00168198,0.504394877,35.5066437,,,,0,0,1.884084589,0,0,0,0,0,0,64.22820748
10,16,10016,0.012254239,0.001005175,0,0.0627396,16.40081541,248.2716875,0.002399987,0.719711876,98.90064476,,,,0,0,2.68836603,0,0,0,0,0,0,142.7934005
10,17,10017,0.009590274,0.000786659,0,0.05019168,8.641258517,242.1065137,0.001264505,0.379201657,79.65152598,,217.041986,,0,0,1.416445785,0,0,0,3.5128,0.3456,0,8.925749737
10,18,10018,0.011721446,0.000961472,0,0.076924205,9.712312359,259.1137613,0.001421236,0.426202379,29.22499123,,129.821986,,0,0,1.592009298,0,0,0,0,0,0.037916112,6.601335743
10,19,10019,0.000319676,2.62E-05,0,0.004364494,4.271591889,440.0142032,0.000625077,0.187448937,2.32822373,,,,0,0,0.700184853,0,0,0,0,0,5.604039627,5.885416233
10,20,10020,0.032926606,0.002700862,0,0.042008254,10.93096383,82.83399262,0.001599565,0.479680082,94.73567764,,,,0,0,1.791766513,0,0,0,5.2815,0.5196,0,233.5013322
10,21,10021,0.019926457,0.001634502,0,0.027278087,9.318071326,120.0715478,0.001363545,0.408902023,61.25866919,,,,0,0,1.527386645,0,0,0,9.9243,0.9764,0,190.6577334
10,22,10022,0.021098602,0.00173065,0,0.085107631,21.75899774,171.8759777,0.003184068,0.954843322,130.5594326,,,,0,0,3.566661102,0,0,0,0,0,0,284.1084736
10,23,10023,0.187969363,0.015418514,0,0.253140646,47.96243195,4456.641853,0.007018505,2.104720467,6.110816726,,1373.481722,,0,0,7.861839156,0,0,0,0,0,0,3.300667871
10,24,10024,0.011082094,0.000909028,0,0.074196396,10.42311146,184.5506575,0.001525249,0.457394155,15.26654248,,,,0,0,1.708521076,0,0,0,0,0,0,62.09904426
10,25,10025,0.000639352,5.24E-05,0,0.000545562,3.492820192,195.0583606,0.000511116,0.153274341,22.7891866,,,,0,0,0.572531238,0,0,0,0,0,0,10.12514736
10,26,10026,0.00458202,0.000375848,0,0.052919489,18.24287266,1697.545271,0.002669541,0.8005463,7.71789152,,2459.704627,,0,0,2.990309805,0,0,0,0,0,14.94499651,30.86821784
10,27,10027,0.002131172,0.000174813,0,0.017457976,5.463054323,312.4967605,0.000799427,0.239733512,7.34996915,,,,0,0,0.895485334,0,0,0,10.907,1.0731,0,39.57082383
10,28,10028,0.003942668,0.000323404,0,0.042008254,9.797763618,265.5146165,0.00143374,0.42995221,42.04802123,,,,0,0,1.606016178,0,0,0,0,0,0,117.7455153
10,29,10029,0.000852469,6.99E-05,0,0.008183426,1.879927687,26.27429678,0.000275096,0.082496281,13.93901705,,,,0,0,0.30815137,0,0,0,0,0,0,40.39831521
10,30,10030,0.000213117,1.75E-05,0,0.001091123,1.35945184,26.65905395,0.000198933,0.059656402,15.48779672,,,,0,0,0.222836734,0,0,0,0,0,0,36.92099188
10,31,10031,0.003729551,0.000305923,0,0.010911235,5.956341133,16.22305683,0.000871612,0.261380263,128.5487128,,,,0,0,0.976343234,0,0,0,0,0,0,167.1439615
10,32,10032,0.151313206,0.012411729,0,0.314243561,39.17551788,1103.834591,0.005732686,1.719127053,132.0413791,,3038.201502,,0,0,6.421518006,0,0,0,16.1148,1.5854,17.44667923,240.1212632
10,33,10033,0.007352543,0.000603105,0,0.01254792,6.51954261,212.639173,0.000954027,0.286095058,26.78147875,,51.827993,,0,0,1.06866131,0,0,0,0,0,0,71.98245256
10,34,10034,0.014705086,0.00120621,0,0.032733704,25.27415178,2589.992801,0.003698452,1.109097733,3.607955075,,,,0,0,4.142853229,0,0,0,0,0,0,0
10,35,10035,0.024508477,0.00201035,0,0.074741958,10.82220768,554.1215898,0.00158365,0.47490757,28.1862147,,3169.085745,,0,0,1.773939574,0,0,0,4.7411,0.4664,0,56.20433037
10,36,10036,0.163780562,0.013434386,0,0.045827186,19.35471005,77.03706561,0.00283224,0.849336715,25.66549171,,,,0,0,3.17255842,0,0,0,0,0,0.175436071,75.33890637
10,37,10037,0.002663965,0.000218516,0,0.024004716,7.513884527,729.8303989,0.001099532,0.329729455,0.760012351,,250.8572548,,0,0,1.231650464,0,0,0,0,0,0.056350294,8.972238016
10,38,10038,0.045393962,0.003723519,0,0.169124139,20.20533849,99.63273301,0.002956716,0.886664577,61.47992343,,43.105993,,0,0,3.311990548,0,0,0,0,0,0,148.5951378
10,39,10039,0.112419319,0.00922139,0,0.114567965,22.59311854,339.5033829,0.003306128,0.991446786,437.9296333,,4523.60923,,0,0,3.703387355,0,0,0,0,0,0,329.8715364
11,1,11001,0,0,0.0612876,0.404806809,45.37927492,1471.107597,0.010596319,3.177640853,209.0282621,,54.03607944,,0,0,11.86955782,0,0,0,4.0193,0.3954,0.328270728,317.0385487
11,2,11002,0.161223156,0.01322461,0.089205671,0.589206677,59.4709966,998.4905876,0.013886816,4.16440035,224.5928767,,,,0,0.426272112,15.55543658,0,0,0,13.5788,1.3359,2.845525012,135.5724118
11,3,11003,0.413127676,0.033887516,0.305116434,2.015305058,86.14346079,2462.449012,0.020114988,6.032114455,111.0417818,,4.34083972,,0,0.923589576,22.53197722,0,0,0,13.0574,1.2846,0.612257426,117.1558764
11,4,11004,0.092919096,0.00762185,0.044520238,0.294057777,34.75130415,680.4460948,0.008114627,2.433427241,59.08459762,,,,0,0.35522676,9.089669562,0,0,0,0,0,0.059749951,175.7302999
11,5,11005,0.556129312,0.045617474,0.043942053,0.290238844,46.73386198,534.4932827,0.010912623,3.272494532,80.3152887,,,,0,0,12.22386823,0,0,0,8.6035,0.8465,2.482891732,105.9513124
11,6,11006,0.000213117,1.75E-05,0.000991174,0.006546741,2.990923352,337.5172322,0.000698398,0.209436582,0,,,,0,0,0.782316107,0,0,0,0,0,0,0
11,7,11007,3.203151391,0.262744065,0.569346935,3.760557057,261.6312484,852.0496405,0.061092384,18.32048099,167.2682046,,,,0,0.970953144,68.43316111,0,0,0,11.102,1.0923,23.4607735,196.8179359
11,8,11008,0.108370092,0.008889245,0.020236472,0.133662626,19.8441527,673.6722525,0.004633723,1.389568045,131.2912063,,,,0,0.047363568,5.190504218,0,0,0,0,0,0.012633696,208.6129536
11,9,11009,0.063295806,0.005191949,0.033534724,0.221498065,42.42608041,1951.776378,0.009906731,2.970846197,23.67420356,,,,0,0,11.0971102,0,0,0,3.8238,0.3762,1.411813028,133.5550279
11,10,11010,0.013959176,0.001145026,0.010985513,0.072559711,6.755896451,480.5231631,0.00157754,0.473075266,9.071423793,,,,0,0,1.767095303,0,0,0,0,0,0.021830284,20.89081806
11,11,11011,0.315520002,0.025881077,0.075990016,0.501916799,50.33514059,517.3210075,0.011753542,3.524670665,82.1912881,,,,0,0,13.16583094,0,0,0,0,0,0.095570195,123.0604144
11,12,11012,0.02962329,0.002429902,0.019080102,0.126024761,14.03512842,420.8794447,0.003277282,0.982796608,68.16573727,,,,0,0,3.671076029,0,0,0,0,0,0.011518958,63.21370349
11,13,11013,0.058820345,0.004824841,0.002808327,0.018549099,13.25438485,659.1926414,0.003094974,0.928125777,24.24210923,,,,0,0,3.466862079,0,0,0,0,0,0,78.91696309
11,14,11014,0.402791492,0.033039673,0.102090934,0.674314308,82.29146794,2613.824473,0.019215526,5.762382296,138.7762885,,91.35923692,,0,0.35522676,21.52443684,0,0,0,13.4919,1.3274,2.073759419,150.2423772
11,15,11015,0.194789113,0.015977916,0.295865475,1.954202144,97.64284605,1002.194422,0.02280016,6.837348044,10.9668549,,488.6294419,,12.63523379,0.663089952,25.53979563,0,0,0,0,0,93.32536128,32.62960209
11,16,11016,0.011721446,0.000961472,0.008507578,0.056192859,10.70525404,241.0799929,0.002499738,0.7496253,35.95886803,,,,0,0,2.800102736,0,0,0,0,0,0.001059001,64.11344262
11,17,11017,2.72214589,0.223288752,0.559765585,3.697271895,291.1412865,2449.44741,0.067983146,20.38689352,298.2701457,,303.0014327,,0,0,76.15190724,0,0,0,10.5371,1.0367,17.75805467,370.8120205
11,18,11018,0.10698483,0.008775617,0.023953375,0.158212904,18.76888076,231.1069526,0.00438264,1.314273143,75.32269084,,,,0,0,4.909252426,0,0,0,0,0,0.278684471,96.82739526
11,19,11019,0.019180547,0.001573318,0.018419319,0.121660267,26.73818539,1611.766304,0.006243518,1.87231617,72.36956781,,,,0,0,6.993730906,0,0,0,0,0,0.04346611,193.6618197
11,20,11020,11.81543022,0.969181219,1.687308745,11.14473517,832.2081446,1292.938404,0.194325334,58.27458908,187.0278428,,117.6461986,,0,5.233674264,217.6751989,0,0,0,6.3223,0.622,101.9902225,240.1319402
11,21,11021,0.48569408,0.039839902,0.082680441,0.546107299,28.01122947,174.2406345,0.006540781,1.961459879,9.292678031,,,,0,0.520999248,7.326712655,0,0,0,0,0,0.093879509,10.38917533
11,22,11022,0.015344438,0.001258654,0.008507578,0.056192859,12.15842291,462.7739004,0.002839061,0.851382077,95.85166469,,135.0901986,,0,0,3.180198537,0,0,0,0,0,0,103.680877
11,23,11023,0.301134592,0.024701089,0.066821655,0.441359446,82.69309753,2830.744114,0.019309309,5.790506028,369.6504251,,574.7193192,,0,0,21.62948845,0,0,0,16.2511,1.5989,4.480568057,434.3139217
11,24,11024,0.014811645,0.001214951,0.011563698,0.076378643,5.727481301,155.1746889,0.001337399,0.401061467,45.35711896,,,,0,0,1.498099531,0,0,0,0,0,0,28.65809731
11,25,11025,0.724065659,0.059392745,0.034112909,0.225316998,37.91748405,153.001966,0.008853948,2.655135997,95.59154703,,,,0,0,9.917826368,0,0,0,2.2161,0.218,0.488292351,119.1029681
11,26,11026,0.063828599,0.005235652,0.024696755,0.16312296,29.74736463,1278.031714,0.006946179,2.083031104,129.4531614,,106.3680794,,0,0,7.780822086,0,0,0,0,0,0,205.1545813
11,27,11027,0.932494272,0.076489465,0.248371715,1.640504145,144.3347195,1543.691198,0.033702978,10.10690237,301.0603096,,1.7444,,0,0,37.75268119,0,0,0,4.8232,0.4745,6.810640652,339.5882608
11,28,11028,0.198731781,0.01630132,0.105890435,0.699410147,54.49261533,769.7233661,0.012724336,3.815793905,215.8288484,,140.4459304,,0,0.35522676,14.2532742,0,0,0,3.7369,0.3677,0.614573318,197.2326594
11,29,11029,0.03260693,0.00267464,0.012224481,0.080743137,20.59446979,1238.117201,0.004808926,1.44210829,52.55423744,,622.2532866,,0,0,5.386759714,0,0,0,7.4738,0.7353,0,49.81602542
11,30,11030,0.085566552,0.007018745,0.039729563,0.262415196,57.73912115,3060.555707,0.013482413,4.043127408,170.0883012,,98.4577986,,0,0.402590328,15.10244133,0,0,0,12.6663,1.2462,0.143188081,264.0664071
11,31,11031,1.496935154,0.12278871,0.126952885,0.838528391,64.39156756,509.5452103,0.015035797,4.508958682,130.5691485,,33.99563972,,0,0.378908544,16.84247789,0,0,0,0,0,11.80674008,144.267547
11,32,11032,0.694442369,0.056962843,0.076898592,0.507917978,37.45195884,663.3030061,0.008745245,2.622538034,64.39469936,,,,0,0,9.796062009,0,0,0,5.8009,0.5707,43.64175153,128.5994335
11,33,11033,0.133411362,0.010943299,0.074833646,0.494278934,61.85217322,1709.665273,0.014442834,4.331139993,81.04784757,,120.7881884,,0,0.165772488,16.17826525,0,0,0,14.0785,1.3851,7.058253276,141.582388
11,34,11034,0.005541047,0.000454514,0.004542881,0.030005896,2.724995884,247.8881904,0.000636302,0.190815262,1.106271194,,,,0,0,0.712759212,0,0,0,0,0,0,3.071765643
11,35,11035,0.331503792,0.027192175,0.05286262,0.349159512,43.89385398,1029.645357,0.010249465,3.073625655,72.10984275,,,,0,0,11.48102606,0,0,0,0,0,0.922354814,133.5550279
11,36,11036,0.010336184,0.000847843,0.002725729,0.018003537,3.682821593,95.36433467,0.00085996,0.257886103,22.7891866,,,,0,0.023681784,0.963291369,0,0,0,0,0,0,22.82385135
11,37,11037,1.538493007,0.126197565,0.139590355,0.921999336,94.35009198,1895.844785,0.022031283,6.606776051,128.665303,,73.22447944,,0,0.23681784,24.67853165,291.63771,303.789,0,8.6035,0.8465,2.860539228,130.9823364
11,38,11038,0.016623141,0.001363542,0.004873273,0.032188143,5.974544349,116.8247812,0.00139509,0.418361823,29.64806801,,,,0,0,1.562722184,0,0,0,2.064,0.2031,0.668709388,26.35954499
11,39,11039,0.038361095,0.003146636,0.022549211,0.148938354,19.06888589,329.9898387,0.004452693,1.335280719,88.51141139,,43.4083972,,0,0.094727136,4.98772279,0,0,0,2.5854,0.2544,0.136878311,104.9812812
11,40,11040,0.007245985,0.000594364,0.00421249,0.027823649,10.40038067,1404.725796,0.002428548,0.728276831,1.548779672,,,,0,0,2.720359019,0,0,0,0,0,0.063688691,4.660367554
11,41,11041,0.325216835,0.026676477,0.0727687,0.480639891,31.81332288,188.6967618,0.007428592,2.227697878,14.16998714,,,,0,0,8.321201166,0,0,0,0,0,0.174421699,8.294470156
11,42,11042,0.209387641,0.017175386,0.082515246,0.545016176,76.41185422,2297.571201,0.017842602,5.3506679,276.8950183,,,,0,0,19.98654504,0,0,0,0,0,1.903423379,374.4672107
11,43,11043,0.009483715,0.000777918,0.005534056,0.036552636,12.15233761,1134.432317,0.00283764,0.85095596,1.443206774,,,,0,0,3.178606846,0,0,0,0,0,0,7.549373685
11,44,11044,0.511587819,0.041963881,0.045759205,0.302241203,31.34171238,238.2866331,0.007318468,2.194673798,66.81878013,,,,0,0,8.197845117,0,0,0,3.9541,0.389,3.689887775,115.3142228
11,45,11045,0.002237731,0.000183554,0.003799501,0.02509584,6.261770355,837.0505797,0.001462159,0.438474553,0,,,,0,0.023681784,1.637849997,0,0,0,0,0,0,1.384754763
11,46,11046,0.097074881,0.007962736,0.043694259,0.288602159,36.86959595,1368.268708,0.00860926,2.581758623,118.3807336,,,,0,0,9.643737184,0,0,0,0,0,0.628767903,91.09858748
12,1,12001,0.839255501,0.068841393,0,16.22555164,0,11064.95789,0.101271632,30.36949752,7.849863847,,872.7840889,,55.02941166,3.098805811,113.4402922,228.68118,209.788,51.4,0,0,40.54877901,6.824029709
12,2,12002,0.007139426,0.000585624,0,0.024004716,0,2254.08451,0.003466979,1.039683248,0.538758112,,,,0,0,3.883566772,0,0,0,0,0,0,1.834702348
12,3,12003,0.029729848,0.002438643,0,0.123296953,0,2399.420722,0.005127645,1.537686368,6.17607957,,290.8592493,,0,0,5.743775996,0,0,0,0,0,0.155889699,5.421427324
12,4,12004,0.003516434,0.000288442,0,0.022368031,0,1447.906137,0.002407234,0.721885073,1.770033911,,7.7772946,,0,0,2.696483654,0,0,0,0,0,0,1.295315606
12,5,12005,0.004049227,0.000332145,0,0.029460334,0,298.0017766,0.000791754,0.237432479,1.99128815,,,,0,0,0.886890203,0,0,0,0,0,0,0.231306358
12,6,12006,0.015770672,0.001293617,0,0.045281624,0,698.7601131,0.001690222,0.506866357,1.106271194,,,,0,0,1.893316396,0,0,0,0,0,0.001465545,1.228384405
12,7,12007,0.039320122,0.003225301,0,0.208404584,0,1171.435941,0.004321966,1.296077941,5.319817586,,,,0,0,4.841287222,0,0,0,0,0,0,2.287472241
12,8,12008,0.009696832,0.0007954,0,0.05346505,0,503.4038759,0.001040136,0.311917758,1.548779672,,500.7027216,,0,0,1.165117782,0,0,0,0,0,0,0.908492633
12,9,12009,0.000426234,3.50E-05,0,0.003818932,0,439.2296079,0.000766745,0.229932817,0,,,,0,0,0.858876442,0,0,0,0,0,0,0.566946648
12,10,12010,0.003622992,0.000297182,0,0.024004716,0,2129.18779,0.003464564,1.038958849,0,,285.0279575,,0,0,3.880860897,0,0,0,0,0,0,1.167358897
12,11,12011,0.062656454,0.005139505,0,0.272780869,0,3300.933947,0.00818468,2.454434817,3.76132206,,1146.781626,,0,0,9.168139926,0,0,0,0,0,0,4.551321704
12,12,12012,0.027918352,0.002290051,0,0.212769078,0,4212.615264,0.008228019,2.46743139,0.885016955,,1000.411087,,0,0,9.2166865,0,0,0,0,0,0,3.069976729
12,13,12013,0.008844363,0.000725474,0,0.02836921,0,945.0166514,0.001812281,0.54346982,1.106271194,,,,0,0,2.03004265,0,0,0,0,0,0.019179562,1.36716822
12,14,12014,0,0,0,0.083470946,0,559.0127496,0.001981801,0.594305597,4.434800631,,,,0,0,2.219931381,0,0,0,0,0,0,0.462612716
12,15,12015,0.076295955,0.006258308,0,0.063285162,0,195.4918779,0.001650151,0.494849853,2.433796627,,26.80441236,,0,0,1.848430711,0,0,0,5.8219,0.5728,0.772088895,0.383870126
12,16,12016,0.002237731,0.000183554,0,0.020731346,0,951.630742,0.001814697,0.544194219,0,,,,0,0,2.032748524,0,0,0,0,0,0,1.770723993
12,17,12017,0.011295211,0.000926509,0,0.026732525,0,623.8678928,0.001852494,0.555528936,6.416372926,,254.0828996,,0,0,2.075087504,0,0,0,6.5901,0.6484,0,1.419335185
12,18,12018,0.008418129,0.000690512,0,0.090563248,0,840.648801,0.001633384,0.48982167,1.99128815,,,,0,0,1.829648758,0,0,0,0,0,0.104149484,0.925225433
12,19,12019,0.293355814,0.024063021,0,0.024550278,0,1283.616609,0.002045033,0.61326781,0,,,,0,0,2.290761629,0,0,0,0,0,0,1.012826564
12,20,12020,0.003090199,0.000253479,0,0.010911235,0,1548.367716,0.002681477,0.804125684,0,,147.7163516,,0,0,3.003680009,0,0,0,0,0,0.052855306,1.054166424
12,21,12021,0.044115259,0.003618631,0,0.264051881,0,4222.137658,0.009824742,2.946259238,6.204834541,,1191.4928,,0,0,11.00526963,0,0,0,0,0,0.346347214,5.889945735
12,22,12022,0.023975684,0.001966647,0,0.158758466,0,1791.68153,0.005765937,1.729098194,16.80599889,,472.975753,,0,0,6.458763575,0,0,0,0,0,3.34527251,6.557289185
12,23,12023,0.041664411,0.003417596,0,0.192583293,0,1574.224449,0.00321135,0.963024772,10.62020346,,,,0,0,3.597221568,0,0,0,0,0,0,1.313032689
12,24,12024,0.005008254,0.000410811,0,0.008183426,0,585.1919189,0.001006318,0.30177617,0.221254239,,,,0,0,1.127235537,0,0,0,0,0,0,0.681123404
12,25,12025,0.007459102,0.000611846,0,0.031642581,0,1320.886954,0.002104571,0.631122119,0,,73.8345958,,0,0,2.35745348,0,0,0,0,0,0,2.089631483
12,26,12026,0.00458202,0.000375848,0,0.022913593,0,656.1092264,0.001212782,0.363690992,0.221254239,,,,0,0,1.358508234,0,0,0,0,0,0,0.847467125
12,27,12027,0.012787032,0.001048879,0,0.130389255,0,691.3385462,0.002744141,0.822917451,13.9487329,,,,0,0,3.073873581,0,0,0,0,0,0,3.167420684
12,28,12028,0.36347137,0.029814371,0,0.454452927,0,8010.683636,0.016433587,4.928130128,2.212542388,,3.40815888,,0,0,18.40822428,0,0,0,0,0,0.284348163,4.386946547
12,29,12029,0.375832168,0.030828287,0,2.914390802,0,3444.929527,0.031665191,9.495807755,4.724065845,,3820.142771,,0,0.837062018,35.47003718,0,0,0,0,0,13.71808432,3.063086752
12,30,12030,0.020778926,0.001704428,0,0.134753749,0,1378.789666,0.002582011,0.774297484,2.655050866,,,,0,0,2.892261642,0,0,0,0,0,0,1.170311744
12,31,12031,0.004901695,0.00040207,0,0.016366852,0,477.050649,0.000855271,0.256479916,0,,,,0,0,0.958038788,0,0,0,0,0,0,0.985266658
12,32,12032,0.015024762,0.001232432,0,0.069831902,0,2922.72749,0.004973614,1.491495268,0,,8.66022288,,0,0,5.571236696,0,0,0,0,0,0,4.176310119
12,33,12033,0.007672219,0.000629327,0,0.058375106,0,660.7297257,0.001870114,0.560812789,4.434800631,,436.9976682,,0,0,2.094824472,0,0,0,0,0,0,0.777583077
12,34,12034,0.090894482,0.007455778,0,0.201857843,0,1157.63792,0.004780649,1.433628558,21.4329062,,329.419972,,0,0,5.355085064,0,0,0,0,0,0.376677685,2.967611362
12,35,12035,0.35665162,0.02925497,0,1.816720586,0,882.5981269,0.017868322,5.358380621,16.180707,,3.4888,,0,0,20.01535464,0,0,0,3.6387,0.358,1.233222366,2.011873175
12,36,12036,0.013213266,0.001083841,0,0.056738421,0,908.6302961,0.00152667,0.457820272,1.106271194,,,,0,0,1.710112767,0,0,0,0,0,0.248665257,1.165390333
12,37,12037,0.022377305,0.001835537,0,0.022368031,0,438.4180768,0.000823868,0.247062727,0.221254239,,,,0,0,0.922862418,0,0,0,0,0,0.046387779,0.554150977
12,38,12038,0.193616969,0.015881769,0,4.646549318,0,1178.432384,0.015134269,4.538488601,8.562205832,,590.8433566,,0,0.477326476,16.95278207,85.62528,95.181,0,0,0,1.464076303,2.360309136
12,39,12039,0.022377305,0.001835537,0,0.142937175,0,1400.180026,0.003249574,0.974487323,0.452224331,,41.8656,,0,0,3.640038055,0,0,0,0,0,0.702061191,1.751038346
12,40,12040,0.287921326,0.023617248,0,0.097109989,0,1511.735575,0.003213055,0.963536112,0.990982443,,108.4205496,,0,0,3.599131597,0,0,0,0,0,0,2.529605705
12,41,12041,0.002557406,0.000209776,0,0.017457976,0,2205.045307,0.003894259,1.167816677,0.096249634,,18.2625586,,0,0,4.362188243,0,0,0,0,0,0,1.734305546
12,42,12042,0.078320568,0.006424381,0,0.032188143,0,1346.225759,0.002319845,0.695678868,2.222258242,,130.2405248,,0,0,2.59859466,0,0,0,0,0,0,1.096490566
12,43,12043,0.003090199,0.000253479,0,0.022913593,0,1594.577704,0.002530288,0.758786819,0.221254239,,191.6823972,,0,0,2.834324091,0,0,0,0,0,0,1.512842011
12,44,12044,0.004368902,0.000358367,0,0.031097019,0,785.2601337,0.001582656,0.474609288,0.442508478,,587.6757385,,0,0,1.772825391,0,0,0,0,0,0,0.941958233
12,45,12045,0.052213712,0.004282921,0,0.069286341,0,1674.266516,0.003143429,0.942656372,2.433796627,,,,0,0,3.52113874,0,0,0,0,0,0,1.572883236
12,46,12046,0.141083581,0.011572626,0,0.339339401,0,4354.908414,0.008424821,2.526448616,1.548779672,,,,0,0,9.437135698,0,0,0,0,0,0.183776985,3.37707283
12,47,12047,0.002663965,0.000218516,0,0.007637864,0,586.3738925,0.000957295,0.287075128,0,,,,0,0,1.072322199,0,0,0,0,0,0,0.966565293
12,48,12048,0.0576482,0.004728694,0,0.42390147,0,1912.055117,0.006146894,1.843340204,13.91026208,,899.2987018,,0,0,6.885495921,0,0,1.7,0,0,0.625538208,3.131986519
12,49,12049,0.032393813,0.002657159,0,0.057283982,0,450.3226074,0.001553526,0.465873886,9.292678031,,,,0,0,1.740195726,0,0,0,0,0,0.402324774,0.991172352
12,50,12050,0.083009146,0.00680897,0,0.699410147,0,279.7418488,0.005237343,1.570582612,4.425084777,,,,0,0.144190353,5.866654538,0,0,0,0,0,0.011629806,0.537418177
12,51,12051,0.011721446,0.000961472,0,0.078015328,0,2866.563686,0.004981571,1.493881524,1.770033911,,188.0795978,,0,0,5.580150165,0,0,0,0,0,0,2.823906135
12,52,12052,0.068090943,0.005585278,0,0.135844873,0,3610.556447,0.006521883,1.955792521,1.568211379,,468.9616018,,0,0,7.305543165,0,0,0,0,0,0,5.446034383
12,53,12053,0.050615333,0.004151811,0,0.302786764,0,3201.783396,0.006113643,1.833369062,6.858881404,,10.42607944,,0,0,6.848250353,0,0,0,0,0,0,6.340747063
12,54,12054,0.01214768,0.000996435,0,0.043099377,0,2207.117303,0.003840547,1.151709448,3.097559344,,183.2762451,,0,0,4.302022325,0,0,0,0,0,0.089207267,3.490265303
12,55,12055,0.827001262,0.067836217,0,1.125493864,0,2226.067998,0.013804827,4.139813391,2.549477969,,93.43869748,,0,0.415789982,15.46359601,0,0,0,0,0,23.28265054,2.123097084
12,56,12056,0.014065735,0.001153766,0,0.045827186,0,3492.311602,0.00609375,1.827403422,0.442508478,,199.597986,,0,0,6.825966679,0,0,0,0,0,0,2.427240338
12,57,12057,0.177633179,0.014570671,0,0.446815063,0,2533.587686,0.00808564,2.424734451,18.13352432,,169.9302232,,0,0,9.057199066,0,0,0,0,0,0,3.266833204
12,58,12058,0.056689173,0.004650028,0,0.308242382,0,3072.895165,0.007085574,2.124833197,3.992292153,,,,0,0,7.936966969,0,0,0,0,0,0.215658568,3.003045528
12,59,12059,0.020565809,0.001686946,0,0.088926563,0,1214.993388,0.003973975,1.191721849,5.319817586,,206.4143038,,0,0,4.451482106,0,0,0,0,0,0.356383031,2.009904611
12,60,12060,0.018860871,0.001547096,0,0.022368031,0,952.6204359,0.001757006,0.526893863,0.538758112,,,,0,0,1.968125871,0,0,0,0,0,0,0.762818841
12,61,12061,0.142895077,0.011721217,0,0.275508677,0,2008.380374,0.005635777,1.690065863,3.318813583,,57.16883384,,0,0,6.312964683,0,0,0,0,0,2.451749627,0.864199926
12,62,12062,0.042836556,0.003513743,0,0.034370389,0,1656.017776,0.002857107,0.856793765,0.442508478,,393.5147768,,0,0,3.200413012,0,0,0,0,0,0,2.148688426
12,63,12063,0.000213117,1.75E-05,0,0.007092303,0,726.6642234,0.001229407,0.368676563,0,,,,0,0,1.377131018,0,0,0,0,0,0,0.47245554
12,64,12064,0.022483864,0.001844278,0,0.067104094,0,450.5656632,0.00152596,0.457607213,5.75261021,,,,0,0,1.709316921,0,0,0,0,0,0,1.2844885
12,65,12065,0.004049227,0.000332145,0,0.030551457,0,505.0425573,0.000871896,0.261465487,0,,,,0,0,0.976661573,0,0,0,0,0,0,0.59253799
12,66,12066,0.05466456,0.004483956,0,0.442996131,0,3931.121743,0.010051526,3.014267536,0.894732809,,312.4141902,,0,0,11.25930351,0,0,0,0,0,0.544610365,1.749069781
12,67,12067,0.050295657,0.004125589,0,0.146210546,0,798.2150704,0.002873022,0.861566277,3.76132206,,,,0,0,3.218239951,0,0,0,0,0,0,1.623081637
12,68,12068,0.009377156,0.000769178,0,0.245502782,0,1584.23032,0.00346769,1.039896307,15.13273092,,,,0,0,3.884362617,0,0,0,0,0,0,1.787456794
12,69,12069,0.00149182,0.000122369,0,0.004910056,0,1085.749204,0.001794093,0.538015521,0,,,,0,0,2.009669005,0,0,0,0,0,0,0.403555774
12,70,12070,0.007991895,0.000655549,0,0.02182247,0,422.8426003,0.000958858,0.287543857,0.885016955,,,,0,0,1.074073059,0,0,0,0,0,0,0.279536195
12,71,12071,0.100271639,0.008224956,0,0.055101735,0,2261.149901,0.003880192,1.163598117,0,,,,0,0,4.346430503,0,0,0,0,0,0,2.028605976
12,72,12072,0.000106559,8.74E-06,0,0.004910056,0,782.2519199,0.001380596,0.414015428,0,,,,0,0,1.546486936,0,0,0,0,0,0,0.481314082
12,73,12073,0.010123067,0.000830362,0,0.066558532,0,1043.838513,0.002725527,0.817335316,4.203830538,,,,0,0,3.053022429,0,0,0,0,0,0.032783671,3.976500797
12,74,12074,0.302839529,0.024840939,0,0.025641402,0,1892.863454,0.003032737,0.909461845,0.442508478,,43.61,,0,0,3.397146015,0,0,0,0,0,0,1.52071627
12,75,12075,0.240928985,0.019762619,0,0.348068389,0,2044.17731,0.005677269,1.702508484,2.905452666,,405.1122746,,0,0,6.359442059,0,0,0,0,0,13.61213686,2.040417364
12,76,12076,0.000426234,3.50E-05,0,0.014184605,0,0,0.004534682,1.359867679,0,,,,0,0,5.079563359,0,0,0,0,0,0,1.206730192
12,77,12077,0.01971334,0.001617021,0,0.114567965,0,358.2851229,0.001881055,0.564093891,1.106271194,,,,0,0,2.107080492,0,0,0,0,0,0,0
12,78,12078,0.000106559,8.74E-06,0,0.007092303,0,599.6065816,0.00262336,0.786697493,0,,160.2352218,,0,0,2.938579849,0,0,0,0,0,0,0
12,79,12079,0.007885336,0.000646808,0,0.005455617,0,533.9363126,0.002336044,0.700536604,0,,,,0,0,2.616739937,0,0,0,0,0,0,0
12,80,12080,0.005008254,0.000410811,0,0.016366852,0,191.4029604,0.001004897,0.301350052,0.221254239,,,,0,0,1.125643846,0,0,0,0,0,0,0
12,81,12081,0.001811496,0.000148591,0,0.013639043,0,345.8244438,0.001513029,0.453729547,0,,169.4205502,,0,0,1.694832534,0,0,0,0,0,0,0
13,1,13001,0.012787032,0.001048879,0.00163054,0.026186963,16.69601558,379.9226949,0.002435227,0.730279581,35.9880156,,3.995991776,,0,0,2.727839966,0,0,0,0,0,0.1192591,31.20634681
13,2,13002,0.026639649,0.002185164,0.004551925,0.073105273,33.88595576,2852.536966,0.004942495,1.482163302,4.867593255,,89.40765262,,0,0,5.536378664,0,0,0,0,0,0,7.306621988
13,3,13003,0.279822873,0.022952958,0.030572631,0.491005564,47.51710584,594.7461288,0.00693069,2.078386427,22.56793236,,,,0,0,7.763472654,0,0,0,0,0,0.014150487,32.780806
13,4,13004,0.00756566,0.000620586,0.001834358,0.029460334,8.415228298,706.3944279,0.001227418,0.368079999,2.655050866,,0.073098,,0,0,1.374902651,0,0,0,0,0,1.359437325,12.46368293
13,5,13005,0.193190734,0.015846806,0.004042381,0.064921847,16.30730568,214.9143681,0.002378531,0.713277507,25.00172899,,,,0,0,2.664331497,0,0,0,6.0873,0.5989,0.089742391,72.56654122
13,6,13006,0.020565809,0.001686946,0.001970236,0.031642581,15.60587429,919.4509564,0.002276222,0.682597072,24.8100149,,,,0,0,2.549729748,0,0,0,0,0,0.034752847,75.02722295
13,7,13007,0.014598528,0.00119747,0.000611453,0.009820111,10.6831898,302.0767436,0.001558215,0.467280073,36.50694941,,132.7690209,,0,0,1.745448306,0,0,0,2.2427,0.2206,0.006428811,121.0259438
13,8,13008,0.133304803,0.010934558,0.015014559,0.241138288,38.32153511,264.9678389,0.005589454,1.676174443,80.41153833,,8.56071776,,0,0,6.261075558,0,0,0,5.7028,0.5611,0.14388948,244.1637371
13,9,13009,0.007672219,0.000629327,0.003702685,0.059466229,14.49040353,210.7649181,0.002113523,0.633806657,8.628915315,,3.40815888,,0,0,2.367481133,0,0,0,0,0,0.041927027,15.17891794
13,10,13010,1.02445434,0.08403265,0.005537043,0.088926563,26.16339097,139.0293857,0.003816107,1.144380233,13.95844875,,,,0,0,4.27464524,0,0,0,1.698,0.1671,0,17.62074387
13,11,13011,0.007672219,0.000629327,0.003906503,0.0627396,19.34586751,2203.491582,0.002821725,0.846183448,0.019431707,,,,0,0,3.160779907,0,0,0,0,0,0.011832739,0.56567396
13,12,13012,0.052426829,0.004300402,0.007745067,0.124388076,22.06293995,671.8106961,0.003218029,0.965027522,10.75531651,,,,0,0,3.604702516,0,0,0,0,0,0.000679223,56.51082864
13,13,13013,0.209387641,0.017175386,0.008594306,0.13802712,27.19215701,96.7556985,0.00396616,1.189378205,8.966243485,,,,0,0,4.442727806,0,0,0,2.1786,0.2143,5.278542286,20.0154303
13,14,13014,0.01065586,0.000874065,0.002241993,0.036007075,15.65653322,1354.382906,0.002283611,0.684812881,0.221254239,,,,0,0,2.558006541,0,0,0,0,0,0,0
13,15,13015,0.005541047,0.000454514,0.001188936,0.019094661,14.72908505,871.9745052,0.002148336,0.644246528,4.877309108,,38.3417874,,0,0,2.406477561,0,0,0,0,0,0.111805406,13.47246816
13,16,13016,0.114124256,0.009361241,0.007065675,0.113476841,44.23791407,1334.960603,0.006452398,1.934955392,36.09358849,,64.8969788,,0,0,7.227709477,0,0,0,5.9271,0.5831,0,101.5761875
13,17,13017,0.016623141,0.001363542,0.001324814,0.021276908,11.33883331,666.848122,0.001653845,0.495957757,5.560503532,,,,0,0,1.852569108,0,0,0,3.2359,0.3184,0.06596519,25.01221695
13,18,13018,0.010336184,0.000847843,0.004517955,0.072559711,19.48420537,1842.023403,0.002841903,0.852234311,0,,,,0,0,3.183381919,0,0,0,0,0,0.027951352,0
13,19,13019,0.001598379,0.00013111,0.000951149,0.015275729,14.2692578,673.7278322,0.002081268,0.624133798,21.90416965,,,,0,0,2.331349748,0,0,0,0,0,0,45.12192624
13,20,13020,0.000639352,5.24E-05,6.79E-05,0.001091123,2.208534678,171.2256483,0.00032213,0.096600759,0.558189819,,,,0,0,0.36083634,0,0,0,0,0,0.000279514,5.27962363
13,21,13021,0.03186102,0.002613456,0.004619864,0.074196396,12.21854519,23.33734068,0.001782157,0.534436137,18.14284759,,,,0,0,1.996298801,0,0,0,4.9019,0.4823,0,27.94429364
13,22,13022,0.010868977,0.000891547,0.000713361,0.011456796,10.99201446,245.8317833,0.001603259,0.480787987,7.753614213,,68.2166397,,0,0,1.795904909,0,0,0,0,0,0.26153148,91.4506236
13,23,13023,0.035377454,0.002901897,0.008662246,0.139118243,28.40212616,291.2208225,0.004142642,1.242301956,33.18813583,,,,0,0,4.640415823,0,0,0,0,0,0.098668271,62.49754472
13,24,13024,0.002344289,0.000192294,0.005604982,0.090017687,14.35303988,561.2152364,0.002093488,0.627798405,14.83374986,,0.706482,,0,0.189454272,2.34503829,0,0,0,0,0,0,53.74845414
13,25,13025,0.014705086,0.00120621,0.00247978,0.039826007,22.34546092,2443.605755,0.003259236,0.97738492,0.991891346,,,,0,0,3.650861553,0,0,0,0,0,0.015186901,4.43111269
13,26,13026,0.00149182,0.000122369,0.000271757,0.004364494,12.36467673,1324.666848,0.001803472,0.540827894,0,,,,0,0,2.020174166,0,0,0,0,0,0,0
13,27,13027,0.008737805,0.000716734,0.002377871,0.038189322,22.21394254,2424.392799,0.003240053,0.971632338,0,,,,0,0,3.629373726,0,0,0,0,0,0,0
13,28,13028,0.174756097,0.014334673,0.043481075,0.698319024,120.2009855,10663.03959,0.017532125,5.257561302,1.049277565,,,,0,0,19.63876056,0,0,0,0,0,2.881989705,10.37068927
13,29,13029,0.162928093,0.01336446,0.013927532,0.223680312,38.00004573,859.2557413,0.005542563,1.662112577,34.59378068,,,,0,0,6.208549756,0,0,0,8.8426,0.87,16.40994784,93.83588213
13,30,13030,0.182641433,0.014981481,0.052890652,0.849439625,68.74027653,1180.860436,0.010026233,3.00668265,59.5271061,,,,0,0,11.23097141,0,0,0,0,0,0.00087733,106.4692672
13,31,13031,0.007459102,0.000611846,0.005333226,0.085653193,11.24043808,626.402813,0.001639494,0.491653974,0.67347857,,,,0,0,1.836493029,0,0,0,0,0,0.050685118,10.84208424
13,32,13032,0.055090794,0.004518918,0.00332902,0.05346505,10.32857726,1122.819693,0.001506493,0.451769408,0.452224331,,,,0,0,1.687510755,0,0,0,0,0,0,0
13,33,13033,0.000213117,1.75E-05,0.000407635,0.006546741,2.646929299,205.5851558,0.000386072,0.115776031,0,,,,0,0,0.432462434,0,0,0,0,0,0,0
13,34,13034,0.000639352,5.24E-05,6.79E-05,0.001091123,9.29688859,774.5292922,0.001356014,0.406643602,0,,12.35929194,,0,0,1.518950683,0,0,0,0,0,15.72822554,0
13,35,13035,0.017262493,0.001415986,0.000271757,0.004364494,8.658780865,432.5849226,0.001262942,0.378732928,17.46004575,,8.58323604,,0,0,1.414694925,0,0,0,3.1718,0.3121,1.109295973,57.81187875
13,36,13036,0.006180399,0.000506958,0.002275963,0.036552636,8.067435232,446.0744648,0.00117669,0.352867617,2.097253637,,3.15060751,,0,0,1.318079283,0,0,0,0,0,0,7.080352404
13,37,13037,0.006180399,0.000506958,0.002547719,0.04091713,19.25624016,1258.736957,0.002808653,0.84226317,30.55251667,,4.69565046,,0,0,3.14613635,0,0,0,0,0,0,56.30341486
13,38,13038,0.001385262,0.000113629,0.005638952,0.090563248,6.408355145,501.6613118,0.000934702,0.280299865,1.106271194,,29.30099894,,0,0,1.047014313,0,0,0,0,0,0,6.552390041
13,39,13039,0.017795286,0.001459689,0.013621806,0.218770257,11.16152704,213.0753904,0.001627984,0.488202425,0,,5.898703552,,0,0,1.823600332,0,0,0,0,0,1.863718213,2.498393325
13,40,13040,0.002131172,0.000174813,0.001087027,0.017457976,9.33293437,704.320149,0.001361271,0.408220235,0,,,,0,0,1.524839939,0,0,0,0,0,0,0
13,41,13041,0.111779967,0.009168946,0.010938208,0.175670879,37.27231065,379.6404767,0.005436418,1.630281626,46.12684717,,,,0,0,6.089650441,0,0,0,0,0,2.925416291,92.59139942
13,42,13042,0.007032867,0.000576883,0.00251375,0.040371569,10.10158627,765.2537861,0.001473385,0.441840879,0.885016955,,,,0,0,1.650424356,0,0,0,0,0,0.000931712,0
13,43,13043,0.001278703,0.000104888,0.000441605,0.007092303,5.820906353,508.2975144,0.000849018,0.254605,0.221254239,,6.987032,,0,0,0.951035348,0,0,0,0,0,0.217088831,0.56567396
13,44,13044,0.008737805,0.000716734,0.001324814,0.021276908,14.90054605,787.7729386,0.002173345,0.65174619,31.31292161,,,,0,0,2.434491322,0,0,0,13.4561,1.3239,0,50.44868937
13,45,13045,0.003090199,0.000253479,0.000781301,0.01254792,7.08153444,420.352527,0.00103289,0.30974456,3.540067821,,3.950642906,,0,0,1.157000158,0,0,0,0,0,0,4.902507657
13,46,13046,0.044541493,0.003653593,0.005061469,0.081288699,39.35224958,4286.146923,0.005739791,1.721257639,0.885016955,,,,0,0,6.429476461,0,0,0,0,0,0,2.168416848
13,47,13047,0.00074591,6.12E-05,0.000135878,0.002182247,3.992313679,296.2588144,0.000582306,0.17462281,0,,,,0,0,0.652274955,0,0,0,0,0,0,1.103064223
13,48,13048,0.713090123,0.058492458,0.246041742,3.951503665,285.7582785,152.5795374,0.041679773,12.49899624,7.397639516,,9.877051968,,41.78762033,0.899907792,46.68795673,0,0,0,3.7165,0.3656,61.88492155,37.75873686
13,49,13049,0.006180399,0.000506958,0.001766419,0.02836921,16.87527027,1780.679602,0.002461372,0.738120137,0,,,,0,0,2.75712708,0,0,0,0,0,0,1.131347921
13,50,13050,0.069902439,0.005733869,0.010394695,0.166941892,18.92111183,87.37661434,0.002759772,0.82760474,12.16898314,,,,0,0,3.091382181,0,0,0,0,0,8.267171258,36.71224003
13,51,13051,0.322765987,0.026475442,0.046470399,0.746328457,81.67584047,68.51479623,0.011912972,3.57248101,15.70905096,,16.30971636,,0,0.260499624,13.34441866,0,0,0,3.3,0.3247,10.36984508,34.60039058
13,52,13052,0.03644304,0.002989304,0.003600777,0.057829544,28.216052,447.8753852,0.004115502,1.234163118,13.28497018,,7.7489986,,0,0,4.610014526,0,0,0,6.3436,0.6241,0.15186901,58.45297591
13,53,13053,0.006393516,0.000524439,0.003464898,0.055647297,17.53481062,1827.47911,0.00255757,0.766968268,0,,2.59643972,,0,0,2.864884558,0,0,0,0,0,0,0
13,54,13054,0.009909949,0.000812881,0.00166451,0.026732525,26.77032396,610.8315098,0.003904632,1.170927332,40.26827147,,30.022993,,0,0,4.373807587,0,0,0,0,0,0.087208217,55.41719232
13,55,13055,0.008205012,0.00067303,0.001120996,0.018003537,13.25120807,470.6553251,0.001932778,0.579604555,10.20684255,,,,0,0,2.165018043,0,0,0,0,0,0.003633676,21.58046159
13,56,13056,0.119665303,0.009815755,0.005672922,0.09110881,29.88682261,210.8963831,0.004359195,1.30724221,12.39995323,,73.07406086,,0,0,4.882989525,0,0,0,3.3961,0.3341,0,8.730234789
13,57,13057,0.044967727,0.003688556,0.002547719,0.04091713,12.33739884,680.3851104,0.001799493,0.539634766,37.95054877,,95.26066525,,0,0,2.015717431,0,0,0,7.2086,0.7092,0.156527569,123.2792118
13,58,13058,0.013000149,0.00106636,0.002785506,0.044736062,14.32868463,578.3101969,0.002089935,0.626733113,9.956440748,,,,0,0,2.341059063,0,0,0,0,0,0,41.27534331
13,59,13059,0.017688727,0.001450949,0.004755743,0.076378643,29.41335642,970.2862848,0.004290136,1.286532916,12.43881664,,,,0,0,4.805633344,0,0,0,5.2223,0.5138,0.129663974,101.2179273
13,60,13060,0.007778777,0.000638068,0.003125202,0.05019168,14.66381296,1185.387691,0.002138816,0.641391543,0,,,,0,0,2.395813232,0,0,0,0,0,0,5.845297591
13,61,13061,0.742500296,0.060904878,0.023337108,0.374800914,48.23120196,184.0804505,0.007034846,2.109620814,35.27567361,,108.1504725,,0,0,7.880143602,0,0,0,5.9912,0.5894,0.195984251,85.15278684
13,62,13062,0.00074591,6.12E-05,0.000611453,0.009820111,27.7893479,3057.048853,0.004053264,1.215499186,0,,,,0,0,4.540298462,0,0,0,0,0,0.034100649,0
13,63,13063,1.25440779,0.102894981,0.023982531,0.385166587,69.54692263,537.3919842,0.010143888,3.041965151,9.860583704,,,,0,0,11.36276342,0,0,0,3.4922,0.3436,0.182965802,69.58732503
13,64,13064,0.002237731,0.000183554,0.000611453,0.009820111,8.806860825,373.7734889,0.00128454,0.385209909,9.0908555,,,,0,0,1.438888627,0,0,0,5.9271,0.5831,0.020497658,24.80480316
13,65,13065,0.010123067,0.000830362,0.001868327,0.030005896,9.981758409,46.80934184,0.001455907,0.436599638,10.7164531,,,,0,0,1.630846557,0,0,0,0,0,0,15.05635525
13,66,13066,0.055090794,0.004518918,0.006318344,0.101474483,11.64570955,90.8257425,0.001698605,0.509380448,26.32925442,,4.2601986,,0,0,1.902707373,0,0,0,3.7165,0.3656,0.714436546,36.12771027
13,67,13067,0.041344735,0.003391374,0.0058088,0.093291057,42.84869023,1061.941569,0.006249771,1.874191086,36.3819448,,,,0,0,7.000734347,0,0,0,0,0,0.034277447,81.85302207
13,68,13068,0.004901695,0.00040207,0.000645422,0.010365673,13.51424484,1190.460152,0.001971144,0.591109718,0,,1.70407944,,0,0,2.207993699,0,0,0,0,0,0,0
13,69,13069,1.244284724,0.102064619,0.039880299,0.64048948,60.95828491,109.8083446,0.008891177,2.666300266,20.67289385,,,,0,0,9.959528671,0,0,0,6.0937,0.5995,0.139079833,0
13,70,13070,0.032820048,0.002692121,0.006182465,0.099292236,16.01309418,85.72718868,0.002335618,0.700408769,7.965152598,,,,0,0,2.61626243,0,0,0,0,0,0.096732732,21.72188008
13,71,13071,0,0,0.000611453,0.009820111,8.736717686,663.1994504,0.001274309,0.382141865,0.442508478,,,,0,0,1.427428452,0,0,0,0,0,0,2.441825929
13,72,13072,0.03644304,0.002989304,0.00244581,0.039280445,8.104455222,25.63590742,0.001182089,0.354486862,11.9477289,,40.26762992,,0,0,1.324127709,0,0,0,3.5883,0.353,0.242058705,39.66317252
13,73,13073,0.008950922,0.000734215,0.002887415,0.046372748,34.05546835,3107.719856,0.00496722,1.489577741,0,,,,0,0,5.564074087,0,0,0,0,0,0,0
13,74,13074,0.1016569,0.008338584,0.011209965,0.180035373,25.81364948,278.9741839,0.003765095,1.129082627,10.62020346,,,,0,0,4.217503535,0,0,0,3.2679,0.3215,0,39.58774933
13,75,13075,0.062123661,0.005095801,0.006488192,0.104202292,11.80450582,50.05727305,0.001721767,0.516326157,26.32925442,,5.11223832,,0,0,1.928651935,0,0,0,0,0,0,50.43926147
13,76,13076,0.3111511,0.02552271,0.054623101,0.877263274,94.82670489,581.9600882,0.013831115,4.147696558,26.05100655,,11.2377986,,0,0,15.49304229,0,0,0,14.0008,1.3775,8.009369074,92.58197152
13,77,13077,0.535883179,0.04395675,0.077246848,1.240607391,129.5261262,538.5283247,0.018892259,5.665440643,31.31252902,,11.29477818,,0,0,21.16232715,0,0,0,6.0232,0.5926,4.233118033,42.24641694
13,78,13078,0.001811496,0.000148591,0.000577483,0.00927455,19.07114021,2378.527373,0.002781654,0.834166944,0.548473965,,,,0,0,3.115894222,0,0,0,0,0,0.004379045,1.508463894
13,79,13079,0.001385262,0.000113629,0.000339696,0.005455617,6.746406108,563.2891858,0.000984009,0.29508613,0,,0.42601986,,0,0,1.102245989,0,0,0,0,0,3.860361167,0
13,80,13080,0.00607384,0.000498217,0.000407635,0.006546741,23.45703484,2898.348748,0.003421367,1.026004887,0.009715854,,,,0,0,3.832473492,0,0,0,0,0,0.007267351,0.754231947
13,81,13081,0.159837894,0.013110981,0.007711097,0.123842514,25.6451111,581.0847786,0.003740512,1.121710801,1.173765857,,156.2748685,,0,0,4.189967281,0,0,0,0,0,0.000679223,0
13,82,13082,0.103468397,0.008487175,0.003159172,0.050737242,16.94151657,24.13568492,0.002471034,0.741017734,30.54280081,,3.40815888,,0,0,2.767950578,0,0,0,0,0,0,68.85194888
13,83,13083,0.029516731,0.002421161,0.004857651,0.078015328,28.3865388,342.3020528,0.004140368,1.241620168,36.7577438,,45.07215608,,0,0.023681784,4.637869117,0,0,0,9.5474,0.9393,2.144533321,171.2860752
13,84,13084,0.03942668,0.003234042,0.009749272,0.156576219,31.5838969,1005.31729,0.004606724,1.381471819,2.223559735,,,,0,0,5.16026209,0,0,0,0,0,10.59111244,15.81058719
14,1,14001,0.11007503,0.009029096,0.008342382,0.055101735,1.786745708,89.57955502,0.002545066,0.763218437,34.30412287,,,,0,0,2.850877677,0,0,0,0,0,0,86.34858789
14,2,14002,0.062017103,0.005087061,0.020566863,0.135844873,2.352167777,37.30559493,0.003350461,1.004741641,13.91026208,239.528629,9.4933986,,0,0,3.753048113,0,0,0,6.1534,0.6054,0.319736494,25.1440663
14,3,14003,0.03260693,0.00267464,0.02106245,0.139118243,2.18447644,153.8521067,0.003111599,0.933111347,51.49472771,1585.540763,625.5874683,,0,0,3.485484863,0,0,0,3.8383,0.3776,0,83.52406957
14,4,14004,0.003196758,0.00026222,0.002560533,0.016912414,0.487112908,109.9485937,0.000693851,0.208073007,11.50522042,,,,0,0,0.777222695,0,0,0,4.9044,0.4825,0,22.5076677
14,5,14005,0.122862061,0.010077974,0.008920567,0.058920668,1.393603793,122.5476067,0.001985069,0.595285666,20.89414809,52.96060583,486.1967294,,0,0,2.22359227,0,0,0,2.6807,0.2637,0,51.44366687
14,6,14006,0.133624479,0.01096078,0.057488099,0.379710969,5.232747814,510.8711255,0.007453601,2.23519754,78.29524558,1755.67547,221.0053236,,0,0,8.349214927,0,0,0,0,0,0,149.0205659
14,7,14007,0.007459102,0.000611846,0.00421249,0.027823649,0.820400687,66.60187925,0.00116859,0.350438749,30.53308496,619.9727764,158.7510159,,0,0,1.309006645,0,0,0,3.1681,0.3117,0,44.03526158
14,8,14008,0.364430398,0.029893037,0.077311581,0.510645786,5.947805222,443.3948818,0.008472139,2.540638317,122.3535941,,,,0,0,9.490139007,0,0,0,0,0,0,192.0808582
14,9,14009,0,0,0.015115405,0.099837798,1.510219601,25.93846465,0.002151178,0.645098762,18.90285994,586.8583564,337.6071888,,0,0,2.409660943,0,0,0,7.6765,0.7553,0.231939185,41.79606513
14,10,14010,0.007778777,0.000638068,0.003221316,0.021276908,0.637546302,429.3640469,0.00090813,0.272331474,13.05400009,,60.69380904,,0,0,1.017249692,0,0,0,0,0,0,22.18437946
14,11,14011,0.003516434,0.000288442,0.002808327,0.018549099,0.470253993,304.3448844,0.000669836,0.200871627,21.68291541,,187.4221986,,0,0,0.750323118,0,0,0,0,0,0,84.91250749
14,12,14012,0.004688578,0.000384589,0.003799501,0.02509584,0.394638268,46.80218522,0.000562128,0.168571947,17.04629224,,943.112637,,0,0,0.629672944,0,0,0,0,0,0,39.60451115
14,13,14013,0.246683149,0.020234614,0.051541054,0.340430524,5.115832736,337.6780857,0.007287065,2.185256609,128.3371744,,,,0,0,8.162668747,0,0,0,0,0,0.012308463,205.4683944
14,14,14014,0.029303614,0.00240368,0.008755371,0.057829544,0.75545895,220.1191075,0.001076086,0.322698522,11.28396618,,35.49811636,,0,0,1.205387564,0,0,0,0,0,0,43.47716398
14,15,14015,0.170813429,0.014011269,0.081111082,0.535741626,5.386373429,386.617057,0.007672427,2.300819582,47.89688108,1430.564088,1322.404713,,0,0.805180656,8.594335335,0,0,0,0,0,0.360633615,100.0628154
14,16,14016,0.193190734,0.015846806,0.018997504,0.1254792,3.461364668,328.3205064,0.004930417,1.478541307,74.45710559,,,,0,0,5.522849291,0,0,0,0,0,0.002051411,148.4471546
14,17,14017,0.01747561,0.001433467,0.015610992,0.103111168,1.179824772,381.3940245,0.001680559,0.50396876,23.55891481,,,,0,0,1.882492898,0,0,0,0,0,0,88.73071178
14,18,14018,0.119452186,0.009798273,0.052945218,0.349705074,5.812036091,164.7815081,0.008278747,2.482643772,164.1803611,,234.6090097,,0,0,9.273509867,0,0,0,5.5137,0.5425,0.356670924,307.2939815
14,19,14019,0.001172145,9.61E-05,0.002147544,0.014184605,0.491901239,300.7097271,0.000700671,0.210118369,1.548779672,,961.2021082,,0,0,0.784862812,0,0,0,0,0,0,10.19549024
14,20,14020,0.004901695,0.00040207,0.011563698,0.076378643,0.914172166,408.9327635,0.00130216,0.390493761,3.76132206,,3145.316526,,0,0,1.458625595,0,0,0,0,0,0,277.721615
14,21,14021,0.086632138,0.007106152,0.033121735,0.218770257,1.814777395,187.5081879,0.002584995,0.77519233,41.78829617,1445.001882,378.659139,,0,0,2.895604193,0,0,0,0,0,0.153337572,196.3697021
14,22,14022,0.040918501,0.003356411,0.136782029,0.903450237,2.976945196,270.5588804,0.004240403,1.271618816,20.13413573,,,,0,0,4.749924161,0,0,0,0,0,0.510539224,104.5650296
14,23,14023,0.297405041,0.024395166,0.159496436,1.053479715,9.972297551,193.3356857,0.014204683,4.259722758,41.03799967,21.17102696,528.2102151,,0,0.071045352,15.91149784,0,0,0,0,0,4.455177427,104.1222948
14,24,14024,0.065640095,0.005384243,0.032295757,0.213314639,2.425987877,229.8615833,0.003455612,1.036274311,36.07415679,871.8445634,3.04261986,,0,0,3.870833244,0,0,0,0,0,0.046130127,81.83276161
14,25,14025,0.046992341,0.003854629,0.02527494,0.166941892,1.576857205,141.1925612,0.002246098,0.673563388,19.02786454,,253.1852313,,0,0,2.515985899,0,0,0,0,0,0,27.30594582
14,26,14026,0.026426532,0.002167682,0.007929393,0.052373927,0.502575226,72.98733768,0.000715875,0.214677823,16.15155944,,65.52924508,,0,0,0.801893905,0,0,0,0,0,0.003607943,35.0280428
14,27,14027,0.005008254,0.000410811,0.006194838,0.04091713,1.628631033,1185.831102,0.002319845,0.695678868,42.92332234,666.1704153,1566.000601,,0,0,2.59859466,0,0,0,0,0,0,272.1338329
14,28,14028,0.002663965,0.000218516,0.003386512,0.022368031,0.190735179,85.32860852,0.000271686,0.0814736,2.972554739,,12.17047944,,0,0,0.304331311,0,0,0,0,0,0,15.27962322
14,29,14029,0.009164039,0.000751696,0.010159535,0.067104094,1.559100478,641.0410948,0.002220805,0.665978503,82.75880118,,,,0,0,2.4876538,0,0,0,0,0,0,161.0366794
14,30,14030,0.084074732,0.006896376,0.118280112,0.781244408,4.321568355,73.45567897,0.006155704,1.84598213,18.8066103,,,,0,1.397225256,6.895364405,0,0,0,0,0,0,26.29864772
14,31,14031,0,0,0.000495587,0.00327337,0.324309659,257.5444602,0.000461951,0.138530687,4.203830538,,726.2869903,,0,0,0.517458731,0,0,0,0,0,0,11.71324346
14,32,14032,0.011082094,0.000909028,0.005616653,0.037098198,0.491103184,287.5559655,0.000699534,0.209777476,3.193808978,,193.1018858,,0,0,0.783589459,0,0,0,0,0,0,32.70315794
14,33,14033,0.095263385,0.007814145,0.016189177,0.106930101,1.825950167,176.3913406,0.002600909,0.779964842,55.11173718,,,,0,0,2.913431132,0,0,0,0,0,10.7980576,67.38007568
14,34,14034,0.00149182,0.000122369,0.001651957,0.010911235,0.178864109,34.73804899,0.000254777,0.076402806,1.99128815,,,,0,0,0.285390189,0,0,0,0,0,0,19.64911904
14,35,14035,0.114337373,0.009378722,0.037086432,0.24495722,4.650965615,243.5770663,0.006624902,1.986686015,163.5068825,,,,0,0,7.42094076,0,0,0,13.8604,1.3636,2.565514004,214.4115681
14,36,14036,0.030049524,0.002464864,0.021392841,0.14130049,1.755821071,133.8982176,0.002501017,0.750008806,31.29309731,475.4858035,68.9695888,,0,0,2.801535258,0,0,0,1.3099,0.1289,0.016804108,53.49569645
14,37,14037,0.056795732,0.004658769,0.045263618,0.298967832,2.113050504,169.7925893,0.003009859,0.902601359,19.02786454,1118.350909,32.21091916,,0,0,3.37151979,0,0,0,0,0,1.098623403,43.01435134
14,38,14038,0.003409875,0.000279701,0.002890925,0.019094661,0.392942401,214.5643772,0.000559713,0.167847548,13.50622442,,520.9679039,,0,0,0.626967069,0,0,0,0,0,0,38.19565502
14,39,14039,12.37092019,1.01474625,3.586480959,23.6888362,157.5334915,200.8419991,0.22439295,67.29131332,0,,,,225.548445,14.30379754,251.3556979,1222.53183,1041.15,0,2.9549,0.2907,172.9387124,0
14,40,14040,0.004795137,0.000393329,0.002230142,0.014730167,0.810923782,330.7478191,0.001155091,0.346390636,9.831436143,,49.66022712,,0,0,1.293885581,0,0,0,8.9255,0.8781,0.038656531,22.59614659
14,41,14041,0.044115259,0.003618631,0.003716903,0.024550278,0.493297835,43.39174019,0.00070266,0.210714933,5.310101732,,156.996,,0,0,0.787091179,0,0,0,0,0,0,10.91693347
14,42,14042,0.009270598,0.000760437,0.006773023,0.044736062,0.751169403,225.1297928,0.001069976,0.320866218,9.735186509,,117.7979751,,0,0,1.198543292,0,0,0,0,0,0,20.86059919
14,43,14043,0.022270747,0.001826797,0.05897486,0.389531081,1.931492959,357.5083495,0.002751246,0.825048037,40.3645211,165.1921579,12.36261335,,0,0,3.081832035,0,0,0,0,0,2.705957156,275.4892246
14,44,14044,0.315093768,0.025846114,0.0114811,0.075833082,2.431773777,140.3603739,0.003463853,1.03874579,47.56966135,,,,0,0.142090704,3.880065052,0,0,0,4.2038,0.4136,0.989349478,61.0095958
14,45,14045,0.030688876,0.002517308,0.015280601,0.100928921,1.736468234,391.9343646,0.00247345,0.741742133,70.80135643,,,,0,0,2.770656453,0,0,0,0,0,0.77740578,134.5423572
14,46,14046,0.113698022,0.009326278,0.035269279,0.232954862,2.775735544,214.8312956,0.003953797,1.185670986,47.56966135,,,,0,0,4.428880094,0,0,0,0,0,0.068242137,46.21320342
14,47,14047,0.02962329,0.002429902,0.026926897,0.177853126,2.117439808,45.70022599,0.003016111,0.904476275,76.53492752,,,,0,0,3.37852323,0,0,0,0,0,0.168800184,107.1955749
14,48,14048,0.102935604,0.008443472,0.015610992,0.103111168,1.713224878,354.0518049,0.002440342,0.731813603,55.76578404,,259.643972,,0,0,2.733570054,0,0,0,0,0,0.796693607,145.0441205
14,49,14049,0.001918055,0.000157332,0.002147544,0.014184605,0.818405549,300.8854045,0.001165749,0.349586514,43.02928782,,,,0,0,1.305823263,0,0,0,0,0,0,156.1550269
14,50,14050,0.038574212,0.003164117,0.053110413,0.350796197,3.874158691,206.8850382,0.005518407,1.654868586,30.31183072,,38.11342008,,0,0,6.18149101,0,0,0,0,0,0.15044753,81.2032003
14,51,14051,0.028664262,0.002351236,0.00611224,0.040371569,1.191695842,37.46602942,0.001697469,0.509039554,15.70905096,,24.38127944,,0,0,1.90143402,0,0,0,0,0,0,23.72595392
14,52,14052,0.01065586,0.000874065,0.005616653,0.037098198,0.508061855,125.4839934,0.000723691,0.217021467,5.973864449,,,,0,0,0.810648206,0,0,0,0,0,0,42.66043579
14,53,14053,0.788746726,0.064698322,0.136369039,0.900722429,14.2286249,962.6483831,0.020267456,6.077836826,168.086512,,174.44,,0,0.213136056,22.70276566,0,0,0,3.4727,0.3417,2.709003878,390.2191171
14,54,14054,0.00607384,0.000498217,0.007681599,0.050737242,0.515443865,45.40386089,0.000734206,0.220174734,2.222258242,150.655248,,,0,0,0.822426719,0,0,0,0,0,0,27.90487983
14,55,14055,0.024082243,0.001975388,0.020153874,0.133117064,1.916230155,216.8906012,0.002729506,0.818528444,14.58374065,240.0572439,767.3102462,,0,0,3.057479164,0,0,0,6.5494,0.6444,0.231939185,37.47080875
14,56,14056,0.00074591,6.12E-05,0.001073772,0.007092303,0.257672054,148.8433252,0.000367032,0.110066061,2.433796627,,,,0,0,0.411133775,0,0,0,0,0,0,41.31964035
14,57,14057,0.005647606,0.000463255,0.004047294,0.026732525,0.34835107,60.75062331,0.000496196,0.148800111,2.212542388,,,,0,0,0.555818483,0,0,0,0,0,0.027832702,16.07831533
14,58,14058,0.041451294,0.003400114,0.027339886,0.180580935,1.274693577,195.7875174,0.001815692,0.544492501,42.5964952,,661.9961287,,0,0,2.033862708,0,0,0,0,0,0.002319392,66.94448731
14,59,14059,0.018008403,0.001477171,0.04633739,0.306060135,1.168153215,281.6154298,0.001663934,0.498983189,10.62020346,0.759883926,282.1399137,,0,0,1.863870113,0,0,0,0,0,0.004381073,25.0363943
14,60,14060,0.012254239,0.001005175,0.002973522,0.019640223,0.578889249,87.65054175,0.000824578,0.247275785,10.39894923,,136.0932059,,0,0,0.923658264,0,0,0,0,0,0,24.930628
14,61,14061,0.00458202,0.000375848,0.004790675,0.031642581,1.601896185,1510.882217,0.002281764,0.684258929,5.07952423,,1440.923792,,0,0,2.555937343,0,0,0,0,0,0,24.62775796
14,62,14062,0.001704938,0.00013985,0.001404163,0.00927455,0.311141749,100.5033318,0.000443195,0.132905941,11.95744475,,52.62360214,,0,0,0.49644841,0,0,0,0,0,0,29.80377287
14,63,14063,0.479194006,0.039306722,0.114398013,0.755603006,9.159478388,122.6911919,0.013046892,3.9125225,85.84664467,,,,0,0,14.61458805,0,0,0,10.6009,1.043,2.76536693,102.1454723
14,64,14064,0.052533388,0.004309143,0.025935723,0.171306386,2.802969175,352.2290805,0.003992589,1.197303984,67.4922587,,,,0,0,4.472333258,0,0,0,0,0,0,135.3454732
14,65,14065,0.012467356,0.001022657,0.009498752,0.0627396,1.106802726,278.6185542,0.001576546,0.472776984,9.831436143,303.1936867,168.4809561,,0,0,1.765981119,0,0,0,0,0,0,99.16237259
14,66,14066,0.218125446,0.017892119,0.03485629,0.230227053,4.539337652,621.8827515,0.006465897,1.939003505,52.89919479,,,,0,0,7.242830541,0,0,0,10.144,0.998,0.701516045,98.00738281
14,67,14067,0.276093322,0.022647035,1.599837629,10.56698529,23.94354967,454.5798204,0.034105533,10.22762136,23.24141093,,85.203972,,0,0,38.20360724,379.53864,451.996,15.2,0,0,6.441763531,277.6671664
14,68,14068,0.007459102,0.000611846,0.009416154,0.062194038,1.052934004,551.4363724,0.001499814,0.449766658,7.522644121,396.461179,448.3129938,,0,0,1.680029808,0,0,0,0,0,0,513.5450738
14,69,14069,0.001385262,0.000113629,0.002643131,0.017457976,0.788877509,280.1605289,0.001123688,0.336973447,9.831436143,,30.94364928,,0,0,1.258709211,0,0,0,0,0,0,103.2691542
14,70,14070,3.282644104,0.269264593,0.093748552,0.619212572,12.61795011,123.0557793,0.017973188,5.389828067,7.311105736,,,,0,0.781498872,20.13282144,0,0,0,3.3813,0.3327,0.48452572,14.26551905
14,71,14071,0.000319676,2.62E-05,0.000412989,0.002727809,0.301964115,210.9185828,0.000430122,0.128985663,6.416372926,,217.4451916,,0,0,0.481804853,0,0,0,0,0,0,28.75563836
14,72,14072,0.030156083,0.002473605,0.008177186,0.054010612,0.595049866,49.57818668,0.000847598,0.254178883,24.78047475,,,,0,0,0.949443657,0,0,0,0,0,0,32.04296932
14,73,14073,0.115935752,0.009509832,0.113159045,0.74741958,5.713077254,288.0370508,0.008137789,2.44037295,145.5852892,,,,0,0,9.115614124,0,0,0,0,0,0.522717699,161.8414969
14,74,14074,0.035377454,0.002901897,0.016106579,0.106384539,1.233294466,34.61288821,0.001756722,0.52680864,16.15155944,,,,0,0,1.967807533,0,0,0,0,0,0,17.93398984
14,75,14075,0.007672219,0.000629327,0.003386512,0.022368031,0.352939887,37.51114582,0.000502733,0.15076025,4.521334411,89.63326489,95.5387944,,0,0,0.563140261,0,0,0,0,0,0,22.60975873
14,76,14076,0.003303316,0.00027096,0.001817153,0.012002358,0.305754877,134.6310136,0.000435522,0.130604908,0.885016955,,,,0,0,0.487853279,0,0,0,0,0,26.53100793,8.664124883
14,77,14077,0.055730146,0.004571362,0.035847464,0.236773794,2.296902458,212.371171,0.003271741,0.981134751,48.10841946,1033.111756,,,0,0,3.664868434,0,0,0,0,0,0.053088302,169.1634652
14,78,14078,0.279716314,0.022944217,0.028413658,0.187673238,2.601460252,92.48465038,0.003705557,1.111228318,41.15328842,,,,0,0,4.150811684,0,0,0,0,0,0.233902656,55.0066436
14,79,14079,0.05157436,0.004230477,0.007351208,0.048554995,1.258034176,411.7589738,0.001791962,0.537376345,17.13282602,5.642964115,420.1357343,,0,0,2.007281469,0,0,0,4.5389,0.4466,7.183156553,39.59736478
14,80,14080,0.002557406,0.000209776,0.006690425,0.044190501,0.536592327,287.6028926,0.00076433,0.229208418,5.973864449,,,,0,0,0.856170567,0,0,0,0,0,1.805259988,40.27150584
14,81,14081,0.002131172,0.000174813,0.002064946,0.013639043,0.350745235,93.76003254,0.000499607,0.149822792,1.770033911,,121.7047944,,0,0,0.559638541,0,0,0,0,0,0,10.15465383
14,82,14082,0.097181439,0.007971477,0.033204333,0.219315818,3.60481508,185.5326026,0.00513475,1.539816954,22.45264361,14.38823696,295.8408692,,0,0,5.751734451,0,0,0,3.4727,0.3417,0,47.29536827
14,83,14083,0.155149316,0.012726393,0.051458456,0.339884962,5.703101564,106.2785104,0.008123579,2.436111779,54.62104202,3051.759925,949.3549387,,0,0,9.099697215,0,0,0,8.3467,0.8212,3.645903486,109.8744434
14,84,14084,0.025467504,0.002089016,0.032378355,0.213860201,1.361581831,451.9123856,0.001939457,0.581607306,9.927685777,,2390.896836,,0,0,2.17249899,0,0,0,0,0,0,63.91578694
14,85,14085,0.118599717,0.009728348,0.033452127,0.220952504,3.438719853,471.0241104,0.004898162,1.468868447,23.84766371,1282.129022,48.40910584,,0,0.307863192,5.486717906,0,0,0,0,0,0,120.3830128
14,86,14086,0.033246282,0.002727084,0.0306438,0.202403405,1.621249023,819.1062977,0.00230933,0.692525601,21.24040693,,191.139315,,0,0,2.586816147,0,0,0,0,0,0,41.46256778
14,87,14087,0.033139723,0.002718343,0.021145048,0.139663805,1.536056636,346.0136776,0.002187981,0.656135196,13.02524512,202.8031084,1084.575728,,0,0,2.450885739,0,0,0,0,0,0,76.03562492
14,88,14088,0.028344586,0.002325014,0.017262949,0.114022403,1.446574703,311.1751402,0.002060522,0.617912487,25.22298323,,198.9944756,,0,0,2.30811106,0,0,0,0,0,39.38507755,73.84584052
14,89,14089,0.001065586,8.74E-05,0.001404163,0.00927455,0.293584536,54.37379789,0.000418186,0.125406279,3.318813583,,,,0,0,0.468434649,0,0,0,3.9906,0.3926,0,12.16244396
14,90,14090,0.008950922,0.000734215,0.00652523,0.043099377,0.690217942,92.44394492,0.000983156,0.29483046,19.47037302,,65.19323692,,0,0,1.101290975,0,0,0,0,0,0,69.29938693
14,91,14091,0.049656306,0.004073145,0.026761701,0.176762003,3.575087526,586.4897851,0.005092406,1.527118662,64.16372926,,,,0,0,5.70430206,0,0,0,0,0,0.16287285,144.0164042
14,92,14092,0.004795137,0.000393329,0.004542881,0.030005896,0.970036026,171.9363771,0.001381733,0.414356322,32.52437311,1.486729421,,,0,0,1.547760289,0,0,0,0,0,0,86.87265515
14,93,14093,0.613457836,0.050319946,0.162469958,1.073119938,12.86105765,296.5655683,0.018319474,5.493672817,102.4407126,,,,0,0,20.52071652,0,0,0,0,0,3.909464797,260.1211225
14,94,14094,0.17528889,0.014378376,0.056249131,0.371527543,4.003443624,517.9978096,0.005702562,1.710093369,19.69162726,6.98762828,964.38688,,0,0,6.387774158,0,0,0,8.6209,0.8482,0.046387837,70.04124837
14,95,14095,0.004049227,0.000332145,0.003634305,0.024004716,0.738899305,17.65771478,0.001052499,0.315624977,22.86639712,515.3995327,116.6328766,,0,0,1.178965494,0,0,0,3.4423,0.3387,0,34.13733265
14,96,14096,0.020565809,0.001686946,0.016106579,0.106384539,1.845901545,199.5256006,0.002629328,0.788487185,12.39023738,,,,0,0,2.945264951,0,0,0,0,0,0,32.09741787
14,97,14097,2.540356925,0.208377196,0.305033836,2.014759497,26.85964316,442.7045632,0.038259258,11.47324703,133.9941964,30.39535706,1772.215102,,0,1.231452768,42.85643825,0,0,0,9.7784,0.962,0.096830944,129.1522914
14,98,14098,3.329849562,0.273136703,0.567034195,3.745281328,60.7867629,595.976471,0.086585531,25.96540627,22.35639398,,,,0,3.718040088,96.98952944,0,0,0,4.5084,0.4436,18.50325916,37.54227247
14,99,14099,0.003303316,0.00027096,0.001734555,0.011456796,0.839753524,420.2933593,0.001196157,0.358705422,12.83274585,,,,0,0,1.33988545,0,0,0,0,0,0,51.15781201
14,100,14100,0.016410024,0.001346061,0.030891593,0.20404009,3.07121546,887.843109,0.004374683,1.311886887,54.42854276,,554.0102761,,0,0,4.900338957,0,0,0,0,0,0.427940421,219.0805309
14,101,14101,1.186956199,0.097362147,0.287357897,1.898009285,44.33046683,384.5546499,0.063144949,18.93600722,4.203830538,,,,0,4.073266848,70.7323587,0,0,0,0,0,1.119523895,15.70159945
14,102,14102,0.027492118,0.002255089,0.005781849,0.038189322,0.531903753,110.7425775,0.000757651,0.227205667,7.965152598,,3.4888,,0,0,0.84868962,0,0,0,0,0,0,53.74071491
14,103,14103,0.018008403,0.001477171,0.004542881,0.030005896,0.707176613,95.12789917,0.001007312,0.302074452,3.857964285,291.1346591,,,0,0,1.128349721,0,0,0,3.1681,0.3117,1.46433121,24.25376451
14,104,14104,0.00458202,0.000375848,0.002230142,0.014730167,0.397431461,102.3973186,0.000566107,0.169765075,10.62020346,,,,0,0,0.634129678,0,0,0,0,0,0,18.1994265
14,105,14105,0.023229774,0.001905463,0.015776188,0.104202292,1.914634044,124.2466939,0.002727232,0.817846657,84.74037348,,,,0,0,3.054932458,0,0,0,0,0,0,108.5159522
14,106,14106,0.003090199,0.000253479,0.001321565,0.008728988,0.361718493,173.2220331,0.000515237,0.154510081,11.28396618,,,,0,0,0.577147142,0,0,0,0,0,0,36.56900471
14,107,14107,0.005754164,0.000471995,0.008590176,0.056738421,0.555346623,43.68034534,0.000791044,0.237219421,4.425084777,,,,0,0,0.886094357,0,0,0,0,0,0,11.7472738
14,108,14108,0.132985128,0.010908336,0.02833106,0.187127676,3.237310687,507.138234,0.004611271,1.382835394,41.24953806,1017.207055,60.8523972,,0,0,5.165355501,0,0,0,12.3373,1.2138,46.91913045,164.129561
14,109,14109,0.063402365,0.005200689,0.007764197,0.051282803,1.494358255,217.8396954,0.002128585,0.638323499,35.8626184,,,,0,0,2.384353057,0,0,0,6.7931,0.6683,0,68.33292524
14,110,14110,0.017049375,0.001398505,0.019988678,0.13202594,1.260029314,175.0121041,0.001794804,0.538228579,32.52437311,,84.24091287,,0,0,2.010464851,0,0,0,0,0,0,81.39377021
14,111,14111,0.018647754,0.001529614,0.00652523,0.043099377,0.59684549,21.6585823,0.000850155,0.254945894,18.14284759,,,,0,0,0.952308701,0,0,0,0,0,0.108238286,27.74153419
14,112,14112,0.018008403,0.001477171,0.006855621,0.045281624,0.494494918,55.80224606,0.000704366,0.211226274,1.770033911,,7.089092792,,0,0,0.789001209,0,0,0,0,0,0.005411914,17.48036539
14,113,14113,0.026959325,0.002211386,0.006360034,0.042008254,1.291452735,453.364618,0.001839564,0.55165127,24.87672438,,469.2555998,,0,0,2.060603116,0,0,0,0,0,0,105.8343613
14,114,14114,0.026000297,0.00213272,0.022549211,0.148938354,1.454455498,48.69275928,0.002071747,0.621278813,25.76174134,722.8313254,,,0,0,2.320685419,0,0,0,0,0,0.999142466,30.34730548
14,115,14115,0.004155785,0.000340886,0.004377686,0.028914772,0.490704156,158.7789839,0.000698966,0.209607029,3.097559344,,21.89633251,,0,0,0.782952783,0,0,0,0,0,0,16.68167328
14,116,14116,0.066386005,0.005445428,0.031552376,0.208404584,1.793030392,82.01785716,0.002554018,0.765902976,21.01915269,,,,0,0,2.86090533,0,0,0,0,0,0.248879339,45.51217839
14,117,14117,0.003516434,0.000288442,0.003634305,0.024004716,0.381171088,58.66583124,0.000542946,0.162819365,15.70905096,,11.31843972,,0,0,0.608185116,0,0,0,0,0,0,25.68610158
14,118,14118,0.043902141,0.00360115,0.030065615,0.198584472,2.207819553,340.6259285,0.00314485,0.943082489,38.94074604,,16.5718,,0,0,3.522730431,0,0,0,0,0,0.586806138,74.11808325
14,119,14119,0.066492564,0.005454168,0.02527494,0.166941892,2.483348091,286.6804236,0.003537316,1.060776047,37.26696176,87.58488213,,,0,0,3.962355474,0,0,0,8.5599,0.8422,40.27476699,73.45108856
14,120,14120,9.158817872,0.751267969,1.785434983,11.79286252,123.0746675,704.5890234,0.17530931,52.57203363,54.32296986,112.3306674,2819.894477,,0,5.375764968,196.3742354,0,0,0,7.6765,0.7553,93.97096549,128.6346899
14,121,14121,0.121903034,0.009999308,0.026513908,0.175125318,2.633581971,258.2630143,0.003751312,1.124949291,28.38842983,1760.479258,6.93727944,,0,0.023681784,4.202064133,0,0,0,5.6355,0.5544,50.90188892,93.77802394
14,122,14122,0.004368902,0.000358367,0.003469109,0.022913593,0.621585199,441.3462639,0.000885395,0.2655136,4.646339016,131.9885342,,,0,0,0.991782637,0,0,0,0,0,0,34.64247903
14,123,14123,0.176993828,0.014518227,0.006442632,0.042553816,1.656463206,211.2842588,0.00235949,0.707567537,78.54525479,,,,0,0,2.643002838,0,0,0,0,0,0,118.1125084
14,124,14124,0.239756841,0.019666472,0.064921905,0.428811526,5.659308288,354.77941,0.008061199,2.417405236,46.46339016,,,,0,0.307863192,9.029821981,0,0,0,0,0,0,113.1576907
14,125,14125,0.091640392,0.007516963,0.012307079,0.081288699,2.027359333,330.0239562,0.0028878,0.865997895,6.637627165,,,,0,0,3.234793537,0,0,0,0,0,0,0
15,1,15001,0.094730592,0.007770442,0.005537043,0.088926563,17.55842479,3672.254881,0.008218214,2.464491181,35.62193245,,78.17037324,,0,0.141743153,9.205703832,0,0,0,0,0,0.00490177,0
15,2,15002,0.351536808,0.028835418,0.018785183,0.301695641,26.11206989,76.42204815,0.012221745,3.665076267,9.120664519,,29.10825778,,0,0,13.69029311,0,0,0,7.4073,0.7288,10.42827121,0
15,3,15003,0.101124107,0.008294881,0.004280168,0.068740779,12.87069332,1744.897159,0.006024123,1.806523681,33.40939007,,12.82091636,,0,0,6.747973822,0,0,0,0,0,0.731589216,0
15,4,15004,0.01140177,0.00093525,0.003940472,0.063285162,4.177093275,737.234644,0.001955087,0.586294594,3.318813583,,103.6500245,,0,0,2.190007591,0,0,0,0,0,0,0
15,5,15005,0.110394705,0.009055318,0.009545455,0.153302848,41.35592537,6640.799205,0.019356626,5.804695729,105.5479878,,8.95584906,,0,0,21.68249176,0,0,0,4.9815,0.4901,0.220579663,0
15,6,15006,0.11156685,0.009151465,0.001766419,0.02836921,2.771775681,37.53875742,0.001297329,0.389044963,4.425084777,,29.51327034,,0,0,1.453213846,0,0,0,0,0,0,0
15,7,15007,0.003516434,0.000288442,0.00244581,0.039280445,6.229664511,1806.60938,0.002915792,0.874392403,9.735186509,,27.9636337,,0,0,3.266149849,0,0,0,0,0,0.007352655,0
15,8,15008,0.015770672,0.001293617,0.00499353,0.080197575,7.933410964,1629.61362,0.00371323,1.113529351,1.106271194,,,,0,0,4.159406815,0,0,0,0,0,0.029410622,0
15,9,15009,0.043049673,0.003531224,0.011855387,0.190401046,15.36529143,721.330001,0.007191719,2.156664148,18.24881307,,139.8910202,,0,0,8.055866283,0,0,0,1.7327,0.1705,0,0
15,10,15010,0.133944155,0.010987002,0.006250405,0.10038336,8.226071617,118.2662493,0.00385021,1.154607045,5.512316854,,,,0,0,4.312845823,0,0,0,1.9926,0.196,23.9558014,0
15,11,15011,0.090042013,0.007385853,0.006046587,0.097109989,14.44207458,132.2334731,0.006759608,2.027081921,5.32953344,,,,0,0,7.571833063,0,0,0,0,0,0,0
15,12,15012,0.090148572,0.007394593,0.003362989,0.054010612,2.875299833,52.25625763,0.001345783,0.403575558,5.088847493,,9.5028306,,0,0,1.507490508,0,0,0,0,0,0,0
15,13,15013,1.562681808,0.128181694,0.125008092,2.007667194,145.2528857,66.45211888,0.067985562,20.38761792,0.221254239,,1.7444,,0,0,76.15461312,0,0,0,0,0,5.026457543,0
15,14,15014,0.783099121,0.064235068,0.029587513,0.475184273,24.37492855,2475.285273,0.011408677,3.421252031,35.89176596,,37.5248217,,0,0,12.77952754,0,0,0,3.552,0.3495,0.815869251,499.9284049
15,15,15015,0.021631395,0.001774353,0.004382077,0.070377464,7.311355283,1019.973825,0.003422077,1.026217946,3.76132206,,17.97347524,,0,0.058035579,3.833269337,0,0,0,0.4765,0.0469,0,0
15,16,15016,0.029410172,0.002412421,0.002955354,0.047463871,7.091859794,219.0048614,0.003319342,0.995409676,57.41081335,,173.2196772,,0,0,3.718190081,0,0,0,8.3169,0.8183,0,0
15,17,15017,0.002877082,0.000235998,0.001087027,0.017457976,2.047410208,35.89863787,0.00095829,0.28737341,15.58404635,,5.29191544,,0,0,1.073436383,0,0,0,2.729,0.2685,0.225481433,0
15,18,15018,0.08727149,0.007158596,0.006216435,0.099837798,12.51822546,382.5923419,0.005859151,1.75705148,44.25084777,,20.951664,,0,0,6.563178502,0,0,0,0,0,4.207189441,0
15,19,15019,0.263412849,0.021606897,0.087335816,1.402639227,9.87820779,66.73142041,0.004623492,1.386500001,4.434800631,,109.7184115,,0,0,5.179044044,0,0,0,0,0,0.147053109,0
15,20,15020,0.249879907,0.020496834,0.113798127,1.827631821,94.02512793,31.83574647,0.044008428,13.19731704,0,,16.26226592,,0,0,49.29641987,0,0,0,0,0,0.179946538,0
15,21,15021,0.018754313,0.001538355,0.008390489,0.134753749,9.30654803,1813.905291,0.004355927,1.306262141,13.71776281,,122.3905404,,0,0.079193315,4.879328636,0,0,0,0,0,0.023773586,143.983642
15,22,15022,0.017901844,0.00146843,0.001732449,0.027823649,3.994635752,33.49345131,0.001869688,0.560684953,2.655050866,,0.85203972,,0,0,2.094346964,0,0,0,0,0,0,0
15,23,15023,0.060099048,0.004929729,0.006963766,0.111840156,12.72922043,236.3837901,0.005957907,1.786666622,1.558495526,,,,0,0,6.673801023,0,0,0,2.4258,0.2387,0.245088515,0
15,24,15024,0.659810825,0.054122131,0.050139115,0.805249125,39.18981152,35.2073716,0.018342777,5.500661139,3.982576299,,,,0,0,20.54682026,0,0,0,3.3354,0.3282,0.096364081,0
15,25,15025,0.621982524,0.051019199,0.082817861,1.330079516,85.46085718,1318.545783,0.039999924,11.99524054,15.20954885,,128.2766577,,0,0.629271658,44.80625967,0,0,0,7.1907,0.7075,0.776505723,0
15,26,15026,0.022910098,0.001879241,0.00081527,0.013093482,6.63890368,1498.292241,0.003107337,0.931832996,6.416372926,,18.83966296,,0,0,3.48070979,0,0,0,0,0,0.25244117,0
15,27,15027,0.004368902,0.000358367,0.001019088,0.016366852,2.185847197,14.18271904,0.001023085,0.306804352,5.531355971,,,,0,0.01657508,1.146017491,0,0,0,0,0,0,0
15,28,15028,0.067025357,0.005497871,0.004551925,0.073105273,7.384824036,89.97681923,0.003456464,1.036529981,1.558888116,,,,0,0,3.871788259,0,0,0,2.6424,0.26,0.020878884,0
15,29,15029,0.277691701,0.022778145,0.035328374,0.567384207,66.20415056,123.4786216,0.030986829,9.292379425,6.079829936,,,,0,0,34.71016392,0,0,0,0,0,27.07804214,0
15,30,15030,0.121157123,0.009938124,0.016407312,0.263506319,6.316491219,34.50707918,0.002956431,0.886579354,0.221254239,,,,0,0,3.31167221,0,0,0,0,0,0,0
15,31,15031,0.606744645,0.049769285,0.117636691,1.889280297,165.967431,287.0755353,0.077680997,23.2951005,1.115987048,,,,0,0,87.01503887,0,0,0,2.4691,0.2429,0.698502267,0
15,32,15032,0.003409875,0.000279701,0.002547719,0.04091713,9.448324508,2774.010479,0.004422285,1.326161812,5.310101732,,86.50325422,,0,0,4.953660604,0,0,0,0,0,0.370818923,0
15,33,15033,5.685753557,0.466383827,0.540761907,8.684797299,523.6051237,527.1560301,0.245073192,73.49293718,0,,37.42098842,,0,0,274.5208498,0,0,0,9.5298,0.9376,26.98089197,0
15,34,15034,0.007778777,0.000638068,0.002241993,0.036007075,2.623927406,676.3888366,0.001228128,0.368293058,0.240685946,,13.71327664,,0,0.017395854,1.375698496,0,0,0,0,0,0.250480462,0
15,35,15035,0.507218916,0.041605514,0.01080233,0.173488633,21.70181958,59.93583999,0.010157529,3.046055875,6.637627165,,2.953383832,,0,0,11.37804365,0,0,0,4.8515,0.4773,0.624900636,0
15,36,15036,0.027385559,0.002246348,0.003498868,0.056192859,11.73071329,316.8202983,0.005490556,1.646516689,39.38325451,,,,0,0,6.150293867,0,0,0,0,0,0.196070812,0
15,37,15037,0.207895821,0.017053016,0.054453253,0.874535465,72.82605321,257.8329209,0.034086208,10.22182616,0,,38.17909991,,0,0,38.18196024,0,0,0,9.5298,0.9376,46.54768246,0
15,38,15038,0.00532793,0.000437033,0.001970236,0.031642581,2.861031109,191.0943793,0.001339105,0.401572807,1.99128815,,18.6435419,,0,0,1.50000956,0,0,0,0,0,1.237696999,0
15,39,15039,1.060577704,0.086995731,0.098851508,1.587584656,153.5269245,650.1678918,0.071858223,21.54895762,23.26084264,,338.1479346,,0,0,80.49260766,0,0,0,0,0,67.16861959,0
15,40,15040,0.035057778,0.002875675,0.038623424,0.620303696,9.240061844,629.5174882,0.004324808,1.296930175,2.876305105,,18.99493292,,0,0,4.844470604,0,0,0,0,0,0.031126241,0
15,41,15041,0.00149182,0.000122369,0.000883209,0.014184605,1.95997632,497.4400445,0.000917366,0.275101236,0.202215122,,9.59290372,,0,0,1.027595683,0,0,0,0,0,0.002450885,0
15,42,15042,0.281208134,0.023066586,0.028092851,0.451179557,40.74206662,6897.04048,0.01906931,5.718534841,104.9707588,,4.2601986,,0,0,21.36065184,0,0,0,13.1685,1.2956,0.1286862,0
15,43,15043,0.03569713,0.002928119,0.009409576,0.151120601,6.400889208,444.1885981,0.002995934,0.898425411,7.301389882,,32.53012534,,0,0,3.355921219,0,0,0,0,0,0.367632772,0
15,44,15044,0.047738251,0.003915813,0.003261081,0.052373927,8.311076786,9.697453034,0.003889997,1.166538325,0.452224331,,,,0,0,4.35741317,0,0,0,0,0,0,0
15,45,15045,0.547284948,0.044892,0.01491265,0.239501603,22.62625079,2771.123312,0.010590209,3.175808549,32.7553432,,2.6166,,0,0.181128917,11.86271355,0,0,0,4.5483,0.4475,0.163952777,179.7629513
15,46,15046,0.008631246,0.000707993,0.001936267,0.031097019,4.188022511,159.7690288,0.001960202,0.587828616,1.115987048,,42.33724838,,0,0,2.195737678,0,0,0,0,0,7.718817678,0
15,47,15047,0.015877231,0.001302357,0.002989324,0.048009433,19.29313741,4933.468846,0.009030146,2.707974524,48.75365938,,17.58989938,,0,0.145961021,10.11519605,0,0,0,0,0,0,0
15,48,15048,0.568490109,0.04663139,0.004755743,0.076378643,17.66437766,1701.857779,0.008267806,2.47936267,85.72164007,,16.3796292,,0,0,9.261253847,0,0,0,1.6894,0.1662,1.508586175,0
15,49,15049,0.016303465,0.00133732,0.002140084,0.034370389,3.45454934,346.9798515,0.001616901,0.484878711,2.876305105,,238.5395822,,0,0,1.811185143,0,0,0,0,0,0,0
15,50,15050,0.025680622,0.002106498,0.006793918,0.109112348,6.831379669,82.96783524,0.003197425,0.958848824,33.6306443,,,,0,0,3.581622997,0,0,0,0,0,0,0
15,51,15051,2.728326288,0.22379571,0.02405047,0.38625771,33.68633402,801.252068,0.015766877,4.728195959,28.13815175,,112.8080175,,0,0,17.66140288,0,0,0,1.4728,0.1449,2.374638486,0
15,52,15052,0.018860871,0.001547096,0.020143967,0.32351811,7.302247586,1299.573427,0.003417814,1.024939594,1.770033911,,22.3747958,,0,0,3.828494265,0,0,0,0,0,0,0
15,53,15053,0.038787329,0.003181598,0.008084762,0.129843694,11.5983481,44.83957392,0.005428603,1.627937981,5.531355971,,,,0,0,6.080896141,0,0,0,0,0,0,0
15,54,15054,0.337044839,0.027646689,0.173992241,2.794367219,64.99039819,165.0423432,0.030418733,9.122017786,14.60277976,,,,0,0,34.07380587,0,0,0,0,0,12.23620384,0
15,55,15055,0.017688727,0.001450949,0.003702685,0.059466229,3.239911289,16.1767963,0.001516439,0.454752229,2.972554739,,,,0,0.022822084,1.698652592,0,0,0,0,0,0,0
15,56,15056,0.052533388,0.004309143,0.004619864,0.074196396,8.294986522,2615.697986,0.003882465,1.164279904,9.744902363,,21.80977742,,0,0,4.348977208,0,0,0,0,0,0.002450885,0
15,57,15057,5.621179048,0.461086991,0.434946633,6.985372487,245.5990587,274.0294253,0.114952552,34.47215349,0.240685946,,51.48526824,,0,0,128.7650927,0,0,0,3.7253,0.3665,164.9405674,0
15,58,15058,1.766208726,0.144876343,0.45427533,7.295797116,335.6887509,93.39537364,0.157119001,47.11709486,0.663762717,,,,0,0,175.9982036,0,0,0,8.0137,0.7884,4.582446656,0
15,59,15059,0.041131618,0.003373893,0.003838564,0.061648476,7.415183025,57.2604408,0.003470674,1.040791153,9.081139646,,,,0,0,3.887705168,0,0,0,3.1189,0.3068,0,0
15,60,15060,0.360913964,0.029604596,0.052618895,0.845075131,99.82612352,498.7645859,0.046723582,14.0115417,7.080135643,,384.0526757,,0,0,52.33782296,0,0,0,0,0,1.72257923,0
15,61,15061,0.033352841,0.002735825,0.001154966,0.018549099,2.668555119,32.61969937,0.001249016,0.37455698,8.850169554,,,,0,0,1.399096353,0,0,0,4.5916,0.4517,0.299007988,0
15,62,15062,0.468538146,0.038432657,0.066138792,1.062208703,17.47645552,281.186577,0.008179849,2.452986018,5.319817586,,75.07369252,,0,0,9.162728177,0,0,0,6.1077,0.6009,0.981842916,0
15,63,15063,0.013532942,0.001110063,0.012025235,0.193128855,8.198141347,1484.979382,0.003837137,1.150686767,9.071423793,,172.0291987,,0,0.062447241,4.298202267,0,0,0,0,0,0,0
15,64,15064,0.017582168,0.001442208,0.004280168,0.068740779,10.20638846,1738.624891,0.004777096,1.432563266,7.74389836,,4.7466993,,0,0,5.351105836,0,0,0,5.1115,0.5029,0.009558452,0
15,65,15065,0.058287552,0.004781138,0.010021029,0.160940713,9.383356272,476.2580296,0.004391877,1.317042905,18.43159649,,21.5025958,,0,0,4.919598417,0,0,0,9.6598,0.9504,3.40570741,0
15,66,15066,0.003090199,0.000253479,0.000509544,0.008183426,1.402281695,317.8472826,0.000656337,0.196823514,1.548779672,,,,0,0,0.735202054,0,0,0,0,0,0,0
15,67,15067,0.090894482,0.007455778,0.006793918,0.109112348,22.55733589,1642.776005,0.010557953,3.16613569,10.62020346,,,,0,0,11.82658217,0,0,0,0,0,0.265001223,0
15,68,15068,0.052853064,0.004335364,0.009273698,0.148938354,7.505956401,224.1268698,0.00351316,1.053532056,7.974868452,,,,0,0,3.935296728,0,0,0,1.906,0.1875,0,0
15,69,15069,0.019819899,0.001625762,0.002208023,0.035461513,1.186429284,9.371773902,0.000555308,0.166526584,0.67347857,,,,0,0,0.622032827,0,0,0,0,0,0.062101297,0
15,70,15070,1.137193335,0.093280262,0.091683924,1.47247113,74.38377292,184.0038149,0.034815299,10.44046688,0.442508478,,,,0,0,38.99865687,0,0,0,4.1152,0.4049,0.519027648,0
15,71,15071,0.05466456,0.004483956,0.003498868,0.056192859,3.994028572,69.96749947,0.001869404,0.56059973,29.66749971,,,,0,0.033628945,2.094028626,0,0,0,6.3677,0.6265,0,0
15,72,15072,0.110288147,0.009046577,0.00166451,0.026732525,3.684670476,53.39880921,0.001724609,0.517178392,12.16898314,,,,0,0,1.931835317,0,0,0,0,0,0.579389248,0
15,73,15073,0.127550639,0.010462563,0.002955354,0.047463871,3.654007897,48.14759879,0.001710257,0.512874609,6.195118688,,,,0,0,1.915759239,0,0,0,0,0,9.398409268,0
15,74,15074,0.045287403,0.003714778,0.00991912,0.159304027,30.21994467,10907.34393,0.014144434,4.241655391,27.87803409,,3.44847944,,0,0,15.84401015,0,0,0,2.8156,0.277,0.422059629,0
15,75,15075,0.11082094,0.00909028,0.008084762,0.129843694,6.921849456,118.2006698,0.003239769,0.971547115,0.663762717,,1.70407944,,0,0,3.629055387,0,0,0,2.7723,0.2728,0,0
15,76,15076,1.253555322,0.102825056,0.048168879,0.773606544,21.72944626,275.8260609,0.01017046,3.049933542,2.655050866,,,,0,0,11.39252804,0,0,0,0.8663,0.0852,0.147222902,0
15,77,15077,0.002131172,0.000174813,0.000577483,0.00927455,1.710729021,353.9266511,0.000800706,0.240117017,0.663762717,,133.7053985,,0,0,0.896917856,0,0,0,0,0,0,0
15,78,15078,0.001598379,0.00013111,0.000203818,0.00327337,2.784830047,460.4233076,0.001303439,0.390877267,0.221254239,,46.01426892,,0,0,1.460058117,0,0,0,0,0,0,0
15,79,15079,0.05615638,0.004606325,0.002683598,0.043099377,3.411439576,190.0246036,0.001596723,0.478827848,9.975872455,,,,0,0.029411077,1.788583131,0,0,0,0,0,0.020097258,0
15,80,15080,0.00681975,0.000559402,0.002887415,0.046372748,7.394842502,1775.687452,0.003461153,1.037936168,0,,71.83324762,,0,0,3.877040839,0,0,0,0,0,0.049998057,0
15,81,15081,0.536309413,0.043991713,0.093959887,1.509023766,98.12419861,321.2706937,0.045926996,13.77266042,23.36680813,,,,0,0,51.445521,0,0,0,0,0,33.71343,0
15,82,15082,0.053385857,0.004379068,0.023880622,0.383529901,18.89391671,2659.665045,0.008843291,2.651940118,2.655050866,,120.2997112,,0,0,9.905888686,0,0,0,0,0,1.127897344,120.8426116
15,83,15083,0.00458202,0.000375848,0.001460692,0.023459155,3.335845694,7.297848563,0.001561341,0.468217531,5.983580302,,8.76916,,0,0,1.748950026,0,0,0,0,0,0.395025813,0
15,84,15084,0.033885633,0.002779528,0.003057263,0.049100556,10.84483799,208.0519713,0.005075923,1.522175703,36.72820365,,,,0,0,5.685838445,0,0,0,3.7253,0.3665,0,0
15,85,15085,0.240502751,0.019727657,0.005672922,0.09110881,17.64707303,3059.829344,0.008259706,2.476933802,22.56793236,,81.93504684,,0,0.139736816,9.252181208,0,0,0,10.0496,0.9887,0,0
15,86,15086,0.003303316,0.00027096,0.003770625,0.060557353,9.254026979,2532.027331,0.004331344,1.298890314,21.33704915,,217.2135379,,0,0,4.851792382,0,0,0,0,0,0.884524449,0
15,87,15087,0.053918649,0.004422771,0.005944678,0.095473304,25.472406,5999.856758,0.011922351,3.575293383,42.03830538,,22.5133252,,0,0,13.35492383,0,0,0,0,0,0,0
15,88,15088,0.180723379,0.01482415,0.035090587,0.563565275,24.96298217,1228.000738,0.011683915,3.503790924,7.311105736,,162.9252772,,0,0,13.08783808,0,0,0,0,0,0.001672988,0
15,89,15089,0.013106707,0.0010751,0.001970236,0.031642581,3.072329671,35.7838471,0.001438003,0.431230562,9.51393227,,,,0,0,1.610791251,0,0,0,4.1152,0.4049,0.141170984,0
15,90,15090,0.254675044,0.020890164,0.030912327,0.496461181,21.74219704,1555.978524,0.010176428,3.051723234,33.40939007,,98.03785244,,0,0.164303045,11.39921314,0,0,0,0,0,0.879622679,0
15,91,15091,0.169747843,0.013923862,0.015931738,0.255868455,23.77958878,98.79545378,0.011130028,3.337690457,8.407661076,,,,0,0.184275219,12.46739695,0,0,0,1.8626,0.1833,0.024508851,0
15,92,15092,0.17528889,0.014378376,0.023405048,0.375892037,14.78361321,90.16610363,0.006919465,2.075020101,4.223262245,,,,0,0,7.750898296,0,0,0,0,0,0,0
15,93,15093,0.03942668,0.003234042,0.001460692,0.023459155,8.35236501,226.8205429,0.003909321,1.172333519,13.18911314,,34.47110584,,0,0,4.379060167,0,0,0,0,0,0,0
15,94,15094,0.011082094,0.000909028,0.009443546,0.151666163,5.237229165,260.3363361,0.002451283,0.735094705,3.76132206,,,,0,0,2.745826074,0,0,0,3.8552,0.3793,0,0
15,95,15095,1.148701663,0.094224252,0.032950503,0.529194885,21.81080835,181.0235892,0.010208541,3.061353481,10.29337633,,8.05272979,,0,0,11.43518536,0,0,0,0,0,1.071381208,0
15,96,15096,0.055836704,0.004580103,0.009035911,0.145119422,10.08525609,244.7951448,0.004720401,1.415561191,19.78787689,,,,0,0,5.287597367,0,0,0,5.5446,0.5455,0,0
15,97,15097,0.010975535,0.000900287,0.003362989,0.054010612,4.783058692,1341.159867,0.002238709,0.671347579,5.627605605,,57.8274679,,0,0,2.507709106,0,0,0,0,0,0,0
15,98,15098,0.013959176,0.001145026,0.003396959,0.054556174,1.495180201,61.68263506,0.000699819,0.209862699,3.76132206,,,,0,0,0.783907797,0,0,0,0,0,0.061272129,0
15,99,15099,0.572645894,0.046972276,0.111624073,1.792715869,65.21292957,513.0872931,0.030522889,9.153252174,46.04109857,,216.057552,,0,0,34.19047682,0,0,0,6.0644,0.5966,36.13096434,199.4864962
15,100,15100,0.069156529,0.005672685,0.004585895,0.073650835,8.84326986,61.429658,0.004139089,1.241236663,5.088847493,,,,0,0,4.636436595,0,0,0,0,0,0,0
15,101,15101,0.896903701,0.073570086,0.02734552,0.439177199,21.00568797,1400.940126,0.009831705,2.948347212,19.69162726,,78.12179412,,0,0,11.01306892,0,0,0,0,0,0.059311421,0
15,102,15102,0.054344884,0.004457734,0.00166451,0.026732525,4.452145714,719.2167989,0.002083825,0.624900809,4.656054869,,6.04491916,,0,0.038040607,2.334214792,0,0,0,0,0,0.024508851,0
15,103,15103,0.118919393,0.00975457,0.01080233,0.173488633,13.78844555,108.5927565,0.006453677,1.935338898,6.08954579,,76.83601828,,0,0,7.229141999,0,0,0,0,0,0.165434747,0
15,104,15104,6.74569191,0.553327114,0.377266269,6.059008657,203.3259883,98.97067984,0.095166657,28.53872777,0.009715854,,56.26533667,,0,0,106.6017511,0,0,0,7.3206,0.7202,64.94241902,0
15,105,15105,0.005967281,0.000489477,0.001460692,0.023459155,9.872743172,2194.736389,0.004620934,1.38573299,1.548779672,,117.2969924,,0,0,5.176179,0,0,0,0,0,0,0
15,106,15106,6.513607288,0.534289969,0.395338091,6.349247501,242.1050427,6156.98623,0.113317179,33.98173526,71.69608924,,130.6310512,,144.1899132,0,126.9332156,557.98938,581.286,0,10.1796,1.0015,64.87347418,490.6848284
15,107,15107,0.013000149,0.00106636,0.010122938,0.162577398,3.273609767,97.62721477,0.001532212,0.459482129,6.195118688,,5.19287944,,0,0.031349016,1.716320361,0,0,0,0,0,0.02965571,0
15,108,15108,0.235707614,0.019334327,0.019770302,0.317516931,36.17182444,58.64952686,0.01693021,5.077058074,4.646339016,,,,0,0,18.96452027,0,0,0,3.1189,0.3068,0,0
15,109,15109,2.972452031,0.243820549,0.104660307,1.680875713,152.7576278,163.8432484,0.071498153,21.44097953,0.221254239,,46.23784889,,0,0,80.08927317,0,0,0,2.3825,0.2344,23.22045445,0
15,110,15110,0.065107302,0.00534054,0.049052088,0.787791149,16.25147032,1226.218691,0.007606495,2.281047746,8.186406837,,351.6931628,,0,0,8.520480874,0,0,0,0,0,0.645725492,208.5757243
15,111,15111,0.009803391,0.00080414,0.004008412,0.064376285,13.25230581,4507.96134,0.006202737,1.860086608,14.60277976,,182.419032,,0,0,6.948049376,0,0,0,0,0,0,0
15,112,15112,0.04550052,0.003732259,0.005638952,0.090563248,12.67032399,2635.430077,0.005930341,1.778399949,9.841151997,,157.1787493,,0,0,6.642922219,0,0,0,0,0,0.131645309,0
15,113,15113,0.026852766,0.002202645,0.009273698,0.148938354,16.16585797,1660.793953,0.007566424,2.269031242,21.01915269,,171.3100342,,0,0.132361247,8.475595189,0,0,0,0,0,0.210776123,0
15,114,15114,0.054984235,0.004510178,0.004619864,0.074196396,24.6017102,8299.701032,0.011514822,3.453082983,49.11844102,,31.21257236,,0,0,12.89842686,0,0,0,0,0,0.168620898,0
15,115,15115,0.068197501,0.005594019,0.008832093,0.141846052,14.51827564,821.1035965,0.006795274,2.037777462,5.310101732,,1.27805958,,0,0,7.611784506,0,0,0,0,0,0.612721286,0
15,116,15116,0.002344289,0.000192294,0.002038175,0.032733704,1.200394419,110.8538804,0.000561844,0.168486723,0,,,,0,0,0.629354605,0,0,0,0,0,61.46550348,0
15,117,15117,0.008418129,0.000690512,0.003159172,0.050737242,3.985224465,886.8050287,0.001865283,0.55936399,3.540067821,,28.91435138,,0,0,2.089412722,0,0,0,0,0,10.67834344,0
15,118,15118,0.260855443,0.021397121,0.034309286,0.551017355,44.24215444,2411.924851,0.020707525,6.209805309,24.7901906,,125.168249,,0,0,23.19571235,0,0,0,0,0,5.992366761,0
15,119,15119,0.003090199,0.000253479,0.001970236,0.031642581,5.025627013,1171.156936,0.002352243,0.705394339,2.212542388,,19.0150932,,0,0,2.634885214,0,0,0,0,0,0,0
15,120,15120,0.198305547,0.016266357,0.030742479,0.493733372,42.42516896,245.8499604,0.019857085,5.954774192,35.40067821,,1.31107158,,0,0,22.24308531,0,0,0,1.5161,0.1492,2.158004371,351.2533413
15,121,15121,3.519097628,0.288660105,0.201066005,3.229179924,159.2368431,106.3787494,0.074530748,22.35039877,3.097559344,,,,0,0,83.48626002,0,0,0,7.234,0.7117,11.95004635,0
15,122,15122,0.532686421,0.04369453,0.094367522,1.515570507,103.6094607,0,0.048494371,14.5425689,2.001004003,,,,0,0,54.32138823,0,0,0,0,0,0.035292746,0
15,123,15123,0.017049375,0.001398505,0.003261081,0.052373927,8.54301946,913.9274839,0.003998557,1.199093676,9.735186509,,53.12102774,,0,0,4.47901836,0,0,0,0,0,0,0
15,124,15124,0.01214768,0.000996435,0.002649628,0.042553816,26.17035915,2799.690508,0.012249027,3.673257717,42.7020681,,154.3945712,,0,0,13.72085358,0,0,0,0,0,0,0
15,125,15125,0.010016508,0.000821621,0.00081527,0.013093482,2.74870285,294.0547064,0.001286529,0.385806473,7.522644121,,,,0,0,1.441116995,0,0,0,0,0,0,0
16,1,16001,0.022377305,0.001835537,0.006855621,0.045281624,4.647056173,615.4702628,0.001432887,0.42969654,9.302393885,,31.64643132,,0,0.007193525,1.605061163,0,0,0,0,0,0,20.71678692
16,2,16002,0.032393813,0.002657159,0.014454623,0.095473304,7.14662308,468.8453761,0.002203611,0.660822485,15.9303052,,742.4221374,,0,0.011810361,2.46839434,0,0,0,0,0,0,60.11703309
16,3,16003,0.009483715,0.000777918,0.003634305,0.024004716,8.291797077,258.1743525,0.002556718,0.766712598,66.73263894,,,,0,0.013988659,2.863929543,0,0,0,0,0,0,78.73536796
16,4,16004,0.01289359,0.001057619,0.00726861,0.048009433,5.353054791,212.3415852,0.001650577,0.494977688,41.69204654,,,,0,0.009246523,1.848908218,0,0,0,4.7516,0.4675,0,61.69449014
16,5,16005,0.019926457,0.001634502,0.00611224,0.040371569,4.657655369,631.3919255,0.001436156,0.430676609,1.327525433,,27.55861096,,0,0.006457787,1.608722053,0,0,0,1.7966,0.1768,0,0.933449358
16,6,16006,0.176247918,0.014457042,0.206577206,1.364449905,52.43422238,1551.134947,0.016167727,4.848403609,76.78493673,,243.609801,,0,0.084776929,18.1104189,0,0,0,1.3475,0.1326,0.938719514,205.1634857
16,7,16007,0.005754164,0.000471995,0.000908576,0.006001179,1.202317489,169.6790224,0.000370726,0.111173966,2.876305105,,22.60263258,,0,0.001815249,0.415272171,0,0,0,2.624,0.2582,0,3.798921807
16,8,16008,0.002983641,0.000244738,0.006277436,0.041462692,9.755868623,1833.933353,0.003008154,0.902090019,3.76132206,,,,0,0.013879423,3.369609761,0,0,0,0,0,16.60327137,18.30718509
16,9,16009,0.035590571,0.002919379,0.027752875,0.183308744,14.76974914,1514.740853,0.004554149,1.365705484,59.10402933,,1055.73478,,0,0.023636786,5.101369525,0,0,0,0,0,0,0
16,10,16010,0.021844512,0.001791834,0.024944549,0.164759645,9.494575401,1094.05191,0.002927586,0.877929176,3.328529436,,118.7813224,,0,0.015122788,3.279360884,0,0,0,18.77,1.8467,0,0
16,11,16011,0.019180547,0.001573318,0.008259784,0.054556174,4.377467929,76.65239226,0.001349762,0.404768686,42.92332234,1.321537263,,,0,0.0073124,1.511947242,0,0,0,0,0,0,70.7974304
16,12,16012,0.030795434,0.002526049,0.036177855,0.238956041,17.52600093,788.2539607,0.00540402,1.620566155,90.96463973,50.54880032,10.4664,,0,0.029153214,6.053359887,0,0,0,0,0,0.065502484,203.0795057
16,13,16013,0.008418129,0.000690512,0.005286262,0.034915951,4.096819653,591.5029302,0.001263226,0.378818151,3.318813583,,,,0,0.006872242,1.415013263,0,0,0,0,0,0,33.4305119
16,14,16014,0.014491969,0.001188729,0.013298253,0.08783544,5.10789078,450.3103475,0.001574983,0.472308255,16.16127529,,,,0,0.009365398,1.764230259,0,0,0,0,0,0,40.80403823
16,15,16015,0.030688876,0.002517308,0.011894089,0.07856089,8.049858909,602.4175797,0.002482118,0.744341447,4.078825933,,1432.949449,,0,0.012992682,2.780365768,0,0,0,0,0,0.018422574,26.49838411
16,16,16016,0.074271341,0.006092236,0.004625479,0.030551457,8.471061739,645.8829441,0.002611993,0.783288556,45.26165451,,257.5057984,,0,0.016109127,2.925846321,0,0,0,2.9077,0.2861,0.195776397,73.40964139
16,17,16017,0.020033016,0.001643243,0.003964696,0.026186963,14.51905512,1591.642724,0.004476849,1.342524711,34.9873173,,,,0,0.021930773,5.014781537,0,0,0,6.5719,0.6466,0.240078301,50.93449638
16,18,16018,0.002663965,0.000218516,0.001651957,0.010911235,3.550730644,213.4256648,0.001094843,0.328323268,10.62020346,,,,0,0.006056183,1.226397884,0,0,0,0,0,0,9.457506289
16,19,16019,0.06297613,0.005165727,0.022384016,0.147847231,7.956309484,235.6004995,0.002453273,0.735691269,21.02886854,649.8659493,72.09444268,,0,0.014428817,2.748054441,0,0,0,0,0,0,14.9641339
16,20,16020,0.064254833,0.005270614,0.030396006,0.200766719,11.68768729,506.1402144,0.003603817,1.08071833,18.37381768,,34.6863972,,0,0.018721157,4.036846611,0,0,0,0,0,0.457592551,20.29709651
16,21,16021,0.097074881,0.007962736,0.006194838,0.04091713,4.971022902,930.655734,0.00153278,0.459652576,4.434800631,,365.5065402,,0,0.0074377,1.716957038,0,0,0,0,0,0,25.45639413
16,22,16022,0.020992043,0.001721909,0.005286262,0.034915951,8.859084478,632.9776362,0.002731637,0.81916762,19.48008887,,39.19382712,,0,0.012125218,3.0598667,0,0,0,2.7422,0.2698,0.315815548,35.25399437
16,23,16023,0.014918203,0.001223692,0.005038468,0.033279266,4.221244997,63.08342701,0.001301591,0.390323315,34.29440702,,,,0,0.00824412,1.457988919,0,0,0,3.0968,0.3047,0.023978588,14.34183433
16,24,16024,0.064574509,0.005296836,0.015032808,0.099292236,7.206992413,1365.354883,0.002222226,0.66640462,7.965152598,,268.6657836,,0,0.009995112,2.489245491,0,0,0,0,0,0,12.10589749
16,25,16025,0.298896861,0.024517535,0.016767362,0.110749033,14.08448808,1905.332238,0.004342854,1.302341863,6.858881404,,847.8990553,,0,0.020420744,4.864685079,0,0,0,0,0,0.02650119,3.162150152
16,26,16026,0.002983641,0.000244738,0.002230142,0.014730167,2.327214764,461.1174543,0.00071758,0.215189164,2.222258242,,,,0,0.003871459,0.803803934,0,0,0,0,0,0,12.75714123
16,27,16027,0.002557406,0.000209776,0.001982348,0.013093482,2.356247344,150.1894997,0.000726532,0.217873702,10.40866508,,,,0,0.004748562,0.813831588,0,0,0,0,0,0,8.169490895
16,28,16028,0.011188653,0.000917769,0.004790675,0.031642581,2.343343975,60.71980716,0.000722554,0.216680574,39.60450875,,,,0,0.005092335,0.809374853,0,0,0,0,0,0,25.78925204
16,29,16029,0.016303465,0.00133732,0.010076937,0.066558532,6.15628951,995.3744633,0.001898249,0.569249908,2.66476672,,,,0,0.009060179,2.126339953,0,0,0,0,0,0,47.98942747
16,30,16030,0.016942817,0.001389764,0.006607827,0.043644939,5.396834078,91.42151896,0.001664076,0.499025801,60.70087196,,,,0,0.010428844,1.864029282,0,0,0,3.6642,0.3605,0,27.74298325
16,31,16031,0.00607384,0.000498217,0.002973522,0.019640223,7.377501218,884.2539071,0.002274801,0.682170954,36.94945789,,,,0,0.011797509,2.548138057,0,0,0,0,0,0.045617801,21.3752667
16,32,16032,0.017155934,0.001407245,0.003469109,0.022913593,5.82218442,826.0825581,0.00179523,0.538356414,14.86277369,,284.2591769,,0,0.009156564,2.010942358,0,0,0,4.9644,0.4884,0,0
16,33,16033,0.02045925,0.001678206,0.020897254,0.13802712,9.38443593,560.2349801,0.002893625,0.867744976,19.24911878,76.31877696,,,0,0.015450496,3.24131947,0,0,0,3.9479,0.3884,0,81.55018812
16,34,16034,0.641695864,0.05263622,0.101760543,0.672132061,50.79088617,3858.890439,0.015661016,4.696450231,31.86061039,,273.3191396,,0,0.073859735,17.54282191,0,0,0,0,0,0.32634419,61.02153828
16,35,16035,0.034844661,0.002858194,0.036343051,0.240047165,14.33011293,2020.206101,0.00441859,1.325053907,19.22036381,,,,0,0.022820727,4.949522207,0,0,0,7.3756,0.7256,2.063182035,42.68540903
16,36,16036,0.014705086,0.00120621,0.00842498,0.055647297,4.859500927,69.63705026,0.001498393,0.449340541,7.965152598,,,,0,0.009304354,1.678438117,0,0,0,0,0,0.000613824,11.70067917
16,37,16037,0.010762418,0.000882806,0.002395337,0.01582129,3.281603234,224.8922444,0.001011859,0.303438027,5.983580302,,,,0,0.007219228,1.133443132,0,0,0,0,0,0,42.5406882
16,38,16038,0.053705532,0.00440529,0.051458456,0.339884962,18.30481141,1111.619403,0.005644161,1.692579954,25.00172899,,0.028296,,0,0.033002183,6.32235566,0,0,0,0,0,4.065540334,57.70019522
16,39,16039,0.002237731,0.000183554,0.001486761,0.009820111,3.444738685,286.0358526,0.001062161,0.318522574,6.858881404,,28.56474648,,0,0.005031291,1.189788992,0,0,0,1.1347,0.1116,0.208204324,6.440076968
16,40,16040,0.052320271,0.004291661,0.017015156,0.112385718,6.702378519,406.8033183,0.002066632,0.619744791,45.25154607,,3.40815888,,0,0.010261777,2.314955331,0,0,0,2.8131,0.2768,0.631046252,49.29191495
16,41,16041,0.037615184,0.003085451,0.005286262,0.034915951,4.958119533,266.0576588,0.001528802,0.458459448,14.84346571,,,,0,0.00790356,1.712500303,0,0,0,2.1985,0.2163,0.275513905,3.509480145
16,42,16042,0.010549301,0.000865325,0.006442632,0.042553816,5.666883158,87.84093383,0.001747344,0.523996266,32.86130869,,,,0,0.010467398,1.957302373,0,0,0,0,0,0.355438702,28.03242491
16,43,16043,0.336512046,0.027602986,0.057405501,0.379165408,29.43995801,164.4910314,0.009077606,2.722206837,21.5579108,,,,0,0.043411751,10.16835852,0,0,0,0,0,4.011322231,15.62984972
16,44,16044,0.010762418,0.000882806,0.00611224,0.040371569,5.609739667,203.9460121,0.001729724,0.518712414,25.22298323,,31.23791776,,0,0.011232052,1.937565405,0,0,0,1.8203,0.1791,0.472600482,50.21812827
16,45,16045,0.10016508,0.008216215,0.053358207,0.352432882,14.00061618,222.9986371,0.004316992,1.294586531,8.850169554,,,,0,0.025545206,4.835716304,0,0,0,0,0,0.325275611,41.70130738
16,46,16046,0.007032867,0.000576883,0.005864447,0.038734883,5.362271483,264.6144297,0.001653419,0.495829922,0.221254239,,3.40815888,,0,0.008645724,1.8520916,0,0,0,0,0,0,12.67754477
16,47,16047,0.017688727,0.001450949,0.00726861,0.048009433,8.438803317,718.4940129,0.002602046,0.780305735,1.202520828,,82.28785698,,0,0.01287702,2.914704485,0,0,0,0,0,5.092379497,21.9324419
16,48,16048,0.005541047,0.000454514,0.002230142,0.014730167,2.132281725,109.5580445,0.000657474,0.197164408,1.770033911,,3.40815888,,0,0.003845757,0.736475407,0,0,0,2.4585,0.2419,0,8.466168598
16,49,16049,0.007459102,0.000611846,0.00842498,0.055647297,7.004686021,995.5899153,0.002159846,0.647698077,3.992292153,,343.1642053,,0,0.010387077,2.419370258,0,0,0,0,0,0,70.64547352
16,50,16050,0.099206053,0.008137549,0.047906749,0.316425808,32.78838226,1838.04876,0.010110069,3.031823562,72.13859772,,3.41759088,,0,0.048426977,11.32488118,0,0,0,11.2053,1.1024,0.256211649,79.82077419
16,51,16051,0.054984235,0.004510178,0.012472274,0.082379822,4.878395146,70.82462192,0.001504219,0.451087621,9.292678031,,,,0,0.008915602,1.68496405,0,0,0,0,0,0,12.77884935
16,52,16052,0.856624552,0.070266119,0.348315106,2.300633847,74.29206861,1853.019265,0.022907442,6.86951989,22.36610983,,,,0,0.129236062,25.65996829,0,0,27,8.534,0.8396,49.55121622,20.45628942
16,53,16053,2.205123582,0.180879098,1.328586311,8.775360548,329.8838448,2639.421397,0.101717385,30.50317047,28.5421894,,894.8389207,,112.1350187,0.523880746,113.9396056,175.71762,188.158,0,10.3779,1.021,63.26700695,158.3680051
16,54,16054,0.010762418,0.000882806,0.002643131,0.017457976,3.667782634,347.5725771,0.001130935,0.339146644,7.763330067,,3.40815888,,0,0.006859391,1.266826835,0,0,0,0,0,0,34.1975323
16,55,16055,0.050402216,0.004134329,0.055670946,0.367708611,18.05457822,758.2800924,0.005567003,1.669441792,25.45395332,,,,0,0.029442368,6.235926841,0,0,0,9.6687,0.9512,1.200217544,85.13926472
16,56,16056,0.170387195,0.013976306,0.007929393,0.052373927,11.94944135,2450.697309,0.003684527,1.104921785,9.619897758,,85.05990072,,0,0.015126001,4.127254658,0,0,0,0,0,0,26.67928515
16,57,16057,0.005967281,0.000489477,0.004295088,0.02836921,3.407871916,488.2674578,0.001050794,0.315113637,0.442508478,,,,0,0.005532492,1.177055464,0,0,0,0,0,0,3.473299938
16,58,16058,0.20107607,0.016493614,0.043694259,0.288602159,7.502387396,447.5024628,0.002313309,0.693718729,25.46366917,,33.03207032,,0,0.011183859,2.591272882,0,0,0,0,0,0.016146244,0
16,59,16059,0.001598379,0.00013111,0.002890925,0.019094661,3.426766135,405.7533862,0.001056619,0.316860717,5.973864449,214.0890367,163.4944952,,0,0.005901968,1.183581397,0,0,0,6.1227,0.6024,0,42.03416529
16,60,16060,0.008205012,0.00067303,0.005121066,0.033824828,4.303734391,94.86317224,0.001327027,0.397950812,15.9303052,,,,0,0.007036096,1.486480187,0,0,0,0,0,0.399594394,33.58970481
16,61,16061,0.021951071,0.001800575,0.004542881,0.030005896,10.25587417,2109.200458,0.003162327,0.94832373,3.982576299,,78.55034445,,0,0.013224006,3.54230823,0,0,0,2.7422,0.2698,0.302364145,1.005809774
16,62,16062,0.025360946,0.002080276,0.018501917,0.122205829,8.145712507,222.251442,0.002511674,0.753204684,74.65892812,,,,0,0.013805528,2.81347294,0,0,0,0,0,0,98.05559887
16,63,16063,0.012573914,0.001031397,0.005947045,0.039280445,6.936943334,432.1044771,0.002138958,0.641434154,7.532359974,,34.24287104,,0,0.012700315,2.395972401,0,0,0,3.3096,0.3256,0.080415996,5.571751983
16,64,16064,0.014705086,0.00120621,0.012885264,0.085107631,10.23329328,772.4329996,0.003155365,0.946235756,34.51566126,,230.9568654,,0,0.016735628,3.534508944,0,0,0,2.4822,0.2442,0,118.3454593
16,65,16065,0.247535618,0.02030454,0.04138152,0.27332643,14.64209796,1654.729917,0.004514789,1.353902039,6.618588048,,380.8543323,,0,0.021567724,5.057279685,0,0,0,0,0,0.164194843,24.9643433
16,66,16066,0.231871505,0.019019664,0.153219,1.012017023,37.77737771,2563.342271,0.011648391,3.493137995,18.40296524,,358.5244768,,0,0.054444607,13.04804581,0,0,0,8.6995,0.8559,3.9088588,0
16,67,16067,0.010868977,0.000891547,0.004708077,0.031097019,7.163213126,309.8165182,0.002208727,0.662356507,45.91530878,,,,0,0.012780635,2.474124427,0,0,0,0,0,0,106.449407
16,68,16068,0.017901844,0.00146843,0.022714407,0.150029478,9.882137305,460.5243046,0.003047088,0.913765629,26.10800018,355.8239082,131.1011325,,0,0.014807931,3.413222093,0,0,0,0,0,0.053074557,36.28874831
16,69,16069,0.337364514,0.027672911,0.116710753,0.770878735,42.73273224,233.5792057,0.01317634,3.951341773,50.22471222,,,,0,0.070479838,14.7595911,0,0,0,4.1606,0.4093,1.441552645,53.74208049
16,70,16070,0.120624331,0.009894421,0.013050459,0.086198755,6.826803863,57.55142874,0.002104997,0.631249954,11.72647466,,437.3713532,,0,0.011993492,2.357930987,0,0,0,0,0,0,0.173664997
16,71,16071,0.082050119,0.006730304,0.051541054,0.340430524,28.16759366,784.0208637,0.008685281,2.60455589,92.13801299,,17.444,,0,0.048096056,9.728892651,0,0,0,0,0,1.215680664,216.0971445
16,72,16072,0.015237879,0.001249914,0.010242133,0.067649655,5.4650376,373.8900608,0.001685106,0.505332335,30.10029234,,41.87090796,,0,0.008774237,1.887586309,0,0,0,0,0,0,48.99523725
16,73,16073,0.364110722,0.029866815,0.043033476,0.284237665,10.51440239,766.9052366,0.003242043,0.972228902,1.539456408,,100.9958112,,0,0.016565348,3.631602093,0,0,0,0,0,0,0
16,74,16074,0.015237879,0.001249914,0.006277436,0.041462692,4.21755832,166.4003061,0.001300455,0.389982421,8.407661076,,,,0,0.007511595,1.456715566,0,0,0,0,0,0,15.03649431
16,75,16075,0.110288147,0.009046577,0.062691763,0.414081359,22.90394079,1094.066171,0.007062271,2.117844875,18.16227929,796.8869698,346.6845179,,0,0.038910577,7.910863237,0,0,0,0.9456,0.093,0.020016005,38.33654806
16,76,16076,0.329585737,0.027034843,0.095235313,0.629032683,28.67819841,198.122045,0.008842723,2.651769671,8.850169554,2.312690211,,,0,0.046078399,9.905252009,0,0,0,0,0,1.944648246,20.1740838
16,77,16077,0.01747561,0.001433467,0.011233307,0.074196396,7.183489848,468.4800105,0.002214979,0.664231422,8.859885407,,,,0,0.014181429,2.481127867,0,0,0,0,0,0,46.74482833
16,78,16078,0.013000149,0.00106636,0.005286262,0.034915951,5.234620297,108.8107129,0.001614059,0.484026477,31.41810192,,,,0,0.008883473,1.808001761,0,0,0,0,0,0,6.12169114
16,79,16079,0.117534131,0.009640942,0.032626148,0.215496886,17.45917991,2462.896307,0.005383416,1.614387456,22.17439574,11.56345105,883.6741242,,0,0.023913089,6.030280369,0,0,0,3.4514,0.3396,0,0
16,80,16080,0.002237731,0.000183554,0.000578185,0.003818932,7.243859182,938.3645887,0.002233593,0.669813557,15.04528824,,17.72619426,,0,0.010740489,2.501979019,0,0,0,2.5767,0.2535,0.240224512,18.05392363
16,81,16081,0.00149182,0.000122369,0.000991174,0.006546741,3.371005148,534.1934462,0.001039426,0.311704699,0.009715854,,1.70407944,,0,0.005304381,1.164321937,0,0,0,0,0,0,9.587755036
16,82,16082,0.070435232,0.005777572,0.054927566,0.362798555,27.77035423,2871.333793,0.008562795,2.567824592,38.71016853,1060.665808,233.7643569,,0,0.041397307,9.59168889,0,0,0,0,0,0.492145895,97.09320534
16,83,16083,0.017155934,0.001407245,0.014454623,0.095473304,11.85220525,1822.035175,0.003654545,1.095930713,105.7595262,,550.3338777,,0,0.017558113,4.093669978,0,0,0,0,0,0,131.182197
16,84,16084,0.037508626,0.00307671,0.012389677,0.081834261,10.78076479,993.3554211,0.003324174,0.996858474,13.93901705,,228.7471254,,0,0.016623179,3.72360183,0,0,0,0,0,0,2.293825167
16,85,16085,0.096328971,0.007901551,0.023292592,0.15384841,13.33563185,609.7052511,0.004111949,1.233097825,39.3642154,,51.27788836,,0,0.024382162,4.606035298,0,0,0,0,0,0.306378309,19.79780964
16,86,16086,0.01289359,0.001057619,0.009663948,0.063830723,6.628644982,108.7091467,0.002043896,0.612926917,43.14457657,,,,0,0.010827235,2.289488276,0,0,0,1.3002,0.1279,0,80.24770064
16,87,16087,0.038467653,0.003155376,0.003799501,0.02509584,5.444760878,410.5581241,0.001678854,0.503457419,1.722239823,700.0843653,29.49351776,,0,0.009580657,1.880582868,0,0,0,3.3805,0.3326,0.021931635,18.14799217
16,88,16088,0.055197353,0.004527659,0.011894089,0.07856089,25.60443158,684.1978092,0.007894948,2.367549528,35.20857154,,,,0,0.040369201,8.843594139,0,0,0,0,0,3.205147406,61.20243932
16,89,16089,0.043902141,0.00360115,0.033286931,0.21986138,9.88167647,394.3966869,0.003046946,0.913723017,58.18986482,502.1841601,99.647736,,0,0.018011122,3.413062924,0,0,0,0,0,1.622237054,188.7593795
16,90,16090,0.077254982,0.006336974,0.018914906,0.124933638,6.072878446,829.5527176,0.00187253,0.561537188,17.16197359,,261.1055568,,0,0.008041712,2.097530346,0,0,0,1.7966,0.1768,0.043863271,18.82094404
16,91,16091,0.045074286,0.003697297,0.011728894,0.077469767,5.498678527,274.5955945,0.001695479,0.50844299,42.7020681,130.5018048,394.7254743,,0,0.009966197,1.899205653,0,0,0,6.9028,0.6791,0,6.042094683
16,92,16092,0.006926309,0.000568143,0.009085763,0.060011791,6.011126609,811.0518514,0.001853489,0.555827218,2.655050866,,,,0,0.009667404,2.076201687,0,0,0,0,0,0,10.85406231
16,93,16093,0.116148869,0.009527313,0.009746546,0.064376285,11.9328513,1910.75883,0.003679412,1.103387763,7.522644121,,5.60899818,,0,0.017988632,4.12152457,0,0,0,0,0,0,0.571647281
16,94,16094,0.008418129,0.000690512,0.002147544,0.014184605,2.918926399,121.8997688,0.000900031,0.269902606,8.41737693,,,,0,0.006332487,1.008177054,0,0,0,0,0,0,12.67754477
16,95,16095,0.050721892,0.004160551,0.009003165,0.059466229,4.341983664,76.15344407,0.00133882,0.401487584,6.195118688,401.0865594,72.9087544,,0,0.008478657,1.499691222,0,0,0,3.4514,0.3396,0,13.6761185
16,96,16096,0.002770523,0.000227257,0.001651957,0.010911235,3.703266899,608.6299745,0.001141877,0.342427746,4.867593255,,132.0944526,,0,0.005648154,1.279082855,0,0,0,0,0,0,12.64136456
16,97,16097,0.031541344,0.002587234,0.024531559,0.162031836,13.89785007,2178.692932,0.004285305,1.285084118,13.27525433,512.7564582,73.45916024,,0,0.022743619,4.800221595,0,0,0,0,0,0.008772654,49.94315869
16,98,16098,0.017901844,0.00146843,0.016932558,0.111840156,11.35957305,791.1294782,0.003502645,1.050378789,8.638631169,,181.1365059,,0,0.017882608,3.923518215,0,0,0,1.0874,0.107,0.301048247,34.52315417
16,99,16099,0.00532793,0.000437033,0.006773023,0.044736062,6.716203557,989.2734908,0.002070895,0.621023143,5.088847493,,40.89790656,,0,0.011273818,2.319730404,0,0,0,0,0,0,53.14872509
16,100,16100,0.171239664,0.014046231,0.009746546,0.064376285,5.692229061,585.8381384,0.001755159,0.526339911,5.531355971,,154.040033,,0,0.008218418,1.966056673,0,0,0,0,0,1.864481419,0
16,101,16101,0.000639352,5.24E-05,0.000578185,0.003818932,4.157188987,735.7695677,0.00128184,0.384400286,2.212542388,,11.07651636,,0,0.006358189,1.435864414,0,0,0,0,0,0,34.92113646
16,102,16102,1.046618528,0.085850706,0.498147594,3.290282839,132.7987086,3730.120216,0.040947556,12.27941807,84.30797344,79.2922358,801.9833406,,0,0.203641977,45.86775838,10.82367,15.865,0,2.1985,0.2163,8.247728666,136.5875201
16,103,16103,0.039000446,0.003199079,0.022301418,0.147301669,9.432823563,143.2842245,0.002908545,0.872219206,99.57412333,,,,0,0.017089039,3.258032225,0,0,0,0,0,0.2536918,78.80772838
16,104,16104,0.007352543,0.000603105,0.004625479,0.030551457,6.662285908,259.1019275,0.002054269,0.616037572,21.47137702,5.286149054,,,0,0.012658548,2.30110762,0,0,0,4.3734,0.4303,0,69.28509772
16,105,16105,0.003409875,0.000279701,0.010159535,0.067104094,7.934189423,100.4467071,0.002446452,0.733645907,57.74735634,,,,0,0.013256134,2.740414325,0,0,0,3.3569,0.3303,0,124.5395109
16,106,16106,0.114443932,0.009387463,0.024861951,0.164214083,11.93100797,176.8237788,0.003678843,1.103217316,38.37323295,,,,0,0.018579792,4.120887894,0,0,0,6.8555,0.6745,0.010648514,44.50165545
16,107,16107,0.422291715,0.034639213,0.062856959,0.415172482,32.93677101,704.4963326,0.010155824,3.045544535,34.78549477,,1275.046569,,0,0.054004449,11.37613362,0,0,0,4.4206,0.4349,2.6635553,90.45051921
16,108,16108,0.67238474,0.055153528,0.197326248,1.303346991,80.84928422,368.1104871,0.024929313,7.47584199,65.2606772,,,,0,0.130646494,27.92478536,0,0,0,6.1936,0.6094,4.034291085,50.29772472
16,109,16109,0.013213266,0.001083841,0.00231274,0.015275729,1.371904624,39.2570332,0.000423017,0.126855077,14.83374986,,,,0,0.002959016,0.473846399,0,0,0,0,0,0,17.13494636
16,110,16110,0.055943263,0.004588843,0.030313409,0.200221158,18.17163021,1012.957612,0.005603096,1.680265168,98.38171095,,76.5169846,,0,0.032806201,6.276355791,0,0,0,5.0826,0.5,0.50267308,80.13192398
16,111,16111,0.014172293,0.001162507,0.010820317,0.071468588,6.685327639,597.3917995,0.002061374,0.618168158,8.859885407,124.8852714,543.127853,,0,0.009487485,2.309066075,0,0,0,6.5719,0.6466,0.017545308,20.76743921
16,112,16112,0.226543575,0.018582631,0.127944059,0.845075131,63.24724559,5377.009961,0.019501847,5.848244903,7.859579701,,78.9575121,,0,0.093766425,21.84516257,0,0,0,4.2079,0.414,0.879699238,64.27775697
16,113,16113,0.021951071,0.001800575,0.017262949,0.114022403,10.44066885,271.9042697,0.003219307,0.965411028,71.90762762,,,,0,0.018743647,3.606135037,0,0,0,2.624,0.2582,0,132.2531312
17,1,17001,0.011721446,0.000961472,0,0.096018866,0,369.4236859,0.002108266,0.632230024,7.532359974,62.07921295,,,0,0,2.361591876,0,0,0,2.457,0.2417,0.241397356,12.67459627
17,2,17002,0.012467356,0.001022657,0,0.080197575,0,138.9933507,0.002006383,0.601677424,17.5753345,,,,0,0,2.247467635,0,0,0,1.6538,0.1627,0.652783313,15.79876389
17,3,17003,0.065533536,0.005375502,0,0.159304027,0,637.0054977,0.004347969,1.303875885,32.84187698,323.7766295,,,0,0,4.870415167,0,0,0,2.2995,0.2262,0.045219237,45.44957415
17,4,17004,0.334807108,0.027463136,0,0.268416375,0,1148.659846,0.010002787,2.999651717,53.4379529,486.0614055,,,0,0,11.20470851,0,0,0,1.7325,0.1705,0.127005559,72.90771065
17,5,17005,0.00607384,0.000498217,0,0.066558532,0,287.807251,0.001109621,0.332754887,5.088847493,,,,0,0,1.24295147,0,0,0,0,0,0.041537201,8.043292512
17,6,17006,0.451488771,0.037034152,0,2.601783926,0,525.9911399,0.023534081,7.057437555,28.54179681,494.9157051,,,0,0,26.36190401,0,0,0,2.1735,0.2138,1.670692129,45.05709078
17,7,17007,1.039798778,0.085291304,0,7.478014736,0,445.2114247,0.051087608,15.32023271,0.92388037,,49.3338062,,61.7377711,2.439223752,57.22622423,0,0,0,3.213,0.3161,40.61689816,6.164605451
17,8,17008,0.208961406,0.017140423,0,0.402079001,0,339.7390633,0.01081884,3.2443708,3.328529436,48.99599404,,,0,0,12.11881663,0,0,0,2.4413,0.2402,31.34353523,1.282112339
17,9,17009,0.025147829,0.002062794,0,0.289693283,0,364.9495645,0.00215601,0.64654756,6.858881404,,309.4594369,,0,0,2.415072693,0,0,0,2.9138,0.2867,0,7.305423778
17,10,17010,0.029836407,0.002447383,0,0.086744316,0,172.923875,0.001980096,0.593794256,16.16127529,38.98534927,,,0,0,2.218021352,0,0,0,0,0,0,21.73834554
17,11,17011,1.749905261,0.143539023,0,1.52593618,0,440.8768928,0.026722696,8.013644453,0.885016955,21.21067308,12.94187804,,0,0.994634928,29.93365852,0,0,0,1.512,0.1488,9.296785999,1.847288391
17,12,17012,0.096115853,0.00788407,0,0.914361472,0,283.7981609,0.007210192,2.162203671,12.49620286,485.3015216,,,0,1.136725632,8.076558266,0,0,0,0,0,0.417246623,18.61417792
17,13,17013,0.021205161,0.00173939,0,0.085653193,0,302.3048995,0.001949261,0.584547514,14.16998714,,,,0,0,2.183481658,0,0,0,0.9135,0.0899,0,30.40437833
17,14,17014,0.010868977,0.000891547,0,0.050737242,0,183.9335873,0.001231965,0.369443574,5.75261021,125.0504635,,,0,0,1.379996062,0,0,0,0,0,0.011899799,9.016651267
17,15,17015,0.040598825,0.003330189,0,0.093836619,0,876.316121,0.003193872,0.957783531,5.973864449,147.054059,,,0,0,3.577643769,0,0,0,0,0,0.187218398,28.56232305
17,16,17016,0.020778926,0.001704428,0,0.027823649,0,826.2365093,0.002218531,0.665296715,15.70905096,,18.88469952,,0,0,2.485107095,0,0,0,0,0,0,27.48430206
17,17,17017,0.094410916,0.00774422,0,0.50246236,0,1510.196091,0.008316544,2.493978489,16.27695663,191.6229032,,,0,0,9.315848847,0,0,0,4.41,0.4339,5.141191114,22.8059003
17,18,17018,0.16697732,0.013696605,0,0.757785253,0,1111.744714,0.014614911,4.382742781,2.010719857,,47.42667244,,0,0.331544976,16.37101902,94.67991,77.569,0,0,0,2.453438825,3.752141009
17,19,17019,0.034844661,0.002858194,0,0.212223516,0,790.2125297,0.003233233,0.969586976,25.44423747,38.58888809,,,0,0,3.621733609,0,0,0,1.5908,0.1565,0,59.37488408
17,20,17020,0.041984087,0.003443818,0,0.48664107,0,802.2993436,0.005474784,1.641786789,9.735186509,,247.4170729,,0,0,6.132626097,0,0,0,3.0398,0.2991,0.109463914,12.26641356
17,21,17021,0.013319824,0.001092582,0,0.077469767,0,82.70403769,0.000898752,0.269519101,2.876305105,21.93751857,,,0,0,1.006744532,0,0,0,0,0,0,3.553282769
17,22,17022,0.02578718,0.002115238,0,0.067104094,0,1373.888895,0.002554871,0.766158646,1.202520828,,15.94288106,,0,0,2.861860345,0,0,0,0,0,0,17.93387341
17,23,17023,0.00458202,0.000375848,0,0.007637864,0,400.2095184,0.000835804,0.250642111,4.867593255,,180.7476065,,0,0,0.936232622,0,0,0,0,0,0,26.60513932
17,24,17024,0.058713786,0.0048161,0,0.352432882,0,625.0137227,0.006395276,1.917825482,8.879317115,905.2530254,8.60103832,,0,0,7.163723501,0,0,0,5.04,0.4959,0.366200531,24.15604309
17,25,17025,0.033139723,0.002718343,0,0.14130049,0,761.73816,0.00418257,1.254275848,7.648041316,555.0456506,,,0,0,4.685142339,0,0,0,0.7718,0.0759,0.043632597,34.00999221
17,26,17026,0.027385559,0.002246348,0,0.192037732,0,318.7176976,0.002155157,0.64629189,6.416372926,39.6461179,13.7535972,,0,0,2.414117678,0,0,0,1.8428,0.1813,0,13.74738414
17,27,17027,0.015450996,0.001267395,0,0.039826007,0,406.4736043,0.001545427,0.463445018,6.637627165,3.303843158,5.19287944,,0,0,1.731123087,0,0,0,2.1105,0.2076,0,20.15794584
17,28,17028,0.14268196,0.011703736,0,0.459362983,0,720.4164389,0.008316118,2.493850653,4.203830538,135.193262,,,0,0.260499624,9.31537134,0,0,0,0,0,2.372019173,7.054234421
17,29,17029,0.173583953,0.014238526,0,1.373178893,0,494.671531,0.012244196,3.671808919,31.41810192,482.3611011,32.88607921,,0,0.402590328,13.71544183,0,0,0,2.9295,0.2882,1.30343333,26.17079105
17,30,17030,0.256806216,0.021064977,0,0.151666163,0,698.5983172,0.005933183,1.779252183,22.57764822,,,,0,0.047363568,6.646105601,0,0,0,0,0,0.000832986,56.50190582
17,31,17031,0.187223453,0.015357329,0,0.396623383,0,117.3267658,0.004820151,1.445474615,1.548779672,175.4671101,,,0,0,5.399334072,0,0,0,1.386,0.1364,4.493568527,3.45908676
17,32,17032,0.018860871,0.001547096,0,0.080743137,0,321.0549204,0.001123404,0.336888223,13.68900784,,,,0,0,1.258390872,0,0,0,0,0,0,11.23549058
17,33,17033,0.12446044,0.010209084,0,0.043099377,0,515.1417963,0.001812992,0.543682879,6.868597258,,,,0,0,2.030838495,0,0,0,0,0,0,16.00285524
18,1,18001,0,0.004501437,0,0.267325251,0,708.1193468,0.004886936,1.465502122,56.41983091,,26.534193,,0,0.216419125,5.474143547,0,0,0,7.9485,0.782,0.000371248,217.1827949
18,2,18002,0,0.00201035,0,0.093291057,0,226.9965472,0.001913453,0.573809362,26.56022451,161.8883148,,,0,0.095699647,2.143371046,0,0,0,4.0823,0.4016,0.000490254,80.38692019
18,3,18003,0,0.000445773,0,0.036552636,0,238.9336546,0.001406031,0.421642926,27.44524147,,617.7775904,,0,0.068744045,1.574978204,0,0,0,0,0,0,76.60968341
18,4,18004,0,0.008443472,0,1.573400051,0,983.7086325,0.008731604,2.61844731,105.8464525,328.3194139,1226.776936,,0,0.409294443,9.780781776,0,0,0,6.0514,0.5954,1.89E-05,336.2905521
18,5,18005,0,0.00026222,0,0.02182247,0,962.6933837,0.001576546,0.472776984,1.222345126,,,,0,0.051055943,1.765981119,0,0,0,0,0,0,37.87220665
18,6,18006,0,0.004081886,0,0.372073105,0,195.298736,0.003654829,1.096015936,16.81532215,,78.74523132,,0,0.160305982,4.093988317,0,0,0,5.7152,0.5623,0.000373347,49.66983166
18,7,18007,0,0.003033007,0,0.092745495,0,764.0780145,0.002269544,0.680594321,5.772041917,,320.3878006,,0,0.089650364,2.5422488,0,0,0,0,0,2.64E-05,63.13143763
18,8,18008,0,0.003784703,0,0.264051881,0,587.3177903,0.00638945,1.916078402,12.58273664,2480.343732,330.0374192,,0,0.261691954,7.157197568,0.95472,6.146,0,3.8662,0.3804,0.049442933,155.7319781
18,9,18009,0,0.000201035,0,0.027823649,0,858.2343901,0.004637275,1.390633337,0.414146097,,749.4002208,,0,0.131850158,5.194483446,0,0,0,0,0,0,21.46535439
18,10,18010,0,0.000716734,0,0.132571502,0,1029.46386,0.004458519,1.337027799,132.8589014,,186.6614159,,0,0.205941768,4.994248723,0,0,0,10.1337,0.997,0,295.8890943
18,11,18011,0,0.002875675,0,0.197493349,0,692.2703026,0.002879558,0.863526416,5.098563347,,8.722,,0,0.12778504,3.225561729,0,0,0,2.2813,0.2244,0,71.13518605
18,12,18012,0,0.003303967,0,0.385166587,0,1306.88149,0.005115851,1.534149595,79.7287365,113.3218203,138.8771664,,0,0.24857711,5.730564961,0,0,4,0,0,0,232.7576567
18,13,18013,0,0.000419551,0,0.020185784,0,88.00593383,0.000974773,0.292316369,17.92159335,640.9455727,119.3258814,,0,0.048829807,1.091899998,0,0,0,5.0188,0.4938,0,89.65529414
18,14,18014,0,0.000830362,0,0.087289878,0,605.7326461,0.002941227,0.8820199,46.11713131,3856.245735,978.631775,,0,0.127857632,3.294641117,0,0,0,0,0,0.049455137,243.2740164
18,15,18015,0,0.005838757,0,0.607755776,0,1129.07217,0.011483845,3.443793629,206.6518517,867.2588291,89.1309902,,0,0.555711273,12.863728,0,0,0,8.5008,0.8363,0,863.6726776
18,16,18016,0,0.002700862,0,0.280418733,0,536.1821168,0.005093116,1.527331721,112.3971533,,,,0,0.245552469,5.705097906,0,0,0,0,0,0.000372975,566.5189577
18,17,18017,0,0.085876928,0,4.516160063,0,1846.870209,0.050254646,15.07044283,35.61300178,2807.440724,740.602297,,18.81775735,2.101351307,56.29317499,0,0,0,13.9999,1.3774,0.110992264,216.7667997
18,18,18018,0,0.00414307,0,0.373164228,0,154.8377587,0.003808576,1.142121812,56.86233938,,,,0,0.193528641,4.266209278,0,0,0,0,0,0.001089871,382.1665071
18,19,18019,0,0,0,0.001636685,0,943.5440572,0.001631678,0.48931033,19.47037302,,613.4473666,,0,0.060226655,1.827738729,0,0,0,0,0,0,36.19158588
18,20,18020,0,0.008565841,0,7.010468327,0,593.5363186,0.013297974,3.987817401,42.03830538,,,,0,0.520383464,14.89583984,0,0,0,0,0,0.083366661,172.5714654
19,1,19001,0,0,0,0.001636685,5.430199715,0.485311005,0.000395593,0.118631016,0,,,,0,0,0.443126763,0,0,0,1.4461,0.1423,5.143621013,0.021506807
19,2,19002,0.007459102,0.000611846,0,0.012002358,6.575144841,1.3853352,0.000479003,0.143644093,15.26654248,,,,0,0,0.536559022,0,0,0,0,0,0.636095995,44.87856104
19,3,19003,0.000213117,1.75E-05,0,0.001091123,3.085695384,3.133184662,0.000224795,0.067411734,7.301389882,,,,0,0,0.25180551,0,0,0,4.6998,0.4624,0,12.17285266
19,4,19004,0.056476056,0.004632547,0,0.195311102,59.67758278,52.74591987,0.004347543,1.303748049,18.8066103,,,,0,0,4.869937659,0,0,0,0,0,0.103576835,8.123428177
19,5,19005,0.108370092,0.008889245,0,0.10038336,34.84963301,23.9122454,0.002538814,0.761343522,52.43725461,,,,0,0,2.843874237,0,0,0,14.9615,1.472,0,72.15134277
19,6,19006,7.222861302,0.592467764,0,1.523753933,953.1911992,37.70642166,0.069440474,20.82391928,8.186406837,,,,0,0.336807595,77.78434549,931.15269,953.439,0,4.4217,0.435,7.026961687,10.27410886
19,7,19007,0.010762418,0.000882806,0,0.036007075,28.13795298,953.7872812,0.002049864,0.614716609,9.956440748,,179.7792228,,0,0,2.296173378,0,0,0,0,0,0,19.67783725
19,8,19008,0.006926309,0.000568143,0,0.019640223,6.426906631,4.897572748,0.000468203,0.140405603,4.867593255,,,,0,0,0.524462171,0,0,0,5.6175,0.5527,0,3.441396332
19,9,19009,0.709040897,0.058160313,0,0.530286009,143.8710349,85.28133457,0.01048108,3.143082752,118.1497635,,,,0,0,11.74047169,0,0,0,12.3752,1.2175,1.809491765,99.38596529
19,10,19010,0.327667682,0.026877512,0,0.024550278,14.14114509,21.54464758,0.00103019,0.308934938,1.770033911,,,,0,0,1.153975946,0,0,0,3.3649,0.3311,0.076368419,1.084557544
19,11,19011,0.006606633,0.000541921,0,0.060557353,15.04032687,4.81473299,0.001095696,0.328578939,12.61149161,,,,0,0,1.227352899,0,0,0,0,0,25.53849879,15.08856119
19,12,19012,0.237732227,0.0195004,0,0.065467409,31.03054859,10.0881277,0.002260592,0.677909783,5.973864449,,,,0,0,2.532221147,0,0,0,0,0,0.110470404,0.589900987
19,13,19013,0.037615184,0.003085451,0,0.078015328,20.34764491,10.34607949,0.001482336,0.444525417,33.40939007,,,,0,0,1.660452009,0,0,0,0,0,0.006469942,90.48220871
19,14,19014,0.087804283,0.007202299,0,0.076924205,63.80874765,1675.028679,0.0046485,1.393999663,27.69694476,,15.65927944,,0,0,5.207057804,0,0,0,0,0,0.203749362,84.55554723
19,15,19015,0.000106559,8.74E-06,0,0,3.01937829,8.816618999,0.000219963,0.065962936,13.27525433,,,,0,0,0.246393761,0,0,0,5.6453,0.5554,0,26.53632722
19,16,19016,0.024508477,0.00201035,0,0.030551457,6.101172668,7.341186264,0.000444474,0.133289446,13.71776281,,,,0,0,0.497880932,0,0,0,0,0,0,10.67352099
19,17,19017,0.009483715,0.000777918,0,0.052919489,75.66195299,1475.571731,0.005512013,1.652951058,52.82367836,,227.2791219,,0,0,6.1743284,0,0,0,0,0,12.72034752,87.35066402
19,18,19018,1.025413368,0.084111315,0,0.199675596,125.5850714,142.6250328,0.009148938,2.743597918,3.318813583,,,,0,0.189454272,10.24826141,0,0,0,13.7935,1.3571,53.15221321,2.141463479
19,19,19019,1.145078671,0.09392707,0,3.251002394,234.5518592,5.084946008,0.017087225,5.12414402,0.221254239,,0.002726527,,0,0.126302848,19.14040212,0,0,0,0,0,48.22770387,0
19,20,19020,0.011508328,0.000943991,0,0.068195217,10.24404055,11.20568821,0.000746284,0.22379673,22.34667812,,,,0,0,0.835956092,0,0,0,0,0,0,65.93679732
19,21,19021,1.890775725,0.155094168,0,1.096033531,651.0758745,5420.541581,0.047431216,14.22374804,1.106271194,,,,0,0.357858069,53.13048505,0,0,0,5.6175,0.5527,37.75777292,0.657493809
19,22,19022,0.015664114,0.001284876,0,0.059466229,26.37859948,47.68164979,0.001921695,0.576280841,112.1758991,,,,0,0,2.152602853,0,0,0,0,0,0,128.0822518
19,23,19023,0.000639352,5.24E-05,0,0.003818932,2.781416952,0.283675391,0.000202628,0.060764306,5.088847493,,,,0,0,0.226975131,0,0,0,0,0,0.000905022,10.7103898
19,24,19024,0.006500074,0.00053318,0,0.018003537,11.46895629,473.7077926,0.000835519,0.250556888,0.663762717,,213.019362,,0,0,0.935914284,0,0,0,0,0,0,6.167844957
19,25,19025,0.899567666,0.073788603,0,0.071468588,14.66973134,11.32918949,0.001068698,0.320482713,9.51393227,,,,0,0,1.197110771,0,0,0,0,0,0,8.593505527
19,26,19026,4.786931801,0.392656409,0,3.82438778,1372.131887,96.52401788,0.09996052,29.97631922,0.221254239,,,,0,0,111.9716389,0,0,0,4.4217,0.435,18.70606187,2.2059839
19,27,19027,0.002131172,0.000174813,0,0.013639043,3.440686888,3.042483447,0.000250656,0.075167066,7.522644121,,,,0,0,0.280774285,0,0,0,6.2571,0.6156,0,2.958722139
19,28,19028,0.003729551,0.000305923,0,0.006546741,2.882843096,1.885638762,0.000210017,0.062980116,2.212542388,,,,0,0,0.235251924,0,0,0,0,0,0,2.169115088
19,29,19029,0.017262493,0.001415986,0,0.030551457,12.76604064,65.50137747,0.000930013,0.278893678,10.85117356,,,,0,0,1.041761733,0,0,0,0,0,0,12.79501386
19,30,19030,0.005647606,0.000463255,0,0.006546741,6.947690871,208.5376936,0.000506143,0.151782931,0.885016955,,0.85203972,,0,0,0.56696032,0,0,0,0,0,0,0.589900987
19,31,19031,0.522669913,0.042872909,0,0.631760492,360.7610915,245.3036184,0.026281633,7.881377687,9.071423793,,,,0,0,29.43959765,0,0,0,2.5028,0.2462,0.378048707,1.895671401
19,32,19032,0.010123067,0.000830362,0,0.02836921,8.293537783,9.432726982,0.000604189,0.181185015,5.088847493,,,,0,0,0.676786996,0,0,0,20.9683,2.063,24.8384615,2.828145097
19,33,19033,0.63061377,0.051727192,0,0.319153616,139.9973364,786.6743758,0.010198879,3.058455885,48.39768468,,8.5203972,,0,0.042100949,11.42436186,0,0,0,8.9268,0.8783,55.41947195,109.1900582
19,34,19034,0.008844363,0.000725474,0,0.016366852,11.31876758,3.045744553,0.000824578,0.247275785,3.76132206,,,,0,0,0.923658264,0,0,0,0,0,0,6.405956033
19,35,19035,0.000426234,3.50E-05,0,0.002727809,1.971958302,1.037329502,0.000143658,0.043080444,0.221254239,,,,0,0,0.160919956,0,0,0,0,0,0,0.900213486
19,36,19036,0.00074591,6.12E-05,0,0.004364494,13.53843973,410.7811626,0.000986282,0.295767918,5.088847493,,,,0,0,1.104792695,0,0,0,0,0,0,13.82580439
19,37,19037,0.004262344,0.000349626,0,0.008728988,10.88380546,48.47075185,0.000792891,0.237773373,6.532963171,,,,0,0,0.888163555,0,0,0,6.0903,0.5992,5.936696483,1.614546712
19,38,19038,0.245937239,0.02017343,0,0.340430524,105.925954,245.2236912,0.007716761,2.314114437,116.2644409,,,,0,0,8.643996093,0,0,0,15.5733,1.5322,1.075775466,62.17310613
19,39,19039,8.329685437,0.683256939,0,18.3619714,2226.286308,141.1907263,0.162186113,48.63662864,8.186406837,,5.578020034,,105.1871081,1.494583701,181.6741736,0,0,0,7.8979,0.777,332.4769165,0
19,40,19040,0.000106559,8.74E-06,0,0.004910056,1.767155511,0.718823338,0.000128738,0.038606214,8.628915315,,,,0,0,0.144207201,0,0,0,0,0,0.154046231,1.746659954
19,41,19041,0.136501561,0.011196778,0,0.021276908,25.26486239,49.63332309,0.001840558,0.551949552,33.40939007,,,,0,0,2.0617173,0,0,0,8.2316,0.8099,0,39.94735747
19,42,19042,0.003622992,0.000297182,0,0.007637864,11.50601585,35.1598699,0.000838219,0.25136651,51.77349189,,,,0,0,0.938938497,0,0,0,10.067,0.9904,0,52.24925098
19,43,19043,0.001918055,0.000157332,0,0.012002358,5.022544636,155.1096834,0.000365895,0.109725168,7.397639516,,3.40815888,,0,0,0.409860422,0,0,0,0,0,0,6.498128062
19,44,19044,0.248281528,0.020365724,0,0.259687387,61.99478008,12.3990806,0.004516352,1.354370768,22.45264361,,,,0,0,5.059030545,0,0,0,0,0,3.575237369,9.276807503
19,45,19045,0.153657495,0.012604023,0,0.052919489,63.90627279,54.87799118,0.004655605,1.396130249,17.9313092,,76.31007384,,0,0,5.215016259,0,0,0,13.3207,1.3105,0.1829299,9.117349893
19,46,19046,5.204961173,0.426945995,0,3.656900326,915.4587231,14.44338065,0.066691643,19.99959564,0,,1.70407944,,0,0,74.70521933,0,0,0,0,0,31.85204802,0
19,47,19047,0.023975684,0.001966647,0,0.038734883,31.59229338,11.3845747,0.002301515,0.690181957,0.663762717,,,,0,0,2.578061847,0,0,0,1.9188,0.1888,1.276380768,0.049158416
19,48,19048,3.845380048,0.315423988,0,1.024019381,540.9407355,88.11616862,0.039407813,11.81767752,0.221254239,,8.523123727,,0,0.294706645,44.14300205,0,0,0,3.7265,0.3666,146.0082482,0.866417075
19,49,19049,0.106771713,0.008758136,0,0.699410147,75.51371478,144.3948247,0.005501213,1.649712568,2.212542388,,5301.494137,,0,0,6.162231549,0,0,0,0,0,2.469973039,3.007880554
19,50,19050,0,0,0,0.00927455,3.49139996,1.953856799,0.00025435,0.076274971,15.26654248,,,,0,0,0.284912682,0,0,0,0,0,0,12.13076077
19,51,19051,0.004795137,0.000393329,0,0.021276908,7.987308848,6.733910674,0.00058188,0.174494975,7.974868452,,6.3902979,,0,0,0.651797448,0,0,0,5.395,0.5308,4.831457253,1.909958066
20,1,20001,0.000319676,2.62E-05,0,0.001636685,0.016091545,101.6640793,0.000146216,0.043847455,0.221254239,,7.66835748,,0,0,0.163785,0,0,0,0,0,0,0.000556333
20,2,20002,0.089935455,0.007377112,0,0.162577398,0.640440347,2841.760356,0.005819364,1.745120199,32.34225115,4955.764738,136.028649,,0,0,6.518611155,0,0,0,5.0414,0.496,0.001662508,65.14052192
20,3,20003,0.000213117,1.75E-05,0,0.006001179,0.031432463,179.8202623,0.000285611,0.085649548,0,,70.8772226,,0,0,0.319929883,0,0,0,0,0,0,0.003549021
20,4,20004,0.001385262,0.000113629,0,0.006546741,0.011024819,51.93183885,0.000100177,0.030041259,0.009715854,,,,0,0,0.112214213,0,0,0,0,0,0,0.536516163
20,5,20005,0.028770821,0.002359977,0,0.060011791,0.23186524,476.8879755,0.002106845,0.631803907,3.569215383,,,,0,0,2.360000185,0,0,0,2.2447,0.2208,0,20.30167563
20,6,20006,0.053705532,0.00440529,0,0.253686208,0.227705521,379.9503142,0.002069047,0.62046919,7.571223389,,,,0,0,2.317661206,0,0,0,0,0,0.29669945,9.542557327
20,7,20007,0.004901695,0.00040207,0,0.000545562,0.048071339,267.3101409,0.0004368,0.130988414,0.885016955,,,,0,0,0.489285801,0,0,0,0,0,0,2.069503986
20,8,20008,0.000852469,6.99E-05,0,0.000545562,0.010665144,53.75711121,9.69E-05,0.02906119,0,,,,0,0,0.108553323,0,0,0,0,0,0,0
20,9,20009,0.003303316,0.00027096,0,0.018549099,0.110138725,674.9240699,0.001000776,0.300114313,1.99128815,,,,0,0,1.121027943,0,0,0,0,0,0,26.95660059
20,10,20010,0.075976279,0.006232086,0,0.033279266,0.216149008,377.7609735,0.001964039,0.588979133,0.452224331,,,,0,0,2.200035244,0,0,0,2.6495,0.2607,15.4242534,4.844461998
20,11,20011,0.000426234,3.50E-05,0,0.001091123,0.015575489,75.64541205,0.000141527,0.042441269,0.221254239,,,,0,0,0.15853242,0,0,0,0,0,0,0.928795801
20,12,20012,0.000852469,6.99E-05,0,0.00927455,0.133924186,863.0018002,0.001216903,0.364926732,0,,38.91950176,,0,0,1.363124138,0,0,0,0,0,0,5.116889048
20,13,20013,0.00607384,0.000498217,0,0.007637864,0.036624293,78.88316688,0.000332787,0.099796638,7.522644121,,,,0,0,0.372774023,0,0,0,0,0,0.001745633,6.679991697
20,14,20014,0.063189247,0.005183208,0,0.411899112,0.392499201,478.3250257,0.003566446,1.069511449,0.894732809,,,,0,0,3.994985139,0,0,0,5.1702,0.5087,0.155610713,7.432869309
20,15,20015,0.000319676,2.62E-05,0,0.000545562,0.072513598,420.9733297,0.000658895,0.197590525,0.663762717,,,,0,0,0.738067098,0,0,0,0,0,0,5.319793513
20,16,20016,0.002131172,0.000174813,0,0.008728988,0.135910218,771.963517,0.001234949,0.37033842,0,,,,0,0,1.383338613,0,0,0,0,0,0,2.066297481
20,17,20017,0.000639352,5.24E-05,0,0,0.049854076,325.4956486,0.000452999,0.135846149,1.106271194,,139.8603494,,0,0,0.507431078,0,0,0,0,0,0,11.74944199
20,18,20018,0.000532793,4.37E-05,0,0,0.012526071,62.87116382,0.000113818,0.034131984,0.894732809,,,,0,0,0.127494446,0,0,0,0,0,0,1.691501058
20,19,20019,0.000426234,3.50E-05,0,0.001091123,0.045522338,266.8087027,0.000413639,0.124042704,0,,,,0,0,0.463341238,0,0,0,0,0,0,0.333988218
20,20,20020,0.002877082,0.000235998,0,0.004364494,0.062708546,267.6695027,0.000569802,0.170872979,0.904448663,,,,0,0,0.638268075,0,0,0,0,0,0,0
20,21,20021,0.045607079,0.003741,0,0.090563248,0.222591881,618.9822965,0.002022582,0.606535159,2.212542388,2643.074527,38.6247474,,0,0,2.265612912,0,0,0,1.2327,0.1213,0.561726403,33.95773305
20,22,20022,0.00074591,6.12E-05,0,0.002182247,0.016670152,85.52568715,0.000151473,0.045424089,0.009715854,,,,0,0,0.169674256,0,0,0,0,0,0,0.867604548
20,23,20023,0.017369051,0.001424727,0,0.069831902,0.252960957,460.6764612,0.002298531,0.689287111,2.433796627,,,,0,0,2.574719296,0,0,0,0,0,0,12.3586105
20,24,20024,0.001065586,8.74E-05,0,0.001091123,0.057501078,340.6319691,0.000522484,0.156683278,0,,,,0,0,0.585264766,0,0,0,0,0,0,0.089380655
20,25,20025,0.01438541,0.001179988,0,0.109112348,0.159210899,479.7543646,0.001446671,0.433829876,3.76132206,,,,0,0,1.620500566,0,0,0,0,0,0,12.57025227
20,26,20026,0.00681975,0.000559402,0,0.088381001,0.112640812,589.9218034,0.001023511,0.306932187,2.433796627,,,,0,0,1.146494998,0,0,0,0,0,0,7.347321134
20,27,20027,0.000319676,2.62E-05,0,0.001636685,0.03704652,192.1957538,0.000336623,0.100947154,0,,,,0,0,0.377071588,0,0,0,0,0,0,0.179262042
20,28,20028,0.03186102,0.002613456,0,0.102565607,0.253883602,1167.714574,0.002306915,0.691801202,5.993296156,,165.6231438,,0,0,2.584110273,0,0,0,0,0,0,21.59210308
20,29,20029,0.001811496,0.000148591,0,0.005455617,0.063975227,335.1324623,0.000581311,0.174324528,0,,,,0,0,0.651160771,0,0,0,0,0,0,0.414355697
20,30,20030,0.011721446,0.000961472,0,0.106384539,0.135534905,712.4387159,0.001231539,0.369315739,1.106271194,,,,0,0,1.379518554,0,0,0,0.736,0.0724,0,5.697875943
20,31,20031,0.002344289,0.000192294,0,0.022368031,0.109857241,570.1534779,0.000998218,0.299347302,0,,12.7805958,,0,0,1.118162899,0,0,0,0,0,0,0.004412296
20,32,20032,0.000213117,1.75E-05,0,0.002182247,0.012072568,67.14999446,0.000109697,0.032896244,0,,,,0,0,0.122878542,0,0,0,0,0,0,1.158262999
20,33,20033,0.031541344,0.002587234,0,0.006001179,0.038844895,19.70666043,0.000352964,0.105847501,0.221254239,,,,0,0,0.395376034,0,0,0,0.5704,0.0561,0,2.995773915
20,34,20034,0.000959027,7.87E-05,0,0.001091123,0.016576324,40.38400424,0.000150621,0.045168418,0,,,,0,0,0.168719242,0,0,0,0,0,0.00648378,0.721182622
20,35,20035,0.000852469,6.99E-05,0,0.005455617,0.006880738,9.803125725,6.25E-05,0.018749155,0,,,,0,0,0.070034402,0,0,0,0,0,0.155319774,0.000468087
20,36,20036,0.00074591,6.12E-05,0,0.001636685,0.082834705,402.0838184,0.000752678,0.225714257,0,,,,0,0,0.843118701,0,0,0,0,0,0,18.40613904
20,37,20037,0.001385262,0.000113629,0,0.008728988,0.059205625,277.1254966,0.000537972,0.161327955,0.442508478,,510.3372652,,0,0,0.602614197,0,0,0,0,0,0,0
20,38,20038,0.014065735,0.001153766,0,0.004910056,0.029118033,136.6170515,0.000264581,0.079343014,0,,,,0,0,0.296372857,0,0,0,0,0,0,0.000506455
20,39,20039,0.108156975,0.008871764,0,0.852167434,0.872540157,565.1558691,0.00792834,2.377563282,3.116991051,,133.8198838,,0,0,8.880998877,0,0,0,0,0,1.839621684,4.601363667
20,40,20040,0.002983641,0.000244738,0,0.001636685,0.086103056,480.869344,0.000782376,0.234620106,0,,,,0,0,0.876385042,0,0,0,0,0,0,0.768873925
20,41,20041,0.035803688,0.00293686,0,0.176762003,0.512865205,2247.602141,0.004660152,1.397493824,0,,17.0407944,,0,0,5.22010967,0,0,0,0,0,0,2.528195668
20,42,20042,0.020672368,0.001695687,0,0.055101735,0.111327217,533.3086084,0.001011575,0.303352803,0.461940185,,7.66835748,,0,0,1.133124794,0,0,0,0,0,0.142518465,0.013290603
20,43,20043,0.415365407,0.03407107,0,1.08948679,1.43308575,1105.742433,0.013021741,3.904980226,5.522032708,,,,0,0,14.58641512,0,0,0,5.8693,0.5774,0.587322378,37.93608061
20,44,20044,0.05157436,0.004230477,0,0.328973728,0.589303951,1307.167198,0.005354713,1.605779889,18.47006731,1057.229811,,,0,0,5.998128211,0,0,0,3.1831,0.3132,0.130548411,35.54686257
20,45,20045,0.064574509,0.005296836,0,0.018003537,0.114157702,74.24070223,0.001037295,0.311065524,0.894732809,,,,0,0,1.1619344,0,0,0,0,0,0,4.752348871
20,46,20046,0.004475461,0.000367107,0,0.020185784,0.052027764,209.3945812,0.000472751,0.141769178,2.539762115,,,,0,0,0.529555582,0,0,0,0,0,0.000498752,7.914432923
20,47,20047,0.000426234,3.50E-05,0,0,0.00159508,9.198781672,1.45E-05,0.004346395,0.105965488,,,,0,0,0.016235248,0,0,0,0,0,0,0.583502303
20,48,20048,0.000213117,1.75E-05,0,0,0.016998551,10.08568823,0.000154457,0.046318935,0,,,,0,0,0.173016807,0,0,0,0,0,0,2.090365921
20,49,20049,0.000106559,8.74E-06,0,0.001091123,0.015997716,86.299379,0.000145363,0.043591785,0.885016955,,,,0,0,0.162829985,0,0,0,0,0,0,2.31984721
20,50,20050,0.006713192,0.000550661,0,0.001636685,0.051683727,337.6923843,0.000469624,0.14083172,0.009715854,,,,0,0,0.526053862,0,0,0,0,0,0,1.027138885
20,51,20051,0.002237731,0.000183554,0,0.003818932,0.071966266,486.9910224,0.000653922,0.196099115,0.663762717,,8.5203972,,0,0,0.732496179,0,0,0,0,0,0,3.542356621
20,52,20052,0.008631246,0.000707993,0,0.030005896,0.094829083,334.5088206,0.000861665,0.258397443,1.327525433,,,,0,0,0.965201398,0,0,0,0,0,1.432924748,6.872376322
20,53,20053,0.002024613,0.000166072,0,0.007092303,0.019031496,49.25409275,0.00017293,0.051858458,0.327219727,,,,0,0,0.19370879,0,0,0,0,0,0,2.303935997
20,54,20054,0.000532793,4.37E-05,0,0,0.006317769,32.17365833,5.74E-05,0.017215133,0.442508478,,,,0,0,0.064304315,0,0,0,0,0,0,1.464219262
20,55,20055,0.007459102,0.000611846,0,0.033279266,0.046116584,154.5433103,0.000419039,0.125661949,0.663762717,,,,0,0,0.469389664,0,0,0,0,0,0,2.045536163
20,56,20056,0.001918055,0.000157332,0,0.003818932,0.018562355,96.34771975,0.000168667,0.050580106,0,,,,0,0,0.188933717,0,0,0,0,0,0,0.85319236
20,57,20057,0.04859072,0.003985738,0,0.457180736,0.580233887,3463.46632,0.005272298,1.581065094,6.647343019,,,,0,0,5.905810136,0,0,0,6.6973,0.6589,0.064920922,43.21429095
20,58,20058,0.001065586,8.74E-05,0,0.00327337,0.203153796,1221.052888,0.001845958,0.553568797,0,,,,0,0,2.067765725,0,0,0,0,0,0,0.866767023
20,59,20059,0.062336779,0.005113283,0,0.313697999,0.484013019,1647.355266,0.004397987,1.318875208,4.877309108,,49.43167116,,0,0,4.926442688,0,0,0,0,0,0.027015749,0
20,60,20060,0.000532793,4.37E-05,0,0.002182247,0.03704652,213.6831427,0.000336623,0.100947154,0,,34.0815888,,0,0,0.377071588,0,0,0,0,0,0,0.002424844
20,61,20061,0.001811496,0.000148591,0,0.005455617,0.030588009,146.2077445,0.000277938,0.083348516,0.663762717,,,,0,0,0.311334752,0,0,0,0,0,0,0
20,62,20062,0.001065586,8.74E-05,0,0.001091123,0.00814742,20.68326232,7.40E-05,0.022200704,0,,,,0,0,0.082927099,0,0,0,0,0,5.056035169,9.21E-05
20,63,20063,0.007991895,0.000655549,0,0.033279266,0.058548827,14.00496025,0.000532004,0.159538263,0.67347857,,,,0,0,0.595929095,0,0,0,0,0,0.108464443,3.926216232
20,64,20064,0.000959027,7.87E-05,0,0.000545562,0.109216081,523.827983,0.000992392,0.297600222,1.548779672,,,,0,0,1.111636966,0,0,0,0,0,0,0
20,65,20065,0.002237731,0.000183554,0,0.001091123,0.018968944,93.78655142,0.000172361,0.051688011,0.009715854,,,,0,0,0.193072113,0,0,0,0,0,0,1.05554911
20,66,20066,0.007885336,0.000646808,0,0.027823649,0.077392667,268.5213609,0.000703229,0.21088538,9.51393227,,,,0,0,0.787727856,0,0,0,0,0,0,18.26249511
20,67,20067,0.627949805,0.051508675,0,6.570745566,4.116776946,7124.942722,0.037407114,11.21770457,0.442508478,,24.34095888,,104.4846639,0.961739148,41.90190118,166.5846,177.701,0,2.6311,0.2589,27.09608952,1.497886958
20,68,20068,0.062336779,0.005113283,0,0.1696697,0.309852152,660.5801422,0.002815473,0.844308532,9.966156602,,,,0,0,3.153776467,0,0,0,0.5888,0.0579,2.527520041,16.91485718
20,69,20069,0.000106559,8.74E-06,0,0,0.033840722,208.1932146,0.000307494,0.092211752,0.221254239,,,,0,0,0.344441924,0,0,0,0,0,0,6.337855957
20,70,20070,0.004049227,0.000332145,0,0.006001179,0.109825965,671.0536722,0.000997934,0.299262078,0,,,,0,0,1.117844561,0,0,0,0,0,0,1.051012182
20,71,20071,0.000106559,8.74E-06,0,0.006546741,0.050323217,334.2162109,0.000457262,0.137124501,0,,,,0,0,0.512206151,0,0,0,0,0,0,5.659761001
20,72,20072,0.000959027,7.87E-05,0,0.001091123,0.099973999,514.7730307,0.000908414,0.272416698,2.212542388,,,,0,0,1.01756803,0,0,0,0,0,0,7.689709368
20,73,20073,0.030582317,0.002508568,0,0.233500424,0.473003838,1928.188321,0.004297952,1.288876561,2.030151564,,68.5663832,,0,0,4.814387645,0,0,0,0,0,0,0
20,74,20074,0.003303316,0.00027096,0,0.000545562,0.007318603,42.66116157,6.65E-05,0.019942283,0,,4.3073586,,0,0,0.074491137,0,0,0,0,0,0,0
20,75,20075,0.00532793,0.000437033,0,0.026186963,0.042895148,84.29351119,0.000389767,0.116883936,3.771037914,,,,0,0,0.43660083,0,0,0,1.4719,0.1448,0,10.29448175
20,76,20076,0.00074591,6.12E-05,0,0.007637864,0.046022756,198.083075,0.000418186,0.125406279,0.230970093,,,,0,0,0.468434649,0,0,0,0,0,0,0
20,77,20077,0.004262344,0.000349626,0,0.006001179,0.058345532,114.6988752,0.000530157,0.158984311,2.212542388,,,,0,0,0.593859897,0,0,0,0,0,0.699545901,3.880319974
20,78,20078,0.001065586,8.74E-05,0,0.002182247,0.014355722,9.525107549,0.000130443,0.039117555,1.327525433,,,,0,0,0.14611723,0,0,0,0,0,0,2.791326949
20,79,20079,0.44466902,0.03647475,0,1.038203986,1.205552248,446.2879889,0.010954256,3.284979765,3.116991051,,,,0,0,12.27050477,0,0,39.1,0.828,0.0815,11.9993631,1.46460479
20,80,20080,0.002557406,0.000209776,0,0.000545562,0.021674325,120.2926173,0.000196944,0.059059838,0.452224331,,,,0,0,0.220608367,0,0,0,0,0,0,3.955422941
20,81,20081,0.002131172,0.000174813,0,0.003818932,0.024692467,123.7875924,0.000224368,0.067283899,0.663762717,,,,0,0,0.251328002,0,0,0,0,0,0,0.809691398
20,82,20082,0.001278703,0.000104888,0,0.010365673,0.07105926,400.6083163,0.00064568,0.193627636,0.230970093,,,,0,0,0.723264372,0,0,0,0,0,0,2.997498822
20,83,20083,0.018008403,0.001477171,0,0.058375106,0.09285869,88.86087811,0.000843761,0.253028367,0.230970093,,,,0,0.018429447,0.945146092,0,0,0,0,0,0,0.734340124
20,84,20084,0.00681975,0.000559402,0,0.035461513,0.049400573,23.74772565,0.000448879,0.134610409,0,,,,0,0,0.502815174,0,0,0,0,0,0,0.905407994
20,85,20085,0.000319676,2.62E-05,0,0.007637864,0.267879649,1730.076748,0.00243409,0.729938688,0,,67.58288872,,0,0,2.726566613,0,0,0,0,0,0,9.68864103
20,86,20086,0.002131172,0.000174813,0,0.004364494,0.01421498,62.67255323,0.000129164,0.038734049,0,,,,0,0,0.144684708,0,0,0,0,0,0,0.596614714
20,87,20087,0.021205161,0.00173939,0,0.06601297,0.047445818,57.99677969,0.000431117,0.129283945,0.663762717,,,,0,0.01067204,0.482919037,0,0,0,0,0,0,0.721822963
20,88,20088,0.007885336,0.000646808,0,0.006546741,0.036937054,191.125422,0.000335629,0.100648872,0.105965488,,375.7151538,,0,0,0.375957405,0,0,0,0,0,0,0
20,89,20089,0.021205161,0.00173939,0,0,0.031604482,162.4591708,0.000287174,0.086118277,0.442508478,,,,0,0,0.321680743,0,0,0,0,0,0,1.908402195
20,90,20090,0.006180399,0.000506958,0,0.02836921,0.086009228,491.1768839,0.000781523,0.234364436,0.894732809,,,,0,0,0.875430028,0,0,0,0,0,0,1.439856487
20,91,20091,0.006393516,0.000524439,0,0.031642581,0.07409304,43.75872567,0.000673247,0.201894308,0.009715854,,1.08520993,,0,0.016800242,0.754143177,0,0,0,0,0,0,3.225255204
20,92,20092,0.001385262,0.000113629,0,0,0.019766484,83.02599107,0.000179608,0.053861208,0.442508478,,,,0,0,0.201189737,0,0,0,0,0,0,2.929015722
20,93,20093,0.000426234,3.50E-05,0,0.002727809,0.008272524,43.46960753,7.52E-05,0.022541598,0.009715854,,,,0,0,0.084200452,0,0,0,0,0,0,1.993086518
20,94,20094,0.000852469,6.99E-05,0,0.001636685,0.031291721,195.5103582,0.000284332,0.085266043,0.009715854,,,,0,0,0.318497361,0,0,0,0,0,0,1.974510602
20,95,20095,0.005114813,0.000419551,0,0.00327337,0.067916014,431.2455065,0.000617119,0.185062681,0,,,,0,0,0.691271384,0,0,0,0,0,0,0
20,96,20096,0.001065586,8.74E-05,0,0.004364494,0.00917953,10.44023161,8.34E-05,0.025013077,7.974868452,,,,0,0,0.093432259,0,0,0,0,0,0,3.973060625
20,97,20097,0.00149182,0.000122369,0,0.001636685,0.025880958,147.2180561,0.000235167,0.070522389,0,,,,0,0,0.263424854,0,0,0,0,0,0,0.001116503
20,98,20098,0.000852469,6.99E-05,0,0.001091123,0.068322603,465.0764166,0.000620814,0.186170585,0,,,,0,0,0.69540978,0,0,0,0,0,0,0.782143322
20,99,20099,0.002663965,0.000218516,0,0,0.007177861,28.82259681,6.52E-05,0.019558777,0.221254239,,,,0,0,0.073058615,0,0,0,0,0,0,0.122382506
20,100,20100,0.000532793,4.37E-05,0,0.006546741,0.005160554,29.61974813,4.69E-05,0.014061866,0,,,,0,0,0.052525802,0,0,0,0,0,0,0.000625395
20,101,20101,0.000639352,5.24E-05,0,0.001636685,0.010884077,67.98736994,9.89E-05,0.029657754,0,,,,0,0,0.110781691,0,0,0,0,0,0,1.681471989
20,102,20102,0.002237731,0.000183554,0,0.006546741,0.065523393,90.63265614,0.000595379,0.178543088,0.452224331,,5.6693,,0,0,0.666918512,0,0,0,0,0,0,2.883119464
20,103,20103,0.014705086,0.00120621,0,0.037098198,0.077095544,63.10459577,0.000700529,0.210075758,0.442508478,,,,0,0,0.784703643,0,0,0,0,0,0,6.53395815
20,104,20104,0.001385262,0.000113629,0,0.005455617,0.041143687,238.891148,0.000373852,0.112111424,0.096249634,,,,0,0,0.418773891,0,0,0,0,0,0,3.421357396
20,105,20105,0,0,0,0.001091123,0.102382257,688.3408861,0.000930297,0.278978902,0.221254239,,,,0,0,1.042080071,0,0,0,0,0,0,4.764176107
20,106,20106,0.000319676,2.62E-05,0,0,0.004879069,28.25008302,4.43E-05,0.013294855,0,,,,0,0,0.049660758,0,0,0,0,0,0,0.513569443
20,107,20107,0.096542088,0.007919033,0,0.11620465,0.229410067,184.8927164,0.002084536,0.625113867,0,,,,0,0.04736652,2.335010637,0,0,0,0,0,0.17888582,0.713478189
20,108,20108,0.001172145,9.61E-05,0,0.002727809,0.065022976,356.9570939,0.000590832,0.177179513,0.009715854,,,,0,0,0.661825101,0,0,0,0,0,0,5.924789638
20,109,20109,0.000426234,3.50E-05,0,0,0.019328619,53.83252844,0.00017563,0.05266808,1.423775067,96.47222023,,,0,0,0.196733003,0,0,0,3.1095,0.3059,0,0.097142
20,110,20110,0.000106559,8.74E-06,0,0.001636685,0.02051711,128.1752904,0.000186429,0.055906571,0,,,,0,0,0.208829854,0,0,0,0,0,0,0.364962115
20,111,20111,0.00149182,0.000122369,0,0.003818932,0.063412258,393.1586731,0.000576196,0.172790507,0,,,,0,0,0.645430684,0,0,0,0,0,0,1.140861642
20,112,20112,0.022590422,0.001853019,0,0.009820111,0.041972503,254.4824274,0.000381383,0.114369845,0.019431707,,,,0,0,0.427209853,0,0,0,0,0,0,8.632668845
20,113,20113,0.001278703,0.000104888,0,0.008183426,0.043692688,298.4109918,0.000397014,0.119057133,0,,4.5903186,,0,0,0.444718454,0,0,0,0,0,0,1.170308104
20,114,20114,0.000852469,6.99E-05,0,0.001091123,0.010368021,52.48440239,9.42E-05,0.028251567,0,,,,0,0,0.105529111,0,0,0,0,0,0,0.00046425
20,115,20115,0.033672516,0.002762047,0,0.062194038,0.145809098,61.53494134,0.001324895,0.397311636,1.558495526,,,,0,0.029953457,1.48409265,0,0,0,0,0,0,3.742631201
20,116,20116,0.002770523,0.000227257,0,0.004364494,0.059252539,394.5406018,0.000538398,0.16145579,0,,,,0,0,0.603091704,0,0,0,0,0,0,0.525768558
20,117,20117,0.00149182,0.000122369,0,0.009820111,0.042942062,284.0341704,0.000390193,0.117011771,0,,91.82204716,,0,0,0.437078337,0,0,0,0,0,0,1.766787719
20,118,20118,0.00532793,0.000437033,0,0.003818932,0.035279421,203.2610482,0.000320567,0.09613203,1.548779672,,,,0,0,0.35908548,0,0,0,0,0,0,2.699534433
20,119,20119,0.002663965,0.000218516,0,0,0.005660971,32.20310698,5.14E-05,0.015425441,0.009715854,,633.4923748,,0,0,0.057619213,0,0,0,0,0,0,0.426153367
20,120,20120,0.000532793,4.37E-05,0,0.006001179,0.005457676,0,4.96E-05,0.014871489,0,,,,0,0,0.055550014,0,0,0,0,0,0,8.44E-05
20,121,20121,0.000213117,1.75E-05,0,0,0.010180365,67.02157203,9.25E-05,0.027740227,1.779749764,,,,0,0,0.103619081,0,0,0,0,0,0,1.886001826
20,122,20122,0.00074591,6.12E-05,0,0.002182247,0.010023985,61.43944305,9.11E-05,0.02731411,0,,,,0,0,0.10202739,0,0,0,0,0,0,0
20,123,20123,0.001704938,0.00013985,0,0.004364494,0.034606986,208.1973357,0.000314457,0.094299727,0.202215122,,,,0,0,0.352241209,0,0,0,0,0,0,5.711997897
20,124,20124,0.165805175,0.013600458,0,0.126570323,0.280609015,485.6525341,0.002549755,0.764624624,0,,,,0,0,2.856130257,0,0,0,0,0,0,12.33366226
20,125,20125,0.000426234,3.50E-05,0,0.001091123,0.151954848,930.1682355,0.001380738,0.41405804,0.442508478,,,,0,0,1.546646105,0,0,0,0,0,0,0
20,126,20126,0.060312165,0.00494721,0,0.007637864,0.061973558,395.9626,0.000563123,0.168870229,0,,,,0,0,0.630787127,0,0,0,0,0,0,0
20,127,20127,0.005967281,0.000489477,0,0,0.018609269,132.0506839,0.000169093,0.050707942,0.230970093,,6.91711916,,0,0,0.189411224,0,0,0,0,0,0,0.53323806
20,128,20128,0.001065586,8.74E-05,0,0.006546741,0.016826533,0,0.000152894,0.045850206,0,,,,0,0,0.171265947,0,0,0,0,0,0,0.00125079
20,129,20129,0.001811496,0.000148591,0,0.001636685,0.00359675,15.57832183,3.27E-05,0.009800695,1.106271194,,,,0,0,0.036608892,0,0,0,0,0,0,1.088876489
20,130,20130,0.003942668,0.000323404,0,0.007637864,0.083726074,415.7245973,0.000760777,0.228143125,0.230970093,,,,0,0,0.85219134,0,0,0,3.2198,0.3168,0,2.543342549
20,131,20131,0.06830406,0.005602759,0,0.019094661,0.140914391,715.7656201,0.001280419,0.383974169,1.106271194,,,,0,0,1.434272723,0,0,0,0,0,0,4.08476694
20,132,20132,0.000852469,6.99E-05,0,0.001091123,0.017108017,47.63244798,0.000155452,0.046617217,3.097559344,,,,0,0,0.174130991,0,0,0,0,0,0,3.788527458
20,133,20133,0.000852469,6.99E-05,0,0.012002358,0.061003999,403.2694114,0.000554313,0.166228302,0.096249634,,,,0,0,0.620918643,0,0,0,0,0,0,2.184309183
20,134,20134,0.010016508,0.000821621,0,0.032188143,0.427997555,2706.481285,0.003889002,1.166240043,0,,,,0,0,4.356298987,0,0,0,0,0,0,45.09198112
20,135,20135,0.002770523,0.000227257,0,0.010365673,0.09597066,464.2568001,0.000872038,0.261508098,0.221254239,,35.32555916,,0,0,0.976820742,0,0,0,0,0,0,6.045788862
20,136,20136,0.003196758,0.00026222,0,0.02509584,0.18579557,1382.550078,0.001688232,0.506269793,0,,,,0,0,1.891088029,0,0,0,0,0,0,33.87155466
20,137,20137,0,0,0,0.003818932,0.049353659,294.4487408,0.000448452,0.134482574,0.096249634,,,,0,0,0.502337667,0,0,0,0,0,0,0
20,138,20138,0.000959027,7.87E-05,0,0.002182247,0.005488953,26.46493235,4.99E-05,0.014956712,0.096249634,,,,0,0,0.055868353,0,0,0,0,0,0,0.000514128
20,139,20139,0.000106559,8.74E-06,0,0.000545562,0.032120537,178.8880436,0.000291863,0.087524464,0,,,,0,0,0.326933323,0,0,0,0,0,0,0.259629521
20,140,20140,0.000213117,1.75E-05,0,0,0.010133451,49.019038,9.21E-05,0.027612392,1.327525433,,,,0,0,0.103141574,0,0,0,0,0,0,2.106727416
20,141,20141,0.007459102,0.000611846,0,0.014730167,0.119975053,585.2288786,0.001090154,0.326917082,2.876305105,,,,0,0,1.221145304,0,0,0,0,0,0,8.753830168
20,142,20142,0,0,0,0,0.019187877,103.5278248,0.000174351,0.052284575,0,,22.39495608,,0,0,0.195300481,0,0,0,0,0,0,0.121177134
20,143,20143,0.008631246,0.000707993,0,0.039280445,0.139929194,458.5162261,0.001271467,0.381289631,5.098563347,,,,0,0,1.42424507,0,0,0,3.5694,0.3512,0,16.45427151
20,144,20144,0.004475461,0.000367107,0,0.001636685,0.012807556,55.09828257,0.000116376,0.034898995,0.894732809,,,,0,0,0.13035949,0,0,0,0,0,0,1.669647039
20,145,20145,0.005860723,0.000480736,0,0.016366852,0.029336966,5.647242418,0.00026657,0.079939578,1.106271194,,,,0,0,0.298601224,0,0,0,0,0,0,1.86505702
20,146,20146,0.012680473,0.001040138,0,0.002727809,0.039736263,247.8791853,0.000361064,0.108276369,0,,,,0,0,0.404448673,0,0,0,0,0,0,0
20,147,20147,0.000213117,1.75E-05,0,0,0.005160554,25.06575888,4.69E-05,0.014061866,0.221254239,,,,0,0,0.052525802,0,0,0,0,0,0,0.655620565
20,148,20148,0.000213117,1.75E-05,0,0.002727809,0.028617616,159.4698763,0.000260034,0.077979439,0,,47.7157558,,0,0,0.291279446,0,0,0,0,0,0,0
20,149,20149,0.001598379,0.00013111,0,0.002727809,0.020485834,83.26628557,0.000186145,0.055821347,0.009715854,,88.19289416,,0,0,0.208511516,0,0,0,0,0,0,0
20,150,20150,0.030156083,0.002473605,0,0.105293415,0.166451312,272.1617772,0.001512461,0.4535591,0.663762717,,57.72593044,,0,0,1.694195857,0,0,0,3.551,0.3494,0,10.14724535
20,151,20151,0.002877082,0.000235998,0,0,0.00591118,37.65910007,5.37E-05,0.016107228,0,,,,0,0,0.060165918,0,0,0,0,0,0,1.027138885
20,152,20152,0.001172145,9.61E-05,0,0.002182247,0.017749177,97.45775741,0.000161278,0.048364297,0.442508478,,,,0,0,0.180656924,0,0,0,0,0,0,1.317797336
20,153,20153,0.008950922,0.000734215,0,0.033279266,0.061473141,336.2347117,0.000558576,0.167506654,0,,,,0,0,0.625693716,0,0,0,0,0,0,3.695908498
20,154,20154,0.001065586,8.74E-05,0,0.000545562,0.0332152,192.9626618,0.00030181,0.090507284,0,,,,0,0,0.33807516,0,0,0,0,0,0,0
20,155,20155,0,0,0,0.003818932,0.012307139,81.26124851,0.000111829,0.03353542,0,,,,0,0,0.125266079,0,0,0,0,0,0,0
20,156,20156,0.001704938,0.00013985,0,0.024004716,0.045975842,221.7079208,0.00041776,0.125278444,0,,,,0,0,0.467957142,0,0,0,0,0,0,0.005720638
20,157,20157,0.04251688,0.003487521,0,0.153302848,0.163464447,7.390089815,0.00148532,0.445420263,0,,,,0,0.035767776,1.66379456,0,0,0,0,0,0.170407031,0.588306577
20,158,20158,0.000319676,2.62E-05,0,0.004910056,0.032183089,166.6590961,0.000292432,0.087694911,0,,,,0,0,0.327569999,0,0,0,0,0,0,0
20,159,20159,0.000106559,8.74E-06,0,0.002182247,0.079269232,437.5885268,0.00072028,0.215998786,0,,90.102601,,0,0,0.806828147,0,0,0,0,0,0,0
20,160,20160,0.010123067,0.000830362,0,0.00327337,0.02586532,123.9627907,0.000235025,0.070479778,0.221254239,,,,0,0,0.263265685,0,0,0,0,0,0,0.655620565
20,161,20161,0.002024613,0.000166072,0,0,0.044349485,282.0016318,0.000402982,0.120846825,0.260117654,,105.6019888,,0,0,0.451403556,0,0,0,2.6311,0.2589,0,0.196102192
20,162,20162,0.001065586,8.74E-05,0,0.00327337,0.029978125,173.5094014,0.000272396,0.081686659,0,,,,0,0,0.305127157,0,0,0,0,0,0,4.802417516
20,163,20163,0.003303316,0.00027096,0,0.007637864,0.023441424,121.6703924,0.000213001,0.063874962,0,,,,0,0,0.238594475,0,0,0,0,0,0,0.161736423
20,164,20164,0.001704938,0.00013985,0,0.004364494,0.044302571,223.1880502,0.000402556,0.12071899,0.663762717,,,,0,0,0.450926049,0,0,0,0,0,0,1.222732354
20,165,20165,0.024082243,0.001975388,0,0.001636685,0.021987086,101.5245938,0.000199786,0.059912072,0.221254239,,,,0,0,0.223791749,0,0,0,0,0,0,1.387730196
20,166,20166,0.013746059,0.001127544,0,0.032733704,0.155160647,887.8022631,0.001409868,0.422793442,4.425084777,885.4299665,21.348153,,0,0,1.57927577,0,0,0,0,0,0,48.73905061
20,167,20167,0.00074591,6.12E-05,0,0,0.029759193,170.3259518,0.000270407,0.081090095,0,,,,0,0,0.30289879,0,0,0,0,0,0,0
20,168,20168,0.000532793,4.37E-05,0,0.014184605,0.01493433,80.49019441,0.000135701,0.040694188,0.230970093,,,,0,0,0.152006487,0,0,0,0,0,0,0.875843485
20,169,20169,0.000532793,4.37E-05,0,0.004910056,0.055765256,387.9755736,0.000506711,0.151953378,0.442508478,,,,0,0,0.567596996,0,0,0,0,0,0,3.419558541
20,170,20170,0.008418129,0.000690512,0,0.004364494,0.05987806,373.4073003,0.000544082,0.163160259,0,,,,0,0,0.609458468,0,0,0,0,0,0,0
20,171,20171,0.002450848,0.000201035,0,0.018549099,0.280827947,1962.605485,0.002551745,0.765221188,0,,,,0,0,2.858358625,0,0,0,0,0,0,4.493568612
20,172,20172,0.001385262,0.000113629,0,0.000545562,0.005958094,32.47305564,5.41E-05,0.016235064,0,,,,0,0,0.060643426,0,0,0,0,0,0,0.467676003
20,173,20173,0.000213117,1.75E-05,0,0.000545562,0.019094049,111.5890679,0.000173498,0.052028905,0.105965488,,,,0,0,0.194345466,0,0,0,0,0,0,0.001016746
20,174,20174,0.002131172,0.000174813,0,0.033824828,0.051292776,26.35725101,0.000466072,0.139766427,0.894732809,,,,0,0.010686987,0.522074635,0,0,0,0,0,0,2.741258304
20,175,20175,0.000106559,8.74E-06,0,0.001091123,0.020298178,134.5419694,0.000184439,0.055310007,0.452224331,,,,0,0,0.206601487,0,0,0,0,0,0,2.144606953
20,176,20176,0.002131172,0.000174813,0,0.014730167,0.043708326,248.8723576,0.000397156,0.119099745,1.106271194,,,,0,0,0.444877623,0,0,0,0,0,0,3.550185361
20,177,20177,0.005008254,0.000410811,0,0.067649655,0.145449423,713.7731316,0.001321627,0.396331566,0.885016955,12.554604,32.788304,,0,0,1.480431761,0,0,0,4.5998,0.4525,0,0.867518121
20,178,20178,0.005008254,0.000410811,0,0.001636685,0.084664356,197.1277244,0.000769303,0.230699828,0.442508478,,0.4361,,0,0,0.861741485,0,0,0,0,0,0,3.734286426
20,179,20179,0.002344289,0.000192294,0,0.001091123,0.020579662,121.5889022,0.000186997,0.056077018,0.009715854,,258.8049341,,0,0,0.20946653,0,0,0,0,0,0,4.514522808
20,180,20180,0.001385262,0.000113629,0,0.001091123,0.032104899,126.3549206,0.000291721,0.087481852,1.548779672,,,,0,0,0.326774154,0,0,0,0,0,0,0.915105434
20,181,20181,0,0,0,0,0.006458511,32.44185856,5.87E-05,0.017598639,0.442508478,,,,0,0,0.065736837,0,0,0,0,0,0,0.507013237
20,182,20182,0,0,0,0.001091123,0.035998771,260.0327484,0.000327103,0.098092169,0,,,,0,0,0.366407259,0,0,0,0,0,0,0.427625094
20,183,20183,0.000319676,2.62E-05,0,0.001091123,0.022080914,132.9102714,0.000200638,0.060167742,0,,,,0,0,0.224746763,0,0,0,0,0,0,0.644693556
20,184,20184,0.521178092,0.04275054,0,1.517752754,2.306141963,4391.692559,0.02095477,6.283949694,38.69112942,5021.841601,,,0,0,23.47266658,0,0,0,5.0598,0.4978,4.191389515,241.1340313
20,185,20185,0.007032867,0.000576883,0,0.018003537,0.132563677,664.8970027,0.00120454,0.361219513,0.105965488,,,,0,0,1.349276426,0,0,0,0,0,0,1.604454659
20,186,20186,0.000319676,2.62E-05,0,0.00327337,0.008084867,39.51818168,7.35E-05,0.022030257,0.221254239,,,,0,0,0.082290423,0,0,0,0,0,0,0.415226358
20,187,20187,0.000852469,6.99E-05,0,0.000545562,0.030384714,180.5176672,0.000276091,0.082794563,0,,109.0921808,,0,0,0.309265553,0,0,0,0,0,0,0.603882744
20,188,20188,0.001918055,0.000157332,0,0.004364494,0.136551377,785.6104946,0.001240775,0.3720855,0,,,,0,0,1.389864546,0,0,0,0,0,0,1.563682635
20,189,20189,0.000213117,1.75E-05,0,0.001636685,0.039345312,207.3163454,0.000357511,0.107211076,0,,,,0,0,0.400469445,0,0,0,0,0,0,11.26523922
20,190,20190,0.081837002,0.006712822,0,0.063830723,0.353826324,1805.990475,0.003215045,0.964132676,10.39894923,,259.1300451,,0,0,3.601359965,0,0,0,0,0,0,0.102468862
20,191,20191,0.000532793,4.37E-05,0,0,0.004144081,20.01723343,3.77E-05,0.011292105,0.009715854,,,,0,0,0.04217981,0,0,0,0,0,0,0.000767356
20,192,20192,0.002344289,0.000192294,0,0.013093482,0.020016693,17.51060598,0.000181882,0.054542996,0.67347857,,,,0,0,0.203736443,0,0,0,0,0,0,2.941532883
20,193,20193,0.001598379,0.00013111,0,0.005455617,0.032777335,102.7787385,0.000297831,0.089314156,1.212236682,,123.2125726,,0,0,0.333618425,0,0,0,0,0,0,4.49783326
20,194,20194,0.028344586,0.002325014,0,0.002727809,0.017780453,71.42055985,0.000161562,0.048449521,0.009715854,,38.79549516,,0,0,0.180975262,0,0,0,0,0,0,4.693935452
20,195,20195,0.000532793,4.37E-05,0,0,0.019422447,149.7693974,0.000176482,0.052923751,0,,,,0,0,0.197688017,0,0,0,0,0,0,0.677474584
20,196,20196,0.000319676,2.62E-05,0,0.002727809,0.006239579,32.12321698,5.67E-05,0.017002075,0,,,,0,0,0.063508469,0,0,0,0,0,0,0.000295432
20,197,20197,0.005541047,0.000454514,0,0.01582129,0.044193105,148.4515192,0.000401561,0.120420708,0.663762717,,,,0,0,0.449811865,0,0,0,2.0791,0.2046,0,1.172440766
20,198,20198,0.016942817,0.001389764,0,0.02509584,0.447764039,2661.305928,0.00406861,1.220101252,1.548779672,,267.735238,,0,0,4.557488724,0,0,0,4.103,0.4037,0,69.32368788
20,199,20199,0.000426234,3.50E-05,0,0.001636685,0.010743334,49.34600946,9.76E-05,0.029274249,0,,,,0,0,0.109349169,0,0,0,0,0,0,0.63813735
20,200,20200,0.002344289,0.000192294,0,0.002727809,0.055733979,313.0390652,0.000506427,0.151868154,0,,104.2966472,,0,0,0.567278658,0,0,0,0,0,0,0
20,201,20201,0.000532793,4.37E-05,0,0.000545562,0.031401187,182.3711578,0.000285327,0.085564325,0,,26.39853292,,0,0,0.319611545,0,0,0,0,0,0,0.00260901
20,202,20202,0.001278703,0.000104888,0,0.010911235,0.061379312,320.4013753,0.000557723,0.167250984,0,,,,0,0,0.624738702,0,0,0,0,0,0,3.530555288
20,203,20203,0.000213117,1.75E-05,0,0.000545562,0.054404746,325.6901521,0.000494349,0.148246158,0,,,,0,0,0.553749285,0,0,0,0,0,0,2.595224757
20,204,20204,0.000106559,8.74E-06,0,0,0.010211641,54.31809206,9.28E-05,0.02782545,0,,,,0,0,0.10393742,0,0,0,0,0,0,0
20,205,20205,0,0,0,0.001091123,0.259482021,1650.220159,0.002357785,0.707056196,0.885016955,,,,0,0,2.641092809,0,0,0,0,0,0,49.4732905
20,206,20206,0.002344289,0.000192294,0,0.002727809,0.039235846,183.4597191,0.000356517,0.106912794,0.221254239,,,,0,0,0.399355262,0,0,0,0,0,0,0.186522655
20,207,20207,0.000106559,8.74E-06,0,0.006546741,0.244375673,1391.447719,0.002220521,0.665893279,1.770033911,,,,0,0,2.487335462,0,0,0,0,0,3.056906129,0.080181012
20,208,20208,0.002983641,0.000244738,0,0.00927455,0.106807823,617.8916671,0.00097051,0.291038017,0.442508478,,25.5706236,,0,0,1.087124925,0,0,0,0,0,0,5.050463754
20,209,20209,0,0,0,0.001091123,0.014433912,91.84532974,0.000131154,0.039330613,0.009715854,,60.7321516,,0,0,0.146913076,0,0,0,0,0,0,0
20,210,20210,0.000106559,8.74E-06,0,0.001636685,0.084726908,565.7639997,0.000769871,0.230870275,0.221254239,,,,0,0,0.862378162,0,0,0,0,0,0,4.969603884
20,211,20211,0.001172145,9.61E-05,0,0.001636685,0.042895148,258.8446759,0.000389767,0.116883936,0,,82.92422164,,0,0,0.43660083,0,0,0,0,0,0,0
20,212,20212,0.001385262,0.000113629,0,0.001091123,0.045491062,326.8059159,0.000413355,0.123957481,0,,,,0,0,0.4630229,0,0,0,0,0,0,3.926287478
20,213,20213,0,0,0,0.002182247,0.06203611,320.8089073,0.000563691,0.169040676,0.009715854,,88.8910184,,0,0,0.631423804,0,0,0,0,0,0,1.057052481
20,214,20214,0.00149182,0.000122369,0,0.008728988,0.036358446,191.9669487,0.000330371,0.099072239,0,,,,0,0,0.370068148,0,0,0,0,0,0,0.001454139
20,215,20215,0.001065586,8.74E-05,0,0,0.010180365,36.59343432,9.25E-05,0.027740227,4.877309108,,,,0,0,0.103619081,0,0,0,0,0,0,2.867247272
20,216,20216,0.001385262,0.000113629,0,0.004364494,0.016404305,93.0604218,0.000149058,0.04469969,0,,,,0,0,0.166968382,0,0,0,0,0,0,0.000794213
20,217,20217,0,0,0,0.001636685,0.048587395,274.175047,0.00044149,0.1323946,1.337241287,,,,0,0,0.494538381,0,0,0,0,0,0,4.982716296
20,218,20218,0.002024613,0.000166072,0,0,0.007772107,40.92613719,7.06E-05,0.021178023,0.009715854,,85.4756,,0,0,0.079107041,0,0,0,0,0,0,0.458934396
20,219,20219,0.002131172,0.000174813,0,0.002727809,0.037406195,193.6258078,0.000339892,0.101927224,1.327525433,,,,0,0,0.380732477,0,0,0,0,0,0,2.428329274
20,220,20220,0.000213117,1.75E-05,0,0.001091123,0.046132222,265.1143545,0.000419181,0.125704561,0,,,,0,0,0.469548833,0,0,0,0,0,0,0.216065841
20,221,20221,0.001385262,0.000113629,0,0,0.020204349,125.2984761,0.000183587,0.055054337,0.663762717,,,,0,0,0.205646472,0,0,0,0,0,0,1.309055729
20,222,20222,0.003516434,0.000288442,0,0.004364494,0.023238129,162.0066917,0.000211153,0.063321009,0,,,,0,0,0.236525277,0,0,0,0,0,0,0.001922226
20,223,20223,0.000106559,8.74E-06,0,0.00327337,0.009414101,51.91982823,8.55E-05,0.025652253,0,,,,0,0,0.095819796,0,0,0,0,0,0,0.001281484
20,224,20224,0.000213117,1.75E-05,0,0,0.009726862,28.99193781,8.84E-05,0.026504487,3.646033309,,,,0,0,0.099003178,0,0,0,0,0,0,2.930623926
20,225,20225,0.003516434,0.000288442,0,0.003818932,0.094031543,677.7284139,0.000854418,0.256224246,0.221254239,,10.22447664,,0,0,0.957083774,0,0,0,0,0,0,1.624840671
20,226,20226,0.013106707,0.0010751,0,0.007637864,0.037828422,201.6328165,0.000343728,0.10307774,0.096249634,,,,0,0,0.385030043,0,0,0,0,0,0,7.049247953
20,227,20227,0.016942817,0.001389764,0,0.054010612,0.187375012,98.44601153,0.001702584,0.510573576,1.99128815,,,,0,0.040954328,1.907164107,0,0,0,0,0,0,2.119572631
20,228,20228,0.000852469,6.99E-05,0,0,0.011947464,65.42865794,0.000108561,0.032555351,0,,,,0,0,0.121605189,0,0,0,0,0,0,0.032046845
20,229,20229,0.000959027,7.87E-05,0,0.002727809,0.107527173,588.7563689,0.000977046,0.292998156,0.096249634,,,,0,0,1.094446704,0,0,0,0,0,0,0
20,230,20230,0.000639352,5.24E-05,0,0.000545562,0.013339249,68.31627171,0.000121207,0.036347793,0.67347857,,,,0,0,0.135771239,0,0,0,0,0,0,0.598800116
20,231,20231,0.000532793,4.37E-05,0,0.001091123,0.037969164,195.545559,0.000345007,0.103461245,0,,,,0,0,0.386462565,0,0,0,0,0,0,0.002378803
20,232,20232,0.005114813,0.000419551,0,0.084562069,0.318374884,2136.022756,0.002892915,0.867531917,0.221254239,138.7614127,,,0,0,3.240523624,0,0,0,0,0,0,78.79117899
20,233,20233,0.001598379,0.00013111,0,0.006546741,0.025114694,157.3083205,0.000228205,0.068434415,1.548779672,,,,0,0,0.255625568,0,0,0,0,0,0,3.271151462
20,234,20234,0.000106559,8.74E-06,0,0.004364494,0.120350366,695.4118906,0.001093564,0.327939763,0,,,,0,0,1.224965362,0,0,0,0,0,0,0.448655836
20,235,20235,0.015131321,0.001241173,0,0.000545562,0.052543819,319.2972171,0.00047744,0.143175364,0.221254239,,,,0,0,0.534808162,0,0,0,0,0,0,0
20,236,20236,0.001385262,0.000113629,0,0.003818932,0.021017528,121.4718901,0.000190976,0.057270146,0,,,,0,0,0.213923265,0,0,0,0,0,0,0
20,237,20237,0.002131172,0.000174813,0,0.006546741,0.031244807,88.53885245,0.000283906,0.085138208,0.009715854,,,,0,0,0.318019854,0,0,0,0,0,0,1.356041869
20,238,20238,0,0,0,0.002182247,0.01221331,65.90673752,0.000110976,0.03327975,0,,,,0,0,0.124311064,0,0,0,0,0,0,1.564645151
20,239,20239,0.000106559,8.74E-06,0,0,0.015340919,106.4737208,0.000139395,0.041802093,0.221254239,,,,0,0,0.156144883,0,0,0,0,0,0,1.112369559
20,240,20240,0.00074591,6.12E-05,0,0,0.041049859,259.8367443,0.000373,0.111855753,0,,,,0,0,0.417818877,0,0,0,0,0,0,1.326538944
20,241,20241,0.00149182,0.000122369,0,0.001091123,0.013886581,73.86490846,0.00012618,0.037839203,0.221254239,,8.722,,0,0,0.141342157,0,0,0,0,0,0,0.567444641
20,242,20242,0.001278703,0.000104888,0,0.004364494,0.223373783,1344.477368,0.002029687,0.608665745,0.221254239,,,,0,0,2.273571366,0,0,0,0,0,0,1.628124404
20,243,20243,0.023229774,0.001905463,0,0.002182247,0.02434843,76.49695585,0.000221242,0.066346441,0.663762717,,,,0,0,0.247826282,0,0,0,0,0,0,4.234972875
20,244,20244,0.00149182,0.000122369,0,0.002727809,0.060831981,295.9017474,0.00055275,0.165759574,0.442508478,51.20956896,,,0,0,0.619167783,0,0,0,0,0,0,0.285417217
20,245,20245,0.000106559,8.74E-06,0,0.002182247,0.017373864,95.48016356,0.000157868,0.047341616,0.885016955,,,,0,0,0.176836866,0,0,0,0,0,0,1.470775468
20,246,20246,0.005221371,0.000428292,0,0,0.008397628,38.41082072,7.63E-05,0.022882491,0,,19.0245252,,0,0,0.085473805,0,0,0,0,0,0,0.000494945
20,247,20247,0.002131172,0.000174813,0,0.022368031,0.020204349,29.9693459,0.000183587,0.055054337,0.009715854,,14.9389504,,0,0,0.205646472,0,0,0,0,0,0,0.000901643
20,248,20248,0.020139575,0.001651984,0,0.044736062,0.221278286,1235.506091,0.002010646,0.602955775,0.221254239,,,,0,0,2.252242707,0,0,0,0,0,0,2.287036711
20,249,20249,0.003409875,0.000279701,0,0.002727809,0.055624513,307.0283313,0.000505432,0.151569872,0,,,,0,0,0.566164474,0,0,0,0,0,0,0.22858414
20,250,20250,0.001598379,0.00013111,0,0,0.016889085,67.73607785,0.000153463,0.046020653,0.663762717,,,,0,0,0.171902624,0,0,0,0,0,0,3.1316809
20,251,20251,0.005008254,0.000410811,0,0.001091123,0.016810894,96.91385341,0.000152752,0.045807594,0,,,,0,0,0.171106778,0,0,0,0,0,0,0.405392049
20,252,20252,0.001918055,0.000157332,0,0.005455617,0.026787965,147.043707,0.000243409,0.072993869,0,,,,0,0,0.272656661,0,0,0,0,0,0,1.20634184
20,253,20253,0.002344289,0.000192294,0,0.007637864,0.038813619,223.1637095,0.00035268,0.105762278,0,,8.81632,,0,0,0.395057696,0,0,0,0,0,0,4.933414938
20,254,20254,0.005967281,0.000489477,0,0.009820111,0.042081969,235.8353264,0.000382378,0.114668127,0,,,,0,0,0.428324037,0,0,0,0,0,0,0
20,255,20255,0.002770523,0.000227257,0,0.002727809,0.028773996,142.7446455,0.000261455,0.078405557,0.009715854,,,,0,0,0.292871137,0,0,0,0,0,0,2.543807793
20,256,20256,0.000852469,6.99E-05,0,0,0.003518559,22.96956018,3.20E-05,0.009587636,0.009715854,,,,0,0,0.035813047,0,0,0,0,0,0,0.378074526
20,257,20257,0.001918055,0.000157332,0,0.002182247,0.013792752,79.20673905,0.000125328,0.037583533,0,,,,0,0,0.140387143,0,0,0,0,0,0,0.001147197
20,258,20258,0.001598379,0.00013111,0,0.006001179,0.012307139,75.52458583,0.000111829,0.03353542,0.230970093,,,,0,0,0.125266079,0,0,0,0,0,0,0.605356322
20,259,20259,0.010442742,0.000856584,0,0.010365673,0.034231673,193.5486382,0.000311046,0.093277045,0.221254239,,,,0,0,0.348421151,0,0,0,0,0,0,0.726646126
20,260,20260,0.001385262,0.000113629,0,0.001636685,0.039095103,249.7200735,0.000355238,0.106529289,0.096249634,,,,0,0,0.39792274,0,0,0,0,0,0,0.001887695
20,261,20261,0.005114813,0.000419551,0,0.001636685,0.095485881,549.6982985,0.000867633,0.260187135,0,,,,0,0,0.9718865,0,0,0,0,0,0,4.668018424
20,262,20262,0.015237879,0.001249914,0,0.016912414,0.015137624,85.11400246,0.000137548,0.041248141,0,,,,0,0,0.154075685,0,0,0,0,0,0,0.000594701
20,263,20263,0.00831157,0.000681771,0,0.00927455,0.043645773,233.6239555,0.000396588,0.118929298,0,,,,0,0,0.444240947,0,0,0,0,0,0,0
20,264,20264,0.000213117,1.75E-05,0,0.001091123,0.029962487,183.8325587,0.000272254,0.081644047,0,,,,0,0,0.304967988,0,0,0,0,0,0,1.945007677
20,265,20265,0.000852469,6.99E-05,0,0.002182247,0.110592229,541.8645893,0.001004897,0.301350052,0.221254239,,765.3131183,,0,0,1.125643846,0,0,0,0,0,0,22.92388151
20,266,20266,0.003196758,0.00026222,0,0.020185784,0.11401696,739.6243349,0.001036016,0.310682018,0.442508478,,51.1223832,,0,0,1.160501878,0,0,0,0,0,0,5.757915874
20,267,20267,0.000852469,6.99E-05,0,0.001636685,0.004097167,12.53028519,3.72E-05,0.011164269,0,,,,0,0,0.041702303,0,0,0,0,0,0,0.000153471
20,268,20268,0.002131172,0.000174813,0,0.001636685,0.011353218,49.67947695,0.000103161,0.030936106,1.770033911,,,,0,0,0.115556764,0,0,0,0,0,0,3.917871457
20,269,20269,0.002450848,0.000201035,0,0.014184605,0.044693522,276.9749433,0.000406108,0.121784283,1.99128815,,,,0,0,0.454905276,0,0,0,0,0,0,2.846485954
20,270,20270,0.004795137,0.000393329,0,0.001091123,0.018374699,104.0812744,0.000166962,0.050068766,0,,,,0,0,0.187023688,0,0,0,0,0,0,1.573489357
20,271,20271,0.000319676,2.62E-05,0,0.002182247,0.039532969,271.4933483,0.000359217,0.107722417,0.096249634,,,,0,0,0.402379475,0,0,0,0,0,0,7.268298274
20,272,20272,0,0,0,0.008183426,0.084601804,506.4136749,0.000768735,0.230529381,0,,123.4988812,,0,0,0.861104809,0,0,0,0,0,0,3.424095002
20,273,20273,0.000852469,6.99E-05,0,0.007637864,0.049916628,319.7896307,0.000453568,0.136016596,0.894732809,,2.91558838,,0,0,0.508067754,0,0,0,0,0,0,18.87170671
20,274,20274,0.00074591,6.12E-05,0,0,0.022237295,109.3867282,0.000202059,0.06059386,0.009715854,,,,0,0,0.226338454,0,0,0,0,0,0,2.07613179
20,275,20275,0.000959027,7.87E-05,0,0.008183426,0.102366619,528.9236364,0.000930155,0.27893629,0,,25.3201252,,0,0,1.041920902,0,0,0,0,0,0,0.010601021
20,276,20276,0.000852469,6.99E-05,0,0.001091123,0.012244586,67.70797907,0.00011126,0.033364973,0,,,,0,0,0.124629402,0,0,0,0,0,0,0.052076124
20,277,20277,0.003516434,0.000288442,0,0.049646118,0.179509077,1150.802643,0.00163111,0.489139883,1.414451804,,332.8317524,,0,0,1.827102052,0,0,0,0,0,0,0
20,278,20278,0.011721446,0.000961472,0,0.102565607,0.552476364,3365.486843,0.005020079,1.505429299,7.263311647,3369.920022,,,0,0,5.62328499,0,0,0,0,0,0,55.43338799
20,279,20279,0.007352543,0.000603105,0,0.003818932,0.04367705,260.9648621,0.000396872,0.119014522,0,,13.89342288,,0,0,0.444559285,0,0,0,0,0,0,0
20,280,20280,0.002237731,0.000183554,0,0.02182247,0.033105734,156.2693676,0.000300815,0.090209002,0,,,,0,0,0.336960976,0,0,0,0,0,0,0.002440192
20,281,20281,0.000319676,2.62E-05,0,0,0.003268351,13.08761623,2.97E-05,0.008905849,0.009715854,,,,0,0,0.033266341,0,0,0,0,0,0,0.655620565
20,282,20282,0,0,0,0,0.010336745,56.37124445,9.39E-05,0.028166344,0,,,,0,0,0.105210772,0,0,0,0,0,0,2.385615879
20,283,20283,0.009057481,0.000742956,0,0,0.014949968,86.6537726,0.000135843,0.0407368,0.105965488,,,,0,0,0.152165656,0,0,0,0,0,0,1.464219262
20,284,20284,0.011082094,0.000909028,0,0.002182247,0.057673097,370.6583215,0.000524047,0.157152007,0,,,,0,0,0.587015626,0,0,0,0,0,0,1.656437666
20,285,20285,0.003409875,0.000279701,0,0.007637864,0.04902526,250.2363707,0.000445468,0.133587728,0.663762717,,222.275186,,0,0,0.498995116,0,0,0,0,0,0,1.458732424
20,286,20286,0.003516434,0.000288442,0,0.002182247,0.048837603,219.1781111,0.000443763,0.133076388,0,,,,0,0,0.497085087,0,0,0,0,0,0,0.712441014
20,287,20287,0.000319676,2.62E-05,0,0,0.005019811,32.22950853,4.56E-05,0.013678361,0.221254239,,,,0,0,0.05109328,0,0,0,0,0,0,0.332181086
20,288,20288,0,0,0,0,0.010508764,59.29752527,9.55E-05,0.028635073,0,,,,0,0,0.106961632,0,0,0,0,0,0,0.000974542
20,289,20289,0.00074591,6.12E-05,0,0.000545562,0.016028992,88.41312736,0.000145648,0.043677008,0,,,,0,0,0.163148323,0,0,0,0,0,0,0
20,290,20290,0.000852469,6.99E-05,0,0.002182247,0.013824029,31.28334657,0.000125612,0.037668757,0.442508478,,,,0,0,0.140705481,0,0,0,0,0,0,0.538701564
20,291,20291,0.000426234,3.50E-05,0,0.006001179,0.060738153,320.0533302,0.000551898,0.165503903,0.009715854,,164.0533264,,0,0,0.618212769,0,0,0,0,0,0,0
20,292,20292,0,0,0,0,0.019125325,128.8030218,0.000173782,0.052114128,0,,5.7847864,,0,0,0.194663804,0,0,0,1.8767,0.1846,0,4.15569752
20,293,20293,0.009803391,0.00080414,0,0.030551457,0.227345846,116.4981898,0.002065779,0.619489121,0.096249634,,6.08523972,,0,0.049294662,2.314000317,0,0,0,0.8464,0.0833,0,2.49091508
20,294,20294,0.00831157,0.000681771,0,0.041462692,0.096330335,78.55426746,0.000875306,0.262488168,0.221254239,,54.9901096,,0,0,0.980481631,0,0,0,0.7912,0.0778,0,6.859404341
20,295,20295,0.019819899,0.001625762,0,0.064376285,0.122367674,278.9996418,0.001111894,0.333436674,17.03657639,,,,0,0,1.245498176,0,0,0,0,0,0,11.54082263
20,296,20296,0.001385262,0.000113629,0,0.006001179,0.014074237,74.16052455,0.000127886,0.038350544,0.096249634,,,,0,0,0.143252186,0,0,0,0,0,0,0.000629232
20,297,20297,0.001172145,9.61E-05,0,0.003818932,0.039423502,226.3628144,0.000358222,0.107424135,0,,,,0,0,0.401265291,0,0,0,0,0,0,2.14606465
20,298,20298,0.154616523,0.012682689,0,0.105838977,0.173128756,424.4452974,0.001573135,0.471754303,0.452224331,,,,0,0,1.762161061,0,0,0,0,0,9.850357629,7.022127437
20,299,20299,0.037615184,0.003085451,0,0.004364494,0.015278366,76.70239187,0.000138827,0.041631646,0,,,,0,0,0.155508207,0,0,0,0,0,0,0.000947684
20,300,20300,0.020033016,0.001643243,0,0.014730167,0.083694797,452.8750876,0.000760493,0.228057902,0,,,,0,0,0.851873001,0,0,0,0,0,0,0
20,301,20301,0.005008254,0.000410811,0,0.010911235,0.022925369,108.8743543,0.000208311,0.062468775,1.99128815,,,,0,0,0.233341895,0,0,0,0,0,0,6.642440213
20,302,20302,0.002344289,0.000192294,0,0.012002358,0.052449991,322.9971416,0.000476587,0.142919694,0,,,,0,0,0.533853148,0,0,0,0,0,0,1.033646319
20,303,20303,0.007032867,0.000576883,0,0.002727809,0.014355722,61.2672316,0.000130443,0.039117555,0,,,,0,0,0.14611723,0,0,0,0,0,0,0.00035682
20,304,20304,0,0,0,0.001636685,0.013229783,84.62372136,0.000120212,0.036049511,0.442508478,,,,0,0,0.134657055,0,0,0,0,0,0,1.442365243
20,305,20305,0.012573914,0.001031397,0,0.02182247,0.062129938,116.5864955,0.000564544,0.169296346,3.540067821,,,,0,0,0.632378818,0,0,0,1.9319,0.1901,0,8.238401944
20,306,20306,0.001065586,8.74E-05,0,0.004364494,0.059831146,346.8624125,0.000543656,0.163032424,0,,42.5283252,,0,0,0.608980961,0,0,0,0,0,0,1.072153231
20,307,20307,0.003303316,0.00027096,0,0.011456796,0.134190033,674.2922285,0.001219318,0.365651131,0.461940185,,1.7444,,0,0,1.365830012,0,0,0,0,0,4.253995345,7.086433946
20,308,20308,0.007139426,0.000585624,0,0.024004716,0.043364289,209.6983734,0.00039403,0.118162287,0.663762717,,,,0,0,0.441375903,0,0,0,0,0,0.429379881,2.791198744
20,309,20309,0.008205012,0.00067303,0,0.034370389,0.177741978,1181.501794,0.001615053,0.484324759,0,,,,0,0,1.809115944,0,0,0,0,0,0,14.80889465
20,310,20310,0.015344438,0.001258654,0,0.01582129,0.093687506,324.7777057,0.000851292,0.255286788,1.99128815,,,,0,0,0.953582054,0,0,0,0,0,0,4.956795838
20,311,20311,0.011828004,0.000970213,0,0.001091123,0.003893872,23.33797831,3.54E-05,0.010610317,0.096249634,,,,0,0,0.039633105,0,0,0,2.2447,0.2208,0,0.053828686
20,312,20312,0.004049227,0.000332145,0,0.005455617,0.168625,996.0361351,0.001532212,0.459482129,0,,,,0,0,1.716320361,0,0,0,0,0,0,1.360577551
20,313,20313,0.05082845,0.004169292,0,0,0.012369691,77.14151499,0.000112397,0.033705867,0,,,,0,0,0.125902755,0,0,0,0,0,0,0.065846253
20,314,20314,0.002983641,0.000244738,0,0.032733704,0.025130333,106.2201664,0.000228347,0.068477027,0.009715854,,38.0794866,,0,0,0.255784737,0,0,0,0,0,0,0.430371367
20,315,20315,0.000532793,4.37E-05,0,0.000545562,0.026553394,155.7452395,0.000241278,0.072354693,0.885016955,,,,0,0,0.270269125,0,0,0,0,0,0,5.192535707
20,316,20316,0.000319676,2.62E-05,0,0,0.010962267,67.69696201,9.96E-05,0.029870813,0,,,,0,0,0.111577536,0,0,0,0,0,0,0
20,317,20317,0,0,0,0.000545562,0.020626577,156.0984297,0.000187423,0.056204853,0.221254239,,,,0,0,0.209944038,0,0,0,0,0,0,1.00965567
20,318,20318,0.058287552,0.004781138,0,1.043659604,0.548097712,948.1704714,0.004980293,1.493498019,6.195118688,,393.6309414,,0,0,5.578717643,3.16836,7.445,0.2,0,0,0.535410578,0.302770032
20,319,20319,0.00149182,0.000122369,0,0.004910056,0.016169735,110.5796392,0.000146926,0.044060514,0,,,,0,0,0.164580845,0,0,0,0,0,0,0
20,320,20320,0.001598379,0.00013111,0,0.002182247,0.010993543,64.53683984,9.99E-05,0.029956036,0.442508478,,,,0,0,0.111895874,0,0,0,0,0,0,0.541979667
20,321,20321,0.000213117,1.75E-05,0,0,0.012447881,76.43822707,0.000113108,0.033918926,0,,,,0,0,0.1266986,0,0,0,0,0,0,0.780188473
20,322,20322,0.000959027,7.87E-05,0,0.000545562,0.014512102,83.56374013,0.000131864,0.039543672,0,,,,0,0,0.147708921,0,0,0,0,0,0,0.103150784
20,323,20323,0.000319676,2.62E-05,0,0.001636685,0.038078631,198.1653899,0.000346002,0.103759527,0,,53.3860626,,0,0,0.387576749,0,0,0,0,0,0,0.003618083
20,324,20324,0.027598676,0.002263829,0,0.410807988,0.618421984,2740.431666,0.005619294,1.685122904,0,,71.93422152,,0,0,6.294501068,0,0,0,0,0,0,5.528384478
20,325,20325,0.026213415,0.002150201,0,0.02509584,0.159867697,896.396068,0.001452639,0.435619568,0,,,,0,0,1.627185668,0,0,0,0,0,0,3.967940102
20,326,20326,0.000319676,2.62E-05,0,0.002727809,0.07576631,537.4038658,0.000688451,0.206453762,0,,,,0,0,0.77117427,0,0,0,0,0,0,0.696518157
20,327,20327,0.009377156,0.000769178,0,0.09110881,0.219292254,646.7617242,0.0019926,0.597544087,16.61349962,,,,0,0,2.232028232,0,0,0,6.8629,0.6752,0,67.40280237
20,328,20328,0.025360946,0.002080276,0,0,0.017592797,107.2454857,0.000159857,0.04793818,0.221254239,,,,0,0,0.179065233,0,0,0,0,0,0,4.589625776
20,329,20329,0.002131172,0.000174813,0,0.006001179,0.020063607,105.6443084,0.000182308,0.054670831,0.230970093,,,,0,0,0.20421395,0,0,0,0,0,0,2.167918669
20,330,20330,0.000959027,7.87E-05,0,0.002727809,0.066180191,437.0930522,0.000601347,0.18033278,0,,,,0,0,0.673603614,0,0,0,0,0,0,0.362529939
20,331,20331,0.000319676,2.62E-05,0,0.002727809,0.009601757,70.694142,8.72E-05,0.026163593,0.442508478,,,,0,0,0.097729825,0,0,0,0,0,0,1.31124113
20,332,20332,0.000213117,1.75E-05,0,0,0.005692247,33.52922669,5.17E-05,0.015510664,0.885016955,,,,0,0,0.057937551,0,0,0,0,0,0,0.607541724
20,333,20333,0.003836109,0.000314664,0,0.025641402,0.039314036,162.2074261,0.000357227,0.107125853,0.221254239,,,,0,0,0.400151107,0,0,0,0,0,0,5.265552481
20,334,20334,0.030475758,0.002499827,0,0.245502782,0.609086074,3152.028916,0.005534464,1.65968371,39.92201263,,68.9695888,,0,0,6.199477118,0,0,0,0,0,0,21.81076788
20,335,20335,0.000319676,2.62E-05,0,0,0.014418274,82.47338146,0.000131012,0.039288002,0,,,,0,0,0.146753906,0,0,0,0,0,0,0.001818633
20,336,20336,0.001385262,0.000113629,0,0.004910056,0.043536307,259.016445,0.000395593,0.118631016,0.096249634,,,,0,0,0.443126763,0,0,0,0,0,0,0.002094881
20,337,20337,0.005008254,0.000410811,0,0.056192859,0.064804043,325.1658791,0.000588842,0.176582949,0,,25.5611916,,0,0,0.659596734,0,0,0,0,0,0,0.003844453
20,338,20338,0.039959473,0.003277745,0,0.161486274,0.115752782,52.73227951,0.001051788,0.315411919,0,,,,0,0,1.178169648,0,0,0,0.552,0.0543,0,1.844195084
20,339,20339,0.028664262,0.002351236,0,0.057283982,0.055280476,233.7197004,0.000502306,0.150632415,1.366388848,,,,0,0,0.562662754,0,0,0,0,0,10.49866149,2.580959625
20,340,20340,0.002663965,0.000218516,0,0.001091123,0.02586532,125.134771,0.000235025,0.070479778,0.452224331,,,,0,0,0.263265685,0,0,0,0,0,0,2.287023072
20,341,20341,0.000213117,1.75E-05,0,0.003818932,0.004018977,19.32527015,3.65E-05,0.010951211,0.221254239,,,,0,0,0.040906458,0,0,0,0,0,0,0.633766546
20,342,20342,0.000959027,7.87E-05,0,0.002727809,0.02874272,112.8132448,0.000261171,0.078320333,0.885016955,,,,0,0,0.292552798,0,0,0,0,0,0,1.330991475
20,343,20343,0.00074591,6.12E-05,0,0,0.022237295,25.19048229,0.000202059,0.06059386,1.327525433,,,,0,0,0.226338454,0,0,0,0,0,0,2.453363596
20,344,20344,0.00149182,0.000122369,0,0.001091123,0.040924754,234.4164613,0.000371863,0.11151486,0,,165.6272604,,0,0,0.416545524,0,0,0,0,0,0,0
20,345,20345,0.001811496,0.000148591,0,0.007092303,0.050761082,247.1649628,0.000461241,0.138317629,0,,,,0,0,0.516662885,0,0,0,0,0,0,0.898494609
20,346,20346,0.002983641,0.000244738,0,0.002182247,0.020751681,116.1721772,0.00018856,0.056545747,0,,,,0,0,0.21121739,0,0,0,0,0,0,1.765804722
20,347,20347,0.010229625,0.000839103,0,0.00327337,0.047680388,308.5531496,0.000433248,0.129923121,0,,0.43073586,,0,0,0.485306574,0,0,0,0,0,0,0
20,348,20348,0.007459102,0.000611846,0,0.024004716,0.097393722,450.5150153,0.000884969,0.265385765,1.327525433,,,,0,0,0.991305129,0,0,0,0,0,0,4.020046766
20,349,20349,0.007991895,0.000655549,0,0.002182247,0.028805272,121.8834188,0.000261739,0.07849078,0.885016955,,,,0,0,0.293189475,0,0,0,0,0,0,2.086193534
20,350,20350,0.023762567,0.001949166,0,0.15712178,0.248457201,12.16144711,0.002257608,0.677014937,0,,,,0,0.058830742,2.528878596,0,0,0,0,0,0.439483888,0.592478964
20,351,20351,0.000532793,4.37E-05,0,0.002727809,0.02738221,130.5824045,0.000248809,0.074613114,0.221254239,,21.7041986,,0,0,0.278705087,0,0,0,0,0,0,0
20,352,20352,0.011614887,0.000952731,0,0.00327337,0.042816957,247.8772241,0.000389056,0.116670877,0,,,,0,0,0.435804985,0,0,0,0,0,0,0.832638118
20,353,20353,0.000213117,1.75E-05,0,0.001636685,0.02563075,127.3437173,0.000232894,0.069840602,0.230970093,,,,0,0,0.260878148,0,0,0,0,0,0,0
20,354,20354,0.000106559,8.74E-06,0,0.000545562,0.009648672,53.36960451,8.77E-05,0.026291429,0,,,,0,0,0.098207332,0,0,0,0,0,0,0.070603206
20,355,20355,0.000319676,2.62E-05,0,0,0.01205693,65.71742643,0.000109555,0.032853633,0,,,,0,0,0.122719373,0,0,0,0,0,0,0.061339665
20,356,20356,0.032074137,0.002630937,0,0.016366852,0.027741885,126.897036,0.000252077,0.075593183,0.452224331,,,,0,0,0.282365976,0,0,0,0,0,0,1.923470439
20,357,20357,0.002663965,0.000218516,0,0.00327337,0.016091545,89.58652527,0.000146216,0.043847455,0.221254239,,,,0,0,0.163785,0,0,0,0,0,0,0
20,358,20358,0.006500074,0.00053318,0,0.00327337,0.024692467,125.0977306,0.000224368,0.067283899,1.548779672,,207.3517408,,0,0,0.251328002,0,0,0,0,0,0,4.088939327
20,359,20359,0.000213117,1.75E-05,0,0.000545562,0.013292335,80.54053601,0.000120781,0.036219958,0.009715854,,,,0,0,0.135293732,0,0,0,0,0,0,0.000498781
20,360,20360,0.003196758,0.00026222,0,0.004910056,0.04774294,226.9766514,0.000433816,0.130093568,2.433796627,,,,0,0,0.48594325,0,0,0,0,0,0,3.371288751
20,361,20361,0.002450848,0.000201035,0,0.001091123,0.016138459,93.62449602,0.000146642,0.04397529,0.221254239,,121.147146,,0,0,0.164262507,0,0,0,0,0,0,0
20,362,20362,0.002024613,0.000166072,0,0.005455617,0.019422447,95.82315291,0.000176482,0.052923751,0.230970093,,,,0,0,0.197688017,0,0,0,0,0,0,0
20,363,20363,0.002983641,0.000244738,0,0.018549099,0.039079465,212.39927,0.000355096,0.106486677,0.327219727,,19.46127334,,0,0,0.397763571,0,0,0,0,0,0,0.002202311
20,364,20364,0.010123067,0.000830362,0,0.20404009,0.231740135,1200.777531,0.002105708,0.631463013,0,,691.3394066,,0,0,2.358726833,0,0,0,0,0,0,9.53234827
20,365,20365,0.000319676,2.62E-05,0,0.014184605,0.01588825,99.29513278,0.000144369,0.043293503,0.105965488,,3.40815888,,0,0,0.161715801,0,0,0,0,0,0,0.002355782
20,366,20366,0.001065586,8.74E-05,0,0.007092303,0.066305295,441.4317883,0.000602483,0.180673674,0,,,,0,0,0.674876967,0,0,0,0,0,0,0.905289947
20,367,20367,0.006180399,0.000506958,0,0.015275729,0.072232113,504.5880726,0.000656337,0.196823514,0.009715854,,,,0,0,0.735202054,0,0,0,0,0,0,1.063847819
20,368,20368,0.00532793,0.000437033,0,0.008183426,0.026678499,131.3259989,0.000242414,0.072695587,0.221254239,,,,0,0,0.271542478,0,0,0,0,0,0,1.744057795
20,369,20369,0.00074591,6.12E-05,0,0.002182247,0.022706436,40.80382306,0.000206322,0.061872211,1.106271194,,43.216976,,0,0,0.231113527,0,0,0,0,0,0,1.961021922
20,370,20370,0.000639352,5.24E-05,0,0.002182247,0.008898046,50.22274023,8.09E-05,0.024246066,0.442508478,,,,0,0,0.090567216,0,0,0,0,0,0,0.807505996
20,371,20371,0.00074591,6.12E-05,0,0.00927455,0.015231452,87.92261621,0.000138401,0.041503811,0.221254239,,,,0,0,0.155030699,0,0,0,0,0,0,0.745222042
20,372,20372,0.00074591,6.12E-05,0,0.008728988,0.029853021,173.483877,0.00027126,0.081345765,0,,112.3243446,,0,0,0.303853804,0,0,0,0,0,0,1.726467488
20,373,20373,0.002770523,0.000227257,0,0,0.006020646,31.67837848,5.47E-05,0.01640551,0,,,,0,0,0.061280102,0,0,0,0,0,0,0.566019088
20,374,20374,0.000959027,7.87E-05,0,0,0.02131465,123.0248365,0.000193676,0.058079768,0,,15.4979972,,0,0,0.216947478,0,0,0,0,0,0,0.108158103
20,375,20375,0.010123067,0.000830362,0,0.049100556,0.152986959,27.97976269,0.001390117,0.416870413,0,,,,0,0.031732131,1.557151266,0,0,0,0,0,0,0.300411869
20,376,20376,0,0,0,0.004910056,0.005629695,29.00894993,5.12E-05,0.015340218,0,,,,0,0,0.057300875,0,0,0,0,0,0,0.218540188
20,377,20377,0.005434488,0.000445773,0,0.01582129,0.16255744,860.5228594,0.001477079,0.442948783,0.654439453,,546.933558,,0,0,1.654562752,0,0,0,0,0,0,0
20,378,20378,0.002450848,0.000201035,0,0.002727809,0.044286933,244.6592845,0.000402413,0.120676378,1.106271194,,,,0,0,0.45076688,0,0,0,0,0,0,5.828824735
20,379,20379,0.000319676,2.62E-05,0,0.002182247,0.042863871,299.8995995,0.000389483,0.116798712,0,,,,0,0,0.436282492,0,0,0,0,0,0,1.361505374
20,380,20380,0.002344289,0.000192294,0,0.005455617,0.0288991,89.1908529,0.000262592,0.07874645,1.106271194,,,,0,0,0.294144489,0,0,0,0,0,0,2.157124114
20,381,20381,0.004262344,0.000349626,0,0.003818932,0.035967495,94.08034783,0.000326819,0.098006946,0.240685946,,,,0,0,0.366088921,0,0,0,0,0,0.00108063,1.913319349
20,382,20382,0.000213117,1.75E-05,0,0.004364494,0.018374699,96.93029077,0.000166962,0.050068766,0,,,,0,0,0.187023688,0,0,0,0,0,0,0.917868791
20,383,20383,0.000106559,8.74E-06,0,0,0.008350714,62.29591133,7.59E-05,0.022754656,0.221254239,,,,0,0,0.084996297,0,0,0,0,0,0,0.710255612
20,384,20384,0.061697427,0.005060839,0,0.003818932,0.060988361,281.5085098,0.000554171,0.166185691,0.67347857,,,,0,0,0.620759474,0,0,0,0,0,0,0
20,385,20385,0.092066627,0.007551925,0,0.29842227,1.103248181,361.8222528,0.01002467,3.006213921,3.982576299,,,,0,0.2309286,11.22922055,0,0,0,1.4535,0.143,0.003990018,1.986056245
20,386,20386,0.001704938,0.00013985,0,0.004364494,0.282188457,1579.885899,0.002564107,0.768928407,0.105965488,,299.120604,,0,0,2.872206336,0,0,0,0,0,0,0
20,387,20387,0.003090199,0.000253479,0,0.011456796,0.038500858,129.9095795,0.000349838,0.104910044,4.434800631,,,,0,0,0.391874314,0,0,0,0,0,0,8.465773362
20,388,20388,0.000213117,1.75E-05,0,0,0.03624898,241.1558135,0.000329377,0.098773957,0,,,,0,0,0.368953964,0,0,0,0,0,0,3.94290578
20,389,20389,0.001065586,8.74E-05,0,0.000545562,0.014058599,88.51487714,0.000127744,0.038307932,0.885016955,,,,0,0,0.143093017,0,0,0,0,0,0,1.52292128
20,390,20390,0.162928093,0.01336446,0,0.611574708,0.707981047,43.90484591,0.006433073,1.929160199,0.221254239,,,,0,0.162531883,7.20606248,0,0,0,0.644,0.0634,2.847168982,0.191929805
20,391,20391,0.000319676,2.62E-05,0,0.004364494,0.050417045,288.8698898,0.000458115,0.137380171,0,,36.26834664,,0,0,0.513161165,0,0,0,0,0,0,0
20,392,20392,0.001065586,8.74E-05,0,0.008728988,0.099426667,527.3908145,0.000903441,0.270925288,0,,,,0,0,1.011997112,0,0,0,0,0,0,0
20,393,20393,0.002237731,0.000183554,0,0.000545562,0.057016299,330.6011754,0.000518079,0.155362315,1.99128815,,,,0,0,0.580330524,0,0,0,0,0,0,3.80104462
20,394,20394,0.000106559,8.74E-06,0,0.001636685,0.039532969,200.8370424,0.000359217,0.107722417,0,,,,0,0,0.402379475,0,0,0,0,0,0,0.007608333
20,395,20395,0.003090199,0.000253479,0,0,0.02403567,138.410749,0.0002184,0.065494207,0.221254239,,,,0,0,0.2446429,0,0,0,0,0,0,2.198514295
20,396,20396,0.002024613,0.000166072,0,0.006546741,0.050933101,293.9719445,0.000462804,0.138786358,0,,17.36335888,,0,0,0.518413745,0,0,0,0,0,0,0.413604599
20,397,20397,0.058820345,0.004824841,0,0.290784406,0.568536632,1847.923286,0.005166011,1.549191531,5.088847493,,396.9421129,,0,0,5.786751652,0,0,0,0,0,0.16483763,5.200163783
20,398,20398,0.009057481,0.000742956,0,0.022913593,0.063818847,278.4737146,0.00057989,0.173898411,5.088847493,,48.56626404,,0,0,0.649569081,0,0,0,0,0,0,7.706398916
20,399,20399,0.131706424,0.010803449,0,0.079652014,0.33796935,275.516981,0.00307096,0.920924397,1.115987048,,,,0,0.065975329,3.439962501,0,0,0,0,0,0,1.956849535
20,400,20400,0.002344289,0.000192294,0,0.004364494,0.019250429,71.20356372,0.000174919,0.052455022,0.663762717,,,,0,0,0.195937157,0,0,0,0,0,0,0.535423462
20,401,20401,0.006393516,0.000524439,0,0.475729835,0.316889271,1287.578053,0.002879416,0.863483804,18.58535606,,,,0,0,3.22540256,0,0,0,0,0,0,7.798782201
20,402,20402,0.000319676,2.62E-05,0,0.001636685,0.014949968,70.31620685,0.000135843,0.0407368,0.442508478,,,,0,0,0.152165656,0,0,0,0,0,0,0.828276123
20,403,20403,0.035057778,0.002875675,0,0.018549099,0.033653065,23.60089327,0.000305789,0.091700412,1.770033911,,,,0,0.007592992,0.342531894,0,0,0,0,0,0,0.79692593
20,404,20404,0.000852469,6.99E-05,0,0,0.011134285,41.9627292,0.000101172,0.030339541,3.540067821,,,,0,0,0.113328396,0,0,0,0,0,0,2.821353832
20,405,20405,0.01747561,0.001433467,0,0.00327337,0.025802768,97.62598606,0.000234457,0.070309331,0.67347857,,,,0,0,0.262629008,0,0,0,0,0,0,0.655620565
20,406,20406,0.002663965,0.000218516,0,0.022368031,0.322784812,2091.14452,0.002932986,0.879548421,0.221254239,,17.0407944,,0,0,3.285409309,0,0,0,0,0,0,3.734709326
20,407,20407,0.00149182,0.000122369,0,0.00327337,0.141539913,983.1135824,0.001286103,0.385678638,0,,2104.198553,,0,0,1.440639487,0,0,0,0,0,0,26.21079265
20,408,20408,0,0,0,0,0.006974566,47.66181123,6.34E-05,0.019004825,0,,8.6857473,,0,0,0.070989417,0,0,0,0,0,0,0.405392049
20,409,20409,0.060418724,0.004955951,0,0.149483916,0.132125812,37.49949853,0.001200562,0.360026385,0.452224331,,,,0,0.031164151,1.344819692,0,0,0,0,0,0.164172627,2.232227082
20,410,20410,0.001598379,0.00013111,0,0.002182247,0.061144742,304.7265912,0.000555592,0.166611808,0,,,,0,0,0.622351165,0,0,0,0,0,0,0
20,411,20411,0.002131172,0.000174813,0,0.002727809,0.01046185,19.52919548,9.51E-05,0.028507238,0.442508478,,,,0,0,0.106484125,0,0,0,0,0,0,0.751029672
20,412,20412,0.002663965,0.000218516,0,0.01254792,0.046554449,254.2154231,0.000423017,0.126855077,0,,,,0,0,0.473846399,0,0,0,0,0,0,13.1391949
20,413,20413,0.048910395,0.00401196,0,1.740341943,0.563235336,1128.994393,0.005117841,1.534746159,0,,133.678979,,0,0,5.732793328,63.19872,69.962,14,0,0,0.122417546,5.070076724
20,414,20414,0.01065586,0.000874065,0,0.012002358,0.160680875,856.8412935,0.001460028,0.437835377,12.83274585,,,,0,0,1.635462461,0,0,0,0,0,0,5.222594296
20,415,20415,0.001065586,8.74E-05,0,0.007092303,0.063975227,344.6394575,0.000581311,0.174324528,0.452224331,,,,0,0,0.651160771,0,0,0,0,0,0,0
20,416,20416,0.021951071,0.001800575,0,0,0.008991874,55.1755647,8.17E-05,0.024501736,0,,,,0,0,0.09152223,0,0,0,0.92,0.0905,0,0.034800871
20,417,20417,0.001278703,0.000104888,0,0.016912414,0.135269058,874.0527966,0.001229123,0.36859134,2.222258242,99.11529475,,,0,0,1.37681268,0,0,0,0,0,0,40.82442721
20,418,20418,0.014491969,0.001188729,0,0.104202292,0.180431721,568.1760322,0.001639494,0.491653974,1.866283545,,,,0,0,1.836493029,0,0,0,0,0,0,8.148272418
20,419,20419,0.001385262,0.000113629,0,0.000545562,0.008585285,42.6645988,7.80E-05,0.023393832,0,,,,0,0,0.087383834,0,0,0,0,0,0,0.000491108
20,420,20420,0.000532793,4.37E-05,0,0.004910056,0.026365738,168.1441627,0.000239572,0.071843352,0,,,,0,0,0.268359096,0,0,0,0,0,0,0
20,421,20421,0.005754164,0.000471995,0,0.022913593,0.067900376,185.8038695,0.000616977,0.185020069,2.001004003,,,,0,0,0.691112215,0,0,0,0,0,0,5.145832599
20,422,20422,0.000532793,4.37E-05,0,0,0.009116978,63.57815313,8.28E-05,0.02484263,0.230970093,,27.54751496,,0,0,0.092795583,0,0,0,0,0,0,0.819525707
20,423,20423,0,0,0,0,0.008913684,59.62755575,8.10E-05,0.024288678,0.115681341,,,,0,0,0.090726385,0,0,0,0,0,0,0.677474584
20,424,20424,0.001172145,9.61E-05,0,0.002727809,0.063834485,377.6910908,0.000580032,0.173941023,0,,22.9607073,,0,0,0.64972825,0,0,0,0,0,0,0
20,425,20425,0.000213117,1.75E-05,0,0.004910056,0.033309028,191.5800609,0.000302663,0.090762954,0,,,,0,0,0.339030174,0,0,0,0,0,0,0.199040954
20,426,20426,0.000106559,8.74E-06,0,0.003818932,0.130202333,792.1873722,0.001183084,0.354785144,0,,,,0,0,1.325241893,0,0,0,0,0,0,19.77711471
20,427,20427,0.010975535,0.000900287,0,0.047463871,0.218791837,270.1455295,0.001988053,0.596180512,0.452224331,,,,0,0,2.226934821,0,0,0,1.0304,0.1014,0,8.001811939
20,428,20428,0.001172145,9.61E-05,0,0,0.025583836,143.4635427,0.000232468,0.069712767,0,,206.0958254,,0,0,0.260400641,0,0,0,0,0,0,0
20,429,20429,0.002024613,0.000166072,0,0.002182247,0.022346761,129.8240592,0.000203054,0.060892142,0.221254239,,,,0,0,0.227452638,0,0,0,0,0,0,0
20,430,20430,0.001065586,8.74E-05,0,0.001091123,0.005129278,24.33361681,4.66E-05,0.013976643,0.009715854,,434.083972,,0,0,0.052207463,0,0,0,0,0,0,0.655620565
20,431,20431,0.001278703,0.000104888,0,0.003818932,0.024692467,92.85518598,0.000224368,0.067283899,0.663762717,12.554604,,,0,0,0.251328002,0,0,0,3.7166,0.3657,0,0.177759846
20,432,20432,0.000213117,1.75E-05,0,0.001091123,0.013902219,0,0.000126323,0.037881815,0,,,,0,0,0.141501326,0,0,0,0,0,0,0.000970705
20,433,20433,0,0,0,0.000545562,0.045522338,268.0326889,0.000413639,0.124042704,0,,,,0,0,0.463341238,0,0,0,0,0,0,0.928696109
20,434,20434,0.000213117,1.75E-05,0,0.001091123,0.069260885,399.0171381,0.000629339,0.188727288,0,,,,0,0,0.704959926,0,0,0,0,0,0,0.232089264
20,435,20435,0.000532793,4.37E-05,0,0.002727809,0.034919746,200.6398162,0.000317298,0.095151961,0,,,,0,0,0.355424591,0,0,0,0,0,0,0.001764918
20,436,20436,0.033672516,0.002762047,0,0,0.013589458,90.86083969,0.000123481,0.037029581,0,,,,0,0,0.138317944,0,0,0,0,0,0,0.05107466
20,437,20437,0.013426383,0.001101322,0,0.032188143,0.148436289,811.299517,0.001348767,0.404470404,0,,30.022993,,0,0,1.510833059,0,0,0,0,0,0,0.005279408
20,438,20438,0.000852469,6.99E-05,0,0.001091123,0.025286713,143.4496713,0.000229768,0.068903144,0,,,,0,0,0.257376428,0,0,0,0,0,0,0.086125897
20,439,20439,0.005647606,0.000463255,0,0.181126497,0.330087777,2021.943038,0.002999344,0.899448092,12.26523277,,70.18451356,,0,0,3.359741277,0,0,0,0,0,0,8.694634179
20,440,20440,0.000426234,3.50E-05,0,0.001636685,0.013182869,77.9588606,0.000119786,0.035921676,0,,,,0,0,0.134179548,0,0,0,0,0,0,1.760342296
20,441,20441,0.073525431,0.006031051,0,0.051282803,0.131531566,554.1131886,0.001195162,0.35840714,1.770033911,,,,0,0,1.338771266,0,0,0,0,0,0,6.089376069
20,442,20442,0.000319676,2.62E-05,0,0.000545562,0.004331737,0,3.94E-05,0.011803445,0,,,,0,0,0.04408984,0,0,0,0,0,0,0.000164982
20,443,20443,0.000959027,7.87E-05,0,0,0.006051922,35.64911379,5.50E-05,0.016490734,0,,,,0,0,0.06159844,0,0,0,0,0,0,0.00045274
20,444,20444,0,0,0,0.001636685,0.006552339,35.59359768,5.95E-05,0.017854309,0,,,,0,0,0.066691851,0,0,0,0,0,0,0.393372339
20,445,20445,0.001065586,8.74E-05,0,0,0.019312981,111.0553466,0.000175487,0.052625469,0,,,,0,0,0.196573833,0,0,0,0,0,0,1.191044027
20,446,20446,0.000639352,5.24E-05,0,0.001636685,0.098472747,568.4889963,0.000894773,0.268325973,0,,15.76273482,,0,0,1.002287797,0,0,0,0,0,0,5.813169012
20,447,20447,0.010336184,0.000847843,0,0.04091713,0.204201544,1094.315488,0.001855478,0.556423782,0.221254239,,,,0,0,2.078430055,0,0,0,0,0,0,0
20,448,20448,0,0,0,0,0.031072788,183.1782709,0.000282343,0.084669479,0,,,,0,0,0.316268994,0,0,0,0,0,0,0
20,449,20449,0.007245985,0.000594364,0,0.00927455,0.046554449,242.2030491,0.000423017,0.126855077,0.663762717,,,,0,0,0.473846399,0,0,0,0,0,0,8.841288198
20,450,20450,0.00074591,6.12E-05,0,0.006001179,0.194380854,1029.914089,0.001766243,0.529663624,0,,,,0,0,1.978471862,0,0,0,0,0,0,0
20,451,20451,0.000639352,5.24E-05,0,0.002727809,0.011884911,72.19166918,0.000107992,0.032384904,0,,,,0,0,0.120968513,0,0,0,0,0,0,1.958120088
20,452,20452,0.019180547,0.001573318,0,0.013639043,0.056797366,281.6973942,0.00051609,0.154765751,1.770033911,,,,0,0,0.578102156,0,0,0,1.1039,0.1086,0,4.81076229
20,453,20453,0.004368902,0.000358367,0,0.020185784,0.065601584,310.2024172,0.000596089,0.178756147,0,,33.99563972,,0,0,0.667714357,0,0,0,0,0,0.07960693,3.089752797
20,454,20454,0.00149182,0.000122369,0,0.002727809,0.054467298,316.7851449,0.000494917,0.148416605,0,,,,0,0,0.554385961,0,0,0,0,0,0,0.00477679
20,455,20455,0.007139426,0.000585624,0,0.00327337,0.03537325,209.3076492,0.000321419,0.096387701,0.221254239,,,,0,0,0.360040495,0,0,0,0,0,0,1.033695091
20,456,20456,0.023016657,0.001887981,0,0.004364494,0.02483321,95.79407246,0.000225647,0.067667404,0,,,,0,0,0.252760524,0,0,0,0,0,0,0.437080377
20,457,20457,0.000426234,3.50E-05,0,0,0.048415376,309.5971509,0.000439927,0.131925871,0,,,,0,0,0.492787521,0,0,0,0,0,0,0.007938296
20,458,20458,0.000319676,2.62E-05,0,0.000545562,0.020345092,130.2335301,0.000184866,0.055437842,0.009715854,,,,0,0,0.207078994,0,0,0,0,0,0,0.002098718
20,459,20459,0.0136395,0.001118804,0,0.040371569,0.066571142,237.4257636,0.000604899,0.181398073,0.230970093,,,,0,0,0.677582841,0,0,0,0,0,0.002285948,3.914601125
20,460,20460,0.001278703,0.000104888,0,0.007092303,0.080191876,431.4182885,0.000728664,0.218512877,0.442508478,,12.7805958,,0,0,0.816219124,0,0,0,0,0,0,14.19185737
20,461,20461,0.000426234,3.50E-05,0,0.002182247,0.008037953,37.57187399,7.30E-05,0.021902422,0.904448663,,,,0,0,0.081812915,0,0,0,0,0,0,0.806413295
20,462,20462,0.00532793,0.000437033,0,0.01582129,0.059377643,199.7171648,0.000539535,0.161796684,2.001004003,,,,0,0,0.604365057,0,0,0,0,0,0,1.988715714
20,463,20463,0.000532793,4.37E-05,0,0,0.008929322,54.94341206,8.11E-05,0.02433129,0.452224331,,,,0,0,0.090885554,0,0,0,2.5391,0.2498,0,1.781102535
20,464,20464,0.001918055,0.000157332,0,0,0.006208302,30.28050181,5.64E-05,0.016916851,0.769728204,,,,0,0,0.063190131,0,0,0,0,0,0,1.153892195
20,465,20465,0.000319676,2.62E-05,0,0.005455617,0.025161609,125.7946432,0.000228631,0.06856225,0,,,,0,0,0.256103075,0,0,0,0,0,0,0.004381602
20,466,20466,0.000106559,8.74E-06,0,0.000545562,0.193208001,924.426094,0.001755585,0.526467746,0.009715854,,42.52287636,,0,0,1.96653418,0,0,0,0,0,0,2.610164592
20,467,20467,0.014278852,0.001171248,0,0.093836619,0.260701788,1358.170434,0.002368868,0.71037991,12.16898314,,,,0,0,2.653507998,0,0,0,0,0,0,14.01009809
20,468,20468,0.000852469,6.99E-05,0,0.002727809,0.200026187,1507.085545,0.001817539,0.545046454,4.646339016,,,,0,0,2.035931906,0,0,0,0,0,0,30.6243529
20,469,20469,0.017688727,0.001450949,0,0.175125318,0.575667579,2744.266148,0.005230806,1.568622473,1.308486316,,364.7619112,,0,0,5.85933276,0,0,0,0,0,0,3.92061098
20,470,20470,0.000426234,3.50E-05,0,0.008183426,0.064460007,345.0501014,0.000585716,0.175645492,0,,240.0617984,,0,0,0.656095013,0,0,0,0,0,0,23.40551116
20,471,20471,0.001065586,8.74E-05,0,0.001636685,0.006239579,32.75015322,5.67E-05,0.017002075,0,,,,0,0,0.063508469,0,0,0,0,0,0,0.000594701
20,472,20472,0.001704938,0.00013985,0,0.021276908,0.042988976,141.2839817,0.00039062,0.117139606,0.009715854,,,,0,0,0.437555845,0,0,0,0,0,0,5.678160109
20,473,20473,0.001278703,0.000104888,0,0,0.019312981,124.6418465,0.000175487,0.052625469,0.096249634,,,,0,0,0.196573833,0,0,0,0,0,0,0.001051278
20,474,20474,0.001704938,0.00013985,0,0.003818932,0.045600529,208.6810828,0.000414349,0.124255763,3.549783675,,,,0,0,0.464137084,0,0,0,0,0,0,1.513095123
20,475,20475,0.037828302,0.003102932,0,0.03764376,0.137505298,627.6007278,0.001249443,0.374684815,6.416372926,,5.15255888,,0,0,1.399573861,0,0,0,0,0,0,8.052707043
20,476,20476,0.001172145,9.61E-05,0,0.001636685,0.003862596,19.43259724,3.51E-05,0.010525094,0,,,,0,0,0.039314767,0,0,0,0,0,0,0.290658451
20,477,20477,0,0,0,0.001636685,0.022565694,112.281716,0.000205043,0.061488706,0,,47.466993,,0,0,0.229681005,0,0,0,0,0,0,0
20,478,20478,0.000532793,4.37E-05,0,0,0.029258775,185.9777063,0.00026586,0.07972652,0.240685946,,5.2332,,0,0,0.297805378,0,0,0,0,0,0,0.336742243
20,479,20479,0.000213117,1.75E-05,0,0,0.002908676,21.51471811,2.64E-05,0.007925779,0,,,,0,0,0.029605452,0,0,0,0,0,0,0.432709573
20,480,20480,0,0,0,0,0.013042127,85.68090286,0.000118507,0.035538171,0,,,,0,0,0.132747026,0,0,0,0,0,0,0.839194323
20,481,20481,0.001065586,8.74E-05,0,0.005455617,0.03233947,175.545649,0.000293853,0.088121028,0,,20.45838528,,0,0,0.32916169,0,0,0,0,0,0,5.518139757
20,482,20482,0.056689173,0.004650028,0,0.363889679,0.67801856,2172.073348,0.006160819,1.847516152,18.58535606,,,,0,0,6.901094492,0,0,0,0,0,0,13.57632905
20,483,20483,0.005541047,0.000454514,0,0.027278087,0.137348917,358.3844079,0.001248022,0.374258698,1.645029306,,39.9195972,,0,0,1.39798217,0,0,0,3.1831,0.3132,0,7.773157109
20,484,20484,0.001278703,0.000104888,0,0.013639043,0.058423723,250.8436143,0.000530867,0.159197369,0,,,,0,0,0.594655742,0,0,0,0,0,0,2.483709241
20,485,20485,0,0,0,0.005455617,0.042504196,259.9559239,0.000386215,0.115818643,0.230970093,,,,0,0,0.432621603,0,0,0,0,0,0,1.27374824
20,486,20486,0.002450848,0.000201035,0,0.014730167,0.033527961,173.1572571,0.000304652,0.091359518,3.107275197,,,,0,0,0.341258542,0,0,0,0,0,0,3.042079423
20,487,20487,0.003409875,0.000279701,0,0.002182247,0.029118033,145.4018572,0.000264581,0.079343014,0,,,,0,0,0.296372857,0,0,0,0,0,0,4.443592228
20,488,20488,0.000852469,6.99E-05,0,0,0.001751461,10.78959008,1.59E-05,0.004772512,0,,,,0,0,0.017826939,0,0,0,0,0,0,0.251321217
20,489,20489,0.000213117,1.75E-05,0,0.001636685,0.071497125,433.7464592,0.000649659,0.194820764,0.009715854,,,,0,0,0.727721107,0,0,0,0,0,0,1.547826848
20,490,20490,0.000213117,1.75E-05,0,0.001091123,0.045709995,263.304022,0.000415344,0.124554045,0,,,,0,0,0.465251267,0,0,0,0,0,0,0.20304681
20,491,20491,0.002450848,0.000201035,0,0.002727809,0.06722794,421.8382448,0.000610867,0.183187765,0.192499268,,39.87927664,,0,0,0.684267943,0,0,0,0,0,0,0
20,492,20492,0.000532793,4.37E-05,0,0,0.05062034,298.6775798,0.000459962,0.137934123,0.452224331,,17.444,,0,0,0.515230364,0,0,0,0,0,0,3.343664883
20,493,20493,0.000852469,6.99E-05,0,0,0.007162223,10.45246668,6.51E-05,0.019516166,3.213240685,,,,0,0,0.072899446,0,0,0,0,0,0,2.81916843
20,494,20494,0,0,0,0.000545562,0.069432904,455.6052426,0.000630902,0.189196017,0,,,,0,0,0.706710786,0,0,0,0,0,0,9.396215679
20,495,20495,0.000959027,7.87E-05,0,0.009820111,0.043364289,255.0482479,0.00039403,0.118162287,0,,138.685466,,0,0,0.441375903,0,0,0,0,0,0,0
20,496,20496,0.000959027,7.87E-05,0,0.002727809,0.02586532,105.668154,0.000235025,0.070479778,0.202215122,,,,0,0,0.263265685,0,0,0,0,0,0,0.001377404
20,497,20497,0.000213117,1.75E-05,0,0.002182247,0.06259908,347.0624885,0.000568807,0.170574697,0,,,,0,0,0.637153891,0,0,0,0,0,0,1.004199857
20,498,20498,0.00074591,6.12E-05,0,0.000545562,0.082678325,468.7831059,0.000751257,0.22528814,6.416372926,,1959.162999,,0,0,0.84152701,0,0,0,0,0,0,72.0278989
20,499,20499,0.007885336,0.000646808,0,0.019640223,0.032073623,100.9562484,0.000291437,0.087396629,0.442508478,,,,0,0,0.326455816,0,0,0,0,0,0,0.655620565
20,500,20500,0.004155785,0.000340886,0,0.026186963,0.113000487,669.5131708,0.001026779,0.307912257,0.096249634,,,,0,0,1.150155887,0,0,0,0,0,0,3.27154662
20,501,20501,0.001172145,9.61E-05,0,0.001636685,0.010649506,54.9432948,9.68E-05,0.029018578,0,,,,0,0,0.108394154,0,0,0,0,0,0,0.469861405
20,502,20502,0.002450848,0.000201035,0,0.003818932,0.078268397,420.9385449,0.000711186,0.213271636,0,,,,0,0,0.796641325,0,0,0,0,0,0,0.011901689
20,503,20503,0.002557406,0.000209776,0,0.000545562,0.006661806,33.57256395,6.05E-05,0.018152591,0,,,,0,0,0.067806035,0,0,0,0,0,0,0.000195676
20,504,20504,0.002344289,0.000192294,0,0.002182247,0.021815068,123.1956023,0.000198223,0.059443343,0.327219727,,172.3486246,,0,0,0.222040889,0,0,0,0,0,0,0.00102442
20,505,20505,0.009590274,0.000786659,0,0.030551457,0.117003826,189.4811684,0.001063156,0.318820856,14.824034,,,,0,0,1.190903176,0,0,0,0,0,0,18.18926487
20,506,20506,0.018541196,0.001520874,0,0.004910056,0.011321942,63.24210674,0.000102877,0.030850882,0,,,,0,0,0.115238425,0,0,0,0,0,0,2.611914305
20,507,20507,0.002344289,0.000192294,0,0.007637864,0.04519394,234.7849466,0.000410655,0.123147858,1.106271194,,,,0,0,0.459998687,0,0,0,0,0,0,1.283563727
20,508,20508,0.00149182,0.000122369,0,0.008728988,0.021424117,66.76990656,0.00019467,0.05837805,0.327219727,,,,0,0,0.218061661,0,0,0,0,0,0,7.508916096
20,509,20509,0.001918055,0.000157332,0,0.012002358,0.14052344,867.5745647,0.001276867,0.382908876,0.663762717,,,,0,0,1.430293496,0,0,0,0,0,0,3.744985934
20,510,20510,0.000532793,4.37E-05,0,0.002727809,0.031229169,169.3776418,0.000283764,0.085095596,0,,,,0,0,0.317860685,0,0,0,0,0,0,0.396650442
20,511,20511,0.000426234,3.50E-05,0,0.002182247,0.051511708,321.4696742,0.000468061,0.140362991,0,,,,0,0,0.524303002,0,0,0,0,0,0,3.719554007
20,512,20512,0.000852469,6.99E-05,0,0.001636685,0.014590293,94.01126752,0.000132575,0.039756731,0,,,,0,0,0.148504767,0,0,0,0,0,0,0
20,513,20513,0.005647606,0.000463255,0,0.019094661,0.123822012,529.0466449,0.001125109,0.337399564,0.221254239,,450.7034625,,0,0,1.260300902,0,0,0,0,0,0,23.74912998
20,514,20514,0,0,0,0,0.013198507,75.16782284,0.000119928,0.035964288,0,,,,0,0,0.134338717,0,0,0,0,0,0,0.00147716
20,515,20515,0.092492861,0.007586888,0,0.480639891,0.941144244,2152.843402,0.008551712,2.564500878,4.68520243,,309.959944,,0,0,9.579273701,0,0,0,3.9926,0.3928,0.298525989,30.62995594
20,516,20516,0.001065586,8.74E-05,0,0.011456796,0.05900233,340.4220993,0.000536125,0.160774003,0.009715854,,,,0,0,0.600544999,0,0,0,0,0,0,0
20,517,20517,0.001172145,9.61E-05,0,0.006546741,0.057813839,314.5895848,0.000525326,0.157535512,0,,,,0,0,0.588448148,0,0,0,0,0,0,0.003188364
20,518,20518,0.000532793,4.37E-05,0,0,0.002267516,9.976024888,2.06E-05,0.006178699,0.221254239,,,,0,0,0.023079519,0,0,0,0,0,0,0.655620565
20,519,20519,0.008631246,0.000707993,0,0.004910056,0.029868659,99.12738017,0.000271402,0.081388377,0,,,,0,0.008803686,0.304012973,0,0,0,0,0,0,1.226681798
20,520,20520,0.009164039,0.000751696,0,0.027823649,0.09812871,251.0359977,0.000891647,0.267388515,2.655050866,,,,0,0,0.998786077,0,0,0,0,0,5.901858805,4.312890618
20,521,20521,0,0,0,0,0.00447248,33.51320191,4.06E-05,0.012186951,0,,,,0,0,0.045522361,0,0,0,0,0,0,0.374796423
20,522,20522,0.009057481,0.000742956,0,0.002182247,0.014089875,86.4827517,0.000128028,0.038393156,0,,,,0,0,0.143411355,0,0,0,0,0,0,0.000717478
20,523,20523,0.001598379,0.00013111,0,0.004364494,0.022252933,86.57781771,0.000202201,0.060636471,3.76132206,,,,0,0,0.226497624,0,0,0,0,0,0,3.96650442
20,524,20524,0.012787032,0.001048879,0,0,0.006270855,33.60690972,5.70E-05,0.017087298,0,,,,0,0,0.063826807,0,0,0,0,0,0,0.91677609
20,525,20525,0.0167297,0.001372283,0,0.096018866,0.173050566,651.0608034,0.001572425,0.471541244,4.867593255,,,,0,0,1.761365216,0,0,0,1.1959,0.1177,0,37.31644012
20,526,20526,0.013746059,0.001127544,0,0.051282803,0.232553313,1423.705737,0.002113097,0.633678822,0,,,,0,0,2.367003626,0,0,0,0,0,0,6.776461444
20,527,20527,0.005434488,0.000445773,0,0.000545562,0.043505031,273.3032332,0.000395309,0.118545793,0,,173.6335888,,0,0,0.442808425,0,0,0,0,0,0,0.074358696
20,528,20528,0.002450848,0.000201035,0,0.001636685,0.01645122,81.40122721,0.000149484,0.044827525,0.221254239,,,,0,0,0.167445889,0,0,0,0,0,0,0.792208183
20,529,20529,0,0,0,0,0.020657853,123.5923441,0.000187708,0.056290076,0,,,,0,0,0.210262376,0,0,0,0,0,0,0.349664301
20,530,20530,0.026639649,0.002185164,0,0.003818932,0.043223546,222.4445058,0.000392751,0.117778782,1.106271194,,54.03607944,,0,0,0.439943381,0,0,0,0,0,0,7.610434013
20,531,20531,0.01896743,0.001555836,0,0.00927455,0.028226665,131.8701914,0.000256482,0.076914147,0.230970093,,,,0,0,0.287300218,0,0,0,0,0,0,5.816307574
20,532,20532,0,0,0,0.008183426,0.05876776,374.1227259,0.000533994,0.160134827,0.221254239,,,,0,0,0.598157463,0,0,0,0,0,0,3.066118843
20,533,20533,0.000532793,4.37E-05,0,0.004364494,0.030775665,142.1821895,0.000279643,0.083859856,0.442508478,,,,0,0,0.313244781,0,0,0,0,0,0,0
20,534,20534,0.005008254,0.000410811,0,0.004364494,0.051073843,281.2477549,0.000464083,0.139169863,0,,,,0,0,0.519846267,0,0,0,0,0,0,8.119465236
20,535,20535,0.002024613,0.000166072,0,0.00927455,0.048603033,325.7630654,0.000441632,0.132437212,0.105965488,,,,0,0,0.49469755,0,0,0,0,0,0,0
20,536,20536,0.002024613,0.000166072,0,0,0.007068395,45.56735588,6.42E-05,0.019260495,0,,,,0,0,0.071944431,0,0,0,0,0,0,1.022768082
20,537,20537,0.005967281,0.000489477,0,0.020185784,0.097190427,492.8454507,0.000883121,0.264831812,0.67347857,,,,0,0,0.989235931,0,0,0,0,0,0,4.478981161
20,538,20538,0.002983641,0.000244738,0,0.000545562,0.010868439,70.33311888,9.88E-05,0.029615142,0.221254239,,,,0,0,0.110622522,0,0,0,0,0,0,0
20,539,20539,0.00681975,0.000559402,0,0.017457976,0.066180191,33.03066319,0.000601347,0.18033278,0.009715854,,,,0,0,0.673603614,0,0,0,0,0,0,7.118092339
20,540,20540,0.028664262,0.002351236,0,0.091654372,0.108574921,263.7542876,0.000986567,0.295853141,3.318813583,,,,0,0,1.105111033,0,0,0,0,0,0,3.749603283
20,541,20541,0.001598379,0.00013111,0,0.002182247,0.023629081,126.2293809,0.000214706,0.064386302,0,,,,0,0,0.240504504,0,0,0,0,0,0,0.001327526
20,542,20542,0.001065586,8.74E-05,0,0.001636685,0.010352383,59.95117795,9.41E-05,0.028208956,0,,,,0,0,0.105369942,0,0,0,0,0,0,1.727368246
20,543,20543,0.00074591,6.12E-05,0,0.004364494,0.083475865,504.5737521,0.000758504,0.227461338,0,,119.4471248,,0,0,0.849644634,0,0,0,0,0,0,6.479731711
20,544,20544,0.000959027,7.87E-05,0,0.007637864,0.017154931,63.30089468,0.000155878,0.046745052,0.096249634,,6.04491916,,0,0,0.174608498,0,0,0,0,0,0,0.000947684
20,545,20545,0.011082094,0.000909028,0,0.096018866,0.147935871,315.0101223,0.00134422,0.403106829,0.221254239,55.50456506,,,0,0,1.505739648,0,0,0,0.3864,0.038,0,0.20304681
20,546,20546,0.133304803,0.010934558,0,0.023459155,0.084914565,154.4291076,0.000771577,0.231381616,0.442508478,,6.4910993,,0,0,0.864288191,0,0,0,0,0,0,2.4199845
20,547,20547,0.002663965,0.000218516,0,0.001636685,0.014465188,71.28433651,0.000131438,0.039415837,2.212542388,,,,0,0,0.147231414,0,0,0,0,0,0,1.76361932
20,548,20548,0.003516434,0.000288442,0,0.007092303,0.021987086,117.4315083,0.000199786,0.059912072,0.442508478,,,,0,0,0.223791749,0,0,0,0,0,0,2.325267605
20,549,20549,0.013000149,0.00106636,0,0.033824828,0.163542637,893.5412392,0.001486031,0.445633321,3.097559344,,,,0,0,1.664590405,0,0,0,0,0,0,13.02280983
20,550,20550,0.020565809,0.001686946,0,0.010365673,0.070386824,160.5986811,0.00063957,0.191795332,1.115987048,,,,0,0,0.716420101,0,0,0,0,0,0,3.934561006
20,551,20551,0.066066329,0.005419206,0,0.211132392,0.261374224,403.8187094,0.002374978,0.712212214,6.868597258,,,,0,0,2.660352269,0,0,0,0.7912,0.0778,0.052743054,19.68532219
20,552,20552,0.002557406,0.000209776,0,0.000545562,0.007240413,44.49501656,6.58E-05,0.019729224,0.221254239,,,,0,0,0.073695291,0,0,0,0,0,0,0.933166604
20,553,20553,0.081410767,0.00667786,0,0.113476841,0.14291606,436.3630087,0.001298607,0.389428469,0.760012351,,6.4910993,,0,0.027950581,1.454646368,0,0,0,0.5704,0.0561,0,4.489488486
20,554,20554,0.001278703,0.000104888,0,0.014730167,0.071841162,387.2792893,0.000652785,0.195758221,0,,17.0407944,,0,0,0.731222827,0,0,0,0,0,0,0.007512414
20,555,20555,0.000213117,1.75E-05,0,0.001091123,0.044521504,239.8341052,0.000404545,0.121315554,2.655050866,,,,0,0,0.453154416,0,0,0,0,0,0,5.862203831
20,556,20556,0,0,0,0,0.003456007,17.84420519,3.14E-05,0.009417189,0.221254239,,,,0,0,0.03517637,0,0,0,0,0,0,0.515754845
20,557,20557,0.019606782,0.00160828,0,0.062194038,0.2144601,268.0572256,0.001948693,0.584377067,1.99128815,,,,0,0,2.182844982,0,0,0,0,0,0.032543587,9.42980161
20,558,20558,0.00074591,6.12E-05,0,0.002727809,0.024004394,134.0348295,0.000218116,0.065408983,0,,20.17061112,,0,0,0.244324562,0,0,0,0,0,0,0.075610526
20,559,20559,0.013532942,0.001110063,0,0.099292236,0.318437437,2109.388564,0.002893483,0.867702364,0.692910278,,,,0,0,3.241160301,0,0,0,0,0,0,39.61792974
20,560,20560,0.004901695,0.00040207,0,0.013093482,0.086712939,465.1764572,0.000787918,0.236281963,0.33693558,,898.8733642,,0,0,0.882592637,0,0,0,0,0,0,4.502005647
20,561,20561,0.021418278,0.001756871,0,0.00927455,0.039830091,222.9723678,0.000361916,0.10853204,0.009715854,,,,0,0,0.405403687,0,0,0,0,0,0,8.069396591
20,562,20562,0.003516434,0.000288442,0,0,0.018437251,112.6414144,0.00016753,0.050239213,0.230970093,,,,0,0,0.187660364,0,0,0,0,0,0,0.847935931
20,563,20563,0.003303316,0.00027096,0,0,0.017498968,95.97489998,0.000159004,0.04768251,0.221254239,,,,0,0,0.178110218,0,0,0,0,0,0,2.908153787
20,564,20564,0.026106856,0.00214146,0,0.004364494,0.018452889,0,0.000167672,0.050281824,0.009715854,,,,0,0,0.187819533,0,0,0,0,0,0,2.585330429
20,565,20565,0.076189396,0.006249568,0,0.200221158,0.495162942,684.7972813,0.004499301,1.349257362,2.876305105,,13.7535972,,0,0,5.039930254,0,0,0,1.2327,0.1213,0,7.264125887
20,566,20566,0.000852469,6.99E-05,0,0.003818932,0.053247531,326.946241,0.000483834,0.145092891,0.009715854,,117.242993,,0,0,0.541970772,0,0,0,0,0,0,0
20,567,20567,0.001385262,0.000113629,0,0.006546741,0.046179136,208.9880773,0.000419607,0.125832396,1.106271194,,52.332,,0,0,0.47002634,0,0,0,0,0,0,2.140601145
20,568,20568,0.023229774,0.001905463,0,0.001636685,0.020345092,83.50475141,0.000184866,0.055437842,0.442508478,,71.6971718,,0,0,0.207078994,0,0,0,0,0,0,0.729924229
20,569,20569,0.000532793,4.37E-05,0,0.005455617,0.024880124,150.165042,0.000226073,0.067795239,0,,,,0,0,0.253238032,0,0,0,0,0,0,2.623574962
20,570,20570,0.034524985,0.002831972,0,0.165850768,0.291383625,923.188927,0.002647659,0.793984096,8.071118086,,,,0,0,2.965797765,0,0,0,0,0,0,11.83288973
21,1,21001,0.150460737,0.012341804,0.008084762,0.129843694,13.8633522,2016.68518,0.007781698,2.333587991,16.15155944,,5.64913972,,0,0.044112417,8.71673637,0,0,0,7.1807,0.7065,0,29.3542028
21,2,21002,0.008205012,0.00067303,0.00169848,0.027278087,2.075047439,817.6940996,0.001164754,0.349288232,3.097559344,,,,0,0.009347847,1.304709079,0,0,0,0,0,0,0
21,3,21003,0.05157436,0.004230477,0.017052734,0.273871992,7.951859236,1221.383078,0.004463493,1.338519209,5.310101732,,,,0,0.034687577,4.999819642,0,0,0,0,0,0.081406791,21.75237214
21,4,21004,0.060844958,0.004990914,0.013010353,0.208950145,12.50420498,1645.81029,0.007018789,2.10480569,14.60277976,,,,0,0.037894106,7.862157494,0,0,0,0,0,0,0
21,5,21005,0.116575104,0.009562276,0.000271757,0.004364494,0.709065253,288.8729734,0.000398008,0.119355415,5.75261021,,,,0,0.003097833,0.445832638,0,0,0,0,0,0,5.044686193
21,6,21006,0.004155785,0.000340886,0.000985118,0.01582129,3.668862088,1221.589484,0.002059385,0.617571594,0,,,,0,0.012427564,2.306837707,0,0,0,0,0,0,0
21,7,21007,0.001918055,0.000157332,6.79E-05,0.001091123,0.821715748,327.7414338,0.000461241,0.138317629,1.548779672,,,,0,0.003297109,0.516662885,0,0,0,0,0,0,1.452579108
21,8,21008,0.004475461,0.000367107,0.001528632,0.024550278,2.552483022,542.5838444,0.001432745,0.429653928,6.51262256,,0.85203972,,0,0.009692051,1.604901994,0,0,0,0.7438,0.0732,40.43770402,4.539309711
21,9,21009,0.001172145,9.61E-05,0.000169848,0.002727809,0.476169847,127.9002323,0.000267281,0.080152637,0.67347857,,,,0,0.002341491,0.299397069,0,0,0,0,0,0,1.177194318
21,10,21010,0.552932554,0.045355255,0.010156907,0.16312296,15.00074248,4533.376998,0.008420132,2.525042429,2.876305105,96.47222023,8.6424206,,0,0.044597019,9.431883118,0,0,0,0,0,0,1.755199755
21,11,21011,0.001172145,9.61E-05,0.000271757,0.004364494,0.418199142,73.92328908,0.000234741,0.070394554,0.442508478,,,,0,0.001875004,0.262947346,0,0,0,0,0,0,1.482841172
21,12,21012,0.003942668,0.000323404,0.001019088,0.016366852,1.466481617,175.225225,0.000823157,0.246849668,21.46166117,,8.722,,0,0.006136789,0.922066573,0,0,0,0,0,0,15.77561435
21,13,21013,0.130853956,0.010733523,0.009001941,0.14457386,4.610316453,494.4501012,0.002587837,0.776044564,7.965152598,1.321537263,,,0,0.015353295,2.898787575,0,0,0,2.8608,0.2815,0.033160173,2.723585827
21,14,21014,0.004901695,0.00040207,0.000373665,0.006001179,1.335351378,428.3210321,0.000749552,0.2247768,0,,9.820972,,0,0.005104178,0.839616981,0,0,0,0,0,0,0
21,15,21015,0.292396787,0.023984355,0.020857328,0.334974907,22.11822861,463.009142,0.012415279,3.723113424,9.956440748,,26.7837987,,0,0.072876068,13.90708142,0,0,0,5.0637,0.4982,1.51612548,15.73627367
21,16,21016,0.005541047,0.000454514,0.000407635,0.006546741,1.905185681,636.5111367,0.001069408,0.320695771,5.75261021,,,,0,0.007694763,1.197906616,0,0,0,0,0,0.003219434,0.175519976
21,17,21017,0.045713638,0.003749741,0.004280168,0.068740779,6.272733988,1997.335294,0.003520975,1.0558757,0.221254239,,0.191884,,0,0.019746421,3.944051028,0,0,0,0.801,0.0788,0.126420599,0
21,18,21018,0.001172145,9.61E-05,0.000339696,0.005455617,0.933859949,231.5472371,0.000524189,0.157194619,1.337241287,,,,0,0.003822472,0.587174795,0,0,0,0,0,0,0.378275809
21,19,21019,0.248601204,0.020391946,0.068210937,1.095487969,30.4872744,1741.680372,0.017112944,5.131856741,56.87205524,,19.39555328,,0,0.128650648,19.16921173,0,0,0,8.6397,0.85,0.004086867,25.42013438
21,20,21020,0.04177097,0.003426336,0.001019088,0.016366852,1.637609111,231.8584916,0.000919213,0.275655188,8.850169554,,,,0,0.005516317,1.029664882,0,0,0,0,0,0,3.322774709
21,21,21021,0.001065586,8.74E-05,6.79E-05,0.001091123,0.299473115,61.36573914,0.000168099,0.05040966,1.548779672,138.3814707,,,0,0.001403989,0.18829704,0,0,0,0,0,0,1.398107391
21,22,21022,0.013426383,0.001101322,0.00084924,0.013639043,2.655767071,871.2972325,0.00149072,0.447039508,11.51493627,,,,0,0.010665785,1.669842985,0,0,0,0,0,0,10.19226341
21,23,21023,0.004049227,0.000332145,0.00084924,0.013639043,1.989736839,395.7113951,0.001116868,0.334928084,8.628915315,,3.40815888,,0,0.006594218,1.251069094,0,0,0,0,0,0,12.77664373
21,24,21024,0.000213117,1.75E-05,6.79E-05,0.001091123,0.220744341,38.88644158,0.000123907,0.037157416,0.442508478,,,,0,0.0012183,0.138795452,0,0,0,0,0,0,0.868521258
21,25,21025,0.009377156,0.000769178,0.001970236,0.031642581,2.046441808,767.9352595,0.001148697,0.344473109,1.106271194,,,,0,0.007898568,1.286722972,0,0,0,0,0,2.575547408,0
21,26,21026,0.008631246,0.000707993,0.001868327,0.030005896,3.262560863,741.4483664,0.001831322,0.54917979,7.74389836,,4.7490573,,0,0.01302992,2.051371308,0,0,0,0,0,0,9.078619423
21,27,21027,0.000319676,2.62E-05,3.40E-05,0.000545562,1.130808456,383.1483584,0.000634739,0.190346533,0.221254239,,,,0,0.005122294,0.711008352,0,0,0,0,0,0,0.196703421
21,28,21028,0.000426234,3.50E-05,3.40E-05,0.000545562,0.580972779,203.2399736,0.000326108,0.097793887,0,,,,0,0.00230073,0.365293075,0,0,0,0,0,0,0
21,29,21029,0.004688578,0.000384589,0.000407635,0.006546741,0.975629234,287.9594407,0.000547635,0.164225552,0,,,,0,0.003668486,0.613437696,0,0,0,0,0,0,0
21,30,21030,0,0,0,0,0.174418407,54.71790804,9.79E-05,0.029359472,0.221254239,,,,0,0.000792574,0.109667507,0,0,0,0,0,0,0
21,31,21031,0.00756566,0.000620586,0.000611453,0.009820111,0.763745044,229.9502888,0.000428701,0.128559546,6.416372926,,,,0,0.003523559,0.480213162,0,0,0,0,0,0,5.471381305
21,32,21032,0.000532793,4.37E-05,0.000101909,0.001636685,0.325294127,102.5629434,0.000182592,0.054756055,1.770033911,,,,0,0.001553445,0.204532288,0,0,0,0,0,0,2.6176686
21,33,21033,0.079173037,0.006494306,0.000169848,0.002727809,1.130302161,427.0369098,0.000634455,0.19026131,3.982576299,,,,0,0.004230082,0.710690013,0,0,0,0,0,0,4.739039339
21,34,21034,0.406947278,0.033380558,0.009171789,0.147301669,7.918950103,1079.808182,0.00444502,1.332979686,7.965152598,,,,0,0.025507303,4.979127659,0,0,0,0,0,0,7.565516186
21,35,21035,0.052746505,0.004326624,0.003634746,0.058375106,5.242424963,941.5994471,0.002942648,0.882446018,0.67347857,434.7857597,,,0,0.018881383,3.296232808,0,0,0,5.7216,0.5629,0,0
21,36,21036,0.002983641,0.000244738,0.000985118,0.01582129,3.324075628,1212.748541,0.001865851,0.559534437,0,,3.84969144,,0,0.011820678,2.090049399,0,0,0,0,0,0,0
21,37,21037,0.005967281,0.000489477,0.000169848,0.002727809,0.546291616,106.5333776,0.000306641,0.091956082,1.770033911,,,,0,0.002853267,0.343486909,0,0,0,0,0,0,1.080355711
21,38,21038,0.022590422,0.001853019,0.003023294,0.048554995,1.899110149,213.7266876,0.001065998,0.31967309,2.876305105,,,,0,0.006182079,1.194086558,0,0,0,2.4603,0.2421,0,2.218209346
21,39,21039,0.002877082,0.000235998,0.000781301,0.01254792,2.14770068,700.2169334,0.001205535,0.361517795,0.221254239,,,,0,0.009320673,1.35039061,0,0,0,0,0,0,0
21,40,21040,0.061164634,0.005017136,0.000509544,0.008183426,2.065174699,512.4129622,0.001159212,0.347626376,5.973864449,,,,0,0.007595126,1.298501485,0,0,0,0,0,0,10.28910201
21,41,21041,3.259947123,0.267402834,0.022487869,0.36116187,15.30021559,158.6558337,0.00858823,2.575452089,3.540067821,,,,0,0.058768247,9.620180158,0,0,0,0,0,2.079329807,8.473378128
21,42,21042,0.001598379,0.00013111,0.000339696,0.005455617,0.785515701,295.5405893,0.000440921,0.132224153,1.548779672,,,,0,0.003677544,0.493901705,0,0,0,0,0,0,4.493916614
21,43,21043,0.061910544,0.00507832,0.015490133,0.248776152,11.94702804,3515.227162,0.006706038,2.011017304,0.221254239,,,,0,0.041141396,7.511826314,0,0,0,0,0,0.016741058,0
21,44,21044,0.005434488,0.000445773,0.000713361,0.011456796,3.70734046,915.9959027,0.002080983,0.624048574,47.12715287,,22.83180439,,0,0.013894958,2.33103141,0,0,0,5.7502,0.5657,0,24.02202699
21,45,21045,0.07363199,0.006039792,0.014267228,0.22913593,10.56838849,1324.746087,0.005932188,1.778953901,33.60188933,,116.4185397,,0,0.039972915,6.644991417,0,0,0,4.8348,0.4757,0.265125259,49.74780823
21,46,21046,0.085459994,0.007010005,0.002208023,0.035461513,1.704439967,258.1050705,0.000956727,0.286904681,0.663762717,,,,0,0.005597839,1.071685523,0,0,0,4.1196,0.4053,0.432370021,0.075655162
21,47,21047,0.032393813,0.002657159,0.01080233,0.173488633,4.500450576,792.954205,0.002526167,0.757551079,4.74258865,42.94996106,0.17444,,0,0.019701131,2.829708188,0,0,0,0,0,0.947157559,21.93394453
21,48,21048,0.026852766,0.002202645,0.001834358,0.029460334,4.246543954,724.5465309,0.002383646,0.714811529,5.75261021,,2.18891868,,0,0.015779021,2.670061584,0,0,0,0,0,0,5.749792301
21,49,21049,0.002663965,0.000218516,0.000407635,0.006546741,3.695189395,1430.901871,0.002074163,0.622003212,0,,7.179101552,,0,0.012590608,2.323391293,0,0,0,0,0,0,0
21,50,21050,0.001065586,8.74E-05,0.000169848,0.002727809,6.420065647,2279.126863,0.003603675,1.080675718,0.221254239,,,,0,0.017323408,4.036687442,0,0,0,0,0,0,9.835171041
21,51,21051,0.153018144,0.012551579,0.016169525,0.259687387,7.932620051,818.8555096,0.004452693,1.335280719,20.8080069,1247.184273,,,0,0.03724646,4.98772279,0,0,0,5.6358,0.5545,7.607523156,24.21873041
21,52,21052,0.04550052,0.003732259,0.000373665,0.006001179,0.294410171,91.92788837,0.000165257,0.049557425,0.442508478,,,,0,0.001526272,0.185113659,0,0,0,0,0,0,0
21,53,21053,0.138313057,0.011345369,0.015218376,0.244411658,13.66716313,3654.943645,0.007671574,2.300563912,34.99730202,,184.4482843,,0,0.05253182,8.59338032,0,0,0,0,0,2.078251486,0.199729627
21,54,21054,0.154723081,0.01269143,0.004042381,0.064921847,7.386581582,1667.110045,0.004146194,1.243367248,1.34695714,,211.9024649,,0,0.022558927,4.64439505,0,0,0,1.0871,0.107,0.411245092,0
21,55,21055,0.011082094,0.000909028,0.000407635,0.006546741,1.113594447,265.3145788,0.000625077,0.187448937,2.886020959,,,,0,0.005163055,0.700184853,0,0,0,0,0,0,2.741743066
21,56,21056,0.000532793,4.37E-05,0.000169848,0.002727809,0.289853522,41.34974394,0.000162699,0.048790414,0.663762717,,,,0,0.001544387,0.182248615,0,0,0,0,0,0.066642289,0.484193036
21,57,21057,0.001385262,0.000113629,0.000271757,0.004364494,1.640140583,582.0021039,0.000920634,0.276081305,1.770033911,,,,0,0.006970124,1.031256573,0,0,0,0,0,1.202780639,2.224261759
21,58,21058,0.007352543,0.000603105,0.002275963,0.036552636,4.867260841,2023.862263,0.002732063,0.819295455,0,,19.32548481,,0,0.0135734,3.060344208,0,0,0,0,0,0,20.16361374
21,59,21059,0.002557406,0.000209776,0.000339696,0.005455617,0.544772733,44.62159957,0.000305789,0.091700412,0.221254239,,0.85203972,,0,0.002586056,0.342531894,0,0,0,0,0,0.000715202,1.059172266
21,60,21060,0.006286957,0.000515699,0.001154966,0.018549099,1.443951518,409.8609727,0.000810511,0.243057226,0.230970093,,,,0,0.005199287,0.907900523,0,0,0,0,0,0,2.420965179
21,61,21061,0.003516434,0.000288442,0.000475574,0.007637864,3.001312973,1147.357298,0.00168468,0.5052045,0,,,,0,0.010403103,1.887108801,0,0,0,0,0,0,0
21,62,21062,0.001385262,0.000113629,0.000543513,0.008728988,1.022461462,198.8688392,0.000573922,0.172108719,3.328529436,213.9965291,,,0,0.004682981,0.642883978,0,0,0,0,0,0,5.513748196
21,63,21063,0.014598528,0.00119747,0.004008412,0.064376285,3.442548509,265.6054496,0.001932352,0.57947672,8.186406837,,,,0,0.014144053,2.164540536,0,0,0,5.9219,0.5826,0,17.83343475
21,64,21064,0.011295211,0.000926509,0.00244581,0.039280445,4.117438892,1453.965296,0.002311177,0.693079554,3.76132206,,,,0,0.017613264,2.588885345,0,0,0,0,0,0,1.331530849
21,65,21065,0.013000149,0.00106636,0.002174054,0.034915951,4.845490183,1108.506427,0.002719843,0.815630848,7.080135643,,148.9471114,,0,0.015860543,3.046655665,0,0,0,0,0,0.002418063,1.706780451
21,66,21066,0.004475461,0.000367107,0.001188936,0.019094661,1.522427144,374.3311611,0.00085456,0.256266857,3.318813583,,,,0,0.007065233,0.957242943,0,0,0,0,0,0,18.87142357
21,67,21067,0.046352989,0.003802185,0.004246199,0.068195217,3.95238693,791.6258455,0.002218531,0.665296715,13.05400009,,205.2634613,,0,0.014352387,2.485107095,0,0,0,0,0,0,6.936065239
21,68,21068,0.003196758,0.00026222,0.000509544,0.008183426,1.89809756,567.0193192,0.001065429,0.319502643,0.221254239,,,,0,0.007495488,1.193449881,0,0,0,0,0,0,0
21,69,21069,0.011828004,0.000970213,0.002038175,0.032733704,6.127427506,1082.921662,0.003439413,1.031416575,36.94945789,,9.12785958,,0,0.024972882,3.852687967,0,0,0,2.775,0.273,0.001668804,16.64413561
21,70,21070,0.027918352,0.002290051,0.000203818,0.00327337,1.601409064,563.7287863,0.000898894,0.269561713,2.212542388,,,,0,0.006906718,1.006903701,0,0,0,0,0,2.759055161,0.10289102
21,71,21071,0.090468248,0.007420815,0.041307022,0.663403073,24.32567202,3430.019364,0.013654348,4.094687584,1.212236682,,79.14841649,,0,0.092957634,15.29503594,0,0,0,0,0,0.727768838,0.090786194
21,72,21072,0.008844363,0.000725474,0.002683598,0.043099377,3.98023312,1827.064043,0.002234162,0.669984004,0,,,,0,0.013677567,2.502615695,0,0,0,0,0,0,0
21,73,21073,0.008524688,0.000699252,0.003057263,0.049100556,2.006950848,525.1864949,0.00112653,0.337825681,4.203830538,18.17113737,,,0,0.008528099,1.261892593,0,0,0,0,0,0,8.461273302
21,74,21074,0.735680546,0.060345477,0.015286316,0.245502782,16.23913849,1039.027398,0.009115261,2.733498942,25.44423747,,4.35469266,,0,0.054347947,10.21053834,143.74386,138.24,0,3.4616,0.3406,0.471283878,15.13103237
21,75,21075,0.023656008,0.001940425,0.00084924,0.013639043,3.038019314,904.4502279,0.001705284,0.511383198,0,,,,0,0.010249117,1.91018832,0,0,0,0,0,0,0
21,76,21076,0.06904997,0.005663944,0.003057263,0.049100556,6.45474681,2157.127691,0.003623142,1.086513523,3.097559344,,,,0,0.026521798,4.058493608,0,0,0,0,0,0,0
21,77,21077,0.002663965,0.000218516,0.000101909,0.001636685,1.140681196,378.189033,0.000640281,0.19200839,0,,,,0,0.004338778,0.717215946,0,0,0,0,0,0,0
21,78,21078,0.003622992,0.000297182,0.000373665,0.006001179,3.228892288,1046.3522,0.001812424,0.543512432,0,,,,0,0.011268141,2.030201819,0,0,0,0,0,0,0
21,79,21079,0.008844363,0.000725474,0.001120996,0.018003537,1.251559661,148.026852,0.000702518,0.210672322,2.433796627,,,,0,0.004832438,0.78693201,0,0,0,0,0,0,5.904128831
21,80,21080,0.002770523,0.000227257,0.000237787,0.003818932,0.82779128,287.4063061,0.000464651,0.13934031,0,,,,0,0.002871383,0.520482944,0,0,0,0,0,0,0
21,81,21081,0.001918055,0.000157332,0.000577483,0.00927455,0.868294829,251.6601233,0.000487386,0.146158184,1.106271194,,,,0,0.003817943,0.545949999,0,0,0,0,0,0.038633211,4.333527671
21,82,21082,0.008524688,0.000699252,0.003023294,0.048554995,1.961890649,136.5170347,0.001101237,0.330240796,6.637627165,,,,0,0.007857807,1.233560493,0,0,0,0,0,0.333855333,2.224261759
21,83,21083,0.007139426,0.000585624,0.000713361,0.011456796,6.206662573,2465.610582,0.003483889,1.044754042,7.542075828,,7.981741164,,0,0.024384112,3.902507894,0,0,0,0,0,0,0.105917227
21,84,21084,0.007459102,0.000611846,0.000441605,0.007092303,1.764688996,598.575406,0.000990545,0.297046269,0,,,,0,0.006209253,1.109567768,0,0,0,0,0,0,0
21,85,21085,0.1183866,0.009710867,0.046164673,0.741418401,16.99326394,1043.772692,0.009538563,2.860439242,14.78595577,1547.189751,,,0,0.074886942,10.68470307,0,0,0,5.9791,0.5883,8.630733879,34.38073175
21,86,21086,0.000959027,7.87E-05,0,0,3.020045864,1180.82638,0.001695195,0.508357767,0.663762717,,,,0,0.012101476,1.898887315,0,0,0,0,0,0,0.907861942
21,87,21087,0.037828302,0.003102932,0.001936267,0.031097019,2.842083396,932.7241461,0.001595302,0.478401731,3.097559344,7.268454949,,,0,0.01208336,1.78699144,0,0,0,0,0,5.060950656,6.778702502
21,88,21088,0.005967281,0.000489477,0.001222905,0.019640223,1.176374948,370.155785,0.000660316,0.198016642,0,,0.4361,,0,0.00486867,0.739658789,0,0,0,0,0,0,0
21,89,21089,0.00756566,0.000620586,0.001256875,0.020185784,3.245600002,934.6512622,0.001821802,0.546324805,0.442508478,,,,0,0.012178469,2.040706979,0,0,0,0,0,0,0
21,90,21090,0.283445865,0.02325014,0.004008412,0.064376285,3.753919541,342.2631041,0.002107129,0.63188913,3.540067821,,,,0,0.013315247,2.360318524,0,0,0,0,0,0.040534015,6.052412949
21,91,21091,0.010868977,0.000891547,0.006046587,0.097109989,2.527421451,137.4826586,0.001418678,0.425435368,0,,4.586597734,,0,0.010706546,1.589144254,0,0,0,0,0,0.682842007,0
21,92,21092,0.026000297,0.00213272,0.000169848,0.002727809,1.229535856,305.7265784,0.000690156,0.206965102,1.327525433,,,,0,0.005375918,0.773084299,0,0,0,0,0,0,1.068250885
21,93,21093,0,0,0,0,1.9079703,729.8323023,0.001070971,0.3211645,3.415063217,,176.7283819,,0,0.007640416,1.199657476,0,0,0,0,0,0,6.473055648
21,94,21094,0.045393962,0.003723519,0.010666451,0.171306386,7.542013951,1283.934727,0.00423344,1.269530842,28.09928833,,23.65106733,,0,0.02673919,4.742124875,0,0,0,8.6969,0.8556,0,25.82564605
21,95,21095,0.001918055,0.000157332,6.79E-05,0.001091123,0.101005725,37.26236729,5.67E-05,0.017002075,0.009715854,,,,0,0.000416668,0.063508469,0,0,0,0,0,0,0
21,96,21096,0.004049227,0.000332145,0.000679392,0.010911235,0.622995211,97.44683972,0.000349696,0.104867432,13.05400009,,,,0,0.0024366,0.391715145,0,0,0,4.3484,0.4278,0,5.093105496
21,97,21097,0.002770523,0.000227257,0.000135878,0.002182247,0.554645473,78.02288479,0.00031133,0.093362269,0.221254239,,,,0,0.001924823,0.348739489,0,0,0,0,0,0,0.711158521
21,98,21098,0.002344289,0.000192294,0.000543513,0.008728988,1.381424164,384.6160159,0.000775413,0.232532132,4.646339016,,,,0,0.006028093,0.868585757,0,0,0,0,0,0,2.899105802
21,99,21099,0.012254239,0.001005175,0.001868327,0.030005896,4.542726156,602.538247,0.002549897,0.764667236,5.541071825,,,,0,0.018505476,2.856289427,0,0,0,7.524,0.7402,0,14.64078692
21,100,21100,0.001172145,9.61E-05,0.000271757,0.004364494,2.548938961,931.2055835,0.001430756,0.429057364,0,,3.25562979,,0,0.0091531,1.602673627,0,0,0,0,0,0,0
21,101,21101,0.004475461,0.000367107,0.000271757,0.004364494,0.872851479,260.9875886,0.000489944,0.146925195,0,,,,0,0.003772653,0.548815043,0,0,0,0,0,0,0
21,102,21102,0.038574212,0.003164117,0.003906503,0.0627396,2.548685814,304.9573781,0.001430614,0.429014752,0.885016955,,3.105032,,0,0.00892665,1.602514458,0,0,0,0,0,0.710851085,6.960274891
21,103,21103,0.021311719,0.001748131,0.00166451,0.026732525,1.431547306,344.5780387,0.000803548,0.240969252,1.327525433,,249.2123856,,0,0.005000011,0.900101238,0,0,0,0,0,0,0
21,104,21104,0.049869423,0.004090626,0.003396959,0.054556174,6.979014621,720.0703083,0.003917421,1.174762386,29.64806801,,,,0,0.020443886,4.388132806,0,0,0,9.2118,0.9063,0,19.38285247
21,105,21105,0.000852469,6.99E-05,0.000169848,0.002727809,1.108784651,262.7502725,0.000622377,0.186639314,5.310101732,,2.213248084,,0,0.004936605,0.69716064,0,0,0,0,0,0,3.353036773
21,106,21106,0.137247471,0.011257963,0.005197347,0.083470946,5.002694583,513.8394026,0.002808084,0.842092723,6.955131038,,6.3534786,,0,0.018999136,3.145499674,0,0,0,0,0,7.157975734,1.513103237
21,107,21107,0.004901695,0.00040207,0.000781301,0.01254792,3.099787226,1213.957192,0.001739955,0.521780457,0,,,,0,0.010856002,1.94902558,0,0,0,0,0,0,0
21,108,21108,0.028770821,0.002359977,0.003804594,0.061102915,3.79619512,397.4625674,0.002130859,0.639005287,13.06371595,,2.255623832,,0,0.013564342,2.386899763,0,0,0,1.459,0.1435,7.068911804,16.04797293
21,109,21109,0.117001338,0.009597238,0.002174054,0.034915951,4.518424026,1392.785802,0.002536256,0.760576511,0,,99.44141592,,0,0.018700223,2.841009193,0,0,0,0,0,0.009658303,0
21,110,21110,0.079279595,0.006503047,0.005231317,0.084016508,10.56281926,1980.462708,0.005929062,1.778016444,17.92159335,,2.6166,,0,0.035797181,6.641489697,0,0,0,0,0,0,14.65894416
21,111,21111,0.009164039,0.000751696,0.002174054,0.034915951,4.603228332,2024.97772,0.002583858,0.774851436,2.433796627,,,,0,0.019048955,2.89433084,0,0,0,0,0,0.074687494,1.271006719
21,112,21112,0.014918203,0.001223692,0.002581689,0.041462692,2.220353921,679.3418971,0.001246316,0.373747357,2.443512481,4.955764738,,,0,0.009936616,1.39607214,0,0,0,0,0,0.048291514,10.63711576
21,113,21113,0.001598379,0.00013111,0.000951149,0.015275729,0.965503347,249.7730568,0.000541951,0.162521083,1.548779672,,,,0,0.005194758,0.607070932,0,0,0,0,0,0.017384945,3.350010567
21,114,21114,6.943144988,0.569523547,1.057643191,16.9860647,396.4651911,2588.574695,0.222541592,66.73612527,8.282656471,,45.11972777,,131.4724896,1.675520031,249.2818838,0,0,0,6.6371,0.653,142.9270151,24.20965179
21,115,21115,0.093025654,0.007630591,0.003193141,0.051282803,11.4392148,2051.32952,0.006420995,1.925538203,11.28396618,,1.92716951,,0,0.038052621,7.192533107,0,0,0,0,0,0,14.17172492
21,116,21116,0.002770523,0.000227257,0.000407635,0.006546741,5.15913954,2091.674749,0.002895899,0.868426763,0,,169.1052943,,0,0.015706557,3.243866175,0,0,0,0,0,0,12.94005888
21,117,21117,0.348446608,0.028581939,0.006216435,0.099837798,3.175225086,273.0586534,0.001782299,0.534478748,1.106271194,,,,0,0.012323397,1.99645797,0,0,0,0,0,0,2.920289248
21,118,21118,0.013426383,0.001101322,0.003227111,0.051828365,6.440317421,400.3425362,0.003615042,1.084084656,4.646339016,,,,0,0.020403125,4.04942097,0,0,0,0,0,0,7.747088574
21,119,21119,0.3415203,0.028013797,0.042971532,0.690135598,23.44446669,765.6986033,0.013159715,3.946356202,8.186406837,,3.0527,,0,0.083614316,14.74096831,0,0,0,0,0,0.753924787,4.539309711
21,120,21120,0.006180399,0.000506958,0.000169848,0.002727809,1.168021091,425.3034327,0.000655627,0.196610456,0,,,,0,0.00383153,0.734406209,0,0,0,0,0,0,0.121048259
21,121,21121,0.003196758,0.00026222,0,0,0.322003214,88.81752811,0.000180745,0.054202102,0.230970093,,,,0,0.001372286,0.20246309,0,0,0,0,0,1.659296418,0.862468845
21,122,21122,0.002663965,0.000218516,0.000475574,0.007637864,2.181622402,378.726144,0.001224576,0.367227765,3.540067821,,9.3925972,,0,0.008500925,1.371719269,0,0,0,0,0,0,6.052412949
21,123,21123,0.000319676,2.62E-05,3.40E-05,0.000545562,1.098658764,354.0482561,0.000616693,0.184934846,0,,,,0,0.00414856,0.690793876,0,0,0,0,0,0,0
21,124,21124,0.10016508,0.008216215,0.005299256,0.085107631,3.414702319,584.2264536,0.001916721,0.574789431,1.779749764,14.20652558,,,0,0.012658543,2.147031935,0,0,0,0,0,0,2.666087904
21,125,21125,0.09409124,0.007717998,0.002785506,0.044736062,1.785447065,0.222000765,0.001002197,0.30054043,10.8414577,,1.7444,,0,0.007427553,1.122619634,0,0,0,0,0,0,1.513103237
21,126,21126,0.00149182,0.000122369,0.000237787,0.003818932,1.322187724,335.2748164,0.000742163,0.22256099,6.637627165,,,,0,0.004728271,0.831340188,0,0,0,0,0,0.094329424,5.749792301
21,127,21127,0.003196758,0.00026222,0.000373665,0.006001179,0.935885127,316.3479057,0.000525326,0.157535512,0,,,,0,0.004773561,0.588448148,0,0,0,0,0,0,2.018479718
21,128,21128,0.00532793,0.000437033,0.001053057,0.016912414,1.995812372,334.1976203,0.001120278,0.335950766,25.00172899,,,,0,0.007287154,1.254889152,0,0,0,4.5201,0.4447,0,12.24403139
21,129,21129,0.019926457,0.001634502,0.000509544,0.008183426,3.039791344,720.107105,0.001706278,0.511681481,3.982576299,65.41609454,,,0,0.012087889,1.911302504,0,0,0,0,0,0,1.41626463
21,130,21130,0.000959027,7.87E-05,0.000679392,0.010911235,0.801970268,121.7187465,0.000450157,0.134993915,17.35408026,,8.60103832,,0,0.003573378,0.504247696,0,0,0,2.5747,0.2533,0,21.32265082
21,131,21131,0.020033016,0.001643243,0.000101909,0.001636685,0.197201654,63.26012443,0.000110692,0.033194526,0.221254239,,,,0,0.00085598,0.123992726,0,0,0,0,0,0,0
21,132,21132,0.84010797,0.068911318,0.061790685,0.992376801,34.49940406,399.4932006,0.01936501,5.807209821,14.16027129,,,,0,0.126082708,21.69188273,0,0,0,3.2899,0.3237,1.815184561,15.13103237
21,133,21133,0.000426234,3.50E-05,0.000169848,0.002727809,0.182519117,17.12858818,0.000102451,0.030723047,1.770033911,6.112109843,,,0,0.000883154,0.114760918,0,0,0,0,0,0,1.951903176
21,134,21134,0.057861318,0.004746175,0.002683598,0.043099377,4.41033018,121.4965967,0.002475582,0.742381309,10.17769499,,,,0,0.01618663,2.773043989,0,0,0,0,0,0,10.59172266
21,135,21135,0.022483864,0.001844278,0.000135878,0.002182247,0.141509274,50.94737532,7.94E-05,0.023819949,0,,,,0,0.000788045,0.088975525,0,0,0,0,0,0,1.664413561
21,136,21136,0.228674747,0.018757444,0.007235523,0.11620465,2.880814915,25.7227655,0.001617043,0.484921323,1.327525433,,,,0,0.010031725,1.811344312,0,0,0,0,0,0,1.21048259
21,137,21137,0.008631246,0.000707993,0.001562601,0.02509584,2.192001437,318.6244277,0.001230402,0.368974845,32.30311887,,16.9622153,,0,0.007595126,1.378245202,0,0,0,0,0,14.1629352,8.391670553
21,138,21138,0.019180547,0.001573318,0.002038175,0.032733704,2.459831154,781.2157416,0.001380738,0.41405804,0.67347857,,97.77758689,,0,0.008931179,1.546646105,0,0,0,0,0,0,4.841930359
21,139,21139,0.004262344,0.000349626,0.000747331,0.012002358,0.813361891,244.9372134,0.000456552,0.136911442,0.663762717,,,,0,0.003532617,0.511410305,0,0,0,0,0,0,3.99156634
21,140,21140,1.180349566,0.096820227,0.064474282,1.035476178,30.1862824,844.3566354,0.016943993,5.081191411,9.735186509,,,,0,0.116281962,18.97995968,0,0,0,6.351,0.6248,2.033162492,13.61792913
21,141,21141,0.004688578,0.000384589,0.00081527,0.013093482,0.775896108,196.6209316,0.000435522,0.130604908,1.770033911,3.303843158,,,0,0.003663957,0.487853279,0,0,0,0,0,0,3.773679473
21,142,21142,0.139378643,0.011432776,0.008220641,0.13202594,6.814468954,679.2658543,0.003825059,1.147064771,26.32925442,,83.17969238,,0,0.023161283,4.284672893,0,0,0,2.3459,0.2308,2.725894988,34.13560903
21,143,21143,0.057008849,0.00467625,0.005197347,0.083470946,6.275518607,418.0320071,0.003522539,1.056344429,16.46906331,,115.8276062,,0,0.021938455,3.945801888,0,0,0,0,0,0,15.13103237
21,144,21144,0.05690229,0.004667509,0.010496603,0.168578577,3.335973546,229.0795643,0.00187253,0.561537188,0.442508478,,,,0,0.010108718,2.097530346,0,0,0,0,0,0,2.296890714
21,145,21145,0.001172145,9.61E-05,0.000271757,0.004364494,3.27091472,1385.955534,0.001836011,0.550585977,0.221254239,,,,0,0.01145383,2.056623889,0,0,0,0,0,0,0
21,146,21146,0.022377305,0.001835537,0.000135878,0.002182247,0.207580688,72.34009302,0.000116518,0.034941607,0,,,,0,0.001141307,0.130518659,0,0,0,0,0,0,0
21,147,21147,0.042729997,0.003505002,0.001222905,0.019640223,1.377626957,403.5312445,0.000773282,0.231892956,2.433796627,,,,0,0.006426645,0.86619822,0,0,0,0,0,0,0
21,148,21148,0.001172145,9.61E-05,0.000373665,0.006001179,2.298829547,260.2256745,0.001290366,0.386956989,13.49650857,,,,0,0.008279004,1.44541456,0,0,0,0,0,1.006073206,4.539309711
21,149,21149,0.18136273,0.014876593,0.00251375,0.040371569,5.359125813,496.9056486,0.003008154,0.902090019,4.425084777,,2.59643972,,0,0.016530834,3.369609761,0,0,0,3.4044,0.3349,2.178591164,0.544717165
21,150,21150,0.004155785,0.000340886,0.000611453,0.009820111,1.569006225,496.2105197,0.000880706,0.264107413,1.327525433,,,,0,0.006734616,0.986530057,0,0,0,0,0,0,5.979783993
21,151,21151,0.02354945,0.001931685,0.001290844,0.020731346,1.898857002,123.868072,0.001065856,0.319630478,5.310101732,,,,0,0.006974653,1.193927389,0,0,0,0,0,0,1.488893585
21,152,21152,0.014598528,0.00119747,0.001766419,0.02836921,2.79778264,991.1726667,0.001570435,0.47094468,15.9303052,,0.683989776,,0,0.010203827,1.759136848,0,0,0,0,0,0,16.66229285
21,153,21153,0.105599568,0.008661988,0.002004206,0.032188143,4.761192172,396.1432262,0.002672525,0.801441146,4.752304503,,0.4361,,0,0.018405838,2.993652356,0,0,0,0,0,1.241735794,10.28910201
21,154,21154,0.215141805,0.017647381,0.022080234,0.354615129,17.07249901,1519.235886,0.009583038,2.873776709,27.32023687,,,,0,0.058999225,10.734523,0,0,0,4.3484,0.4278,1.837270702,29.5388014
21,155,21155,0.00458202,0.000375848,0.002547719,0.04091713,1.198145606,263.6613883,0.000672536,0.20168125,0.894732809,,,,0,0.005199287,0.753347331,0,0,0,0,0,0,2.983839584
21,156,21156,1.728593542,0.141790892,0.126502754,2.03167191,70.49085761,1366.638361,0.039567528,11.86557309,14.40095723,,1.771783944,,0,0.268977047,44.32190812,0,0,0,7.6956,0.7571,18.08440315,5.208101342
21,157,21157,0.016196907,0.001328579,0.004008412,0.064376285,2.485905313,569.6225446,0.001395374,0.418447047,2.655050866,,,,0,0.011096039,1.563040522,0,0,0,0,0,0.005151095,4.499969027
21,158,21158,0.002663965,0.000218516,0.001019088,0.016366852,1.692288902,491.7394957,0.000949906,0.284859319,1.327525433,,,,0,0.007916684,1.064045406,0,0,0,0,0,0,0
21,159,21159,0.090255131,0.007403334,0.000271757,0.004364494,1.022967757,365.87345,0.000574206,0.172193943,0.990982443,,,,0,0.004827909,0.643202317,0,0,0,0,0,0,4.766275197
21,160,21160,0.001278703,0.000104888,0.000101909,0.001636685,0.709571547,177.6463921,0.000398293,0.119440639,2.212542388,,,,0,0.003202,0.446150976,0,0,0,0,0,0.686705328,2.835555466
21,161,21161,0.255207837,0.020933867,0.002106115,0.033824828,4.371598661,599.1392122,0.002453841,0.735861716,17.25783063,,,,0,0.016598769,2.748691118,0,0,0,2.8608,0.2815,0,16.69558112
21,162,21162,0.007672219,0.000629327,0.000373665,0.006001179,1.08017902,351.4848292,0.00060632,0.18182419,0,,,,0,0.003980987,0.679174532,0,0,0,0,0,0,0
21,163,21163,0.023975684,0.001966647,0.002649628,0.042553816,3.752147511,160.7989386,0.002106134,0.631590848,2.655050866,,32.75916967,,0,0.012934811,2.35920434,0,0,0,0,0,0,6.052412949
21,164,21164,0.170919988,0.014020009,0.02901003,0.465909724,17.548922,1638.757028,0.009850461,2.953971958,24.7901906,,0.8722,,0,0.05942948,11.03407924,0,0,0,6.3796,0.6277,12.48555732,22.69654856
21,165,21165,0.020139575,0.001651984,3.40E-05,0.000545562,0.296941643,123.5697642,0.000166678,0.049983542,0.221254239,,,,0,0.001005437,0.18670535,0,0,0,0,0,0,2.203078313
21,166,21166,0.006286957,0.000515699,0.002921385,0.046918309,1.795066657,118.7533684,0.001007597,0.302159675,6.637627165,261.9485087,,,0,0.007613242,1.128668059,0,0,0,3.3472,0.3293,0,7.498939643
21,167,21167,0.002983641,0.000244738,0.000203818,0.00327337,2.460337448,849.6141701,0.001381023,0.414143264,0,,0.85203972,,0,0.008754548,1.546964443,0,0,0,0,0,0,0
21,168,21168,0.040066032,0.003286486,0.002072145,0.033279266,1.560652368,573.2616918,0.000876017,0.262701226,6.858881404,,,,0,0.006037151,0.981277476,0,0,0,0,0,0.167410582,16.11454948
21,169,21169,0.018647754,0.001529614,0.002547719,0.04091713,4.904979771,937.2201499,0.002753235,0.825644601,5.088847493,,,,0,0.019375043,3.084060403,0,0,0,0,0,4.388732783,1.597837018
21,170,21170,0.044115259,0.003618631,0.000883209,0.014184605,4.190851574,962.3247418,0.002352385,0.705436951,33.6306443,,14.76691916,,0,0.015371411,2.635044383,0,0,0,6.3796,0.6277,3.364952688,33.10064642
21,171,21171,0.031754462,0.002604715,0.000747331,0.012002358,0.756150628,52.60269328,0.000424438,0.127281194,1.106271194,,,,0,0.003029898,0.47543809,0,0,0,0,0,0,2.569249297
21,172,21172,0.016516582,0.001354801,0.004789712,0.076924205,6.24286262,2029.450705,0.003504208,1.050847518,1.106271194,,75.0092,,0,0.026327051,3.925269075,0,0,0,0,0,0.053442609,0.202755834
21,173,21173,0.026639649,0.002185164,0.002377871,0.038189322,1.441926341,135.7136333,0.000809374,0.242716332,0.885016955,,,,0,0.005955629,0.90662717,0,0,0,0,0,0.28104022,0
21,174,21174,1.273694896,0.10447704,0.046912004,0.753420759,23.77862097,1276.667062,0.013347281,4.002603666,0.096249634,,1.06504965,,0,0.095964887,14.95107152,0,0,0,0.658,0.0647,0.552714702,0
21,175,21175,0.008631246,0.000707993,0.001324814,0.021276908,2.377305173,456.4324148,0.001334415,0.400166621,1.327525433,,14.57726766,,0,0.009234622,1.49475698,0,0,0,0,0,0.211838774,4.539309711
21,176,21176,0.001918055,0.000157332,0.001087027,0.017457976,2.00492567,245.9266208,0.001125394,0.337484787,10.94781578,366.7265906,,,0,0.009021759,1.26061924,0,0,0,0,0,0,12.21982174
21,177,21177,0.159305101,0.013067278,0.004789712,0.076924205,11.72248649,2312.412828,0.00658,1.973220713,24.11671203,,0.8722,,0,0.03985969,7.370643325,0,0,0,4.9778,0.4897,0,26.50956871
21,178,21178,0.00458202,0.000375848,0.000645422,0.010365673,4.247050249,1703.029564,0.00238393,0.714896752,0,,,,0,0.016816161,2.670379922,0,0,0,0,0,0,0
21,179,21179,0.019606782,0.00160828,0.002955354,0.047463871,7.058249689,1683.589894,0.003961897,1.188099853,30.63905045,,18.320916,,0,0.02362777,4.437952733,0,0,0,0,0,0,46.20109424
21,180,21180,0.035057778,0.002875675,0.00329505,0.052919489,8.994572473,1211.681128,0.005048782,1.514036866,22.96264675,,271.6096981,,0,0.031621447,5.655437148,0,0,0,0,0,0,30.26206474
21,181,21181,0.009057481,0.000742956,0.000475574,0.007637864,1.474582327,107.026522,0.000827704,0.248213243,4.203830538,,,,0,0.005579723,0.927159984,0,0,0,0,0,0,6.052412949
21,182,21182,0.011721446,0.000961472,0.00084924,0.013639043,1.24447154,82.52470764,0.00069854,0.209479194,1.106271194,,,,0,0.003790769,0.782475276,0,0,0,0,0,0,2.41188656
21,183,21183,0.005541047,0.000454514,0.000679392,0.010911235,5.071550616,1542.496312,0.002846734,0.85368311,0,,3.89465958,,0,0.017563445,3.188793668,0,0,0,0,0,0,0
21,184,21184,0.003303316,0.00027096,0.000135878,0.002182247,1.515845317,509.0933368,0.000850866,0.255158953,0,,,,0,0.006068854,0.953104546,0,0,0,0,0,0,0
21,185,21185,0.00458202,0.000375848,0.000985118,0.01582129,1.927968927,290.5557173,0.001082197,0.324530826,9.956440748,54.51341212,,,0,0.008179366,1.212231835,0,0,0,0,0,0.02253604,14.33211386
21,186,21186,0.086845256,0.007123633,0.009885151,0.158758466,12.22928715,3223.355582,0.006864474,2.058529367,9.591142787,,16.97542165,,0,0.0474367,7.689299856,0,0,0,2.9753,0.2927,0.064197869,0
21,187,21187,0.002557406,0.000209776,0.000577483,0.00927455,1.301682803,393.2665231,0.000730653,0.219109441,0,,,,0,0.005471027,0.818447491,0,0,0,0,0,0,0
21,188,21188,0.014172293,0.001162507,0.001392753,0.022368031,3.600259202,1393.254781,0.002020877,0.606023819,3.415063217,,11.63049533,,0,0.014039886,2.263702882,0,0,0,0,0,0,9.078619423
21,189,21189,0.041877528,0.003435077,0.004585895,0.073650835,4.722207507,405.4565726,0.002650643,0.794878942,19.24911878,,,,0,0.017441162,2.969140316,0,0,0,0,0,0,8.1798361
21,190,21190,0.00149182,0.000122369,0.000135878,0.002182247,0.281246518,90.79872557,0.000157868,0.047341616,0.221254239,,,,0,0.00149004,0.176836866,0,0,0,0,0,0,0.862468845
21,191,21191,0.013746059,0.001127544,0.00665804,0.106930101,2.023658562,297.6185242,0.001135909,0.340638054,1.548779672,,,,0,0.009578826,1.272397753,0,0,0,0,0,0,3.480137445
21,192,21192,0.005860723,0.000480736,0.000305726,0.004910056,1.476860652,406.0284889,0.000828983,0.248596749,0,,,,0,0.006000919,0.928592506,0,0,0,0,0,0,0
21,193,21193,0.02578718,0.002115238,0.000237787,0.003818932,1.395094112,438.8578358,0.000783086,0.234833164,1.337241287,,,,0,0.006195666,0.877180888,0,0,0,0,0,0,7.868136833
21,194,21194,0.046352989,0.003802185,0.009885151,0.158758466,6.992178275,1632.599447,0.00392481,1.176978196,6.858881404,,,,0,0.028491911,4.396409599,0,0,0,0,0,0,1.694675626
21,195,21195,0.007245985,0.000594364,0.001087027,0.017457976,5.211287859,2111.495546,0.002925171,0.877204777,0.221254239,,8.95931116,,0,0.017934822,3.276655009,0,0,0,0,0,0,0
21,196,21196,0.00149182,0.000122369,0.000441605,0.007092303,0.319978036,108.5674447,0.000179608,0.053861208,0,,,,0,0.001671199,0.201189737,0,0,0,0,0,0,0.550769578
21,197,21197,0.146624628,0.01202714,0.032610807,0.523739268,18.61922828,2836.360645,0.01045124,3.134134292,0.663762717,,,,0,0.070688563,11.70704618,0,0,0,0,0,1.07030324,0
21,198,21198,0.000319676,2.62E-05,0,0,0.300991998,94.28227286,0.000168951,0.05066533,0.221254239,,,,0,0.001182068,0.189252055,0,0,0,0,0,0.009336359,1.331530849
21,199,21199,0.123075178,0.010095456,0.002921385,0.046918309,9.483905973,2170.947462,0.005323452,1.596405312,1.106271194,,76.66784458,,0,0.02971474,5.96311101,0,0,0,0,0,0.008048586,0
21,200,21200,0.013852617,0.001136285,0.001120996,0.018003537,0.957908931,284.001432,0.000537688,0.161242732,0,,,,0,0.004225553,0.602295859,0,0,0,0,0,0,0
21,201,21201,0.001385262,0.000113629,0.000169848,0.002727809,0.740455503,161.6551378,0.000415628,0.124639268,1.99128815,16.68440795,,,0,0.003238232,0.465569606,0,0,0,0,0,0.480983478,3.017127855
21,202,21202,0.016623141,0.001363542,0.00081527,0.013093482,3.069156417,905.8531384,0.001722761,0.51662444,0,,2.6166,,0,0.01140854,1.929766119,0,0,0,0,0,0,0
21,203,21203,0.017688727,0.001450949,0.00084924,0.013639043,1.396866142,281.0869138,0.000784081,0.235131446,4.646339016,,,,0,0.005778998,0.878295071,0,0,0,0,0,0,9.193615269
21,204,21204,0.010336184,0.000847843,0.001019088,0.016366852,1.912526949,440.1537896,0.001073529,0.321931511,0,,,,0,0.00676179,1.20252252,0,0,0,0,0,0,0
21,205,21205,0.032713489,0.002683381,0.001800388,0.028914772,5.527974982,741.5014708,0.003102932,0.930512033,6.416372926,,,,0,0.019053484,3.475775548,0,0,0,2.3459,0.2308,0.015453284,13.04900232
21,206,21206,0.003836109,0.000314664,0.000305726,0.004910056,0.943732689,244.7533138,0.000529731,0.158856476,1.779749764,,,,0,0.004311604,0.59338239,0,0,0,0,0,0,1.746121136
21,207,21207,0.074058224,0.006074755,0.016509221,0.265143004,13.27579759,3736.440297,0.007451895,2.234686199,3.193808978,,0.31408632,,0,0.048048114,8.347304898,0,0,0,0,0,0.497520501,0
21,208,21208,0.116361987,0.009544794,0.02489971,0.399896754,18.14483046,3837.378742,0.010184953,3.054279937,12.61149161,,86.1556292,,0,0.070018272,11.40876329,0,0,0,0,0,0.644260523,0.169467563
21,209,21209,0.008418129,0.000690512,0.001324814,0.021276908,1.878605227,264.1113278,0.001054488,0.316221541,0.452224331,,,,0,0.008224656,1.181193861,0,0,0,0,0,5.098939981,0.151310324
21,210,21210,0.006500074,0.00053318,0.001324814,0.021276908,1.324212902,379.2403037,0.0007433,0.222901884,0,,,,0,0.005289867,0.832613541,0,0,0,0,0,0,0
21,211,21211,0.039000446,0.003199079,0.007609188,0.122205829,3.744299948,378.6401541,0.002101729,0.630269885,3.318813583,,,,0,0.015040794,2.354270098,0,0,0,3.4902,0.3434,0,0
21,212,21212,0.166337968,0.013644161,0.001800388,0.028914772,4.727017303,1691.183501,0.002653343,0.795688565,2.212542388,,16.6595866,,0,0.017577032,2.972164528,0,0,0,0,0,0,0
21,213,21213,0.002237731,0.000183554,0.000645422,0.010365673,3.038272461,1230.059138,0.001705426,0.51142581,0.317503873,,4.361,,0,0.011508178,1.910347489,0,0,0,0,0,0,0
21,214,21214,0.077361541,0.006345715,0.003736655,0.060011791,3.838723846,822.9093609,0.002154731,0.646164055,1.99128815,10.24191379,,,0,0.014148582,2.413640171,0,0,0,2.4317,0.2392,0,2.941472693
21,215,21215,0.008950922,0.000734215,0.00081527,0.013093482,1.11966998,223.2457275,0.000628487,0.188471618,0,,,,0,0.004153089,0.704004911,0,0,0,0,0,0,0
21,216,21216,0.000959027,7.87E-05,0.000237787,0.003818932,0.652360284,213.8299808,0.000366179,0.109810391,0,,,,0,0.002848738,0.41017876,0,0,0,0,0,0,0
21,217,21217,0.010336184,0.000847843,0.001358784,0.02182247,4.82245379,1785.122468,0.002706912,0.811753182,0,,,,0,0.016680291,3.032171278,0,0,0,0,0,0,0
22,1,22001,0.199690809,0.016379986,0.023457788,0.154939533,55.42538677,3602.853381,0.008122158,2.435685662,57.08359362,,439.3947527,,0,0,9.098105524,0,0,0,0,0,0.096502944,81.43739771
22,2,22002,0.003836109,0.000314664,0.005121066,0.033824828,24.16570135,1951.18239,0.003541295,1.061969175,0,,162.8742166,,0,0,3.966812209,0,0,0,0,0,0,0
22,3,22003,0.002877082,0.000235998,0.004873273,0.032188143,11.87243589,713.2632338,0.001739813,0.521737845,1.99128815,,5.11223832,,0,0,1.948866411,0,0,0,0,0,0,4.881223176
22,4,22004,0.092492861,0.007586888,0.027918071,0.184399867,57.19500417,2061.222359,0.008381482,2.513452043,19.92259735,,57.91529474,,0,0,9.388589124,0,0,0,0,0,10.98346625,35.91650501
22,5,22005,0.158559191,0.013006093,0.009498752,0.0627396,52.7316897,1257.773579,0.007727418,2.317310316,42.9524699,,44.3813986,,0,0,8.655933775,62.200125,60.304,0,5.3048,0.5219,35.57335714,64.408902
22,6,22006,0.697852244,0.057242544,0.088131899,0.582114374,115.5157759,191.7651056,0.016927936,5.076376287,30.98530929,,237.4882853,,0,0.70837118,18.96197357,0,0,0,0,0,1.096015455,17.27953004
22,7,22007,0.187010336,0.015339848,0.059718241,0.394441136,37.36656236,626.2558838,0.005475778,1.642085071,23.45294932,,,,0,0,6.133740281,0,0,0,0,0,9.591205992,14.17879113
22,8,22008,0.003303316,0.00027096,0.006938219,0.045827186,33.54031015,884.4518946,0.004915071,1.473939241,26.34868613,,109.9401745,,0,0,5.505659028,0,0,0,0,0,0.132858555,36.97642775
22,9,22009,0.019500223,0.00159954,0.031634974,0.208950145,20.94354319,1003.438872,0.003069113,0.920370444,4.425084777,,499.3326123,,0,0,3.437893303,0,0,0,0,0,0,3.719027182
22,10,22010,0.00074591,6.12E-05,0.00189975,0.01254792,18.01712931,1142.392316,0.00264027,0.791768287,3.982576299,,432.1660969,,0,0,2.957520972,0,0,0,0,0,0,5.113662375
22,11,22011,2.234107521,0.183256556,0.048897923,0.322972549,81.71268969,887.4085855,0.011974357,3.590889271,73.24486891,,1034.30242,,0,0.482170579,13.41317971,62.200125,60.304,0,20.6479,2.0314,7.597008118,62.63306652
22,12,22012,0.205551531,0.016860722,0.044272444,0.292421091,58.44391771,466.1158035,0.0085645,2.568335932,75.44769545,,81.7851972,,0,0,9.593598919,0,0,0,8.4061,0.827,0.331028587,69.65737911
22,13,22013,0.005008254,0.000410811,0.002643131,0.017457976,16.56361891,916.4542056,0.002427269,0.727893325,0.885016955,,,,0,0,2.718926497,0,0,0,0,0,0,4.927711016
22,14,22014,5.945436855,0.487684801,1.531694408,10.11689686,752.4849549,1163.644006,0.110270802,33.06818269,38.51766927,,345.628887,,139.0729438,5.01408418,123.5207894,0,0,0,12.1602,1.1964,104.2347789,37.18097425
22,15,22015,0.00532793,0.000437033,0.007433806,0.049100556,7.445968247,417.1313897,0.001091149,0.327215364,0.663762717,,,,0,0,1.222259488,0,0,0,0,0,0,1.394635193
22,16,22016,2.611751184,0.214233435,0.288514267,1.905647149,214.7423448,723.0438021,0.031468816,9.436918364,81.94218779,,209.9031038,,0,0,35.25006549,0,0,0,27.0544,2.6617,31.39142877,114.2671102
22,17,22017,0.331184116,0.027165953,0.092344389,0.609938023,55.93736375,245.4557751,0.008197184,2.458184648,35.94915218,,17.89283412,,0,0,9.182146806,0,0,0,8.1204,0.7989,0.056327164,28.3761774
22,18,22018,0.009377156,0.000769178,0.009168361,0.060557353,24.65052803,1215.583524,0.003612343,1.083275033,2.886020959,,,,0,0,4.046396757,0,0,0,0,0,6.412022133,2.561479971
23,1,23001,0,0.006922598,0,3.52923888,0,43.82344823,0.011154895,3.345147507,0,,,,0,0.422318082,12.49525154,123.46542,65.815,51.4,0,0,117.5798802,0
23,2,23002,0,0.00575135,0,0.355706253,0,5854.99146,0.009361654,2.807387657,4.540766118,,8882.303357,,0,0.298227974,10.48653755,0,0,2.1,0,0,1.485394059,3.098448065
23,3,23003,0,0.002036572,0,0.854895243,0,0,0.002065637,0.619446509,0,,82.83649284,,0,0.075879574,2.313841148,0,0,38.4,0,0,0,0
23,4,23004,0,0.031588724,0,2.47412248,0,6925.945426,0.031308106,9.388724514,89.92625578,7585.954276,22714.26288,,0,1.207587555,35.07004525,71.93511,140.03,9.4,0,0,40.12139364,270.5276063
23,5,23005,0,0.070659449,0,24.61520003,0,724.0054212,0.092396228,27.70792715,0.885016955,,2401.199913,,16.52999624,3.274110634,103.4984313,684.63603,954.144,0,0,0,144.9018735,0
23,6,23006,0,0.002115238,0,0.135299311,0,3119.683087,0.00466953,1.400306197,0.461940185,,104.0186236,,0,0.149789112,5.230614831,0,0,0.7,0,0,0.675084541,8.422965612
23,7,23007,0,0.000882806,0,0.061648476,0,2145.526835,0.003210213,0.962683878,0.952511619,,1582.861497,,0,0.111605837,3.595948215,0,0,0,0,0,0.472150036,1.092980062
23,8,23008,0,0.01095204,0,18.99700526,0,0,0.021505815,6.449197927,0.769728204,,1506.937491,,0,0.656881146,24.08992433,0,0,0,0,0,15.62822394,0
23,9,23009,0,0,0,0,0,666.6192697,0.004374825,1.311929499,0,,,,0,0.126627691,4.900498126,0,0,0,0,0,0,0
24,1,24001,0.015131321,0.001241173,0.007020817,0.046372748,16.15909549,694.6979028,0.00237782,0.713064448,10.85117356,,,,0,0,2.663535651,0,0,0,8.1214,0.799,0,9.501646632
24,2,24002,0.001065586,8.74E-05,0.000825978,0.005455617,7.183429627,350.3564982,0.001057046,0.316988552,9.956440748,,,,0,0,1.184058905,0,0,0,3.5401,0.3483,0,8.407517626
24,3,24003,0.002663965,0.000218516,0.003303914,0.02182247,44.93433672,5231.404903,0.006612113,1.98285096,4.704510415,664.0724749,8.5203972,,0,0,7.406615541,0,0,0,0,0,0.183548541,15.52895379
24,4,24004,0.000426234,3.50E-05,0.000165196,0.001091123,4.213107066,279.0727034,0.000619961,0.185914915,4.213546392,,,,0,0,0.694454766,0,0,0,0,0,0.664260721,12.11220005
24,5,24005,0.033885633,0.002779528,0.016932558,0.111840156,16.7230319,188.2417113,0.002460804,0.73794969,12.16898314,,,,0,0,2.756490403,0,0,0,5.3622,0.5276,0.04896567,11.87545869
24,6,24006,0.005114813,0.000419551,0.00958135,0.063285162,8.671487841,431.1522344,0.001276014,0.382653206,4.877309108,,,,0,0,1.429338481,0,0,0,9.8914,0.9732,0,9.85355947
24,7,24007,0.045287403,0.003714778,0.01073772,0.070923026,16.60618891,349.3335997,0.00244361,0.732793673,19.42309524,,,,0,0,2.737230943,0,0,0,5.0238,0.4943,0,24.28838425
24,8,24008,0.042623438,0.003496262,0.027835473,0.183854306,19.12362419,343.5302368,0.002814052,0.843882415,37.05542337,,47.70891636,,0,0,3.152184776,0,0,0,2.603,0.2561,0,49.24220369
24,9,24009,0.000426234,3.50E-05,8.26E-05,0.000545562,3.116134885,33.07307857,0.000458541,0.137508006,1.558495526,,125.1129533,,0,0,0.513638673,0,0,0,0,0,0,3.583112535
24,10,24010,0.017155934,0.001407245,0.016106579,0.106384539,28.36194537,1332.771496,0.004173476,1.251548698,13.06371595,,1027.91743,,0,0,4.674955517,0,0,0,6.3513,0.6249,0,43.34926325
24,11,24011,0.06446795,0.005288096,0.026844299,0.177307565,38.31387785,972.2553077,0.005637909,1.690705038,59.51778284,,,,0,0,6.315352219,0,0,0,3.1757,0.3124,0,78.53414866
24,12,24012,0.005114813,0.000419551,0.005616653,0.037098198,20.60685418,2062.892859,0.00303231,0.90933401,0.452616922,120.5902753,,,0,0,3.396668507,0,0,0,0,0,0.186651316,2.988059917
24,13,24013,0.411103063,0.033721444,0.259274631,1.712518294,156.483661,3338.283277,0.023026659,6.905271119,82.26153089,8846.040057,481.1951644,,0,1.789803051,25.79351117,0,0,0,11.3231,1.114,5.225207379,200.0272572
24,14,24014,0.004795137,0.000393329,0.003469109,0.022913593,16.79448959,1921.842536,0.002471319,0.741102957,0,,,,0,0,2.768268916,0,0,0,0,0,0,0
24,15,24015,0.098247025,0.008058883,0.01800633,0.118932459,19.31385616,586.8746711,0.002842045,0.852276923,8.311804032,,,,0,0,3.183541088,0,0,0,11.9738,1.178,20.27856287,48.75592413
24,16,24016,0.086312463,0.00707993,0.038325399,0.253140646,36.06971997,925.9825988,0.00530768,1.591675411,66.63638931,3.303843158,,,0,0.419448453,5.94544324,0,0,0,6.5075,0.6402,0.35456478,392.0564954
24,17,24017,0.002344289,0.000192294,0.002230142,0.014730167,23.19478151,1303.225195,0.003413125,1.023533408,26.01214314,,1.27805958,,0,0,3.823241684,0,0,0,2.8373,0.2791,0.106802704,52.16627946
24,18,24018,0.022057629,0.001809315,0.000743381,0.004910056,14.62275505,1495.462329,0.002151747,0.645269209,0.442508478,,,,0,0,2.41029762,0,0,0,0,0,0,0
24,19,24019,0.000106559,8.74E-06,8.26E-05,0.000545562,5.188408037,318.8800336,0.000763477,0.228952748,3.415063217,,,,0,0,0.855215552,0,0,0,0,0,0,10.80692334
24,20,24020,0.626564544,0.051395047,0.096969868,0.64048948,81.25898684,481.9639995,0.011957306,3.585775865,19.07644381,,,,0,0.856527989,13.39407942,0,0,0,1.9523,0.1921,0.927298369,61.7575039
24,21,24021,0.007459102,0.000611846,0.003303914,0.02182247,45.03572939,1533.331449,0.006627033,1.987325191,31.45696533,,89.45355468,,0,0,7.423328296,0,0,0,8.7981,0.8656,0,32.80467494
24,22,24022,0.023229774,0.001905463,0.007599002,0.05019168,17.04941975,510.747951,0.002508832,0.75235245,22.79890245,,10.4664,,0,0,2.810289558,0,0,0,5.2841,0.5199,0,35.60718081
24,23,24023,0.01214768,0.000996435,0.006029643,0.039826007,13.40990553,486.453813,0.001973275,0.591748894,18.23909722,,4.2601986,,0,0,2.210381235,0,0,0,5.0498,0.4968,0,40.53396055
24,24,24024,0.09259942,0.007595629,0.117536731,0.776334352,79.66760466,2204.42813,0.011723133,3.515551758,62.21130453,,147.7656762,,0,0.909331057,13.13176875,0,0,0,13.5356,1.3317,0.877097836,76.29470333
24,25,24025,0.057967876,0.004754916,0.020319069,0.134208187,25.44763019,290.5648286,0.003744633,1.12294654,110.6080803,,,,0,0,4.194583185,0,0,0,10.1517,0.9988,0.065972376,164.1449446
24,26,24026,0.000532793,4.37E-05,0.000412989,0.002727809,9.272118736,1145.075073,0.001364398,0.409157693,0.452224331,,,,0,0,1.528341659,0,0,0,0,0,0,0
24,27,24027,0.01214768,0.000996435,0.006277436,0.041462692,9.106027878,302.2271623,0.001339957,0.401828478,10.17769499,,,,0,0,1.500964575,0,0,0,0,0,0.010014563,2.361015224
24,28,24028,8.358456258,0.685616916,1.365507548,9.019226644,739.759027,809.5451509,0.10885596,32.64389784,41.63466032,,103.7716397,,71.28851221,8.031567587,121.9359427,0,0,0,11.4532,1.1268,96.76592571,60.18349375
24,29,24029,0.005114813,0.000419551,0.001817153,0.012002358,21.08774515,2382.421894,0.003103074,0.930554645,7.340253297,,,,0,0,3.475934717,0,0,0,0,0,0,0.6718336
24,30,24030,0.000213117,1.75E-05,0.000825978,0.005455617,5.042595714,242.4138427,0.000742021,0.222518379,4.434800631,,,,0,0,0.831181019,0,0,0,0,0,0,1.215698896
24,31,24031,0,0,8.26E-05,0.000545562,10.31115225,991.6607303,0.001517292,0.455007899,2.433796627,,28.23992676,,0,0,1.699607606,0,0,0,0,0,0,4.466093838
24,32,24032,0.038467653,0.003155376,0.034938888,0.230772615,34.52082615,1309.357349,0.005079759,1.52332622,7.628609608,,119.166243,,0,0,5.690136011,0,0,0,0,0,0.34037935,18.45302955
24,33,24033,0.001385262,0.000113629,0.000660783,0.004364494,10.2841142,226.3170394,0.001513313,0.453814771,127.3271528,,,,0,0,1.695150872,0,0,0,0,0,0,214.95476
24,34,24034,0.011934563,0.000978953,0.006773023,0.044736062,12.88556055,1237.89108,0.001896118,0.568610732,7.118999058,858.9992212,,,0,0,2.123952416,0,0,0,0,0,0.095458816,36.71410665
24,35,24035,0.492833506,0.040425526,0.161809175,1.068755444,243.3144168,206.5224004,0.035803854,10.73691658,20.20214671,,56.93757734,,0,0.047363568,40.10599627,15.99858,13.318,0,0,0,10.96307127,30.84675987
24,36,24036,0.094517475,0.00775296,0.021888429,0.14457386,25.12220798,1376.126483,0.003696747,1.108586392,15.62396382,4033.331728,713.8999086,,0,0,4.1409432,0,0,0,0,0,0,82.07887071
24,37,24037,0.048803837,0.00400322,0.058727067,0.387894395,95.06094405,8931.348651,0.013988272,4.194825115,2.847550134,,,,0,0.071045352,15.66908331,0,0,0,0,0,0.301929053,0.211147703
24,38,24038,0.002877082,0.000235998,0.00189975,0.01254792,15.63185358,1653.279791,0.002300236,0.689798452,2.001004003,,,,0,0,2.576629325,0,0,0,0,0,0,0
24,39,24039,0.004049227,0.000332145,0.002808327,0.018549099,13.71408355,1516.742723,0.002018035,0.605171584,11.06271194,42.28919243,,,0,0,2.2605195,0,0,0,0,0,0,2.156265936
24,40,24040,0.098779818,0.008102586,0.048980521,0.32351811,34.66760412,1500.329854,0.005101358,1.5298032,46.80071833,859.9903742,12.7805958,,0,0,5.714329713,0,0,0,16.9976,1.6723,4.095240283,173.2626863
24,41,24041,0.005541047,0.000454514,0.005121066,0.033824828,19.63058756,2307.613935,0.002888652,0.866253566,4.01172386,337.9831551,,,0,0,3.235748551,0,0,0,0,0,0,7.550129984
24,42,24042,0.021098602,0.00173065,0.013380851,0.088381001,13.00047225,895.5201767,0.001913027,0.573681527,2.001004003,,,,0,0,2.142893539,0,0,0,0,0,0.058298236,0.236741364
24,43,24043,0.012573914,0.001031397,0.006029643,0.039826007,8.281367453,275.2243418,0.001218608,0.365438073,0.442508478,,,,0,0,1.365034167,0,0,0,0,0,0.096382928,5.137927438
24,44,24044,0.006286957,0.000515699,0.001486761,0.009820111,6.664878517,393.1777953,0.000980741,0.294106061,10.72616895,,,,0,0,1.0985851,0,0,0,21.4748,2.1128,0,42.69022648
24,45,24045,0.05541047,0.00454514,0.007516404,0.049646118,13.26602449,564.1037225,0.001952103,0.585399748,21.88513053,,,,0,0,2.18666504,0,0,0,14.6549,1.4418,0,57.61133083
24,46,24046,0.040172591,0.003295227,0.005121066,0.033824828,14.46728628,492.7231376,0.002128869,0.638408723,95.58183118,,6.9776,,0,0,2.384671395,0,0,0,0,0,0,186.3730391
24,47,24047,0.00149182,0.000122369,0.000743381,0.004910056,8.561404365,451.8806118,0.001259816,0.37779547,18.81632616,,,,0,0,1.411193205,0,0,0,0,0,0,100.7110559
24,48,24048,0.008737805,0.000716734,0.002147544,0.014184605,4.720070442,79.37593357,0.000694561,0.208286066,0.67347857,,0.8722,,0,0,0.778018541,0,0,0,0,0,29.54451435,4.53007799
24,49,24049,0.047205458,0.00387211,0.009333556,0.061648476,32.92365011,815.7117846,0.004844734,1.452846442,332.545121,,,,0,0,5.426870326,0,0,0,0,0,0,507.3303444
24,50,24050,0.278011377,0.022804367,0.025109744,0.165850768,40.90856469,1469.268128,0.006019718,1.805202718,25.14655789,,24.66617734,,0,0,6.74303958,0,0,0,11.9738,1.178,0.520930913,47.22030448
24,51,24051,0.014065735,0.001153766,0.004790675,0.031642581,12.89232006,488.5813206,0.001897112,0.568909015,27.68592742,,303.3643178,,0,0,2.1250666,0,0,0,9.7613,0.9604,0,26.77736778
24,52,24052,0.006606633,0.000541921,0.005699251,0.03764376,8.914830262,366.9336002,0.001311822,0.393391358,27.66649571,,,,0,0,1.469449094,0,0,0,3.9305,0.3867,0,34.92255038
24,53,24053,0.013106707,0.0010751,0.017345547,0.114567965,33.21334346,3325.671826,0.004887362,1.465629957,2.231974096,,,,0,0,5.474621055,0,0,0,0,0,0,1.842743589
24,54,24054,0.017688727,0.001450949,0.017758536,0.117295774,50.15750796,4668.136323,0.007380706,2.21333773,0,,22.20962472,,0,0,8.267561181,0,0,0,0,0,0,0
24,55,24055,0.017901844,0.00146843,0.002395337,0.01582129,22.20885845,951.9336238,0.003268046,0.980026846,2.982270593,,39.65213182,,0,0,3.660730037,0,0,0,0,0,41.70492196,3.775064992
24,56,24056,0.014065735,0.001153766,0.005203664,0.034370389,14.02502109,448.7085249,0.00206379,0.618892557,20.35538997,,35.78566824,,0,0,2.311771949,0,0,0,0,0,0,18.75375507
24,57,24057,0.017155934,0.001407245,0.010242133,0.067649655,30.31061602,0,0.004460224,1.33753914,0.663762717,,,,0,0,4.996158752,0,0,0,0,0,0,0
24,58,24058,0.071287701,0.005847498,0.016436971,0.108566786,17.21647625,0,0.002533414,0.759724277,37.82515158,3535.11218,595.2074913,,0,0,2.837825811,0,0,0,0,0,0,70.97122185
25,1,25001,1.350203968,0.110752829,0,3.461589224,0,1032.069806,0.057586613,17.26916474,459.9875626,4400.719087,,,0,2.731423097,64.50614117,214.84944,186.803,45.8,9.1262,0.8979,25.60494487,1862.052298
25,2,25002,0.038147977,0.003129154,0,0.202403405,0,226.7699846,0.005981779,1.79382539,324.36843,,,,0,0.302468885,6.700541432,0,0,0,0,0,0,0
25,3,25003,0.003942668,0.000323404,0,0.063830723,0,2909.425208,0.004410065,1.322497204,17.36379612,,556.2468906,,0,0.202553143,4.939972061,0,0,0,0,0,0.031705499,0
25,4,25004,0.030795434,0.002526049,0,0.065467409,0,1183.238286,0.00386172,1.158058594,36.10369694,,282.5684033,,0,0.189758541,4.32573852,0,0,0,0,0,1.291556824,0
25,5,25005,0.013746059,0.001127544,0,0.105838977,0,1101.198118,0.002597073,0.778814325,1.99128815,,653.8332412,,0,0.101150309,2.909133566,0,0,0,0,0,0,0
25,6,25006,2.296018065,0.188334876,0,7.18723033,0,5383.211558,0.115344451,34.5896766,553.665032,3334.899284,15.33671496,,66.77339419,5.432543189,129.2040811,583.1397,508.883,0,35.2896,3.4719,81.90813014,1619.401712
25,7,25007,0.011828004,0.000970213,0,0.089472125,0,2466.192525,0.004620792,1.385690378,2.212542388,,1492.582871,,0,0.205864027,5.176019831,0,0,0,14.9431,1.4702,0,0
25,8,25008,0.033565958,0.002753306,0,0.243320535,0,1684.995872,0.00656508,1.968746483,88.13691389,17.84075306,6.93727944,,0,0.305527244,7.35393057,0,0,0,10.7808,1.0607,0.849469038,449.7046907
25,9,25009,0.066705681,0.00547165,0,0.319699178,0,1356.655089,0.007122661,2.135954854,109.6170979,,,,0,0.337345399,7.978510103,0,0,0,15.667,1.5414,0.004323477,0
25,10,25010,0.136714678,0.011214259,0,0.436994952,0,2984.030767,0.013330656,3.997618096,135.2252033,,,,0,0.61557188,14.93244874,0,0,0,39.9948,3.9349,5.111839699,0
25,11,25011,0.543768515,0.044603558,0,1.650324256,0,3025.554912,0.037485124,11.2410984,634.6057363,,,,0,1.813073691,41.98928501,0,0,0,0,0,2.61925921,1271.2873
25,12,25012,1.283498287,0.10528118,0,8.358005819,0,1022.554601,0.059770473,17.9240642,139.4290339,,,,0,3.006254519,66.95241101,218.15235,224.723,61,20.243,1.9916,22.27845069,833.0884841
25,13,25013,0.01747561,0.001433467,0,0.097655551,0,1903.555093,0.006032223,1.808952549,257.5787974,,,,0,0.304152385,6.757046461,0,0,0,8.2213,0.8088,27.13130368,0
25,14,25014,0.040066032,0.003286486,0,0.205676775,0,1114.925231,0.00669126,2.006585686,111.5607156,,257.4764413,,0,0.333894223,7.495272728,0,0,0,12.1768,1.198,0.940285574,0
25,15,25015,0.137140913,0.011249222,0,0.64048948,0,193.0048717,0.011001716,3.299212078,110.415581,,,,0,0.539870483,12.32366725,0,0,0,13.4178,1.3201,3.877377219,1233.831516
25,16,25016,0.010442742,0.000856584,0,0.080197575,0,1103.357046,0.003190604,0.956803461,51.58138521,,1185.896216,,0,0.15819291,3.57398288,0,0,0,8.092,0.7961,0,0
25,17,25017,0.053066181,0.004352846,0,0.170760824,0,3956.748078,0.011848319,3.553092679,241.5332035,,168.4330545,,0,0.536615716,13.27199673,0,0,0,12.5129,1.2311,0.024409631,0
25,18,25018,0.198944898,0.016318801,0,0.476820959,0,2157.412726,0.018874213,5.660028955,377.9022399,1377.041828,,,0,0.905582862,21.14211267,0,0,0,4.3692,0.4299,2.522944446,0
26,1,26001,0.010016508,0.000821621,0.02910924,0.006001179,1.664314294,33.65448795,0.000336197,0.100819319,7.974868452,,,,0,0,0.376594081,0,0,0,0,0,0,0
26,2,26002,0.82263236,0.06747785,2.733622231,0.563565275,51.54802019,61.35523633,0.010412874,3.122629128,9.504609007,,5539.084919,,0,0,11.66407052,0,0,0,7.2326,0.7116,0.764826836,18.96022356
26,3,26003,0.028983938,0.002377458,0.735669874,0.151666163,16.98289941,1896.288804,0.003430603,1.028774649,20.51965058,,1787.303417,,0,0,3.842819483,0,0,0,0,0,0,0
26,4,26004,0.005967281,0.000489477,0.478979307,0.098746674,6.342824171,19.17949072,0.001281272,0.384229839,7.176777867,,,,0,0,1.435227738,0,0,0,0,0,0,0
26,5,26005,0.00074591,6.12E-05,0.015877767,0.00327337,0.852556604,51.67512715,0.000172219,0.051645399,0.683194424,,,,0,0,0.192912944,0,0,0,0,0,0,0
26,6,26006,0.003622992,0.000297182,0.055572185,0.011456796,1.997739896,100.1982435,0.00040355,0.121017272,8.628915315,,,,0,0,0.452040232,0,0,0,0,0,0,0
26,7,26007,0.000852469,6.99E-05,0,0,0.493807538,2.642871006,9.98E-05,0.029913424,2.655050866,,,,0,0,0.111736705,0,0,0,0,0,0,0
26,8,26008,0.000106559,8.74E-06,0.021170356,0.004364494,0.866625194,34.68474071,0.000175061,0.052497634,0.885016955,,8.722,,0,0,0.196096326,0,0,0,0,0,0,0
26,9,26009,0.000532793,4.37E-05,0.023816651,0.004910056,0.476925229,22.63320685,9.63E-05,0.028890743,2.212542388,,,,0,0,0.107916647,0,0,0,0,0,0,0
26,10,26010,0.00074591,6.12E-05,0.015877767,0.00327337,0.929230424,95.34569402,0.000187708,0.056290076,6.195118688,,,,0,0,0.210262376,0,0,0,0,0,0,0
26,11,26011,0.000213117,1.75E-05,0.021170356,0.004364494,0.99605623,40.66571231,0.000201207,0.060338189,6.195118688,,,,0,0,0.22538344,0,0,0,0,0,0,0
26,12,26012,0.034631544,0.002840713,0.357249759,0.073650835,14.24163449,160.3825361,0.002876858,0.862716793,115.3127144,,,,0,0,3.222537516,0,0,0,0,0,0,0
26,13,26013,0.007991895,0.000655549,0.034401829,0.007092303,1.012235109,5.139020941,0.000204475,0.061318259,1.327525433,,,,0,0,0.229044329,0,0,0,0,0,0,0
26,14,26014,0.002344289,0.000192294,0.044987007,0.00927455,2.322020915,20.93672265,0.000469056,0.140661273,5.75261021,,,,0,0,0.525417186,0,0,0,0,0,0.184133386,0
26,15,26015,0,0,0.005292589,0.001091123,0.853260033,47.13733603,0.000172361,0.051688011,7.080135643,,,,0,0,0.193072113,0,0,0,0,0,0,0
26,16,26016,0.003622992,0.000297182,0.108498075,0.022368031,3.576235786,25.52449348,0.000722412,0.216637962,6.204834541,,,,0,0,0.809215684,0,0,0,81.0869,7.9777,0,0
26,17,26017,0.16314121,0.013381942,2.519272376,0.519374774,48.79339011,154.7019601,0.009856429,2.95576165,96.02603374,,,,0,0,11.04076434,0,0,0.3,18.1001,1.7808,35.78033856,351.574772
26,18,26018,2.56348014,0.210273918,15.63695427,3.223724307,269.1666104,663.8471578,0.054372563,16.30533035,309.4780791,,,,0,0,60.90589539,10.13571,20.972,0,8.5561,0.8418,23.34556009,1225.873749
26,19,26019,0.095263385,0.007814145,1.00294562,0.206767899,22.66942382,60.22021478,0.0045793,1.373247758,1.770033911,,34.888,,0,0,5.129542455,0,0,0,7.9036,0.7776,59.17545905,0
26,20,26020,0.003729551,0.000305923,0.044987007,0.00927455,3.168246653,19.93444409,0.000639997,0.191923167,11.9477289,,,,0,0,0.716897608,0,0,0,8.6306,0.8491,0.008685537,0
26,21,26021,0.000319676,2.62E-05,0.015877767,0.00327337,1.171210186,15.02743308,0.000236588,0.070948506,9.398643519,,,,0,0,0.265016545,0,0,0,8.1087,0.7978,2.633928601,0
26,22,26022,0.001385262,0.000113629,0.007938884,0.001636685,0.53601331,11.20786308,0.000108276,0.032470127,2.001004003,,,,0,0,0.121286851,0,0,0,0,0,0,0
26,23,26023,0.03942668,0.003234042,0.084681424,0.017457976,3.929357416,26.82914143,0.000793743,0.238029043,19.48008887,,43.61,,0,0,0.88911857,0,0,0,0,0,0,0
26,24,26024,0.000213117,1.75E-05,0.005292589,0.001091123,0.455822343,4.374715016,9.21E-05,0.027612392,0.894732809,,,,0,0,0.103141574,0,0,0,0,0,0,0
26,25,26025,1.011027957,0.082931327,1.442230509,0.297331147,35.39376078,144.8160589,0.007149659,2.14405108,15.48779672,,,,0,0,8.008752231,0,0,0,7.3817,0.7262,0.731274858,0
26,26,26026,0.03186102,0.002613456,0.862692011,0.177853126,39.10435161,1262.915329,0.007899211,2.36882788,146.3456941,,,,0,0,8.848369212,0,0,0,0,0,0,0
26,27,26027,0.002450848,0.000201035,0.198472088,0.04091713,5.137145938,72.0071075,0.001037721,0.311193359,10.62020346,,34.888,,0,0,1.162411908,0,0,0,12.3215,1.2122,0,0
26,28,26028,0.000639352,5.24E-05,0.02910924,0.006001179,0.622535144,3.842784892,0.000125754,0.037711368,2.433796627,,,,0,0,0.14086465,0,0,0,0,0,0,0
26,29,26029,0.703606408,0.05771454,7.24290808,1.493202476,95.93231394,1012.788425,0.019378651,5.811300545,48.91661849,,,,0,0,21.70716297,1.5093,1.856,27.2,20.0014,1.9678,3.724281756,73.24809603
26,30,26030,4.374336918,0.358812596,32.42240036,6.684222408,529.3701216,950.0919271,0.10693455,32.06770222,206.8063964,,,,46.61950951,10.13580355,119.7836582,482.59809,452.352,0,10.4574,1.0288,126.1118028,433.1458121
26,31,26031,0.000639352,5.24E-05,0.031755534,0.006546741,0.907424108,96.81370533,0.000183303,0.054969113,0.885016955,,697.76,,0,0,0.205328134,0,0,0,0,0,0,0
26,32,26032,0.000426234,3.50E-05,0.037048123,0.007637864,0.591584244,2.041979205,0.000119502,0.035836453,4.203830538,,174.44,,0,0,0.13386121,0,0,0,0,0,0,0
26,33,26033,0.179764351,0.014745484,1.352256496,0.278782048,52.38228763,1170.635143,0.010581399,3.173166623,114.6096957,,,,0,0,11.85284507,0,0,0,10.1778,1.0013,0.493515777,0
26,34,26034,0.000426234,3.50E-05,0.023816651,0.004910056,0.706243259,2.958608646,0.000142664,0.042782162,0.663762717,,,,0,0,0.159805772,0,0,0,0,0,0,0
26,35,26035,0.066492564,0.005454168,0.336079403,0.069286341,7.63221052,33.23980326,0.001541732,0.462337114,15.27625833,,502.3872,,0,0,1.726984691,0,0,0,6.3751,0.6272,0.194398112,0
26,36,26036,0.313175713,0.025688783,1.198771414,0.247139467,18.24203829,45.20235059,0.003684953,1.10504962,4.877309108,,8.722,,0,0,4.127732165,0,0,0,4.4178,0.4346,0.119162844,55.99577773
26,37,26037,0.002131172,0.000174813,0.084681424,0.017457976,0.927120135,9.576279573,0.000187281,0.056162241,1.115987048,,,,0,0,0.209784868,0,0,0,0,0,0,24.5666082
26,38,26038,0.010762418,0.000882806,0.198472088,0.04091713,3.119710014,10.67408803,0.000630192,0.188982959,10.39894923,,,,0,0,0.70591494,0,0,0,0,0,0.045164793,31.13833059
26,39,26039,0.023123215,0.001896722,0.309616458,0.063830723,4.467481015,4.812327331,0.000902446,0.270627006,1.327525433,,,,0,0,1.010882928,0,0,0,8.2578,0.8124,0,0
26,40,26040,0.003729551,0.000305923,0.010585178,0.002182247,1.171210186,107.6321471,0.000236588,0.070948506,2.66476672,,688.2069781,,0,0,0.265016545,0,0,0,0,0,0,0
26,41,26041,0.214289336,0.017577456,0.436638595,0.090017687,8.024020774,18.45545336,0.001620879,0.486071839,1.327525433,,52.332,,0,0,1.815641877,0,0,0,4.6042,0.453,66.20671025,0
26,42,26042,1.125578448,0.09232753,5.263479785,1.085122296,104.2109762,2358.507213,0.021050969,6.312797826,105.4715624,,,,0,0,23.58042406,0,0,0,18.6966,1.8395,7.806431475,643.762708
26,43,26043,4.128932472,0.338682869,9.111192005,1.878369062,146.9471345,115.5282745,0.029683817,8.901629993,2.126401198,,87.22,,0,0,33.25058331,28.37016,22.145,0,10.9048,1.0729,5.646270883,0
26,44,26044,0,0,0.021170356,0.004364494,0.261675789,10.75258007,5.29E-05,0.015851558,0.442508478,,,,0,0,0.059210904,0,0,0,0,0,0,0
26,45,26045,0.032926606,0.002700862,0.015877767,0.00327337,1.799372766,51.43949336,0.000363479,0.109000768,5.310101732,,,,0,0,0.407154547,0,0,0,5.3499,0.5263,0,0
26,46,26046,0.000213117,1.75E-05,0,0,0.296143837,0.854726464,5.98E-05,0.017939532,1.548779672,,,,0,0,0.067010189,0,0,0,0,0,0,0
26,47,26047,0.043582466,0.003574928,0.240812801,0.049646118,6.463110623,31.54640735,0.00130557,0.391516443,5.983580302,,,,0,0,1.462445653,0,0,0,7.3631,0.7244,0.00017715,0
26,48,26048,0.118919393,0.00975457,7.666315202,1.580492354,37.10028085,8.220042972,0.007494382,2.247427102,0,,,,0,0,8.394896458,0,0,9.9,25.0717,2.4667,6.673820058,0
26,49,26049,0.001811496,0.000148591,0.018524062,0.003818932,2.091999455,288.7986613,0.000422591,0.126727242,12.63092332,,130.83,,0,0,0.473368891,0,0,0,0,0,0,0
26,50,26050,0.003090199,0.000253479,0.023816651,0.004910056,1.084688352,16.9813175,0.000219111,0.065707265,8.628915315,,,,0,0,0.245438746,0,0,0,0,0,0.116670451,0
26,51,26051,0.004368902,0.000358367,0.084681424,0.017457976,3.573422068,324.697213,0.000721843,0.216467515,6.42608878,,87.22,,0,0,0.808579007,0,0,0,0,0,0,0
26,52,26052,0.006393516,0.000524439,0.124375842,0.025641402,3.957494598,132.5604131,0.000799427,0.239733512,4.781452064,,441.3332,,0,0,0.895485334,0,0,0,0,0,0,6.615038832
26,53,26053,0.000106559,8.74E-06,0,0,0.209622003,0.815934853,4.23E-05,0.012698291,2.433796627,,,,0,0,0.047432391,0,0,0,0,0,0,0
26,54,26054,0,0,0,0,0.164602513,6.824597172,3.33E-05,0.009971141,0.885016955,,,,0,0,0.037245568,0,0,0,0,0,0.070747648,0
26,55,26055,0.738024835,0.060537771,7.04972858,1.453376469,114.6238437,123.6504044,0.023154403,6.943579051,122.5752409,,,,0,0,25.93660418,0,0,0,24.2329,2.3841,2.556686653,0
26,56,26056,0.001598379,0.00013111,0.044987007,0.00927455,4.481549606,182.7745656,0.000905288,0.27147924,18.81632616,,,,0,0,1.01406631,0,0,0,3.1689,0.3118,0,0
26,57,26057,0.002024613,0.000166072,0.023816651,0.004910056,0.970732767,17.87177444,0.000196091,0.058804167,1.106271194,,,,0,0,0.219653352,0,0,0,0,0,0,0
26,58,26058,0.114443932,0.009387463,0.812412415,0.167487453,10.50853391,42.57188881,0.002122759,0.636576419,12.39023738,,,,0,0,2.377827124,0,0,0,5.2567,0.5172,0.026530368,0
26,59,26059,0.001172145,9.61E-05,0.034401829,0.007092303,1.330185262,31.10436923,0.000268702,0.080578754,4.646339016,,313.992,,0,0,0.30098876,0,0,0,10.1592,0.9995,0,0
26,60,26060,0.000213117,1.75E-05,0.021170356,0.004364494,1.836654532,28.05852729,0.00037101,0.111259189,5.541071825,,,,0,0,0.415590509,0,0,0,0,0,0,0
26,61,26061,0,0,0,0,0.805426824,41.04921041,0.000162699,0.048790414,2.001004003,,,,0,0,0.182248615,0,0,0,0,0,0.012033417,0
26,62,26062,0.001172145,9.61E-05,0.021170356,0.004364494,0.7667382,13.48387952,0.000154884,0.04644677,1.337241287,,479.71,,0,0,0.173494315,0,0,0,0,0,0,0
26,63,26063,0.000106559,8.74E-06,0.007938884,0.001636685,0.773069066,7.786319906,0.000156163,0.046830275,0.885016955,,,,0,0,0.174926836,0,0,0,0,0,0,0
26,64,26064,0.000426234,3.50E-05,0.042340712,0.008728988,1.157141595,25.93864165,0.000233747,0.070096272,5.531355971,,,,0,0,0.261833163,0,0,0,10.5693,1.0398,0.879513277,0
26,65,26065,0.000319676,2.62E-05,0.002646295,0.000545562,1.188092495,34.58076308,0.000239999,0.071971188,2.655050866,,,,0,0,0.268836603,0,0,0,0,0,0,0
26,66,26066,0.011082094,0.000909028,0.127022137,0.026186963,5.739281625,32.91784607,0.001159354,0.347668987,18.86490542,,,,0,0,1.298660654,0,0,0,0,0,0,66.10088382
26,67,26067,0.000319676,2.62E-05,0.042340712,0.008728988,1.051627164,10.38902649,0.000212432,0.063704515,1.337241287,,169.2068,,0,0,0.237957798,0,0,0,0,0,0,0
26,68,26068,0,0,0,0,0.93556129,6.64455451,0.000188987,0.056673582,3.569215383,,,,0,0,0.211694898,0,0,0,0,0,0,0
26,69,26069,0.009377156,0.000769178,0.166716554,0.034370389,4.358449436,528.0907712,0.000880421,0.26402219,1.443206774,,38.386232,,0,0,0.986211718,0,0,0,0,0,0,0
26,70,26070,0.01214768,0.000996435,0.894447545,0.184399867,8.911748855,26.91799197,0.001800203,0.539847824,20.44231634,,,,0,0,2.016513276,0,0,0,0,0,0,0
26,71,26071,0.022910098,0.001879241,0.481625601,0.099292236,14.12275489,326.0291772,0.002852844,0.855515413,66.36694839,,,,0,0,3.195637939,0,0,0,0,0,0.051875401,0
26,72,26072,0.006180399,0.000506958,0.156131376,0.032188143,9.357019754,216.0103659,0.00189015,0.56682104,70.34991728,,,,0,0,2.117267314,0,0,0,0,0,0,0
27,1,27001,0.051787478,0.004247958,0,0.228590368,89.71819453,3353.375107,0.007490545,2.246276586,28.32054257,35.68150611,,,0,0.071637464,8.390598892,0,0,7.5,10.1987,1.0034,0.259650808,192.7051665
27,2,27002,0.323085663,0.026501664,0,1.579946792,373.4482617,7923.993258,0.031179084,9.350033076,29.51491791,5411.516686,,,0,0.270591388,34.92551971,0,0,0,0,0,19.84232774,234.5914913
27,3,27003,0.046459548,0.003810925,0,0.339339401,162.5173229,5188.066449,0.013568523,4.068950108,15.48779672,,852.9087463,,0,0.112871158,15.1988978,0,0,0,0,0,0.015578251,7.170152781
27,4,27004,1.321752823,0.108419075,0,8.206339656,979.6175039,4066.294655,0.081787973,24.52670692,8.638631169,,,,40.7368945,0.772972339,91.61550325,46.64556,54.737,0,0,0,180.9177832,27.65129066
27,5,27005,0.145665601,0.011948474,0,0.903450237,303.5952055,9003.275332,0.025347073,7.601120434,13.06371595,22.00359544,,,0,0.215004261,28.3927425,0,0,0,0,0,5.937765242,16.59779249
27,6,27006,0.053598974,0.004396549,0,0.301695641,196.198876,5610.039014,0.016380586,4.912235959,7.965152598,666.7155494,,,0,0.141421302,18.34885421,0,0,0,0,0,0.949964596,12.1646964
27,7,27007,0.046885782,0.003845888,0,0.278236486,44.94164175,736.2419165,0.003752164,1.125204961,8.648347022,14.86729421,,,0,0.036759055,4.203019147,0,0,0,1.2508,0.1231,0.412668809,78.66113777
27,8,27008,0.174969214,0.014352154,0,0.533013818,280.1678898,9793.591274,0.023391134,7.014570169,37.45026149,1839.850786,314.7734973,,0,0.195262887,26.2017799,0,0,0,17.3609,1.708,18.81346494,122.7347686
27,9,27009,0.0136395,0.001118804,0,0.105293415,58.05174803,1722.312546,0.004846723,1.453443006,2.433796627,,,,0,0.044189766,5.429098693,0,0,0,0,0,18.39489004,5.977076788
27,10,27010,0.039000446,0.003199079,0,0.184945429,129.2748725,3726.113777,0.010793121,3.236658079,2.876305105,,,,0,0.087077131,12.09000702,0,0,0,0,0,0.019153587,0.748596701
27,11,27011,0.007885336,0.000646808,0,0.105293415,49.69518281,2355.599257,0.004149036,1.244219483,4.425084777,,,,0,0.035888986,4.647578432,0,0,0,0,0,2.848976259,23.14801363
27,12,27012,0.223240258,0.018311671,0,0.595753417,253.1528675,7309.738702,0.021135657,6.338194408,10.85117356,,131.7022,,0,0.178553244,23.67528884,0,0,0,6.177,0.6077,9.072968974,7.754993954
27,13,27013,0.035590571,0.002919379,0,0.313152437,153.3353129,2242.915074,0.01280192,3.839059902,1.99128815,,,,0,0.107472408,14.34018053,0,0,0,0,0,0.473425598,4.678729384
27,14,27014,0.046459548,0.003810925,0,0.540651682,141.7314307,2716.790299,0.011833115,3.548533225,1.548779672,,,,0,0.09966881,13.25496563,0,0,329.3,0,0,4.234423969,1.813007636
27,15,27015,0.026319973,0.002158942,0,0.140754928,75.40310899,3579.129927,0.006295383,1.887869446,3.76132206,,,,0,0.049901957,7.051827626,0,0,0,5.0416,0.496,57.09348422,9.930603118
27,16,27016,0.055090794,0.004518918,0,0.319153616,87.47502692,1786.34965,0.007303264,2.190114345,7.080135643,,,,0,0.063147538,8.180814024,0,0,0,3.5792,0.3521,68.96815964,76.48552861
27,17,27017,0.075443486,0.006188383,0,0.382438778,93.61395375,2779.891566,0.007815801,2.343814803,15.94002105,1204.9116,346.780166,,0,0.075215013,8.754936953,0,0,0,7.8877,0.776,2.465314122,30.3649537
28,1,28001,0,0,0,0.040371569,38.08116821,90.6727623,0.001617469,0.485049158,62.83620383,,,,0,0.175005493,1.811821819,0,0,0,0,0,0,219.1629671
28,2,28002,0,0,0,0.150029478,90.73173708,628.9399823,0.003853762,1.155672338,116.2167705,,8.5203972,,0,0.42584279,4.316825051,0,0,0,0,0,33.93495572,139.2802253
28,3,28003,0.899141432,0.07375364,0,0.754511883,603.1464233,1419.103855,0.025618191,7.682423587,111.3871318,0.991152948,,,0,2.44327374,28.69643714,0,0,13.6,14.6621,1.4425,18.21103646,491.6404894
28,4,28004,0.007991895,0.000655549,0,0.031642581,27.63669776,430.1502979,0.001173848,0.352015382,19.04729625,1044.014438,34.64607664,,0,0.135652716,1.314895902,0,0,0,0,0,12.00599091,40.09044796
28,5,28005,0.009696832,0.0007954,0,0.012002358,15.42583384,51.41598672,0.000655201,0.19648262,17.47908487,,,,0,0.079937161,0.733928701,0,0,0,0,0,0,40.96290715
28,6,28006,0.001704938,0.00013985,0,0.00327337,24.06711097,521.7678443,0.001022232,0.306548682,1.99128815,,157.0890395,,0,0.094657797,1.145062476,0,0,0,0,0,0,62.79499528
28,7,28007,0.094197799,0.007726738,0,0.085653193,60.32835864,9.471214093,0.002562402,0.768417067,69.69508524,,,35.71821037,0,0.296641348,2.870296307,0,0,0,11.0391,1.0861,11.86086063,74.7985221
28,8,28008,0,0,0,0.011456796,13.36504147,223.4797198,0.00056767,0.170233804,56.88177109,,25.61901846,,0,0.061756295,0.635880538,0,0,0,5.0576,0.4976,0,193.7055983
28,9,28009,0.733975608,0.060205626,0,1.926924057,660.2531211,221.3116896,0.028043755,8.409805572,0,,,,0,3.142709232,31.4134536,0,0,0,0,0,48.99310651,0
28,10,28010,0.000319676,2.62E-05,0,0.00927455,7.470372364,22.53840391,0.000317298,0.095151961,13.27525433,,,,0,0.039587369,0.355424591,0,0,0,0,0,0.05259178,20.54486365
28,11,28011,0.023762567,0.001949166,0,0.05019168,27.78389722,368.61886,0.0011801,0.353890298,22.13513974,1757.64456,,,0,0.133365446,1.321899342,0,0,0,0,0,0,79.96644305
28,12,28012,0.076509072,0.00627579,0,0.233500424,132.5731823,898.4475417,0.005630946,1.688617064,161.275301,1437.171774,,,0,0.611932746,6.307552934,0,0,0,17.045,1.677,0.343724845,877.9253328
28,13,28013,0.021951071,0.001800575,0,0.010365673,48.47211159,631.0023901,0.002058816,0.617401147,49.87845337,,20.43621916,,0,0.211719112,2.306201031,0,0,0,1.1428,0.1124,0,167.7545186
28,14,28014,0.002131172,0.000174813,0,0.049646118,12.43835399,1.741153551,0.00052831,0.158430358,9.744902363,,,,0,0.067210555,0.591790699,0,0,0,0,0,0,2.44128781
28,15,28015,0.061910544,0.00507832,0,0.106930101,48.68956533,8.863872642,0.002068053,0.620170908,66.37627165,,,,0,0.248491379,2.316547022,0,0,0,4.1579,0.4091,0,71.82141917
28,16,28016,0.063082689,0.005174467,0,0.082925384,77.3901137,822.2765141,0.003287087,0.985736816,48.56064379,,,,0,0.364731622,3.682058696,0,0,0,10.6015,1.043,0,163.5916473
28,17,28017,0.038467653,0.003155376,0,0.066558532,48.71967431,975.729686,0.002069332,0.620554414,1.34695714,,9.83877734,,0,0.201514368,2.317979544,0,0,0,0,0,0,36.78735385
28,18,28018,0.010975535,0.000900287,0,0.055647297,27.19509939,56.30299577,0.001155091,0.346390636,29.42681377,,,,0,0.124685549,1.293885581,0,0,0,0,0,0,75.98429047
28,19,28019,0.009696832,0.0007954,0,0.054010612,57.60516871,827.5734662,0.002446736,0.73373113,45.14558058,,3.91481986,,0,0.283504207,2.740732663,0,0,0,9.7261,0.9569,4.608825687,96.96129376
28,20,28020,0.000213117,1.75E-05,0,0.001636685,7.94207971,122.2479557,0.000337334,0.101160213,10.17769499,,,,0,0.040643032,0.377867434,0,0,0,0,0,0,23.39197593
28,21,28021,0.224518961,0.018416558,0,1.000560227,366.7775522,862.5244571,0.015578601,4.671735436,103.8742035,4499.503998,,,0,1.824948367,17.45050383,0,0,0,13.7868,1.3564,59.94615524,446.4110989
28,22,28022,6.522451652,0.535015444,0,3.950958103,1624.724026,196.2536027,0.069008931,20.6945075,305.5618197,,,58.76391815,0,7.045906477,77.30094895,10.11933,10.833,0,10.7717,1.0598,125.1106103,924.5659145
28,23,28023,0.001704938,0.00013985,0,0.010365673,15.37565221,13.86348444,0.000653069,0.195843445,64.60623774,,,,0,0.076828819,0.731541165,0,0,0,0,0,0,355.1407958
28,24,28024,0.016410024,0.001346061,0,0.068740779,21.70188335,3.157935116,0.000921771,0.276422199,14.60277976,,,,0,0.11090328,1.032529925,0,0,0,0,0,0.005795829,9.855193544
28,25,28025,0.03111511,0.002552271,0,0.346431703,77.58080391,12.39774452,0.003295186,0.988165684,34.07315278,,,30.40348606,0,0.382912488,3.691131335,0,0,0,0,0,69.94624557,34.03852718
28,26,28026,0.001598379,0.00013111,0,0.004910056,11.88301059,283.8359985,0.000504722,0.151356814,1.770033911,,498.6527141,,0,0.049674817,0.565368629,0,0,0,0,0,0,28.69305803
28,27,28027,2.311469061,0.189602271,0,3.045325619,1269.213923,62.74175133,0.053908907,16.16628832,9.081139646,,,278.0305095,0,5.205357754,60.38652663,47.44818,28.587,0,6.3706,0.6268,48.70196112,6.632693635
28,28,28028,0.002450848,0.000201035,0,0.013093482,9.842290862,142.2913196,0.000418044,0.125363667,11.72647466,678.6093848,30.4261986,,0,0.046214587,0.46827548,0,0,0,0,0,0,25.00385998
28,29,28029,0.009164039,0.000751696,0,0.056192859,40.29919637,784.4372711,0.001711678,0.513300726,27.88774995,1998.164342,78.74523132,,0,0.202218143,1.91735093,0,0,0,0,0,0,86.86228849
28,30,28030,0.009377156,0.000769178,0,0.122751391,40.85788521,180.8518709,0.001735408,0.520416882,52.23543207,,,,0,0.190488553,1.943932169,0,0,0,0,0,0,116.093698
28,31,28031,0.001598379,0.00013111,0,0.006546741,5.13525373,92.39302829,0.000218116,0.065408983,0.885016955,,6.89695888,,0,0.028502905,0.244324562,0,0,0,0,0,0,7.58384473
28,32,28032,11.23095633,0.921238731,0,4.8293125,1927.285816,158.5730536,0.081860015,24.54831105,118.2274904,,,301.0153908,35.67801354,7.907562209,91.69620198,68.90481,13.928,0,11.8172,1.1626,76.44489295,573.9451789
28,33,28033,0.363045136,0.029779409,0,0.701592394,360.8460833,80.78004184,0.015326666,4.596184864,210.5090308,,,31.23601989,0,1.59704242,17.16829703,0,0,0,6.2004,0.61,8.918599836,1019.050538
28,34,28034,0.001811496,0.000148591,0,0.008728988,30.35654225,448.7320248,0.001289371,0.386658707,29.64806801,,,,0,0.149200394,1.444300377,0,0,0,0,0,0,137.9530525
28,35,28035,0.086632138,0.007106152,0,0.282055418,195.2333141,133.6935746,0.008292388,2.486734497,335.0751672,,,,0,0.87203642,9.288790101,0,0,0,0,0,0.155628735,1280.103531
28,36,28036,0,0,0,0,3.532786931,59.73100987,0.000150052,0.044997972,0.221254239,,1.70407944,,0,0.014486044,0.168082565,0,0,0,0,0,0,0
28,37,28037,0.014705086,0.00120621,0,0.133662626,74.31899779,286.9707951,0.003156644,0.946619261,140.4964417,,,,0,0.346374813,3.535941466,0,0,0,0,0,0,123.5977095
28,38,28038,0.659278033,0.054078428,0,4.459421642,1026.993873,143.3501603,0.043620792,13.08107228,2.001004003,,,,0,4.902734315,48.86220658,234.11115,209.491,45.5,5.3007,0.5215,50.17813884,0
28,39,28039,0.022696981,0.001861759,0,0.11293128,82.7528575,1269.398496,0.003514865,1.054043396,15.9303052,,295.9665126,,0,0.338574635,3.937206757,0,0,0,0,0,0.019051104,116.1989588
28,40,28040,0.385742117,0.031641168,0,0.413535797,214.9245867,47.88913349,0.00912876,2.737547055,173.0305306,,,,0,0.961239957,10.2256594,0,0,0,0,0,1.465969022,382.8819418
28,41,28041,0.858968841,0.070458414,0,2.41138288,1032.323163,869.3457928,0.04384715,13.14895274,29.42681377,,406.6212222,,35.67801354,4.399124339,49.11576295,15.91902,17.304,0,11.647,1.1459,78.22057708,86.81156043
28,42,28042,0.001065586,8.74E-05,0,0.005455617,20.88559546,264.6504842,0.0008871,0.26602494,27.43552562,,,,0,0.106446035,0.993692666,0,0,0,10.0179,0.9856,0,60.29537021
28,43,28043,0.110501264,0.009064058,0,0.126570323,72.53253167,457.9332912,0.003080765,0.923864605,25.24280753,2643.074527,,,0,0.356227669,3.450945169,0,0,0,11.2823,1.11,0.151281864,122.9766078
29,1,29001,0,0.000865325,0.001188936,0.019094661,1.681161065,104.2970354,0.001133067,0.33978582,0.885016955,,,,0,0,1.269214371,0,0,0,0,0,0.056297509,4.204090996
29,2,29002,0,0.006555491,0.005604982,0.090017687,2.615771925,94.79525503,0.001762974,0.528683555,0.442508478,,,,0,0,1.974810973,0,0,0,0,0,1.048535515,5.453955887
29,3,29003,0,7.87E-05,0.000645422,0.010365673,1.145230362,109.0755822,0.000771861,0.231466839,17.79658874,,,,0,0,0.864606529,0,0,0,1.5876,0.1562,3.956625579,30.35386163
29,4,29004,0,0.001896722,0.001053057,0.016912414,3.162454975,727.0856263,0.002131427,0.639175733,30.31183072,,8.722,,0,0,2.387536439,0,0,0,0,0,0,39.54659085
29,5,29005,0,0.022961699,0.060296023,0.968372084,16.0397608,103.1035672,0.010810456,3.241856708,7.186101131,,,,0,0,12.10942565,0,0,0,1.4742,0.145,1.178676068,22.19457048
29,6,29006,0,0.018547668,0.016747008,0.268961937,9.048205345,157.2517897,0.006098297,1.828766997,44.47210201,,25.13251776,,0,0,6.83106009,0,0,0,5.4657,0.5377,1.364840274,79.17434176
29,7,29007,0,0.003216561,0.006182465,0.099292236,3.131462917,396.8369622,0.002110539,0.632911811,3.097559344,,,,0,0,2.364138582,0,0,0,1.6329,0.1607,0,5.675793378
29,8,29008,0,0.001625762,0.002751537,0.044190501,2.872141609,471.3532509,0.001935762,0.580499401,26.10800018,,,,0,0,2.168360594,0,0,0,3.2205,0.3168,0,47.27843903
29,9,29009,0,0.000227257,6.79E-05,0.001091123,0.931659236,120.2247216,0.000627918,0.188301171,3.540067821,,3.4888,,0,0,0.703368235,0,0,0,0,0,0.227690161,7.374743922
29,10,29010,0,0.034490621,0.031048205,0.498643428,13.86462427,360.8637825,0.009344461,2.802231639,2.212542388,,55.69983832,,0,0,10.46727809,0,0,0,0.4536,0.0446,0.684231257,20.32247848
29,11,29011,0,0.00013985,0.000475574,0.007637864,0.829195695,52.94987225,0.00055886,0.167591877,20.79789845,,,,0,0,0.626012054,0,0,0,3.9235,0.386,0,25.58165023
29,12,29012,0,0.000760437,0.000305726,0.004910056,1.790792837,406.0276631,0.001206956,0.361943912,19.92259735,,46.0249972,,0,0,1.351982301,0,0,0,3.8555,0.3793,2.069877462,35.25592913
29,13,29013,0,0.051325121,0.023880622,0.383529901,17.50060417,2182.943801,0.011795033,3.537113286,67.48254285,,176.9477243,,0,0,13.21230832,0,0,0,8.5728,0.8434,4.919884816,128.3681581
29,14,29014,0,0.002097757,0.002649628,0.042553816,2.588363982,204.8485957,0.001744502,0.523144032,42.7020681,,20.7311972,,0,0,1.954118991,0,0,0,1.6783,0.1651,0.030951439,54.76139636
29,15,29015,0,0.017472568,0.006759948,0.108566786,7.023180009,454.5827142,0.004733473,1.419481469,18.8066103,,5.2332,,0,0,5.302240924,0,0,0,1.7236,0.1696,0,30.39173633
29,16,29016,0,0.001669465,0.000883209,0.014184605,1.374824593,218.3976427,0.000926602,0.277870997,10.17769499,,55.839664,,0,0,1.037941675,0,0,0,1.1113,0.1093,0,8.061899079
29,17,29017,0,0.002045313,0.002241993,0.036007075,1.821784896,779.0283041,0.001227844,0.368207834,0.442508478,,7.82963972,,0,0,1.375380158,0,0,0,0,0,0,2.69451392
29,18,29018,0,0.018407818,0.003396959,0.054556174,7.188049329,1056.39295,0.004844592,1.45280383,0.442508478,,50.07321688,,0,0,5.426711157,0,0,0,0.9072,0.0893,0.078798654,10.38307673
29,19,29019,0,0.010436341,0.004789712,0.076924205,3.648840551,123.3877223,0.002459241,0.737480961,3.76132206,,,,0,0,2.754739543,0,0,0,0,0,0,10.99989317
29,20,29020,0,0.000786659,0.000917179,0.014730167,1.629929294,93.53914044,0.001098538,0.329431173,18.8066103,,,,0,0,1.230536281,0,0,0,0.3629,0.0357,0,26.13894929
29,21,29021,0,0.005375502,0.005469104,0.08783544,3.377291083,147.897918,0.002276222,0.682597072,18.8066103,,70.03537348,,0,0,2.549729748,0,0,0,2.8122,0.2767,0,42.90120657
29,22,29022,0,0.001372283,0.000577483,0.00927455,1.129628917,55.64147905,0.000761346,0.228313572,0.663762717,,54.2604965,,0,0,0.852828016,0,0,0,0.3402,0.0335,0.786245379,3.397901088
29,23,29023,0,0.001818056,0.00495956,0.079652014,4.629201593,291.1883761,0.003119983,0.935625439,15.26654248,,,,0,0,3.494875839,0,0,0,0,0,0.901786974,23.19013386
29,24,29024,0,0.002604715,0.002241993,0.036007075,4.638899788,386.2098737,0.003126519,0.937585578,9.51393227,,,,0,0,3.502197618,0,0,0,0,0,0.015045409,14.33827688
29,25,29025,0,0.019028404,0.010598512,0.170215262,14.73408856,1381.663928,0.009930461,2.977962354,4.425084777,,,,0,0,11.12369144,0,0,0,0,0,0.495209188,10.43718344
29,26,29026,0,0.003312708,0.005299256,0.085107631,3.475959679,187.6384091,0.002342723,0.702539355,0.442508478,,4.361,,0,0,2.624220885,0,0,0,1.4288,0.1406,0,10.81593037
29,27,29027,0,0.00160828,0.002038175,0.032733704,2.229952418,237.7277942,0.00150294,0.450704116,1.548779672,,1.7444,,0,0,1.683531528,0,0,0,0.0907,0.0089,0,4.068824233
29,28,29028,0,0.015042666,0.00251375,0.040371569,4.327714219,310.2068558,0.002916787,0.874690685,0.67347857,,66.04527664,,0,0,3.267264032,0,0,0,0.8618,0.0848,0,20.43610256
29,29,29029,0,0.000410811,0.000917179,0.014730167,1.915604394,60.04901412,0.001291076,0.387170048,1.548779672,,,,0,0,1.446210406,0,0,0,0,0,0,4.474624522
29,30,29030,0,0.000515699,0.000917179,0.014730167,2.839252077,668.6664442,0.001913595,0.573851974,17.25783063,,,,0,0,2.143530215,0,0,0,0,0,0,42.16535538
29,31,29031,0,0.060642659,0.005197347,0.083470946,5.593117869,194.8076422,0.003769642,1.130446202,15.72848267,,38.29615888,,0,0,4.222596946,0,0,0,3.9009,0.3838,0.358520831,42.60361969
29,32,29032,0,0.001634502,0.001222905,0.019640223,2.471563978,87.42706313,0.001665781,0.499537142,7.301389882,,,,0,0,1.865939312,0,0,0,0,0,0,12.10366996
29,33,29033,0,0.021300974,0.073238437,1.176231106,18.70381288,202.4448799,0.01260597,3.780298346,5.088847493,,,,24.49915116,1.515634176,14.12068635,0,0,0,0,0,4.365891875,11.5084962
29,34,29034,0,0.012743874,0.005401165,0.086744316,8.016401702,1123.301337,0.005402883,1.620225261,69.04103837,,114.856855,,0,0,6.052086535,0,0,0,5.5111,0.5422,0.573726408,169.2998807
29,35,29035,0,0.000524439,0.000101909,0.001636685,1.097793537,67.17651839,0.000739889,0.221879203,0.663762717,,4.34083972,,0,0,0.828793483,0,0,0,0,0,0,5.389027841
29,36,29036,0,0.004597584,0.006284374,0.100928921,4.464121443,104.1502273,0.003008722,0.902260465,0.442508478,,,,0,0,3.370246437,0,0,0,0,0,0.372002538,1.385131654
29,37,29037,0,0.000996435,0.000781301,0.01254792,1.769498974,591.6613913,0.001192605,0.357640129,5.762326064,,69.26203046,,0,0,1.335906222,0,0,0,0,0,0,23.20636587
29,38,29038,0,0.009317537,0.002174054,0.034915951,3.005808039,98.48530405,0.00202585,0.607515229,5.310101732,,,,0,0,2.269273801,0,0,0,2.1319,0.2097,0.023213579,17.26003897
29,39,29039,0,0.012918687,0.002377871,0.038189322,4.469603032,468.7093253,0.003012417,0.90336837,6.637627165,,,,0,0,3.374384834,0,0,0,1.6556,0.1629,0,16.21036889
29,40,29040,0,8.74E-05,0.000917179,0.014730167,1.898527137,287.1239419,0.001279567,0.383718499,11.72647466,,12.17047944,,0,0,1.433317709,0,0,0,0,0,4.043031678,53.85781438
29,41,29041,0,0.032882341,0.009341637,0.150029478,5.354247104,490.5530422,0.003608648,1.082167128,1.548779672,,9.06737874,,0,0,4.04225836,0,0,0,0.6577,0.0647,0.125899266,12.36338214
29,42,29042,0,0.005934904,0.003193141,0.051282803,2.261155307,89.70275726,0.00152397,0.457010649,1.337241287,,,,0,0,1.707088554,0,0,0,0.2948,0.029,0,3.803701377
29,43,29043,0,0.007193558,0.006080557,0.097655551,6.596037757,151.3989651,0.004445589,1.333150133,5.973864449,,,,0,0,4.979764335,0,0,0,0,0,0.635794136,13.64030039
29,44,29044,0,0.008128808,0.014844711,0.238410479,7.718287613,263.7087236,0.005201961,1.559972295,9.51393227,,,,0,0,5.827021433,0,0,0,0,0,0,8.927606362
29,45,29045,0,0.000471995,0.000237787,0.003818932,1.139327112,0,0.000767882,0.230273711,9.167673427,,,,0,0,0.860149794,0,0,0,2.6081,0.2566,0,19.63532333
29,46,29046,0,0.002255089,0.000509544,0.008183426,0.84564046,0,0.000569944,0.170915591,0.009715854,,,,0,0,0.638427244,0,0,0,0,0,0,1.487934394
29,47,29047,0,0.000323404,0.000475574,0.007637864,0.557435397,0,0.0003757,0.112665376,2.876305105,,8.722,,0,0,0.42084309,0,0,0,0,0,0,4.512499216
29,48,29048,0,0.014264748,0.002649628,0.042553816,3.321842706,0,0.002238851,0.67139019,0.221254239,,,,0,0,2.507868276,0,0,0,1.0433,0.1026,0.036162555,3.257223655
29,49,29049,0,0.000655549,0.000237787,0.003818932,0.943254904,0,0.000635734,0.190644815,3.76132206,,,,0,0,0.712122535,0,0,0,0,0,0,3.598095898
29,50,29050,0,0.001512133,0.00332902,0.05346505,2.17998563,0,0.001469264,0.440605139,0.221254239,,11.7242993,,0,0,1.645808452,0,0,0,0,0,0,4.458392511
29,51,29051,0,0.000393329,0.000713361,0.011456796,0.6227928,0,0.000419749,0.125875008,1.548779672,,,,0,0,0.470185509,0,0,0,0,0,0.06706145,1.639433168
29,52,29052,0,0.0010751,0.000611453,0.009820111,1.112762491,0,0.000749978,0.224904635,10.8414577,,5.2332,,0,0,0.840094488,0,0,0,0,0,0,6.682178095
29,53,29053,0,0.015331107,0.000679392,0.010911235,1.490992106,0,0.001004897,0.301350052,0.885016955,,,,0,0,1.125643846,0,0,0,0,0,0,1.639433168
29,54,29054,0,0.001407245,0.000747331,0.012002358,1.034544438,0,0.000697261,0.209095688,0.221254239,,,,0,0,0.781042754,0,0,0,0,0,0,2.808138001
29,55,29055,0,0.000279701,0.000713361,0.011456796,0.530027454,0,0.000357227,0.107125853,1.770033911,,,,0,0,0.400151107,0,0,0,0,0,0,18.51531453
29,56,29056,0,0.000568143,0.000373665,0.006001179,1.298082352,0,0.00087488,0.262360333,1.99128815,,,,0,0,0.980004124,0,0,0,0,0,0,1.96948407
29,57,29057,0,0.000367107,0.000169848,0.002727809,0.793987029,0,0.00053513,0.160475721,2.433796627,,,,0,0,0.599430815,0,0,0,0,0,0,2.315766984
29,58,29058,0,0.001232432,0.00169848,0.027278087,1.481504741,0,0.000998503,0.299432525,0.663762717,,6.4910993,,0,0,1.118481237,0,0,0,0.635,0.0625,0,2.521372464
29,59,29059,0,0.026291888,0.000577483,0.00927455,1.160831806,0,0.000782376,0.234620106,0.221254239,,,,0,0,0.876385042,0,0,0,0,0,0,0.941456671
29,60,29060,0,0.013792752,0.001087027,0.017457976,0.973192811,0,0.000655911,0.196695679,1.106271194,,,,0,0,0.734724547,0,0,0,0.3855,0.0379,0,0.578941746
30,1,30001,0,0,0,0.004364494,13.82431586,518.0142365,0.001100811,0.33011296,1.106271194,,8.74283913,,0,0,1.233082986,0,0,0,2.3308,0.2293,0.3758142,1.457739587
30,2,30002,0.026213415,0.002150201,0,0.00927455,5.028646196,61.92393733,0.000400424,0.120079814,0.221254239,4.955764738,,,0,0,0.448538512,0,0,0,0,0,0,1.561863843
30,3,30003,0.109542237,0.008985393,0,0.732143852,145.1669156,2994.071345,0.01155944,3.466463061,25.23269908,864.2225972,7.66835748,,0,0,12.94840595,0,0,0,0,0,25.7171367,39.90215039
30,4,30004,0.008418129,0.000690512,0,0.050737242,64.42662962,1143.665697,0.005130203,1.538453379,24.33796627,1956.387246,,,0,0,5.74664104,0,0,0,0,0,0,70.77238925
30,5,30005,0.005860723,0.000480736,0,0.024004716,8.378102871,63.91777394,0.000667137,0.200062005,1.770033911,646.7438175,,,0,0,0.747298905,0,0,0,0,0,0,10.02369507
30,6,30006,0.00458202,0.000375848,0,0.019640223,35.15948048,1212.556574,0.002799701,0.839578632,2.212542388,,1.7444,,0,0,3.136108697,0,0,0,8.5898,0.8451,0,17.23256441
30,7,30007,0.001704938,0.00013985,0,0.015275729,10.13937817,406.9260174,0.000807385,0.242119768,2.183787418,960.7575905,,,0,0,0.904398803,0,0,0,5.0282,0.4947,0,17.26640479
30,8,30008,0.000852469,6.99E-05,0,0.005455617,16.94357545,777.2215742,0.001349193,0.404598239,0,,3.961984698,,0,0,1.511310566,0,0,0,0,0,0,7.694782535
30,9,30009,0.023656008,0.001940425,0,0.130389255,44.54581086,1057.636489,0.003547121,1.063716256,1.548779672,49.55764738,117.5814814,,0,0,3.973338142,0,0,0,0,0,0,34.01552027
30,10,30010,0.139591761,0.011450257,0,0.173488633,108.0784193,4289.574683,0.008606134,2.580821165,13.28497018,1.651921579,,,0,0,9.640235464,0,0,0,0,0,0,33.15798761
30,11,30011,0.036762716,0.003015526,0,0.532468256,86.36137733,368.075212,0.006876836,2.062236586,5.319817586,43.61072969,4.2601986,,0,0,7.703147567,0,0,0,10.0301,0.9868,13.04075273,3.191408453
30,12,30012,0.005647606,0.000463255,0,0.018003537,12.91601887,39.09696147,0.001028485,0.308423597,7.080135643,1268.880611,,,0,0,1.152065916,0,0,0,0,0,0,17.51699717
30,13,30013,0.04784481,0.003924554,0,0.32351811,47.7560786,730.7484707,0.00380275,1.140374732,7.522644121,,,,0,0,4.259683345,0,0,0,0,0,0.262841769,4.097289482
30,14,30014,0.196280934,0.016100285,0,0.162031836,69.06269165,1335.946141,0.005499366,1.649158616,5.339518161,710.6566634,1.70407944,,0,0,6.160162351,0,0,0,5.4472,0.5359,0.54361961,17.21173955
30,15,30015,0.023442891,0.001922944,0,0.157667342,59.99042861,1439.03081,0.004776954,1.432520654,6.849558141,2147.498053,,,0,0.023681784,5.350946667,0,0,0,0,0,0,38.00188271
30,16,30016,0.114763608,0.009413685,0,0.469728656,47.8435178,198.9840171,0.003809713,1.142462706,2.097253637,762.527001,,,0,0.071045352,4.267482631,0,0,0,5.1853,0.5102,5.350741894,12.13221125
30,17,30017,0.002770523,0.000227257,0,0.012002358,6.308113663,264.5225835,0.000502306,0.150632415,1.106271194,,12.35457594,,0,0,0.562662754,0,0,0,1.6237,0.1597,0,7.878908928
30,18,30018,0.00074591,6.12E-05,0,0,2.803407798,157.4879433,0.000223231,0.066943005,0.221254239,,,,0,0,0.25005465,0,0,0,0,0,0,1.797878824
30,19,30019,0.000319676,2.62E-05,0,0.007092303,8.238913942,425.6579239,0.000656053,0.196738291,0,,,,0,0,0.734883716,0,0,0,0,0,0,4.925077319
30,20,30020,0.004155785,0.000340886,0,0.024550278,17.56457222,867.5300771,0.001398642,0.419427116,0,,7.66835748,,0,0,1.566701411,0,0,0,0,0,0,3.833508033
30,21,30021,0.122648944,0.010060493,0,0.172397509,37.51320097,738.2763839,0.002987124,0.895783485,0,912.8518647,0.85203972,,0,0,3.346052735,0,0,0,2.0427,0.201,0,22.025751
30,22,30022,0.013959176,0.001145026,0,0.037098198,33.59806621,871.5844677,0.002675367,0.802293381,0.885016955,991.1529475,,,0,0,2.996835738,0,0,0,0,0,0,15.91365716
30,23,30023,0.031008551,0.00254353,0,0.038189322,76.44684281,3957.32569,0.006087356,1.825485895,2.443512481,28.87558921,9.8286972,,0,0,6.81880407,0,0,0,0,0,0.033477417,78.81338494
30,24,30024,0.00532793,0.000437033,0,0.00927455,24.99155074,1280.840793,0.001990042,0.596777076,0.67347857,761.8662323,1.70407944,,0,0,2.229163189,0,0,0,0,0,0,29.27120266
30,25,30025,0.021524836,0.001765612,0,0.014730167,46.43735272,2465.034642,0.003697742,1.108884674,4.867593255,,22.13903303,,0,0,4.142057384,0,0,0,0,0,0,21.87997704
30,26,30026,0.021951071,0.001800575,0,0.161486274,35.76263251,82.4502334,0.002847729,0.853981392,0,0.991152948,,,0,0.047363568,3.189907852,0,0,0,1.8332,0.1804,2.269504548,0.183952853
30,27,30027,0.004049227,0.000332145,0,0.014184605,30.77681368,2049.750624,0.002450715,0.734924258,0.230970093,,,,0,0,2.745189398,0,0,0,0,0,0.284161598,44.05497281
30,28,30028,0.159411659,0.013076019,0,4.593084268,260.1815832,120.7923228,0.020717898,6.212915964,1.106271194,,,,0,0,23.20733169,0,0,0,1.0475,0.1031,15.26363164,0.062474554
30,29,30029,0.001172145,9.61E-05,0,0.001636685,24.5097429,1459.511124,0.001951677,0.585271913,0,,3.83417874,,0,0,2.186187533,0,0,0,0,0,0,7.653132833
30,30,30030,0.061803986,0.005069579,0,0.384075463,69.50702554,222.1793086,0.005534748,1.659768933,0,,25.26753571,,0,0,6.199795456,0,0,0,1.2047,0.1185,0.106863438,0.80869839
30,31,30031,0.00074591,6.12E-05,0,0.004910056,24.61324236,1001.952356,0.001959918,0.587743393,0.981266589,939.9433786,,,0,0,2.19541934,0,0,0,0,0,0.349594604,18.98185191
30,32,30032,0.062763013,0.005148245,0,0.408625741,84.88918673,2796.887943,0.006759608,2.027081921,3.540067821,29.73458843,,,0,0,7.571833063,0,0,0,0,0,0.942157459,15.80606209
30,33,30033,0.007885336,0.000646808,0,0.045827186,41.62105886,1804.341806,0.003314227,0.993875654,16.16127529,,,,0,0,3.712459994,0,0,0,0,0,0,34.71502703
30,34,30034,0.029197055,0.002394939,0,0.200766719,45.15074736,736.539528,0.003595291,1.078161627,1.770033911,,,,0,0,4.027296465,0,0,0,0,0,0.000396443,2.007862741
30,35,30035,0.018008403,0.001477171,0,0.044736062,20.12350715,1094.209397,0.001602407,0.480532316,0.885016955,,,,0,0,1.794949895,0,0,0,0,0,0,0.933647497
30,36,30036,0.009377156,0.000769178,0,0.039826007,15.80865034,422.6266613,0.001258821,0.377497188,0.663762717,,6.81631776,,0,0,1.410079021,0,0,0,0,0,0,2.623931257
30,37,30037,0.011614887,0.000952731,0,0.020185784,13.77970402,849.8766345,0.001097259,0.329047668,0.663762717,,,,0,0,1.229103759,0,0,0,0,0,0,5.178446343
30,38,30038,0.364643515,0.029910519,0,0.52428483,147.1762327,1343.660171,0.011719439,3.514443853,1.212236682,988.3545924,10.6504965,,0,0,13.12763036,0,0,0,0.6809,0.067,1.227564007,45.40147298
30,39,30039,1.871914853,0.153547072,0,4.030064555,516.1999897,867.6639251,0.041104287,12.3264188,1.327525433,,,,0,1.586679528,46.04332189,0,0,52.2,4.8972,0.4818,53.01479284,6.976325167
30,40,30040,0.022590422,0.001853019,0,0.144028299,81.83773712,1349.172952,0.006516625,1.954215888,6.416372926,,,,0,0,7.299653909,0,0,0,0,0,0.29490961,20.52983252
30,41,30041,0.002450848,0.000201035,0,0.00327337,3.656386109,214.6155888,0.000291153,0.087311405,0,38.98534927,,,0,0,0.326137478,0,0,0,0,0,0,2.87730028
30,42,30042,0.004368902,0.000358367,0,0.019640223,9.910965569,437.2922911,0.000789196,0.236665468,0.221254239,,,,0,0,0.884025159,0,0,0,0,0,0,3.651290585
30,43,30043,0.007459102,0.000611846,0,0.01582129,30.6679608,1617.069119,0.002442047,0.732324944,5.964541185,234.5728643,,,0,0,2.735480083,0,0,0,0,0,0,33.73431536
30,44,30044,0.699450623,0.057373654,0,2.591963815,341.735589,1638.952218,0.02721193,8.160356589,2.001004003,1643.661971,2.55611916,,0,0.426272112,30.48167772,0,0,0,3.1426,0.3092,12.80369611,31.17827312
30,45,30045,0.076189396,0.006249568,0,0.48664107,98.12105739,685.5502682,0.007813243,2.343047792,38.39305725,6117.462069,,,0,0,8.752071909,0,0,0,10.0039,0.9842,0.056030624,70.60006361
30,46,30046,0.017688727,0.001450949,0,0.034370389,26.27637162,1574.849641,0.002092351,0.627457512,0.442508478,34.35996885,39.19382712,,0,0,2.343764938,0,0,0,0,0,0,15.8030772
30,47,30047,0.065533536,0.005375502,0,0.213314639,90.24082262,3368.955907,0.007185751,2.154874456,2.433796627,,,,0,0,8.049181181,0,0,0,0,0,0.153146038,21.42183031
30,48,30048,0.145665601,0.011948474,0,0.481185452,196.8399134,3029.273605,0.015674089,4.700370509,1.558495526,,,,0,0.35522676,17.55746547,61.5303,57.682,0,0.9952,0.0979,2.054456196,9.76511983
30,49,30049,0.030049524,0.002464864,0,0.027278087,33.48385991,1117.802093,0.002666273,0.799566231,24.34768213,52.86149054,,,0,0,2.986648916,0,0,0,0,0,0.873986511,24.41019647
30,50,30050,0.010868977,0.000891547,0,0.024550278,27.99303509,1665.32677,0.002229046,0.668449982,2.212542388,,,,0,0,2.496885608,0,0,0,0,0,0,12.74133815
30,51,30051,0.033139723,0.002718343,0,0.070923026,37.87723355,2125.14232,0.003016111,0.904476275,2.212542388,,,,0,0,3.37852323,0,0,0,0,0,0,14.21643178
30,52,30052,0.118066924,0.009684645,0,0.039280445,18.82084153,494.6616952,0.001498677,0.449425764,1.106271194,1288.498832,,,0,0,1.678756455,0,0,0,2.9331,0.2886,0,18.2043908
30,53,30053,0.090681365,0.007438297,0,0.182763182,39.2655539,379.7399861,0.003126661,0.937628189,2.7513005,917.8076294,8.09437734,,0,0,3.502356787,0,0,0,0,0,0,14.66763689
30,54,30054,0.015877231,0.001302357,0,0.080197575,19.91650823,297.4329031,0.001585924,0.475589357,20.19230713,1923.451233,,,0,0,1.77648628,0,0,0,3.2212,0.3169,0,24.97236333
30,55,30055,0.002770523,0.000227257,0,0.001091123,24.20638242,1279.749426,0.001927521,0.578027922,4.213546392,,,,0,0,2.159128786,0,0,0,0,0,0,14.19560693
30,56,30056,0.002557406,0.000209776,0,0.002182247,12.86783808,849.5724478,0.001024648,0.307273081,2.895736812,,,,0,0,1.147768351,0,0,0,0,0,0,6.181510011
30,57,30057,0.004688578,0.000384589,0,0.008728988,22.35945239,905.723828,0.001780452,0.533924796,0,,,,0,0,1.994388772,0,0,0,0,0,0,12.56259151
30,58,30058,0.008524688,0.000699252,0,0.082379822,98.74205416,5994.519344,0.007862692,2.357876669,10.8414577,,,,0,0,8.807462754,0,0,0,0,0,0,98.78268188
30,59,30059,0.04784481,0.003924554,0,0.051282803,25.37342806,777.5613849,0.002020451,0.605895984,2.895736812,,,,0,0,2.263225375,0,0,0,3.4045,0.3349,6.340772138,6.334225587
30,60,30060,0.025467504,0.002089016,0,0.044190501,26.08721744,1140.60324,0.002077289,0.62294067,5.75261021,,,,0,0,2.326893013,0,0,0,0,0,0,4.387101996
30,61,30061,0.054025208,0.004431512,0,0.402079001,120.364519,3252.133787,0.009584459,2.874202827,7.753614213,,3.40815888,,0,0,10.73611469,0,0,0,9.4016,0.925,0.149150701,84.15669469
30,62,30062,0.007672219,0.000629327,0,0.049646118,30.55910792,736.4616176,0.002433379,0.729725629,0.221254239,794.5742796,,,0,0,2.725770768,0,0,0,0,0,0.004537071,16.19826346
30,63,30063,0.010016508,0.000821621,0,0.024004716,26.4191295,1552.643172,0.002103719,0.630866449,11.50522042,,,,0,0,2.356498465,0,0,0,0,0,0,7.353775596
30,64,30064,0.001598379,0.00013111,0,0.002727809,6.154648946,386.6865322,0.000490086,0.146967807,0,,,,0,0,0.548974212,0,0,0,0,0,0,3.75888565
30,65,30065,0.04784481,0.003924554,0,0.176762003,92.81938676,1331.519717,0.007391079,2.216448385,4.203830538,166.3815415,391.2952923,,0,0,8.279180525,0,0,0,10.2396,1.0074,0.093868914,41.08455074
30,66,30066,0.013000149,0.00106636,0,0.068740779,46.20715564,2455.731202,0.003679412,1.103387763,11.30339789,,,,0,0,4.12152457,0,0,0,0,0,0,19.49900238
30,67,30067,0.006500074,0.00053318,0,0.02182247,30.07908456,1952.070009,0.002395156,0.718263078,0,,,,0,0,2.682954281,0,0,0,0,0,0,2.794000875
30,68,30068,0.123821088,0.01015664,0,0.459362983,99.37375776,682.5340493,0.007912994,2.372961216,0.67347857,412.9803948,,,0,0,8.863808614,0,0,0,1.5713,0.1546,1.572865939,12.98429475
30,69,30069,0.0303692,0.002491086,0,0.185490991,42.55433848,1057.627083,0.003388543,1.016161581,20.35538997,,,,0,0.023681784,3.795705431,0,0,0,0,0,0,37.30251479
30,70,30070,0.013319824,0.001092582,0,0.052373927,30.12548087,1522.819114,0.00239885,0.719370982,4.425084777,,51.5255888,,0,0,2.687092678,0,0,0,0,0,0,37.35718003
30,71,30071,0.098140467,0.008050143,0,0.462090792,91.33648932,2373.586166,0.007272998,2.181038049,2.433796627,346.9035316,,,0,0.189454272,8.146911006,0,0,0,0,0,0.97411155,37.71890769
30,72,30072,0.00607384,0.000498217,0,0.043099377,36.2676385,1564.203217,0.002887942,0.866040507,1.298770462,,87.40622518,,0,0,3.234952706,0,0,0,0,0,14.59557473,23.7333888
30,73,30073,0.051680919,0.004239217,0,0.134208187,68.43098805,2873.431224,0.005449064,1.634074068,13.17939729,2351.903525,,,0,0,6.103816491,0,0,0,0,0,0,77.02456493
30,74,30074,0.015664114,0.001284876,0,0.008183426,11.39921643,82.52301402,0.000907704,0.272203639,0,,,,0,0,1.016772185,0,0,0,0.7856,0.0773,0.39329393,0.312372769
30,75,30075,0.010229625,0.000839103,0,0.123296953,30.21827349,1044.532869,0.002406239,0.721586791,5.310101732,,,,0,0,2.695369471,0,0,0,0,0,0,2.438243
30,76,30076,0.000532793,4.37E-05,0,0.00327337,24.94515443,1573.218847,0.001986348,0.595669172,0,,3.40815888,,0,0,2.225024792,0,0,0,0,0,0,13.36261288
30,77,30077,0.041238177,0.003382633,0,0.327882604,67.14259822,1225.98334,0.005346472,1.60330841,44.26056362,99.11529475,,,0,0,5.988896404,0,0,0,6.1281,0.6029,0,48.95575447
30,78,30078,0.00831157,0.000681771,0,0.011456796,23.12320703,1455.125139,0.001841269,0.55216261,1.106271194,,,,0,0,2.062513145,0,0,0,0,0,0,14.60516234
30,79,30079,0.005860723,0.000480736,0,0.007637864,18.62633392,1014.967297,0.001483189,0.444781087,0,,2.55611916,,0,0,1.661407023,0,0,0,0,0,0,4.868676681
30,80,30080,0.033565958,0.002753306,0,0.039826007,35.0238605,1575.989628,0.002788901,0.836340141,0.442508478,,15.33671496,,0,0,3.124011846,0,0,0,0,0,0,27.06914818
30,81,30081,0.022910098,0.001879241,0,0.039826007,31.80288591,543.93352,0.00253242,0.759425995,0,99.11529475,4.68621846,,0,0,2.836711628,0,0,0,0,0,0,1.811762058
30,82,30082,0.021737954,0.001783093,0,0.054556174,26.07294165,490.9349241,0.002076152,0.622599776,0.221254239,,,,0,0,2.325619661,0,0,0,1.8332,0.1804,0,5.921199371
30,83,30083,0.008737805,0.000716734,0,0.019094661,89.6840669,5979.881659,0.007141418,2.141579601,9.071423793,,,,0,0,7.999520423,0,0,0,0,0,0,58.61848545
30,84,30084,0.002450848,0.000201035,0,0.006546741,9.802112688,143.4021579,0.000780529,0.234066154,16.69031755,1463.351427,,,0,0,0.874315844,0,0,0,0,0,0,17.42606198
30,85,30085,0.586818187,0.048134783,0,0.296785585,112.8750839,1837.698637,0.008988086,2.695361456,1.770033911,2008.075872,25.45773622,,0,0,10.06808199,0,0,0,2.0951,0.2061,10.31729148,34.22911383
30,86,30086,0.189993976,0.015584586,0,0.057829544,73.6238058,3119.914685,0.005862561,1.758074161,10.43781264,,7.68851776,,0,0,6.56699856,0,0,0,0,0,0,31.75435792
30,87,30087,0.67313065,0.055214713,0,5.52926821,752.5053181,1223.144854,0.059920952,17.96919001,1.779749764,167.5048481,,,0,0,67.12097108,0,0,0,4.2163,0.4148,39.63351221,10.22139232
30,88,30088,0.009696832,0.0007954,0,0.069831902,8.85277281,371.24816,0.000704934,0.211396721,0,15.85844716,,,0,0,0.789637885,0,0,0,0,0,0,11.32615068
30,89,30089,0.078427127,0.006433121,0,0.303332326,67.11226217,1574.99685,0.005344056,1.602584011,5.531355971,,,,0,0,5.986190529,0,0,0,3.2735,0.3221,27.47684025,17.93019692
30,90,30090,0.005754164,0.000471995,0,0.043644939,17.33080619,442.1607216,0.001380028,0.413844982,4.203830538,4.955764738,,,0,0,1.54585026,0,0,0,0,0,0,4.614439955
30,91,30091,0.015770672,0.001293617,0,0.089472125,41.376586,1657.82813,0.00329476,0.988037849,23.45294932,,,,0,0,3.690653827,0,0,0,7.647,0.7523,0,23.09128922
30,92,30092,0.063082689,0.005174467,0,0.184945429,61.95334941,2076.863773,0.004933259,1.479393541,0.981266589,9.911529475,0.86147172,,0,0,5.526032673,0,0,0,0,0,0.004140628,14.97483816
30,93,30093,0.033992192,0.002788269,0,0.024550278,24.57933737,385.9112854,0.001957218,0.58693377,0.230970093,250.5634651,,,0,0,2.192395127,0,0,0,1.8856,0.1855,0,7.994660393
30,94,30094,0.028238028,0.002316273,0,0.219315818,62.20139122,1793.737005,0.00495301,1.485316569,36.50694941,,,,0,0,5.548157177,0,0,0,13.0156,1.2805,0,46.93921471
30,95,30095,0.019926457,0.001634502,0,0.072014149,27.42021911,1196.228254,0.002183434,0.654771621,0.221254239,,,,0,0,2.445792328,0,0,0,0,0,0,20.50553686
30,96,30096,0.000852469,6.99E-05,0,0.001636685,2.574995196,65.37993649,0.000205043,0.061488706,0,,,,0,0,0.229681005,0,0,0,0,0,0,1.221724606
30,97,30097,0.131812983,0.010812189,0,0.210586831,32.53095108,82.14784054,0.002590394,0.776811575,1.096947931,726.8454949,,,0,0,2.901652619,0,0,0,0,0,0,9.89527515
30,98,30098,0,0,0,0.00327337,5.244567484,260.8172252,0.000417618,0.125235832,0,,8.5203972,,0,0,0.467797973,0,0,0,0,0,0,1.329319671
30,99,30099,0.037402067,0.00306797,0,0.039280445,26.38165556,660.6037472,0.002100735,0.629971603,0.760012351,,163.2810734,,0,0,2.353155914,0,0,0,6.5733,0.6467,0,8.0869839
30,100,30100,0.015131321,0.001241173,0,0.038734883,36.47999084,891.7382981,0.002904851,0.871111301,8.850169554,565.948333,,,0,0,3.253893828,0,0,0,4.452,0.438,0,21.34373712
30,101,30101,0.013746059,0.001127544,0,0.094382181,55.13487634,870.2084963,0.004390314,1.316574176,2.222258242,1493.337108,11.5226965,,0,0,4.917847557,0,0,0,0,0,1.324089564,24.63579902
30,102,30102,0.152805026,0.012534098,0,0.746874019,178.5972413,3073.563344,0.01422145,4.264750941,34.95816974,232.260174,,,0,0.923589576,15.9302798,0,0,0,0,0,0.425603683,128.6167803
30,103,30103,0.002131172,0.000174813,0,0.012002358,21.63852511,1415.141724,0.001723046,0.516709663,0,,,,0,0,1.930084457,0,0,0,0,0,0,5.77889622
30,104,30104,0.010762418,0.000882806,0,0.024004716,23.8173672,1310.216222,0.001896544,0.568738568,1.99128815,,16.18875468,,0,0,2.124429923,0,0,0,0,0,0,22.37630266
30,105,30105,0.064894185,0.005323058,0,0.197493349,73.26512664,759.5548212,0.005834,1.749509206,20.13413573,11.23306674,,,0,0,6.535005572,0,0,0,9.6897,0.9533,0,10.69529652
30,106,30106,0.018328078,0.001503393,0,0.006001179,7.278867223,244.5438526,0.000579606,0.173813188,0,,,,0,0,0.649250742,0,0,0,0,0,0,2.164916827
30,107,30107,0.000213117,1.75E-05,0,0.002182247,5.487255874,261.0843335,0.000436943,0.131031025,0,,,,0,0,0.48944497,0,0,0,0,0,9.351655668,2.547573469
30,108,30108,0.837657122,0.068710283,0,1.898554847,272.0287024,3659.850045,0.021661267,6.495815144,3.771037914,,,,0,0,24.26405532,0,0,0,0,0,3.254004891,56.70954075
30,109,30109,0.087164931,0.007149855,0,0.39880563,102.5875945,2738.000358,0.008168907,2.449704916,12.26523277,195.0985462,,,0,0,9.150472156,0,0,0,0,0,0,52.89234552
30,110,30110,0.000639352,5.24E-05,0,0.002182247,18.79942785,951.3507446,0.001496972,0.448914423,0,,25.13517174,,0,0,1.676846426,0,0,0,0,0,0,5.292983025
30,111,30111,0.014811645,0.001214951,0,0.086198755,27.74677775,742.6970665,0.002209437,0.662569565,1.548779672,,,,0,0,2.474920273,0,0,0,4.0068,0.3942,0,5.310337067
30,112,30112,0.06148431,0.005043357,0,0.086744316,33.94782301,568.1706908,0.002703218,0.810645277,0.885016955,428.9709957,57.08666124,,0,0,3.028032881,0,0,0,0,0,0.00114528,8.39588586
30,113,30113,0.003090199,0.000253479,0,0.010365673,8.201439999,486.4569366,0.000653069,0.195843445,0,16.84960011,,,0,0,0.731541165,0,0,0,0,0,0,4.21009076
30,114,30114,0.003836109,0.000314664,0,0.045827186,17.65379589,477.7766694,0.001405747,0.421557702,22.12542388,141.176522,,,0,0.023681784,1.574659866,0,0,0,0,0,0,11.12984175
30,115,30115,0.053172739,0.004361586,0,0.205676775,56.18414673,2314.263948,0.004473865,1.341629865,1.202520828,,13.93636671,,0,0,5.011438986,0,0,0,1.8332,0.1804,0,4.182324292
30,116,30116,0.028983938,0.002377458,0,0.124388076,24.53294106,644.2503851,0.001953524,0.585825866,2.212542388,,,,0,0,2.188256731,0,0,0,2.3831,0.2345,0.14003251,1.509801715
30,117,30117,0.010549301,0.000865325,0,0.05019168,37.60599359,1454.35878,0.002994513,0.897999294,10.49519886,4452.919809,1.27805958,,0,0,3.354329528,0,0,0,2.5665,0.2525,0,55.0227278
30,118,30118,0.69742601,0.057207582,0,2.416292935,209.604252,97.57536873,0.016690495,5.00517211,0.442508478,,7.838765424,,0,0.142090704,18.69600201,0,0,0,1.5713,0.1546,24.74740995,0
30,119,30119,0.008737805,0.000716734,0,0.092199934,10.0430166,90.67365267,0.000799711,0.239818735,7.955829335,807.7500061,,,0,0,0.895803672,0,0,0,0.7071,0.0696,0,11.90869118
30,120,30120,0.018328078,0.001503393,0,0.068740779,23.81022931,726.3205906,0.001895975,0.568568121,0.221254239,,,,0,0,2.123793247,0,0,0,0,0,0,1.492447673
30,121,30121,0.038574212,0.003164117,0,0.056738421,41.15709577,1361.087091,0.003277282,0.982796608,80.32500455,446.0188264,,,0,0,3.671076029,0,0,0,11.5752,1.1388,0,19.46255889
30,122,30122,0.025467504,0.002089016,0,0.059466229,27.25783202,1393.676125,0.002170503,0.650893955,1.327525433,,,,0,0,2.43130794,0,0,0,0,0,0,11.03022954
30,123,30123,0.264478435,0.021694304,0,0.452816242,159.7674774,1929.476022,0.012722062,3.815112118,175.8113713,3964.61179,,,0,0,14.2507275,0,0,0,11.261,1.1079,0.634837536,150.0638781
30,124,30124,0.133091686,0.010917077,0,0.496461181,261.9196603,9734.483093,0.020856298,6.254419775,61.72993264,,,,0,0,23.36236239,0,0,0,0,0,2.990326186,125.1504144
30,125,30125,0.080558298,0.006607935,0,0.160940713,48.5965656,1087.63323,0.003869677,1.16044485,13.60286665,3295.583551,,,0,0,4.33465199,0,0,0,4.3473,0.4277,0,43.70789195
30,126,30126,0.019819899,0.001625762,0,0.073105273,51.87464334,968.2960467,0.004130706,1.238722571,15.77654562,1143.790501,,,0,0.047363568,4.627045619,0,0,0,0,0,0,53.7237777
30,127,30127,0.004368902,0.000358367,0,0.020731346,35.7769083,1724.656163,0.002848865,0.854322285,0,,6.81631776,,0,0,3.191181204,0,0,0,0,0,0,7.885677005
30,128,30128,0.178592207,0.014649336,0,0.397168945,118.2374267,1833.571377,0.009415082,2.823409662,30.87973639,,112.0841056,,0,0,10.54638513,0,0,0,7.097,0.6982,5.201050557,68.98579056
30,129,30129,0.020672368,0.001695687,0,0.077469767,32.53987345,1429.200383,0.002591105,0.777024633,11.06271194,,,,0,0,2.902448464,0,0,0,0,0,0,19.35669923
30,130,30130,0.049230071,0.004038182,0,0.236773794,64.44982777,2952.790874,0.00513205,1.539007331,17.92159335,,,,0,0,5.748710238,0,0,0,0,0,0,62.35307544
30,131,30131,0.472374255,0.03874732,0,2.589781568,350.8292657,682.5848825,0.027936047,8.377505892,2.212542388,,,,0,0,31.29280343,1.09278,3.611,0,0,0,27.16458894,0
30,132,30132,0.024934711,0.002045313,0,0.024004716,28.48019634,1156.666434,0.002267838,0.68008298,0.442508478,,11.99929608,,0,0,2.540338771,0,0,0,4.871,0.4792,0,5.66088873
30,133,30133,0.226437016,0.01857389,0,0.226953683,98.00863557,582.0948788,0.007804291,2.340363254,8.850169554,119.268738,,,0,0,8.742044256,0,0,0,6.4161,0.6312,0,1.59310112
30,134,30134,0.003622992,0.000297182,0,0.054556174,36.31581928,1074.799557,0.002891778,0.867191023,17.91227008,1524.88881,1.27805958,,0,0,3.239250271,0,0,0,5.3162,0.523,7.516283995,52.98362778
30,135,30135,0.012787032,0.001048879,0,0.075833082,34.57952661,973.7127024,0.00275352,0.825729824,0,24.44843937,37.48974768,,0,0,3.084378741,0,0,0,0,0,0,3.189673049
30,136,30136,0.007459102,0.000611846,0,0.013093482,11.48665563,151.7529715,0.000914666,0.274291613,0,,,,0,0,1.024571471,0,0,0,2.0427,0.201,0,0.914558051
30,137,30137,0.001918055,0.000157332,0,0.000545562,9.48269194,472.4033794,0.000755094,0.226438657,0,,0.85203972,,0,0,0.845824576,0,0,0,0,0,0,3.061253133
30,138,30138,0.06446795,0.005288096,0,0.322972549,71.15944796,100.9736007,0.005666328,1.699227382,0,39.6461179,7.24233762,,0,0,6.347186039,0,0,0,1.1785,0.1159,0.204432487,0.61780392
30,139,30139,0.002770523,0.000227257,0,0.029460334,10.39455788,117.2725528,0.000827704,0.248213243,3.107275197,412.9803948,,,0,0,0.927159984,0,0,0,0,0,0,7.58718747
30,140,30140,0.000639352,5.24E-05,0,0.00327337,4.803802541,200.5149335,0.00038252,0.114710738,0,,17.0407944,,0,0,0.428483206,0,0,0,0,0,0,0.937118306
30,141,30141,0.206190883,0.016913166,0,0.677042116,274.8553084,11268.3192,0.021886346,6.563312102,6.849558141,198.2305895,0.85203972,,0,0,24.51617917,0,0,0,0,0,1.247958801,92.46233953
30,142,30142,0.020778926,0.001704428,0,0.080197575,54.47640563,2093.447982,0.00433788,1.300850453,24.78047475,,,,0,0,4.859114161,0,0,0,9.9254,0.9765,77.15902514,30.40254741
30,143,30143,0.027172442,0.002228867,0,0.162577398,100.7085439,4288.296492,0.008019281,2.40483478,5.829820727,247.7882369,,,0,0,8.982867098,0,0,13.3,0,0,0.012994524,35.21829426
30,144,30144,0.023016657,0.001887981,0,0.145664984,52.11019383,2165.004728,0.004149462,1.244347318,16.15155944,,,,0,0,4.648055939,0,0,0,8.1184,0.7987,0,17.42866509
30,145,30145,0.009909949,0.000812881,0,0.049100556,23.33734384,1076.906786,0.00185832,0.557276016,1.548779672,,,,0,0,2.081613437,0,0,0,0,0,4.020673861,7.236635808
30,146,30146,0.001385262,0.000113629,0,0.001636685,5.894115822,372.7268515,0.00046934,0.140746497,0,119.9295067,,,0,0,0.525735524,0,0,0,0,0,0,4.81647572
30,147,30147,0.040811942,0.003347671,0,0.014184605,37.95218144,2107.258869,0.003022079,0.906265967,0.221254239,,46.71626826,,0,0,3.385208332,0,0,0,0,0,0,5.04308481
30,148,30148,0.022590422,0.001853019,0,0.133662626,47.55800205,1493.25942,0.003786978,1.135644832,5.993296156,139.7525656,,,0,0,4.242015576,0,0,0,2.6974,0.2654,0,24.17418149
30,149,30149,0.006500074,0.00053318,0,0.068195217,52.80613848,3254.660858,0.004204879,1.260965887,1.115987048,,56.3905958,,0,0,4.710131887,0,0,0,0,0,0,60.07448963
30,150,30150,0.041025059,0.003365152,0,0.044190501,20.40723843,882.6147151,0.001625,0.487307579,5.088847493,,,,0,0,1.820257781,0,0,0,0,0,0,3.821360203
30,151,30151,0.005221371,0.000428292,0,0.085653193,41.99044487,1704.389625,0.003343641,1.002696279,10.717362,,,,0,0,3.745407996,0,0,0,0,0,0,23.96680068
30,152,30152,0.003090199,0.000253479,0,0.050737242,21.29055279,605.8774128,0.001695337,0.508400378,32.30311887,,,,0,0,1.899046484,0,0,0,5.3686,0.5282,0,7.580245853
30,153,30153,0.002237731,0.000183554,0,0.007092303,10.44630761,576.9402889,0.000831825,0.249448983,2.222258242,,,,0,0,0.931775888,0,0,0,0,0,0,3.329373093
30,154,30154,0.013319824,0.001092582,0,0.003818932,24.05470217,1221.289679,0.001915442,0.574405926,10.62991932,,,,0,0,2.145599413,0,0,0,0,0,0,9.754707404
30,155,30155,0.057115407,0.004684991,0,0.298967832,182.7907539,10272.79625,0.014555374,4.364888472,34.76606306,,,,0,0,16.30432717,0,0,0,0,0,0.862968511,55.06090669
30,156,30156,0.003196758,0.00026222,0,0.001091123,10.09476633,481.5220127,0.000803832,0.241054475,0,,8.10380934,,0,0,0.900419576,0,0,0,0,0,1.17988179,3.884702459
30,157,30157,0.011188653,0.000917769,0,0.037098198,31.7564896,1623.312946,0.002528725,0.75831809,8.859885407,,,,0,0,2.832573231,0,0,0,0,0,0.01321477,56.39369717
30,158,30158,0.023869125,0.001957907,0,0.764877556,42.19922826,1208.197676,0.003360266,1.00768185,19.02786454,3.389743081,,,0,0,3.764030781,0,0,0,0,0,0,40.45140584
30,159,30159,0.003196758,0.00026222,0,0.019640223,39.98112776,2002.737023,0.003183642,0.954715487,0.221254239,,,,0,0,3.566183594,0,0,0,0,0,0,7.972447218
30,160,30160,0.135329417,0.011100631,0,0.580477689,181.671889,9142.35501,0.01446628,4.338170927,178.5910342,,,,0,0,16.20452815,0,0,0,0,0,1.56705144,208.3630491
30,161,30161,0.049656306,0.004073145,0,0.148392793,57.23698607,2314.520507,0.004557702,1.366770777,35.84318669,528.6149054,,,0,0,5.105348752,0,0,0,0,0,0,19.11721344
30,162,30162,0.001278703,0.000104888,0,0.014184605,9.976991087,532.9494936,0.000794454,0.238242102,0,,,,0,0,0.889914415,0,0,0,0,0,0,11.42215324
30,163,30163,0.002557406,0.000209776,0,0.005455617,8.595808633,346.6095972,0.000684472,0.205260634,0,,,,0,0,0.766717535,0,0,0,0,0,0,3.887305566
30,164,30164,0.019606782,0.00160828,0,0.058920668,26.05152797,783.8153625,0.002074447,0.622088436,0.221254239,35.02073748,,,0,0,2.323709632,0,0,0,0,0,0,11.7868658
30,165,30165,0.002344289,0.000192294,0,0.006001179,13.8011177,740.9043634,0.001098964,0.329559008,0,10.24191379,0.85203972,,0,0,1.231013788,0,0,0,0,0,0,11.87710683
30,166,30166,0.007032867,0.000576883,0,0.002182247,14.97708571,582.7134909,0.001192605,0.357640129,0,223.0094132,,,0,0,1.335906222,0,0,0,0,0,0,6.832286613
30,167,30167,0,0,0,0.047463871,24.8934047,1452.590307,0.001982227,0.594433432,4.213546392,,,,0,0,2.220408888,0,0,0,0,0,0,6.926866145
30,168,30168,0.002344289,0.000192294,0,0.019094661,22.79664839,1093.584795,0.001815265,0.544364666,0,,,,0,0,2.033385201,0,0,0,0,0,0,12.68233441
30,169,30169,0.033992192,0.002788269,0,0.14130049,39.17097681,967.8134543,0.00311913,0.935369768,28.09928833,1586.505485,,,0,0,3.493920825,0,0,0,5.2115,0.5127,0,68.09379276
30,170,30170,0.000532793,4.37E-05,0,0.004910056,18.62990287,1160.550244,0.001483473,0.44486631,0,,1.70407944,,0,0,1.661725362,0,0,0,0,0,0,14.80299843
30,171,30171,0.002024613,0.000166072,0,0.00327337,8.715368354,420.3384782,0.000693993,0.208115619,0,,6.81631776,,0,0,0.777381865,0,0,0,0,0,0,3.911601226
30,172,30172,0.018008403,0.001477171,0,0.030005896,32.334659,1531.219547,0.002574764,0.772124286,10.85117356,,,,0,0,2.884144018,0,0,0,3.0117,0.2963,0,42.27097722
30,173,30173,0.117534131,0.009640942,0,0.190946608,84.41451679,4428.565357,0.006721811,2.015747205,8.792659612,3369.920022,9.79845678,,0,0,7.529494083,0,0,0,4.1639,0.4097,0,116.4039768
30,174,30174,0.102509369,0.008408509,0,0.559200781,146.8264759,2234.337349,0.011691588,3.506091957,81.40252078,4221.743296,,,0,0,13.09643321,0,0,0,13.2251,1.3011,2.319560835,105.5589844
30,175,30175,0.086099345,0.007062449,0,0.278782048,141.0233682,4563.45858,0.011229495,3.367518658,42.37524096,,,,0,0.378908544,12.57881531,0,0,0,0,0,0.058056888,75.73564547
30,176,30176,0.005541047,0.000454514,0,0.051828365,7.808855839,118.5047448,0.000621808,0.186468867,15.15125373,1198.875478,,,0,0,0.696523964,0,0,0,0,0,0,20.61313192
30,177,30177,0.002663965,0.000218516,0,0.00927455,17.85187244,741.7788463,0.00142152,0.426287603,0,,2.1395313,,0,0,1.592327636,0,0,0,0,0,2.261877091,4.619646168
30,178,30178,0.023762567,0.001949166,0,0.134208187,23.82807404,142.9719751,0.001897396,0.568994238,7.74389836,889.3813629,59.6427804,,0,0,2.125384938,0,0,0,0,0,0,15.65942043
30,179,30179,0.004795137,0.000393329,0,0.00327337,6.31168261,297.4375034,0.000502591,0.150717638,2.212542388,423.8830772,,,0,0,0.562981092,0,0,0,0,0,0,9.168036636
30,180,30180,0.003409875,0.000279701,0,0.011456796,19.12955544,1230.325345,0.00152326,0.456797591,0.442508478,,,,0,0,1.706292708,0,0,0,0,0,0,22.99757739
30,181,30181,0.029410172,0.002412421,0,0.167487453,61.22706871,1368.800966,0.004875426,1.462050573,40.71077995,149.7037412,,,0,0,5.461250851,0,0,0,7.8041,0.7678,0,27.86604582
30,182,30182,0.004901695,0.00040207,0,0.020731346,27.34348675,1256.116933,0.002177324,0.652939318,0.221254239,,,,0,0,2.438948057,0,0,0,0,0,0,2.573639241
30,183,30183,0.078853361,0.006468084,0,0.394441136,99.69496298,1817.045628,0.007938571,2.380631325,3.549783675,32.3049784,,,0,0,8.892459052,0,0,0,0,0,0.002026265,36.39385712
30,184,30184,0.001172145,9.61E-05,0,0.014730167,12.01664425,633.7533969,0.000956869,0.286947293,0,,,,0,0,1.071844692,0,0,0,0,0,0,3.967134162
30,185,30185,0.009057481,0.000742956,0,0.061102915,8.854557284,318.1555956,0.000705076,0.211439333,0,6.277302001,10.6504965,,0,0,0.789797054,0,0,0,0,0,0,0.47550077
30,186,30186,0.010868977,0.000891547,0,0.030005896,10.9709428,250.2042532,0.000873601,0.261976827,0.221254239,528.6149054,,,0,0,0.978571602,0,0,0,0,0,0,8.981237721
30,187,30187,0.002131172,0.000174813,0,0,9.928810303,450.4275079,0.000790617,0.237091585,0,,,,0,0,0.88561685,0,0,0,0,0,0,2.785323854
30,188,30188,0.009377156,0.000769178,0,0.026186963,27.3202886,1633.48694,0.002175477,0.652385365,1.327525433,644.2494159,,,0,0,2.436878859,0,0,0,0,0,0,29.71727098
30,189,30189,0.156001784,0.012796318,0,1.141315155,250.3990997,2792.527865,0.019938932,5.97931854,55.89118124,,,,0,0,22.33476671,0,0,24.4,0,0,7.134874408,51.00700232
30,190,30190,0.005008254,0.000410811,0,0.022913593,3.658170583,70.92996069,0.000291295,0.087354017,3.318813583,280.2121536,,,0,0,0.326296647,0,0,0,0,0,0,5.15946102
30,191,30191,0.103681514,0.008504657,0,0.187673238,46.0215704,112.9021375,0.003664634,1.098956144,4.002669464,2287.498407,,,0,0,4.104970984,0,0,0,0,0,0,28.21593803
30,192,30192,0.035803688,0.00293686,0,0.19476554,32.10803088,446.1106397,0.002556718,0.766712598,10.39894923,40.8784514,,,0,0,2.863929543,0,0,0,0,0,0.00343584,6.195740326
30,193,30193,1.438754161,0.118016313,0,7.284340319,966.1228509,1045.019047,0.076931019,23.07019587,8.628915315,31.38651001,,,110.616781,0,86.17494438,0,0,78.8,12.0466,1.1852,60.46452389,4.16149944
30,194,30194,0.034418426,0.002823231,0,0.006546741,19.26695989,771.8636116,0.001534201,0.460078693,3.318813583,,2.1300993,,0,0,1.718548729,0,0,0,1.7284,0.1701,6.297072812,5.94549503
30,195,30195,0.013319824,0.001092582,0,0.007092303,8.856341757,444.8911307,0.000705218,0.211481944,0,,11.96263767,,0,0,0.789956223,0,0,0,0,0,0,5.94549503
30,196,30196,0.012787032,0.001048879,0,0.08783544,24.19210663,278.0613996,0.001926384,0.577687028,3.800061753,1619.874301,8.5203972,,0,0,2.157855434,0,0,0,0,0,0.78658786,18.98185191
30,197,30197,0.009164039,0.000751696,0,0.032733704,19.13490886,628.7147617,0.001523686,0.456925426,0,,,,0,0,1.706770216,0,0,0,0,0,0,11.9881727
30,198,30198,0.001704938,0.00013985,0,0.006546741,11.65796508,592.1433492,0.000928308,0.278382338,0.192499268,,41.19627361,,0,0,1.039851704,0,0,0,0,0,4.201253159,6.740310186
30,199,30199,0.012680473,0.001040138,0,0.05346505,19.05460755,1005.150748,0.001517292,0.455007899,0,,,,0,0,1.699607606,0,0,0,0,0,0,2.743674152
30,200,30200,0.002024613,0.000166072,0,0.007637864,20.94971836,1047.120756,0.001668197,0.500261541,3.982576299,1420.652558,,,0,0,1.868645186,0,0,0,0,0,0,32.97788735
30,201,30201,0.018114961,0.001485911,0,0.108566786,70.34037465,3939.746416,0.005601106,1.679668604,0,,1.49106951,,0,0.260499624,6.274127424,0,0,0,0,0,0.065765504,51.6525727
30,202,30202,0.003836109,0.000314664,0,0.010911235,25.04151599,1789.23818,0.001994021,0.597970205,0,,,,0,0,2.233619923,0,0,0,0,0,0,16.18090942
30,203,30203,0.006393516,0.000524439,0,0.020185784,22.83233786,1079.538652,0.001818107,0.545216901,0,,,,0,0,2.036568582,0,0,0,0,0,0,6.243984565
30,204,30204,0.035590571,0.002919379,0,0.286419912,80.31379679,892.7444522,0.006395276,1.917825482,6.637627165,,,,0,0.071045352,7.163723501,0,0,0,0,0,0.019205465,8.208462199
30,205,30205,0.080238623,0.006581713,0,0.093291057,33.31076598,587.594786,0.00265249,0.795432894,10.8414577,3109.246796,,,0,0,2.971209514,0,0,0,0,0,0,47.40083224
30,206,30206,0.026746208,0.002193904,0,0.297331147,48.35209274,94.74618083,0.00385021,1.154607045,0,,,,0,0,4.312845823,0,0,0,2.645,0.2602,15.91529437,0.600449878
30,207,30207,0.196067816,0.016082804,0,0.325700357,73.07418798,918.2059938,0.005818796,1.744949752,69.66711545,6712.748529,,,0,0,6.517974479,0,0,0,10.2134,1.0048,0,80.19053235
30,208,30208,0.201502305,0.016528577,0,0.195311102,38.54105768,467.6381378,0.003068971,0.920327833,19.48980473,2165.731963,,,0,0,3.437734134,0,0,0,0,0,0,19.43708316
30,209,30209,0.005221371,0.000428292,0,0.038734883,22.28272003,270.3675075,0.001774342,0.532092492,0.221254239,,,,0,0,1.987544501,0,0,0,0,0,0,10.86015992
30,210,30210,0.002877082,0.000235998,0,0.044736062,46.56048139,564.94186,0.003707546,1.111824883,1.106271194,,2.55611916,,0,0,4.153040051,0,0,0,0,0,0,53.25261544
30,211,30211,0.08045174,0.006599194,0,0.114022403,50.89853636,617.5776741,0.00405298,1.215413963,59.07488177,,,,0,0,4.539980123,0,0,0,0,0,0,0
30,212,30212,0.008844363,0.000725474,0,0.018549099,13.62802378,165.3557023,0.001085181,0.325425672,0.885016955,,,,0,0,1.215574386,0,0,0,0,0,0,0
31,1,31001,0.002877082,0.000235998,0,0.122205829,7.734177097,528.67431,0.000894063,0.268112914,0,,11.6234979,,0,0,1.001491952,0,0,0,0,0,0,0.292585604
31,2,31002,0.173370835,0.014221044,0,0.090563248,18.25742728,1123.630566,0.002110539,0.632911811,0,,354.5927654,,0,0,2.364138582,0,0,0,3.4651,0.3409,0,0.276522878
31,3,31003,0.111460291,0.009142724,0,0.115659088,12.13965877,959.1417457,0.001403332,0.420833303,0,,,,0,0,1.571953991,0,0,0,1.7729,0.1744,0,0.751491586
31,4,31004,0.101017549,0.00828614,0,0.04091713,6.737289362,320.3615922,0.000778823,0.233554813,1.327525433,,,,0,0,0.872405815,0,0,0,0,0,0,0.425967227
31,5,31005,0.004368902,0.000358367,0,0.010911235,2.39203888,141.8763044,0.000276517,0.082922398,0,,,,0,0,0.309743061,0,0,0,1.0677,0.105,0,0.179129894
31,6,31006,0.011188653,0.000917769,0,0.072559711,10.51218731,769.185798,0.001215198,0.364415392,0,,,,0,0,1.361214108,0,0,0,0,0,0,6.923136566
31,7,31007,0.017155934,0.001407245,0,0.056192859,7.900120185,483.6512723,0.000913245,0.273865496,0,,,,0,0,1.02297978,0,0,0,2.5988,0.2557,0,0.217660103
31,8,31008,0.005221371,0.000428292,0,0.007092303,4.701720819,378.1976726,0.000543514,0.162989812,0.442508478,,0.085203972,,0,0,0.608821792,0,0,0,2.9816,0.2933,0,2.702096166
31,9,31009,0.007885336,0.000646808,0,0.031642581,5.78342391,334.3006296,0.000668558,0.200488122,0,,,,0,0,0.748890596,0,0,0,0,0,0.000645105,0.703710059
31,10,31010,0.031541344,0.002587234,0,0.00327337,2.935348841,262.9438441,0.000339323,0.101756777,0,,,,0,0,0.380095801,0,0,0,0,0,0,0.364156231
31,11,31011,0.015770672,0.001293617,0,0.174034194,7.912412265,341.3598316,0.000914666,0.274291613,0,,21.83110548,,0,0,1.024571471,0,0,0,0,0,1.163513469,0.208896768
31,12,31012,0.003729551,0.000305923,0,0.01254792,4.340333651,298.9646375,0.000501738,0.150461968,0,,,,0,0,0.562026078,0,0,0,0,0,0,5.591353588
31,13,31013,0.021631395,0.001774353,0,0.059466229,11.00264132,348.9801079,0.001271894,0.381417466,0,,182.1816686,,0,0,1.424722578,0,0,0,0,0,0.847368389,0.141709842
31,14,31014,0.004368902,0.000358367,0,0.005455617,1.9679621,164.4582756,0.000227494,0.068221357,0,,,,0,0,0.254829723,0,0,0,0,0,1.487126544,0.258833547
31,15,31015,0.016623141,0.001363542,0,0.01254792,6.177999696,429.5597442,0.00071417,0.214166482,0,,,,0,0,0.799983876,0,0,0,0,0,0,0.167247543
31,16,31016,0.040066032,0.003286486,0,0.012002358,3.311486507,301.2987386,0.000382804,0.114795962,0,,,,0,0,0.428801544,0,0,0,0,0,0,0.232197887
31,17,31017,0.000319676,2.62E-05,0,0,5.596584285,507.285637,0.000646959,0.194011141,0,,,,0,0,0.724696894,0,0,0,0,0,0,0.720211968
31,18,31018,0.010229625,0.000839103,0,0.006546741,3.677790508,288.3786605,0.000425149,0.127494253,0,,,,0,0,0.476233935,0,0,0,1.934,0.1903,0,0.314138122
31,19,31019,0.0303692,0.002491086,0,0.068195217,40.66466095,3531.92355,0.004700791,1.409680774,0,,47.49702694,,0,0,5.265632032,0,0,0,0,0,0,2.34353139
31,20,31020,0.007352543,0.000603105,0,0.018549099,4.953708471,284.4448223,0.000572643,0.171725214,0,,2.77920923,,0,0,0.641451457,0,0,0,0,0,0,0.100076883
31,21,31021,0.009909949,0.000812881,0,0.008728988,9.791871385,840.2451503,0.00113193,0.339444926,0,,,,0,0,1.267941018,0,0,0,0,0,0,0.643119017
31,22,31022,0.008418129,0.000690512,0,0.005455617,5.387618915,493.7313403,0.000622803,0.186767149,0,,,,0,0,0.697638147,0,0,0,0,0,0,0.791750064
31,23,31023,0.011614887,0.000952731,0,0.030551457,5.52406101,190.1121831,0.000638576,0.19149705,0,,,,0,0,0.715305917,0,0,0,2.478,0.2438,0,0.230977933
31,24,31024,0.113165229,0.009282575,0,0.026186963,3.611413273,298.1877505,0.000417476,0.12519322,0,,,,0,0,0.467638804,0,0,0,0,0,0,0.256596965
31,25,31025,0.048484161,0.003976998,0,0.05019168,5.723192715,459.4250907,0.000661595,0.198400148,0,,,,0,0,0.741091311,0,0,0,0,0,0,0.621159847
31,26,31026,0.00756566,0.000620586,0,0.033279266,4.088345999,219.7087495,0.000472608,0.141726566,0.221254239,,,,0,0,0.529396413,0,0,0,0,0,0,0.256564432
31,27,31027,0.016942817,0.001389764,0,0.094927742,10.24299074,380.536734,0.001184079,0.355083426,0,,38.62403132,,0,0,1.326356076,0,0,0,0,0,0,0.688460636
31,28,31028,0.006713192,0.000550661,0,0.046372748,2.682131981,72.4917439,0.000310052,0.092978763,0,,,,0,0,0.347306967,0,0,0,0,0,0.071692743,1.349472309
31,29,31029,0.010762418,0.000882806,0,0.052919489,7.193325552,500.6292655,0.000831541,0.249363759,0,,1.70407944,,0,0,0.931457549,0,0,0,0,0,0,4.360725119
31,30,31030,0.007352543,0.000603105,0,0.02836921,4.269039583,357.7217808,0.000493496,0.147990488,0,,,,0,0,0.55279427,0,0,0,4.0494,0.3984,0,0.619533242
31,31,31031,0.004795137,0.000393329,0,0.02836921,3.444240977,255.8619509,0.000398151,0.119398027,0,,,,0,0,0.445991807,0,0,0,1.7124,0.1685,0,1.323446626
31,32,31032,0.080664857,0.006616675,0,0.046918309,19.06132935,1548.618503,0.002203469,0.660779873,0,,,,0,0,2.468235171,0,0,0,5.0365,0.4955,0,4.881238771
31,33,31033,0.028877379,0.002368717,0,0.075833082,23.13984168,1521.058521,0.002674941,0.802165546,0,,,,0,0,2.996358231,0,0,0,1.2289,0.1209,0,0.672438575
31,34,31034,0.007245985,0.000594364,0,0.03764376,7.505544398,516.8572518,0.000867633,0.260187135,0,,,,0,0,0.9718865,0,0,0,1.7527,0.1724,0,0.347788517
31,35,31035,0.013000149,0.00106636,0,0.027823649,6.879877497,382.9021517,0.000795306,0.238497772,0,,,,0,0,0.89086943,0,0,0,0,0,0,0.270646767
31,36,31036,0.022057629,0.001809315,0,0.043099377,9.105973289,628.9185759,0.001052641,0.315667589,0,,,,0,0,1.179124663,0,0,0,0,0,0,0.256596965
31,37,31037,0.034205309,0.00280575,0,0.020731346,5.643294191,415.2725553,0.000652359,0.195630386,0,,,,0,0,0.730745319,0,0,0,3.1428,0.3092,0,0.258731884
31,38,31038,0.077254982,0.006336974,0,0.161486274,35.98506588,1593.584385,0.004159835,1.247457973,0,,19.14807944,,0,0,4.659675283,0,0,0,0,0,0,0.451289403
31,39,31039,0.060418724,0.004955951,0,0.031642581,4.658698537,280.4974247,0.000538541,0.161498402,0,,14.48467524,,0,0,0.603250874,0,0,0,0,0,0,0.043706881
31,40,31040,0.246896267,0.020252096,0,0.218224695,30.73880589,1630.455302,0.003553373,1.065591171,0.442508478,,70.84709788,,0,0,3.980341582,0,0,0,4.6537,0.4579,0,1.721415912
31,41,31041,0.217379536,0.017830935,0,0.414081359,72.22334862,1749.787061,0.008348942,2.50369396,1.106271194,,,,0,0,9.352139401,0,0,0,2.1556,0.2121,25.45548037,0.1260619
31,42,31042,0.005860723,0.000480736,0,0.012002358,6.763102732,491.4739989,0.000781807,0.234449659,0,,,,0,0,0.875748366,0,0,0,0,0,0,0.261680106
31,43,31043,0.000852469,6.99E-05,0,0.01582129,3.365571661,283.789215,0.000389056,0.116670877,0,,,,0,0.284181408,0.435804985,0,0,0,0,0,0,0.274692947
31,44,31044,0.010868977,0.000891547,0,0.049100556,7.629694412,475.3625047,0.000881985,0.264490919,0,,,,0,0,0.987962578,0,0,0,0,0,0,0.333881042
31,45,31045,0.001598379,0.00013111,0,0.014730167,2.753426049,191.6982106,0.000318293,0.095450243,0,,,,0,0,0.356538775,0,0,0,2.6794,0.2636,0,0.124638621
31,46,31046,0.058074435,0.004763657,0,0.01582129,3.257401352,271.1165713,0.000376552,0.112921046,0,,,,0,0,0.421798104,0,0,0,0,0,0.000376311,0.267169898
31,47,31047,0.056262939,0.004615065,0,0.038189322,5.826446192,458.3362405,0.000673531,0.201979532,0,,,,0,0,0.754461515,0,0,0,0,0,0,0.709809828
31,48,31048,0.123821088,0.01015664,0,0.12875257,26.97742924,1774.360953,0.003118562,0.935199321,0,,,,0,0.260499624,3.493284148,0,0,0,2.0952,0.2061,0,0.848681244
31,49,31049,0.083009146,0.00680897,0,0.033824828,4.047782133,362.5659266,0.000467919,0.140320379,0,,,,0,0,0.524143833,0,0,0,0,0,0,0.372695908
31,50,31050,3.945758246,0.323657684,0,11.91343166,1001.605435,5073.991887,0.115784519,34.72164509,0,,1025.215194,,27.91597346,3.339131544,129.6970278,249.7248,234.454,0,11.0804,1.0901,91.49961134,0.547352638
31,51,31051,0.002344289,0.000192294,0,0.013639043,3.72081279,158.5119247,0.000430122,0.128985663,0,,2.55611916,,0,0,0.481804853,0,0,0,0,0,0.543669965,0.110672182
31,52,31052,0.407906305,0.033459224,0,0.37043642,39.96647078,1875.783145,0.004620081,1.38547732,0,,23.97807384,,0,1.231452768,5.175223985,0,0,0,0,0,0.021861878,1.419107276
31,53,31053,0.04784481,0.003924554,0,0.15057504,14.35960853,788.5151301,0.001659955,0.497790061,0.663762717,,10.3645484,,0,0,1.859413379,0,0,0,0,0,0,0.86403233
31,54,31054,0.005434488,0.000445773,0,0.016366852,3.277068681,218.9257418,0.000378826,0.113602834,0,,,,0,0,0.42434481,0,0,0,0,0,0,0.132060007
31,55,31055,0.007032867,0.000576883,0,0.032733704,7.141698813,515.5831653,0.000825573,0.247574067,0.009715854,,,,0,0,0.924772447,0,0,0,0,0,1.145092417,0.579681415
31,56,31056,0.093238771,0.007648072,0,0.351341759,33.1664918,2069.212503,0.003834011,1.149749309,2.32822373,,,,0,0,4.294700547,0,0,0,1.5311,0.1506,0,2.274807322
31,57,31057,0.020885485,0.001713168,0,0.068740779,9.180954981,615.0290823,0.001061309,0.318266904,0.221254239,,,,0,0,1.188833978,0,0,0,0,0,0,10.98395636
31,58,31058,0.092066627,0.007551925,0,0.180580935,28.17590709,2169.35152,0.003257105,0.976745744,0.663762717,,,,0,1.041998496,3.648474017,0,0,0,0,0,3.123364035,2.953849913
31,59,31059,0.082050119,0.006730304,0,1.024019381,61.71730735,400.1944972,0.007134455,2.139491627,0,,1165.992694,,0,1.799815584,7.991721138,0,0,12.5,2.8205,0.2775,7.533429913,0.082753538
31,60,31060,0.00074591,6.12E-05,0,0.001636685,1.177581319,102.1051993,0.000136127,0.040822024,0,,,,0,0,0.152483994,0,0,0,1.652,0.1625,0,0.432473648
31,61,31061,0.029197055,0.002394939,0,0.050737242,4.187911851,76.78234498,0.000484118,0.145178115,0,,,,0,0,0.54228911,0,0,0,0,0,1.111486444,2.580080446
31,62,31062,0.00607384,0.000498217,0,0.035461513,5.495789225,352.402248,0.000635307,0.19051698,0,,,,0,0,0.711645028,0,0,0,0,0,0,0.466530694
31,63,31063,0.005221371,0.000428292,0,0.015275729,6.132518998,412.2596627,0.000708913,0.212589849,0.663762717,,,,0,0,0.79409462,0,0,0,0,0,0,0.260167363
31,64,31064,0.001172145,9.61E-05,0,0.001091123,1.922481402,130.3121886,0.000222237,0.066644723,0,,,,0,0,0.248940466,0,0,0,1.3498,0.1328,0,0.055711227
31,65,31065,0.003196758,0.00026222,0,0.05019168,2.278951738,44.96759051,0.000263444,0.079002121,0,,,,0,0,0.295099504,0,0,0,0,0,0,4.272481789
31,66,31066,0.005434488,0.000445773,0,0.073105273,4.528402483,373.4919581,0.000523478,0.15698156,0.885016955,,,,0,0,0.586378949,0,0,0,0,0,0,0.175165044
31,67,31067,0.013852617,0.001136285,0,0.034915951,11.48080326,710.2441692,0.001327169,0.397993423,0,,,,0,0,1.486639356,0,0,0,2.8809,0.2834,0,0.467648985
31,68,31068,0.007778777,0.000638068,0,0.027823649,3.635997434,191.0156271,0.000420317,0.126045455,0.009715854,,479.7458284,,0,0,0.470822186,0,0,0,0,0,0.000497866,0.392369698
31,69,31069,0.00532793,0.000437033,0,0.024550278,10.32043085,816.7298703,0.001193031,0.357767964,0,,,,0,0,1.336383729,0,0,0,1.4908,0.1467,0,0.886906466
31,70,31070,0.009164039,0.000751696,0,0.037098198,4.493984658,337.8436022,0.0005195,0.155788432,0.442508478,,,,0,0,0.581922215,0,0,0,0,0,0,4.957282563
31,71,31071,0.001704938,0.00013985,0,0.000545562,1.954440811,157.1535631,0.000225931,0.067752628,0,,,,0,0,0.253078863,0,0,0,0,0,0,0.43938672
31,72,31072,0.005008254,0.000410811,0,0.014184605,2.136363604,141.0019704,0.000246961,0.074059162,0,,,,0,0,0.276635889,0,0,0,0,0,0,0.403804732
31,73,31073,0.080238623,0.006581713,0,0.004910056,5.312637224,487.8783896,0.000614135,0.184167835,0,,,,0,0,0.687928833,0,0,0,0,0,0,0.511973975
31,74,31074,0.009483715,0.000777918,0,0.020731346,4.281331664,271.7526387,0.000494917,0.148416605,0,,,,0,0,0.554385961,0,0,0,0,0,0,0.323816423
31,75,31075,0.111460291,0.009142724,0,0.029460334,7.388769633,610.7548811,0.000854134,0.256139022,0,,,,0,0,0.956765436,0,0,0,0,0,0,0.318611286
31,76,31076,0.042197204,0.003461299,0,0.036007075,19.66732892,1293.040453,0.002273522,0.681787449,0,,0.170407944,,0,0,2.546705535,0,0,0,5.0567,0.4975,0,0.51177065
31,77,31077,0.005114813,0.000419551,0,0.014184605,3.11973005,238.5180396,0.000360637,0.108148534,0,,,,0,0,0.403971165,0,0,0,2.4981,0.2458,0,0.543082799
31,78,31078,0.011508328,0.000943991,0,0.028914772,4.59355051,290.548331,0.00053101,0.159239981,0,,,,0,0,0.594814912,0,0,0,2.2362,0.22,0,0.403601406
31,79,31079,0.244232302,0.020033579,0,0.329519289,47.70556471,3623.141511,0.005514712,1.653760681,8.534359764,,55.05470936,,0,0.497317464,6.177352613,0,0,0,0.8058,0.0793,0.728378351,5.24228412
31,80,31080,0.160477245,0.013163425,0,0.046372748,11.69837308,857.1029149,0.001352319,0.405535697,0,,,,0,0,1.514812286,0,0,0,0,0,0,0.369036047
31,81,31081,0.022057629,0.001809315,0,0.014730167,3.792106857,331.1600525,0.000438364,0.131457143,0,,5.11223832,,0,0,0.491036661,0,0,0,0,0,0,0.376965747
31,82,31082,0.005860723,0.000480736,0,0.03764376,4.249372254,197.5135106,0.000491223,0.147308701,0,,,,0,0,0.550247565,0,0,0,0,0,0.403769544,0.294809986
31,83,31083,0.004795137,0.000393329,0,0.147301669,2.054006664,78.24706243,0.000237441,0.071204177,0,,,,0,0,0.265971559,0,0,0,0,0,0,0.037615244
31,84,31084,0.028664262,0.002351236,0,0.032733704,8.546683623,653.150443,0.000987988,0.296279258,0,,,,0,0,1.106702724,0,0,0,0.4432,0.0436,0,1.871612567
31,85,31085,0.137567147,0.011284185,0,0.04091713,18.41230749,1551.413435,0.002128443,0.638280887,0,,17.0407944,,0,0,2.384193888,0,0,0,0,0,0.870021304,7.282260487
31,86,31086,0.00532793,0.000437033,0,0.003818932,2.557981967,169.9703541,0.0002957,0.08867498,0,,,,0,0,0.331230889,0,0,0,0,0,0,0.322067822
31,87,31087,0.005221371,0.000428292,0,0.014730167,5.617480822,348.1980792,0.000649375,0.19473554,0,,,,0,0,0.727402768,0,0,0,0,0,0,0.149009233
31,88,31088,0.002024613,0.000166072,0,0.008183426,2.444894826,158.3484085,0.000282627,0.084754702,0,,,,0,0,0.316587332,0,0,0,0,0,0,0.203630634
31,89,31089,0.212264723,0.017411383,0,0.475729835,45.66876696,2338.302077,0.005279261,1.583153068,0,,,,0,0.260499624,5.913609421,0,0,0,4.3918,0.4321,1.081116602,0.748645027
31,90,31090,0.002770523,0.000227257,0,0.002182247,8.128752883,557.8250066,0.000939675,0.281791275,0,,189.5730331,,0,0,1.052585231,0,0,0,0,0,0,0.136939822
31,91,31091,0.032287255,0.002648418,0,0.293512215,12.57356922,951.3659338,0.001453491,0.435875239,0,,,,0,0,1.628140682,0,0,0,2.8607,0.2815,0.027631578,0.822858887
31,92,31092,0.008737805,0.000716734,0,0.008728988,8.261507354,727.7876713,0.000955021,0.28639334,0,,,,0,0,1.069775494,0,0,0,0,0,0,0.858440875
31,93,31093,0.183280785,0.015033925,0,0.116750212,20.40977058,754.3593574,0.002359348,0.707524925,0,,153.2522124,,0,0,2.642843669,0,0,0,2.3369,0.2299,0,0.469173927
31,94,31094,0.027279001,0.002237607,0,0.008183426,5.537582298,482.8038138,0.000640139,0.191965779,0.009715854,,,,0,0,0.717056777,0,0,0,0,0,0,0.569515133
31,95,31095,0.020778926,0.001704428,0,0.018549099,6.24560614,312.3273899,0.000721985,0.216510127,0,,109.5214245,,0,0,0.808738176,0,0,0,1.4908,0.1467,3.634921625,0.15331567
31,96,31096,0.202354774,0.016598502,0,0.608301337,89.85265058,5670.169691,0.010386871,3.114831184,14.38152552,,2379.506101,,0,3.31544976,11.63494257,0,0,0,1.1685,0.115,1.342006558,45.53833447
31,97,31097,0.006180399,0.000506958,0,0.016366852,4.044094509,283.0469498,0.000467493,0.140192544,0,,,,0,0,0.523666326,0,0,0,5.4394,0.5352,0,1.769644755
31,98,31098,0.061164634,0.005017136,0,0.085107631,17.47196333,1313.09658,0.00201974,0.605682925,4.223262245,,,,0,0,2.26242953,0,0,0,0,0,0.089864861,2.573696021
31,99,31099,0.023229774,0.001905463,0,0.008728988,3.745396951,327.296837,0.000432964,0.129837897,0,,,,0,0,0.484988235,0,0,0,1.4707,0.1447,0.230014216,0.458600993
31,100,31100,0.004901695,0.00040207,0,0.012002358,3.860942508,234.6717025,0.000446321,0.133843399,0,,11.33096736,,0,0,0.49995013,0,0,0,0,0,1.201351306,0.085600097
31,101,31101,0.828812759,0.067984808,0,0.33279266,67.91497438,1642.121433,0.007850899,2.354339897,0.221254239,,366.2516716,,0,2.48658732,8.794251719,0,0,0,3.9486,0.3885,0.571301543,0.394858404
31,102,31102,0.251265169,0.020610463,0,0.694500092,92.4032573,4501.205735,0.010681718,3.203250494,0.221254239,,42.20746729,,0,7.81498872,11.96521845,0,0,0,2.76,0.2715,5.146405726,2.538520684
31,103,31103,0.00681975,0.000559402,0,0.01582129,3.692541004,237.2318943,0.000426854,0.128005594,0,,,,0,0,0.478143964,0,0,0,0,0,0,0.137448136
31,104,31104,0.002131172,0.000174813,0,0.007637864,17.64528166,1518.650055,0.002039776,0.611691177,0,,,,0,0,2.284872372,0,0,0,0,0,0,2.796744254
31,105,31105,0.006393516,0.000524439,0,0.020185784,3.427032064,179.8161477,0.000396161,0.118801463,0,,,,0,0,0.443763439,0,0,0,0,0,0,0.154098473
31,106,31106,0.004795137,0.000393329,0,0.026732525,2.539543847,153.2925404,0.000293569,0.088035804,0,,3.40815888,,0,0,0.328843352,0,0,0,0,0,0,0.483508385
32,1,32001,0.00532793,0.000437033,0,0.038189322,0,112.1641794,0.000780529,0.234066154,7.311105736,,,,0,0.018674493,0.874315844,0,0,0,0,0,0,11.40957576
32,2,32002,0.003303316,0.00027096,0,0.011456796,0,201.1888717,0.000660316,0.198016642,6.416372926,,,,0,0.013396919,0.739658789,0,0,0,0,0,0,14.89583502
32,3,32003,0.003090199,0.000253479,0,0.011456796,0,79.2866159,0.000366748,0.109980838,23.8954578,,,,0,0.010259899,0.410815437,0,0,0,0,0,0,7.13098485
32,4,32004,0.007885336,0.000646808,0,0.033824828,0,144.139885,0.000529304,0.15872864,12.83274585,,,,0,0.011932976,0.592904882,0,0,0,0,0,0,7.191933439
32,5,32005,0.503702483,0.041317072,0,0.240047165,0,73.46167965,0.005471942,1.640934555,110.6271194,,,,0,0.103939916,6.129442715,0,0,0,1.8818,0.1851,0.889611918,122.7931212
32,6,32006,0.006393516,0.000524439,0,0.041462692,0,56.46895397,0.001085749,0.325596119,84.17286039,,,,0,0.024235014,1.216211062,0,0,0,6.398,0.6295,0,96.42066695
32,7,32007,0.008737805,0.000716734,0,0.093836619,0,230.0893199,0.001741802,0.522334409,7.09956735,,,,0,0.036118782,1.951094778,0,0,0,4.5539,0.448,0.500954523,19.49135859
32,8,32008,0.010868977,0.000891547,0,0.051282803,0,124.5930006,0.001632531,0.489566,28.09928833,,70.96534416,,0,0.0301892,1.828693743,0,0,0,2.6721,0.2629,0,21.69769749
32,9,32009,0.00607384,0.000498217,0,0.042553816,0,146.2270246,0.001413562,0.423901346,80.53654294,,517.7016614,,0,0.031628539,1.583414166,0,0,0,1.7877,0.1759,0.000188761,94.50078642
32,10,32010,0.621662848,0.050992977,0,1.277160027,0,1159.879893,0.029281403,8.780953615,861.2663265,,,,0,0.566570342,32.79981643,0,0,0,9.089,0.8942,29.43678251,939.6443884
32,11,32011,0.006180399,0.000506958,0,0.030005896,0,57.63803371,0.000399998,0.119951979,3.982576299,,,,0,0.010370618,0.448061005,0,0,0,0,0,0,5.668218727
32,12,32012,0.002877082,0.000235998,0,0.01582129,0,184.6417101,0.001025785,0.307613975,19.69162726,,,,0,0.019351105,1.149041704,0,0,0,2.07,0.2037,0,35.47207849
32,13,32013,0.003196758,0.00026222,0,0.019640223,0,5.011995688,0.000817615,0.245187811,37.17071213,,,,0,0.017185947,0.915858978,0,0,0,1.9759,0.1944,0,93.25134035
32,14,32014,0.009909949,0.000812881,0,0.032733704,0,126.8140212,0.002834372,0.84997589,254.2117972,,,,0,0.061165731,3.174945957,0,0,0,7.1884,0.7072,0.129427151,301.3359162
32,15,32015,0.000639352,5.24E-05,0,0.002182247,0,41.67914839,0.00021499,0.064471526,9.966156602,,,,0,0.006409362,0.240822842,0,0,0,0,0,0,11.18406598
32,16,32016,0.012254239,0.001005175,0,0.035461513,0,226.8000735,0.002943075,0.882573853,66.59752589,,,,0,0.061116523,3.296710315,0,0,0,0,0,0.002133323,118.1122696
32,17,32017,0.446587075,0.036632082,0,0.967826522,0,182.5933438,0.020060708,6.01583678,196.8204155,,,,0,0.383097753,22.47117463,0,0,0,4.2528,0.4184,8.440272521,203.9705462
32,18,32018,0.00149182,0.000122369,0,0.01254792,0,124.8339485,0.000568807,0.170574697,12.83274585,,,,0,0.013655262,0.637153891,0,0,0,0,0,0,2.102726302
32,19,32019,0.045287403,0.003714778,0,0.181126497,0,397.3570169,0.003182505,0.954374594,22.34667812,,,,0,0.070269239,3.564910242,0,0,0,0,0,0.087606016,26.61624858
32,20,32020,0.179764351,0.014745484,0,0.637761671,0,411.5064223,0.007247847,2.173495776,157.0043684,,,,0,0.171576519,8.118738076,0,0,0,0,0,0.344338898,107.1598082
32,21,32021,0.002237731,0.000183554,0,0.003818932,0,353.9062807,0.000667279,0.200104616,11.28396618,,,,0,0.012191319,0.747458075,0,0,0,0,0,0,26.51263598
32,22,32022,0.038147977,0.003129154,0,0.186582114,0,32.32819605,0.00253654,0.760661735,95.36057694,,,,0,0.053280125,2.841327532,0,0,0,0,0,0,256.4899448
32,23,32023,0.022270747,0.001826797,0,0.121660267,0,196.8146225,0.001584219,0.475078017,7.522644121,,,,0,0.040768953,1.774576251,0,0,0,0,0,0,12.01906165
32,24,32024,0.04784481,0.003924554,0,0.255322893,0,199.5577491,0.006480817,1.943477735,60.21030053,,,,0,0.111407253,7.259543296,0,0,0,2.2205,0.2185,0,55.06095482
32,25,32025,0.057754759,0.004737435,0,0.091654372,0,28.34038214,0.001508908,0.452493808,46.05974509,,,,0,0.030263013,1.69021663,0,0,0,0.9033,0.0889,0.047058604,35.64273453
32,26,32026,0.000959027,7.87E-05,0,0.022913593,0,967.9620014,0.002145637,0.643436905,23.81942505,,,,0,0.045123874,2.403453349,0,0,0,9.0702,0.8924,5.355515558,84.73682254
32,27,32027,0.000532793,4.37E-05,0,0.002727809,0,187.9155563,0.000353533,0.106017948,1.106271194,,,,0,0.007036766,0.396012711,0,0,0,0,0,0,5.192819737
32,28,32028,0.001385262,0.000113629,0,0.00927455,0,161.6531678,0.000332361,0.099668803,1.106271194,,,,0,0.007959418,0.372296515,0,0,0,0,0,0,5.211104314
32,29,32029,0.088123959,0.007228521,0,0.095473304,0,43.03571666,0.002854549,0.856026754,297.8082055,,,,0,0.055765137,3.197547968,0,0,0,0,0,0,326.0749483
32,30,32030,0.004049227,0.000332145,0,0.026186963,0,43.62837346,0.000365327,0.109554721,11.72647466,,508.8863414,,0,0.009312642,0.409223746,0,0,0,0,0,0,4.571144135
32,31,32031,0.008737805,0.000716734,0,0.111294594,0,116.8519381,0.00120653,0.361816077,56.86233938,,331.6058672,,0,0.030176898,1.351504794,0,0,0,0,0,0.008313687,36.16079754
32,32,32032,0.03569713,0.002928119,0,0.054556174,0,10.42833713,0.00159786,0.479168742,59.73864449,,,,0,0.031862277,1.789856484,0,0,0,2.2958,0.2259,11.02891713,81.64672911
32,33,32033,0.002983641,0.000244738,0,0.041462692,0,151.6030398,0.00061783,0.185275739,7.965152598,,,,0,0.015906535,0.692067229,0,0,0,0,0,0.003199985,11.4339552
32,34,32034,0.040598825,0.003330189,0,0.181126497,0,473.1322011,0.003536748,1.0606056,32.08186463,,2.59643972,,0,0.082546672,3.961718798,0,0,0,0,0,0,39.98227403
32,35,32035,0.000852469,6.99E-05,0,0.009820111,0,186.0807003,0.001809155,0.542532363,58.04621368,,,,0,0.03598346,2.026540929,0,0,0,2.7474,0.2703,0,43.38930013
32,36,32036,0.058180993,0.004772397,0,0.165850768,0,354.6307802,0.005230238,1.568452027,100.4688561,,,,0,0.100716782,5.858696083,0,0,0,1.1102,0.1092,0.143557393,125.6759894
32,37,32037,0.035590571,0.002919379,0,0.020731346,0,106.6906473,0.002200627,0.659927639,151.5688695,,,,0,0.042786487,2.465051789,0,0,0,0,0,0,150.0249505
32,38,32038,0.019180547,0.001573318,0,0.076924205,0,2053.061328,0.00946851,2.839431667,322.3483869,,,,0,0.177702933,10.60623271,0,0,0,9.8041,0.9646,0.04001734,294.6681407
32,39,32039,0.083861615,0.006878895,0,0.349705074,0,134.7509758,0.00787747,2.362308287,340.7124887,,,,0,0.171441196,8.82401634,0,0,0,9.8793,0.972,0.107544596,464.1235012
32,40,32040,0.008205012,0.00067303,0,0.024550278,0,467.4002292,0.002652064,0.795305059,182.7851488,,,,0,0.049958575,2.970732007,0,0,0,5.683,0.5591,0,188.6785453
32,41,32041,0.001598379,0.00013111,0,0.001636685,0,165.386825,0.000406818,0.121997342,2.212542388,,,,0,0.008488406,0.455701122,0,0,0,5.1749,0.5091,0,11.61680096
32,42,32042,0.064681068,0.005305577,0,0.303332326,0,671.3575323,0.008006351,2.400957113,631.4308427,,,,0,0.173741677,8.96838271,0,0,0,11.4224,1.1238,8.71125519,932.3305578
32,43,32043,0.00149182,0.000122369,0,0.004364494,0,29.88689088,0.000168241,0.050452271,0.442508478,,23.92561368,,0,0.003899746,0.18845621,0,0,0,0,0,0.000528531,1.432291829
32,44,32044,0.10091099,0.0082774,0,0.070377464,0,309.0170032,0.002036508,0.610711107,14.16027129,,,,0,0.043340079,2.281211483,0,0,0,0,0,0,13.75000156
32,45,32045,0.010016508,0.000821621,0,0.070377464,0,256.9399916,0.001072534,0.321633229,32.74562735,,,,0,0.025834279,1.201408336,0,0,0,0,0,0,19.0464339
32,46,32046,0.003303316,0.00027096,0,0.033824828,0,161.5770712,0.000952322,0.285583718,23.25112679,,8.60103832,,0,0.024259618,1.066751281,0,0,0,0,0,0,38.51341305
32,47,32047,0.012467356,0.001022657,0,0.051282803,0,129.7715911,0.000715449,0.214549988,13.56451955,,,,0,0.017591914,0.801416398,0,0,0,0,0,0,18.86358813
32,48,32048,0.054131767,0.004440252,0,0.32024474,0,484.8667862,0.002958563,0.88721853,33.40939007,,,,0,0.06659093,3.314059746,0,0,0,0,0,0.047340955,22.0816736
32,49,32049,0.042410321,0.00347878,0,0.151666163,0,775.868541,0.004455535,1.336132953,111.1658775,,,,0,0.098428603,4.990906172,0,0,0,0,0,0.155575744,112.5110943
32,50,32050,0.003622992,0.000297182,0,0.006546741,0,23.92725707,0.001252,0.375451826,33.85189854,,,,0,0.022955602,1.402438904,0,0,0,0,0,0.361867492,66.42786657
32,51,32051,0.021737954,0.001783093,0,0.07856089,0,395.310663,0.004276353,1.28239958,288.3236896,,,,0,0.087332165,4.790193942,0,0,0,8.1293,0.7998,0.49579974,439.4149434
32,52,32052,0.014918203,0.001223692,0,0.042553816,0,270.8781293,0.002456399,0.736628727,14.38152552,,,,0,0.044385752,2.751556161,0,0,0,0,0,0,42.96875487
32,53,32053,0.007778777,0.000638068,0,0.022913593,0,63.96993416,0.001631678,0.48931033,37.51736356,,,,0,0.033350824,1.827738729,0,0,0,0,0,0,58.50455007
32,54,32054,0.00607384,0.000498217,0,0.041462692,0,314.3067651,0.002447447,0.733944189,33.20756753,,,,0,0.045505237,2.741528508,0,0,0,1.3361,0.1314,0,45.80286423
32,55,32055,0.030795434,0.002526049,0,0.133662626,0,447.1983924,0.003927652,1.17783043,76.67936383,,,,0,0.090210842,4.399592981,0,0,0,0,0,0.004360764,123.792678
32,56,32056,0.300921475,0.024683607,0,2.578870333,0,74.74254498,0.019534103,5.857917762,65.05846207,,,,7.51670845,0.398020125,21.88129396,92.8395,93.1,0,3.3496,0.3295,20.97783168,55.85938133
32,57,32057,0.012041121,0.000987694,0,0.05346505,0,269.5501476,0.002358637,0.707311867,26.10800018,,,,0,0.037385892,2.642047823,0,0,0,0,0,0,51.34918578
32,58,32058,0.004901695,0.00040207,0,0.021276908,0,79.4733672,0.000347707,0.104270868,6.858881404,,,,0,0.008476104,0.389486778,0,0,0,0,0,0,0