CVE ESTADO,CVE MUNICIPIO,Emisiones de NH3,,,,,,,,,,,,,,,,,
,,Comb_ind_Diesel,Comb_comer_NG,Comb_res_keroseno,Comb_res_GN,Fertilizantes,Ganaderas,Qmas Agricolas,Uso_domestico,Cruces_front,Terminales de autobuses,,Aviacion,Equipo basico aeropouertos,Embarcaciones marinas,Locomotoras de arrastre,Locomotoras de patio,Maq Contruc,Maq Agricola
17,Mg_per_year,2102004000,2103006000,2104011000,2104006000,2801700000,2805000000,2801500250,5555555555,2222222222,2270008010,2275000000,2275050000,2280000000,2285000000,2285002010,2260002000,2270005000,
1,1,1001,0.065973059,0.0078,0.012269381,0.7158,210.1367548,2342.934941,,735.5758569,,0.006973938,,0,0,,,0.031157088,0.024029563
1,2,1002,0.000153836,0.0001,0.000663561,0.0387,147.9233489,606.7451141,,63.2898062,,0,,0,0,,,0,0.016013992
1,3,1003,0.002906093,0.0003,0.000781338,0.0456,67.45292547,147.4524798,,55.55042653,,0,,0,0,,,0.000326632,0.002829723
1,4,1004,0.000523041,0,0.000227075,0.0132,51.18299969,342.5265162,,18.12782852,,0,,0,0,,,0.00065506,0.004986646
1,5,1005,0.019697938,0.0005,0.001477382,0.0862,77.76408131,472.3520018,,105.9983755,,0,,0,0,,,0.000321264,0.009394154
1,6,1006,0.001597092,0.0002,0.000657717,0.0384,57.23831038,1245.676729,,46.66299312,,0,,0,0,,,0.000518601,0.006741206
1,7,1007,0.003125658,0.0003,0.000754587,0.044,80.4050557,365.8998153,,58.90721728,,0,,0,0,,,0.000957191,0.009532672
1,8,1008,0.000223761,0.0001,0.000124905,0.0073,31.67735822,279.3574452,,13.78064353,,0,,0,0,,,0,0.003538144
1,9,1009,0.000464304,0.0001,0.00027905,0.0163,102.725416,487.0666426,,22.6938379,,0,,0,0,,,0,0.008702884
1,10,1010,0.000385987,0,0.000283964,0.0166,182.3434805,685.6930223,,27.43938167,,0,,0,0,,,0,0.020639172
1,11,1011,0.008252576,0.0002,0.000533453,0.0311,41.81689396,553.1364234,,37.52569327,,0,,0,0,,,0,0.005090864
2,1,2001,0.029143439,0.1215,0.007147518,3.5835,1337.228255,337.5147283,,421.0101178,,0,,0,0,,,0.005435923,0.062719117
2,2,2002,0.101886659,0.2103,0.014591155,7.3155,5094.923986,1878.053795,,727.8901009,0.8052,0.00577528,,0,0,,,0.058863277,0.142472857
2,3,2003,0.015892607,0.0291,0.001637676,0.8211,23.81478872,59.72081039,,111.4141202,,0,,0,0,,,0.00113773,0.002516014
2,4,2004,0.23642141,0.3753,0.024728552,12.398,22.88982032,252.1405517,,1235.133272,1.6236,0.00577528,,0,0,,,0.052240014,0.001377944
2,5,2005,0.009220341,0.0418,0.001339663,0.6717,17.02079008,91.71317437,,91.25241199,,0,,0,0,,,0.000469858,0.000988815
3,1,3001,0.002490737,0,0.001007256,0,769.278121,833.1004391,,72.57857887,,0,,0,0,,,0.000170883,0.052677432
3,2,3002,0.003641706,0,0.000896609,0,48.87310575,119.9257236,,77.97463815,,0,,0,0,,,0.009477551,0.005077814
3,3,3003,0.005789809,0,0.003655769,0,58.23098327,539.4619925,,221.4348034,,0.009789064,,0,0,,,0.00640491,0.006578077
3,8,3008,0.003718624,0,0.003105119,0,23.68377287,282.3912539,,213.702809,,0,,0,0,,,0,0.003385861
3,9,3009,0.000303476,0,0.000190947,0,10.54066863,164.196641,,13.54551231,,0,,0,0,,,0,0.000672869
4,1,4001,0.004754916,0,0.000824932,8.2315,70.23423921,137.7918394,,122.132199,,0,,0,0,,,1.55E-05,0.004046351
4,2,4002,0.01040907,0,0.003995738,39.8712,303.1336746,652.4050308,,274.5899152,,0.00331402,,0,0,,,0.009589305,0.0166035
4,3,4003,0.00303056,0,0.003464774,34.573,97.40753465,702.7943847,,232.5550646,,0,,0,0,,,0.011406942,0.00710875
4,4,4004,0.003527029,0,0.001272754,12.7001,486.0371633,372.8066246,50.02034995,131.2801614,,0,,0,0,,,0.001542745,0.057858328
4,5,4005,0.001029299,0,0.000453892,4.5291,134.128599,81.28459138,,65.53475302,,0,,0,0,,,9.89E-05,0.012441133
4,6,4006,0.000314664,0,0.000598403,5.9711,574.0990665,298.9726926,,109.5455017,,0,,0,0,,,0.000247555,0.041006377
4,7,4007,0.000110482,0,0.000133721,1.3343,168.7398047,469.4909477,,10.82961088,,0,,0,0,,,0,0.010798295
4,8,4008,0.001055871,0,0.00015111,1.5078,70.8757191,29.19359613,,30.77948238,,0,,0,0,,,0.000538561,0.005977041
4,9,4009,0.000970562,0,0.000772089,7.7042,236.7993492,831.1455369,,69.94147574,,0,,0,0,,,0.003678232,0.016868368
4,10,4010,7.27E-05,0,0.000393326,3.9248,239.4991565,135.7197994,,39.55570013,,0,,0,0,,,0,0.002024817
4,11,4011,0.000250332,0,0.000571958,5.7072,140.0991192,764.0930463,,61.50089294,,0,,0,0,,,0,0.002082825
5,1,5001,1.54E-05,0,1.48E-05,0.0041,15.69787529,61.85345966,,1.017633907,,0,,0,0,,,0,0
5,2,5002,0.02315644,0,0.002143657,0.5903,3.296303798,445.5896715,,148.3123288,0.1314,0,,0,0,,,0.000534105,0.077974506
5,3,5003,0.001136984,0,0.000317908,0.0875,15.42989615,63.78170877,,22.28557961,,0,,0,0,,,2.25E-05,0
5,4,5004,0.003427735,0,0.000321874,0.0886,134.8261345,169.9657774,,26.91725931,,0,,0,0,,,0.000286376,0
5,5,5005,2.80E-05,0,2.70E-05,0.0074,3.192027546,194.4992794,,1.954539078,,0,,0,0,,,0,0
5,6,5006,0.00277743,0,0.000393535,0.1084,10.04656977,363.381609,,28.0446518,,0,,0,0,,,0.000135652,0
5,7,5007,0.001002728,0,0.000197594,0.0544,46.70033519,306.5789929,,16.24750474,,0,,0,0,,,6.04E-05,0
5,8,5008,0,0,4.30E-05,0.0118,5.496550919,122.045079,,3.01615406,,0,,0,0,,,0,0
5,9,5009,0.001476821,0,0.000874242,0.2407,86.61442202,1320.37473,,67.53673731,,0,,0,0,,,4.17E-07,0
5,10,5010,0.018029522,0,0.001156873,0.3185,7.906297304,59.61059519,,80.75815204,,0,,0,0,,,8.84E-05,0.047151283
5,11,5011,9.09E-05,0,0.000181714,0.05,52.89549778,278.7177965,,17.24658295,,0,,0,0,,,2.66E-05,0
5,12,5012,0.000116076,0,2.93E-05,0.0081,10.32113548,255.4402021,,2.375855301,,0,,0,0,,,0,0
5,13,5013,2.52E-05,0,2.52E-05,0.0069,2.762621582,105.5106525,,2.376346499,,0,,0,0,,,0.000553099,0
5,14,5014,0.000192994,0,0.000157099,0.0433,11.44602838,334.9911915,,10.94879237,,0,,0,0,,,0,0
5,15,5015,1.40E-06,0,2.14E-05,0.0059,2.902768693,115.9865904,,1.67352237,,0,,0,0,,,0,0
5,16,5016,5.45E-05,0,2.70E-05,0.0074,2.059712348,21.23518762,,1.801124097,,0,,0,0,,,0,0
5,17,5017,0.00557444,0,0.001657747,0.4565,96.56371687,1828.267783,,138.6762109,,0,,0,0,,,0.000324495,0
5,18,5018,0.021019525,0,0.003260259,0.8977,5.141855633,112.8126184,,192.8545684,,0,,0,0,,,0.00873198,0
5,19,5019,0.000206979,0,0.000115625,0.0318,12.29584455,85.1191222,,8.297979661,,0,,0,0,,,0.000107631,0
5,20,5020,0.00100972,0,0.001001042,0.2756,5.359952106,629.8662329,,72.15244739,,0,,0,0,,,0.006517955,0
5,21,5021,3.08E-05,0,9.31E-05,0.0256,14.31091189,99.34883225,,7.40183898,,0,,0,0,,,0,0
5,22,5022,0.000777569,0,0.000435379,0.1199,41.7407792,114.4499314,,32.19270688,,0,,0,0,,,0.008708553,0
5,23,5023,0.000805539,0,0.000157131,0.0433,5.702621012,535.5946246,,13.61025598,,0,,0,0,,,3.56E-05,0
5,24,5024,0.00490036,0,0.000735945,0.2026,62.13412746,355.9022,,69.19914816,,0,,0,0,,,0,0
5,25,5025,0.018408517,0,0.00244106,0.6722,5.778375103,93.68029138,,167.9202056,0.1049,0,,0,0,,,0.000466032,0
5,26,5026,0,0,5.25E-05,0.0145,1.724201742,213.9833022,,3.788006027,,0,,0,0,,,0.000674142,0
5,27,5027,0.043290712,0,0.001066345,0.2936,33.15271438,643.8738481,,76.03203683,,0,,0,0,,,0.000662402,0
5,28,5028,0.006847079,0,0.000847893,0.2335,5.139011562,239.0254821,,58.65703706,,0,,0,0,,,0.002251953,0.024583735
5,29,5029,4.75E-05,0,3.39E-05,0.0093,4.476412358,35.78894943,,2.386434598,,0,,0,0,,,0,0
5,30,5030,0.054014446,0,0.011079319,3.0507,124.0479063,608.3297337,,656.7580739,,0.019435326,,0,0,,,0.012894094,0.13213853
5,31,5031,0.000268513,0,0.000311083,0.0857,14.14125408,300.9466131,,21.07436999,,0,,0,0,,,1.27E-06,0
5,32,5032,0.001508987,0,0.000643988,0.1773,9.119476588,119.6045065,,44.68451493,,0,,0,0,,,0.001006974,0
5,33,5033,0.007571504,0,0.001541063,0.4243,137.1684688,1409.181498,,129.7070957,,0,,0,0,,,0.000581191,0
5,34,5034,2.80E-05,0,8.11E-05,0.0223,0.319844741,255.0140376,,6.257524531,,0,,0,0,,,0.003002053,0
5,35,5035,0.062598468,0,0.009680503,2.6656,26.15019202,1578.557776,,575.9068934,,0,,0,0,,,0.011813448,0
5,36,5036,0.000165024,0,0.000315033,0.0867,35.09045737,1288.596414,,28.47674565,,0,,0,0,,,0,0
5,37,5037,0.000223761,0,9.79E-05,0.027,16.27907019,213.6324064,,6.853922238,,0,,0,0,,,0,0
5,38,5038,0.002162088,0,0.000197707,0.0544,26.7708258,536.4660335,,14.02102471,,0,,0,0,,,1.70E-05,0
6,1,6001,0.000923013,0,0.000384174,0,223.3259288,31.66839661,0.130501805,27.99133466,,0,,0,0,,,5.69E-05,0.00797565
6,2,6002,0.007227472,0,0.002167372,0,58.01348565,445.7261482,7.72048677,145.0450538,,0.003633258,,0,0,,,0.00320113,0.007545082
6,3,6003,0.000497868,0,0.000316479,0,83.32590428,221.4116662,3.032861943,24.4841497,,0,,0,0,,,1.03E-05,0.004134804
6,4,6004,0.000352423,0,0.000272756,0,71.98034828,124.5334696,1.067504763,18.57053095,,0,,0,0,,,0.000479112,0.005320556
6,5,6005,0.000690861,0,0.000406525,0,108.4155864,188.1226279,28.76781784,27.37041174,,0,,0,0,,,0.001444022,0.004701981
6,6,6006,2.10E-05,0,7.35E-05,0,15.39274825,53.35530897,,5.859631592,,0,,0,0,,,0,0.00339044
6,7,6007,0.003131252,0,0.002393612,0,118.0558243,150.2599963,,163.8883442,,0,,0,0,,,0.001673337,0.011261942
6,8,6008,0.000107685,0,0.000115737,0,30.90927632,53.01662961,,8.933362958,,0,,0,0,,,0.002367724,0.003621729
6,9,6009,0.003041748,0,0.001596346,0,603.1823009,209.3428688,1.090995088,108.220125,,0,,0,0,,,0.000378787,0.021474741
6,10,6010,0.001885184,0,0.001798774,0,39.03517575,100.2039578,3.591409667,119.4803973,,0,,0,0,,,0.001258851,0.003207843
7,1,7001,0.000163625,0,0.000236355,0.1623,54.24578815,27.44222306,,22.61090118,,0,,0,0,,,0,0.000998963
7,2,7002,0.000348228,0,0.000428025,0.2939,32.17681134,63.64184435,,38.6419919,,0,,0,0,,,0,0.001973319
7,3,7003,0.000316062,0,0.000377013,0.2589,31.95787045,158.7363949,3.692418064,39.1292545,,0,,0,0,,,2.31E-05,0.003688798
7,4,7004,0.00021537,0,0.000409833,0.2814,61.84517968,52.31351576,,36.22184204,,0,,0,0,,,0,0.000872693
7,5,7005,4.48E-05,0,0.000327831,0.2251,70.6426261,61.31955749,,27.86423999,,0,,0,0,,,0,0.000907736
7,6,7006,6.15E-05,0,0.000404357,0.2777,127.0823473,17.20302823,,32.91334718,,0,,0,0,,,0,0.001104767
7,7,7007,0.001237677,0,0.000148702,0.1021,9.247468321,19.98005654,,21.863459,,0,,0,0,,,0,0.000293472
7,8,7008,0.000295084,0,0.000498658,0.3424,149.8617305,341.3641833,,44.44765779,,0,,0,0,,,0,0.001486957
7,9,7009,0.000885253,0,0.000615455,0.4226,7.552445428,141.2937891,,54.93485391,,0,,0,0,,,0.000665752,0.000294148
7,10,7010,0,0,0.000104626,0.0718,7.953873847,5.937212776,,7.580033466,,0,,0,0,,,0,0.000213588
7,11,7011,6.99E-06,0,0.000273238,0.1876,94.14127345,17.29264096,,24.01101165,,0,,0,0,,,0,0.000852156
7,12,7012,0.002047411,0,0.00058856,0.4041,17.44261883,160.3592469,,55.25375875,,0,,0,0,,,5.23E-05,0.000365102
7,13,7013,0.000237746,0,0.000461535,0.3169,28.55058861,51.11576683,,34.17854595,,0,,0,0,,,0,0.000663401
7,14,7014,7.41E-05,0,0.00024379,0.1674,121.0230596,28.19451771,,17.27095006,,0,,0,0,,,0,0.000866997
7,15,7015,0.000297881,0,0.000653991,0.4491,136.2792635,75.79205068,,51.08085499,,0,,0,0,,,0,0.000880561
7,16,7016,6.85E-05,0,0.000256378,0.176,37.16736764,328.0289494,,25.33574026,,0,,0,0,,,0,0.001168896
7,17,7017,0.001553739,0,0.001263763,0.8678,47.47392332,200.8891144,,137.7529308,,0,,0,0,,,6.33E-05,0.001734429
7,18,7018,0.000206979,0,0.000128277,0.0881,17.75023693,31.57648155,,16.60626435,,0,,0,0,,,0,0.000423797
7,19,7019,0.004841623,0,0.002044217,1.4037,42.40593172,64.00647171,,160.3429154,,0,,0,0,,,0.004853701,0.001571619
7,20,7020,0.00014964,0,0.000652033,0.4477,222.1256505,542.2307493,,76.3378087,,0,,0,0,,,0,0.003007629
7,21,7021,0.00017761,0,0.000325791,0.2237,39.95019923,93.85809652,,29.15487974,,0,,0,0,,,0,0.00056532
7,22,7022,1.68E-05,0,0.000227717,0.1564,52.53428143,14.72720069,,19.34700494,,0,,0,0,,,0,0.000809461
7,23,7023,0.000106286,0,0.001139853,0.7827,28.38893576,41.78827641,,116.1747331,,0,,0,0,,,0,0.000873658
7,24,7024,1.54E-05,0,0.000160278,0.1101,10.42526732,12.1073189,,13.56202456,,0,,0,0,,,0,0.000276771
7,25,7025,2.24E-05,0,0.000116508,0.08,17.45590368,76.44061291,,8.775613677,,0,,0,0,,,0,0.000216822
7,26,7026,3.36E-05,0,0.000523354,0.3594,89.91759237,21.90330261,,56.75440343,,0,,0,0,,,0,0.001090335
7,27,7027,0.001461437,0,0.001290738,0.8863,49.68300311,82.57133196,,111.3146631,,0,,0,0,,,0.005142033,0.002059275
7,28,7028,7.97E-05,0,7.76E-05,0.0533,11.36598556,22.43038448,,5.649853124,,0,,0,0,,,0,0.000409799
7,29,7029,7.13E-05,0,8.77E-05,0.0602,2.418118146,21.94060387,,8.411250182,,0,,0,0,,,0,0.000145771
7,30,7030,0.000135655,0,0.000483388,0.3319,85.08374055,515.7640087,,54.70700918,,0,,0,0,,,0,0.001617957
7,31,7031,9.37E-05,0,0.001696893,1.1652,322.5612419,587.0635049,,297.0654226,,0,,0,0,,,0,0.00359129
7,32,7032,0.000363611,0,0.000429952,0.2952,203.4404064,59.94053041,,43.31226526,,0,,0,0,,,0,0.00229217
7,33,7033,1.68E-05,0,0.000113361,0.0778,5.896352351,126.3953627,,12.06738749,,0,,0,0,,,0,0.000157838
7,34,7034,0.000587372,0,0.000953643,0.6548,73.38629126,512.5587636,,80.350159,,0,,0,0,,,1.44E-05,0.002826984
7,35,7035,5.31E-05,0,0.00016919,0.1162,15.38001705,24.88921947,,14.70975047,,0,,0,0,,,0,0.000836492
7,36,7036,2.10E-05,0,0.000111562,0.0766,10.16154167,5.721271292,,7.899977398,,0,,0,0,,,0,0.000245541
7,37,7037,0.000251731,0,0.000477447,0.3278,82.14648392,36.12952226,5.640026998,57.36925976,,0,,0,0,,,0,0.002568749
7,38,7038,6.99E-06,0,0.000305977,0.2101,16.40124211,23.31132372,,21.37212609,,0,,0,0,,,0,0.00043847
7,39,7039,2.94E-05,0,0.000325872,0.2238,66.40099588,47.64521967,,23.83231605,,0,,0,0,,,0,0.001672597
7,40,7040,0.001693589,0,0.000761491,0.5229,124.8146883,35.0759918,40.18829178,65.13341409,,0,,0,0,,,9.50E-05,0.001660921
7,41,7041,0.000192994,0,0.000627193,0.4307,112.3076746,266.8735022,,44.67239182,,0,,0,0,,,0,0.002662196
7,42,7042,1.96E-05,0,0.000141123,0.0969,28.05039844,22.0157293,,10.60225052,,0,,0,0,,,0,0.00028517
7,43,7043,7.69E-05,0,0.000160295,0.1101,4.225543235,95.0582879,,13.42763016,,0,,0,0,,,0,0.000115458
7,44,7044,0.000104888,0,0.000377125,0.259,23.20856384,46.95922602,,39.14843994,,0,,0,0,,,0,0.000951448
7,45,7045,1.68E-05,0,8.05E-05,0.0553,3.72408495,71.24423168,,6.49408718,,0,,0,0,,,0,8.08E-05
7,46,7046,0.00015943,0,0.000581736,0.3995,68.95782649,67.90845662,,58.0668043,,0,,0,0,,,0,0.002367276
7,47,7047,0.000222362,0,0.000261372,0.1795,30.83555424,36.90188916,,18.76070935,,0,,0,0,,,0,0.000412116
7,48,7048,0.000172016,0,0.000322034,0.2211,11.65788247,268.8199844,,27.78384598,,0,,0,0,,,0,0.000584917
7,49,7049,0.000144046,0,0.000274651,0.1886,25.03473599,11.01264632,,26.0042224,,0,,0,0,,,0,0.000647376
7,50,7050,2.80E-05,0,8.48E-05,0.0582,16.75213431,337.1524359,,9.137338634,,0,,0,0,,,0,0.000522311
7,51,7051,0.001029299,0,0.000592879,0.4071,69.62491664,321.560794,,51.22424932,,0,,0,0,,,0,0.007578213
7,52,7052,0.000619538,0,0.001635412,1.123,309.8060633,916.0615674,,131.2699449,,0,,0,0,,,3.89E-05,0.004524681
7,53,7053,1.82E-05,0,0.00010697,0.0735,4.990026548,5.377249818,,8.835279305,,0,,0,0,,,0,0.000140162
7,54,7054,0.00024334,0,0.000384688,0.2642,42.74294024,88.59209162,4.247833745,37.46996755,,0,,0,0,,,0,0.002127513
7,55,7055,4.75E-05,0,7.67E-05,0.0527,7.740468723,8.180929826,,6.658073867,,0,,0,0,,,0,0.000296175
7,56,7056,8.39E-06,0,0.000162366,0.1115,10.09314289,6.362484883,,11.5805701,,0,,0,0,,,0,0.000200797
7,57,7057,0.000928607,0,0.000928578,0.6376,312.2992551,23.13798559,,79.26619602,,0,,0,0,,,0.000101262,0.002590614
7,58,7058,0,0,6.74E-05,0.0463,13.00113002,22.38022616,,5.605691176,,0,,0,0,,,0,0.000418777
7,59,7059,0.000834907,0,0.002849094,1.9564,345.9191665,453.2938444,,326.0745806,,0,,0,0,,,1.50E-05,0.006491271
7,60,7060,6.71E-05,0,0.0001834,0.1259,27.65755144,29.70898498,,17.66232924,,0,,0,0,,,0,0.000295403
7,61,7061,0.002978815,0,0.00122908,0.844,126.7365779,1572.842144,,111.5411671,,0,,0,0,,,6.57E-05,0.004021917
7,62,7062,4.75E-05,0,0.000254789,0.175,17.46717035,656.5742075,,29.56060821,,0,,0,0,,,0,0.000737927
7,63,7063,3.08E-05,0,5.82E-05,0.0399,6.037070474,31.26263475,,4.459304268,,0,,0,0,,,0,0.000333052
7,64,7064,9.65E-05,0,0.000702932,0.4827,62.53448906,9.955853628,,54.04405866,,0,,0,0,,,0,0.00097425
7,65,7065,0.001051676,0,0.001684449,1.1566,173.2228844,1129.80068,,234.2581644,,0,,0,0,,,0.000476549,0.004437177
7,66,7066,8.11E-05,0,0.000329019,0.2259,50.42645364,21.560978,,39.80306232,,0,,0,0,,,0,0.000527863
7,67,7067,3.78E-05,0,0.00016988,0.1167,9.93049073,18.6556229,,15.62159358,,0,,0,0,,,0,0.000155424
7,68,7068,0.000276904,0,0.000471844,0.324,22.64254573,718.8380043,,40.9333109,,0,,0,0,,,0.004183961,0.000653361
7,69,7069,0.0005608,0,0.000736347,0.5056,44.68477292,578.8500956,,70.23154395,,0,,0,0,,,1.21E-05,0.000786582
7,70,7070,2.94E-05,0,0.000213699,0.1467,12.06686777,11.32889021,,16.97477761,,0,,0,0,,,0,0.000281453
7,71,7071,0.000192994,0,0.000423995,0.2911,92.57878971,46.18001164,7.934509729,44.40191985,,0,,0,0,,,2.21E-05,0.001457981
7,72,7072,0.000204182,0,0.000484994,0.333,69.89589748,55.98150774,,36.34875261,,0,,0,0,,,0,0.000920672
7,73,7073,0.000141249,0,0.000138634,0.0952,5.182890406,14.17723096,,10.32597266,,0,,0,0,,,0,0.000119223
7,74,7074,0.002778829,0,0.000557266,0.3827,15.65884281,400.0476383,,42.86347323,,0,,0,0,,,0.000211828,0.000381031
7,75,7075,0.000369205,0,0.000426146,0.2926,22.56878219,21.19333946,7.41250251,40.46073173,,0,,0,0,,,6.93E-06,0.000639846
7,76,7076,3.78E-05,0,0.000398705,0.2738,109.1234249,50.1848558,,27.8025213,,0,,0,0,,,0,0.001351998
7,77,7077,0.000116076,0,0.000908812,0.624,141.7200105,305.0750625,,153.5282478,,0,,0,0,,,0,0.00290662
7,78,7078,0.00415216,0,0.002905806,1.9953,22.59841392,34.18205455,,211.2316709,,0,,0,0,,,0.004094531,0.000775673
7,79,7079,0.00028949,0,0.00050126,0.3442,35.23258443,66.02601234,,42.23037255,,0,,0,0,,,0,0.000654037
7,80,7080,6.85E-05,0,0.000611281,0.4197,185.1352959,25.87952067,,59.26626422,,0,,0,0,,,0,0.00177466
7,81,7081,0.000188798,0,0.000524735,0.3603,203.1147459,35.67099726,,43.96611839,,0,,0,0,,,0,0.002347679
7,82,7082,4.20E-06,0,0.000184845,0.1269,45.01225154,18.79968344,,45.63702668,,0,,0,0,,,0,0.000420804
7,83,7083,9.23E-05,0,0.000259204,0.178,35.52693881,89.4994531,21.67895981,25.2910609,,0,,0,0,,,0,0.001303151
7,84,7084,4.75E-05,0,0.00012961,0.089,19.17320571,175.0908874,,10.8081482,,0,,0,0,,,0,0.000177821
7,85,7085,8.67E-05,0,0.000153149,0.1052,8.880966776,21.84889934,,11.70267031,,0,,0,0,,,0,0.000392905
7,86,7086,0.000300679,0,0.000317875,0.2183,19.97126687,73.58593173,,27.33405073,,0,,0,0,,,0.000275474,0.000770847
7,87,7087,0.00026152,0,0.000543441,0.3732,56.34639224,48.95879248,,48.72971953,0.0196,0,,0,0,,,0,0.001268752
7,88,7088,1.40E-05,0,3.48E-05,0.0239,1.675549415,120.1934847,,3.205508284,,0,,0,0,,,0,8.61E-05
7,89,7089,0.004609471,0,0.00457802,3.1436,562.6423839,163.7096514,2.743930947,326.301682,,0,,0,0,,,0.006445505,0.006050991
7,90,7090,2.24E-05,0,6.55E-05,0.045,12.80126455,12.09724751,,5.121159211,,0,,0,0,,,0,0.00010928
7,91,7091,0.000201385,0,0.000157196,0.1079,26.31591593,12.57432877,,11.74646042,,0,,0,0,,,0,0.000229758
7,92,7092,0.000267114,0,0.000598692,0.4111,46.37940575,358.2953503,,64.00588889,,0,,0,0,,,1.15E-05,0.000857247
7,93,7093,8.11E-05,0,0.000646959,0.4442,82.4243566,7.331220127,,50.51886723,,0,,0,0,,,0,0.001024931
7,94,7094,0.000509056,0,0.000572841,0.3933,28.75743346,27.98984438,,50.11388504,,0,,0,0,,,0,0.000684832
7,96,7096,0.000360814,0,0.001061255,0.7287,229.8490635,94.35921164,,80.37982371,,0,,0,0,,,0,0.002669436
7,97,7097,0.001237677,0,0.001258978,0.8645,10.83045885,396.4820099,,106.5074438,,0,,0,0,,,0,0.000418487
7,98,7098,4.20E-05,0,9.69E-05,0.0665,16.84320815,42.19888211,,11.64742046,,0,,0,0,,,0.000357705,0.000668517
7,99,7099,0.000264317,0,0.000950624,0.6528,116.823031,558.4709103,,73.99941277,,0,,0,0,,,0,0.003716861
7,100,7100,3.36E-05,0,0.000501115,0.3441,92.2600774,47.86127029,,56.12538629,,0,,0,0,,,0,0.00113508
7,101,7101,0.014461937,0,0.008541742,5.8653,12.58751847,48.40153302,,507.5491412,,0.076730619,,0,0,,,0,0.000436153
7,102,7102,0.000208377,0,0.000551357,0.3786,43.91623884,25.9618338,,52.10779728,,0,,0,0,,,0.026817809,0.001175323
7,103,7103,0.000274107,0,0.000403008,0.2767,99.84087522,13.16323143,1.921508573,43.23455553,,0,,0,0,,,0.001556207,0.001050359
7,104,7104,0.000138452,0,0.000208963,0.1435,19.08637848,122.4412653,9.782415285,19.33569988,,0,,0,0,,,0.000811293,0.000696417
7,105,7105,6.99E-05,0,0.000209781,0.144,61.33199044,3.417527108,,16.91661367,,0,,0,0,,,0,0.000440914
7,106,7106,0.001837635,0,0.000938244,0.6443,124.3412315,172.9038679,40.09537449,110.0261977,,0,,0,0,,,0,0.004158287
7,107,7107,0.00103769,0,0.001082273,0.7432,100.8709581,816.5674922,,122.0898525,,0,,0,0,,,9.37E-05,0.004635216
7,108,7108,0.002648768,0,0.001542893,1.0594,82.54483911,1747.03183,,137.881752,,0,,0,0,,,0.000167053,0.003972152
7,109,7109,0.00042095,0,0.000550136,0.3778,60.50836272,60.83376209,,55.32687424,,0,,0,0,,,0.000113224,0.000621021
7,110,7110,4.48E-05,0,9.79E-05,0.0672,10.55122136,29.5763058,,8.917727908,,0,,0,0,,,0.000257704,0.000428768
7,111,7111,0.000367807,0,0.000512531,0.3519,30.80884814,18.98315298,,52.31577306,,0,,0,0,,,0,0.000968554
7,112,7112,3.36E-05,0,0.000437643,0.3005,71.08044511,9.511630332,,39.03109908,,0,,0,0,,,0,0.00085493
7,113,7113,4.20E-06,0,8.70E-05,0.0597,10.2620725,2.557338593,,11.076769,,0,,0,0,,,0,0
7,114,7114,0.000144046,0,0.000262255,0.1801,40.32701162,101.2552302,,33.65693871,,0,,0,0,,,0,0.001142028
7,115,7115,3.64E-05,0,0.000184396,0.1266,34.98128575,130.0294967,,13.27918698,,0,,0,0,,,0,0
7,116,7116,8.53E-05,0,0.000145827,0.1001,40.36045298,87.89967069,,20.93686585,,0,,0,0,,,0,0.001087101
7,117,7117,1.96E-05,0,0.000117295,0.0805,84.53176655,33.16765476,,10.75029528,,0,,0,0,,,0,0
7,118,7118,0,0,5.31E-05,0.0365,21.22983844,16.16747713,,3.934417621,,0,,0,0,,,0,0
7,119,7119,1.26E-05,0,5.09E-05,0.0349,12.51657799,2.301260081,,7.837967713,,0,,0,0,,,0,0
8,1,8001,0.000460108,0,0.00018666,0.0746,662.0617558,414.9433543,,13.65984831,,0,,0,0,,,0,0.022929134
8,2,8002,0.001597092,0,0.000321376,0.1284,250.7886778,152.5015732,,22.60419085,,0,,0,0,,,8.38E-06,0.014630038
8,3,8003,0,0,0.000128711,0.0514,151.3515227,90.33691896,,10.79233629,,0,,0,0,,,0,0.010197233
8,4,8004,0.000413957,0,0.000105621,0.0422,,10.23865379,,7.928069924,,0,,0,0,,,0,0
8,5,8005,0.001146774,0,0.000359543,0.1436,524.5991442,109.3454872,,29.44354731,,0,,0,0,,,0.006266086,0.043265039
8,6,8006,2.10E-05,0,9.05E-05,0.0361,390.3434298,861.136722,,7.129266156,,0,,0,0,,,0,0.034860279
8,7,8007,5.73E-05,0,0.000254162,0.1015,119.7190489,403.0028429,,45.71297356,,0,,0,0,,,0,0.013381163
8,8,8008,0.000204182,0,0.000216509,0.0865,30.86899205,66.94905255,,58.90371189,,0,,0,0,,,0,0.000137491
8,9,8009,0.000552409,0,0.00049694,0.1985,133.3292742,96.6061245,,55.55491316,,0,,0,0,,,0,0.002481199
8,10,8010,0.002348089,0,0.00033268,0.1329,630.4206537,429.3270473,,26.32742337,,0,,0,0,,,5.69E-06,0.033999688
8,11,8011,0.003959167,0,0.000764574,0.3054,205.3877884,730.8093864,,56.14492983,,0,,0,0,,,0.001901022,0.014304134
8,12,8012,2.94E-05,0,0.000135262,0.054,195.915771,1701.43614,,27.60717687,,0,,0,0,,,0,0.015583562
8,13,8013,0.000102091,0,0.000129353,0.0517,114.2995892,161.5449384,,10.14187451,,0,,0,0,,,0,0.013923488
8,14,8014,2.10E-05,0,3.16E-05,0.0126,40.79257031,23.59724557,,2.809903662,,0,,0,0,,,0,0.002852934
8,15,8015,9.79E-06,0,2.24E-05,0.0089,17.75239765,62.70936561,,1.607337222,,0,,0,0,,,0,0.000168044
8,16,8016,2.66E-05,0,5.33E-05,0.0213,44.69266024,104.0943522,,4.322319942,,0,,0,0,,,0,0.003046439
8,17,8017,0.008652548,0,0.002204367,0.8805,1508.623032,2596.66722,,155.1319249,,0,,0,0,,,0.000523587,0.140655617
8,18,8018,0,0,7.39E-05,0.0295,546.6972728,1320.099276,,6.12745786,,0,,0,0,,,7.49E-06,0.058400483
8,19,8019,0.0957696,0,0.012848789,5.1322,170.3365323,376.6006268,,637.5128103,,0.009804226,,0,0,,,0.023195719,0.030141035
8,20,8020,8.39E-06,0,0.00012725,0.0508,34.43443208,55.15551085,,16.79735737,,0,,0,0,,,0,1.91E-05
8,21,8021,0.014162657,0,0.002119876,0.8467,217.3668189,499.2001533,,144.5620634,,0,,0,0,,,0.001317982,0.019545333
8,22,8022,8.39E-06,0,3.87E-05,0.0155,49.85241467,40.71685448,,3.141355308,,0,,0,0,,,0,0.007279373
8,23,8023,0.000230753,0,5.85E-05,0.0234,134.9177867,123.787691,,4.127262448,,0,,0,0,,,0,0.006630111
8,24,8024,5.03E-05,0,5.77E-05,0.023,87.90342959,41.30814158,,4.22158326,,0,,0,0,,,0,0.013244945
8,25,8025,0.001345361,0,0.000116427,0.0465,308.7301889,57.04271196,,10.59043209,,0,,0,0,,,0,0.032246681
8,26,8026,2.10E-05,0,4.66E-05,0.0186,63.6100891,43.36868811,,4.293778928,,0,,0,0,,,0,0.008927989
8,27,8027,0.000460108,0,0.000773678,0.309,273.6986739,499.5294948,,150.9842106,,0,,0,0,,,0,0.024806902
8,28,8028,4.34E-05,0,0.000141428,0.0565,61.55385918,184.9920697,,10.29924069,,0,,0,0,,,0,0.005242473
8,29,8029,0.000395777,0,0.000859084,0.3431,239.0202745,175.1799152,,128.1398754,,0,,0,0,,,0,0.023300868
8,30,8030,4.75E-05,0,0.000129755,0.0518,53.4308142,75.40224744,,17.77594215,,0,,0,0,,,0,0.000127306
8,31,8031,0.000604154,0,0.000587934,0.2348,885.3213338,200.6349624,,48.10677515,,0,,0,0,,,0,0.081216315
8,32,8032,0.007704362,0,0.001675088,0.6691,41.72497023,82.88615762,,115.1597934,,0,,0,0,,,0.0007913,0.003903211
8,33,8033,0,0,1.59E-05,0.0063,24.43073773,44.11800549,,1.94892941,,0,,0,0,,,0,0.001218321
8,34,8034,0.00110342,0,0.000101655,0.0406,115.7156051,78.75594823,,7.708059003,,0,,0,0,,,0,0.022780186
8,35,8035,1.12E-05,0,0.000124504,0.0497,432.9411327,206.4043196,,10.39653622,,0,,0,0,,,0,0.038250445
8,36,8036,0.002398436,0,0.000667559,0.2666,330.3000706,294.3277541,,52.33202362,,0,,0,0,,,0.00015581,0.026682123
8,37,8037,0.322760893,0,0.022224181,8.877,44.5188434,43.23235875,,1103.25742,0.2785,0,,0,0,,,0.022267705,0.004486273
8,38,8038,2.52E-05,0,6.96E-05,0.0278,68.19569062,240.2399698,,5.482788353,,0,,0,0,,,0,0.005918469
8,39,8039,4.48E-05,0,6.17E-05,0.0246,82.87112525,26.86690737,,4.988243647,,0,,0,0,,,0,0.005518727
8,40,8040,0.000805539,0,0.000498273,0.199,298.5539874,176.8923723,,36.9003062,,0,,0,0,,,0,0.040516497
8,41,8041,9.79E-06,0,3.66E-05,0.0146,20.61557062,18.37256605,,4.235427545,,0,,0,0,,,0,7.38E-05
8,42,8042,8.39E-06,0,2.50E-05,0.01,1.369456581,61.52201358,,2.028362652,,0,,0,0,,,0,0.000288985
8,43,8043,0.000730019,0,4.98E-05,0.0199,102.2618132,25.1472785,,3.861843889,,0,,0,0,,,0,0.008857971
8,44,8044,0.000218167,0,6.75E-05,0.027,69.41431637,107.0394351,,6.470521528,,0,,0,0,,,0.000303989,0.008959816
8,45,8045,0.005940848,0,0.000675235,0.2697,278.1106958,324.2758909,,48.35900429,,0,,0,0,,,0,0.023378525
8,46,8046,2.80E-06,0,0.000109122,0.0436,28.15624788,35.25023672,,17.44764003,,0,,0,0,,,0,0
8,47,8047,1.40E-05,0,8.26E-05,0.033,29.90662246,36.04814352,,7.77962635,,0,,0,0,,,0,0.000127306
8,48,8048,0.000206979,0,0.00031248,0.1248,1411.245336,168.8465742,,25.43078232,,0,,0,0,,,5.08E-06,0.156323201
8,49,8049,2.38E-05,0,4.42E-05,0.0176,33.22501122,68.56177298,,7.887966731,,0,,0,0,,,0,0.003628229
8,50,8050,0.005903088,0,0.000870709,0.3478,228.0557169,418.4644432,,60.6178236,,0,,0,0,,,0.000212761,0.016742049
8,51,8051,1.40E-06,0,9.72E-05,0.0388,35.64486001,43.50993572,,8.202442751,,0,,0,0,,,3.78E-05,0.000320812
8,52,8052,0.001164954,0,0.000326032,0.1302,348.5082494,85.50294357,,23.2393008,0.0529,0,,0,0,,,7.75E-05,0.021346717
8,53,8053,0.000332844,0,0.000132597,0.053,95.50970239,64.01142116,,10.07542583,,0,,0,0,,,0,0.007588727
8,54,8054,2.94E-05,0,0.00011874,0.0474,408.4212622,1690.104287,,8.751577887,,0,,0,0,,,0,0.065282661
8,55,8055,6.99E-05,0,0.000263138,0.1051,177.3722764,188.0491248,,20.93960944,,0,,0,0,,,0,0.013663783
8,56,8056,2.80E-06,0,3.19E-05,0.0127,45.67370254,60.23312032,,3.747060676,,0,,0,0,,,0,0.002939502
8,57,8057,1.26E-05,0,3.48E-05,0.0139,19.75563537,40.98096284,,3.596156106,,0,,0,0,,,0,3.95E-05
8,58,8058,0,0,4.15E-05,0.0166,43.80792581,61.77768081,,3.36369427,,0,,0,0,,,0,0.002150203
8,59,8059,6.99E-05,0,7.40E-05,0.0296,12.44550765,34.38968927,,6.368548641,,0,,0,0,,,0,0.00086059
8,60,8060,0.000135655,0,0.000156136,0.0624,50.72415099,44.17709547,,12.17300352,,0,,0,0,,,0.011330448,0.002300424
8,61,8061,1.82E-05,0,5.86E-05,0.0234,82.68070724,111.513717,,5.811977913,,0,,0,0,,,0,0.010941975
8,62,8062,0.001364941,0,0.000443086,0.177,236.6163423,203.1559733,,32.20380081,,0,,0,0,,,0.022874195,0.018552344
8,63,8063,2.80E-05,0,9.80E-05,0.0391,191.5357671,130.3694444,,9.558749345,,0,,0,0,,,0,0.015172362
8,64,8064,6.99E-06,0,2.77E-05,0.0111,27.84861754,26.08421354,,3.388767947,,0,,0,0,,,0,0.002562675
8,65,8065,8.53E-05,0,0.00032987,0.1318,76.47675542,71.85282405,,56.88730115,,0,,0,0,,,0,9.42E-05
8,66,8066,1.68E-05,0,0.000125243,0.05,35.00639109,44.37514559,,18.33970918,,0,,0,0,,,0,0
8,67,8067,6.15E-05,0,6.63E-05,0.0265,66.98787024,107.4584146,,6.431273103,,0,,0,0,,,0,0.008921624
9,2,9002,0.074533307,,0,,,0.0224,,637,,0,,0,0,,,0,0
9,3,9003,0.032248119,,0,,,0,,947,,0,,0,0,,,0.000660518,0
9,4,9004,0.007814844,,0,,0.334790963,14.4918786,,281,,0,,0,0,,,0.003450551,2.70E-05
9,5,9005,0.047523986,,0,,,0,,1780,,0,,0,0,,,0.003326553,0
9,6,9006,0.047399519,,0,,,0,,589,,0,,0,0,,,0.000932957,0
9,7,9007,0.102869808,,0,,,0,,2799,,0,,0,0,,,0.000488053,0
9,8,9008,0.002440391,,0,,1.645747061,27.30256092,,353,,0,,0,0,,,0.022620232,6.91E-05
9,9,9009,0.002118735,,0,,22.52146802,94.37268977,,191,,0,,0,0,,,0.000163643,0.004709004
9,10,9010,0.023617947,,0,,0.322312625,14.9102282,,1085,,0,,0,0,,,0,3.38E-05
9,11,9011,0.014148672,,0,,14.32830957,44.21506635,,554,,0,,0,0,,,0.005851367,0.002344116
9,12,9012,0.021826462,,0,,31.93056707,125.1955532,,935,,0,,0,0,,,5.59E-05,0.003506826
9,13,9013,0.020620951,,0,,4.63035044,74.66975293,,637,,0,,0,0,,,0.015613749,0.000611215
9,14,9014,0.031960027,,0,,,0,,547,,0,,0,0,,,0.000450295,0
9,15,9015,0.057093953,,0,,,0,,801,,0,,0,0,,,0.023303096,0
9,16,9016,0.058468683,,0,,,0.0244,,541,,0,,0,0,,,0.008243945,0
9,17,9017,0.021390129,,0,,,0.0488,,668,,0,,0,0,,,0.064613029,0
10,1,10001,0.000577582,0,0.000455289,0.1606,381.8471875,354.7784872,,53.44721993,,0,,0,0,,,0,0.060652928
10,2,10002,8.11E-05,0,6.42E-05,0.0227,23.97905552,76.55782273,,9.181317283,,0,,0,0,,,0,0.000872132
10,3,10003,0,0,6.65E-05,0.0234,30.53343513,145.9135317,,13.2117544,,0,,0,0,,,0,0.003839563
10,4,10004,0.000612545,0,0.000491577,0.1734,551.6692819,373.8758145,,56.99986514,,0,,0,0,,,0.00360857,0.001360463
10,5,10005,0.028645571,0,0.008735707,3.0817,395.6673524,956.8241754,,572.3982664,,0.003159005,,0,0,,,0.010439485,0.079679125
10,6,10006,4.06E-05,0,0.000148011,0.0522,113.6870231,308.7773803,,21.28867531,,0,,0,0,,,0,0.023967236
10,7,10007,0.03415568,0,0.005201376,1.8349,203.0356215,5029.596912,,334.0468657,,0,,0,0,,,0.005767677,0.03581668
10,8,10008,0.000633523,0,0.00049808,0.1757,510.9645108,213.5631458,,44.97285785,,0,,0,0,,,3.21E-05,0.076856789
10,9,10009,4.06E-05,0,0.000159877,0.0564,50.18757242,266.1778131,,20.33042499,,0,,0,0,,,0.00018063,0.000730157
10,10,10010,4.20E-06,0,6.45E-05,0.0227,173.8221233,329.488435,,7.465686638,,0,,0,0,,,0,0.00771813
10,11,10011,2.80E-05,0,7.24E-05,0.0256,70.53007187,327.7565245,,8.313751417,,0,,0,0,,,0.000181704,0.00029019
10,12,10012,0.006620521,0,0.002243915,0.7916,116.329717,1499.382478,,187.3616265,,0,,0,0,,,0.000341932,0.024566339
10,13,10013,0.000416754,0,0.000374347,0.1321,67.39802998,2258.406867,,32.8674191,,0,,0,0,,,0,0.017186764
10,14,10014,6.01E-05,0,0.000461953,0.163,147.6519609,446.7384729,,96.57888552,,0,,0,0,,,0,0.005115777
10,15,10015,6.57E-05,0,0.000190064,0.067,50.40474564,281.3362704,,20.28727222,,0,,0,0,,,0,0.010777612
10,16,10016,0.000160828,0,0.000271199,0.0957,185.6484398,165.4991976,,30.68068964,,0,,0,0,,,0,0.023960996
10,17,10017,0.000125865,0,0.000142889,0.0504,147.6586093,409.509223,,13.4999256,,0,,0,0,,,0,0.001497757
10,18,10018,0.000153836,0,0.0001606,0.0567,76.01435951,405.1379091,,17.67433923,,0,,0,0,,,9.29E-06,0.001107716
10,19,10019,4.20E-06,0,7.06E-05,0.0249,21.16992972,100.3207183,,13.03120098,,0,,0,0,,,0.001373831,0.000987584
10,20,10020,0.000432138,0,0.000180751,0.0638,232.5329227,112.2442796,,21.80203522,,0,,0,0,,,0,0.039181954
10,21,10021,0.00026152,0,0.000154081,0.0544,159.4675624,143.3747355,,16.17326781,,0,,0,0,,,0,0.031992719
10,22,10022,0.000276904,0,0.0003598,0.1269,392.5371306,153.8105737,,34.11660457,,0,,0,0,,,0,0.047673925
10,23,10023,0.002466962,0,0.000793091,0.2798,74.40845258,600.6601914,,109.810348,,0,,0,0,,,0,0.000553858
10,24,10024,0.000145444,0,0.000172353,0.0608,47.66196125,412.8430588,,16.91538292,,0,,0,0,,,0,0.010420334
10,25,10025,8.39E-06,0,5.78E-05,0.0204,68.96166471,247.881956,,8.646085028,,0,,0,0,,,0,0.001699018
10,26,10026,6.01E-05,0,0.000301658,0.1064,82.46647465,549.068395,,44.55260321,,0,,0,0,,,0.003663769,0.005179744
10,27,10027,2.80E-05,0,9.03E-05,0.0319,17.66692581,262.8773176,,10.2341807,,0,,0,0,,,0,0.006640057
10,28,10028,5.17E-05,0,0.000162013,0.0572,141.6005392,244.4952905,,20.57029126,,0,,0,0,,,0,0.019757914
10,29,10029,1.12E-05,0,3.11E-05,0.011,17.96844731,102.942192,,2.821118739,,0,,0,0,,,0,0.006778912
10,30,10030,2.80E-06,0,2.25E-05,0.0079,34.06557089,443.8611852,,2.437984603,,0,,0,0,,,0,0.00619541
10,31,10031,4.89E-05,0,9.85E-05,0.0347,161.4333489,132.7746742,,10.11535194,,0,,0,0,,,0,0.028047065
10,32,10032,0.001985877,0,0.000647794,0.2285,271.5967844,418.3722798,,68.52641765,,0,,0,0,,,0.004277057,0.04029279
10,33,10033,9.65E-05,0,0.000107805,0.038,82.00861509,81.53087209,,13.51036829,,0,,0,0,,,0,0.012078788
10,34,10034,0.000192994,0,0.000417925,0.1474,82.29092282,869.581007,,82.07915246,,0,,0,0,,,0,0
10,35,10035,0.000321656,0,0.000178952,0.0631,67.24228902,186.7912641,,25.98912285,,0,,0,0,,,0,0.00943119
10,36,10036,0.002149502,0,0.000320043,0.1129,64.3690359,1583.532544,,26.21870872,,0,,0,0,,,4.30E-05,0.012642007
10,37,10037,3.50E-05,0,0.000124247,0.0438,27.83144985,91.96863926,,21.73111013,,0,,0,0,,,1.38E-05,0.001505558
10,38,10038,0.000595763,0,0.000334109,0.1179,204.4855535,61.27505874,,29.29802546,,0,,0,0,,,0,0.024934538
10,39,10039,0.001475422,0,0.000373592,0.1318,331.557886,330.5054972,,36.30774449,,0,,0,0,,,0,0.055353051
11,1,11001,0,0.000357511,0.001197384,0.2647,593.6867103,552.9644623,,147.0536953,,0,,0,0,,,8.04E-05,0.053301587
11,2,11002,0.002115938,0.000520366,0.00156921,0.3469,252.4954848,409.6332484,,136.0344325,,0,,0,0,,,0.000697331,0.02279289
11,3,11003,0.005422003,0.001779846,0.002272994,0.5025,335.3908178,1400.924929,,334.484191,,0,,0,0,,,0.000150041,0.01969664
11,4,11004,0.001219496,0.000259701,0.000916953,0.2027,184.2863591,585.9671962,,111.2135525,,0,,0,0,,,1.46E-05,0.029544369
11,5,11005,0.007298796,0.000256329,0.001233126,0.2726,170.7879277,1171.526611,,112.8509171,,0,,0,0,,,0.000608462,0.017812891
11,6,11006,2.80E-06,5.78E-06,7.89E-05,0.0174,13.67160723,68.08337832,,15.8644976,,0,,0,0,,,0,0
11,7,11007,0.04203905,0.00332119,0.006903439,1.5262,383.0837267,894.3695286,,418.4010093,,0,,0,0,,,0.005749369,0.033089694
11,8,11008,0.001422279,0.000118046,0.000523611,0.1158,395.2527849,418.7812528,,72.69545377,,0,,0,0,,,3.09E-06,0.035072712
11,9,11009,0.000830712,0.000195619,0.001119461,0.2475,164.5616814,442.6244179,,150.8326495,,0,,0,0,,,0.000345985,0.022453721
11,10,11010,0.000183204,6.41E-05,0.000178262,0.0394,25.77518268,156.3255158,,23.75782588,,0,,0,0,,,5.35E-06,0.003512235
11,11,11011,0.004140972,0.000443275,0.00132815,0.2936,164.3657706,559.686241,,112.6845585,,0,,0,0,,,2.34E-05,0.020689331
11,12,11012,0.000388784,0.000111301,0.000370333,0.0819,193.3594067,150.2945936,,37.21449695,,0,,0,0,,,2.82E-06,0.010627701
11,13,11013,0.000771975,1.64E-05,0.000349732,0.0773,137.2823774,283.5773064,,58.41228951,,0,,0,0,,,0,0.013267785
11,14,11014,0.005286348,0.00059553,0.002171354,0.48,416.8428632,715.7736941,,319.307938,,0,,0,0,,,0.000508201,0.025259254
11,15,11015,0.002556467,0.001725882,0.002576418,0.5696,57.40301828,267.9223233,,234.1201768,,0.003159005,,0,0,,,0.022870586,0.005485798
11,16,11016,0.000153836,4.96E-05,0.00028247,0.0624,166.6801506,203.8161355,,27.29620414,,0,,0,0,,,2.61E-07,0.010778968
11,17,11017,0.0357262,0.003265299,0.007682096,1.6983,676.1837863,909.6405369,,566.2023833,,0,,0,0,,,0.004351842,0.062342164
11,18,11018,0.001404099,0.000139728,0.000495238,0.1095,202.6460003,148.11491,,39.09000936,,0,,0,0,,,6.83E-05,0.016278947
11,19,11019,0.000251731,0.000107446,0.000705518,0.156,258.125722,297.1291067,,132.3981919,,0,,0,0,,,1.06E-05,0.032559077
11,20,11020,0.155068995,0.009842634,0.021958763,4.8545,329.9333667,1210.565002,,1138.413403,,0,,0,0,,,0.024994022,0.04037179
11,21,11021,0.006374384,0.000482303,0.000739108,0.1634,16.58488699,145.7929979,,54.50985567,,0,,0,0,,,2.30E-05,0.001746663
11,22,11022,0.000201385,4.96E-05,0.000320814,0.0709,396.2882995,195.6471713,,49.28241836,,0,,0,0,,,0,0.017431178
11,23,11023,0.003952174,0.000389793,0.002181952,0.4824,1309.635384,1536.805076,,276.354748,,0,,0,0,,,0.001098025,0.073018318
11,24,11024,0.000194392,6.75E-05,0.000151126,0.0334,71.97054499,292.2975486,,16.00787194,,0,,0,0,,,0,0.004818096
11,25,11025,0.009502839,0.000198992,0.001000496,0.2212,261.3811968,345.9955275,,80.02458047,,0,,0,0,,,0.000119659,0.020023992
11,26,11026,0.000837704,0.000144064,0.000784918,0.1735,264.9138937,288.4322614,,93.95475277,,0,,0,0,,,0,0.034491278
11,27,11027,0.012238314,0.001448835,0.003808436,0.842,619.6176547,596.2171591,,283.201279,,0,,0,0,,,0.001669038,0.057092721
11,28,11028,0.002608211,0.000617694,0.00143785,0.3179,401.6374517,397.8291825,,125.9559567,,0,,0,0,,,0.000150612,0.033159418
11,29,11029,0.000427942,7.13E-05,0.000543409,0.1201,199.6947563,558.0600026,,117.1217414,,0,,0,0,,,0,0.008375238
11,30,11030,0.001122999,0.000231756,0.001523513,0.3368,841.8435191,610.6910394,,250.6882691,,0,,0,0,,,3.51E-05,0.044395733
11,31,11031,0.019646194,0.000740558,0.001699045,0.3756,305.9172347,278.0142546,,157.7019277,,0,,0,0,,,0.002893397,0.024254745
11,32,11032,0.009114055,0.000448575,0.000988213,0.2185,218.9084296,260.8281344,,116.6544653,,0,,0,0,,,0.010694976,0.021620569
11,33,11033,0.001750928,0.00043653,0.00163204,0.3608,245.4458646,1077.461675,,226.0418734,,0,,0,0,,,0.00172972,0.023803307
11,34,11034,7.27E-05,2.65E-05,7.19E-05,0.0159,9.664412007,44.89918481,,10.54292195,,0,,0,0,,,0,0.000516436
11,35,11035,0.004350748,0.000308365,0.001158189,0.256,210.7828968,752.4258743,,118.4066158,,0,,0,0,,,0.000226032,0.022453721
11,36,11036,0.000135655,1.59E-05,9.72E-05,0.0215,41.55180028,43.64651396,,8.390844818,,0,,0,0,,,0,0.003837223
11,37,11037,0.02019161,0.000814277,0.002489535,0.5504,178.6679156,593.2977334,,236.4899393,,0,,0,0,,,0.000701012,0.022021191
11,38,11038,0.000218167,2.84E-05,0.000157645,0.0349,67.59605523,91.6273563,,13.71348499,,0,,0,0,,,0.000163873,0.004431655
11,39,11039,0.000503462,0.000131537,0.000503154,0.1112,137.1553768,168.3183916,,48.45055235,,0,,0,0,,,3.35E-05,0.017649806
11,40,11040,9.51E-05,2.46E-05,0.000274426,0.0607,10.2483138,93.97802811,,54.90082747,,0,,0,0,,,1.56E-05,0.000783517
11,41,11041,0.004268236,0.000424484,0.000839431,0.1856,19.20358562,147.225345,,61.52393787,,0,,0,0,,,4.27E-05,0.001394494
11,42,11042,0.002748062,0.000481339,0.002016214,0.4457,600.0116722,620.8323886,,224.9593595,,0,,0,0,,,0.00046646,0.062956687
11,43,11043,0.000124467,3.23E-05,0.000320653,0.0709,51.5543364,302.761082,,64.52850981,,0,,0,0,,,0,0.001269226
11,44,11044,0.006714221,0.000266929,0.000826987,0.1828,173.4609321,568.6733971,,60.64011715,,0,,0,0,,,0.000904251,0.019387015
11,45,11045,2.94E-05,2.22E-05,0.000165224,0.0365,42.42912588,115.8843173,,33.97782547,,0,,0,0,,,0,0.00023281
11,46,11046,0.001274038,0.000254883,0.000972846,0.2151,227.6525965,241.6220679,,114.7049486,,0,,0,0,,,0.000154088,0.015315801
12,1,12001,0.011014623,0,0.011443694,0,215.7822808,437.0627065,,1009.911541,,0.033248992,,0,0,,,0.00995766,0.001150526
12,2,12002,9.37E-05,0,0.000391769,0,35.9258378,131.0025503,,93.96217848,,0,,0,0,,,0,0.000309329
12,3,12003,0.000390183,0,0.000579424,0,105.102446,679.9880905,,120.6996118,,0,,0,0,,,3.83E-05,0.000914048
12,4,12004,4.62E-05,0,0.000272017,0,25.92981251,31.45230344,,82.64075913,,0,,0,0,,,0,0.000218389
12,5,12005,5.31E-05,0,8.95E-05,0,5.863298723,15.97394351,,7.043919348,,0,,0,0,,,0,3.90E-05
12,6,12006,0.000206979,0,0.000190995,0,23.56768269,256.8114923,,32.75286947,,0,,0,0,,,3.59E-07,0.000207105
12,7,12007,0.000516048,0,0.000488382,0,50.64142902,656.3344167,,68.5520365,,0,,0,0,,,0,0.000385666
12,8,12008,0.000127264,0,0.000117535,0,16.95396532,241.3082396,,21.81391304,,0,,0,0,,,0,0.000153171
12,9,12009,5.59E-06,0,8.66E-05,0,11.16724739,24.14508481,,22.94523414,,0,,0,0,,,0,9.56E-05
12,10,12010,4.75E-05,0,0.000391496,0,22.68514776,96.91931351,,84.8437717,,0,,0,0,,,0,0.000196816
12,11,12011,0.000822321,0,0.000924869,0,1121.474991,208.3046022,,131.2859473,,0,,0,0,,,0,0.000767349
12,12,12012,0.000366408,0,0.000929766,0,65.46289905,341.4306746,,224.1885519,,0,,0,0,,,0,0.000517596
12,13,12013,0.000116076,0,0.000204788,0,13.86617151,245.3100121,,41.68848625,,0,,0,0,,,4.71E-06,0.000230503
12,14,12014,0,0,0.000223944,0,19.61368875,145.1091961,,26.45643544,,0,,0,0,,,0,7.80E-05
12,15,12015,0.001001329,0,0.000186467,0,6.032206335,185.6188035,,18.03553091,,0,,0,0,,,0.000189604,6.47E-05
12,16,12016,2.94E-05,0,0.000205061,0,65.80692733,359.0200557,,61.48097069,,0,,0,0,,,0,0.000298543
12,17,12017,0.000148241,0,0.000209332,0,30.72494869,248.9794405,,28.30058162,,0,,0,0,,,0,0.000239299
12,18,12018,0.000110482,0,0.000184572,0,24.20689336,85.56284779,,34.53539744,,0,,0,0,,,2.56E-05,0.000155992
12,19,12019,0.003850083,0,0.000231089,0,18.2332352,112.1139748,,50.35426561,,0,,0,0,,,0,0.000170762
12,20,12020,4.06E-05,0,0.000303007,0,20.90247316,38.05542084,,96.19319824,,0,,0,0,,,1.30E-05,0.000177732
12,21,12021,0.000578981,0,0.001110196,0,250.2459873,276.7433006,,202.3860793,,0,,0,0,,,8.51E-05,0.00099304
12,22,12022,0.000314664,0,0.000651551,0,105.981697,732.8749043,,114.7671167,,0,,0,0,,,0.000821506,0.001105554
12,23,12023,0.000546815,0,0.000362883,0,57.50094052,638.8796873,,62.5808929,,0,,0,0,,,0,0.000221376
12,24,12024,6.57E-05,0,0.000113714,0,13.0820034,25.15512565,,18.1397833,,0,,0,0,,,0,0.000114837
12,25,12025,9.79E-05,0,0.000237817,0,42.50057188,97.71681434,,54.77457022,,0,,0,0,,,0,0.00035231
12,26,12026,6.01E-05,0,0.000137044,0,16.40185699,184.8838673,,21.18181874,,0,,0,0,,,0,0.000142882
12,27,12027,0.000167821,0,0.000310088,0,47.52980836,439.3144531,,38.27171929,,0,,0,0,,,0,0.000534024
12,28,12028,0.004770299,0,0.001856995,0,61.38037545,200.027628,,396.1745526,,0,,0,0,,,6.98E-05,0.000739636
12,29,12029,0.004932526,0,0.003578167,0,65.1824657,360.0953385,,275.7575198,,0,,0,0,,,0.003368781,0.000516434
12,30,12030,0.000272708,0,0.000291767,0,40.82557682,138.8866881,,56.97430172,,0,,0,0,,,0,0.000197314
12,31,12031,6.43E-05,0,9.66E-05,0,19.25695431,187.1255847,,17.26956865,,0,,0,0,,,0,0.000166115
12,32,12032,0.000197189,0,0.000562018,0,81.8346485,221.8072773,,127.1836982,,0,,0,0,,,0,0.000704122
12,33,12033,0.000100692,0,0.000211323,0,20.1524709,27.07261081,,22.96683832,,0,,0,0,,,0,0.0001311
12,34,12034,0.001192924,0,0.000540213,0,53.2047286,388.4517567,,74.18960665,,0,,0,0,,,9.25E-05,0.000500337
12,35,12035,0.004680795,0,0.00201912,0,33.69387877,379.1714355,,160.5838182,,0,,0,0,,,0.000302845,0.0003392
12,36,12036,0.000173415,0,0.000172514,0,27.31888495,77.80300048,,40.38831378,,0,,0,0,,,6.11E-05,0.000196484
12,37,12037,0.000293686,0,9.31E-05,0,11.44904072,112.755001,,15.50882198,,0,,0,0,,,1.14E-05,9.34E-05
12,38,12038,0.002541083,0,0.001710172,0,73.06782693,316.6151637,,157.2889845,,0,,0,0,,,0.000359537,0.000397946
12,39,12039,0.000293686,0,0.000367202,0,39.66232987,194.6882916,,49.12900927,,0,,0,0,,,0.000172407,0.000295224
12,40,12040,0.00377876,0,0.000363075,0,42.55858489,104.8717853,,43.47264028,,0,,0,0,,,0,0.000426489
12,41,12041,3.36E-05,0,0.000440051,0,158.5659988,53.2352491,,114.0374868,,0,,0,0,,,0,0.000292402
12,42,12042,0.001027901,0,0.000262143,0,18.73092412,95.30998381,,33.71249073,,0,,0,0,,,0,0.000184867
12,43,12043,4.06E-05,0,0.000285923,0,41.37716557,22.54779448,,86.70806831,,0,,0,0,,,0,0.000255064
12,44,12044,5.73E-05,0,0.00017884,0,19.04193156,127.4005245,,23.32984652,,0,,0,0,,,0,0.000158813
12,45,12045,0.000685267,0,0.000355207,0,25.86548071,83.16059769,,91.099397,,0,,0,0,,,0,0.000265187
12,46,12046,0.00185162,0,0.000952005,0,73.79197216,337.5216787,,172.6177902,,0,,0,0,,,4.51E-05,0.000569372
12,47,12047,3.50E-05,0,0.000108174,0,19.17944569,223.5200589,,28.31601449,,0,,0,0,,,0,0.000162962
12,48,12048,0.000756591,0,0.000694599,0,108.3028266,309.8383204,,102.0934655,,0,,0,0,,,0.000153615,0.00052805
12,49,12049,0.000425145,0,0.000175548,0,12.80788328,88.55825695,,21.84847882,,0,,0,0,,,9.88E-05,0.000167111
12,50,12050,0.001089435,0,0.00059182,0,6.781020777,396.6067396,,53.46325491,,0,,0,0,,,2.86E-06,9.06E-05
12,51,12051,0.000153836,0,0.000562918,0,55.04036916,181.8055346,,103.6572985,,0,,0,0,,,0,0.000476108
12,52,12052,0.000893644,0,0.000736973,0,223.1279815,335.3079396,,197.7322472,,0,,0,0,,,0,0.000918197
12,53,12053,0.00066429,0,0.000690842,0,151.2820942,371.376587,,166.7479774,,0,,0,0,,,0,0.001069045
12,54,12054,0.00015943,0,0.000433982,0,64.83753408,635.8535553,,120.7434667,,0,,0,0,,,2.19E-05,0.000588456
12,55,12055,0.010853795,0,0.001559945,0,35.35793214,241.6463066,,161.2852147,,0,,0,0,,,0.005717576,0.000357952
12,56,12056,0.000184603,0,0.000688594,0,55.29938048,266.9358713,,181.5508085,,0,,0,0,,,0,0.000409231
12,57,12057,0.002331307,0,0.000913677,0,179.8112156,284.950143,,121.845901,,0,,0,0,,,0,0.000550785
12,58,12058,0.000744004,0,0.00080067,0,58.55011085,317.2352228,,131.8508113,,0,,0,0,,,5.30E-05,0.000506311
12,59,12059,0.000269911,0,0.000449059,0,34.9479275,274.0533182,,65.72519656,,0,,0,0,,,8.75E-05,0.000338868
12,60,12060,0.000247535,0,0.000198542,0,13.2495238,162.9872373,,30.16016618,,0,,0,0,,,0,0.000128611
12,61,12061,0.001875395,0,0.000636843,0,18.51287518,128.2752099,,74.05511538,,0,,0,0,,,0.000602082,0.000145703
12,62,12062,0.000562199,0,0.000322853,0,46.15852471,111.4042551,,95.33857445,,0,,0,0,,,0,0.000362267
12,63,12063,2.80E-06,0,0.000138923,0,13.18807703,30.45548723,,34.54289559,,0,,0,0,,,0,7.97E-05
12,64,12064,0.000295084,0,0.000172433,0,48.2876308,325.5267532,,24.70913064,,0,,0,0,,,0,0.000216564
12,65,12065,5.31E-05,0,9.85E-05,0,10.5009267,18.83033229,,16.17118463,,0,,0,0,,,0,9.99E-05
12,66,12066,0.000717433,0,0.001135822,0,29.03183675,150.8743907,,184.8430408,,0,,0,0,,,0.000133741,0.000294892
12,67,12067,0.000660094,0,0.000324651,0,35.56084725,338.8766068,,39.69980684,,0,,0,0,,,0,0.00027365
12,68,12068,0.000123068,0,0.000391849,0,40.42317931,18.4346,,71.63437873,,0,,0,0,,,0,0.000301364
12,69,12069,1.96E-05,0,0.000202733,0,8.109596414,30.34827846,,58.5423224,,0,,0,0,,,0,6.80E-05
12,70,12070,0.000104888,0,0.000108351,0,6.241904007,30.40042068,,11.98334268,,0,,0,0,,,0,4.71E-05
12,71,12071,0.001315993,0,0.000438462,0,42.03823139,68.68043892,,95.37099241,,0,,0,0,,,0,0.000342021
12,72,12072,1.40E-06,0,0.000156007,0,10.04540765,36.95871473,,30.52880778,,0,,0,0,,,0,8.11E-05
12,73,12073,0.000132858,0,0.000307985,0,56.75000411,562.2323646,,63.1302982,,0,,0,0,,,8.05E-06,0.000670435
12,74,12074,0.00397455,0,0.000342699,0,31.5727061,121.8497412,,45.26542677,,0,,0,0,,,0,0.000256392
12,75,12075,0.003162019,0,0.000641531,0,39.67208652,116.6945179,,80.22678809,,0,,0,0,,,0.003342765,0.000344013
12,76,12076,5.59E-06,0,0.000512419,0,28.54627644,58.06831227,,110.5036776,,0,,0,0,,,0,0.000203454
12,77,12077,0.000258723,0,0.000212559,0,28.49272384,137.6909993,,31.89817514,,0,,0,0,,,0,0
12,78,12078,1.40E-06,0,0.00029644,0,15.2904114,13.75182531,,106.2310611,,0,,0,0,,,0,0
12,79,12079,0.000103489,0,0.000263973,0,32.46328167,39.3048349,,80.53598846,,0,,0,0,,,0,0
12,80,12080,6.57E-05,0,0.000113553,0,18.48695835,118.3707314,,25.47541414,,0,,0,0,,,0,0
12,81,12081,2.38E-05,0,0.000170972,0,98.81786509,12.3261715,,38.045016,,0,,0,0,,,0,0
13,1,13001,0.000167821,9.51E-06,0.000275181,0.0974,41.29013272,309.4926248,,38.33497457,,0,,0,0,,,2.93E-05,0.005219838
13,2,13002,0.000349626,2.66E-05,0.000558502,0.1977,39.59472896,182.2369859,,73.16555274,,0,,0,0,,,0,0.001222167
13,3,13003,0.003672473,0.00017834,0.000783168,0.2772,30.51054112,306.6796314,,69.14477952,,0,,0,0,,,3.48E-06,0.005483195
13,4,13004,9.93E-05,1.07E-05,0.000138698,0.0491,13.76640495,209.2014645,,13.54100119,,0,,0,0,,,0.000334053,0.002084781
13,5,13005,0.002535489,2.36E-05,0.000268774,0.0951,38.28641766,145.8822334,,28.96921015,,0,,0,0,,,2.21E-05,0.012138094
13,6,13006,0.000269911,1.15E-05,0.000257213,0.091,58.5063907,217.012,,44.81624155,,0,,0,0,,,8.54E-06,0.012549689
13,7,13007,0.000191595,3.57E-06,0.000176078,0.0623,33.26271016,279.7011672,,17.92644853,,0,,0,0,,,1.58E-06,0.020243824
13,8,13008,0.001749529,8.76E-05,0.000631608,0.2235,57.80360687,318.2762586,,48.41630981,,0,,0,0,,,3.54E-05,0.040840895
13,9,13009,0.000100692,2.16E-05,0.000238828,0.0845,11.94189256,147.8665824,,28.2132914,,0,,0,0,,,1.03E-05,0.002538954
13,10,13010,0.013445224,3.23E-05,0.00043122,0.1526,13.02906573,149.3583894,,32.93543646,,0,,0,0,,,0,0.002947395
13,11,13011,0.000100692,2.28E-05,0.000318855,0.1129,35.50121545,79.91561571,,32.78538483,,0,,0,0,,,2.91E-06,9.46E-05
13,12,13012,0.000688064,4.52E-05,0.000363637,0.1287,33.93322548,367.5220525,,51.60851565,,0,,0,0,,,1.66E-07,0.00945248
13,13,13013,0.002748062,5.01E-05,0.000448176,0.1586,11.56804757,157.8716498,,40.46780033,,0,,0,0,,,0.001297093,0.00334795
13,14,13014,0.00013985,1.31E-05,0.000258048,0.0913,49.09852497,44.47547914,,20.58147555,,0,,0,0,,,0,0
13,15,13015,7.27E-05,6.94E-06,0.000242762,0.0859,23.54775143,381.0985323,,31.63627642,,0,,0,0,,,2.75E-05,0.002253519
13,16,13016,0.001497799,4.12E-05,0.000729121,0.2581,61.19212301,261.2598743,,87.10248886,,0,,0,0,,,0,0.016990493
13,17,13017,0.000218167,7.73E-06,0.000186885,0.0661,26.72027071,273.8006922,,35.78236001,,0,,0,0,,,1.62E-05,0.004183755
13,18,13018,0.000135655,2.64E-05,0.000321135,0.1137,74.97759231,216.1505021,,28.40591713,,0,,0,0,,,6.87E-06,0
13,19,13019,2.10E-05,5.55E-06,0.000235183,0.0832,18.74414375,144.7020084,,27.87931461,,0,,0,0,,,0,0.007547476
13,20,13020,8.39E-06,3.96E-07,3.64E-05,0.0129,5.208347101,56.42041264,,2.70316533,,0,,0,0,,,6.70E-08,0.000883115
13,21,13021,0.000418153,2.69E-05,0.000201384,0.0713,6.90951275,166.7499057,,14.23028108,,0,,0,0,,,0,0.004674199
13,22,13022,0.000142647,4.16E-06,0.000181168,0.0641,24.35712861,294.3013461,,18.85200559,,0,,0,0,,,6.43E-05,0.015296806
13,23,13023,0.000464304,5.05E-05,0.000468119,0.1657,24.80791287,137.3276036,,38.40026898,,0,,0,0,,,2.42E-05,0.010453869
13,24,13024,3.08E-05,3.27E-05,0.000236564,0.0837,32.49793613,319.141846,,32.0610221,,0,,0,0,,,0,0.008990422
13,25,13025,0.000192994,1.45E-05,0.000368294,0.1303,60.78483023,153.3620538,,25.77830317,,0,,0,0,,,3.73E-06,0.000741185
13,26,13026,1.96E-05,1.59E-06,0.000203792,0.0721,36.34240765,61.35787487,,25.62866138,,0,,0,0,,,0,0
13,27,13027,0.000114677,1.39E-05,0.000366126,0.1296,129.9553166,169.5171807,,42.01676764,,0,,0,0,,,0,0
13,28,13028,0.002293548,0.00025364,0.00198113,0.7012,161.9389983,283.6033331,,198.5268002,,0,,0,0,,,0.000708187,0.001734689
13,29,13029,0.002138314,8.12E-05,0.00062631,0.2217,72.51591273,825.9907812,,82.09392185,,0,,0,0,,,0.0040324,0.015695784
13,30,13030,0.002397037,0.000308529,0.001132964,0.401,63.75643053,686.4754047,,109.1143756,,0,,0,0,,,2.17E-07,0.017808951
13,31,13031,9.79E-05,3.11E-05,0.000185263,0.0656,12.96801895,193.7247722,,17.15989035,,0,,0,0,,,1.25E-05,0.001813539
13,32,13032,0.000723027,1.94E-05,0.000170234,0.0603,21.43292284,34.05950667,,16.50481489,,0,,0,0,,,0,0
13,33,13033,2.80E-06,2.38E-06,4.36E-05,0.0154,3.269069597,29.81128984,,3.198955664,,0,,0,0,,,0,0
13,34,13034,8.39E-06,3.96E-07,0.00015323,0.0542,16.40086999,49.92827961,,11.41777387,,0,,0,0,,,0.00386488,0
13,35,13035,0.000226558,1.59E-06,0.000142712,0.0505,28.71451339,283.137208,,13.0815073,,0,,0,0,,,0.000272585,0.009670105
13,36,13036,8.11E-05,1.33E-05,0.000132966,0.0471,13.1407135,66.75648473,,13.62815291,,0,,0,0,,,0,0.00118432
13,37,13037,8.11E-05,1.49E-05,0.000317378,0.1123,25.45796178,131.5784441,,38.65827984,,0,,0,0,,,0,0.009417786
13,38,13038,1.82E-05,3.29E-05,0.000105621,0.0374,11.65033209,157.1000189,,17.44189326,,0,,0,0,,,0,0.001096008
13,39,13039,0.00023355,7.95E-05,0.000183962,0.0651,2.759279783,121.215241,,16.94033464,,0,,0,0,,,0.000457971,0.000417902
13,40,13040,2.80E-05,6.34E-06,0.000153824,0.0544,17.926698,184.7991078,,15.50660964,,0,,0,0,,,0,0
13,41,13041,0.001467031,6.38E-05,0.000614315,0.2174,51.51151363,172.9867371,,50.55936744,,0,,0,0,,,0.000718859,0.015487622
13,42,13042,9.23E-05,1.47E-05,0.000166492,0.0589,18.03037511,74.88564016,,13.00041276,,0,,0,0,,,2.29E-07,0
13,43,13043,1.68E-05,2.58E-06,9.59E-05,0.034,4.074140374,91.59431663,,11.19759154,,0,,0,0,,,5.33E-05,9.46E-05
13,44,13044,0.000114677,7.73E-06,0.000245588,0.0869,37.53559025,357.1463871,,41.89155147,,0,,0,0,,,0,0.008438475
13,45,13045,4.06E-05,4.56E-06,0.000116717,0.0413,7.345370524,151.9180503,,17.17887497,,0,,0,0,,,0,0.000820035
13,46,13046,0.000584575,2.95E-05,0.000648596,0.2296,93.34199084,349.6315869,,57.88712251,,0,,0,0,,,0,0.000362708
13,47,13047,9.79E-06,7.93E-07,6.58E-05,0.0233,3.789749294,95.10732313,,10.47415233,,0,,0,0,,,0,0.000184508
13,48,13048,0.009358793,0.001435243,0.004709814,1.6669,9.949368698,120.794882,,277.1942318,,0.008902111,,0,0,,,0.01520692,0.006315846
13,49,13049,8.11E-05,1.03E-05,0.000278135,0.0984,88.02354218,192.2174264,,28.35944561,,0,,0,0,,,0,0.000189239
13,50,13050,0.000917419,6.06E-05,0.000311854,0.1104,22.70496438,88.63176012,,23.25046066,,0,,0,0,,,0.002031484,0.0061408
13,51,13051,0.004236071,0.000271077,0.001346166,0.4764,12.60394669,216.731034,,94.07163917,,0,,0,0,,,0.002548171,0.005787554
13,52,13052,0.000478289,2.10E-05,0.000465052,0.1646,31.30525598,273.4486837,,59.63690813,,0,,0,0,,,3.73E-05,0.00977734
13,53,13053,8.39E-05,2.02E-05,0.000289005,0.1023,84.09274862,136.0852957,,38.66486624,,0,,0,0,,,0,0
13,54,13054,0.000130061,9.71E-06,0.000441223,0.1562,34.4846461,195.5935855,,44.69614436,,0,,0,0,,,2.14E-05,0.009269549
13,55,13055,0.000107685,6.54E-06,0.000218404,0.0773,21.39995813,173.1563751,,25.67780499,,0,,0,0,,,8.91E-07,0.003609731
13,56,13056,0.001570521,3.31E-05,0.000492589,0.1743,15.52198888,154.9404631,,38.30469659,,0,,0,0,,,0,0.001460293
13,57,13057,0.000590169,1.49E-05,0.000203343,0.072,35.58781301,264.777546,,21.06306714,,0,,0,0,,,3.85E-05,0.020620725
13,58,13058,0.000170618,1.62E-05,0.000236163,0.0836,26.55545181,312.7867131,,34.84190459,,0,,0,0,,,0,0.006904064
13,59,13059,0.000232152,2.77E-05,0.000484785,0.1716,51.58331254,1038.857237,,79.66453416,,0,,0,0,,,3.19E-05,0.016930568
13,60,13060,0.000102091,1.82E-05,0.000241686,0.0855,29.43740195,131.9626282,,24.1219704,,0,,0,0,,,0,0.000977734
13,61,13061,0.009744781,0.000136133,0.000794938,0.2813,19.06414977,217.0439159,,58.5099258,,0,,0,0,,,4.82E-05,0.014243376
13,62,13062,9.79E-06,3.57E-06,0.000458019,0.1621,27.31714482,86.62218525,,35.32976455,,0,,0,0,,,8.38E-06,0
13,63,13063,0.016463197,0.000139898,0.001146259,0.4057,42.98650156,282.2197935,,108.321663,,0,,0,0,,,4.50E-05,0.011639765
13,64,13064,2.94E-05,3.57E-06,0.000145153,0.0514,12.55527776,129.2910597,,16.25403364,,0,,0,0,,,5.04E-06,0.004149061
13,65,13065,0.000132858,1.09E-05,0.000164517,0.0582,12.20882794,101.7783588,,15.34340501,,0,,0,0,,,0,0.002518454
13,66,13066,0.000723027,3.69E-05,0.000191942,0.0679,8.641101388,285.5600191,,15.60051443,,0,,0,0,,,0.000175558,0.006043027
13,67,13067,0.00054262,3.39E-05,0.000706224,0.25,38.74785621,218.429094,,75.14049378,,0,,0,0,,,8.42E-06,0.01369143
13,68,13068,6.43E-05,3.76E-06,0.000222739,0.0788,17.74042263,46.3440361,,21.7639267,,0,,0,0,,,0,0
13,69,13069,0.016330339,0.000232635,0.001004703,0.3556,13.00134336,565.3080706,,69.74206402,,0,,0,0,,,3.42E-05,0
13,70,13070,0.000430739,3.61E-05,0.000263925,0.0934,12.45318658,98.90645472,,19.8304123,,0,,0,0,,,2.38E-05,0.003633386
13,71,13071,0,3.57E-06,0.000143997,0.051,9.795841043,75.12533662,,11.57457411,,0,,0,0,,,0,0.00040844
13,72,13072,0.000478289,1.43E-05,0.000133576,0.0473,9.747264454,171.1523788,,9.854882952,,0,,0,0,,,5.95E-05,0.006634398
13,73,13073,0.000117474,1.68E-05,0.000561296,0.1987,116.3062776,73.21656668,,44.72537993,,0,,0,0,,,0,0
13,74,13074,0.001334173,6.54E-05,0.000425456,0.1506,21.55694278,123.4410038,,33.28650301,,0,,0,0,,,0,0.006621782
13,75,13075,0.000815328,3.78E-05,0.00019456,0.0689,13.76280769,475.4335075,,14.10192503,,0,,0,0,,,0,0.008436898
13,76,13076,0.004083634,0.000318635,0.001562916,0.5532,43.67785791,311.9411505,,132.6211513,,0,,0,0,,,0.001968136,0.015486045
13,77,13077,0.00703308,0.000450607,0.002134825,0.7556,42.56278679,281.8213691,,151.8416754,,0,,0,0,,,0.001040198,0.007066494
13,78,13078,2.38E-05,3.37E-06,0.000314327,0.1112,36.22392207,35.7362803,,34.77411596,,0,,0,0,,,1.08E-06,0.000252318
13,79,13079,1.82E-05,1.98E-06,0.000111193,0.0394,17.55140224,31.60212445,,9.457260251,,0,,0,0,,,0.000948603,0
13,80,13080,7.97E-05,2.38E-06,0.000386614,0.1368,41.28083591,36.04693744,,38.55555341,,0,,0,0,,,1.79E-06,0.000126159
13,81,13081,0.002097757,4.50E-05,0.000422678,0.1496,6.241497736,49.92474701,,30.24960904,,0,,0,0,,,1.66E-07,0
13,82,13082,0.001357948,1.84E-05,0.000279227,0.0988,14.82001262,224.6061483,,22.69216592,,0,,0,0,,,0,0.01151676
13,83,13083,0.000387386,2.83E-05,0.000467862,0.1656,44.38285378,466.8483351,,40.11818345,,0,,0,0,,,0.000526972,0.02865076
13,84,13084,0.000517447,5.69E-05,0.00052056,0.1842,12.69964907,205.8235464,,64.8602542,,0,,0,0,,,0.002602543,0.002644613
14,1,14001,0.001444655,4.87E-05,0.000287592,0.0104,66.28685133,2243.616125,,22.89226979,,0,,0,0,,,0,0.014366025
14,2,14002,0.00081393,0.000119973,0.000378602,0.0137,26.2131064,280.3043181,3.784552338,25.86311057,,0,,0,0,,,7.83E-05,0.00418328
14,3,14003,0.000427942,0.000122864,0.000351611,0.0127,108.7954253,87.32398644,25.05154405,24.74691779,,0,,0,0,,,0,0.013896103
14,4,14004,4.20E-05,1.49E-05,7.84E-05,0.0028,27.09346205,108.7252668,,5.782169177,,0,,0,0,,,0,0.003744656
14,5,14005,0.001612476,5.20E-05,0.000224313,0.0081,7.033500361,52.78541818,0.836777572,16.91521495,,0,,0,0,,,0,0.008558808
14,6,14006,0.001753725,0.000335347,0.000842257,0.0305,166.8248013,949.2550346,27.73967242,60.69906045,,0,,0,0,,,0,0.024792915
14,7,14007,9.79E-05,2.46E-05,0.000132051,0.0048,55.31265258,48.01537743,9.795569867,10.16553868,,0,,0,0,,,0,0.007326254
14,8,14008,0.004782886,0.000450984,0.000957352,0.0347,134.2825448,1636.931243,,76.26474545,,0,,0,0,,,0,0.031956961
14,9,14009,0,8.82E-05,0.000243083,0.0088,36.59047751,294.2426788,9.272362031,16.94771522,,0,,0,0,,,5.68E-05,0.006953713
14,10,14010,0.000102091,1.88E-05,0.000102619,0.0037,25.96271644,99.05865043,,9.653863486,,0,,0,0,,,0,0.003690869
14,11,14011,4.62E-05,1.64E-05,7.57E-05,0.0027,56.78067066,123.5369821,,7.356927723,,0,,0,0,,,0,0.014127101
14,12,14012,6.15E-05,2.22E-05,6.35E-05,0.0023,35.24320611,125.4048636,,5.260242205,,0,,0,0,,,0,0.006589099
14,13,14013,0.003237538,0.000300656,0.000823438,0.0298,219.2560072,2090.775174,,62.96977993,,0,,0,0,,,3.02E-06,0.034184278
14,14,14014,0.000384589,5.11E-05,0.000121598,0.0044,53.70968801,99.12281622,,8.945758652,,0,,0,0,,,0,0.007233402
14,15,14015,0.002241803,0.000473148,0.000866984,0.0314,84.54680247,249.0431131,22.60291258,61.87570167,,0,,0,0,,,8.83E-05,0.016647694
14,16,14016,0.002535489,0.000110819,0.000557137,0.0202,223.7244664,680.1946659,,43.51977903,,0,,0,0,,,5.00E-07,0.024697515
14,17,14017,0.000229355,9.11E-05,0.000189903,0.0069,79.00547295,57.44356669,,17.25495061,,0,,0,0,,,0,0.014762345
14,18,14018,0.001567724,0.000308847,0.000935498,0.0339,413.864423,1372.285423,,65.09524694,,0,,0,0,,,8.74E-05,0.051125249
14,19,14019,1.54E-05,1.25E-05,7.92E-05,0.0029,12.61246566,75.03674278,,17.23510123,,0,,0,0,,,0,0.001696249
14,20,14020,6.43E-05,6.75E-05,0.000147144,0.0053,40.43271401,133.0847565,,19.73543862,,0,,0,0,,,0,0.046205222
14,21,14021,0.001136984,0.00019321,0.000292104,0.0106,69.98064657,315.0172655,22.83102974,20.51577072,,0,,0,0,,,3.76E-05,0.032670506
14,22,14022,0.000537026,0.000797895,0.000479166,0.0174,64.94540555,110.1014038,,33.44274869,,0,,0,0,,,0.000125043,0.017396739
14,23,14023,0.003903227,0.000930396,0.001605129,0.0582,94.70091702,392.615108,0.334502226,107.1652889,,0,,0,0,,,0.001091207,0.01732308
14,24,14024,0.000861479,0.000188392,0.000390484,0.0142,88.68251206,796.7014199,13.7751441,29.63988387,,0,,0,0,,,1.13E-05,0.013614716
14,25,14025,0.000616741,0.000147437,0.000253809,0.0092,17.31456712,140.8488985,,23.90545213,,0,,0,0,,,0,0.004542957
14,26,14026,0.000346829,4.63E-05,8.09E-05,0.0029,35.92049584,137.9373615,,5.708192119,,0,,0,0,,,8.79E-07,0.005827701
14,27,14027,6.57E-05,3.61E-05,0.000262143,0.0095,109.2205987,142.150602,10.52549256,54.02764204,,0,,0,0,,,0,0.045275569
14,28,14028,3.50E-05,1.98E-05,3.07E-05,0.0011,17.8576797,35.50084579,,3.092208439,,0,,0,0,,,0,0.002542108
14,29,14029,0.000120271,5.93E-05,0.000250951,0.0091,134.5835723,150.3971155,,28.24710719,,0,,0,0,,,0,0.026792065
14,30,14030,0.00110342,0.000689967,0.000695595,0.0252,37.96457612,558.7720893,,47.84927547,,0,,0,0,,,0,0.00437537
14,31,14031,0,2.89E-06,5.22E-05,0.0019,11.59028286,81.46618169,,11.24369649,,0,,0,0,,,0,0.001948761
14,32,14032,0.000145444,3.28E-05,7.90E-05,0.0029,25.80605338,112.5833249,,6.313541292,,0,,0,0,,,0,0.005440904
14,33,14033,0.001250263,9.44E-05,0.000293903,0.0107,96.61375929,1056.541449,,28.9462102,,0,,0,0,,,0.002644768,0.011210187
14,34,14034,1.96E-05,9.64E-06,2.88E-05,0.001,18.58082575,37.54065565,,2.454261493,,0,,0,0,,,0,0.003269072
14,35,14035,0.001500596,0.000216338,0.000748614,0.0271,219.3775082,1350.771016,,64.79448482,,0,,0,0,,,0.000628366,0.035672175
14,36,14036,0.000394378,0.000124792,0.000282615,0.0102,91.16834851,475.9475921,7.512675696,19.61837115,,0,,0,0,,,4.11E-06,0.008900209
14,37,14037,0.000745403,0.000264038,0.000340114,0.0123,46.92074081,111.0825055,17.66994436,23.35699869,,0,,0,0,,,0.000269083,0.007156402
14,38,14038,4.48E-05,1.69E-05,6.32E-05,0.0023,39.01285063,134.4436931,,7.428330801,,0,,0,0,,,0,0.006354704
14,39,14039,0.1623594,0.020921139,0.025356403,0.9189,,0.1586,,1235.978935,,0.082765892,,0,0,,,0.042357838,0
14,40,14040,6.29E-05,1.30E-05,0.000130525,0.0047,31.06414535,118.449788,,15.0647464,,0,,0,0,,,9.46E-06,0.003759376
14,41,14041,0.000578981,2.17E-05,7.94E-05,0.0029,13.74699069,88.57506601,,7.920129505,,0,,0,0,,,0,0.001816277
14,42,14042,0.00012167,3.95E-05,0.000120907,0.0044,22.34297473,132.5259427,,19.26101123,,0,,0,0,,,0,0.003470629
14,43,14043,0.000292287,0.00034402,0.000310891,0.0113,56.06543123,240.907857,2.610036095,26.14992143,,0,,0,0,,,0.000662764,0.045833814
14,44,14044,0.004135378,6.70E-05,0.000391415,0.0142,86.97988515,949.7481844,,27.42087315,,0,,0,0,,,0.000242325,0.010150315
14,45,14045,0.000402769,8.91E-05,0.0002795,0.0101,97.12631354,305.6005842,,24.85824496,,0,,0,0,,,0.000190404,0.02238414
14,46,14046,0.001492204,0.000205737,0.000446779,0.0162,75.60321827,227.004448,,37.74027356,,0,,0,0,,,1.67E-05,0.007688603
14,47,14047,0.000388784,0.000157074,0.000340821,0.0124,184.7524081,121.5895309,,23.58970616,,0,,0,0,,,4.13E-05,0.017834389
14,48,14048,0.001350956,9.11E-05,0.000275759,0.01,154.9536441,261.0092972,,26.3957794,,0,,0,0,,,0.000195137,0.024131344
14,49,14049,2.52E-05,1.25E-05,0.00013173,0.0048,128.868625,716.248792,,18.36884373,,0,,0,0,,,0,0.025979892
14,50,14050,0.000506259,0.000309811,0.00062358,0.0226,87.56820934,442.1683128,,44.58693101,,0,,0,0,,,3.68E-05,0.013509974
14,51,14051,0.000376198,3.57E-05,0.000191814,0.007,21.28553346,46.63384579,,13.88367116,,0,,0,0,,,0,0.003947345
14,52,14052,0.00013985,3.28E-05,8.18E-05,0.003,13.83170192,71.17992634,,7.039374098,,0,,0,0,,,0,0.007097521
14,53,14053,0.010351732,0.000795486,0.002290223,0.083,528.8364474,7159.556316,,223.6122945,,0,,0,0,,,0.000663521,0.064921706
14,54,14054,7.97E-05,4.48E-05,8.30E-05,0.003,19.8866119,36.0646565,2.380352919,6.049437657,,0,,0,0,,,0,0.004642603
14,55,14055,0.000316062,0.000117564,0.000308434,0.0112,36.54905661,133.5336889,3.792904454,21.48238942,,0,,0,0,,,5.68E-05,0.00623411
14,56,14056,9.79E-06,6.26E-06,4.15E-05,0.0015,44.86198004,270.501256,,8.777606073,,0,,0,0,,,0,0.006874449
14,57,14057,7.41E-05,2.36E-05,5.61E-05,0.002,15.31664394,98.08929191,,4.301758061,,0,,0,0,,,6.81E-06,0.002674989
14,58,14058,0.000544018,0.000159483,0.000205173,0.0074,80.17366694,158.9546875,,17.06540407,,0,,0,0,,,5.68E-07,0.011137718
14,59,14059,0.000236347,0.000270301,0.000188025,0.0068,24.19824962,108.2186353,0.012006166,15.79142543,,0,,0,0,,,1.07E-06,0.004165366
14,60,14060,0.000160828,1.73E-05,9.32E-05,0.0034,29.75479897,50.66611178,,7.886606579,,0,,0,0,,,0,0.004147769
14,61,14061,6.01E-05,2.79E-05,0.000257839,0.0093,28.2757786,193.5092632,,73.5680998,,0,,0,0,,,0,0.00409738
14,62,14062,2.24E-05,8.19E-06,5.01E-05,0.0018,27.19787239,81.12791992,,4.965952244,,0,,0,0,,,0,0.004958526
14,63,14063,0.006289076,0.000667322,0.001474299,0.0534,146.79408,84.29118662,,102.8233862,,0,,0,0,,,0.000677326,0.016994191
14,64,14064,0.000689463,0.000151292,0.000451163,0.0164,216.0396264,723.661607,,69.06557859,,0,,0,0,,,0,0.022517756
14,65,14065,0.000163625,5.54E-05,0.00017815,0.0065,94.57132935,412.9909082,4.790460249,14.64280042,,0,,0,0,,,0,0.016497886
14,66,14066,0.002862739,0.000203328,0.000730646,0.0265,167.119513,159.7131359,,60.19499244,,0,,0,0,,,0.000171826,0.016305727
14,67,14067,0.003623526,0.009332386,0.003853925,0.1397,47.14675834,81.36279181,,230.9434751,,0,,0,0,,,0.001577777,0.046196163
14,68,14068,9.79E-05,5.49E-05,0.000169479,0.0061,51.02407922,293.1549093,6.264086628,20.94678727,,0,,0,0,,,0,0.085439746
14,69,14069,1.82E-05,1.54E-05,0.000126977,0.0046,39.19999008,140.912816,,16.85177916,,0,,0,0,,,0,0.017181141
14,70,14070,0.043082335,0.000546867,0.00203097,0.0736,13.73044118,72.66277191,,139.2191072,,0,,0,0,,,0.000118675,0.002373389
14,71,14071,4.20E-06,2.41E-06,4.86E-05,0.0018,21.44179253,226.471544,,3.983809672,,0,,0,0,,,0,0.004784146
14,72,14072,0.000395777,4.77E-05,9.58E-05,0.0035,40.46433303,134.8964378,,9.257102312,,0,,0,0,,,0,0.005331067
14,73,14073,0.001521573,0.000660094,0.00091957,0.0333,195.2920746,2591.291371,,77.66176715,,0,,0,0,,,0.000128031,0.026925964
14,74,14074,0.000464304,9.40E-05,0.00019851,0.0072,22.57914021,230.4608972,,13.82699418,,0,,0,0,,,0,0.002983722
14,75,14075,0.000100692,1.98E-05,5.68E-05,0.0021,29.08614056,109.5015285,1.416205585,4.306294922,,0,,0,0,,,0,0.003761641
14,76,14076,4.34E-05,1.06E-05,4.92E-05,0.0018,12.68315269,61.10383916,,5.881036381,,0,,0,0,,,0.006498228,0.001441472
14,77,14077,0.000731418,0.00020911,0.000369707,0.0134,203.9542243,442.2208959,16.32316574,27.31997509,,0,,0,0,,,1.30E-05,0.028144138
14,78,14078,0.003671075,0.000165746,0.000418728,0.0152,63.71056931,480.4242627,,37.17462771,,0,,0,0,,,5.73E-05,0.009151589
14,79,14079,0.000676876,4.29E-05,0.000202492,0.0073,32.07375001,188.991871,0.089158833,14.02698548,,0,,0,0,,,0.001759366,0.00658791
14,80,14080,3.36E-05,3.90E-05,8.64E-05,0.0031,42.34968883,68.00894861,,8.964274974,,0,,0,0,,,0.000442167,0.006700069
14,81,14081,2.80E-05,1.20E-05,5.65E-05,0.002,11.74592846,58.00204904,,6.809839885,,0,,0,0,,,0,0.001689455
14,82,14082,0.001275436,0.000193692,0.000580227,0.021,50.34105962,407.1113511,0.227334144,39.0785221,,0,,0,0,,,0,0.007868646
14,83,14083,0.002036223,0.000300174,0.000917964,0.0333,160.6173765,334.1227076,48.21780682,63.04590023,,0,,0,0,,,0.000892988,0.018280079
14,84,14084,0.000334243,0.000188874,0.000219159,0.0079,171.0719977,80.94523273,,24.47154893,,0,,0,0,,,0,0.010633825
14,85,14085,0.001556536,0.000195137,0.000553492,0.0201,143.3071429,471.8312844,20.25763855,42.94455738,,0,,0,0,,,0,0.020028415
14,86,14086,0.000436333,0.000178755,0.000260954,0.0095,49.64984384,189.1086821,,26.20336687,,0,,0,0,,,0,0.006898228
14,87,14087,0.000434935,0.000123346,0.000247242,0.009,67.70514371,435.8391532,3.204289113,23.20208239,,0,,0,0,,,0,0.012650232
14,88,14088,0.000372002,0.000100701,0.000232839,0.0084,28.29068481,265.1861444,,18.57042629,,0,,0,0,,,0.009646576,0.012285912
14,89,14089,1.40E-05,8.19E-06,4.73E-05,0.0017,9.48994558,54.90631383,,3.553597705,,0,,0,0,,,0,0.002023495
14,90,14090,0.000117474,3.81E-05,0.000111097,0.004,37.19832778,116.218839,,9.603470751,,0,,0,0,,,0,0.011529508
14,91,14091,0.000651703,0.00015611,0.000575442,0.0209,181.1618564,283.0396263,,55.75940477,,0,,0,0,,,3.99E-05,0.02396036
14,92,14092,6.29E-05,2.65E-05,0.000156136,0.0057,99.23632273,211.8338103,0.023490325,13.49457949,,0,,0,0,,,0,0.014453215
14,93,14093,0.008051191,0.000947741,0.002070101,0.075,178.5453349,3542.467948,,152.6728425,,0,,0,0,,,0.000957551,0.043276985
14,94,14094,0.00230054,0.00032812,0.00064439,0.0234,19.59928129,183.7748762,0.110404527,54.5244507,,0,,0,0,,,1.14E-05,0.011652933
14,95,14095,5.31E-05,2.12E-05,0.000118932,0.0043,32.99084816,883.3333938,8.143312617,8.079678202,,0,,0,0,,,0,0.005679511
14,96,14096,0.000269911,9.40E-05,0.000297114,0.0108,42.90670009,231.7288042,,23.95619342,,0,,0,0,,,0,0.005340126
14,97,14097,0.033340351,0.001779364,0.004323296,0.1567,128.9833698,475.1558674,0.480246642,259.5517293,,0,,0,0,,,2.37E-05,0.021487382
14,98,14098,0.043701873,0.003307699,0.009784165,0.3546,46.74483179,314.28618,,568.2217622,,0,,0,0,,,0.004532003,0.006245999
14,99,14099,4.34E-05,1.01E-05,0.000135166,0.0049,53.21234144,103.4259823,,14.52991584,,0,,0,0,,,0,0.00851125
14,100,14100,0.00021537,0.000180201,0.000494339,0.0179,88.47271967,876.5211527,,57.76018914,,0,,0,0,,,0.000104816,0.036448962
14,101,14101,0.015577944,0.001676254,0.007135379,0.2586,17.08955432,959.2836993,,417.7587368,,0,,0,0,,,0.000274208,0.002612313
14,102,14102,0.000360814,3.37E-05,8.56E-05,0.0031,19.80119541,67.76418193,,6.592786487,,0,,0,0,,,0,0.008940974
14,103,14103,0.000236347,2.65E-05,0.000113826,0.0041,27.38317758,73.346426,4.599927614,7.98840145,,0,,0,0,,,0.000358661,0.004035158
14,104,14104,6.01E-05,1.30E-05,6.40E-05,0.0023,20.12199836,83.61655152,,6.562215402,,0,,0,0,,,0,0.003027883
14,105,14105,0.000304874,9.20E-05,0.000308177,0.0112,139.4279041,3010.522255,,25.41675613,,0,,0,0,,,0,0.018054063
14,106,14106,4.06E-05,7.71E-06,5.82E-05,0.0021,22.21192516,41.4628561,,6.043017457,,0,,0,0,,,0,0.006084074
14,107,14107,7.55E-05,5.01E-05,8.94E-05,0.0032,11.31926494,340.814012,,7.434378625,,0,,0,0,,,0,0.001954423
14,108,14108,0.001745334,0.000165265,0.000521074,0.0189,149.0583832,415.6329871,16.07187146,36.63545612,,0,,0,0,,,0.011491895,0.027306635
14,109,14109,0.00083211,4.53E-05,0.00024053,0.0087,107.8125727,212.8701896,,28.47733412,,0,,0,0,,,0,0.011368715
14,110,14110,0.000223761,0.000116601,0.000202813,0.0074,84.68561575,56.20340365,,14.87546155,,0,,0,0,,,0,0.01354168
14,111,14111,0.000244738,3.81E-05,9.61E-05,0.0035,24.34179134,249.3979769,,8.936385514,,0,,0,0,,,2.65E-05,0.004615427
14,112,14112,0.000236347,4.00E-05,7.96E-05,0.0029,17.33140048,97.55952878,,7.032406122,,0,,0,0,,,1.33E-06,0.002908251
14,113,14113,0.000353822,3.71E-05,0.000207871,0.0075,86.75727691,118.8820231,,17.95190071,,0,,0,0,,,0,0.017607921
14,114,14114,0.000341235,0.000131537,0.000234107,0.0085,50.35295918,124.4193131,11.42073494,16.50203513,,0,,0,0,,,0.000244718,0.005048955
14,115,14115,5.45E-05,2.55E-05,7.90E-05,0.0029,20.93790319,97.84130528,,10.90217368,,0,,0,0,,,0,0.002775371
14,116,14116,0.000871268,0.000184056,0.000288604,0.0105,70.79008701,223.5314252,,23.76446837,,0,,0,0,,,6.10E-05,0.007571972
14,117,14117,4.62E-05,2.12E-05,6.14E-05,0.0022,61.84656425,60.85974662,,5.991887664,,0,,0,0,,,0,0.004273459
14,118,14118,0.000576184,0.000175383,0.000355368,0.0129,93.86665095,252.3468987,,31.19728743,,0,,0,0,,,0.000143729,0.012331206
14,119,14119,0.000872667,0.000147437,0.000399717,0.0145,37.10197893,271.5621847,1.383841138,30.26333482,,0,,0,0,,,0.009864482,0.012220237
14,120,14120,0.120202875,0.010415037,0.019809952,0.7179,132.8566628,847.3961403,1.774824545,975.7478235,,0,,0,0,,,0.023016281,0.021401267
14,121,14121,0.001599889,0.000154664,0.000423898,0.0154,123.2093475,136.4301771,27.81557227,29.35968763,,0,,0,0,,,0.012467388,0.015602078
14,122,14122,5.73E-05,2.02E-05,0.00010005,0.0036,44.34061686,133.4598949,2.08541884,11.60227855,,0,,0,0,,,0,0.005763554
14,123,14123,0.002322916,3.76E-05,0.000266622,0.0097,147.5108226,1370.648804,,21.31060509,,0,,0,0,,,0,0.019650666
14,124,14124,0.003146636,0.000378711,0.000910916,0.033,128.370788,668.8158956,,74.75338673,,0,,0,0,,,0,0.018826321
14,125,14125,0.001202714,7.18E-05,0.000326321,0.0118,,0.7488,,21.66394714,,0,,0,0,,,0,0
15,1,15001,0.001243271,3.23E-05,0.000928658,0.1024,197.8361491,388.2765765,,179.1207221,,0,,0,0,,,1.20E-06,0
15,2,15002,0.004613667,0.00010958,0.001381057,0.1523,45.94071517,153.1382926,,95.02321684,,0,,0,0,,,0.0025515,0
15,3,15003,0.001327181,2.50E-05,0.000680726,0.0751,142.3978302,203.8132252,,133.3669208,,0,,0,0,,,0.000179001,0
15,4,15004,0.00014964,2.30E-05,0.000220925,0.0244,35.97244045,57.96167858,,31.87175131,,0,,0,0,,,0,0
15,5,15005,0.001448851,5.57E-05,0.002187299,0.2412,253.3389164,242.6918598,,356.7330903,,0,,0,0,,,5.40E-05,0
15,6,15006,0.001464234,1.03E-05,0.000146598,0.0162,4.210993208,28.79995255,,9.93017468,,0,,0,0,,,0,0
15,7,15007,4.62E-05,1.43E-05,0.000329485,0.0363,68.22476419,90.39651877,,47.69675514,,0,,0,0,,,1.80E-06,0
15,8,15008,0.000206979,2.91E-05,0.000419595,0.0463,115.1423388,293.499727,,62.60227961,,0,,0,0,,,7.20E-06,0
15,9,15009,0.000564996,6.92E-05,0.000812664,0.0896,48.1048225,167.0158148,,55.37607704,,0,,0,0,,,0,0
15,10,15010,0.00175792,3.65E-05,0.000435074,0.048,26.53124315,85.14759506,,34.10847011,,0,,0,0,,,0.005861322,0
15,11,15011,0.001181736,3.53E-05,0.000763836,0.0842,21.26316494,48.64211704,,52.05467281,,0,,0,0,,,0,0
15,12,15012,0.001183135,1.96E-05,0.000152073,0.0168,4.695179984,29.67329646,,10.67050949,,0,,0,0,,,0,0
15,13,15013,0.020509071,0.000729214,0.007682368,0.8473,0.343032531,49.01788865,,438.3995834,,0,,0,0,,,0.001229836,0
15,14,15014,0.010277611,0.000172594,0.00128918,0.1422,116.2279499,315.0606577,,169.0052484,,0,,0,0,,,0.000199616,0.084527531
15,15,15015,0.000283896,2.56E-05,0.000386695,0.0426,29.40917449,45.59718963,,28.56109251,,0,,0,0,,,0,0
15,16,15016,0.000385987,1.72E-05,0.000375086,0.0414,50.38233949,113.7030839,,38.46131757,,0,,0,0,,,0,0
15,17,15017,3.78E-05,6.34E-06,0.000108287,0.0119,24.15703973,25.57494373,,7.426339146,,0,,0,0,,,5.52E-05,0
15,18,15018,0.001145375,3.63E-05,0.000662084,0.073,62.57528605,71.58241265,,50.36600516,,0,,0,0,,,0.001029391,0
15,19,15019,0.003457104,0.000509459,0.000522455,0.0576,10.16183959,58.78808385,,37.85202992,,0,,0,0,,,3.60E-05,0
15,20,15020,0.003279493,0.000663822,0.004972952,0.5485,0.28666457,48.81511335,,284.0380747,,0,,0,0,,,4.40E-05,0
15,21,15021,0.000246137,4.89E-05,0.00049222,0.0543,76.29226222,125.1863602,,67.70278035,,0,,0,0,,,5.82E-06,0.02434465
15,22,15022,0.000234949,1.01E-05,0.000211275,0.0233,22.76888682,24.43412325,,14.33644268,,0,,0,0,,,0,0
15,23,15023,0.000788757,4.06E-05,0.000673244,0.0743,7.560221955,20.68813143,,49.68304688,,0,,0,0,,,6.00E-05,0
15,24,15024,0.008659541,0.000292478,0.002072734,0.2286,14.39512284,153.8548706,,138.3913481,,0,,0,0,,,2.36E-05,0
15,25,15025,0.008163072,0.000483104,0.004519991,0.4985,77.92367233,178.7573278,,271.8407355,,0,,0,0,,,0.00018999,0
15,26,15026,0.000300679,4.76E-06,0.000351129,0.0387,40.6294232,168.0809347,,62.53871012,,0,,0,0,,,6.18E-05,0
15,27,15027,5.73E-05,5.94E-06,0.000115609,0.0128,7.402100589,26.92115079,,8.620128162,,0,,0,0,,,0,0
15,28,15028,0.000879659,2.66E-05,0.00039058,0.0431,7.597792542,82.98270327,,27.47145285,,0,,0,0,,,5.12E-06,0
15,29,15029,0.003644503,0.000206082,0.003501512,0.3862,30.42436429,45.53604008,,200.3623816,,0,,0,0,,,0.006625239,0
15,30,15030,0.0015901,9.57E-05,0.000334077,0.0368,1.641273278,24.46690152,,22.89900867,,0,,0,0,,,0,0
15,31,15031,0.007963086,0.000686214,0.008777953,0.9681,2.140895424,34.54985367,,506.4067594,,0,,0,0,,,0.000170903,0
15,32,15032,4.48E-05,1.49E-05,0.000499718,0.0551,63.69792223,87.1684403,,81.39640532,,0,,0,0,,,9.07E-05,0
15,33,15033,0.074621412,0.003154444,0.027693271,3.0544,1.266105181,25.99212581,,1351.034946,,0,,0,0,,,0.006601476,0
15,34,15034,0.000102091,1.31E-05,0.000138778,0.0153,14.91408359,8.854017137,,10.32770699,,0,,0,0,,,6.13E-05,0
15,35,15035,0.006656882,6.30E-05,0.001147801,0.1266,44.96933524,45.08469572,,78.62517432,,0,,0,0,,,0.000152901,0
15,36,15036,0.000359416,2.04E-05,0.000620433,0.0684,76.67200855,66.87434706,,72.67565336,,0,,0,0,,,4.80E-05,0
15,37,15037,0.002728483,0.000317644,0.003851742,0.4248,26.47405189,54.13450907,,238.8632691,,0,,0,0,,,0.011388919,0
15,38,15038,6.99E-05,1.15E-05,0.000151319,0.0167,10.71573779,80.49058838,,17.8659046,,0,,0,0,,,0.000302839,0
15,39,15039,0.013919317,0.000576634,0.008119979,0.8956,74.06258206,144.4813631,,469.3674168,,0,,0,0,,,0.016434308,0
15,40,15040,0.000460108,0.000225303,0.000488703,0.0539,26.53059377,60.67711592,,53.64002575,,0,,0,0,,,7.62E-06,0
15,41,15041,1.96E-05,5.15E-06,0.000103662,0.0114,18.22452248,68.09887786,,13.85260014,,0,,0,0,,,6.07E-07,0
15,42,15042,0.003690654,0.000163875,0.002154832,0.2377,227.9828905,368.6657538,,364.2137663,,0,,0,0,,,3.15E-05,0
15,43,15043,0.000468499,5.49E-05,0.000338541,0.0373,22.58863437,120.9687108,,28.06071958,,0,,0,0,,,9.00E-05,0
15,44,15044,0.00062653,1.90E-05,0.00043957,0.0485,3.332208589,45.56977043,,29.72511834,,0,,0,0,,,0,0
15,45,15045,0.00718272,8.70E-05,0.001196694,0.132,135.3235125,664.2446382,,181.730398,,0,,0,0,,,4.01E-05,0.030394189
15,46,15046,0.000113279,1.13E-05,0.000221503,0.0244,14.28219904,84.52993206,,18.70181018,,0,,0,0,,,0.001888579,0
15,47,15047,0.000208377,1.74E-05,0.001020407,0.1125,139.3208886,238.0057488,,165.0413893,,0,,0,0,,,0,0
15,48,15048,0.007461022,2.77E-05,0.000934262,0.103,166.6155796,299.9144867,,115.5471962,,0,,0,0,,,0.000369102,0
15,49,15049,0.000213971,1.25E-05,0.00018271,0.0202,25.33683121,34.79617758,,13.33847322,,0,,0,0,,,0,0
15,50,15050,0.00033704,3.96E-05,0.000361309,0.0398,118.9462328,193.4038355,,25.36113493,,0,,0,0,,,0,0
15,51,15051,0.035807314,0.000140294,0.001781657,0.1965,90.55508945,178.1314796,,133.1026928,,0,,0,0,,,0.000581013,0
15,52,15052,0.000247535,0.000117506,0.000386213,0.0426,35.30804708,84.45706815,,45.76554537,,0,,0,0,,,0,0
15,53,15053,0.000509056,4.72E-05,0.000613432,0.0677,5.101855087,63.48876658,,41.39573761,,0,,0,0,,,0,0
15,54,15054,0.00442347,0.001014955,0.003437317,0.3791,37.62093722,121.4794456,,201.9944413,,0,,0,0,,,0.002993859,0
15,55,15055,0.000232152,2.16E-05,0.000171358,0.0189,6.708014345,41.15974374,,12.2446198,,0,,0,0,,,0,0
15,56,15056,0.000689463,2.69E-05,0.000438719,0.0484,77.69071966,165.878463,,85.96903039,,0,,0,0,,,6.07E-07,0
15,57,15057,0.073773918,0.002537189,0.012989638,1.4327,11.73421073,13.32479952,,639.0667012,,0,,0,0,,,0.040356393,0
15,58,15058,0.023180215,0.002649939,0.017754447,1.9582,,27.15125556,,863.5863026,,0,,0,0,,,0.001121202,0
15,59,15059,0.000539823,2.24E-05,0.000392186,0.0433,28.23504339,77.85722283,,27.6115291,,0,,0,0,,,0,0
15,60,15060,0.004736735,0.000306944,0.005279765,0.5823,60.69032129,91.15126017,,334.2142071,,0,,0,0,,,0.000421468,0
15,61,15061,0.000437732,6.74E-06,0.000141139,0.0156,20.27163094,169.0353741,,14.14960817,,0,,0,0,,,7.32E-05,0
15,62,15062,0.006149225,0.00038581,0.000924323,0.1019,41.2671263,78.96459573,,66.28236412,,0,,0,0,,,0.000240221,0
15,63,15063,0.00017761,7.01E-05,0.000433596,0.0478,62.97945145,130.2379331,,46.71104828,,0,,0,0,,,0,0
15,64,15064,0.000230753,2.50E-05,0.000539812,0.0595,72.42775046,126.84396,,84.85313924,,0,,0,0,,,2.34E-06,0
15,65,15065,0.000764982,5.85E-05,0.000496282,0.0547,30.84631245,175.2590405,,46.76810724,,0,,0,0,,,0.00083329,0
15,66,15066,4.06E-05,2.97E-06,7.42E-05,0.0082,14.05376117,120.2693289,,10.5754994,,0,,0,0,,,0,0
15,67,15067,0.001192924,3.96E-05,0.001193049,0.1316,53.15547604,114.1656769,,134.0884455,,0,,0,0,,,6.48E-05,0
15,68,15068,0.000693658,5.41E-05,0.000396987,0.0438,23.6808423,73.22134925,,27.79487522,,0,,0,0,,,0,0
15,69,15069,0.000260122,1.29E-05,6.27E-05,0.0069,1.13417067,20.43462032,,4.441527893,,0,,0,0,,,1.52E-05,0
15,70,15070,0.014924842,0.000534823,0.003934129,0.4339,6.206717521,18.0525045,,227.5664592,,0,,0,0,,,0.000126985,0
15,71,15071,0.000717433,2.04E-05,0.000211243,0.0233,62.13642726,320.1343276,,24.99302567,,0,,0,0,,,0,0
15,72,15072,0.001447452,9.71E-06,0.000194881,0.0215,13.60356205,57.26739427,,13.34349013,,0,,0,0,,,0.000141765,0
15,73,15073,0.00167401,1.72E-05,0.000193259,0.0213,16.83695602,31.15272272,,13.23666347,,0,,0,0,,,0.002299536,0
15,74,15074,0.000594364,5.79E-05,0.001598321,0.1763,217.9117931,332.5148804,,296.9380347,,0,,0,0,,,0.000103259,0
15,75,15075,0.001454445,4.72E-05,0.000366094,0.0404,8.007474468,171.9440477,,30.75621322,,0,,0,0,,,0,0
15,76,15076,0.016452009,0.000280985,0.001149262,0.1268,3.669556311,59.7490348,,82.48091651,,0,,0,0,,,3.60E-05,0
15,77,15077,2.80E-05,3.37E-06,9.05E-05,0.01,9.183538555,70.92250187,,15.47236615,,0,,0,0,,,0,0
15,78,15078,2.10E-05,1.19E-06,0.000147289,0.0162,14.24193639,118.3283004,,17.90772108,,0,,0,0,,,0,0
15,79,15079,0.000737012,1.57E-05,0.00018043,0.0199,43.98677011,177.5879863,,31.40758043,,0,,0,0,,,4.91E-06,0
15,80,15080,8.95E-05,1.68E-05,0.00039111,0.0431,45.4733979,249.2530265,,72.39561759,,0,,0,0,,,1.22E-05,0
15,81,15081,0.007038674,0.000548099,0.005189751,0.5724,65.01669693,249.6595638,,299.5026798,,0,,0,0,,,0.008248748,0
15,82,15082,0.000700651,0.000139304,0.000999292,0.1102,80.25220775,209.6129871,,138.7517367,,0,,0,0,,,0.000275966,0.020431981
15,83,15083,6.01E-05,8.52E-06,0.000176432,0.0195,9.139846145,84.01519709,,11.81622857,,0,,0,0,,,9.67E-05,0
15,84,15084,0.000444724,1.78E-05,0.000573579,0.0633,69.52987703,75.57121996,,48.38868053,,0,,0,0,,,0,0
15,85,15085,0.003156425,3.31E-05,0.000933347,0.1029,143.6738661,289.2904152,,151.6035967,,0,,0,0,,,0,0
15,86,15086,4.34E-05,2.20E-05,0.000489442,0.054,59.0773815,196.1095873,,99.79172954,,0,,0,0,,,0.000216421,0
15,87,15087,0.000707643,3.47E-05,0.001347226,0.1486,110.4003036,175.0677603,,193.6301008,,0,,0,0,,,0,0
15,88,15088,0.002371864,0.000204695,0.001320282,0.1456,31.99214401,126.6400205,,105.2339328,,0,,0,0,,,4.05E-07,0
15,89,15089,0.000172016,1.15E-05,0.000162494,0.0179,16.00601474,91.53685888,,11.16928617,,0,,0,0,,,3.45E-05,0
15,90,15090,0.003342426,0.000180322,0.001149936,0.1268,93.48532372,147.6210197,,88.80595723,,0,,0,0,,,0.000215225,0
15,91,15091,0.002227818,9.29E-05,0.001257693,0.1387,18.32403559,132.3026384,,87.45892683,,0,,0,0,,,6.00E-06,0
15,92,15092,0.00230054,0.000136529,0.0007819,0.0862,24.45664517,155.0429516,,54.41709162,,0,,0,0,,,0,0
15,93,15093,0.000517447,8.52E-06,0.000441753,0.0487,12.19397383,291.8576717,,38.52636638,,0,,0,0,,,0,0
15,94,15094,0.000145444,5.51E-05,0.000276995,0.0306,15.67652888,84.81428603,,19.86457624,,0,,0,0,,,0,0
15,95,15095,0.01507588,0.000192211,0.001153565,0.1272,44.46842155,162.2786595,,88.60097119,,0,,0,0,,,0.000262143,0
15,96,15096,0.000732816,5.27E-05,0.000533405,0.0588,46.03664525,114.8760177,,43.35289611,,0,,0,0,,,0,0
15,97,15097,0.000144046,1.96E-05,0.000252974,0.0279,38.82227138,146.6155139,,36.55758223,,0,,0,0,,,0,0
15,98,15098,0.000183204,1.98E-05,7.91E-05,0.0087,8.991124349,23.73119919,,5.353238113,,0,,0,0,,,1.50E-05,0
15,99,15099,0.007515564,0.00065114,0.003449086,0.3804,61.54290383,535.7884473,,223.5079923,,0,,0,0,,,0.008840253,0.033729032
15,100,15100,0.00090763,2.68E-05,0.000467717,0.0516,6.439712483,34.69317448,,32.27247615,,0,,0,0,,,0,0
15,101,15101,0.011771214,0.000159516,0.001110983,0.1225,61.20518402,142.840481,,88.13366824,,0,,0,0,,,1.45E-05,0
15,102,15102,0.000713237,9.71E-06,0.000235472,0.026,35.02724291,70.03100862,,37.29537906,,0,,0,0,,,6.00E-06,0
15,103,15103,0.001560731,6.30E-05,0.000729266,0.0804,28.24747815,26.96964897,,50.00566749,,0,,0,0,,,4.05E-05,0
15,104,15104,0.088532338,0.00220072,0.010753832,1.1861,0.79896179,7.543341129,,615.1291995,,0,,0,0,,,0.01588961,0
15,105,15105,7.83E-05,8.52E-06,0.000522166,0.0576,105.4611616,413.9589237,,92.8583699,,0,,0,0,,,0,0
15,106,15106,0.085486395,0.002306139,0.012804841,1.4123,198.210674,215.0616961,,845.4366455,,0.033949562,,0,0,,,0.01587275,0.082964634
15,107,15107,0.000170618,5.91E-05,0.00017314,0.0191,27.2742984,62.53077332,,14.38077781,,0,,0,0,,,7.25E-06,0
15,108,15108,0.003093492,0.000115327,0.001913114,0.211,7.919467989,13.98291594,,128.4521277,,0,,0,0,,,0,0
15,109,15109,0.039011288,0.000610518,0.008079291,0.8911,6.181362164,19.60097073,,462.8089098,,0,,0,0,,,0.0056814,0
15,110,15110,0.000854486,0.000286137,0.000859534,0.0948,31.55157709,59.5178853,,83.62224289,,0,,0,0,,,0.000158,0.035265832
15,111,15111,0.000128662,2.34E-05,0.000700909,0.0773,155.9966259,162.4246679,,115.8975442,,0,,0,0,,,0,0
15,112,15112,0.000597161,3.29E-05,0.000670128,0.0739,61.1270529,207.1491344,,111.6175331,,0,,0,0,,,3.22E-05,0
15,113,15113,0.000352423,5.41E-05,0.000855006,0.0943,17.28135019,54.4202686,,95.43151208,,0,,0,0,,,5.16E-05,0
15,114,15114,0.000721628,2.69E-05,0.001301175,0.1435,196.0922779,210.7734453,,292.8607496,,0,,0,0,,,4.12E-05,0
15,115,15115,0.000895043,5.15E-05,0.000767866,0.0847,16.27718468,80.87896685,,65.77095989,,0,,0,0,,,0.000149919,0
15,116,15116,3.08E-05,1.19E-05,6.35E-05,0.007,10.2212454,115.8249099,,5.947955897,,0,,0,0,,,0.015038908,0
15,117,15117,0.000110482,1.84E-05,0.000210777,0.0232,42.64382888,95.01889977,,36.90277494,,0,,0,0,,,0.002612701,0
15,118,15118,0.003423539,0.000200138,0.00233995,0.2581,112.732407,214.9130023,,199.8377974,,0,,0,0,,,0.001466173,0
15,119,15119,4.06E-05,1.15E-05,0.000265803,0.0293,18.51209393,88.76319687,,40.05149536,,0,,0,0,,,0,0
15,120,15120,0.002602617,0.000179331,0.002243851,0.2475,145.6704988,301.186957,,160.7970397,,0,,0,0,,,0.000528003,0.05938966
15,121,15121,0.046185617,0.001172885,0.008421975,0.9289,33.41135026,34.74892983,,482.8313879,,0,,0,0,,,0.002923841,0
15,122,15122,0.006991125,0.000550477,0.005479864,0.6044,0.343032531,2.3796,,313.6929125,,0,,0,0,,,8.63E-06,0
15,123,15123,0.000223761,1.90E-05,0.000451837,0.0498,105.0482386,228.1666109,,77.06334415,,0,,0,0,,,0,0
15,124,15124,0.00015943,1.55E-05,0.00138414,0.1527,225.8458912,437.4218488,,228.3587945,,0,,0,0,,,0,0
15,125,15125,0.000131459,4.76E-06,0.000145378,0.016,6.2283771,8.674267009,,9.962346716,,0,,0,0,,,0,0
16,1,16001,0.000293686,4.00E-05,0.000161916,0.0271,21.96332017,100.6388792,,12.85269244,,0,,0,0,,,0,0.003456988
16,2,16002,0.000425145,8.43E-05,0.000249008,0.0417,177.5590752,84.10941752,,27.66672083,,0,,0,0,,,0,0.010031665
16,3,16003,0.000124467,2.12E-05,0.000288909,0.0484,120.0524407,114.3524982,,22.69547783,,0,,0,0,,,0,0.013138487
16,4,16004,0.000169219,4.24E-05,0.000186515,0.0312,84.35586307,236.5419552,,18.99753874,,0,,0,0,,,0,0.010294894
16,5,16005,0.00026152,3.57E-05,0.000162286,0.0272,10.92942338,21.4653691,,17.50330264,,0,,0,0,,,0,0.000155764
16,6,16006,0.002313127,0.001205034,0.001826953,0.3059,482.465839,293.2219564,,152.4412455,,0,,0,0,,,0.00023009,0.034235412
16,7,16007,7.55E-05,5.30E-06,4.19E-05,0.007,18.11379739,16.19905214,,4.806051767,,0,,0,0,,,0,0.000633922
16,8,16008,3.92E-05,3.66E-05,0.000339921,0.0569,93.20915312,210.7343988,,71.65287036,,0,,0,0,,,0.0040696,0.0030549
16,9,16009,0.000467101,0.000161892,0.000514619,0.0862,62.6802909,66.93121191,,38.59297222,,0,,0,0,,,0,0
16,10,16010,0.000286693,0.00014551,0.000330817,0.0554,69.60034643,309.5280343,,46.36353008,,0,,0,0,,,0,0
16,11,16011,0.000251731,4.82E-05,0.000152523,0.0255,79.77994279,31.3445603,0.020880289,11.20977836,,0,,0,0,,,0,0.011813892
16,12,16012,0.000404168,0.000211037,0.000610654,0.1022,528.7613606,171.2811712,0.798671045,54.80859018,,0,,0,0,,,1.61E-05,0.03388766
16,13,16013,0.000110482,3.08E-05,0.000142745,0.0239,71.22273164,156.2682517,,19.61021299,,0,,0,0,,,0,0.005578514
16,14,16014,0.000190197,7.76E-05,0.000177973,0.0298,102.5718517,63.23596918,,14.98067503,,0,,0,0,,,0,0.006808926
16,15,16015,0.000402769,6.94E-05,0.000280479,0.047,90.25100294,193.601415,,36.32677275,,0,,0,0,,,4.51E-06,0.004421757
16,16,16016,0.000974758,2.70E-05,0.000295155,0.0494,51.06954907,206.467149,,26.15619458,,0,,0,0,,,4.80E-05,0.012249789
16,17,16017,0.000262919,2.31E-05,0.000505884,0.0847,156.7376974,185.9134161,,61.83277998,,0,,0,0,,,5.88E-05,0.008499385
16,18,16018,3.50E-05,9.64E-06,0.000123717,0.0207,13.92596436,46.86451597,,9.364534646,,0,,0,0,,,0,0.001578164
16,19,16019,0.000826516,0.000130573,0.00027722,0.0464,50.04811896,110.0867823,10.267882,22.65787874,,0,,0,0,,,0,0.002497049
16,20,16020,0.000843298,0.00017731,0.000407231,0.0682,25.46107884,70.22149698,,31.86066116,,0,,0,0,,,0.000112159,0.003386955
16,21,16021,0.001274038,3.61E-05,0.000173204,0.029,34.60323455,46.13507233,,15.56805868,,0,,0,0,,,0,0.004247881
16,22,16022,0.000275505,3.08E-05,0.000308675,0.0517,54.01345978,162.0382134,,26.10211952,,0,,0,0,,,7.74E-05,0.005882796
16,23,16023,0.000195791,2.94E-05,0.00014708,0.0246,53.46869809,49.50864805,,11.23238411,,0,,0,0,,,5.88E-06,0.002393207
16,24,16024,0.000847494,8.77E-05,0.000251112,0.042,24.70469317,52.77345298,,18.50343152,,0,,0,0,,,0,0.002020098
16,25,16025,0.003922806,9.78E-05,0.000490742,0.0822,34.77174071,68.29840535,,49.21394702,,0,,0,0,,,6.49E-06,0.000527665
16,26,16026,3.92E-05,1.30E-05,8.11E-05,0.0136,83.00995573,190.2082201,,10.5303068,,0,,0,0,,,0,0.002128771
16,27,16027,3.36E-05,1.16E-05,8.21E-05,0.0137,10.61270317,49.38918705,,8.817997241,,0,,0,0,,,0,0.001363234
16,28,16028,0.000146843,2.79E-05,8.16E-05,0.0137,20.33969096,47.36167848,,6.621055443,,0,,0,0,,,0,0.004303425
16,29,16029,0.000213971,5.88E-05,0.000214502,0.0359,49.8967111,259.5246378,,39.90064429,,0,,0,0,,,0,0.008007945
16,30,16030,0.000222362,3.85E-05,0.000188041,0.0315,88.47656685,88.27842725,,15.08520711,,0,,0,0,,,0,0.004629442
16,31,16031,7.97E-05,1.73E-05,0.000257053,0.043,104.8459324,152.7247959,,32.28100404,,0,,0,0,,,1.12E-05,0.003566868
16,32,16032,0.000225159,2.02E-05,0.000202861,0.034,48.60707094,44.47311259,,17.18538807,,0,,0,0,,,0,0
16,33,16033,0.000268513,0.000121901,0.00032698,0.0547,83.09115636,127.6090732,1.205836676,28.76576826,,0,,0,0,,,0,0.013608193
16,34,16034,0.008421795,0.000593603,0.001769695,0.2963,93.98699916,234.1300894,,150.6499992,,0,,0,0,,,8.00E-05,0.010182599
16,35,16035,0.000457311,0.000212001,0.000499301,0.0836,140.4061937,408.8050631,,69.69866388,,0,,0,0,,,0.000505702,0.007122869
16,36,16036,0.000192994,4.91E-05,0.000169318,0.0283,19.23661403,376.8070936,,12.49394005,,0,,0,0,,,1.50E-07,0.00195248
16,37,16037,0.000141249,1.40E-05,0.00011434,0.0191,22.75832029,113.087933,,10.7863143,,0,,0,0,,,0,0.007098719
16,38,16038,0.000704846,0.000300174,0.00063779,0.1068,59.80008016,514.9119609,,73.3689714,,0,,0,0,,,0.000996499,0.00962837
16,39,16039,2.94E-05,8.67E-06,0.000120024,0.0201,16.22327759,35.73441126,,8.710118672,,0,,0,0,,,5.10E-05,0.001074649
16,40,16040,0.000686666,9.93E-05,0.000233529,0.0391,81.49990151,100.5432224,,18.5184141,,0,,0,0,,,0.000154674,0.008225289
16,41,16041,0.000493672,3.08E-05,0.000172755,0.0289,34.44157838,36.21260441,,15.17678207,,0,,0,0,,,6.75E-05,0.000585623
16,42,16042,0.000138452,3.76E-05,0.00019745,0.0331,70.15098077,108.9172752,,15.27290185,,0,,0,0,,,8.71E-05,0.004677741
16,43,16043,0.004416478,0.000334865,0.001025769,0.1717,30.00966547,27.04567592,,70.90755393,,0,,0,0,,,0.00098321,0.002608136
16,44,16044,0.000141249,3.57E-05,0.000195459,0.0327,57.59892867,226.697121,,15.40524668,,0,,0,0,,,0.000115838,0.008379845
16,45,16045,0.001314594,0.000311256,0.00048782,0.0817,61.37697432,76.84474041,,36.09707255,,0,,0,0,,,7.97E-05,0.006958653
16,46,16046,9.23E-05,3.42E-05,0.000186836,0.0313,24.73057662,44.33561248,,16.02479225,,0,,0,0,,,0,0.002115488
16,47,16047,0.000232152,4.24E-05,0.000294031,0.0492,55.85140644,91.16905329,,28.30358873,,0,,0,0,,,0.001248185,0.003659843
16,48,16048,7.27E-05,1.30E-05,7.43E-05,0.0124,14.30750724,152.0659675,,5.92811954,,0,,0,0,,,0,0.001412741
16,49,16049,9.79E-05,4.91E-05,0.000244063,0.0409,86.46140193,76.26884024,,26.48387976,,0,,0,0,,,0,0.011788535
16,50,16050,0.001302008,0.000279456,0.001142438,0.1913,195.4973139,226.621699,,124.5390634,,0,,0,0,,,6.28E-05,0.013319607
16,51,16051,0.000721628,7.28E-05,0.000169977,0.0285,17.31885407,182.2264639,,13.89979941,,0,,0,0,,,0,0.002132393
16,52,16052,0.011242579,0.002031838,0.002588541,0.4334,37.55034095,209.7281494,,198.7098677,,0,,0,0,,,0.012145419,0.003413519
16,53,16053,0.028940656,0.007750087,0.011494064,1.9243,167.2201658,626.6609778,,698.6153289,,0.029727454,,0,0,,,0.015507276,0.0264267
16,54,16054,0.000141249,1.54E-05,0.000127796,0.0214,23.75170145,231.16712,,12.19477624,,0,,0,0,,,0,0.005706506
16,55,16055,0.000661493,0.000324747,0.000629071,0.1053,183.4165754,89.03739292,,56.91352209,,0,,0,0,,,0.000294184,0.014207098
16,56,16056,0.002236209,4.63E-05,0.000416352,0.0697,48.46236895,65.39638026,,30.17905584,,0,,0,0,,,0,0.004451944
16,57,16057,7.83E-05,2.51E-05,0.00011874,0.0199,48.24280594,143.5830757,,23.54055532,,0,,0,0,,,0,0.000579586
16,58,16058,0.002638978,0.000254883,0.000261404,0.0438,3.939376489,27.26684323,,17.93086739,,0,,0,0,,,3.96E-06,0
16,59,16059,2.10E-05,1.69E-05,0.000119398,0.02,27.70408812,58.61160472,3.382606779,10.33829968,,0,,0,0,,,0,0.007014196
16,60,16060,0.000107685,2.99E-05,0.000149954,0.0251,46.32436814,105.9888365,,11.87912002,,0,,0,0,,,9.79E-05,0.005605078
16,61,16061,0.000288092,2.65E-05,0.000357343,0.0598,29.44763701,55.37900919,,28.7471572,,0,,0,0,,,7.41E-05,0.000167838
16,62,16062,0.000332844,0.000107928,0.000283819,0.0475,108.8861508,145.1505938,,24.6649286,,0,,0,0,,,0,0.016362433
16,63,16063,0.000165024,3.47E-05,0.000241702,0.0405,58.15835949,209.4297919,,24.23913101,,0,,0,0,,,1.97E-05,0.000929752
16,64,16064,0.000192994,7.52E-05,0.000356556,0.0597,258.3701602,129.0704787,,44.38695473,,0,,0,0,,,0,0.019748181
16,65,16065,0.003248726,0.000241392,0.000510171,0.0854,49.01848327,32.04119228,,42.90351165,,0,,0,0,,,4.02E-05,0.004165773
16,66,16066,0.003043146,0.000893777,0.001316268,0.2204,39.09735985,72.82237064,,91.42844049,,0,,0,0,,,0.000958094,0
16,67,16067,0.000142647,2.75E-05,0.000249586,0.0418,140.7732925,105.1134446,,23.8114731,,0,,0,0,,,0,0.017763099
16,68,16068,0.000234949,0.000132501,0.000344321,0.0576,31.16104168,57.07327331,5.622017749,23.39978188,,0,,0,0,,,1.30E-05,0.006055465
16,69,16069,0.004427666,0.000680813,0.001488926,0.2493,53.4450259,1048.87929,,111.8982862,,0,,0,0,,,0.000353335,0.008967884
16,70,16070,0.001583107,7.61E-05,0.000237865,0.0398,26.63417281,209.3281138,,16.40557786,,0,,0,0,,,0,2.90E-05
16,71,16071,0.001076849,0.000300656,0.000981437,0.1643,217.9872835,201.9051225,,100.4111703,,0,,0,0,,,0.000297971,0.0360599
16,72,16072,0.000199986,5.97E-05,0.000190417,0.0319,54.04937084,67.84731867,,15.99382797,,0,,0,0,,,0,0.008175783
16,73,16073,0.00477869,0.000251029,0.000366351,0.0613,30.14946645,29.30800188,,35.23522411,,0,,0,0,,,0,0
16,74,16074,0.000199986,3.66E-05,0.000146951,0.0246,26.80129818,51.94082596,,12.4157322,,0,,0,0,,,0,0.002509124
16,75,16075,0.001447452,0.000365702,0.000798037,0.1336,74.75593699,115.5198763,12.59081412,57.64338479,,0,,0,0,,,4.91E-06,0.006397179
16,76,16076,0.004325575,0.000555539,0.000999228,0.1673,51.19800545,55.66077189,0.036540505,71.28832375,,0,,0,0,,,0.000476649,0.003366428
16,77,16077,0.000229355,6.55E-05,0.000250293,0.0419,62.39401527,148.8902806,,24.71485443,,0,,0,0,,,0,0.00780026
16,78,16078,0.000170618,3.08E-05,0.000182389,0.0305,45.43423754,103.6608109,,15.0464257,,0,,0,0,,,0,0.00102152
16,79,16079,0.001542551,0.000190319,0.000608326,0.1018,40.55017383,81.94346979,0.182702527,43.61494659,,0,,0,0,,,0,0
16,80,16080,2.94E-05,3.37E-06,0.000252396,0.0423,54.23669565,51.054884,,26.41307864,,0,,0,0,,,5.89E-05,0.003012639
16,81,16081,1.96E-05,5.78E-06,0.000117455,0.0197,30.0255178,63.96020269,,18.38810653,,0,,0,0,,,0,0.001599898
16,82,16082,0.000924412,0.000320411,0.000967596,0.162,69.63070342,101.2553489,16.75851976,73.8795657,,0,,0,0,,,0.000120629,0.01620184
16,83,16083,0.000225159,8.43E-05,0.000412964,0.0691,41.24407509,44.29589918,,31.59707606,,0,,0,0,,,0,0.021890233
16,84,16084,0.000492274,7.23E-05,0.000375632,0.0629,48.35296573,58.20042901,,32.38819707,,0,,0,0,,,0,0.000382768
16,85,16085,0.001264248,0.000135873,0.00046465,0.0778,96.40105554,81.50928459,,35.11522009,,0,,0,0,,,7.51E-05,0.003303639
16,86,16086,0.000169219,5.64E-05,0.00023096,0.0387,117.4874479,139.9233665,,17.32292833,,0,,0,0,,,0,0.013390848
16,87,16087,0.00050486,2.22E-05,0.000189711,0.0318,43.90115808,648.3586372,11.06133297,14.32559409,,0,,0,0,,,5.38E-06,0.003028336
16,88,16088,0.000724425,6.94E-05,0.000892129,0.1494,80.82582227,125.5200591,,76.51509557,,0,,0,0,,,0.000785607,0.010212786
16,89,16089,0.000576184,0.000194174,0.000344305,0.0576,178.5568639,329.8842035,7.934509729,29.83413295,,0,,0,0,,,0.000397622,0.031498076
16,90,16090,0.001013916,0.000110337,0.000211596,0.0354,25.60618428,46.49402905,,14.45963082,,0,,0,0,,,1.08E-05,0.003140631
16,91,16091,0.000591567,6.84E-05,0.000191589,0.0321,20.44223699,44.82210181,2.061928515,13.31975396,,0,,0,0,,,0,0.001008238
16,92,16092,9.09E-05,5.30E-05,0.000209444,0.0351,51.750212,274.5812168,,30.08420631,,0,,0,0,,,0,0.001811206
16,93,16093,0.00152437,5.69E-05,0.000415774,0.0696,24.86676586,88.30228963,,63.82340614,,0,,0,0,,,0,9.54E-05
16,94,16094,0.000110482,1.25E-05,0.000101703,0.017,20.15922064,158.3392284,,10.0090976,,0,,0,0,,,0,0.002115488
16,95,16095,0.000665688,5.25E-05,0.000151287,0.0253,30.60214839,66.10338389,6.337167639,12.33425205,,0,,0,0,,,0,0.002282119
16,96,16096,3.64E-05,9.64E-06,0.000129032,0.0216,52.94239317,289.7224372,,16.35814753,,0,,0,0,,,0,0.002109451
16,97,16097,0.000413957,0.000143101,0.000484239,0.0811,69.06254301,202.2953357,8.10155204,72.94655025,,0,,0,0,,,2.15E-06,0.008333962
16,98,16098,0.000234949,9.88E-05,0.000395799,0.0663,53.57241323,85.68886344,,39.91160814,,0,,0,0,,,7.38E-05,0.005760842
16,99,16099,6.99E-05,3.95E-05,0.000234011,0.0392,132.489941,256.9820923,,28.24840228,,0,,0,0,,,0,0.008868871
16,100,16100,0.002247397,5.69E-05,0.000198333,0.0332,24.5603739,22.21820796,,16.5606229,,0,,0,0,,,0.000457001,0
16,101,16101,8.39E-06,3.37E-06,0.000144848,0.0243,52.58431868,105.1853579,,28.13035185,,0,,0,0,,,0,0.005827253
16,102,16102,0.013736113,0.002905861,0.004627074,0.7747,54.80607791,142.9492048,1.252817326,274.5569355,,0,,0,0,,,0.002021588,0.022792214
16,103,16103,0.000511853,0.000130092,0.000328666,0.055,95.87446333,87.35956421,,25.87319499,,0,,0,0,,,6.22E-05,0.013150562
16,104,16104,9.65E-05,2.70E-05,0.000232132,0.0389,136.6072394,72.19448766,0.083521155,21.7957463,,0,,0,0,,,0,0.01156153
16,105,16105,4.48E-05,5.93E-05,0.000276449,0.0463,193.6529165,1425.554134,,20.4025316,,0,,0,0,,,0,0.020781775
16,106,16106,0.001501994,0.000145028,0.000415709,0.0696,81.60741116,267.0055115,,31.44418424,,0,,0,0,,,2.61E-06,0.007425944
16,107,16107,0.005542274,0.000366666,0.001147608,0.1921,115.639388,232.9304427,,80.43357424,,0,,0,0,,,0.00065286,0.015093382
16,108,16108,0.008824564,0.00115107,0.002817012,0.4716,111.9004533,397.8344103,,194.0847363,,0,,0,0,,,0.000988837,0.008393128
16,109,16109,0.000173415,1.35E-05,4.78E-05,0.008,14.2015377,99.77174893,,4.197570263,,0,,0,0,,,0,0.00285929
16,110,16110,0.000734215,0.000176828,0.00063315,0.106,98.68132524,104.1974912,,51.83439366,,0,,0,0,,,0.000123209,0.013371529
16,111,16111,0.000186001,6.31E-05,0.000232935,0.039,16.10748689,210.2802424,1.973187288,16.23981709,,0,,0,0,,,4.30E-06,0.00346544
16,112,16112,0.002973221,0.00074634,0.002203709,0.3689,100.800812,203.758337,,173.6865134,,0,,0,0,,,0.00021562,0.010725961
16,113,16113,0.000288092,0.000100701,0.000363782,0.0609,176.4475629,129.9634277,,28.96815314,,0,,0,0,,,0,0.022068939
17,1,17001,0.000153836,0,0.000238234,0,21.06505785,56.65589528,0.980851565,22.34865789,,0,,0,0,,,5.91E-05,0.002164891
17,2,17002,0.000163625,0,0.000226721,0,25.45878434,29.65797535,,17.69121618,,0,,0,0,,,0.000159818,0.002698517
17,3,17003,0.00086008,0,0.000491321,0,94.7245811,74.60624912,5.115670747,47.27672433,,0,,0,0,,,1.11E-05,0.00776304
17,4,17004,0.004394102,0,0.001130315,0,141.7003074,241.9740728,7.679770207,93.86505724,,0,,0,0,,,3.11E-05,0.012453042
17,5,17005,7.97E-05,0,0.000125387,0,13.89829879,45.26219401,,12.17623092,,0,,0,0,,,1.02E-05,0.001373839
17,6,17006,0.005925464,0,0.002659351,0,90.12187258,63.02385117,7.819668141,182.7244557,,0,,0,0,,,0.000409027,0.007696001
17,7,17007,0.013646609,0,0.0057729,0,13.85357004,105.2446579,,333.3816795,,0.013892321,,0,0,,,0.00994403,0.001052949
17,8,17008,0.002742468,0,0.001222529,0,16.77056568,36.89409454,0.774136706,90.62222505,,0,,0,0,,,0.007673679,0.000218992
17,9,17009,0.000330047,0,0.000243629,0,18.76095715,31.85927408,,17.54045729,,0,,0,0,,,0,0.001247807
17,10,17010,0.000391581,0,0.000223751,0,21.60045414,49.69803394,0.615968518,20.71721891,,0,,0,0,,,0,0.00371303
17,11,17011,0.022966244,0,0.003019665,0,6.325865862,78.52387045,0.335128635,204.8480824,,0,,0,0,,,0.002276086,0.000315527
17,12,17012,0.001261451,0,0.000814752,0,45.15685626,118.7911246,7.66776404,58.23326564,,0,,0,0,,,0.000102153,0.003179405
17,13,17013,0.000278302,0,0.000220267,0,37.93956059,67.03673542,,21.46540706,,0,,0,0,,,0,0.005193237
17,14,17014,0.000142647,0,0.000139212,0,23.34102399,48.87736698,1.975797324,11.95057057,,0,,0,0,,,2.91E-06,0.001540094
17,15,17015,0.00053283,0,0.000360908,0,54.85756022,167.4790989,2.323454132,39.44567913,,0,,0,0,,,4.58E-05,0.004878603
17,16,17016,0.000272708,0,0.000250694,0,43.56921715,29.97047374,,22.17472285,,0,,0,0,,,0,0.004694471
17,17,17017,0.001239075,0,0.00093977,0,42.11069084,210.0836021,3.02764187,77.46722186,,0,,0,0,,,0.001258693,0.003895374
17,18,17018,0.002191457,0,0.001651485,0,16.1280471,47.22857166,,125.9048648,,0,,0,0,,,0.000600664,0.000640887
17,19,17019,0.000457311,0,0.000365355,0,65.31903723,175.4447808,0.609704432,34.6692908,,0,,0,0,,,0,0.01014156
17,20,17020,0.000551011,0,0.000618651,0,31.42283828,38.05864994,,49.77856043,,0,,0,0,,,2.68E-05,0.002095172
17,21,17021,0.000174813,0,0.000101559,0,10.59849749,97.32513047,0.346612793,7.758870121,,0,,0,0,,,0,0.00060692
17,22,17022,0.000338438,0,0.0002887,0,24.65263812,19.00951777,,23.54319897,,0,,0,0,,,0,0.003063205
17,23,17023,6.01E-05,0,9.44E-05,0,27.15182229,24.04596611,,8.450567883,,0,,0,0,,,0,0.004544306
17,24,17024,0.000770576,0,0.000722666,0,71.94817904,139.5861945,14.3029978,55.31039414,,0,,0,0,,,8.97E-05,0.004125986
17,25,17025,0.000434935,0,0.00047263,0,72.89884703,111.1147148,8.76972128,41.68072556,,0,,0,0,,,1.07E-05,0.005809096
17,26,17026,0.000359416,0,0.000243533,0,21.95174381,30.97720413,0.626408663,21.05061362,,0,,0,0,,,0,0.00234813
17,27,17027,0.000202783,0,0.000174633,0,38.69000005,21.61418606,0.052200722,16.70496545,,0,,0,0,,,0,0.003443089
17,28,17028,0.001872598,0,0.000939721,0,24.65657289,92.30994244,2.13605354,72.62259788,,0,,0,0,,,0.000580729,0.001204902
17,29,17029,0.002278164,0,0.001383594,0,59.19745591,147.8274238,7.621305398,102.1566533,,0,,0,0,,,0.000319114,0.004470117
17,30,17030,0.003370396,0,0.00067045,0,134.9937458,164.5998009,,55.25966195,,0,,0,0,,,2.05E-07,0.009650839
17,31,17031,0.002457173,0,0.000544677,0,11.17056861,60.69727932,2.77238034,37.40163178,,0,,0,0,,,0.001100138,0.000590831
17,32,17032,0.000247535,0,0.000126945,0,19.62204544,24.80424543,,10.57410926,,0,,0,0,,,0,0.001919084
17,33,17033,0.001633453,0,0.000204868,0,15.19179121,25.12926157,,18.13975455,,0,,0,0,,,0,0.002733377
18,1,18001,0.00072023,0,0.000552224,0,83.41773322,167.369957,,54.24163647,,0,,0,0,,,8.19E-08,0.037158342
18,2,18002,0.000321656,0,0.00021622,0,56.40800296,190.7850541,2.557835373,16.10699534,,0,,0,0,,,1.08E-07,0.013753597
18,3,18003,7.13E-05,0,0.000158882,0,37.56974272,91.03718827,,12.8060548,,0,,0,0,,,0,0.013107341
18,4,18004,0.001350956,0,0.000986671,0,646.3419398,418.2116416,5.187446739,78.85809793,,0,,0,0,,,4.17E-09,0.057536784
18,5,18005,4.20E-05,0,0.00017815,0,28.2077586,132.4695,,27.89260047,,0,,0,0,,,0,0.00647965
18,6,18006,0.000653102,0,0.000412996,0,32.23368312,122.5148085,,29.06025401,,0,,0,0,,,8.24E-08,0.008498135
18,7,18007,0.000485281,0,0.000256458,0,34.14266976,68.81151776,,24.57923965,,0,,0,0,,,5.83E-09,0.010801314
18,8,18008,0.000605553,0,0.000722008,0,413.0797015,140.2565167,39.18943097,51.1172924,,0,,0,0,,,1.09E-05,0.02664457
18,9,18009,3.22E-05,0,0.000524012,0,86.16131607,322.9894871,,153.7066342,,0,,0,0,,,0,0.003672561
18,10,18010,0.000114677,0,0.000503813,0,129.1342982,274.6980564,,52.45658708,,0,,0,0,,,0,0.050624398
18,11,18011,0.000460108,0,0.00032539,0,295.4131029,303.5137336,,35.21932516,,0,,0,0,,,0,0.012170695
18,12,18012,0.000528635,0,0.000578091,0,639.1864294,365.3071747,1.790484761,47.79800076,,0,,0,0,,,0,0.039823084
18,13,18013,6.71E-05,0,0.000110149,0,110.2747199,274.3345804,10.12694005,8.58485811,,0,,0,0,,,0,0.015339346
18,14,18014,0.000132858,0,0.000332359,0,251.4028475,296.1352185,60.92868261,30.21582526,,0,,0,0,,,1.09E-05,0.041622354
18,15,18015,0.000934201,0,0.001297674,0,834.3707878,422.8862336,13.7026895,105.9879164,,0,,0,0,,,0,0.147767898
18,16,18016,0.000432138,0,0.000575522,0,186.0768094,166.9887431,,42.88416081,,0,,0,0,,,8.23E-08,0.096927132
18,17,18017,0.013740308,0,0.005678775,0,268.9653437,1314.005669,44.35756344,343.6602674,,0.005901911,,0,0,,,2.45E-05,0.037087169
18,18,18018,0.000662891,0,0.000430369,0,131.9211333,174.5458195,,31.25072594,,0,,0,0,,,2.41E-07,0.065385815
18,19,18019,0,0,0.00018438,0,59.06353093,554.4741511,,40.87546075,,0,,0,0,,,0,0.006192108
18,20,18020,0.001370535,0,0.001502671,0,82.14111811,309.8535695,,110.7483645,,0,,0,0,,,1.84E-05,0.02952568
19,1,19001,0,0,4.47E-05,0.0317,0.023597756,6.146975081,,3.165678879,,0,,0,0,,,0.001260115,3.53E-06
19,2,19002,9.79E-05,0,5.41E-05,0.0384,2.098775433,142.141507,,4.027378522,,0,,0,0,,,0.000155828,0.007369098
19,3,19003,2.80E-06,0,2.54E-05,0.018,0.458987736,114.4422897,,2.033562963,,0,,0,0,,,0,0.001998793
19,4,19004,0.000741207,0,0.000491272,0.3481,21.09436087,105.1671227,,33.57775197,,0,,0,0,,,2.54E-05,0.001333874
19,5,19005,0.001422279,0,0.000286886,0.2033,20.72526104,166.523852,,19.78000317,,0,,0,0,,,0,0.011847311
19,6,19006,0.094794842,0,0.007846774,5.5603,0.063014619,65.45151862,,445.2546218,,0,,0,0,,,0.001721501,0.001687017
19,7,19007,0.000141249,0,0.000231635,0.1641,12.86309931,337.1876065,,23.13913475,,0,,0,0,,,0,0.003231117
19,8,19008,9.09E-05,0,5.29E-05,0.0375,2.628708487,25.75582818,,3.823243547,,0,,0,0,,,0,0.00056508
19,9,19009,0.00930565,0,0.001184362,0.8392,71.37815085,588.2856114,,79.92701676,,0,,0,0,,,0.000443289,0.016319259
19,10,19010,0.004300402,0,0.000116411,0.0825,0.487848598,29.96848515,,8.306440521,,0,,0,0,,,1.87E-05,0.000178085
19,11,19011,8.67E-05,0,0.000123814,0.0877,3.970293959,306.4257044,,8.508108929,,0,,0,0,,,0.006256531,0.002477554
19,12,19012,0.003120064,0,0.000255447,0.181,0.047764868,214.7320134,,17.5470703,,0,,0,0,,,2.71E-05,9.69E-05
19,13,19013,0.000493672,0,0.000167504,0.1187,1.575365482,391.8084799,,11.65556901,,0,,0,0,,,1.59E-06,0.014857255
19,14,19014,0.001152368,0,0.000525281,0.3722,97.50379687,697.5215456,,50.52317415,,0,,0,0,,,4.99E-05,0.013884092
19,15,19015,1.40E-06,0,2.49E-05,0.0176,1.91264248,117.9584387,,1.748468088,,0,,0,0,,,0,0.004357287
19,16,19016,0.000321656,0,5.02E-05,0.0356,0.401581272,501.4088118,,5.301487581,,0,,0,0,,,0,0.001752601
19,17,19017,0.000124467,0,0.000622857,0.4414,94.57912532,397.8054377,,54.17382426,,0,,0,0,,,0.003116288,0.014343053
19,18,19018,0.01345781,0,0.00103383,0.7326,0.826707791,593.6719748,,72.65144292,,0,,0,0,,,0.013021472,0.00035163
19,19,19019,0.015028331,0,0.001930856,1.3682,,0.0366,,127.6517572,,0,,0,0,,,0.011815044,0
19,20,19020,0.000151039,0,8.43E-05,0.0598,2.050609807,324.6554483,,5.711953799,,0,,0,0,,,0,0.010826878
19,21,19021,0.024815067,0,0.005359727,3.7979,0.321546068,0.8754,,307.7806295,,0,,0,0,,,0.009250064,0.000107961
19,22,19022,0.00020558,0,0.000217151,0.1539,92.19986659,311.7899151,,15.69494744,,0,,0,0,,,0,0.021031214
19,23,19023,8.39E-06,0,2.29E-05,0.0162,1.047457093,58.014989,,1.643040034,,0,,0,0,,,2.21E-07,0.001758655
19,24,19024,8.53E-05,0,9.44E-05,0.0669,5.056690815,119.7874073,,10.38777893,,0,,0,0,,,0,0.001012765
19,25,19025,0.011806176,0,0.000120763,0.0856,0.108025062,114.4819036,,8.566458575,,0,,0,0,,,0,0.001411061
19,26,19026,0.062825025,0,0.011295539,8.0041,,0.6222,,642.8708472,,0,,0,0,,,0.004582698,0.000362224
19,27,19027,2.80E-05,0,2.83E-05,0.0201,0.963223466,85.54822965,,2.047640275,,0,,0,0,,,0,0.000485825
19,28,19028,4.89E-05,0,2.37E-05,0.0168,,59.14725654,,1.960617754,,0,,0,0,,,0,0.000356171
19,29,19029,0.000226558,0,0.000105091,0.0745,15.27074026,182.0851992,,7.999249883,,0,,0,0,,,0,0.002100952
19,30,19030,7.41E-05,0,5.72E-05,0.0405,1.02574839,133.1721007,,5.886548254,,0,,0,0,,,0,9.69E-05
19,31,19031,0.006859665,0,0.002969825,2.1044,0.055251216,326.9257102,,198.5751555,,0,,0,0,,,9.26E-05,0.000311271
19,32,19032,0.000132858,0,6.83E-05,0.0484,0.15404671,113.1762816,,5.291049651,,0,,0,0,,,0.006085041,0.000464384
19,33,19033,0.008276351,0,0.001152473,0.8167,32.34609011,497.5229592,,86.3987376,,0,,0,0,,,0.013576906,0.0179291
19,34,19034,0.000116076,0,9.32E-05,0.066,0.063014619,71.1843526,,6.491729817,,0,,0,0,,,0,0.001051863
19,35,19035,5.59E-06,0,1.62E-05,0.0115,0.231160671,35.89843588,,1.119187585,,0,,0,0,,,0,0.000147816
19,36,19036,9.79E-06,0,0.00011145,0.079,17.09530984,121.8446449,,10.79513571,,0,,0,0,,,0,0.002270209
19,37,19037,5.59E-05,0,8.96E-05,0.0635,0.519842575,256.4412729,,6.633201484,,0,,0,0,,,0.001454392,0.00026511
19,38,19038,0.003227749,0,0.000871994,0.6179,82.88622334,290.0291136,,61.86292321,,0,,0,0,,,0.000263546,0.010208876
19,39,19039,0.10932111,0,0.018327031,12.9867,,0.0854,,894.8555996,,0.053787155,,0,0,,,0.081451694,0
19,40,19040,1.40E-06,0,1.45E-05,0.0103,,24.43034126,,1.031249351,,0,,0,0,,,3.77E-05,0.000286803
19,41,19041,0.001791484,0,0.000207983,0.1474,10.46987825,243.2622997,,14.22167469,,0,,0,0,,,0,0.00655939
19,42,19042,4.75E-05,0,9.47E-05,0.0671,26.70758096,137.2891913,,6.725037284,,0,,0,0,,,0,0.008579371
19,43,19043,2.52E-05,0,4.13E-05,0.0293,3.788267478,59.10365678,,2.96505947,,0,,0,0,,,0,0.001066998
19,44,19044,0.003258516,0,0.000510348,0.3616,0.707752088,223.6334293,,34.94767803,,0,,0,0,,,0.000875868,0.00152326
19,45,19045,0.002016644,0,0.000526083,0.3728,1.327841665,987.5889047,,38.80434695,,0,,0,0,,,4.48E-05,0.001497077
19,46,19046,0.068311359,0,0.007536156,5.3402,,0,,427.1731207,,0,,0,0,,,0.007803261,0
19,47,19047,0.000314664,0,0.000260071,0.1843,0.010199921,41.69602267,,18.0591809,,0,,0,0,,,0.000312684,8.07E-06
19,48,19048,0.050467838,0,0.004453083,3.1555,0.199738114,830.0192325,,254.4251005,,0,,0,0,,,0.035769753,0.000142266
19,49,19049,0.001401302,0,0.000621637,0.4405,3.15936029,173.3891894,,43.55510052,,0,,0,0,,,0.000605096,0.000493897
19,50,19050,0,0,2.87E-05,0.0204,0.20885261,64.5575443,,2.098745159,,0,,0,0,,,0,0.001991881
19,51,19051,6.29E-05,0,6.58E-05,0.0466,1.043649344,42.09616517,,4.589846627,,0,,0,0,,,0.00118364,0.000313617
20,1,20001,4.20E-06,0,1.65E-05,0.0001,0.565790342,0.8164,,1.683162732,,0,,0,0,,,0,9.41E-08
20,2,20002,0.001180338,0,0.000657588,0.0037,81.28616222,7.1222,78.30108286,69.42252537,,0,,0,0,,,4.11E-07,0.011014451
20,3,20003,2.80E-06,0,3.23E-05,0.0002,5.56557928,806.6544331,,2.61416802,,0,,0,0,,,0,6.00E-07
20,4,20004,1.82E-05,0,1.13E-05,0.0001,0.34627413,1.2236,,1.476657137,,0,,0,0,,,0,9.07E-05
20,5,20005,0.000377596,0,0.000238073,0.0014,9.804182503,8.8484,,17.97881006,,0,,0,0,,,0,0.003432761
20,6,20006,0.000704846,0,0.000233802,0.0013,23.16697266,10.7408,,16.82380643,,0,,0,0,,,7.34E-05,0.001613528
20,7,20007,6.43E-05,0,4.94E-05,0.0003,2.808223368,3.7716,,5.779542458,,0,,0,0,,,0,0.000349927
20,8,20008,1.12E-05,0,1.10E-05,0.0001,2.365532877,1.2838,,0.79239098,,0,,0,0,,,0,0
20,9,20009,4.34E-05,0,0.000113088,0.0006,11.92470436,1.6592,,7.683223466,,0,,0,0,,,0,0.004558025
20,10,20010,0.000997134,0,0.000221936,0.0013,1.409455067,0.7362,,17.27379255,,0,,0,0,,,0.003816296,0.000819138
20,11,20011,5.59E-06,0,1.60E-05,0.0001,2.292938607,6824.7141,,2.385641031,,0,,0,0,,,0,0.000157048
20,12,20012,1.12E-05,0,0.00013751,0.0008,111.4316739,2.2156,,10.92929131,,0,,0,0,,,0,0.000865202
20,13,20013,7.97E-05,0,3.76E-05,0.0002,6.725576672,3.1996,,2.539977791,,0,,0,0,,,4.31E-07,0.001129503
20,14,20014,0.000829313,0,0.000403008,0.0023,8.040089812,3048.112119,,30.15315433,,0,,0,0,,,3.85E-05,0.001256806
20,15,20015,4.20E-06,0,7.45E-05,0.0004,5.044541846,8.868,,11.42942235,,0,,0,0,,,0,0.000899511
20,16,20016,2.80E-05,0,0.000139549,0.0008,13.52444345,1.494,,17.25436683,,0,,0,0,,,0,0.000349385
20,17,20017,8.39E-06,0,5.12E-05,0.0003,8.939548675,8.1842,,4.014255098,,0,,0,0,,,0,0.001986684
20,18,20018,6.99E-06,0,1.29E-05,0.0001,3.290877946,3.047,,1.699204207,,0,,0,0,,,0,0.000286012
20,19,20019,5.59E-06,0,4.67E-05,0.0003,5.825225948,4.3522,,3.360645822,,0,,0,0,,,0,5.65E-05
20,20,20020,3.78E-05,0,6.44E-05,0.0004,3.710461396,0.6222,,7.166784524,,0,,0,0,,,0,0
20,21,20021,0.00059856,0,0.000228552,0.0013,46.53182116,3.148,41.76057752,22.70231614,,0,,0,0,,,0.000138985,0.00574183
20,22,20022,9.79E-06,0,1.71E-05,0.0001,0.942712641,1.9602,,1.985493692,,0,,0,0,,,0,0.000146701
20,23,20023,0.000227956,0,0.000259734,0.0015,12.65453567,0.9134,,21.00550983,,0,,0,0,,,0,0.002089687
20,24,20024,1.40E-05,0,5.90E-05,0.0003,2.032641759,5.0076,,4.799294291,,0,,0,0,,,0,1.51E-05
20,25,20025,0.000188798,0,0.000163474,0.0009,9.201584338,1.8072,,14.03034799,,0,,0,0,,,0,0.002125473
20,26,20026,8.95E-05,0,0.000115657,0.0007,11.99769249,6.342,,9.493766485,,0,,0,0,,,0,0.001242341
20,27,20027,4.20E-06,0,3.80E-05,0.0002,9.673510514,676.313573,,2.71163397,,0,,0,0,,,0,3.03E-05
20,28,20028,0.000418153,0,0.000260681,0.0015,20.35763284,10.7046,,27.86896557,,0,,0,0,,,0,0.003650956
20,29,20029,2.38E-05,0,6.57E-05,0.0004,25.65451277,1.3794,,4.745181847,,0,,0,0,,,0,7.01E-05
20,30,20030,0.000153836,0,0.000139164,0.0008,2.363323198,1.7182,,9.823380997,,0,,0,0,,,0,0.00096344
20,31,20031,3.08E-05,0,0.000112799,0.0006,4.315954807,0.9934,,10.10804839,,0,,0,0,,,0,7.46E-07
20,32,20032,2.80E-06,0,1.24E-05,0.0001,1.102626888,2.2748,,1.628970426,,0,,0,0,,,0,0.000195848
20,33,20033,0.000413957,0,3.99E-05,0.0002,1.750226145,0.366,,2.966601555,,0,,0,0,,,0,0.000506548
20,34,20034,1.26E-05,0,1.70E-05,0.0001,2.040199776,1.0248,,1.23807688,,0,,0,0,,,1.60E-06,0.000121943
20,35,20035,1.12E-05,0,7.06E-06,0,0.447288669,0.4642,,0.547741959,,0,,0,0,,,3.84E-05,7.91E-08
20,36,20036,9.79E-06,0,8.51E-05,0.0005,93.04080639,4.7214,,7.583847562,,0,,0,0,,,0,0.003112249
20,37,20037,1.82E-05,0,6.08E-05,0.0003,6.104986497,1.7464,,7.917537395,,0,,0,0,,,0,0
20,38,20038,0.000184603,0,2.99E-05,0.0002,0.543919836,0.1304,,2.479788824,,0,,0,0,,,0,8.56E-08
20,39,20039,0.001419482,0,0.000895902,0.0051,10.93788887,7.3712,,71.95096318,,0,,0,0,,,0.000455161,0.000778033
20,40,20040,3.92E-05,0,8.84E-05,0.0005,30.69799018,2.0174,,6.300705527,,0,,0,0,,,0,0.000130007
20,41,20041,0.000469898,0,0.000526597,0.003,166.7066725,2.7062,,41.16581452,,0,,0,0,,,0,0.000427486
20,42,20042,0.00027131,0,0.000114308,0.0006,38.50296477,4.0392,,8.8378752,,0,,0,0,,,3.53E-05,2.25E-06
20,43,20043,0.005451371,0,0.001471457,0.0084,26.56054276,4.0002,,107.8728689,,0,,0,0,,,0.000145316,0.006414519
20,44,20044,0.000676876,0,0.000605083,0.0034,27.10578259,15.8016,16.70423101,48.79385509,,0,,0,0,,,3.23E-05,0.006010532
20,45,20045,0.000847494,0,0.000117214,0.0007,3.696705301,0.4246,,8.222735151,,0,,0,0,,,0,0.000803563
20,46,20046,5.87E-05,0,5.34E-05,0.0003,14.60458666,5.3228,,4.057976914,,0,,0,0,,,1.24E-07,0.001338232
20,47,20047,5.59E-06,0,1.64E-06,0,1.297669389,0.122,,0.118992688,,0,,0,0,,,0,9.87E-05
20,48,20048,2.80E-06,0,1.75E-05,0.0001,2.267987018,3.1654,,1.315898498,,0,,0,0,,,0,0.000353455
20,49,20049,1.40E-06,0,1.64E-05,0.0001,3.098501431,0.6766,,1.86867347,,0,,0,0,,,0,0.000392257
20,50,20050,8.81E-05,0,5.31E-05,0.0003,2.014705207,0.7714,,3.966313407,,0,,0,0,,,0,0.000173676
20,51,20051,2.94E-05,0,7.39E-05,0.0004,3.044030084,3.3772,,5.716852187,,0,,0,0,,,0,0.000598968
20,52,20052,0.000113279,0,9.74E-05,0.0006,8.995147548,5.9776,,9.940078784,,0,,0,0,,,0.000354535,0.001162033
20,53,20053,2.66E-05,0,1.95E-05,0.0001,1.830235151,0,,1.563489551,,0,,0,0,,,0,0.000389567
20,54,20054,6.99E-06,0,6.49E-06,0,3.104578766,0.3782,,0.517662684,,0,,0,0,,,0,0.000247581
20,55,20055,9.79E-05,0,4.74E-05,0.0003,3.784658066,2.806,,5.706474778,,0,,0,0,,,0,0.000345875
20,56,20056,2.52E-05,0,1.91E-05,0.0001,2.279072799,2542.819458,,2.271532363,,0,,0,0,,,0,0.000144264
20,57,20057,0.000637718,0,0.00059577,0.0034,38.78761071,26.5316,,49.05463982,,0,,0,0,,,1.61E-05,0.007306998
20,58,20058,1.40E-05,0,0.000208593,0.0012,34.00264728,8.2844,,18.5005341,,0,,0,0,,,0,0.00014656
20,59,20059,0.000818125,0,0.000496972,0.0028,30.41608345,11.28,,40.00237586,,0,,0,0,,,6.68E-06,0
20,60,20060,6.99E-06,0,3.80E-05,0.0002,2.331036366,0.7742,,2.55130132,,0,,0,0,,,0,4.10E-07
20,61,20061,2.38E-05,0,3.14E-05,0.0002,3.002638003,0.253,,3.645976061,,0,,0,0,,,0,0
20,62,20062,1.40E-05,0,8.37E-06,0,0.090646718,0.0366,,0.580647545,,0,,0,0,,,0.001250972,1.56E-08
20,63,20063,0.000104888,0,6.01E-05,0.0003,1.812838949,0.5982,,4.472021143,,0,,0,0,,,2.68E-05,0.000663874
20,64,20064,1.26E-05,0,0.00011214,0.0006,28.76549596,6.9276,,10.02818205,,0,,0,0,,,0,0
20,65,20065,2.94E-05,0,1.95E-05,0.0001,1.718943149,0.2402,,2.052976514,,0,,0,0,,,0,0.00017848
20,66,20066,0.000103489,0,7.95E-05,0.0005,14.13655039,3.7688,,7.742121671,,0,,0,0,,,0,0.00308796
20,67,20067,0.008241388,0,0.004227004,0.024,1.359660147,0.8588,,246.4829856,,0.02053163,,0,0,,,0.006704161,0.000253274
20,68,20068,0.000818125,0,0.000318148,0.0018,11.94720234,6.2092,,30.89471165,,0,,0,0,,,0.000625365,0.002860092
20,69,20069,1.40E-06,0,3.47E-05,0.0002,6.385586086,0.5762,,2.702602542,,0,,0,0,,,0,0.001071653
20,70,20070,5.31E-05,0,0.000112767,0.0006,4.527839665,5.0666,,15.96524346,,0,,0,0,,,0,0.000177713
20,71,20071,1.40E-06,0,5.17E-05,0.0003,147.603681,0.3172,,5.474248764,,0,,0,0,,,0,0.000956995
20,72,20072,1.26E-05,0,0.000102651,0.0006,9.32331358,5.1214,,11.27086798,,0,,0,0,,,0,0.001300234
20,73,20073,0.000401371,0,0.000485669,0.0028,37.89505916,9.353,,44.42079045,,0,,0,0,,,0,0
20,74,20074,4.34E-05,0,7.51E-06,0,0.924328979,0.0366,,0.654336473,,0,,0,0,,,0,0
20,75,20075,6.99E-05,0,4.40E-05,0.0003,6.692539884,0.122,,3.775082624,,0,,0,0,,,0,0.001740669
20,76,20076,9.79E-06,0,4.73E-05,0.0003,8.854501716,1.098,,4.455827062,,0,,0,0,,,0,0
20,77,20077,5.59E-05,0,5.99E-05,0.0003,2.847806152,1.1614,,4.430239586,,0,,0,0,,,0.000173083,0.000656114
20,78,20078,1.40E-05,0,1.47E-05,0.0001,1.143426186,1.2322,,1.135951743,,0,,0,0,,,0,0.000471979
20,79,20079,0.00583596,0,0.001237831,0.007,2.111617613,0.5002,,91.82607888,,0,,0,0,,,0.002968904,0.000247646
20,80,20080,3.36E-05,0,2.23E-05,0.0001,2.989700689,1.525,,1.754099325,,0,,0,0,,,0,0.000668813
20,81,20081,2.80E-05,0,2.54E-05,0.0001,1.568227675,1.006,,2.397208581,,0,,0,0,,,0,0.000136909
20,82,20082,1.68E-05,0,7.30E-05,0.0004,43.62927224,3.843,,6.81771161,,0,,0,0,,,0,0.00050684
20,83,20083,0.000236347,0,9.53E-05,0.0005,0.821428593,0.4056,,6.559083436,,0,,0,0,,,0,0.000124168
20,84,20084,8.95E-05,0,5.07E-05,0.0003,0.555816457,0,,3.685705378,,0,,0,0,,,0,0.000153093
20,85,20085,4.20E-06,0,0.000275052,0.0016,186.3527331,7.6264,,21.10262208,,0,,0,0,,,0,0.001638229
20,86,20086,2.80E-05,0,1.46E-05,0.0001,1.130570096,0.5152,,1.087726112,,0,,0,0,,,0,0.00010088
20,87,20087,0.000278302,0,4.87E-05,0.0003,0.559556624,0.1004,,3.420288096,,0,,0,0,,,0,0.000122051
20,88,20088,0.000103489,0,3.79E-05,0.0002,5.779243427,2.5676,,3.308820392,,0,,0,0,,,0,0
20,89,20089,0.000278302,0,3.25E-05,0.0002,2.765967883,1.4762,,3.910824312,,0,,0,0,,,0,0.000322687
20,90,20090,8.11E-05,0,8.83E-05,0.0005,4.428968346,2.135,,11.79013419,,0,,0,0,,,0,0.000243462
20,91,20091,8.39E-05,0,7.61E-05,0.0004,2.839053594,0.8906,,5.509503586,,0,,0,0,,,0,0.00054535
20,92,20092,1.82E-05,0,2.03E-05,0.0001,2.361959272,0.396,,1.350977335,,0,,0,0,,,0,0.00049526
20,93,20093,5.59E-06,0,8.49E-06,0,2.911282009,0.7488,,0.615270057,,0,,0,0,,,0,0.000337006
20,94,20094,1.12E-05,0,3.21E-05,0.0002,3.113044358,0.5734,,2.220772395,,0,,0,0,,,0,0.000333865
20,95,20095,6.71E-05,0,6.97E-05,0.0004,1.679809926,1.7292,,5.700782021,,0,,0,0,,,0,0
20,96,20096,1.40E-05,0,9.43E-06,0.0001,8.410716738,0.1708,,0.756370985,,0,,0,0,,,0,0.000671795
20,97,20097,1.96E-05,0,2.66E-05,0.0002,2.545911851,1.3106,,2.142869156,,0,,0,0,,,0,1.89E-07
20,98,20098,1.12E-05,0,7.02E-05,0.0004,38.2811941,4.4774,,5.017914156,,0,,0,0,,,0,0.000132251
20,99,20099,3.50E-05,0,7.37E-06,0,0.547202755,1.5454,,0.906028185,,0,,0,0,,,0,2.07E-05
20,100,20100,6.99E-06,0,5.30E-06,0,1.292577598,0.6972,,0.457222081,,0,,0,0,,,0,1.06E-07
20,101,20101,8.39E-06,0,1.12E-05,0.0001,1.275346118,0.2806,,0.771323274,,0,,0,0,,,0,0.000284316
20,102,20102,2.94E-05,0,6.73E-05,0.0004,6.568657785,3.1342,,4.952043159,,0,,0,0,,,0,0.0004875
20,103,20103,0.000192994,0,7.92E-05,0.0004,4.752834737,0.6184,,6.499700893,,0,,0,0,,,0,0.001104811
20,104,20104,1.82E-05,0,4.22E-05,0.0002,3.76311356,4.2418,,3.586472882,,0,,0,0,,,0,0.000578509
20,105,20105,0,0,0.000105124,0.0006,9.771856008,3.1766,,7.234874869,,0,,0,0,,,0,0.000805563
20,106,20106,4.20E-06,0,5.01E-06,0,0.999983016,0.4042,,0.353493091,,0,,0,0,,,0,8.68E-05
20,107,20107,0.001267045,0,0.000235553,0.0013,0.497802398,0.4758,,16.36820137,,0,,0,0,,,4.43E-05,0.00012064
20,108,20108,1.54E-05,0,6.68E-05,0.0004,11.50112416,4.7242,,4.913958056,,0,,0,0,,,0,0.001001808
20,109,20109,5.59E-06,0,1.98E-05,0.0001,1.534385795,0.5168,1.52426108,1.59327514,,0,,0,0,,,0,1.64E-05
20,110,20110,1.40E-06,0,2.11E-05,0.0001,1.3657178,2.786,,2.193920578,,0,,0,0,,,0,6.17E-05
20,111,20111,1.96E-05,0,6.51E-05,0.0004,4.462307228,1.9872,,14.14877738,,0,,0,0,,,0,0.000192905
20,112,20112,0.000296483,0,4.31E-05,0.0002,12.26174955,4.4744,,3.480750079,,0,,0,0,,,0,0.001459677
20,113,20113,1.68E-05,0,4.49E-05,0.0003,20.32947199,6.75,,3.052012485,,0,,0,0,,,0,0.000197885
20,114,20114,1.12E-05,0,1.06E-05,0.0001,0.464222619,0.2646,,0.869930918,,0,,0,0,,,0,7.85E-08
20,115,20115,0.000441927,0,0.000149713,0.0009,3.450198201,1.5768,,10.75065441,,0,,0,0,,,0,0.000632832
20,116,20116,3.64E-05,0,6.08E-05,0.0003,21.72197021,0.8754,,4.30381069,,0,,0,0,,,0,8.89E-05
20,117,20117,1.96E-05,0,4.41E-05,0.0003,33.64130779,3.1438,,3.0607676,,0,,0,0,,,0,0.000298742
20,118,20118,6.99E-05,0,3.62E-05,0.0002,1.959815358,4.9182,,3.9704536,,0,,0,0,,,0,0.000456458
20,119,20119,3.50E-05,0,5.81E-06,0,1.184824356,0.1708,,0.505651392,,0,,0,0,,,0,7.21E-05
20,120,20120,6.99E-06,0,5.60E-06,0,0.085163222,0.1518,,0.574596581,,0,,0,0,,,0,1.43E-08
20,121,20121,2.80E-06,0,1.05E-05,0.0001,4.203308659,0.711,,0.820239126,,0,,0,0,,,0,0.000318899
20,122,20122,9.79E-06,0,1.03E-05,0.0001,1.035248456,1.586,,0.781991253,,0,,0,0,,,0,0
20,123,20123,2.24E-05,0,3.55E-05,0.0002,8.272313105,2.7164,,2.660693933,,0,,0,0,,,0,0.000965828
20,124,20124,0.002176073,0,0.000288122,0.0016,15.05974427,0.0732,,38.04079508,,0,,0,0,,,0,0.002085469
20,125,20125,5.59E-06,0,0.000156023,0.0009,25.67351065,24.7574,,17.80938619,,0,,0,0,,,0,0
20,126,20126,0.000791554,0,6.36E-05,0.0004,6.038313996,6.3374,,4.574830521,,0,,0,0,,,0,0
20,127,20127,7.83E-05,0,1.91E-05,0.0001,1.189010254,2.0008,,1.688325555,,0,,0,0,,,0,9.02E-05
20,128,20128,1.40E-05,0,1.73E-05,0.0001,2.601213606,0.1342,,1.248788738,,0,,0,0,,,0,2.11E-07
20,129,20129,2.38E-05,0,3.69E-06,0,2.686232244,0.7016,,0.250500384,,0,,0,0,,,0,0.000184115
20,130,20130,5.17E-05,0,8.60E-05,0.0005,2.961701997,0.5884,,14.20301253,,0,,0,0,,,0,0.000430048
20,131,20131,0.000896441,0,0.000144687,0.0008,16.11864189,8.6884,,12.70925926,,0,,0,0,,,0,0.000690683
20,132,20132,1.12E-05,0,1.76E-05,0.0001,2.694118597,0.1342,,1.254219049,,0,,0,0,,,0,0.000640593
20,133,20133,1.12E-05,0,6.26E-05,0.0004,4.114904724,0.1858,,5.75767005,,0,,0,0,,,0,0.000369339
20,134,20134,0.000131459,0,0.000439457,0.0025,47.67944578,2406.684483,,33.52548265,,0,,0,0,,,0,0.007624492
20,135,20135,3.64E-05,0,9.85E-05,0.0006,5.221025757,1.5558,,8.033319052,,0,,0,0,,,0,0.001022268
20,136,20136,4.20E-05,0,0.00019077,0.0011,71.08560998,2.5984,,13.15105443,,0,,0,0,,,0,0.005727258
20,137,20137,0,0,5.07E-05,0.0003,6.360781878,4.1846,,3.738006851,,0,,0,0,,,0,0
20,138,20138,1.26E-05,0,5.64E-06,0,0.480776951,0.3312,,0.403619436,,0,,0,0,,,0,8.69E-08
20,139,20139,1.40E-06,0,3.30E-05,0.0002,12.75487827,1.3176,,2.434549711,,0,,0,0,,,0,4.39E-05
20,140,20140,2.80E-06,0,1.04E-05,0.0001,4.739119684,1.6188,,0.83673374,,0,,0,0,,,0,0.000356221
20,141,20141,9.79E-05,0,0.000123187,0.0007,8.590288155,2.3076,,13.10983389,,0,,0,0,,,0,0.001480164
20,142,20142,0,0,1.97E-05,0.0001,1.648899981,0.1098,,1.316432623,,0,,0,0,,,0,2.05E-05
20,143,20143,0.000113279,0,0.000143676,0.0008,8.261336849,1.3086,,13.66045042,,0,,0,0,,,0,0.002782212
20,144,20144,5.87E-05,0,1.32E-05,0.0001,4.047677494,5.5912,,0.912991745,,0,,0,0,,,0,0.000282317
20,145,20145,7.69E-05,0,3.01E-05,0.0002,1.559043607,0.5862,,2.178709298,,0,,0,0,,,0,0.000315358
20,146,20146,0.000166422,0,4.08E-05,0.0002,1.824812838,2.3058,,2.89761362,,0,,0,0,,,0,0
20,147,20147,2.80E-06,0,5.30E-06,0,1.289388509,1.7774,,0.357542966,,0,,0,0,,,0,0.000110857
20,148,20148,2.80E-06,0,2.94E-05,0.0002,8.572633208,1.8032,,2.136819615,,0,,0,0,,,0,0
20,149,20149,2.10E-05,0,2.10E-05,0.0001,2.549232,2.5498,,2.138787479,,0,,0,0,,,0,0
20,150,20150,0.000395777,0,0.000170908,0.001,4.535594153,3.4172,,14.52241091,,0,,0,0,,,0,0.001715773
20,151,20151,3.78E-05,0,6.07E-06,0,1.917023432,0.9552,,0.68446409,,0,,0,0,,,0,0.000173676
20,152,20152,1.54E-05,0,1.82E-05,0.0001,3.730591759,3.0988,,3.413016524,,0,,0,0,,,0,0.000222823
20,153,20153,0.000117474,0,6.31E-05,0.0004,78.01898278,1.735,,7.288571927,,0,,0,0,,,0,0.000624932
20,154,20154,1.40E-05,0,3.41E-05,0.0002,2.771537912,2.089,,2.354578664,,0,,0,0,,,0,0
20,155,20155,0,0,1.26E-05,0.0001,1.480438738,1.6836,,1.500734381,,0,,0,0,,,0,0
20,156,20156,2.24E-05,0,4.72E-05,0.0003,13.61358685,1.2078,,3.24866327,,0,,0,0,,,0,9.67E-07
20,157,20157,0.000558003,0,0.000167841,0.001,0.486728542,0,,11.32568044,,0,,0,0,,,4.22E-05,9.95E-05
20,158,20158,4.20E-06,0,3.30E-05,0.0002,4.352813274,1.3532,,2.21344805,,0,,0,0,,,0,0
20,159,20159,1.40E-06,0,8.14E-05,0.0005,19.12503598,4.8518,,8.150863788,,0,,0,0,,,0,0
20,160,20160,0.000132858,0,2.66E-05,0.0002,1.250442513,5.6616,,4.128451553,,0,,0,0,,,0,0.000110857
20,161,20161,2.66E-05,0,4.55E-05,0.0003,9.153356001,5.4166,,3.852941107,,0,,0,0,,,0,3.32E-05
20,162,20162,1.40E-05,0,3.08E-05,0.0002,2.481979503,2.6962,,4.213219633,,0,,0,0,,,0,0.000812029
20,163,20163,4.34E-05,0,2.41E-05,0.0001,8.280042425,0.1464,,1.779378004,,0,,0,0,,,0,2.73E-05
20,164,20164,2.24E-05,0,4.55E-05,0.0003,1.612827891,0.7686,,4.673065548,,0,,0,0,,,0,0.000206749
20,165,20165,0.000316062,0,2.26E-05,0.0001,2.47518926,0.061,,3.920276255,,0,,0,0,,,0,0.000234648
20,166,20166,0.000180407,0,0.000159315,0.0009,19.70030695,0.915,13.98979347,13.88020648,,0,,0,0,,,0,0.008241166
20,167,20167,9.79E-06,0,3.06E-05,0.0002,4.057351147,0.2692,,2.320422712,,0,,0,0,,,0,0
20,168,20168,6.99E-06,0,1.53E-05,0.0001,0.628543706,0.5978,,2.374885274,,0,,0,0,,,0,0.000148094
20,169,20169,6.99E-06,0,5.73E-05,0.0003,6.90415212,1.6348,,4.356385721,,0,,0,0,,,0,0.000578205
20,170,20170,0.000110482,0,6.15E-05,0.0003,1.265658527,4.1104,,5.116967686,,0,,0,0,,,0,0
20,171,20171,3.22E-05,0,0.000288347,0.0016,259.1250869,4.7026,,23.0522961,,0,,0,0,,,0,0.000759806
20,172,20172,1.82E-05,0,6.12E-06,0,0.853951934,0.8296,,0.430807072,,0,,0,0,,,0,7.91E-05
20,173,20173,2.80E-06,0,1.96E-05,0.0001,1.145373375,2.6386,,1.510866006,,0,,0,0,,,0,1.72E-07
20,174,20174,2.80E-05,0,5.27E-05,0.0003,2.631784275,4497.668095,,3.710435023,,0,,0,0,,,0,0.000463513
20,175,20175,1.40E-06,0,2.08E-05,0.0001,3.72679581,2.1838,,1.522811721,,0,,0,0,,,0,0.000362626
20,176,20176,2.80E-05,0,4.49E-05,0.0003,9.141162414,3.5594,,4.174740452,,0,,0,0,,,0,0.000600292
20,177,20177,6.57E-05,0,0.000149344,0.0008,12.3769818,8.2276,0.198362743,11.22149938,,0,,0,0,,,0,0.000146687
20,178,20178,6.57E-05,0,8.69E-05,0.0005,2.147297598,0.6198,,6.020407178,,0,,0,0,,,0,0.000631421
20,179,20179,3.08E-05,0,2.11E-05,0.0001,2.714234467,2.2082,,1.547834424,,0,,0,0,,,0,0.00076335
20,180,20180,1.82E-05,0,3.30E-05,0.0002,1.538289942,6.8112,,4.567021189,,0,,0,0,,,0,0.000154733
20,181,20181,0,0,6.63E-06,0,0.637140985,1.1008,,0.686442659,,0,,0,0,,,0,8.57E-05
20,182,20182,0,0,3.70E-05,0.0002,20.95968704,0.0122,,2.703146193,,0,,0,0,,,0,7.23E-05
20,183,20183,4.20E-06,0,2.27E-05,0.0001,0.809712185,3.6148,,2.133727973,,0,,0,0,,,0,0.00010901
20,184,20184,0.006840086,0,0.002367889,0.0135,113.8421055,24.3136,79.34509729,196.099243,,0,,0,0,,,0.00103704,0.040772762
20,185,20185,9.23E-05,0,0.000136113,0.0008,5.67908711,1.6486,,15.77488794,,0,,0,0,,,0,0.000271293
20,186,20186,4.20E-06,0,8.30E-06,0,1.29406057,2.2814,,0.678608465,,0,,0,0,,,0,7.02E-05
20,187,20187,1.12E-05,0,3.12E-05,0.0002,27.30175911,0.9882,,2.331490637,,0,,0,0,,,0,0.000102109
20,188,20188,2.52E-05,0,0.000140208,0.0008,9.951996553,5.9224,,13.97596506,,0,,0,0,,,0,0.000264399
20,189,20189,2.80E-06,0,4.04E-05,0.0002,9.743176511,0.1464,,2.878875306,,0,,0,0,,,0,0.001904812
20,190,20190,0.001074052,0,0.0003633,0.0021,127.0079517,21.4812,,28.38539186,,0,,0,0,,,0,1.73E-05
20,191,20191,6.99E-06,0,4.26E-06,0,0.809913041,0.2928,,0.287963611,,0,,0,0,,,0,1.30E-07
20,192,20192,3.08E-05,0,2.06E-05,0.0001,3.730636696,0.244,,1.460076722,,0,,0,0,,,0,0.000497377
20,193,20193,2.10E-05,0,3.37E-05,0.0002,2.631419102,2.0856,,2.436996536,,0,,0,0,,,0,0.000760528
20,194,20194,0.000372002,0,1.83E-05,0.0001,2.635605546,2.9774,,1.327590259,,0,,0,0,,,0,0.000793686
20,195,20195,6.99E-06,0,1.99E-05,0.0001,1.291642263,2.558,,1.52142718,,0,,0,0,,,0,0.000114553
20,196,20196,4.20E-06,0,6.41E-06,0,0.345523529,0,,0.518237822,,0,,0,0,,,0,5.00E-08
20,197,20197,7.27E-05,0,4.54E-05,0.0003,0.822582777,2.5768,,5.028979572,,0,,0,0,,,0,0.000198245
20,198,20198,0.000222362,0,0.000459753,0.0026,119.6968505,19.8972,,41.64912262,,0,,0,0,,,0,0.011721772
20,199,20199,5.59E-06,0,1.10E-05,0.0001,1.101800143,1.3748,,1.723763433,,0,,0,0,,,0,0.000107901
20,200,20200,3.08E-05,0,5.72E-05,0.0003,11.774657,1.6592,,4.597282648,,0,,0,0,,,0,0
20,201,20201,6.99E-06,0,3.22E-05,0.0002,7.967471008,0.686,,3.36155173,,0,,0,0,,,0,4.41E-07
20,202,20202,1.68E-05,0,6.30E-05,0.0004,67.10190263,2.0158,,4.999498065,,0,,0,0,,,0,0.000596973
20,203,20203,2.80E-06,0,5.59E-05,0.0003,2.151734945,5.763,,8.541456174,,0,,0,0,,,0,0.00043882
20,204,20204,1.40E-06,0,1.05E-05,0.0001,1.29406057,0.9486,,0.951202368,,0,,0,0,,,0,0
20,205,20205,0,0,0.00026643,0.0015,48.48804073,15.9198,,19.40061382,,0,,0,0,,,0,0.008365317
20,206,20206,3.08E-05,0,4.03E-05,0.0002,6.181912369,1.0554,,2.811104153,,0,,0,0,,,0,3.15E-05
20,207,20207,1.40E-06,0,0.000250919,0.0014,97.71569754,15.4346,,19.72057341,,0,,0,0,,,0.000756345,1.36E-05
20,208,20208,3.92E-05,0,0.000109668,0.0006,19.42734825,6.1774,,15.01294837,,0,,0,0,,,0,0.000853971
20,209,20209,0,0,1.48E-05,0.0001,0.739463183,0.4514,,1.181134606,,0,,0,0,,,0,0
20,210,20210,1.40E-06,0,8.70E-05,0.0005,11.14882289,6.1426,,5.958336753,,0,,0,0,,,0,0.000840298
20,211,20211,1.54E-05,0,4.40E-05,0.0003,10.67690177,4.8892,,3.110760051,,0,,0,0,,,0,0
20,212,20212,1.82E-05,0,4.67E-05,0.0003,10.205341,0.1464,,3.255315022,,0,,0,0,,,0,0.000663886
20,213,20213,0,0,6.37E-05,0.0004,15.07979776,4.0016,,5.255940281,,0,,0,0,,,0,0.000178734
20,214,20214,1.96E-05,0,3.73E-05,0.0002,3.17073274,2.1908,,2.711748876,,0,,0,0,,,0,2.46E-07
20,215,20215,1.40E-05,0,1.05E-05,0.0001,6.730467333,0.4054,,0.829716528,,0,,0,0,,,0,0.000484816
20,216,20216,1.82E-05,0,1.68E-05,0.0001,1.323310334,1.1918,,1.347789034,,0,,0,0,,,0,1.34E-07
20,217,20217,0,0,4.99E-05,0.0003,9.055518134,10.1982,,4.106707933,,0,,0,0,,,0,0.000842515
20,218,20218,2.66E-05,0,7.98E-06,0,0.981119152,2.44,,0.60877111,,0,,0,0,,,0,7.76E-05
20,219,20219,2.80E-05,0,3.84E-05,0.0002,1.922740084,3.6232,,6.675981323,,0,,0,0,,,0,0.0004106
20,220,20220,2.80E-06,0,4.74E-05,0.0003,5.235055671,0.9796,,3.493707738,,0,,0,0,,,0,3.65E-05
20,221,20221,1.82E-05,0,2.07E-05,0.0001,4.800696062,2.866,,1.706933856,,0,,0,0,,,0,0.000221345
20,222,20222,4.62E-05,0,2.39E-05,0.0001,6.600617929,0.1398,,1.756790094,,0,,0,0,,,0,3.25E-07
20,223,20223,1.40E-06,0,9.67E-06,0.0001,2.985372623,0.2918,,0.643480973,,0,,0,0,,,0,2.17E-07
20,224,20224,2.80E-06,0,9.99E-06,0.0001,6.186541202,0.671,,0.850416729,,0,,0,0,,,0,0.000495532
20,225,20225,4.62E-05,0,9.65E-05,0.0005,10.90714741,1.1468,,15.89362267,,0,,0,0,,,0,0.00027474
20,226,20226,0.000172016,0,3.88E-05,0.0002,5.141371328,6.0258,,2.855163356,,0,,0,0,,,0,0.00119194
20,227,20227,0.000222362,0,0.000192392,0.0011,4.420436706,2.5678,,16.37272908,,0,,0,0,,,0,0.000358393
20,228,20228,1.12E-05,0,1.23E-05,0.0001,0.58883671,0.488,,0.816509311,,0,,0,0,,,0,5.42E-06
20,229,20229,1.26E-05,0,0.000110406,0.0006,8.387045486,4.6538,,7.917776701,,0,,0,0,,,0,0
20,230,20230,8.39E-06,0,1.37E-05,0.0001,1.064661589,0.9272,,1.095625051,,0,,0,0,,,0,0.00010125
20,231,20231,6.99E-06,0,3.90E-05,0.0002,7.237093842,2.4034,,3.411932001,,0,,0,0,,,0,4.02E-07
20,232,20232,6.71E-05,0,0.000326899,0.0019,45.68883357,11.9128,2.19243032,31.60613375,,0,,0,0,,,0,0.013322607
20,233,20233,2.10E-05,0,2.58E-05,0.0001,2.426369518,2.5972,,2.769244794,,0,,0,0,,,0,0.000553111
20,234,20234,1.40E-06,0,0.000123573,0.0007,49.00076655,4.2472,,8.686074779,,0,,0,0,,,0,7.59E-05
20,235,20235,0.000198588,0,5.40E-05,0.0003,18.25615591,5.0642,,4.807846087,,0,,0,0,,,0,0
20,236,20236,1.82E-05,0,2.16E-05,0.0001,4.367653654,0.0122,,1.614710915,,0,,0,0,,,0,0
20,237,20237,2.80E-05,0,3.21E-05,0.0002,2.393306607,0.0976,,2.796343127,,0,,0,0,,,0,0.00022929
20,238,20238,0,0,1.25E-05,0.0001,1.513782237,0.427,,1.066396971,,0,,0,0,,,0,0.000264562
20,239,20239,1.40E-06,0,1.58E-05,0.0001,2.419697307,0.7948,,1.1747568,,0,,0,0,,,0,0.000188088
20,240,20240,9.79E-06,0,4.21E-05,0.0002,2.513821994,2.4052,,5.579175877,,0,,0,0,,,0,0.000224301
20,241,20241,1.96E-05,0,1.43E-05,0.0001,3.141487346,0.1154,,0.948958209,,0,,0,0,,,0,9.59E-05
20,242,20242,1.68E-05,0,0.000229355,0.0013,10.37569014,4.618,,50.64232727,,0,,0,0,,,0,0.000275296
20,243,20243,0.000304874,0,2.50E-05,0.0001,3.185132008,0.1342,,2.098569615,,0,,0,0,,,0,0.000716081
20,244,20244,1.96E-05,0,6.25E-05,0.0004,6.971762033,2.6154,0.80911119,6.309419187,,0,,0,0,,,0,4.83E-05
20,245,20245,1.40E-06,0,1.78E-05,0.0001,1.469668453,0.671,,2.60675497,,0,,0,0,,,0,0.00024869
20,246,20246,6.85E-05,0,8.62E-06,0,0.510758139,0.5902,,0.886678226,,0,,0,0,,,0,8.37E-08
20,247,20247,2.80E-05,0,2.07E-05,0.0001,1.150395794,0.2074,,1.395605855,,0,,0,0,,,0,1.52E-07
20,248,20248,0.000264317,0,0.000227203,0.0013,2.748786354,0.2962,,48.51703606,,0,,0,0,,,0,0.000386709
20,249,20249,4.48E-05,0,5.71E-05,0.0003,13.94591499,0.0796,,4.459175717,,0,,0,0,,,0,3.87E-05
20,250,20250,2.10E-05,0,1.73E-05,0.0001,4.24917519,0.8468,,1.581403635,,0,,0,0,,,0,0.000529528
20,251,20251,6.57E-05,0,1.73E-05,0.0001,1.275573991,4.2972,,1.56751442,,0,,0,0,,,0,6.85E-05
20,252,20252,2.52E-05,0,2.75E-05,0.0002,2.289307406,1.5678,,2.566046767,,0,,0,0,,,0,0.000203977
20,253,20253,3.08E-05,0,3.99E-05,0.0002,121.1307047,2.4784,,3.036487009,,0,,0,0,,,0,0.000834179
20,254,20254,7.83E-05,0,4.32E-05,0.0002,9.807232362,4.8864,,3.010518192,,0,,0,0,,,0,0
20,255,20255,3.64E-05,0,2.95E-05,0.0002,4.346844615,7.5874,,2.123336345,,0,,0,0,,,0,0.000430126
20,256,20256,1.12E-05,0,3.61E-06,0,1.043623112,0,,0.419275794,,0,,0,0,,,0,6.39E-05
20,257,20257,2.52E-05,0,1.42E-05,0.0001,2.03942797,1.157,,1.662560272,,0,,0,0,,,0,1.94E-07
20,258,20258,2.10E-05,0,1.26E-05,0.0001,1.791066334,0.2318,,1.10641312,,0,,0,0,,,0,0.000102358
20,259,20259,0.000137053,0,3.51E-05,0.0002,2.606005622,2.2964,,3.784135143,,0,,0,0,,,0,0.000122867
20,260,20260,1.82E-05,0,4.01E-05,0.0002,1.713273553,0.6222,,3.324575283,,0,,0,0,,,0,3.19E-07
20,261,20261,6.71E-05,0,9.80E-05,0.0006,9.110031742,5.323,,12.10697001,,0,,0,0,,,0,0.000789304
20,262,20262,0.000199986,0,1.55E-05,0.0001,0.695708659,0.992,,1.058502955,,0,,0,0,,,0,1.01E-07
20,263,20263,0.000109083,0,4.48E-05,0.0003,5.001637821,5.4778,,3.136545438,,0,,0,0,,,0,0
20,264,20264,2.80E-06,0,3.08E-05,0.0002,4.011100704,4.8208,,2.239830768,,0,,0,0,,,0,0.000328877
20,265,20265,1.12E-05,0,0.000113553,0.0006,15.47007689,9.6436,,14.97156369,,0,,0,0,,,0,0.003876143
20,266,20266,4.20E-05,0,0.00011707,0.0007,120.4533168,7.789,,11.43286638,,0,,0,0,,,0,0.000973592
20,267,20267,1.12E-05,0,4.21E-06,0,0.16328464,0.1342,,0.280040897,,0,,0,0,,,0,2.60E-08
20,268,20268,2.80E-05,0,1.17E-05,0.0001,1.766502194,0.1952,,1.09885196,,0,,0,0,,,0,0.000662463
20,269,20269,3.22E-05,0,4.59E-05,0.0003,5.956997056,1.9084,,3.63691704,,0,,0,0,,,0,0.000481305
20,270,20270,6.29E-05,0,1.89E-05,0.0001,3.323129847,4.1996,,1.479263575,,0,,0,0,,,0,0.000266057
20,271,20271,4.20E-06,0,4.06E-05,0.0002,8.80673982,3.6402,,4.089267738,,0,,0,0,,,0,0.001228979
20,272,20272,0,0,8.69E-05,0.0005,75.36605598,0.7592,,6.938300274,,0,,0,0,,,0,0.000578972
20,273,20273,1.12E-05,0,5.13E-05,0.0003,6.281448474,4.5236,,4.607238327,,0,,0,0,,,0,0.003190971
20,274,20274,9.79E-06,0,2.28E-05,0.0001,3.571548333,2.0768,,1.540388155,,0,,0,0,,,0,0.000351048
20,275,20275,1.26E-05,0,0.000105107,0.0006,33.07506969,0.6588,,8.06552476,,0,,0,0,,,0,1.79E-06
20,276,20276,1.12E-05,0,1.26E-05,0.0001,0.753429746,0.9516,,0.87626881,,0,,0,0,,,0,8.81E-06
20,277,20277,4.62E-05,0,0.000184315,0.001,20.33814801,14.0002,,14.52075468,,0,,0,0,,,0,0
20,278,20278,0.000153836,0,0.000567269,0.0032,65.6414814,7.3724,53.24473634,65.08452998,,0,,0,0,,,0,0.009373096
20,279,20279,9.65E-05,0,4.48E-05,0.0003,1.109194775,0.6466,,3.583679572,,0,,0,0,,,0,0
20,280,20280,2.94E-05,0,3.40E-05,0.0002,6.072583358,1.2078,,2.37640337,,0,,0,0,,,0,4.13E-07
20,281,20281,4.20E-06,0,3.36E-06,0,1.420148736,0.468,,0.228147383,,0,,0,0,,,0,0.000110857
20,282,20282,0,0,1.06E-05,0.0001,3.052870359,1.1224,,1.108527479,,0,,0,0,,,0,0.000403378
20,283,20283,0.000118873,0,1.54E-05,0.0001,4.576460178,0,,1.52075916,,0,,0,0,,,0,0.000247581
20,284,20284,0.000145444,0,5.92E-05,0.0003,1.801199087,2.928,,9.319352904,,0,,0,0,,,0,0.000280083
20,285,20285,4.48E-05,0,5.03E-05,0.0003,1.934004808,8.997,,7.179915084,,0,,0,0,,,0,0.000246653
20,286,20286,4.62E-05,0,5.01E-05,0.0003,1.313524756,1.3542,,5.953896581,,0,,0,0,,,0,0.000120465
20,287,20287,4.20E-06,0,5.15E-06,0,1.062957503,0.3244,,0.419243788,,0,,0,0,,,0,5.62E-05
20,288,20288,0,0,1.08E-05,0.0001,4.014562382,0.1098,,0.797789285,,0,,0,0,,,0,1.65E-07
20,289,20289,9.79E-06,0,1.65E-05,0.0001,2.467212277,0.8784,,1.439343053,,0,,0,0,,,0,0
20,290,20290,1.12E-05,0,1.42E-05,0.0001,0.769960915,0.6888,,1.339985904,,0,,0,0,,,0,9.11E-05
20,291,20291,5.59E-06,0,6.24E-05,0.0004,16.18945856,1.4802,,4.380539515,,0,,0,0,,,0,0
20,292,20292,0,0,1.96E-05,0.0001,3.526897011,3.276,,1.725975696,,0,,0,0,,,0,0.000702677
20,293,20293,0.000128662,0,0.000233433,0.0013,1.347795934,0.4814,,16.41535314,,0,,0,0,,,0,0.000421183
20,294,20294,0.000109083,0,9.89E-05,0.0006,3.480536147,1.7442,,7.063925136,,0,,0,0,,,0,0.00115984
20,295,20295,0.000260122,0,0.000125644,0.0007,15.09761754,4.1658,,10.42745585,,0,,0,0,,,0,0.001951409
20,296,20296,1.82E-05,0,1.45E-05,0.0001,0.648792188,0.5856,,1.032276724,,0,,0,0,,,0,1.06E-07
20,297,20297,1.54E-05,0,4.05E-05,0.0002,4.970738325,1.9914,,4.035518888,,0,,0,0,,,0,0.000362873
20,298,20298,0.00202923,0,0.000177764,0.001,5.304075413,4.8042,,15.02822344,,0,,0,0,,,0.002437193,0.001187354
20,299,20299,0.000493672,0,1.57E-05,0.0001,0.514959452,0.3226,,1.205041894,,0,,0,0,,,0,1.60E-07
20,300,20300,0.000262919,0,8.59E-05,0.0005,3.779856361,1.9602,,7.501370853,,0,,0,0,,,0,0
20,301,20301,6.57E-05,0,2.35E-05,0.0001,3.303630353,0.504,,1.839788157,,0,,0,0,,,0,0.001123154
20,302,20302,3.08E-05,0,5.39E-05,0.0003,4.449741153,3.5746,,6.576883031,,0,,0,0,,,0,0.000174777
20,303,20303,9.23E-05,0,1.47E-05,0.0001,0.354006097,0.3078,,1.107054196,,0,,0,0,,,0,6.03E-08
20,304,20304,0,0,1.36E-05,0.0001,2.703919929,2.2334,,1.038881449,,0,,0,0,,,0,0.000243886
20,305,20305,0.000165024,0,6.38E-05,0.0004,3.210142654,0.0534,,4.81715827,,0,,0,0,,,0,0.001393011
20,306,20306,1.40E-05,0,6.14E-05,0.0003,14.11629151,0.8174,,4.764121211,,0,,0,0,,,0,0.000181288
20,307,20307,4.34E-05,0,0.000137783,0.0008,8.589692567,6.3186,,16.87847423,,0,,0,0,,,0.001052532,0.001198228
20,308,20308,9.37E-05,0,4.45E-05,0.0003,2.859156849,0,,5.52882846,,0,,0,0,,,0.000106239,0.000471957
20,309,20309,0.000107685,0,0.000182501,0.001,23.47114827,2.1018,,19.46357602,,0,,0,0,,,0,0.002504
20,310,20310,0.000201385,0,9.62E-05,0.0005,3.957527483,1.098,,7.720218617,,0,,0,0,,,0,0.000838132
20,311,20311,0.000155234,0,4.00E-06,0,1.162971316,0.7376,,0.26607191,,0,,0,0,,,0,9.10E-06
20,312,20312,5.31E-05,0,0.00017314,0.001,4.388788244,2.0496,,18.75723572,,0,,0,0,,,0,0.000230057
20,313,20313,0.000667087,0,1.27E-05,0.0001,1.261367846,5.246,,0.874207289,,0,,0,0,,,0,1.11E-05
20,314,20314,3.92E-05,0,2.58E-05,0.0001,2.711154249,3.0218,,2.552246744,,0,,0,0,,,0,7.28E-05
20,315,20315,6.99E-06,0,2.73E-05,0.0002,2.718543889,0.4156,,3.348227646,,0,,0,0,,,0,0.000877993
20,316,20316,4.20E-06,0,1.13E-05,0.0001,1.960883921,1.6168,,0.831406016,,0,,0,0,,,0,0
20,317,20317,0,0,2.12E-05,0.0001,2.165263041,1.403,,1.954610906,,0,,0,0,,,0,0.00017072
20,318,20318,0.000764982,0,0.000562773,0.0032,14.96509468,6.7964,,46.34641118,,0,,0,0,,,0.000132471,5.12E-05
20,319,20319,1.96E-05,0,1.66E-05,0.0001,,0.0366,,1.99561948,,0,,0,0,,,0,0
20,320,20320,2.10E-05,0,1.13E-05,0.0001,1.319411762,1.0614,,0.846508479,,0,,0,0,,,0,9.16E-05
20,321,20321,2.80E-06,0,1.28E-05,0.0001,1.432341105,1.1912,,1.484723474,,0,,0,0,,,0,0.00013192
20,322,20322,1.26E-05,0,1.49E-05,0.0001,3.61933662,0.122,,1.002471253,,0,,0,0,,,0,1.74E-05
20,323,20323,4.20E-06,0,3.91E-05,0.0002,8.214438931,0.5246,,2.933240907,,0,,0,0,,,0,6.12E-07
20,324,20324,0.000362213,0,0.00063498,0.0036,80.77478618,6.8318,,59.74838697,,0,,0,0,,,0,0.000934781
20,325,20325,0.000344032,0,0.000164148,0.0009,7.759967724,7.773,,12.53977502,,0,,0,0,,,0,0.000670929
20,326,20326,4.20E-06,0,7.78E-05,0.0004,30.86262677,1.1834,,5.641210066,,0,,0,0,,,0,0.000117773
20,327,20327,0.000123068,0,0.000225164,0.0013,26.4615543,2.2428,,25.04648643,,0,,0,0,,,0,0.011396974
20,328,20328,0.000332844,0,1.81E-05,0.0001,2.411377672,5.7302,,1.635295812,,0,,0,0,,,0,0.000776049
20,329,20329,2.80E-05,0,2.06E-05,0.0001,3.709656357,0.9506,,1.495473036,,0,,0,0,,,0,0.000366568
20,330,20330,1.26E-05,0,6.80E-05,0.0004,15.1056017,3.8064,,4.880089983,,0,,0,0,,,0,6.13E-05
20,331,20331,4.20E-06,0,9.86E-06,0.0001,1.877993469,0.427,,0.685208586,,0,,0,0,,,0,0.000221715
20,332,20332,2.80E-06,0,5.84E-06,0,1.933709359,0.8662,,0.54648996,,0,,0,0,,,0,0.000102728
20,333,20333,5.03E-05,0,4.04E-05,0.0002,4.34733119,1.3764,,4.061906222,,0,,0,0,,,0,0.000890339
20,334,20334,0.000399972,0,0.000625394,0.0036,137.7786406,14.8622,,67.16869583,,0,,0,0,,,0,0.003687929
20,335,20335,4.20E-06,0,1.48E-05,0.0001,6.295205496,0.0122,,1.054733287,,0,,0,0,,,0,3.08E-07
20,336,20336,1.82E-05,0,4.47E-05,0.0003,5.780465559,0.5836,,3.494796246,,0,,0,0,,,0,3.54E-07
20,337,20337,6.57E-05,0,6.65E-05,0.0004,3.388114742,2.0422,,6.65771392,,0,,0,0,,,0,6.50E-07
20,338,20338,0.000524439,0,0.000118852,0.0007,0.641227313,0.2146,,9.240278231,,0,,0,0,,,0,0.00031183
20,339,20339,0.000376198,0,5.68E-05,0.0003,5.188043761,1.7144,,4.411254063,,0,,0,0,,,0.002597598,0.000436408
20,340,20340,3.50E-05,0,2.66E-05,0.0002,3.320527756,5.2684,,2.574828552,,0,,0,0,,,0,0.000386707
20,341,20341,2.80E-06,0,4.13E-06,0,0.759384356,0.427,,0.358709163,,0,,0,0,,,0,0.000107162
20,342,20342,1.26E-05,0,2.95E-05,0.0002,1.408168563,0.0262,,2.237539606,,0,,0,0,,,0,0.000225054
20,343,20343,9.79E-06,0,2.28E-05,0.0001,1.400845699,3.7352,,1.57238722,,0,,0,0,,,0,0.000414833
20,344,20344,1.96E-05,0,4.20E-05,0.0002,19.62202252,0.98,,2.922445545,,0,,0,0,,,0,0
20,345,20345,2.38E-05,0,5.21E-05,0.0003,2.138837739,3.197,,5.29201419,,0,,0,0,,,0,0.000151924
20,346,20346,3.92E-05,0,2.13E-05,0.0001,2.64079581,0.8174,,1.467203884,,0,,0,0,,,0,0.000298576
20,347,20347,0.000134256,0,4.90E-05,0.0003,2.026101232,3.518,,3.482406778,,0,,0,0,,,0,0
20,348,20348,9.79E-05,0,0.000100001,0.0006,11.97940542,2.8658,,9.478531489,,0,,0,0,,,0,0.00067974
20,349,20349,0.000104888,0,2.96E-05,0.0002,1.933195322,3.913,,3.320514324,,0,,0,0,,,0,0.000352749
20,350,20350,0.000311867,0,0.00025511,0.0014,0.422458181,0.3994,,17.03842713,,0,,0,0,,,0.000108738,0.000100181
20,351,20351,6.99E-06,0,2.81E-05,0.0002,2.131109357,1.1324,,2.113067994,,0,,0,0,,,0,0
20,352,20352,0.000152437,0,4.40E-05,0.0002,1.595134511,0.366,,6.63972923,,0,,0,0,,,0,0.000140789
20,353,20353,2.80E-06,0,2.63E-05,0.0001,2.711766119,1.7856,,1.910935582,,0,,0,0,,,0,0
20,354,20354,1.40E-06,0,9.91E-06,0.0001,4.22915726,0.3538,,0.670930547,,0,,0,0,,,0,1.19E-05
20,355,20355,4.20E-06,0,1.24E-05,0.0001,2.921526694,0.4758,,0.912477349,,0,,0,0,,,0,1.04E-05
20,356,20356,0.00042095,0,2.85E-05,0.0002,1.856442029,1.2842,,2.390000744,,0,,0,0,,,0,0.000325235
20,357,20357,3.50E-05,0,1.65E-05,0.0001,1.272624008,0.8296,,1.242661198,,0,,0,0,,,0,0
20,358,20358,8.53E-05,0,2.54E-05,0.0001,7.631148952,2.454,,2.000843602,,0,,0,0,,,0,0.000691389
20,359,20359,2.80E-06,0,1.36E-05,0.0001,0.450898513,0.4514,,0.985300437,,0,,0,0,,,0,8.43E-08
20,360,20360,4.20E-05,0,4.90E-05,0.0003,7.586418988,3.6806,,4.332765805,,0,,0,0,,,0,0.000570043
20,361,20361,3.22E-05,0,1.66E-05,0.0001,1.183141093,0.4026,,1.128861584,,0,,0,0,,,0,0
20,362,20362,2.66E-05,0,1.99E-05,0.0001,1.68169804,0.6634,,1.356141444,,0,,0,0,,,0,0
20,363,20363,3.92E-05,0,4.01E-05,0.0002,2.26063103,1.1366,,2.928356647,,0,,0,0,,,0,3.72E-07
20,364,20364,0.000132858,0,0.000237945,0.0014,127.8251768,6.6866,,18.17420771,,0,,0,0,,,0,0.001611801
20,365,20365,4.20E-06,0,1.63E-05,0.0001,2.110502538,0.4758,,1.09052756,,0,,0,0,,,0,3.98E-07
20,366,20366,1.40E-05,0,6.81E-05,0.0004,13.67613588,4.788,,5.499197497,,0,,0,0,,,0,0.000153073
20,367,20367,8.11E-05,0,7.42E-05,0.0004,3.390103271,3.2574,,16.68691575,,0,,0,0,,,0,0.000179883
20,368,20368,6.99E-05,0,2.74E-05,0.0002,1.549278529,0.6588,,2.45009117,,0,,0,0,,,0,0.000294898
20,369,20369,9.79E-06,0,2.33E-05,0.0001,4.374783954,2.15,,1.551877242,,0,,0,0,,,0,0.000331584
20,370,20370,8.39E-06,0,9.14E-06,0.0001,1.566363535,0.9082,,0.641385081,,0,,0,0,,,0,0.000136539
20,371,20371,9.79E-06,0,1.56E-05,0.0001,1.111426255,2.6488,,1.416378512,,0,,0,0,,,0,0.000126008
20,372,20372,9.79E-06,0,3.07E-05,0.0002,3.395841311,0.2684,,2.194037067,,0,,0,0,,,0,0.000291924
20,373,20373,3.64E-05,0,6.18E-06,0,0.939845938,0.5368,,0.699383899,,0,,0,0,,,0,9.57E-05
20,374,20374,1.26E-05,0,2.19E-05,0.0001,6.835205719,0.0178,,1.456628251,,0,,0,0,,,0,1.83E-05
20,375,20375,0.000132858,0,0.000157083,0.0009,0.221838955,0.0868,,10.9893573,,0,,0,0,,,0,5.08E-05
20,376,20376,0,0,5.78E-06,0,0.173773848,0.3782,,0.721335009,,0,,0,0,,,0,3.70E-05
20,377,20377,7.13E-05,0,0.00016691,0.0009,31.56003356,2.122,,12.98927585,,0,,0,0,,,0,0
20,378,20378,3.22E-05,0,4.55E-05,0.0003,7.710584647,2.13,,4.993608196,,0,,0,0,,,0,0.000985582
20,379,20379,4.20E-06,0,4.40E-05,0.0003,2.333974917,0.747,,3.214119108,,0,,0,0,,,0,0.000230214
20,380,20380,3.08E-05,0,2.97E-05,0.0002,1.691115548,1.828,,2.086256524,,0,,0,0,,,0,0.000364743
20,381,20381,5.59E-05,0,3.69E-05,0.0002,2.377559731,1.6836,,3.212017261,,0,,0,0,,,2.68E-07,0.000323518
20,382,20382,2.80E-06,0,1.89E-05,0.0001,1.541949769,0.0122,,1.265986144,,0,,0,0,,,0,0.0001552
20,383,20383,1.40E-06,0,8.57E-06,0,2.518654692,0.1696,,0.762841113,,0,,0,0,,,0,0.000120095
20,384,20384,0.000809734,0,6.26E-05,0.0004,2.824257739,3.3964,,4.26715271,,0,,0,0,,,0,0
20,385,20385,0.001208308,0,0.001132788,0.0064,1.571420904,1.1164,,77.45024028,,0,,0,0,,,9.88E-07,0.000335817
20,386,20386,2.24E-05,0,0.000289744,0.0016,19.31110459,28.0222,,19.5363229,,0,,0,0,,,0,0
20,387,20387,4.06E-05,0,3.95E-05,0.0002,14.09115337,3.5256,,4.05227726,,0,,0,0,,,0,0.001431457
20,388,20388,2.80E-06,0,3.72E-05,0.0002,5.203408455,4.6172,,3.017286503,,0,,0,0,,,0,0.000666696
20,389,20389,1.40E-05,0,1.44E-05,0.0001,2.07916239,1.0078,,1.27423561,,0,,0,0,,,0,0.000257507
20,390,20390,0.002138314,0,0.000726937,0.0041,0.147892637,0.5086,,48.70221924,,0,,0,0,,,0.000704452,3.25E-05
20,391,20391,4.20E-06,0,5.18E-05,0.0003,1.7401274,3.6524,,5.300813076,,0,,0,0,,,0,0
20,392,20392,1.40E-05,0,0.000102089,0.0006,34.88470668,5.0892,,10.79233944,,0,,0,0,,,0,0
20,393,20393,2.94E-05,0,5.85E-05,0.0003,4.089248888,0.3622,,4.594670446,,0,,0,0,,,0,0.000642709
20,394,20394,1.40E-06,0,4.06E-05,0.0002,16.80784934,1.0872,,2.969749734,,0,,0,0,,,0,1.29E-06
20,395,20395,4.06E-05,0,2.47E-05,0.0001,4.912498984,7.486,,1.878018916,,0,,0,0,,,0,0.000371741
20,396,20396,2.66E-05,0,5.23E-05,0.0003,27.20974171,0.762,,4.047380027,,0,,0,0,,,0,6.99E-05
20,397,20397,0.000771975,0,0.000583759,0.0033,9.719165985,10.3884,,44.08785036,,0,,0,0,,,4.08E-05,0.000879283
20,398,20398,0.000118873,0,6.55E-05,0.0004,9.656244352,1.699,,4.565911118,,0,,0,0,,,0,0.001303056
20,399,20399,0.001728552,0,0.000347018,0.002,2.310395903,1.4084,,24.26264669,,0,,0,0,,,0,0.000330879
20,400,20400,3.08E-05,0,1.98E-05,0.0001,0.793061795,1.0858,,2.297156234,,0,,0,0,,,0,9.05E-05
20,401,20401,8.39E-05,0,0.000325374,0.0018,11.30841027,5.6908,,25.58341587,,0,,0,0,,,0,0.001318677
20,402,20402,4.20E-06,0,1.54E-05,0.0001,1.375866286,2.3302,,2.22372123,,0,,0,0,,,0,0.000140051
20,403,20403,0.000460108,0,3.46E-05,0.0002,0.826826342,0.1998,,2.406657614,,0,,0,0,,,0,0.00013475
20,404,20404,1.12E-05,0,1.14E-05,0.0001,6.083816397,1.5078,,0.827918805,,0,,0,0,,,0,0.000477056
20,405,20405,0.000229355,0,2.65E-05,0.0002,1.196966263,0.5002,,2.062488344,,0,,0,0,,,0,0.000110857
20,406,20406,3.50E-05,0,0.000331427,0.0019,216.7217508,3.3136,,24.01783376,,0,,0,0,,,0,0.000631493
20,407,20407,1.96E-05,0,0.00014533,0.0008,19.00247491,18.3516,,15.48119112,,0,,0,0,,,0,0.004431919
20,408,20408,0,0,7.16E-06,0,0.904015445,0.366,,0.517112403,,0,,0,0,,,0,6.85E-05
20,409,20409,0.000792952,0,0.000135663,0.0008,2.360890443,0.0732,,9.099380209,,0,,0,0,,,4.06E-05,0.000377442
20,410,20410,2.10E-05,0,6.28E-05,0.0004,5.166048339,8.7004,,5.538048607,,0,,0,0,,,0,0
20,411,20411,2.80E-05,0,1.07E-05,0.0001,0.550913771,0.7198,,0.734615431,,0,,0,0,,,0,0.00012699
20,412,20412,3.50E-05,0,4.78E-05,0.0003,19.34673316,0.8296,,5.84793646,,0,,0,0,,,0,0.002221674
20,413,20413,0.000641914,0,0.000578316,0.0033,66.37943722,0.7814,,44.44340436,,0,,0,0,,,3.03E-05,0.000857287
20,414,20414,0.00013985,0,0.000164983,0.0009,22.79108346,13.9258,,22.88899468,,0,,0,0,,,0,0.000883076
20,415,20415,1.40E-05,0,6.57E-05,0.0004,8.776905131,0.33,,5.94196967,,0,,0,0,,,0,0
20,416,20416,0.000288092,0,9.23E-06,0.0001,0.668218573,2.6474,,0.709672109,,0,,0,0,,,0,5.88E-06
20,417,20417,1.68E-05,0,0.000138891,0.0008,52.58027866,0.8052,1.566021657,10.98889322,,0,,0,0,,,0,0.006902902
20,418,20418,0.000190197,0,0.000185263,0.0011,7.114092463,4.4298,,17.95280634,,0,,0,0,,,0,0.001377771
20,419,20419,1.82E-05,0,8.82E-06,0.0001,0.529355419,1.1718,,0.644668463,,0,,0,0,,,0,8.30E-08
20,420,20420,6.99E-06,0,2.71E-05,0.0002,2.909206924,2.2448,,2.808543538,,0,,0,0,,,0,0
20,421,20421,7.55E-05,0,6.97E-05,0.0004,2.504012936,0.6494,,6.647301899,,0,,0,0,,,0,0.000870096
20,422,20422,6.99E-06,0,9.36E-06,0.0001,2.376107948,0.1622,,0.962375829,,0,,0,0,,,0,0.000138572
20,423,20423,0,0,9.15E-06,0.0001,1.456660341,1.5372,,0.9402321,,0,,0,0,,,0,0.000114553
20,424,20424,1.54E-05,0,6.55E-05,0.0004,19.12287342,3.6842,,4.842764466,,0,,0,0,,,0,0
20,425,20425,2.80E-06,0,3.42E-05,0.0002,3.709748817,0.3444,,2.286955847,,0,,0,0,,,0,3.37E-05
20,426,20426,1.40E-06,0,0.000133689,0.0008,12.16682384,3.2536,,10.19662597,,0,,0,0,,,0,0.003344064
20,427,20427,0.000144046,0,0.00022465,0.0013,6.192484285,2.5708,,23.22812257,,0,,0,0,,,0,0.001353007
20,428,20428,1.54E-05,0,2.63E-05,0.0001,2.976339312,3.8116,,3.500486671,,0,,0,0,,,0,0
20,429,20429,2.66E-05,0,2.29E-05,0.0001,5.321818045,3.7384,,1.999077067,,0,,0,0,,,0,0
20,430,20430,1.40E-05,0,5.27E-06,0,0.796003445,0.0122,,0.4089735,,0,,0,0,,,0,0.000110857
20,431,20431,1.68E-05,0,2.54E-05,0.0001,6.105457388,2.1452,0.198362743,2.207793455,,0,,0,0,,,0,3.01E-05
20,432,20432,2.80E-06,0,1.43E-05,0.0001,3.206779222,0.122,,1.031312046,,0,,0,0,,,0,1.64E-07
20,433,20433,0,0,4.67E-05,0.0003,16.61393345,1.5934,,3.743797041,,0,,0,0,,,0,0.000157031
20,434,20434,2.80E-06,0,7.11E-05,0.0004,3.02465433,3.1582,,4.824263586,,0,,0,0,,,0,3.92E-05
20,435,20435,6.99E-06,0,3.59E-05,0.0002,1.62047725,1.257,,3.372608395,,0,,0,0,,,0,2.98E-07
20,436,20436,0.000441927,0,1.40E-05,0.0001,1.033132285,2.348,,1.057803911,,0,,0,0,,,0,8.64E-06
20,437,20437,0.000176212,0,0.000152411,0.0009,5.172064681,3.6278,,13.30217694,,0,,0,0,,,0,8.93E-07
20,438,20438,1.12E-05,0,2.60E-05,0.0001,3.407418941,1.098,,2.191452448,,0,,0,0,,,0,1.46E-05
20,439,20439,7.41E-05,0,0.000338926,0.0019,43.70995698,11.4416,,32.7707279,,0,,0,0,,,0,0.001470154
20,440,20440,5.59E-06,0,1.35E-05,0.0001,1.787711331,2.1228,,1.030337135,,0,,0,0,,,0,0.000297652
20,441,20441,0.000964968,0,0.000135053,0.0008,5.595237173,0.6352,,11.24651984,,0,,0,0,,,0,0.001029638
20,442,20442,4.20E-06,0,4.45E-06,0,0.148355021,0.5994,,0.324430518,,0,,0,0,,,0,2.79E-08
20,443,20443,1.26E-05,0,6.21E-06,0,0.382595336,0.6366,,0.437221985,,0,,0,0,,,0,7.66E-08
20,444,20444,0,0,6.73E-06,0,0.748688072,0,,0.544766177,,0,,0,0,,,0,6.65E-05
20,445,20445,1.40E-05,0,1.98E-05,0.0001,3.354586239,2.0824,,1.454417694,,0,,0,0,,,0,0.000201391
20,446,20446,8.39E-06,0,0.000101109,0.0006,31.04607614,1.622,,6.92891234,,0,,0,0,,,0,0.000982934
20,447,20447,0.000135655,0,0.000209669,0.0012,32.03003524,7.9392,,20.1376398,,0,,0,0,,,0,0
20,448,20448,0,0,3.19E-05,0.0002,4.919733802,0.2074,,3.051941096,,0,,0,0,,,0,0
20,449,20449,9.51E-05,0,4.78E-05,0.0003,7.376645382,3.2742,,5.046323184,,0,,0,0,,,0,0.001494952
20,450,20450,9.79E-06,0,0.000199585,0.0011,4.197372329,3.5192,,13.61706405,,0,,0,0,,,0,0
20,451,20451,8.39E-06,0,1.22E-05,0.0001,3.593354702,2.1818,,0.812164248,,0,,0,0,,,0,0.000331094
20,452,20452,0.000251731,0,5.83E-05,0.0003,6.976487099,1.4442,,5.905377934,,0,,0,0,,,0,0.00081344
20,453,20453,5.73E-05,0,6.74E-05,0.0004,1.171390072,1.3908,,8.360615938,,0,,0,0,,,1.97E-05,0.000522439
20,454,20454,1.96E-05,0,5.59E-05,0.0003,14.95714412,2.4882,,4.208969287,,0,,0,0,,,0,8.08E-07
20,455,20455,9.37E-05,0,3.63E-05,0.0002,2.074396277,3.1804,,5.367485011,,0,,0,0,,,0,0.000174785
20,456,20456,0.000302077,0,2.55E-05,0.0001,0.646677457,0.0122,,4.700682538,,0,,0,0,,,0,7.39E-05
20,457,20457,5.59E-06,0,4.97E-05,0.0003,17.38218171,1.8694,,3.394447168,,0,,0,0,,,0,1.34E-06
20,458,20458,4.20E-06,0,2.09E-05,0.0001,6.122614852,0.9186,,1.569169077,,0,,0,0,,,0,3.55E-07
20,459,20459,0.000179009,0,6.84E-05,0.0004,4.625040732,8.916,,7.01854918,,0,,0,0,,,5.66E-07,0.00066191
20,460,20460,1.68E-05,0,8.23E-05,0.0005,14.33904286,1.1956,,5.640369757,,0,,0,0,,,0,0.002399666
20,461,20461,5.59E-06,0,8.25E-06,0,1.501764334,0.424,,1.147844261,,0,,0,0,,,0,0.000136354
20,462,20462,6.99E-05,0,6.10E-05,0.0003,3.755973628,0.9568,,6.04365911,,0,,0,0,,,0,0.000336267
20,463,20463,6.99E-06,0,9.17E-06,0.0001,3.591299072,1.2508,,0.666481991,,0,,0,0,,,0,0.000301162
20,464,20464,2.52E-05,0,6.37E-06,0,3.299746869,0.7216,,0.771276594,,0,,0,0,,,0,0.000195109
20,465,20465,4.20E-06,0,2.58E-05,0.0001,12.63988279,2.7234,,2.483130387,,0,,0,0,,,0,7.41E-07
20,466,20466,1.40E-06,0,0.000198381,0.0011,13.07744929,6.2088,,16.00306703,,0,,0,0,,,0,0.000441346
20,467,20467,0.0001874,0,0.000267682,0.0015,80.36257822,18.2322,,30.57883002,,0,,0,0,,,0,0.002368933
20,468,20468,1.12E-05,0,0.000205382,0.0012,19.22048525,16.6782,,14.58024337,,0,,0,0,,,0,0.005178197
20,469,20469,0.000232152,0,0.000591081,0.0034,14.63001518,10.352,,88.86974956,,0,,0,0,,,0,0.000662926
20,470,20470,5.59E-06,0,6.62E-05,0.0004,110.5118344,4.94,,5.945032676,,0,,0,0,,,0,0.00395758
20,471,20471,1.40E-05,0,6.41E-06,0,2.098798048,0.058,,0.426431603,,0,,0,0,,,0,1.01E-07
20,472,20472,2.24E-05,0,4.41E-05,0.0003,5.037993524,0.7372,,4.3074853,,0,,0,0,,,0,0.000960106
20,473,20473,1.68E-05,0,1.98E-05,0.0001,0.954670718,2.2478,,1.521611878,,0,,0,0,,,0,1.78E-07
20,474,20474,2.24E-05,0,4.68E-05,0.0003,2.772986936,10.126,,5.257308455,,0,,0,0,,,0,0.000255846
20,475,20475,0.000496469,0,0.000141187,0.0008,4.481640321,8.0878,,15.11040631,,0,,0,0,,,0,0.001361612
20,476,20476,1.54E-05,0,3.97E-06,0,0.362749488,0.183,,0.370925507,,0,,0,0,,,0,4.91E-05
20,477,20477,0,0,2.32E-05,0.0001,4.07725608,5.7366,,1.76236404,,0,,0,0,,,0,0
20,478,20478,6.99E-06,0,3.00E-05,0.0002,3.984422863,2.6818,,2.08742692,,0,,0,0,,,0,5.69E-05
20,479,20479,2.80E-06,0,2.99E-06,0,0.756568486,0.0122,,0.198771839,,0,,0,0,,,0,7.32E-05
20,480,20480,0,0,1.34E-05,0.0001,3.137156357,2.1594,,0.896152553,,0,,0,0,,,0,0.000141897
20,481,20481,1.40E-05,0,3.32E-05,0.0002,29.46324308,0.6822,,2.276827757,,0,,0,0,,,0,0.000933049
20,482,20482,0.000744004,0,0.000696173,0.004,41.62524535,30.6576,,98.84281146,,0,,0,0,,,0,0.002295588
20,483,20483,7.27E-05,0,0.000141026,0.0008,3.986100391,2.4528,,10.73160984,,0,,0,0,,,0,0.001314344
20,484,20484,1.68E-05,0,6.00E-05,0.0003,4.566976726,9.8518,,8.964296321,,0,,0,0,,,0,0.000419964
20,485,20485,0,0,4.36E-05,0.0002,2.669932722,2.0618,,9.857687916,,0,,0,0,,,0,0.000215375
20,486,20486,3.22E-05,0,3.44E-05,0.0002,11.52629176,2.4716,,2.711948438,,0,,0,0,,,0,0.000514378
20,487,20487,4.48E-05,0,2.99E-05,0.0002,2.789554347,2.6154,,2.345065404,,0,,0,0,,,0,0.000751356
20,488,20488,1.12E-05,0,1.80E-06,0,0.789586042,0,,0.153429636,,0,,0,0,,,0,4.25E-05
20,489,20489,2.80E-06,0,7.34E-05,0.0004,4.188770734,8.6516,,9.003868505,,0,,0,0,,,0,0.000261718
20,490,20490,2.80E-06,0,4.69E-05,0.0003,2.471843123,2.6352,,3.347253093,,0,,0,0,,,0,3.43E-05
20,491,20491,3.22E-05,0,6.90E-05,0.0004,3.96539151,1.9552,,4.867678491,,0,,0,0,,,0,0
20,492,20492,6.99E-06,0,5.20E-05,0.0003,5.968551336,7.5926,,3.975914022,,0,,0,0,,,0,0.000565372
20,493,20493,1.12E-05,0,7.35E-06,0,5.760314818,0.2842,,0.523607837,,0,,0,0,,,0,0.000476686
20,494,20494,0,0,7.13E-05,0.0004,4.886562583,6.4136,,4.973672265,,0,,0,0,,,0,0.001588783
20,495,20495,1.26E-05,0,4.45E-05,0.0003,27.70371456,3.1042,,3.386317734,,0,,0,0,,,0,0
20,496,20496,1.26E-05,0,2.66E-05,0.0002,1.663993427,0.772,,1.792454699,,0,,0,0,,,0,2.33E-07
20,497,20497,2.80E-06,0,6.43E-05,0.0004,16.97564563,0.549,,4.428266426,,0,,0,0,,,0,0.000169798
20,498,20498,9.79E-06,0,8.49E-05,0.0005,82.1181293,7.5054,,7.424246387,,0,,0,0,,,0,0.012179021
20,499,20499,0.000103489,0,3.29E-05,0.0002,1.530017798,0.945,,2.432424892,,0,,0,0,,,0,0.000110857
20,500,20500,5.45E-05,0,0.000116026,0.0007,8.331978548,3.366,,8.644500545,,0,,0,0,,,0,0.000553178
20,501,20501,1.54E-05,0,1.09E-05,0.0001,0.68770076,0.7076,,1.265719346,,0,,0,0,,,0,7.94E-05
20,502,20502,3.22E-05,0,8.04E-05,0.0005,38.32582852,2.0504,,5.514085253,,0,,0,0,,,0,2.01E-06
20,503,20503,3.36E-05,0,6.84E-06,0,0.189788514,0.0788,,0.465108741,,0,,0,0,,,0,3.31E-08
20,504,20504,3.08E-05,0,2.24E-05,0.0001,1.149133837,2.6324,,1.52344001,,0,,0,0,,,0,1.73E-07
20,505,20505,0.000125865,0,0.000120137,0.0007,8.169055925,0.4814,,11.79781791,,0,,0,0,,,0,0.003075578
20,506,20506,0.00024334,0,1.16E-05,0.0001,1.700035373,0.31,,0.846295338,,0,,0,0,,,0,0.000441642
20,507,20507,3.08E-05,0,4.64E-05,0.0003,2.772234395,5.5444,,8.334090131,,0,,0,0,,,0,0.000217035
20,508,20508,1.96E-05,0,2.20E-05,0.0001,3.679448575,0.3922,,1.779890747,,0,,0,0,,,0,0.001269664
20,509,20509,2.52E-05,0,0.000144286,0.0008,11.09475178,2.1138,,15.43534587,,0,,0,0,,,0,0.00063323
20,510,20510,6.99E-06,0,3.21E-05,0.0002,0.661005417,0.2318,,2.172561489,,0,,0,0,,,0,6.71E-05
20,511,20511,5.59E-06,0,5.29E-05,0.0003,6.631693916,1.9498,,4.507529502,,0,,0,0,,,0,0.00062893
20,512,20512,1.12E-05,0,1.50E-05,0.0001,1.072824355,1.4724,,1.113535949,,0,,0,0,,,0,0
20,513,20513,7.41E-05,0,0.000127137,0.0007,101.1579379,6.8088,,10.87809728,,0,,0,0,,,0,0.004015682
20,514,20514,0,0,1.36E-05,0.0001,3.972987602,1.1102,,1.200677822,,0,,0,0,,,0,2.50E-07
20,515,20515,0.001213902,0,0.000966343,0.0055,36.23703113,4.0766,,88.44737719,,0,,0,0,,,7.39E-05,0.005179144
20,516,20516,1.40E-05,0,6.06E-05,0.0003,9.0603137,6.5826,,6.142899195,,0,,0,0,,,0,0
20,517,20517,1.54E-05,0,5.94E-05,0.0003,2.921738808,0.8014,,4.662441823,,0,,0,0,,,0,5.39E-07
20,518,20518,6.99E-06,0,2.33E-06,0,0.407008506,0.0122,,0.154933089,,0,,0,0,,,0,0.000110857
20,519,20519,0.000113279,0,3.07E-05,0.0002,1.308151871,0.4148,,2.113292946,,0,,0,0,,,0,0.000207417
20,520,20520,0.000120271,0,0.000100756,0.0006,5.835446605,5.819,,9.944503208,,0,,0,0,,,0.001460247,0.000729256
20,521,20521,0,0,4.59E-06,0,0.770149044,0.244,,0.408576702,,0,,0,0,,,0,6.34E-05
20,522,20522,0.000118873,0,1.45E-05,0.0001,0.674864023,0.6304,,1.327699032,,0,,0,0,,,0,1.21E-07
20,523,20523,2.10E-05,0,2.28E-05,0.0001,8.456370123,1.0442,,1.718754374,,0,,0,0,,,0,0.000670687
20,524,20524,0.000167821,0,6.44E-06,0,1.078920332,0.1708,,0.437687228,,0,,0,0,,,0,0.000155015
20,525,20525,0.000219565,0,0.000177684,0.001,22.35563939,3.7584,,18.68788404,,0,,0,0,,,0,0.006309745
20,526,20526,0.000180407,0,0.00023878,0.0014,68.75534661,7.3818,,22.82400929,,0,,0,0,,,0,0.001145815
20,527,20527,7.13E-05,0,4.47E-05,0.0003,1.086133968,0.9372,,3.10430002,,0,,0,0,,,0,1.26E-05
20,528,20528,3.22E-05,0,1.69E-05,0.0001,2.057640823,0.122,,1.396771046,,0,,0,0,,,0,0.000133953
20,529,20529,0,0,2.12E-05,0.0001,0.830962551,0.5002,,4.686927419,,0,,0,0,,,0,5.91E-05
20,530,20530,0.000349626,0,4.44E-05,0.0003,10.37535537,4.7026,,3.581625375,,0,,0,0,,,0,0.00128683
20,531,20531,0.000248934,0,2.90E-05,0.0002,5.362781496,3.276,,2.642875468,,0,,0,0,,,0,0.000983465
20,532,20532,0,0,6.03E-05,0.0003,5.89703236,2.333,,4.125481715,,0,,0,0,,,0,0.000518443
20,533,20533,6.99E-06,0,3.16E-05,0.0002,1.1478529,1.6844,,3.607213766,,0,,0,0,,,0,0
20,534,20534,6.57E-05,0,5.24E-05,0.0003,6.188248357,4.4764,,7.362241212,,0,,0,0,,,0,0.0013729
20,535,20535,2.66E-05,0,4.99E-05,0.0003,3.907607177,6.3292,,3.637354224,,0,,0,0,,,0,0
20,536,20536,2.66E-05,0,7.26E-06,0,0.987646076,0.6466,,0.532508802,,0,,0,0,,,0,0.000172937
20,537,20537,7.83E-05,0,9.98E-05,0.0006,8.344122694,5.7638,,11.28783075,,0,,0,0,,,0,0.00075734
20,538,20538,3.92E-05,0,1.12E-05,0.0001,2.503684487,0.1708,,0.797399063,,0,,0,0,,,0,0
20,539,20539,8.95E-05,0,6.80E-05,0.0004,5.526176833,0.9984,,6.581806931,,0,,0,0,,,0,0.001203581
20,540,20540,0.000376198,0,0.000111482,0.0006,5.40347192,3.6798,,8.432120592,,0,,0,0,,,0,0.000634011
20,541,20541,2.10E-05,0,2.43E-05,0.0001,5.195632571,0.0476,,1.811284345,,0,,0,0,,,0,2.24E-07
20,542,20542,1.40E-05,0,1.06E-05,0.0001,2.599020478,0.06,,0.850498883,,0,,0,0,,,0,0.000292076
20,543,20543,9.79E-06,0,8.57E-05,0.0005,87.32739664,0,,7.723391115,,0,,0,0,,,0,0.001095642
20,544,20544,1.26E-05,0,1.76E-05,0.0001,0.951008788,0.3416,,1.199123892,,0,,0,0,,,0,1.60E-07
20,545,20545,0.000145444,0,0.000151897,0.0009,3.689891891,1.647,0.876972128,12.92699448,,0,,0,0,,,0,3.43E-05
20,546,20546,0.001749529,0,8.72E-05,0.0005,3.424214066,2.1574,,10.38871881,,0,,0,0,,,0,0.000409189
20,547,20547,3.50E-05,0,1.49E-05,0.0001,2.697500001,0.301,,1.142203301,,0,,0,0,,,0,0.000298206
20,548,20548,4.62E-05,0,2.26E-05,0.0001,8.608818212,3.5206,,2.897600198,,0,,0,0,,,0,0.000393174
20,549,20549,0.000170618,0,0.000167921,0.001,21.83471444,10.686,,17.9464721,,0,,0,0,,,0,0.002201995
20,550,20550,0.000269911,0,7.23E-05,0.0004,2.792222593,0.8266,,5.085670624,,0,,0,0,,,0,0.000665285
20,551,20551,0.000867073,0,0.000268373,0.0015,14.22063206,2.433,,22.36767962,,0,,0,0,,,1.30E-05,0.003328543
20,552,20552,3.36E-05,0,7.43E-06,0,3.113918024,1.3944,,0.514540099,,0,,0,0,,,0,0.000157787
20,553,20553,0.001068458,0,0.000146743,0.0008,4.172343716,3.9346,,11.18914746,,0,,0,0,,,0,0.000759117
20,554,20554,1.68E-05,0,7.38E-05,0.0004,14.36328371,3.6308,,5.257182415,,0,,0,0,,,0,1.27E-06
20,555,20555,2.80E-06,0,4.57E-05,0.0003,4.280127777,2.4554,,3.113973433,,0,,0,0,,,0,0.000991226
20,556,20556,0,0,3.55E-06,0,0.979459757,0.0824,,0.236164047,,0,,0,0,,,0,8.72E-05
20,557,20557,0.000257325,0,0.000220202,0.0013,3.295856508,0.2936,,16.5267274,,0,,0,0,,,8.05E-06,0.001594462
20,558,20558,9.79E-06,0,2.46E-05,0.0001,2.177218848,1.616,,1.716976195,,0,,0,0,,,0,1.28E-05
20,559,20559,0.00017761,0,0.000326964,0.0019,79.44270158,2.7392,,23.76137922,,0,,0,0,,,0,0.006698899
20,560,20560,6.43E-05,0,8.90E-05,0.0005,3.315013163,4.075,,7.959363394,,0,,0,0,,,0,0.000761233
20,561,20561,0.000281099,0,4.09E-05,0.0002,6.435634976,3.2208,,5.266983116,,0,,0,0,,,0,0.001364434
20,562,20562,4.62E-05,0,1.89E-05,0.0001,1.769771977,2.4642,,1.403480501,,0,,0,0,,,0,0.000143375
20,563,20563,4.34E-05,0,1.80E-05,0.0001,1.952910498,3.628,,3.910759592,,0,,0,0,,,0,0.000491733
20,564,20564,0.000342634,0,1.89E-05,0.0001,4.366727487,0.0244,,1.281066478,,0,,0,0,,,0,0.000437147
20,565,20565,0.000999931,0,0.000508421,0.0029,11.56026572,2.6636,,36.36978257,,0,,0,0,,,0,0.001228273
20,566,20566,1.12E-05,0,5.47E-05,0.0003,11.09115658,6.6508,,3.776206718,,0,,0,0,,,0,0
20,567,20567,1.82E-05,0,4.74E-05,0.0003,7.306820578,12.1694,,5.848809887,,0,,0,0,,,0,0.000361949
20,568,20568,0.000304874,0,2.09E-05,0.0001,1.658102831,0.2806,,1.751690733,,0,,0,0,,,0,0.000123421
20,569,20569,6.99E-06,0,2.55E-05,0.0001,4.659575753,1.6592,,1.808658838,,0,,0,0,,,0,0.000443614
20,570,20570,0.000453116,0,0.000299185,0.0017,30.79101871,6.5862,,22.58234496,,0,,0,0,,,0,0.002000794
21,1,21001,0.001974689,4.72E-05,0.000879332,0.0809,133.802964,75.13429335,,85.48318911,,0,,0,0,,,0,0.004965402
21,2,21002,0.000107685,9.91E-06,0.000131617,0.0121,265.7759673,138.799229,,12.37460283,,0,,0,0,,,0,0
21,3,21003,0.000676876,9.95E-05,0.000504375,0.0464,63.4918549,177.7699158,,50.50804607,,0,,0,0,,,2.13E-05,0.003679516
21,4,21004,0.000798546,7.59E-05,0.000793123,0.0729,69.91125952,123.7390809,,79.72944872,,0,,0,0,,,0,0
21,5,21005,0.001529964,1.59E-06,4.50E-05,0.0041,13.68772658,39.76769364,,10.5743426,,0,,0,0,,,0,0.000853332
21,6,21006,5.45E-05,5.75E-06,0.00023271,0.0214,36.3130671,128.9313349,,19.61161954,,0,,0,0,,,0,0
21,7,21007,2.52E-05,3.96E-07,5.21E-05,0.0048,15.85060152,70.85815584,,11.31363112,,0,,0,0,,,0,0.000245711
21,8,21008,5.87E-05,8.92E-06,0.0001619,0.0149,27.89644857,49.78952179,,12.9415222,,0,,0,0,,,0.010560645,0.000767846
21,9,21009,1.54E-05,9.91E-07,3.02E-05,0.0028,17.78645127,27.1074504,,3.620668165,,0,,0,0,,,0,0.000199128
21,10,21010,0.007256841,5.92E-05,0.000951475,0.0875,82.62308512,574.5911798,1.52426108,81.01382857,,0,,0,0,,,0,0.0002969
21,11,21011,1.54E-05,1.59E-06,2.65E-05,0.0024,9.468659169,15.81995295,,2.761994825,,0,,0,0,,,0,0.00025083
21,12,21012,5.17E-05,5.94E-06,9.30E-05,0.0086,64.47715178,111.0028754,,6.568300999,,0,,0,0,,,0,0.002668519
21,13,21013,0.001717364,5.25E-05,0.000292426,0.0269,0.567276973,62.93828356,0.020880289,22.43754515,,0,,0,0,,,8.66E-06,0.000460707
21,14,21014,6.43E-05,2.18E-06,8.47E-05,0.0078,52.23692374,98.46391923,,6.53291278,,0,,0,0,,,0,0
21,15,21015,0.003837497,0.000121668,0.001402926,0.129,68.30059142,64.24896751,,108.7575936,,0,,0,0,,,0.000395947,0.002661865
21,16,21016,7.27E-05,2.38E-06,0.000120843,0.0111,52.16586071,233.3291039,,11.41309239,,0,,0,0,,,8.37E-07,2.97E-05
21,17,21017,0.000599959,2.50E-05,0.00039787,0.0366,13.65334074,40.81985968,,34.47842814,,0,,0,0,,,3.30E-05,0
21,18,21018,1.54E-05,1.98E-06,5.92E-05,0.0054,32.89881624,152.6542157,,5.394878931,,0,,0,0,,,0,6.40E-05
21,19,21019,0.003262711,0.000397897,0.001933763,0.1778,104.5284174,200.0820618,,166.555495,,0,,0,0,,,1.07E-06,0.004299935
21,20,21020,0.000548214,5.94E-06,0.000103871,0.0096,14.81071609,69.3479782,,8.947211155,,0,,0,0,,,0,0.000562063
21,21,21021,1.40E-05,3.96E-07,1.90E-05,0.0017,5.412726119,26.70651684,2.186427237,1.643201013,,0,,0,0,,,0,0.000236496
21,22,21022,0.000176212,4.95E-06,0.000168451,0.0155,28.5531278,201.3463507,,20.54537948,,0,,0,0,,,0,0.001724069
21,23,21023,5.31E-05,4.95E-06,0.000126206,0.0116,35.85014739,115.4702805,,11.03862163,,0,,0,0,,,0,0.002161229
21,24,21024,2.80E-06,3.96E-07,1.40E-05,0.0013,7.793155287,12.56697854,,1.513869858,,0,,0,0,,,0,0.000146914
21,25,21025,0.000123068,1.15E-05,0.000129803,0.0119,77.30128909,141.1127146,,13.53907164,,0,,0,0,,,0.000672626,0
21,26,21026,0.000113279,1.09E-05,0.000206939,0.019,39.56825861,42.48458652,,17.70853996,,0,,0,0,,,0,0.001535691
21,27,21027,4.20E-06,1.98E-07,7.17E-05,0.0066,40.9019371,691.580583,,7.833765244,,0,,0,0,,,0,3.33E-05
21,28,21028,5.59E-06,1.98E-07,3.69E-05,0.0034,18.35157719,51.92919029,,2.689073904,,0,,0,0,,,0,0
21,29,21029,6.15E-05,2.38E-06,6.19E-05,0.0057,24.40137062,19.43676024,,4.748904567,,0,,0,0,,,0,0
21,30,21030,0,0,1.11E-05,0.001,16.73850125,37.32028239,,0.763760437,,0,,0,0,,,0,0
21,31,21031,9.93E-05,3.57E-06,4.84E-05,0.0045,16.60872219,53.93164098,,6.734870315,,0,,0,0,,,0,0.00092551
21,32,21032,6.99E-06,5.94E-07,2.06E-05,0.0019,13.10845245,50.99545739,,2.719315059,,0,,0,0,,,0,0.000442791
21,33,21033,0.001039089,9.91E-07,7.17E-05,0.0066,10.65886996,29.63478266,,7.797678204,,0,,0,0,,,0,0.000801631
21,34,21034,0.005340889,5.35E-05,0.000502287,0.0462,28.78750063,21.56451149,,51.82186754,,0,,0,0,,,0,0.001279743
21,35,21035,0.00069226,2.12E-05,0.000332519,0.0306,51.88219117,104.5307233,6.869615003,25.33271259,,0,,0,0,,,0,0
21,36,21036,3.92E-05,5.75E-06,0.000210841,0.0194,54.01180487,113.3936804,,16.36913232,,0,,0,0,,,0,0
21,37,21037,7.83E-05,9.91E-07,3.47E-05,0.0032,38.0545549,80.46190213,,2.924483843,,0,,0,0,,,0,0.000182747
21,38,21038,0.000296483,1.76E-05,0.000120458,0.0111,13.54795249,20.5568666,,13.61907774,,0,,0,0,,,0,0.000375221
21,39,21039,3.78E-05,4.56E-06,0.000136225,0.0125,51.31952085,155.0324787,,12.30721517,,0,,0,0,,,0,0
21,40,21040,0.000802742,2.97E-06,0.000130991,0.012,48.53181847,78.25464543,,26.88203851,,0,,0,0,,,0,0.00174045
21,41,21041,0.042784453,0.000131179,0.00097047,0.0893,29.2260073,21.09425011,,69.94071389,,0,,0,0,,,0.000543038,0.001433312
21,42,21042,2.10E-05,1.98E-06,4.98E-05,0.0046,46.52341703,17.71006308,,8.007924482,,0,,0,0,,,0,0.000760167
21,43,21043,0.000812531,9.04E-05,0.000757782,0.0697,246.4169227,37.47705029,,102.5261964,,0,,0,0,,,4.38E-06,0
21,44,21044,7.13E-05,4.16E-06,0.000235151,0.0216,105.7116583,123.197669,,18.91080222,,0,,0,0,,,0,0.004063439
21,45,21045,0.000966367,8.32E-05,0.000670337,0.0616,186.0032789,153.305316,,48.95895967,,0,,0,0,,,6.92E-05,0.008415076
21,46,21046,0.001121601,1.29E-05,0.00010811,0.0099,11.66793794,129.124025,,9.271698695,,0,,0,0,,,0.000112914,1.28E-05
21,47,21047,0.000425145,6.30E-05,0.000285457,0.0263,97.76451562,170.8021593,0.678609385,27.55141834,,0,,0,0,,,0.000247354,0.00371023
21,48,21048,0.000352423,1.07E-05,0.000269352,0.0248,17.26305141,32.36838876,,23.96851262,,0,,0,0,,,0,0.000972604
21,49,21049,3.50E-05,2.38E-06,0.00023438,0.0216,53.56793476,42.33173162,,24.4045075,,0,,0,0,,,0,0
21,50,21050,1.40E-05,9.91E-07,0.000407215,0.0375,70.09821481,93.13846169,,29.84830535,,0,,0,0,,,0,0.001663665
21,51,21051,0.002008253,9.43E-05,0.000503154,0.0463,108.5492382,58.90987563,19.70551152,43.30584347,,0,,0,0,,,0.001986772,0.004096712
21,52,21052,0.000597161,2.18E-06,1.87E-05,0.0017,1.426600866,9.058984736,,2.265447878,,0,,0,0,,,0,0
21,53,21053,0.001815259,8.88E-05,0.000866888,0.0797,181.233037,550.2443241,,74.95686157,,0,,0,0,,,0.000542751,3.38E-05
21,54,21054,0.002030629,2.36E-05,0.00046852,0.0431,28.70471159,47.96470244,,35.50534837,,0,,0,0,,,0.000107398,0
21,55,21055,0.000145444,2.38E-06,7.06E-05,0.0065,21.85006031,127.9203419,,10.09700435,,0,,0,0,,,0,0.000463779
21,56,21056,6.99E-06,9.91E-07,1.84E-05,0.0017,14.79018134,11.51861588,,1.914026939,,0,,0,0,,,1.74E-05,8.19E-05
21,57,21057,1.82E-05,1.59E-06,0.000104032,0.0096,31.73700202,49.10024734,,10.60271308,,0,,0,0,,,0.000314114,0.000376244
21,58,21058,9.65E-05,1.33E-05,0.000308723,0.0284,50.35732084,116.0864763,,22.3501478,,0,,0,0,,,0,0.00341077
21,59,21059,3.36E-05,1.98E-06,3.46E-05,0.0032,9.002879933,17.34783236,,4.339437912,,0,,0,0,,,1.89E-07,0.000179164
21,60,21060,8.25E-05,6.74E-06,9.16E-05,0.0084,10.91012926,20.09637816,,8.465288519,,0,,0,0,,,0,0.000409518
21,61,21061,4.62E-05,2.77E-06,0.000190369,0.0175,156.1375439,71.76889154,,14.46963852,,0,,0,0,,,0,0
21,62,21062,1.82E-05,3.17E-06,6.49E-05,0.006,26.79227587,48.80492166,3.381145159,6.495635031,,0,,0,0,,,0,0.000932676
21,63,21063,0.000191595,2.34E-05,0.000218356,0.0201,57.33159292,114.3855148,,16.71130143,,0,,0,0,,,0,0.003016609
21,64,21064,0.000148241,1.43E-05,0.000261163,0.024,297.4281735,159.7445082,,18.43093175,,0,,0,0,,,0,0.000225235
21,65,21065,0.000170618,1.27E-05,0.000307342,0.0283,72.12537626,93.65120968,,24.2934812,,0,,0,0,,,6.32E-07,0.00028871
21,66,21066,5.87E-05,6.94E-06,9.66E-05,0.0089,68.33501295,229.5848082,,10.51974878,,0,,0,0,,,0,0.00319219
21,67,21067,0.00060835,2.48E-05,0.000250694,0.0231,81.73301092,1291.485433,,17.67722398,,0,,0,0,,,0,0.001173268
21,68,21068,4.20E-05,2.97E-06,0.000120394,0.0111,124.9774754,32.36347205,,8.971494863,,0,,0,0,,,0,0
21,69,21069,0.000155234,1.19E-05,0.000388654,0.0357,66.91462569,62.85603733,,46.22524947,,0,,0,0,,,4.35E-07,0.002815434
21,70,21070,0.000366408,1.19E-06,0.000101575,0.0093,36.40011971,61.94437223,,18.31489586,,0,,0,0,,,0.000720554,1.74E-05
21,71,21071,0.00118733,0.000240958,0.001542941,0.1419,47.22535679,358.6039187,,114.4166942,,0,,0,0,,,0.00019006,1.54E-05
21,72,21072,0.000116076,1.57E-05,0.00025246,0.0232,87.94972623,27.67948672,,30.90223314,,0,,0,0,,,0,0
21,73,21073,0.00011188,1.78E-05,0.000127298,0.0117,37.3060181,58.13488619,0.28710397,13.04489262,,0,,0,0,,,0,0.001431264
21,74,21074,0.009655276,8.92E-05,0.001030025,0.0947,55.52419537,121.2592508,,84.38180614,,0,,0,0,,,0.000123078,0.002559485
21,75,21075,0.000310468,4.95E-06,0.000192697,0.0177,27.53106922,21.65244487,,17.86807705,,0,,0,0,,,0,0
21,76,21076,0.000906231,1.78E-05,0.000409415,0.0377,405.2175797,159.008265,,34.17918908,,0,,0,0,,,0,0
21,77,21077,3.50E-05,5.94E-07,7.24E-05,0.0067,49.08541735,17.3199707,,7.183741324,,0,,0,0,,,0,0
21,78,21078,4.75E-05,2.18E-06,0.000204804,0.0188,106.0007551,18.03298727,,30.6876365,,0,,0,0,,,0,0
21,79,21079,0.000116076,6.54E-06,7.94E-05,0.0073,22.14023562,361.2443234,,7.004699843,,0,,0,0,,,0,0.000998711
21,80,21080,3.64E-05,1.39E-06,5.25E-05,0.0048,19.647509,11.55847065,,6.425114398,,0,,0,0,,,0,0
21,81,21081,2.52E-05,3.37E-06,5.51E-05,0.0051,44.54908714,66.10899377,,9.626247488,,0,,0,0,,,1.01E-05,0.000733037
21,82,21082,0.00011188,1.76E-05,0.00012444,0.0114,46.00060603,105.6166057,,10.33416539,,0,,0,0,,,8.72E-05,0.000376244
21,83,21083,9.37E-05,4.16E-06,0.000393679,0.0362,118.2133501,379.4306413,,32.14547233,,0,,0,0,,,0,1.79E-05
21,84,21084,9.79E-05,2.58E-06,0.000111932,0.0103,37.44941509,20.95592066,,11.54499888,,0,,0,0,,,0,0
21,85,21085,0.001553739,0.000269294,0.001077858,0.0991,129.0482465,155.0656714,24.44559807,87.3683106,,0,,0,0,,,0.002253985,0.005815663
21,86,21086,1.26E-05,0,0.000191557,0.0176,344.100052,98.22545156,,18.32413542,,0,,0,0,,,0,0.000153569
21,87,21087,0.000496469,1.13E-05,0.000180269,0.0166,70.76624887,61.14137076,0.114841588,24.01230784,,0,,0,0,,,0.001321707,0.001146649
21,88,21088,7.83E-05,7.13E-06,7.46E-05,0.0069,54.34959532,37.47624215,,10.62385708,,0,,0,0,,,0,0
21,89,21089,9.93E-05,7.33E-06,0.000205864,0.0189,328.857158,37.46870263,,17.16759534,,0,,0,0,,,0,0
21,90,21090,0.003720022,2.34E-05,0.000238106,0.0219,24.98362958,27.79608712,,20.86779797,,0,,0,0,,,1.06E-05,0.001023794
21,91,21091,0.000142647,3.53E-05,0.000160311,0.0147,0.868779229,24.62800377,,11.37230341,,0,,0,0,,,0.000178328,0
21,92,21092,0.000341235,9.91E-07,7.80E-05,0.0072,37.1483536,101.5277152,,9.179618612,,0,,0,0,,,0,0.0001807
21,93,21093,0,0,0.00012102,0.0111,42.16727841,109.1301282,,9.81360621,,0,,0,0,,,0,0.001094948
21,94,21094,0.000595763,6.22E-05,0.000478379,0.044,115.2231282,129.081923,,41.69633071,,0,,0,0,,,0,0.00436853
21,95,21095,2.52E-05,3.96E-07,6.41E-06,0.0006,2.448039163,56.05471159,,0.634266674,,0,,0,0,,,0,0
21,96,21096,5.31E-05,3.96E-06,3.95E-05,0.0036,17.38415665,108.3434356,,3.100126142,,0,,0,0,,,0,0.000861523
21,97,21097,3.64E-05,7.93E-07,3.52E-05,0.0032,10.92983031,7.440564223,,3.482281923,,0,,0,0,,,0,0.000120296
21,98,21098,3.08E-05,3.17E-06,8.76E-05,0.0081,38.35773336,91.7694343,,14.65071891,,0,,0,0,,,0,0.000490397
21,99,21099,0.000160828,1.09E-05,0.000288138,0.0265,58.94337401,127.4160438,,41.84953543,,0,,0,0,,,0,0.002476558
21,100,21100,1.54E-05,1.59E-06,0.000161675,0.0149,56.44876632,34.22505358,,15.43262747,,0,,0,0,,,0,0
21,101,21101,5.87E-05,1.59E-06,5.54E-05,0.0051,9.057117858,20.59266972,,5.127251776,,0,,0,0,,,0,0
21,102,21102,0.000506259,2.28E-05,0.000161659,0.0149,29.51081986,17.40070794,,12.45925059,,0,,0,0,,,0.000185643,0.001177363
21,103,21103,0.000279701,9.71E-06,9.08E-05,0.0084,10.83527404,183.1629337,,8.653497438,,0,,0,0,,,0,0
21,104,21104,0.0006545,1.98E-05,0.000442669,0.0407,93.3025941,133.7941104,,39.0272265,,0,,0,0,,,0,0.003278701
21,105,21105,1.12E-05,9.91E-07,7.03E-05,0.0065,24.09591152,102.7365209,,6.574466479,,0,,0,0,,,0,0.000567182
21,106,21106,0.001801274,3.03E-05,0.000317314,0.0292,9.342672943,66.27444193,,37.9176834,,0,,0,0,,,0.001869367,0.000255949
21,107,21107,6.43E-05,4.56E-06,0.000196615,0.0181,82.02825316,27.29663166,,23.19381721,,0,,0,0,,,0,0
21,108,21108,0.000377596,2.22E-05,0.000240787,0.0221,55.67061198,140.0720029,,19.23414256,,0,,0,0,,,0.001846101,0.00271459
21,109,21109,0.001535558,1.27E-05,0.000286597,0.0264,60.98869097,40.13091322,,27.54473155,,0,,0,0,,,2.52E-06,0
21,110,21110,0.001040487,3.05E-05,0.000669984,0.0616,225.0568965,477.9766716,,59.25275953,,0,,0,0,,,0,0.002479629
21,111,21111,0.000120271,1.27E-05,0.000291976,0.0269,196.3536502,122.2492176,,23.47723435,,0,,0,0,,,1.95E-05,0.000214997
21,112,21112,0.000195791,1.51E-05,0.000140834,0.013,55.83906233,152.392641,0.078301083,14.57277269,,0,,0,0,,,1.26E-05,0.001799318
21,113,21113,2.10E-05,5.55E-06,6.12E-05,0.0056,38.68161706,33.25987681,,6.64601847,,0,,0,0,,,4.54E-06,0.00056667
21,114,21114,0.091123767,0.006169585,0.0251472,2.3127,114.2941772,233.8648547,,1349.126771,,0.029889062,,0,0,,,0.037326586,0.004095177
21,115,21115,0.001220895,1.86E-05,0.000725572,0.0667,90.49507266,160.4904609,,60.00326278,,0,,0,0,,,0,0.002397214
21,116,21116,3.64E-05,2.38E-06,0.000327237,0.0301,67.79466087,96.63666726,,23.63110641,,0,,0,0,,,0,0.002188872
21,117,21117,0.00457311,3.63E-05,0.0002014,0.0185,8.279945534,101.9070435,,13.90909409,,0,,0,0,,,0,0.000493981
21,118,21118,0.000176212,1.88E-05,0.0004085,0.0376,35.86482144,20.7715622,,37.50544244,,0,,0,0,,,0,0.001310456
21,119,21119,0.004482207,0.000250667,0.001487048,0.1368,17.52817498,54.91037855,,114.3156536,,0,,0,0,,,0.00019689,0.000767846
21,120,21120,8.11E-05,9.91E-07,7.41E-05,0.0068,2.513417534,127.4839287,,9.066876604,,0,,0,0,,,0,2.05E-05
21,121,21121,4.20E-05,0,2.04E-05,0.0019,4.854297441,98.27728534,,3.076888071,,0,,0,0,,,0.000433342,0.000145891
21,122,21122,3.50E-05,2.77E-06,0.000138377,0.0127,23.90510674,31.39284278,,10.69106492,,0,,0,0,,,0,0.001023794
21,123,21123,4.20E-06,1.98E-07,6.97E-05,0.0064,60.36110853,25.42661996,,5.482876502,,0,,0,0,,,0,0
21,124,21124,0.001314594,3.09E-05,0.00021659,0.0199,3.66643169,103.6456286,0.224463104,21.41531482,,0,,0,0,,,0,0.000450981
21,125,21125,0.00123488,1.62E-05,0.000113248,0.0104,12.29779943,68.78567613,,8.979657515,,0,,0,0,,,0,0.000255949
21,126,21126,1.96E-05,1.39E-06,8.39E-05,0.0077,23.17302069,22.54706992,,10.68674062,,0,,0,0,,,2.46E-05,0.000972604
21,127,21127,4.20E-05,2.18E-06,5.94E-05,0.0055,9.682178159,130.4816475,,6.065529172,,0,,0,0,,,0,0.000341435
21,128,21128,6.99E-05,6.14E-06,0.000126591,0.0116,41.88621136,128.3468828,,13.84323717,,0,,0,0,,,0,0.002071136
21,129,21129,0.00026152,2.97E-06,0.000192809,0.0177,15.5635383,546.9818001,1.033574294,14.43105722,,0,,0,0,,,0,0.000239568
21,130,21130,1.26E-05,3.96E-06,5.09E-05,0.0047,31.78122405,105.9884808,,3.756607288,,0,,0,0,,,0,0.003606827
21,131,21131,0.000262919,5.94E-07,1.25E-05,0.0012,2.684435988,37.13322039,,1.351998268,,0,,0,0,,,0,0
21,132,21132,0.011025811,0.000360446,0.002188246,0.2012,53.91352733,86.89017808,,153.843807,,0,,0,0,,,0.000474053,0.002559485
21,133,21133,5.59E-06,9.91E-07,1.16E-05,0.0011,5.493937187,45.51189169,0.096571336,0.877499627,,0,,0,0,,,0,0.000330174
21,134,21134,0.000759388,1.57E-05,0.000279741,0.0257,42.01395919,43.86642469,,19.90049239,,0,,0,0,,,0,0.00179164
21,135,21135,0.000295084,7.93E-07,8.98E-06,0.0008,10.46721963,146.8912103,,0.950039304,,0,,0,0,,,0,0.000281543
21,136,21136,0.003001191,4.22E-05,0.000182726,0.0168,4.96344482,5.492336271,,13.19498349,,0,,0,0,,,0,0.000204759
21,137,21137,0.000113279,9.12E-06,0.000139035,0.0128,81.99058954,118.189283,,10.40987602,,0,,0,0,,,0.00369877,0.001419491
21,138,21138,0.000251731,1.19E-05,0.000156023,0.0143,22.41640497,15.57821498,,12.73463972,,0,,0,0,,,0,0.000819035
21,139,21139,5.59E-05,4.36E-06,5.16E-05,0.0047,14.48970703,154.813636,,5.281520158,,0,,0,0,,,0,0.000675192
21,140,21140,0.015491236,0.0003761,0.001914671,0.1761,52.23522587,27.43441193,,160.9480295,,0,,0,0,,,0.000530978,0.002303537
21,141,21141,6.15E-05,4.76E-06,4.92E-05,0.0045,13.83122388,146.3730189,0.052200722,4.910340729,,0,,0,0,,,0,0.000638336
21,142,21142,0.001829244,4.80E-05,0.000432232,0.0398,147.4020903,129.734184,,32.06759746,,0,,0,0,,,0.000711892,0.005774199
21,143,21143,0.0007482,3.03E-05,0.000398047,0.0366,59.43313183,60.59966593,,28.27793543,,0,,0,0,,,0,0.002559485
21,144,21144,0.000746801,6.12E-05,0.000211596,0.0195,18.47505605,16.7303439,,20.02313968,,0,,0,0,,,0,0.00038853
21,145,21145,1.54E-05,1.59E-06,0.000207469,0.0191,139.4043965,136.4207084,,14.91908726,,0,,0,0,,,0,0
21,146,21146,0.000293686,7.93E-07,1.32E-05,0.0012,1.860522242,9.029538609,,1.596110756,,0,,0,0,,,0,0
21,147,21147,0.0005608,7.13E-06,8.74E-05,0.008,44.15066879,211.4956816,,10.75349928,,0,,0,0,,,0,0
21,148,21148,1.54E-05,2.18E-06,0.000145811,0.0134,23.62137699,30.64419315,,17.96219103,,0,,0,0,,,0.000262747,0.000767846
21,149,21149,0.002380255,1.47E-05,0.000339921,0.0313,32.1557339,162.621268,,29.99075317,,0,,0,0,,,0.000568956,9.21E-05
21,150,21150,5.45E-05,3.57E-06,9.95E-05,0.0092,22.82864714,111.9558164,,17.51167008,,0,,0,0,,,0,0.001011509
21,151,21151,0.00030907,7.53E-06,0.000120442,0.0111,13.54520734,37.76321011,,12.91760509,,0,,0,0,,,0,0.000251853
21,152,21152,0.000191595,1.03E-05,0.000177459,0.0163,61.57315101,121.029713,,15.27704935,,0,,0,0,,,0,0.002818505
21,153,21153,0.001385918,1.17E-05,0.000301995,0.0278,43.04182192,97.92703854,,36.32345215,,0,,0,0,,,0.000324286,0.00174045
21,154,21154,0.002823581,0.000128801,0.001082883,0.0996,138.7628717,2218.635448,,87.18148571,,0,,0,0,,,0.000479816,0.004996627
21,155,21155,6.01E-05,1.49E-05,7.60E-05,0.007,54.02241672,68.72724913,,7.75898759,,0,,0,0,,,0,0.000504731
21,156,21156,0.022686543,0.000737933,0.004471131,0.4112,75.22201314,3806.355742,,276.7854707,,0,,0,0,,,0.004722889,0.000880975
21,157,21157,0.000212573,2.34E-05,0.000157677,0.0145,82.98250522,44.67504302,,20.25583545,,0,,0,0,,,1.35E-06,0.000761191
21,158,21158,3.50E-05,5.94E-06,0.000107339,0.0099,90.87188273,154.6562327,,9.017323484,,0,,0,0,,,0,0
21,159,21159,0.001184533,1.59E-06,6.49E-05,0.006,22.03171585,49.93703774,,8.614396443,,0,,0,0,,,0,0.000806238
21,160,21160,1.68E-05,5.94E-07,4.50E-05,0.0041,17.88509163,25.3467492,,5.860040386,,0,,0,0,,,0.000179338,0.000479648
21,161,21161,0.003349419,1.23E-05,0.000277284,0.0255,65.707044,1960.025615,,22.74600752,,0,,0,0,,,0,0.002824136
21,162,21162,0.000100692,2.18E-06,6.85E-05,0.0063,18.5089463,99.39194767,,5.670967687,,0,,0,0,,,0,0
21,163,21163,0.000314664,1.55E-05,0.000237993,0.0219,27.29912412,46.28325015,,18.6265386,,0,,0,0,,,0,0.001023794
21,164,21164,0.002243201,0.000169225,0.001113102,0.1024,102.8628998,129.1300674,,133.7093542,,0,,0,0,,,0.003260708,0.003839228
21,165,21165,0.000264317,1.98E-07,1.88E-05,0.0017,7.72329831,14.05617788,,2.872539773,,0,,0,0,,,0,0.000372661
21,166,21166,8.25E-05,1.70E-05,0.000113858,0.0105,24.25936124,45.43915024,4.138786437,9.568582204,,0,,0,0,,,0,0.001268481
21,167,21167,3.92E-05,1.19E-06,0.000156056,0.0144,23.94089312,66.27255417,,13.67697283,,0,,0,0,,,0,0
21,168,21168,0.000525838,1.21E-05,9.90E-05,0.0091,35.8818926,69.8850247,,20.6512639,,0,,0,0,,,4.37E-05,0.002725852
21,169,21169,0.000244738,1.49E-05,0.000311116,0.0286,143.7537873,164.2485943,,41.40228776,,0,,0,0,,,0.001146154,0.000270282
21,170,21170,0.000578981,5.15E-06,0.00026582,0.0244,115.0801279,139.3215885,,24.27826124,,0,,0,0,,,0.000878785,0.00559913
21,171,21171,0.000416754,4.36E-06,4.80E-05,0.0044,10.24905174,344.8391076,,4.251136101,,0,,0,0,,,0,0.000434601
21,172,21172,0.000216768,2.79E-05,0.000395976,0.0364,42.15603464,291.98693,,33.65083951,,0,,0,0,,,1.40E-05,3.43E-05
21,173,21173,0.000349626,1.39E-05,9.15E-05,0.0084,4.905101123,35.53874674,,6.66309937,,0,,0,0,,,7.34E-05,0
21,174,21174,0.016716326,0.000273653,0.001508243,0.1387,12.96949011,97.43063941,,106.5491456,,0,,0,0,,,0.000144349,0
21,175,21175,0.000113279,7.73E-06,0.000150789,0.0139,24.09626679,47.14389887,,13.6456464,,0,,0,0,,,5.53E-05,0.000767846
21,176,21176,2.52E-05,6.34E-06,0.000127169,0.0117,45.47645588,110.6844812,5.794280131,11.39701968,,0,,0,0,,,0,0.00206704
21,177,21177,0.002090764,2.79E-05,0.00074354,0.0684,123.4800198,1345.91378,,69.19325653,,0,,0,0,,,0,0.004484218
21,178,21178,6.01E-05,3.76E-06,0.000269384,0.0248,234.1519543,45.42930509,,21.53266477,,0,,0,0,,,0,0
21,179,21179,0.000257325,1.72E-05,0.000447694,0.0412,174.0943711,139.4332848,,33.03878532,,0,,0,0,,,0,0.007815133
21,180,21180,0.000460108,1.92E-05,0.000570512,0.0525,141.492459,115.8574042,,44.56647512,,0,,0,0,,,0,0.005118971
21,181,21181,0.000118873,2.77E-06,9.35E-05,0.0086,24.84501089,13.70822868,,7.522711812,,0,,0,0,,,0,0.001023794
21,182,21182,0.000153836,4.95E-06,7.89E-05,0.0073,10.28792606,34.26006963,,6.526280483,,0,,0,0,,,0,0.000407982
21,183,21183,7.27E-05,3.96E-06,0.000321681,0.0296,195.1557376,40.97098238,,25.76628676,,0,,0,0,,,0,0
21,184,21184,4.34E-05,7.93E-07,9.61E-05,0.0088,83.83424756,33.13883407,,7.52500432,,0,,0,0,,,0,0
21,185,21185,6.01E-05,5.75E-06,0.000122288,0.0112,50.88993727,52.51049537,0.861311911,11.57343996,,0,,0,0,,,5.89E-06,0.002424345
21,186,21186,0.001139781,5.77E-05,0.000775686,0.0713,167.7668912,136.4436878,,62.42109237,,0,,0,0,,,1.68E-05,0
21,187,21187,3.36E-05,3.37E-06,8.26E-05,0.0076,126.0164066,32.51096684,,6.828303738,,0,,0,0,,,0,0
21,188,21188,0.000186001,8.12E-06,0.000228359,0.021,40.52298343,69.02239258,,24.88711669,,0,,0,0,,,0,0.001535691
21,189,21189,0.000549612,2.68E-05,0.000299523,0.0275,43.60185755,749.7203406,,33.50181981,,0,,0,0,,,0,0.001383658
21,190,21190,1.96E-05,7.93E-07,1.78E-05,0.0016,4.919593227,24.84276517,,2.29613243,,0,,0,0,,,0,0.000145891
21,191,21191,0.000180407,3.88E-05,0.000128358,0.0118,32.70125889,136.4395002,,16.08105228,,0,,0,0,,,0,0.000588682
21,192,21192,7.69E-05,1.78E-06,9.37E-05,0.0086,48.27637984,25.67717464,,7.652673877,,0,,0,0,,,0,0
21,193,21193,0.000338438,1.39E-06,8.85E-05,0.0081,38.64095433,75.29197492,,19.35112837,,0,,0,0,,,0,0.001330932
21,194,21194,0.00060835,5.77E-05,0.000443504,0.0408,140.7639443,126.9864158,,33.85322005,,0,,0,0,,,0,0.000286662
21,195,21195,9.51E-05,6.34E-06,0.000330544,0.0304,61.24816602,154.9518458,,26.86199526,,0,,0,0,,,0,0
21,196,21196,1.96E-05,2.58E-06,2.03E-05,0.0019,2.408500519,10.32359541,,2.274135539,,0,,0,0,,,0,9.32E-05
21,197,21197,0.001924342,0.00019023,0.00118099,0.1086,453.1252282,106.1933935,,90.20739252,,0,,0,0,,,0.000279519,0
21,198,21198,4.20E-06,0,1.91E-05,0.0018,9.96756503,21.94567171,,2.766116348,,0,,0,0,,,2.44E-06,0.000225235
21,199,21199,0.001615273,1.70E-05,0.00060155,0.0553,27.15147952,60.05192605,,43.71535937,,0,,0,0,,,2.10E-06,0
21,200,21200,0.000181806,6.54E-06,6.08E-05,0.0056,13.99202293,20.33999837,,5.219828868,,0,,0,0,,,0,0
21,201,21201,1.82E-05,9.91E-07,4.70E-05,0.0043,11.06364703,26.42355438,0.263613646,4.580686404,,0,,0,0,,,0.000125615,0.000510361
21,202,21202,0.000218167,4.76E-06,0.000194672,0.0179,57.99954926,37.61654657,,25.07934383,,0,,0,0,,,0,0
21,203,21203,0.000232152,4.95E-06,8.86E-05,0.0081,40.89362738,107.1005366,,12.89176646,,0,,0,0,,,0,0.001555143
21,204,21204,0.000135655,5.94E-06,0.000121309,0.0112,21.81534651,23.46604017,,9.201302855,,0,,0,0,,,0,0
21,205,21205,0.000429341,1.05E-05,0.000350631,0.0322,52.27205014,741.5033202,,32.55288895,,0,,0,0,,,4.04E-06,0.0022073
21,206,21206,5.03E-05,1.78E-06,5.99E-05,0.0055,47.18882626,186.4886133,,8.311398902,,0,,0,0,,,0,0.000295365
21,207,21207,0.000971961,9.63E-05,0.000842064,0.0774,32.85635425,76.24799706,,78.09627381,,0,,0,0,,,0.000129933,0
21,208,21208,0.001527167,0.000145248,0.0011509,0.1058,158.0898174,461.133859,,97.65444939,,0,,0,0,,,0.000168255,2.87E-05
21,209,21209,0.000110482,7.73E-06,0.000119157,0.011,29.47094235,565.0917414,,15.05086241,,0,,0,0,,,0.001331633,2.56E-05
21,210,21210,8.53E-05,7.73E-06,8.40E-05,0.0077,42.51868735,23.13389296,,6.048419672,,0,,0,0,,,0,0
21,211,21211,0.000511853,4.44E-05,0.000237495,0.0218,26.4351128,77.71135583,,16.71734818,,0,,0,0,,,0,0
21,212,21212,0.002183066,1.05E-05,0.000299828,0.0276,27.9946484,50.57529786,,27.55561377,,0,,0,0,,,0,0
21,213,21213,2.94E-05,3.76E-06,0.000192713,0.0177,339.7089037,50.33533626,,17.65975773,,0,,0,0,,,0,0
21,214,21214,0.001015314,2.18E-05,0.000243485,0.0224,1.071629836,589.208886,0.161822238,18.2120882,,0,,0,0,,,0,0.000497564
21,215,21215,0.000117474,4.76E-06,7.10E-05,0.0065,65.56734995,13.81321914,,5.055614444,,0,,0,0,,,0,0
21,216,21216,1.26E-05,1.39E-06,4.14E-05,0.0038,20.33200511,24.85898253,,4.739378227,,0,,0,0,,,0,0
21,217,21217,0.000135655,7.93E-06,0.000305881,0.0281,71.41084869,89.9803114,,27.31340545,,0,,0,0,,,0,0
22,1,22001,0.002620798,0.000136837,0.000917804,0.3233,222.8355138,664.0509493,,188.2487658,,0,,0,0,,,2.36E-05,0.013840845
22,2,22002,5.03E-05,2.99E-05,0.000400166,0.141,16.0267976,96.25411709,,64.1344122,,0,,0,0,,,0,0
22,3,22003,3.78E-05,2.84E-05,0.000196599,0.0693,24.79781667,69.65239672,,18.80508467,,0,,0,0,,,0,0.000829597
22,4,22004,0.001213902,0.000162855,0.000947107,0.3336,94.69693119,182.8292735,,155.0035979,,0,,0,0,,,0.002688797,0.006104256
22,5,22005,0.002080975,5.54E-05,0.000873198,0.3076,146.4400143,1464.794082,,128.3036912,,0,,0,0,,,0.008708502,0.010946735
22,6,22006,0.009158807,0.000514103,0.001912857,0.6738,54.38514451,493.4511115,,140.0585292,,0,,0,0,,,0.000268309,0.002936775
22,7,22007,0.002454376,0.000348356,0.000618763,0.218,37.98218506,2350.222081,,60.78366429,,0,,0,0,,,0.002347967,0.002409783
22,8,22008,4.34E-05,4.05E-05,0.000555403,0.1957,100.6362275,122.2328183,,87.11036883,,0,,0,0,,,3.25E-05,0.006284398
22,9,22009,0.000255926,0.000184537,0.00034681,0.1222,23.7805793,102.9096174,,36.57247678,,0,,0,0,,,0,0.000632074
22,10,22010,9.79E-06,1.11E-05,0.00029835,0.1051,39.48734874,50.38804643,,32.48808384,,0,,0,0,,,0,0.000869102
22,11,22011,0.029321049,0.000285238,0.001353102,0.4767,211.9035928,1461.654789,,146.7901271,,0,,0,0,,,0.001859778,0.010644919
22,12,22012,0.002697716,0.000258256,0.000967789,0.3409,145.8863732,401.8500826,,102.4259462,,0,,0,0,,,8.10E-05,0.01183875
22,13,22013,6.57E-05,1.54E-05,0.000274281,0.0966,19.84162517,91.12787215,,40.93836449,,0,,0,0,,,0,0.000837498
22,14,22014,0.078029568,0.008934884,0.012460601,4.3895,119.809391,1644.459683,,791.5898136,,0.030693517,,0,0,,,0.025517095,0.006319162
22,15,22015,6.99E-05,4.34E-05,0.0001233,0.0434,9.932564159,34.61633228,,20.40894487,,0,,0,0,,,0,0.000237028
22,16,22016,0.03427735,0.001683,0.003555976,1.2527,300.27636,739.0564352,,284.0774658,,0,,0,0,,,0.007684747,0.019420479
22,17,22017,0.004346553,0.000538676,0.000926282,0.3263,84.89708113,394.3355639,,90.93915732,,0,,0,0,,,1.38E-05,0.004822726
22,18,22018,0.000123068,5.35E-05,0.000408195,0.1438,14.57824431,204.9627496,,72.13348032,,0,,0,0,,,0.001569688,0.000435341
23,1,23001,0.001107616,0,0.001260503,0,0.070204636,2.092607064,,85.6199536,,0,,0,0,,,0.028816239,0
23,2,23002,0.000920216,0,0.001057867,0,103.7010383,377.6061334,,196.2919081,,0,,0,0,,,0.000364041,0.000504519
23,3,23003,0.000325852,0,0.000233417,0,0.078464005,8.087496834,,17.06875547,,0,,0,0,,,0,0
23,4,23004,0.005054196,0,0.003537816,0,274.1610159,337.6267306,119.8580776,236.1868418,,0,,0,0,,,0.009832867,0.04404994
23,5,23005,0.011305512,0,0.010440774,0,0.369819846,58.28442382,,618.3059684,,0.006536887,,0,0,,,0.035512257,0
23,6,23006,0.000338438,0,0.000527657,0,94.11945733,302.2077895,,90.20483018,,0,,0,0,,,0.000165452,0.001371509
23,7,23007,0.000141249,0,0.000362754,0,22.74595994,353.3561084,,35.53920339,,0,,0,0,,,0.000115714,0.00017797
23,8,23008,0.001752326,0,0.002430157,0,15.63906344,41.12757045,,188.8666406,,0,,0,0,,,0.003830134,0
23,9,23009,0,0,0.000494355,0,,0,,32.91161286,,0,,0,0,,,0,0
24,1,24001,0.000198588,4.10E-05,0.000268694,0.0943,11.07705631,219.5131357,,38.75658218,,0,,0,0,,,0,0.001595312
24,2,24002,1.40E-05,4.82E-06,0.000119446,0.0419,11.39646718,49.34142592,,9.598803202,,0,,0,0,,,0,0.001411609
24,3,24003,3.50E-05,1.93E-05,0.000747169,0.2621,130.9291435,36.84318528,10.4923451,62.26387881,,0,,0,0,,,4.50E-05,0.002607287
24,4,24004,5.59E-06,9.64E-07,7.01E-05,0.0246,7.068229249,82.22161178,,8.731188619,,0,,0,0,,,0.000162786,0.00203362
24,5,24005,0.000444724,9.88E-05,0.000278071,0.0976,13.59946195,63.36508652,,19.27311363,,0,,0,0,,,1.20E-05,0.001993871
24,6,24006,6.71E-05,5.59E-05,0.00014419,0.0506,16.20571687,213.1949842,,13.24442764,,0,,0,0,,,0,0.001654397
24,7,24007,0.000594364,6.26E-05,0.000276128,0.0969,31.44370271,216.2137555,,21.29409778,,0,,0,0,,,0,0.004077982
24,8,24008,0.000559402,0.000162374,0.000317988,0.1116,26.11667852,206.0474044,,22.45696354,,0,,0,0,,,0,0.00826769
24,9,24009,5.59E-06,4.82E-07,5.18E-05,0.0182,2.37815225,57.14078707,,4.906628884,,0,,0,0,,,0,0.000601599
24,10,24010,0.000225159,9.40E-05,0.000471603,0.1654,45.49002383,818.3078323,,37.29050041,,0,,0,0,,,0,0.007278275
24,11,24011,0.000846095,0.000156592,0.000637084,0.2235,64.17247136,112.9094825,,45.87254143,,0,,0,0,,,0,0.013185763
24,12,24012,6.71E-05,3.28E-05,0.000342651,0.1202,22.6419435,21.79750021,1.905326349,28.69243428,,0,,0,0,,,4.57E-05,0.000501691
24,13,24013,0.005395431,0.001512435,0.002602013,0.9128,160.8906167,110.3639622,139.7674329,193.9827081,,0,,0,0,,,0.001280516,0.033584269
24,14,24014,6.29E-05,2.02E-05,0.000279259,0.098,56.61437614,11.96237332,,21.07139146,,0,,0,0,,,0,0
24,15,24015,0.001289421,0.000105037,0.000321151,0.1127,27.14090426,295.9340853,,27.44156302,,0,,0,0,,,0.004969561,0.008186045
24,16,24016,0.001132789,0.000223565,0.000599768,0.2104,59.33565057,117.647302,0.052200722,42.28527932,,0,,0,0,,,8.69E-05,0.065825682
24,17,24017,3.08E-05,1.30E-05,0.000385683,0.1353,42.91194944,589.8204407,,34.40138442,,0,,0,0,,,2.62E-05,0.008758638
24,18,24018,0.00028949,4.34E-06,0.000243147,0.0853,29.90517517,11.88420178,,17.48822052,,0,,0,0,,,0,0
24,19,24019,1.40E-06,4.82E-07,8.63E-05,0.0303,17.21901124,45.14246842,,7.303110494,,0,,0,0,,,0,0.001814466
24,20,24020,0.008223207,0.000565658,0.001351176,0.474,38.39872337,206.1762092,,93.57124596,,0,,0,0,,,0.000227247,0.01036899
24,21,24021,9.79E-05,1.93E-05,0.000748855,0.2627,23.08230966,279.2167949,,128.5959828,,0,,0,0,,,0,0.005507854
24,22,24022,0.000304874,4.43E-05,0.000283498,0.0995,31.06438155,381.9592001,,38.00850985,,0,,0,0,,,0,0.005978391
24,23,24023,0.00015943,3.52E-05,0.00022298,0.0782,32.86884112,150.8701152,,17.7856597,,0,,0,0,,,0,0.00680559
24,24,24024,0.001215301,0.000685631,0.001324714,0.4647,66.40428177,370.663982,,103.8851211,,0,,0,0,,,0.000214946,0.012809763
24,25,24025,0.000760787,0.000118528,0.000423144,0.1484,121.5390657,125.1935293,,51.7859356,,0,,0,0,,,1.62E-05,0.027559684
24,26,24026,6.99E-06,2.41E-06,0.000154177,0.0541,12.55299831,15.00035661,,11.76529684,,0,,0,0,,,0,0
24,27,24027,0.00015943,3.66E-05,0.000151415,0.0531,11.44446676,65.06919153,,15.54586706,,0,,0,0,,,2.45E-06,0.000396411
24,28,24028,0.109698707,0.007965461,0.012300724,4.3153,39.70348981,811.9088816,,775.9039232,,0.016828696,,0,0,,,0.02371393,0.010104716
24,29,24029,6.71E-05,1.06E-05,0.000350647,0.123,68.61202387,38.73972403,,26.58141889,,0,,0,0,,,0,0.0001128
24,30,24030,2.80E-06,4.82E-06,8.38E-05,0.0294,9.152115454,61.84516099,,9.0257382,,0,,0,0,,,0,0.000204114
24,31,24031,0,4.82E-07,0.000171454,0.0601,5.723766212,39.7655194,,26.85755726,,0,,0,0,,,0,0.00074985
24,32,24032,0.00050486,0.00020381,0.000574013,0.2014,10.56189722,156.1276731,,88.94449852,,0,,0,0,,,8.34E-05,0.003098235
24,33,24033,1.82E-05,3.85E-06,0.000171004,0.06,109.0064296,293.4556768,,20.95485538,,0,,0,0,,,0,0.036090573
24,34,24034,0.000156633,3.95E-05,0.000214261,0.0752,28.75577285,259.3270299,13.5721877,15.27476545,,0,,0,0,,,2.34E-05,0.006164242
24,35,24035,0.006468084,0.000943887,0.004045836,1.4193,16.60419455,1201.576705,,240.8892697,,0,,0,0,,,0.002686664,0.005179124
24,36,24036,0.001240474,0.000127682,0.000417732,0.1465,53.89902426,33.55938915,63.7266413,39.53813609,,0,,0,0,,,0,0.013780916
24,37,24037,0.000640515,0.000342575,0.001580675,0.5545,163.0040098,15.10513689,,119.2208256,,0,,0,0,,,7.40E-05,3.55E-05
24,38,24038,3.78E-05,1.11E-05,0.000259927,0.0912,46.92915913,23.68792926,,19.38853881,,0,,0,0,,,0,0
24,39,24039,5.31E-05,1.64E-05,0.000228038,0.08,23.22543231,31.01834029,0.66816924,18.46308013,,0,,0,0,,,0,0.000362034
24,40,24040,0.001296414,0.00028572,0.000576453,0.2022,49.35709441,2696.376406,13.58784791,41.69466048,,0,,0,0,,,0.001003599,0.029090538
24,41,24041,7.27E-05,2.99E-05,0.000326418,0.1145,23.1959133,63.30717414,5.340133851,27.91830313,,0,,0,0,,,0,0.001267655
24,42,24042,0.000276904,7.81E-05,0.000216172,0.0758,32.55666492,25.46097952,,17.18623317,,0,,0,0,,,1.43E-05,3.97E-05
24,43,24043,0.000165024,3.52E-05,0.000137703,0.0483,3.678902166,73.163073,,20.62840787,,0,,0,0,,,2.36E-05,0.00086265
24,44,24044,8.25E-05,8.67E-06,0.000110824,0.0389,23.94129717,221.221186,,9.567654421,,0,,0,0,,,0,0.007167623
24,45,24045,0.000727222,4.38E-05,0.000220588,0.0774,31.66456011,292.0768104,,23.98819641,,0,,0,0,,,0,0.009672854
24,46,24046,0.000527236,2.99E-05,0.000240562,0.0844,72.9345785,590.9639953,,48.33301784,,0,,0,0,,,0,0.031291746
24,47,24047,1.96E-05,4.34E-06,0.000142359,0.0499,25.69177378,184.1999612,,12.2840419,,0,,0,0,,,0,0.016909231
24,48,24048,0.000114677,1.25E-05,7.85E-05,0.0275,1.681609525,28.42322507,,6.281920448,,0,,0,0,,,0.007240324,0.000760593
24,49,24049,0.000619538,5.44E-05,0.000547455,0.1921,281.5517055,430.0352529,,86.92544112,,0,,0,0,,,0,0.085179984
24,50,24050,0.003648699,0.000146474,0.000680228,0.2386,28.22401258,700.6736316,,96.8831005,,0,,0,0,,,0.000127661,0.007928216
24,51,24051,0.000184603,2.79E-05,0.000214374,0.0752,23.97334634,418.343777,,22.07507591,,0,,0,0,,,0,0.004495879
24,52,24052,8.67E-05,3.32E-05,0.000148236,0.052,30.56323289,128.0403594,,10.78499626,,0,,0,0,,,0,0.005863442
24,53,24053,0.000172016,0.000101182,0.000552272,0.1937,87.62615726,17.56181022,,39.92858939,,0,,0,0,,,0,0.000309394
24,54,24054,0.000232152,0.000103591,0.00083402,0.2926,131.2124541,19.69393861,,62.8312101,,0,,0,0,,,0,0
24,55,24055,0.000234949,1.40E-05,0.000369289,0.1296,4.541453595,82.11376467,,51.48097442,,0,,0,0,,,0.010220411,0.000633828
24,56,24056,0.000184603,3.04E-05,0.000233208,0.0818,17.70232668,101.4645378,,19.90684236,,0,,0,0,,,0,0.003148727
24,57,24057,0.000225159,5.97E-05,0.000504005,0.1768,72.62181624,13.02498336,,37.96991843,,0,,0,0,,,0,0
24,58,24058,0.0009356,9.59E-05,0.000286276,0.1004,48.84204277,27.5447535,55.85477244,21.56579093,,0,,0,0,,,0,0.011915959
25,1,25001,0.017720453,0,0.006507287,0,1833.118911,1165.025357,69.53136158,412.2139012,,0,,0,0,,,0.006263503,0.302544748
25,2,25002,0.000500665,0,0.000675941,0,671.3988247,204.9276874,,52.16594316,,0,,0,0,,,0,0
25,3,25003,5.17E-05,0,0.000498337,0,150.285707,268.9423291,,92.04485988,,0,,0,0,,,7.76E-06,0
25,4,25004,0.000404168,0,0.000436374,0,75.13009585,88.70117391,,51.75725692,,0,,0,0,,,0.000315942,0
25,5,25005,0.000180407,0,0.000293469,0,50.31829923,55.67359188,,41.73325065,,0,,0,0,,,0,0
25,6,25006,0.03013358,0,0.013033923,0,1440.945356,3872.8958,52.69140869,743.1333518,,0.021999322,,0,0,,,0.02003643,0.263119077
25,7,25007,0.000155234,0,0.000522149,0,44.94571556,401.4457692,,64.36026298,,0,,0,0,,,0,0
25,8,25008,0.000440529,0,0.000741854,0,293.5453634,1116.307994,0.281883898,87.00778359,,0,,0,0,,,0.000207797,0.073067654
25,9,25009,0.000875464,0,0.000804861,0,170.5581622,136.9957322,,72.51222076,,0,,0,0,,,1.06E-06,0
25,10,25010,0.001794281,0,0.001506364,0,263.3909432,582.1414488,,123.4737301,,0,,0,0,,,0.001250461,0
25,11,25011,0.007136569,0,0.004235819,0,1908.30499,755.5395788,,296.5785173,,0,,0,0,,,0.000640726,0.20655773
25,12,25012,0.016844989,0,0.006754063,0,203.2948681,988.3659795,,425.8313354,,0,,0,0,,,0.005449772,0.135359541
25,13,25013,0.000229355,0,0.000681641,0,568.5896772,1065.826502,,73.9900064,,0,,0,0,,,0.006636881,0
25,14,25014,0.000525838,0,0.000756112,0,181.5355628,97.4274239,,69.26935728,,0,,0,0,,,0.000230015,0
25,15,25015,0.001799876,0,0.001243194,0,289.7641865,337.9339836,,89.55671618,,0,,0,0,,,0.000948487,0.200471944
25,16,25016,0.000137053,0,0.000360538,0,98.03750051,78.22966652,,45.88127109,,0,,0,0,,,0,0
25,17,25017,0.000696455,0,0.00133886,0,930.9615047,356.5689598,,155.2113524,,0,,0,0,,,5.97E-06,0
25,18,25018,0.002611008,0,0.002132786,0,906.670171,1970.450213,21.75726089,178.2671968,,0,,0,0,,,0.000617166,0
26,1,26001,0.000131459,0.000169804,3.80E-05,0.0097,9.905303772,42.85904407,,2.811130644,,0,,0,0,,,0,0
26,2,26002,0.010796456,0.01594613,0.001176655,0.3007,7.219300851,200.6580384,,80.29039998,,0,,0,0,,,0.000187274,0.003124987
26,3,26003,0.000380393,0.004291408,0.000387658,0.0991,185.0084548,143.1717608,,43.66619177,,0,,0,0,,,0,0
26,4,26004,7.83E-05,0.002794046,0.000144784,0.037,116.1178459,60.47616578,,11.98768742,,0,,0,0,,,0,0
26,5,26005,9.79E-06,9.26E-05,1.95E-05,0.005,4.240647861,61.81139145,,1.606218967,,0,,0,0,,,0,0
26,6,26006,4.75E-05,0.000324171,4.56E-05,0.0117,23.42780819,148.0566064,,3.573089826,,0,,0,0,,,0,0
26,7,26007,1.12E-05,0,1.13E-05,0.0029,6.228209977,7.010499038,,0.780234123,,0,,0,0,,,0,0
26,8,26008,1.40E-06,0.000123494,1.98E-05,0.0051,7.2982913,47.62837572,,1.423630452,,0,,0,0,,,0,0
26,9,26009,6.99E-06,0.00013893,1.09E-05,0.0028,4.526296222,51.33625173,,0.85959183,,0,,0,0,,,0,0
26,10,26010,9.79E-06,9.26E-05,2.12E-05,0.0054,9.668197852,36.1197144,,1.813216903,,0,,0,0,,,0,0
26,11,26011,2.80E-06,0.000123494,2.27E-05,0.0058,66.02797226,20.51834742,,1.601128613,,0,,0,0,,,0,0
26,12,26012,0.000454514,0.002083957,0.000325085,0.0831,1165.235324,586.1791482,,25.99369827,,0,,0,0,,,0,0
26,13,26013,0.000104888,0.000200677,2.31E-05,0.0059,9.122204098,50.92484111,,1.908670205,,0,,0,0,,,0,0
26,14,26014,3.08E-05,0.000262424,5.30E-05,0.0135,14.46981965,115.3175506,,3.85416203,,0,,0,0,,,4.51E-05,0
26,15,26015,0,3.09E-05,1.95E-05,0.005,25.13675093,55.1114071,,1.482898178,,0,,0,0,,,0,0
26,16,26016,4.75E-05,0.000632905,8.16E-05,0.0209,1.080444129,12.05433391,,5.571347772,,0,,0,0,,,0,0
26,17,26017,0.002141111,0.014695756,0.001113777,0.2846,300.4529564,583.1104254,,77.62848468,,0,,0,0,,,0.00876104,0.057945866
26,18,26018,0.033643827,0.091215567,0.0061441,1.5701,3303.399388,1621.3728,,372.8460071,,0,,0,0,,,0.005716306,0.202046114
26,19,26019,0.001250263,0.005850516,0.000517461,0.1322,6.176600523,81.4771682,,34.97983327,,0,,0,0,,,0.014489478,0
26,20,26020,4.89E-05,0.000262424,7.23E-05,0.0185,45.49644182,88.66049355,,5.545754111,,0,,0,0,,,2.13E-06,0
26,21,26021,4.20E-06,9.26E-05,2.67E-05,0.0068,27.03993516,157.9509562,,2.023919239,,0,,0,0,,,0.00064493,0
26,22,26022,1.82E-05,4.63E-05,1.22E-05,0.0031,10.3861955,33.24129134,,0.934136615,,0,,0,0,,,0,0
26,23,26023,0.000517447,0.000493975,8.97E-05,0.0229,27.51682018,126.7245695,,6.179015297,,0,,0,0,,,0,0
26,24,26024,2.80E-06,3.09E-05,1.04E-05,0.0027,4.999948973,23.20999227,,0.832260864,,0,,0,0,,,0,0
26,25,26025,0.013269012,0.008413011,0.000807911,0.2065,153.0335098,95.72920983,,57.91279563,,0,,0,0,,,0.00017906,0
26,26,26026,0.000418153,0.00503237,0.000892611,0.2281,2235.40116,106.6171599,,70.4780583,,0,,0,0,,,0,0
26,27,26027,3.22E-05,0.001157754,0.000117262,0.03,17.51377959,125.0452709,,8.412407931,,0,,0,0,,,0,0
26,28,26028,8.39E-06,0.000169804,1.42E-05,0.0036,6.267032808,27.6193233,,0.964709441,,0,,0,0,,,0,0
26,29,26029,0.009234326,0.042250297,0.002189788,0.5596,921.6240799,618.5248259,,175.1961967,,0,,0,0,,,0.000911915,0.012072608
26,30,26030,0.057410015,0.189130669,0.012083604,3.088,1773.364672,5876.003819,,720.7114909,,0.015066743,,0,0,,,0.03087926,0.071390246
26,31,26031,8.39E-06,0.000185241,2.07E-05,0.0053,3.79512649,60.91835475,,1.762926874,,0,,0,0,,,0,0
26,32,26032,5.59E-06,0.000216114,1.35E-05,0.0035,7.200510834,40.42612015,,0.908857258,,0,,0,0,,,0,0
26,33,26033,0.002359277,0.007888163,0.001195698,0.3056,979.423651,265.8434463,,91.63979069,,0,,0,0,,,0.000120839,0
26,34,26034,5.59E-06,0.00013893,1.61E-05,0.0041,11.82786921,32.65099606,,1.106338669,,0,,0,0,,,0,0
26,35,26035,0.000872667,0.001960463,0.000174216,0.0445,22.47847507,36.78622135,,13.52245042,,0,,0,0,,,4.76E-05,0
26,36,26036,0.004110205,0.006992833,0.0004164,0.1064,26.95684543,74.15057671,,28.97312669,,0,,0,0,,,2.92E-05,0.009229115
26,37,26037,2.80E-05,0.000493975,2.12E-05,0.0054,10.79746353,42.33129137,,1.503657037,,0,,0,0,,,0,0.00404902
26,38,26038,0.000141249,0.001157754,7.12E-05,0.0182,3.872555851,52.4580946,,4.950847024,,0,,0,0,,,1.11E-05,0.005132159
26,39,26039,0.000303476,0.001806096,0.000101976,0.0261,0.43495926,21.7654782,,7.000395427,,0,,0,0,,,0,0
26,40,26040,4.89E-05,6.17E-05,2.67E-05,0.0068,5.876312215,88.16009337,,1.931720526,,0,,0,0,,,0,0
26,41,26041,0.002812393,0.002547058,0.000183159,0.0468,,55.26235919,,12.61123878,,0,,0,0,,,0.016211125,0
26,42,26042,0.014772405,0.030703632,0.002378759,0.6079,2391.910788,1927.381999,,186.0112277,,0,,0,0,,,0.001911452,0.10610371
26,43,26043,0.054189259,0.05314862,0.003354271,0.8572,3.388766925,84.6354734,,199.4700118,,0,,0,0,,,0.001382527,0
26,44,26044,0,0.000123494,5.97E-06,0.0015,3.619420155,29.05211278,,0.47290507,,0,,0,0,,,0,0
26,45,26045,0.000432138,9.26E-05,4.11E-05,0.0105,16.17423153,75.86633584,,3.396951897,,0,,0,0,,,0,0
26,46,26046,2.80E-06,0,6.76E-06,0.0017,1.494901107,3.042155471,,0.504127349,,0,,0,0,,,0,0
26,47,26047,0.000571988,0.001404741,0.000147529,0.0377,34.49688707,78.05324208,,11.00856874,,0,,0,0,,,4.20E-08,0
26,48,26048,0.001560731,0.044720172,0.000846865,0.2164,0.521833525,2.895882399,,58.80556769,,0,,0,0,,,0.001634126,0
26,49,26049,2.38E-05,0.000108057,4.78E-05,0.0122,26.98839639,301.7178748,,8.421859716,,0,,0,0,,,0,0
26,50,26050,4.06E-05,0.00013893,2.48E-05,0.0063,32.98000635,67.28065634,,2.07585124,,0,,0,0,,,2.86E-05,0
26,51,26051,5.73E-05,0.000493975,8.16E-05,0.0208,27.63113947,386.042217,,9.185213642,,0,,0,0,,,0,0
26,52,26052,8.39E-05,0.000725526,9.03E-05,0.0231,10.4681808,216.5219611,,6.804422634,,0,,0,0,,,0,0.001090278
26,53,26053,1.40E-06,0,4.78E-06,0.0012,5.37977649,9.9005423,,0.316836662,,0,,0,0,,,0,0
26,54,26054,0,0,3.76E-06,0.001,0.265008568,15.96965462,,0.288412973,,0,,0,0,,,1.73E-05,0
26,55,26055,0.009686043,0.041123417,0.002616448,0.6686,980.5655822,47.47961531,,182.0155629,,0,,0,0,,,0.000626022,0
26,56,26056,2.10E-05,0.000262424,0.000102298,0.0261,46.43819863,25.70144054,,8.35867377,,0,,0,0,,,0,0
26,57,26057,2.66E-05,0.00013893,2.22E-05,0.0057,6.668224706,116.6023388,,1.9886913,,0,,0,0,,,0,0
26,58,26058,0.001501994,0.004739072,0.000239872,0.0613,30.03896422,56.96650249,,16.70500382,,0,,0,0,,,6.50E-06,0
26,59,26059,1.54E-05,0.000200677,3.04E-05,0.0078,7.590972352,26.69335524,,2.195283941,,0,,0,0,,,0,0
26,60,26060,2.80E-06,0.000123494,4.19E-05,0.0107,8.98763297,22.446428,,3.434644397,,0,,0,0,,,0,0
26,61,26061,0,0,1.84E-05,0.0047,6.789348777,69.30343794,,1.777488929,,0,,0,0,,,2.94E-06,0
26,62,26062,1.54E-05,0.000123494,1.75E-05,0.0045,4.149529685,42.68092451,,1.300554353,,0,,0,0,,,0,0
26,63,26063,1.40E-06,4.63E-05,1.76E-05,0.0045,2.327148925,16.14776931,,1.31250574,,0,,0,0,,,0,0
26,64,26064,5.59E-06,0.000246987,2.64E-05,0.0067,61.58262519,16.93823652,,2.290671045,,0,,0,0,,,0.000215355,0
26,65,26065,4.20E-06,1.54E-05,2.71E-05,0.0069,14.66415979,15.83321884,,1.955924874,,0,,0,0,,,0,0
26,66,26066,0.000145444,0.000740962,0.000131007,0.0335,56.05431256,226.4004634,,9.462340192,,0,,0,0,,,0,0.010894618
26,67,26067,4.20E-06,0.000246987,2.40E-05,0.0061,8.542452259,50.82287213,,1.770477366,,0,,0,0,,,0,0
26,68,26068,0,0,2.14E-05,0.0055,10.81152437,63.80045779,,1.57058284,,0,,0,0,,,0,0
26,69,26069,0.000123068,0.000972513,9.95E-05,0.0254,12.49525328,115.1486007,,7.419301449,,0,,0,0,,,0,0
26,70,26070,0.00015943,0.005217611,0.000203423,0.052,83.74737731,22.01039173,,14.24372849,,0,,0,0,,,0,0
26,71,26071,0.000300679,0.002809483,0.000322371,0.0824,1101.896581,68.317564,,24.06888539,,0,,0,0,,,1.27E-05,0
26,72,26072,8.11E-05,0.000910766,0.000213587,0.0546,1182.526422,110.286391,,17.25175482,,0,,0,0,,,0,0
27,1,27001,0.000679673,0,0.000846432,0.5234,106.1209949,1381.844318,0.563767797,69.45952084,,0,,0,0,,,6.40E-05,0.031641533
27,2,27002,0.004240266,0,0.003523236,2.1784,194.4461919,728.6500975,85.50196364,253.7101679,,0,,0,0,,,0.004888941,0.038519125
27,3,27003,0.000609748,0,0.001533243,0.948,25.38755153,334.2252579,,120.1500824,,0,,0,0,,,3.84E-06,0.001177315
27,4,27004,0.017347052,0,0.009242041,5.7144,17.85490746,812.7662645,,554.180275,,0.0111657,,0,0,,,0.044576251,0.004540248
27,5,27005,0.001911756,0,0.002864219,1.771,22.75086139,307.8262736,0.347656808,229.1033691,,0,,0,0,,,0.001463005,0.002725301
27,6,27006,0.000703448,0,0.001851006,1.1445,51.96440208,330.8056261,10.53410568,149.4924563,,0,,0,0,,,0.00023406,0.001997402
27,7,27007,0.000615342,0,0.000423995,0.2622,45.64452704,256.6868669,0.234903249,29.41978,,0,,0,0,,,0.00010168,0.012915891
27,8,27008,0.002296345,0,0.002643198,1.6343,337.8786094,1575.747452,29.06964242,225.3949148,,0,,0,0,,,0.004635445,0.020152631
27,9,27009,0.000179009,0,0.00054768,0.3386,7.536383643,387.4976692,,43.24584292,,0,,0,0,,,0.004532312,0.000981416
27,10,27010,0.000511853,0,0.001219623,0.7541,8.027984813,152.46748,,94.18899185,,0,,0,0,,,4.72E-06,0.000122917
27,11,27011,0.000103489,0,0.000468841,0.2899,25.5396008,529.1824015,,44.48988865,,0,,0,0,,,0.000701957,0.003800825
27,12,27012,0.002929867,0,0.002388329,1.4767,13.65524742,890.0260921,,210.4907526,,0,,0,0,,,0.002235489,0.001273344
27,13,27013,0.000467101,0,0.001446617,0.8945,7.191884496,242.9827899,,109.0983716,,0,,0,0,,,0.00011665,0.000768231
27,14,27014,0.000609748,0,0.001337142,0.8268,3.406355756,80.7664894,,103.2034072,,0,,0,0,,,0.001043319,0.00029769
27,15,27015,0.000345431,0,0.000711378,0.4399,78.86399064,356.7088038,,87.33925644,,0,,0,0,,,0.01406724,0.001630571
27,16,27016,0.000723027,0,0.000825269,0.5103,71.28429655,155.2325197,,65.39728199,,0,,0,0,,,0.016993038,0.012558664
27,17,27017,0.000990141,0,0.000883186,0.5461,92.81821276,906.6185388,19.03760328,73.61958123,,0,,0,0,,,0.000607431,0.004985822
28,1,28001,0,0,0.000182774,0.2221,123.5265943,133.0870922,,12.56993449,,0,,0,0,,,0,0.035288674
28,2,28002,0,0,0.000435475,0.5293,54.27949799,616.1516206,,32.73976519,,0,,0,0,,,0.008321323,0.0224263
28,3,28003,0.011800582,0,0.002894856,3.5184,139.998961,657.4759185,0.015660217,199.7747523,,0,,0,0,,,0.004465599,0.079161827
28,4,28004,0.000104888,0,0.000132645,0.1612,49.16328711,40.96746129,16.49542812,11.00629839,,0,,0,0,,,0.002944046,0.006455191
28,5,28005,0.000127264,0,7.40E-05,0.09,13.8714609,548.460909,,5.535204971,,0,,0,0,,,0,0.00659567
28,6,28006,2.24E-05,0,0.000115512,0.1404,56.04950408,165.6533536,,9.254497805,,0,,0,0,,,0,0.010110979
28,7,28007,0.001236278,0,0.000289551,0.3519,51.69450428,118.2445373,,19.94414895,0.0476,0,,0,0,,,0.002908446,0.012043735
28,8,28008,0,0,6.41E-05,0.078,57.38987597,221.8372913,,5.197834198,,0,,0,0,,,0,0.031189638
28,9,28009,0.0096329,0,0.003168944,3.8515,,0,,213.7214063,,0,,0,0,,,0.012013806,0
28,10,28010,4.20E-06,0,3.59E-05,0.0436,14.9040285,206.4805185,,2.48542879,,0,,0,0,,,1.29E-05,0.003308045
28,11,28011,0.000311867,0,0.000133351,0.1621,86.02842933,26.59795858,27.77078405,9.436754562,,0,,0,0,,,0,0.012875851
28,12,28012,0.001004126,0,0.000636297,0.7733,421.9931841,704.6110469,22.70731403,45.784651,,0,,0,0,,,8.43E-05,0.141359742
28,13,28013,0.000288092,0,0.000232646,0.2828,263.1387041,172.9355495,,17.56863449,,0,,0,0,,,0,0.027011107
28,14,28014,2.80E-05,0,5.97E-05,0.0726,0.396146554,150.5843266,,4.176081877,,0,,0,0,,,0,0.000393086
28,15,28015,0.000812531,0,0.00023369,0.284,55.63975485,56.83400737,,16.24300486,,0,,0,0,,,0,0.011564374
28,16,28016,0.000827915,0,0.000371441,0.4514,193.5260571,256.3758625,,27.01432936,,0,,0,0,,,0,0.02634082
28,17,28017,0.00050486,0,0.000233834,0.2842,24.1046143,228.9376373,,19.30060989,,0,,0,0,,,0,0.005923341
28,18,28018,0.000144046,0,0.000130525,0.1586,23.67170958,145.6197414,,9.068059699,,0,,0,0,,,0,0.012234662
28,19,28019,0.000127264,0,0.000276481,0.336,134.1009371,237.9071088,,20.21913831,,0,,0,0,,,0.001130148,0.015612288
28,20,28020,2.80E-06,0,3.81E-05,0.0463,40.75523217,74.52468161,,2.905454299,,0,,0,0,,,0,0.003766475
28,21,28021,0.002946649,0,0.001760382,2.1395,190.9919705,302.263894,71.09216316,121.4321839,,0,,0,0,,,0.014699643,0.071879186
28,22,28022,0.085602471,0,0.007798009,9.4776,289.9231254,220.3544135,,455.0350588,0.1382,0,,0,0,,,0.030678885,0.148869607
28,23,28023,2.24E-05,0,7.38E-05,0.0897,118.5774815,332.210108,,5.779986856,,0,,0,0,,,0,0.057183236
28,24,28024,0.00021537,0,0.00010416,0.1266,1.299248454,116.0612562,,7.090038294,,0,,0,0,,,1.42E-06,0.001586841
28,25,28025,0.000408363,0,0.000372356,0.4526,18.60053978,74.82885983,,25.47315394,0.0716,0,,0,0,,,0.017151804,0.005480737
28,26,28026,2.10E-05,0,5.70E-05,0.0693,20.74347151,81.59461322,,4.497148002,,0,,0,0,,,0,0.004620032
28,27,28027,0.030336363,0,0.006091706,7.4037,0.181962557,92.32538186,,352.6011991,0.4085,0,,0,0,,,0.0119424,0.001067968
28,28,28028,3.22E-05,0,4.72E-05,0.0574,24.70507879,25.02034078,10.72202828,3.765721591,,0,,0,0,,,0,0.004026013
28,29,28029,0.000120271,0,0.00019342,0.2351,102.5044542,100.8090849,31.57099661,14.04389589,,0,,0,0,,,0,0.01398619
28,30,28030,0.000123068,0,0.000196101,0.2383,169.4854465,81.71675401,,14.04441516,,0,,0,0,,,0,0.018692905
28,31,28031,2.10E-05,0,2.46E-05,0.03,6.216007038,79.77446814,,1.757023397,,0,,0,0,,,0,0.001221118
28,32,28032,0.147398197,0,0.009250182,11.2425,221.7187738,495.0339466,,542.5343802,0.4022,0.008798646,,0,0,,,0.018745369,0.092414172
28,33,28033,0.004764705,0,0.001731913,2.1049,416.3285831,126.2716304,,120.038257,0.074,0,,0,0,,,0.002186963,0.164083113
28,34,28034,2.38E-05,0,0.000145699,0.1771,52.46269864,237.3652826,,12.22006994,,0,,0,0,,,0,0.022212604
28,35,28035,0.001136984,0,0.00093704,1.1389,397.8201145,1280.898583,,69.57296229,,0,,0,0,,,3.82E-05,0.206116737
28,36,28036,0,0,1.70E-05,0.0206,1.12044711,23.13559889,,1.277910265,,0,,0,0,,,0,0
28,37,28037,0.000192994,0,0.000356701,0.4335,49.00952252,1107.639863,,26.40538049,,0,,0,0,,,0,0.019901169
28,38,28038,0.008652548,0,0.00492915,5.9908,,0.4758,,284.0091684,,0,,0,0,,,0.012304384,0
28,39,28039,0.000297881,0,0.00039718,0.4827,89.95288424,413.7233228,,28.55821129,,0,,0,0,,,4.66E-06,0.018709854
28,40,28040,0.005062587,0,0.00103155,1.2537,129.4336824,65.85486456,,72.0262933,,0,,0,0,,,0.000359484,0.061649995
28,41,28041,0.011273346,0,0.004954728,6.0219,62.95198611,204.5467109,,292.6696207,,0.008798646,,0,0,,,0.019180781,0.013978022
28,42,28042,1.40E-05,0,0.000100242,0.1218,38.73844864,283.4823904,,8.273931337,,0,,0,0,,,0,0.0097085
28,43,28043,0.001450249,0,0.000348126,0.4231,111.8629215,59.9384289,41.76057752,24.6846648,,0,,0,0,,,3.71E-05,0.019801162
29,1,29001,0.000138452,6.94E-06,0.000128037,0.0098,12.02886233,6.07976604,,9.70691724,,0,,0,0,,,1.38E-05,0.000697965
29,2,29002,0.001048879,3.27E-05,0.000199216,0.0153,15.73898097,6.16054453,,14.89230076,,0,,0,0,,,0.000257713,0.000905468
29,3,29003,1.26E-05,3.76E-06,8.72E-05,0.0067,81.11212595,71.73991915,,9.831591595,,0,,0,0,,,0.000972473,0.005039361
29,4,29004,0.000303476,6.14E-06,0.000240851,0.0184,129.4673382,188.1141231,,26.69772271,,0,,0,0,,,0,0.006565542
29,5,29005,0.003673872,0.000351727,0.001221582,0.0936,74.57013379,88.74895154,,84.72343192,,0,,0,0,,,0.000289699,0.003684752
29,6,29006,0.002967627,9.77E-05,0.000689108,0.0528,247.1654222,131.7741863,,48.82710768,,0,,0,0,,,0.000335455,0.013144559
29,7,29007,0.00051465,3.61E-05,0.000238491,0.0183,20.81041257,93.56238521,,28.04248381,,0,,0,0,,,0,0.000942298
29,8,29008,0.000260122,1.61E-05,0.000218741,0.0168,197.172363,106.358993,,18.85275518,,0,,0,0,,,0,0.007849187
29,9,29009,3.64E-05,3.96E-07,7.10E-05,0.0054,20.86696921,16.42583419,,7.581476901,,0,,0,0,,,5.60E-05,0.001224358
29,10,29010,0.005518499,0.000181115,0.001055924,0.0809,57.82187715,36.49790786,,79.67335855,,0,,0,0,,,0.000168173,0.003373947
29,11,29011,2.24E-05,2.77E-06,6.32E-05,0.0048,102.8338687,56.41392495,,5.153848213,,0,,0,0,,,0,0.004247077
29,12,29012,0.00012167,1.78E-06,0.000136386,0.0104,104.1059126,84.07115278,,13.1253485,,0,,0,0,,,0.000508742,0.005853205
29,13,29013,0.008212019,0.000139304,0.001332839,0.1021,407.7058819,718.0586508,,106.7080455,,0,,0,0,,,0.001209226,0.021311737
29,14,29014,0.000335641,1.55E-05,0.000197129,0.0151,175.6163356,79.30116065,,17.44671306,,0,,0,0,,,7.61E-06,0.009091511
29,15,29015,0.002795611,3.94E-05,0.000534882,0.041,82.22555961,78.4116108,,44.66283291,,0,,0,0,,,0,0.005045649
29,16,29016,0.000267114,5.15E-06,0.000104706,0.008,27.89085399,67.39277097,,8.606060451,,0,,0,0,,,0,0.00133844
29,17,29017,0.00032725,1.31E-05,0.000138746,0.0106,7.698509761,4.71665043,,11.02949874,,0,,0,0,,,0,0.000447344
29,18,29018,0.002945251,1.98E-05,0.000547439,0.0419,29.312282,26.20639073,,52.07425897,,0,,0,0,,,1.94E-05,0.001723803
29,19,29019,0.001669815,2.79E-05,0.000277894,0.0213,27.6406677,41.86948546,,19.72274759,,0,,0,0,,,0,0.001826207
29,20,29020,0.000125865,5.35E-06,0.000124135,0.0095,78.050629,148.8185994,,9.552360494,,0,,0,0,,,0,0.0043396
29,21,29021,0.00086008,3.19E-05,0.000257213,0.0197,141.5922564,87.33939635,,18.48119509,,0,,0,0,,,0,0.007122477
29,22,29022,0.000219565,3.37E-06,8.60E-05,0.0066,9.985305178,6.211724825,,7.053222804,,0,,0,0,,,0.000193246,0.000564121
29,23,29023,0.000290889,2.89E-05,0.000352558,0.027,59.66205707,35.56134271,,30.01463451,,0,,0,0,,,0.000221644,0.003850036
29,24,29024,0.000416754,1.31E-05,0.000353297,0.0271,41.13847028,28.93495602,,30.75738455,,0,,0,0,,,3.70E-06,0.002380447
29,25,29025,0.003044545,6.18E-05,0.001122142,0.0859,29.38118806,22.76463759,,97.05915333,,0,,0,0,,,0.000121714,0.001732786
29,26,29026,0.000530033,3.09E-05,0.000264728,0.0203,30.64158182,17.88511033,,24.58924054,,0,,0,0,,,0,0.001795665
29,27,29027,0.000257325,1.19E-05,0.000169832,0.013,11.32089939,10.06606826,,13.28163272,,0,,0,0,,,0,0.000675508
29,28,29028,0.002406827,1.47E-05,0.000329597,0.0252,57.98090032,18.47568549,,27.87258598,,0,,0,0,,,0,0.003392811
29,29,29029,6.57E-05,5.35E-06,0.000145892,0.0112,10.0668995,4.636071163,,10.72929357,,0,,0,0,,,0,0.000742879
29,30,29030,8.25E-05,5.35E-06,0.000216236,0.0166,197.2069636,136.8888604,,20.42160871,,0,,0,0,,,0,0.007000311
29,31,29031,0.009702825,3.03E-05,0.00042597,0.0326,145.8485225,71.47838545,,40.65794313,,0,,0,0,,,8.81E-05,0.007073071
29,32,29032,0.00026152,7.13E-06,0.000188233,0.0144,33.49444192,37.08480876,,15.0364848,,0,,0,0,,,0,0.002009457
29,33,29033,0.003408156,0.000427224,0.001424475,0.1091,29.89782624,12.03421537,,100.7059758,,0.005344298,,0,0,,,0.001073064,0.001910646
29,34,29034,0.00203902,3.15E-05,0.000610526,0.0468,459.0967153,177.5282949,,57.72839904,,0,,0,0,,,0.000141013,0.02810724
29,35,29035,8.39E-05,5.94E-07,8.36E-05,0.0064,25.57729046,34.1866831,,6.857668745,,0,,0,0,,,0,0.000894689
29,36,29036,0.000735613,3.67E-05,0.000339986,0.026,3.818065019,8.930280893,,24.94091205,,0,,0,0,,,9.14E-05,0.00022996
29,37,29037,0.00015943,4.56E-06,0.000134764,0.0103,70.79234675,65.24760191,,12.34783518,,0,,0,0,,,0,0.003852731
29,38,29038,0.001490806,1.27E-05,0.000228921,0.0175,59.54972752,48.97360093,,22.27172021,,0,,0,0,,,5.71E-06,0.002865519
29,39,29039,0.00206699,1.39E-05,0.000340403,0.0261,55.47899775,62.16437924,,28.1424718,,0,,0,0,,,0,0.002691252
29,40,29040,1.40E-05,5.35E-06,0.000144591,0.0111,210.188293,39.17627333,,15.95078447,,0,,0,0,,,0.00099371,0.008941498
29,41,29041,0.005261175,5.45E-05,0.000407777,0.0312,34.55334471,23.50945205,,30.58567909,,0,,0,0,,,3.09E-05,0.002052574
29,42,29042,0.000949585,1.86E-05,0.000172209,0.0132,10.55841461,8.352241938,,12.18734576,,0,,0,0,,,0,0.000631492
29,43,29043,0.001150969,3.55E-05,0.000502352,0.0385,49.84591252,24.03546908,,37.03747315,,0,,0,0,,,0.000156268,0.002264569
29,44,29044,0.001300609,8.66E-05,0.000587822,0.045,24.168184,14.0762414,,43.40361656,,0,,0,0,,,0,0.001482165
29,45,29045,7.55E-05,1.39E-06,8.68E-05,0.0066,58.60340232,53.68666256,,6.237480422,,0,,0,0,,,0,0.003259865
29,46,29046,0.000360814,2.97E-06,6.44E-05,0.0049,10.3985464,34.43972686,,5.516212048,,0,,0,0,,,0,0.000247028
29,47,29047,5.17E-05,2.77E-06,4.25E-05,0.0033,15.69427131,29.33344061,,3.288676036,,0,,0,0,,,0,0.000749167
29,48,29048,0.00228236,1.55E-05,0.00025299,0.0194,9.059478556,7.69857704,,24.10253189,,0,,0,0,,,8.89E-06,0.000540766
29,49,29049,0.000104888,1.39E-06,7.18E-05,0.0055,10.17904874,18.74046834,,5.341296646,,0,,0,0,,,0,0.000597357
29,50,29050,0.000241941,1.94E-05,0.000166027,0.0127,12.57567471,22.27024474,,15.55608715,,0,,0,0,,,0,0.000740184
29,51,29051,6.29E-05,4.16E-06,4.74E-05,0.0036,4.440237469,11.13583196,,3.962224449,,0,,0,0,,,1.65E-05,0.000272179
29,52,29052,0.000172016,3.57E-06,8.47E-05,0.0065,34.83653221,72.8442868,,9.261777664,,0,,0,0,,,0,0.001109378
29,53,29053,0.002452977,3.96E-06,0.000113553,0.0087,2.840859738,2.742944207,,8.577061392,,0,,0,0,,,0,0.000272179
29,54,29054,0.000225159,4.36E-06,7.88E-05,0.006,7.401173963,2.561492771,,5.694320132,,0,,0,0,,,0,0.000466208
29,55,29055,4.48E-05,4.16E-06,4.04E-05,0.0031,62.13345778,25.30961626,,3.548987063,,0,,0,0,,,0,0.003073921
29,56,29056,9.09E-05,2.18E-06,9.89E-05,0.0076,5.502300518,9.392934072,,7.108726549,,0,,0,0,,,0,0.000326975
29,57,29057,5.87E-05,9.91E-07,6.05E-05,0.0046,6.588870697,12.79790494,,5.223353473,,0,,0,0,,,0,0.000384465
29,58,29058,0.000197189,9.91E-06,0.000112831,0.0086,6.256183234,3.713856725,,8.652666789,,0,,0,0,,,0,0.000418599
29,59,29059,0.004206702,3.37E-06,8.84E-05,0.0068,2.650343209,4.24719521,,6.671655134,,0,,0,0,,,0,0.000156301
29,60,29060,0.00220684,6.34E-06,7.41E-05,0.0057,1.559609224,2.710197524,,6.369210374,,0,,0,0,,,0,9.61E-05
30,1,30001,0,0,0.000124392,0.0806,2.817287912,49.57330183,,10.72146329,,0,,0,0,,,9.20E-05,0.000243501
30,2,30002,0.000344032,0,4.52E-05,0.0293,3.61164074,23.09102469,0.078301083,3.030667421,,0,,0,0,,,0,0.000260894
30,3,30003,0.001437663,0,0.001306217,0.8468,95.09541795,330.6110498,13.65471704,109.7661976,,0,,0,0,,,0.006296376,0.006665273
30,4,30004,0.000110482,0,0.000579713,0.3758,141.826102,132.3713211,30.91091848,45.02646133,,0,,0,0,,,0,0.011821851
30,5,30005,7.69E-05,0,7.54E-05,0.0489,18.02515887,39.87582799,10.21855232,9.023686339,,0,,0,0,,,0,0.001674362
30,6,30006,6.01E-05,0,0.000316366,0.2051,32.59145985,130.2567235,,30.10237098,,0,,0,0,,,0,0.002878535
30,7,30007,2.24E-05,0,9.12E-05,0.0591,26.25724318,47.12949377,15.17996993,8.559658979,,0,,0,0,,,0,0.002884188
30,8,30008,1.12E-05,0,0.000152459,0.0988,14.46195264,23.45255307,,10.81153394,,0,,0,0,,,0,0.00128534
30,9,30009,0.000310468,0,0.000400825,0.2599,98.3492459,188.8079685,0.783010829,31.91134487,,0,,0,0,,,0,0.005681967
30,10,30010,0.001832041,0,0.000972493,0.6305,129.3826711,85.53228455,0.026100361,78.37653006,,0,,0,0,,,0,0.005538725
30,11,30011,0.000482484,0,0.000777083,0.5038,7.817916888,224.6892785,0.689049529,67.04912924,,0,,0,0,,,0.00319279,0.000533094
30,12,30012,7.41E-05,0,0.000116219,0.0753,33.48252023,45.45881557,20.04831366,13.6843925,,0,,0,0,,,0,0.002926047
30,13,30013,0.000627929,0,0.000429711,0.2786,8.11890236,80.88355016,,29.22260529,,0,,0,0,,,6.44E-05,0.000684413
30,14,30014,0.002576046,0,0.000621428,0.4029,98.31810521,353.6892262,11.22837528,56.08167067,,0,,0,0,,,0.000133094,0.002875057
30,15,30015,0.000307671,0,0.000539796,0.3499,67.55944249,133.2753842,33.93046924,51.68609232,,0,,0,0,,,0,0.006347851
30,16,30016,0.00150619,0,0.000430498,0.2791,28.40365857,53.417219,12.04792662,32.36864319,,0,,0,0,,,0.00131003,0.00202657
30,17,30017,3.64E-05,0,5.68E-05,0.0368,11.26653495,45.49058119,,4.638272076,,0,,0,0,,,0,0.001316096
30,18,30018,9.79E-06,0,2.52E-05,0.0164,3.470771073,9.077660429,,3.66650097,,0,,0,0,,,0,0.000300318
30,19,30019,4.20E-06,0,7.41E-05,0.0481,9.589513171,15.20087376,,5.451866227,,0,,0,0,,,0,0.000822687
30,20,30020,5.45E-05,0,0.000158047,0.1025,7.470434186,12.28304703,,12.75871509,,0,,0,0,,,0,0.000640351
30,21,30021,0.001609679,0,0.000337545,0.2188,143.6064639,38.59839911,14.42305946,29.12690298,,0,,0,0,,,0,0.003679191
30,22,30022,0.000183204,0,0.000302317,0.196,61.66385593,27.18052074,15.66021657,26.1444419,,0,,0,0,,,0,0.002658224
30,23,30023,0.000406965,0,0.000687871,0.4459,620.5688306,74.28463926,0.456234309,57.55003525,,0,,0,0,,,8.20E-06,0.013165023
30,24,30024,6.99E-05,0,0.000224875,0.1458,183.1549445,69.00743072,12.03748647,27.15201728,,0,,0,0,,,0,0.004889475
30,25,30025,0.000282498,0,0.000417845,0.2709,38.3803658,102.3020872,,32.93256266,,0,,0,0,,,0,0.003654841
30,26,30026,0.000288092,0,0.000321793,0.2086,1.647103016,34.50335494,0.015660217,21.69415161,,0,,0,0,,,0.000555652,3.07E-05
30,27,30027,5.31E-05,0,0.000276931,0.1795,273.7108583,91.69352313,,19.3971052,,0,,0,0,,,6.96E-05,0.007358962
30,28,30028,0.002092163,0,0.002341122,1.5177,0.187870428,11.6236729,,156.8042092,,0,,0,0,,,0.003737027,1.04E-05
30,29,30029,1.54E-05,0,0.000220539,0.143,13.57090276,20.33638082,,16.70168301,,0,,0,0,,,0,0.001278383
30,30,30030,0.000811133,0,0.000625426,0.4055,1.622637798,12.60884373,,43.49776219,,0,,0,0,,,2.62E-05,0.000135085
30,31,30031,9.79E-06,0,0.000221471,0.1436,60.89772541,62.64384365,14.85110538,36.01968918,,0,,0,0,,,8.56E-05,0.003170737
30,32,30032,0.000823719,0,0.000763836,0.4952,59.097998,124.5747025,0.469806497,56.6251795,,0,,0,0,,,0.00023067,0.002640252
30,33,30033,0.000103489,0,0.000374508,0.2428,145.2448113,82.67709781,,26.80704479,,0,,0,0,,,0,0.005798813
30,34,30034,0.00038319,0,0.000406268,0.2634,5.766688878,61.13911891,,28.2546211,,0,,0,0,,,9.89E-08,0.000335394
30,35,30035,0.000236347,0,0.000181072,0.1174,2.608269215,32.81699249,,19.1152512,,0,,0,0,,,0,0.000155957
30,36,30036,0.000123068,0,0.000142247,0.0922,5.34243245,27.21767371,,10.85628691,,0,,0,0,,,0,0.000438303
30,37,30037,0.000152437,0,0.00012399,0.0804,35.57585147,13.46929306,,9.424017328,,0,,0,0,,,0,0.00086501
30,38,30038,0.004785683,0,0.001324297,0.8585,421.4592217,107.8348523,15.61600256,94.54959465,,0,,0,0,,,0.000300544,0.007583882
30,39,30039,0.024567532,0,0.004644784,3.0112,8.696654249,138.9705362,,271.553326,,0,,0,0,,,0.012979717,0.001165328
30,40,30040,0.000296483,0,0.000736379,0.4774,64.24956147,161.125612,,50.3205356,,0,,0,0,,,7.22E-05,0.003429312
30,41,30041,3.22E-05,0,3.29E-05,0.0213,17.69572987,1.322542945,0.615968518,2.695959958,,0,,0,0,,,0,0.000480626
30,42,30042,5.73E-05,0,8.92E-05,0.0578,15.25843968,37.554751,,12.49800138,,0,,0,0,,,0,0.000609913
30,43,30043,9.79E-05,0,0.000275951,0.1789,161.8381001,89.02497592,3.706251255,38.13862901,,0,,0,0,,,0,0.005634995
30,44,30044,0.009179785,0,0.003074948,1.9935,138.6764244,495.6930622,25.96985915,212.772618,,0,,0,0,,,0.003134751,0.005208032
30,45,30045,0.000999931,0,0.000882896,0.5724,184.7071302,97.36244443,96.65590069,74.87682528,,0,,0,0,,,1.37E-05,0.011793066
30,46,30046,0.000232152,0,0.000236436,0.1533,159.2863314,68.84183703,0.542887508,20.32836406,,0,,0,0,,,0,0.002639753
30,47,30047,0.00086008,0,0.00081199,0.5264,42.47833016,396.0065091,,61.82283674,,0,,0,0,,,3.75E-05,0.003578312
30,48,30048,0.001911756,0,0.001771172,1.1482,19.10581758,189.4945028,,134.4866528,,0,,0,0,,,0.000502993,0.00163117
30,49,30049,0.000394378,0,0.000301289,0.1953,45.70865593,430.3740934,0.83521155,37.61003088,,0,,0,0,,,0.000213975,0.00407749
30,50,30050,0.000142647,0,0.000251882,0.1633,34.58576658,22.38614692,,28.2395085,,0,,0,0,,,0,0.002128319
30,51,30051,0.000434935,0,0.000340821,0.221,73.51794952,95.98271218,,28.34588183,,0,,0,0,,,0,0.002374719
30,52,30052,0.001549543,0,0.000169351,0.1098,66.44805101,2.821274033,20.35828154,14.85186385,,0,,0,0,,,0,0.003040869
30,53,30053,0.001190127,0,0.000353313,0.229,50.50506904,709.7837876,14.50136054,29.11300374,,0,,0,0,,,0,0.002450089
30,54,30054,0.000208377,0,0.000179209,0.1162,58.59709982,48.02685162,30.39052948,17.60986267,,0,,0,0,,,0,0.004171395
30,55,30055,3.64E-05,0,0.00021781,0.1412,36.88529217,130.9476888,,16.76181867,,0,,0,0,,,0,0.00237124
30,56,30056,3.36E-05,0,0.000115785,0.0751,15.5459869,101.7524219,,11.55545655,,0,,0,0,,,0,0.001032562
30,57,30057,6.15E-05,0,0.000201191,0.1304,65.29008254,53.69747222,,16.60289184,,0,,0,0,,,0,0.002098461
30,58,30058,0.00011188,0,0.000888484,0.576,247.2155299,617.0868903,,63.14274285,,0,,0,0,,,0,0.016500703
30,59,30059,0.000627929,0,0.000228311,0.148,8.488290708,397.1407651,,17.85756818,,0,,0,0,,,0.001552424,0.001058072
30,60,30060,0.000334243,0,0.000234734,0.1522,12.21017942,59.07890227,,16.67852604,,0,,0,0,,,0,0.000732823
30,61,30061,0.000709042,0,0.001083044,0.7021,126.6152245,2145.616928,,121.7286828,,0,,0,0,,,3.65E-05,0.014057571
30,62,30062,0.000100692,0,0.000274972,0.1783,64.14980257,343.4227991,12.55427362,21.09110888,,0,,0,0,,,1.11E-06,0.002705765
30,63,30063,0.000131459,0,0.00023772,0.1541,10.92862819,184.8679283,,17.90181759,,0,,0,0,,,0,0.001228378
30,64,30064,2.10E-05,0,5.54E-05,0.0359,13.5343356,8.233788501,,3.994609062,,0,,0,0,,,0,0.000627886
30,65,30065,0.000627929,0,0.000835192,0.5414,239.5714556,323.9923374,2.628828355,68.23071878,,0,,0,0,,,2.30E-05,0.006862781
30,66,30066,0.000170618,0,0.000415774,0.2695,64.34620022,79.86202562,,29.54468527,,0,,0,0,,,0,0.003257122
30,67,30067,8.53E-05,0,0.000270653,0.1755,25.17406308,11.21819451,,39.93412737,,0,,0,0,,,0,0.000466711
30,68,30068,0.001625062,0,0.000894168,0.5797,77.98637806,217.8277349,6.525090238,65.76135753,,0,,0,0,,,0.000385085,0.002168902
30,69,30069,0.000398574,0,0.000382905,0.2482,271.9610301,60.72547276,,26.37996189,,0,,0,0,,,0,0.006231028
30,70,30070,0.000174813,0,0.00027107,0.1757,103.4805531,596.8603149,,26.20872307,,0,,0,0,,,0,0.00624016
30,71,30071,0.001288023,0,0.000821849,0.5328,316.5518262,219.2293569,5.4810758,62.68193715,,0,,0,0,,,0.000238499,0.006300583
30,72,30072,7.97E-05,0,0.000326337,0.2116,32.97665957,120.44882,,29.62475914,,0,,0,0,,,0.00357346,0.003964436
30,73,30073,0.000678275,0,0.000615744,0.3992,202.1816256,302.7205206,37.1600757,53.20324159,,0,,0,0,,,0,0.012866217
30,74,30074,0.00020558,0,0.000102571,0.0665,1.991547998,3.630944754,,7.975008081,,0,,0,0,,,9.63E-05,5.22E-05
30,75,30075,0.000134256,0,0.000271905,0.1763,9.509528006,205.1749098,,29.06187307,,0,,0,0,,,0,0.000407285
30,76,30076,6.99E-06,0,0.000224457,0.1455,29.92756082,36.4903928,,18.54214079,,0,,0,0,,,0,0.002232097
30,77,30077,0.000541221,0,0.000604151,0.3917,117.3989903,162.2314445,1.566021657,51.44247833,,0,,0,0,,,0,0.008177591
30,78,30078,0.000109083,0,0.000208063,0.1349,38.24181701,95.05969246,,14.13220739,,0,,0,0,,,0,0.002439653
30,79,30079,7.69E-05,0,0.0001676,0.1087,23.86018381,100.3443397,,12.2747494,,0,,0,0,,,0,0.000813266
30,80,30080,0.000440529,0,0.000315146,0.2043,247.8268428,37.02768156,,21.91692109,,0,,0,0,,,0,0.004521642
30,81,30081,0.000300679,0,0.000286163,0.1855,5.217861934,22.70194177,1.566021657,21.17300935,,0,,0,0,,,0,0.000302638
30,82,30082,0.000285295,0,0.000234605,0.1521,21.49449862,82.34088799,,21.09159433,,0,,0,0,,,0,0.00098908
30,83,30083,0.000114677,0,0.00080698,0.5232,179.8293392,308.3190849,,60.6993757,,0,,0,0,,,0,0.009791658
30,84,30084,3.22E-05,0,8.82E-05,0.0572,40.75042854,100.2683098,23.12095255,9.388221728,,0,,0,0,,,0,0.002910857
30,85,30085,0.007701565,0,0.001015654,0.6584,128.4798204,62.39040021,31.72759877,78.14668512,,0,,0,0,,,0.002526008,0.005717646
30,86,30086,0.002493534,0,0.000662469,0.4295,66.54314058,93.39144854,,49.88601474,,0,,0,0,,,0,0.005304262
30,87,30087,0.008834354,0,0.006771068,4.3896,81.05449711,64.27790922,2.646576601,393.3192818,,0,,0,0,,,0.009703549,0.001707386
30,88,30088,0.000127264,0,7.97E-05,0.0516,18.39372779,43.92166357,0.250563465,6.024799487,,0,,0,0,,,0,0.001891925
30,89,30089,0.001029299,0,0.000603878,0.3915,29.37976307,126.0817143,,47.45873426,,0,,0,0,,,0.006727207,0.002995068
30,90,30090,7.55E-05,0,0.000155943,0.1011,7.152082763,50.14856039,0.078301083,11.01100522,,0,,0,0,,,0,0.000770798
30,91,30091,0.000206979,0,0.000372308,0.2414,67.21297344,702.3592707,,32.65490875,,0,,0,0,,,0,0.003857179
30,92,30092,0.000827915,0,0.000557458,0.3614,132.0904134,127.990728,0.156602166,40.66677441,,0,,0,0,,,1.01E-06,0.002501404
30,93,30093,0.000446123,0,0.000221166,0.1434,62.0599956,25.90966653,3.958902749,17.08517341,,0,,0,0,,,0,0.001335432
30,94,30094,0.000370604,0,0.00055969,0.3628,85.05946601,230.3411832,,54.00407856,,0,,0,0,,,0,0.007840747
30,95,30095,0.00026152,0,0.000246728,0.16,168.5349678,44.61575174,,23.56253725,,0,,0,0,,,0,0.003425254
30,96,30096,1.12E-05,0,2.32E-05,0.015,2.289085322,22.64798363,,1.694544053,,0,,0,0,,,0,0.000204077
30,97,30097,0.00172995,0,0.000292715,0.1898,18.80506041,22.56872787,11.48415882,20.33390157,,0,,0,0,,,0,0.001652911
30,98,30098,0,0,4.72E-05,0.0306,6.239491313,2.908932923,,3.997549292,,0,,0,0,,,0,0.00022205
30,99,30099,0.000490875,0,0.000237383,0.1539,14.73304684,66.63387596,,17.66742493,,0,,0,0,,,0,0.001350853
30,100,30100,0.000198588,0,0.000328248,0.2128,48.24872455,171.0855164,8.941983662,33.6959261,,0,,0,0,,,0,0.003565267
30,101,30101,0.000180407,0,0.000496105,0.3216,58.72449542,308.7325004,23.5947263,36.92506457,,0,,0,0,,,0.000324178,0.004115175
30,102,30102,0.002005456,0,0.001607024,1.0418,874.4680115,142.2538755,3.66971075,117.2592015,,0,,0,0,,,0.000104205,0.021484204
30,103,30103,2.80E-05,0,0.000194704,0.1262,44.63872707,10.76724376,,20.95013554,,0,,0,0,,,0,0.000965309
30,104,30104,0.000141249,0,0.000214309,0.1389,38.6478884,132.6492462,,38.35438091,,0,,0,0,,,0,0.003737747
30,105,30105,0.000851689,0,0.000659242,0.4274,13.87828259,165.4567738,0.177482454,52.67483095,,0,,0,0,,,0,0.001786547
30,106,30106,0.000240543,0,6.55E-05,0.0425,6.479891047,31.56063808,,4.81577225,,0,,0,0,,,0,0.000361629
30,107,30107,2.80E-06,0,4.94E-05,0.032,10.33092984,27.5008601,,4.179798752,,0,,0,0,,,0.002289587,0.000425548
30,108,30108,0.010993645,0,0.002447723,1.5868,134.4835398,1314.765749,,194.1442203,,0,,0,0,,,0.000796686,0.009472787
30,109,30109,0.001143977,0,0.000923087,0.5984,288.6092336,111.9990627,3.08255703,71.02556599,,0,,0,0,,,0,0.008835161
30,110,30110,8.39E-06,0,0.000169158,0.1097,20.31899173,16.33664176,,13.69591139,,0,,0,0,,,0,0.000884142
30,111,30111,0.000194392,0,0.000249666,0.1619,14.29052006,105.1722051,,21.29147647,,0,,0,0,,,0,0.000887041
30,112,30112,0.000806937,0,0.000305464,0.198,43.28988348,55.53141342,6.777741732,22.87091704,,0,,0,0,,,2.84E-07,0.001402452
30,113,30113,4.06E-05,0,7.38E-05,0.0478,32.49085416,2.798572852,0.266223682,8.697268946,,0,,0,0,,,0,0.000703255
30,114,30114,5.03E-05,0,0.000158849,0.103,44.26547707,139.8374894,2.230589048,15.1950227,,0,,0,0,,,0,0.001859134
30,115,30115,0.000697854,0,0.000505547,0.3277,7.924231405,70.62889538,,36.30445304,,0,,0,0,,,0,0.000698617
30,116,30116,0.000380393,0,0.000220748,0.1431,3.883443976,81.05333732,,16.38936708,,0,,0,0,,,3.43E-05,0.000252198
30,117,30117,0.000138452,0,0.00033838,0.2194,152.14037,25.67058425,70.35613298,40.33829403,,0,,0,0,,,0,0.009191021
30,118,30118,0.009153213,0,0.001886026,1.2227,,25.08777834,,125.9643671,,0,,0,0,,,0.006058953,0
30,119,30119,0.000114677,0,9.04E-05,0.0586,40.2720147,8.868788122,12.7624501,8.28478708,,0,,0,0,,,0,0.001989233
30,120,30120,0.000240543,0,0.000214245,0.1389,2.625715516,13.2244836,,26.59767909,,0,,0,0,,,0,0.000249299
30,121,30121,0.000506259,0,0.000370333,0.2401,69.4577265,874.4408127,7.047097457,29.30393465,,0,,0,0,,,0,0.003251034
30,122,30122,0.000334243,0,0.000245267,0.159,20.45091929,77.82842514,,29.30161913,,0,,0,0,,,0,0.001842494
30,123,30123,0.003471089,0,0.001437593,0.932,262.1362671,819.5955358,62.64086628,100.6618736,,0,,0,0,,,0.000155429,0.025066736
30,124,30124,0.001746732,0,0.002356762,1.5279,654.68763,480.5342338,,167.6523475,,0,,0,0,,,0.00073213,0.02090518
30,125,30125,0.00105727,0,0.000437273,0.2835,122.5399236,84.87459619,52.0702201,45.00838518,,0,,0,0,,,0,0.007300986
30,126,30126,0.000260122,0,0.00046677,0.3026,90.0499744,49.98635743,18.07188992,41.8945713,,0,,0,0,,,0,0.008974043
30,127,30127,5.73E-05,0,0.000321922,0.2087,17.90367369,16.85020565,,24.23075964,,0,,0,0,,,0,0.001317227
30,128,30128,0.002343894,0,0.001063904,0.6897,124.8459271,830.2808107,,75.05059229,,0,,0,0,,,0.001273386,0.011523417
30,129,30129,0.00027131,0,0.000292795,0.1898,44.34215555,186.1488432,,23.39427144,,0,,0,0,,,0,0.003233352
30,130,30130,0.000646109,0,0.000579922,0.376,137.9997218,722.3617176,,51.90140374,,0,,0,0,,,0,0.010415485
30,131,30131,0.006199571,0,0.003156773,2.0465,,1.061015468,,212.3373144,,0,,0,0,,,0.006650766,0
30,132,30132,0.00032725,0,0.000256266,0.1661,10.39715458,78.85831439,,19.23969304,,0,,0,0,,,0,0.000945597
30,133,30133,0.002971822,0,0.000881885,0.5717,5.391235222,81.87778165,1.884446061,62.01639079,,0,,0,0,,,0,0.000266112
30,134,30134,4.75E-05,0,0.000326771,0.2118,91.29996384,53.56451855,24.09324319,31.03083811,,0,,0,0,,,0.00184023,0.008850409
30,135,30135,0.000167821,0,0.000311148,0.2017,6.145466733,16.75017938,0.386285342,24.76244914,,0,,0,0,,,0,0.000532804
30,136,30136,9.79E-05,0,0.000103357,0.067,1.969895935,26.10745219,,7.539742035,,0,,0,0,,,0,0.000152768
30,137,30137,2.52E-05,0,8.53E-05,0.0553,13.67815641,5.573185747,,6.432825168,,0,,0,0,,,0,0.000511353
30,138,30138,0.000846095,0,0.000640295,0.4151,2.841789363,42.0065227,0.626408663,43.67710414,,0,,0,0,,,5.00E-05,0.000103198
30,139,30139,3.64E-05,0,9.35E-05,0.0606,11.43752094,7.115468617,6.525090238,9.82804031,,0,,0,0,,,0,0.001267367
30,140,30140,8.39E-06,0,4.32E-05,0.028,3.714014369,33.31354286,,3.156784422,,0,,0,0,,,0,0.000156537
30,141,30141,0.002706107,0,0.002473157,1.6033,166.2061571,266.339304,3.132043314,192.8742354,,0,,0,0,,,0.00030554,0.01544495
30,142,30142,0.000272708,0,0.00049018,0.3178,60.12421945,763.3939448,,42.39527843,,0,,0,0,,,0.018890996,0.005078455
30,143,30143,0.000356619,0,0.000906179,0.5875,69.82943698,204.7120601,3.915054143,84.35594006,,0,,0,0,,,3.18E-06,0.005882879
30,144,30144,0.000302077,0,0.000468889,0.304,41.46481802,319.1699124,,43.40916506,,0,,0,0,,,0,0.002911292
30,145,30145,0.000130061,0,0.00020999,0.1361,10.60102272,265.6790274,,15.07280198,,0,,0,0,,,0.000984393,0.001208811
30,146,30146,1.82E-05,0,5.30E-05,0.0344,40.33477221,3.364927218,1.894886205,6.172797705,,0,,0,0,,,0,0.000804546
30,147,30147,0.000535627,0,0.000341495,0.2214,9.703676975,15.24911259,,27.58254889,,0,,0,0,,,0,0.000842399
30,148,30148,0.000296483,0,0.000427928,0.2774,44.9056391,132.1068596,2.208090537,44.4239591,,0,,0,0,,,0,0.004038066
30,149,30149,8.53E-05,0,0.000475151,0.308,199.6798605,55.92396298,,79.39346319,,0,,0,0,,,0,0.010034869
30,150,30150,0.000538424,0,0.000183625,0.119,9.011312258,126.8441143,,13.62286734,,0,,0,0,,,0,0.000638322
30,151,30151,6.85E-05,0,0.000377831,0.2449,88.62661367,177.6193819,,29.10965138,,0,,0,0,,,0,0.004003425
30,152,30152,4.06E-05,0,0.000191573,0.1242,3.765821929,311.1801392,,14.74353101,,0,,0,0,,,0,0.001266208
30,153,30153,2.94E-05,0,9.40E-05,0.0609,18.77875824,69.9110145,,7.135915076,,0,,0,0,,,0,0.00055614
30,154,30154,0.000174813,0,0.000216445,0.1403,12.24164059,118.858922,,15.69623186,,0,,0,0,,,0,0.001629431
30,155,30155,0.000749599,0,0.001644757,1.0663,143.156178,377.6255797,,122.9663359,,0,,0,0,,,0.000211279,0.009197398
30,156,30156,4.20E-05,0,9.08E-05,0.0589,21.80201225,48.66212704,,7.734084668,,0,,0,0,,,0.00028887,0.000648902
30,157,30157,0.000146843,0,0.000285746,0.1852,275.1297826,261.3557524,,20.40425976,,0,,0,0,,,3.24E-06,0.009420028
30,158,30158,0.000313265,0,0.00037971,0.2462,235.876148,143.0289675,0.053557941,29.11918141,,0,,0,0,,,0,0.006757021
30,159,30159,4.20E-05,0,0.000359752,0.2332,16.60986977,40.98326009,,55.51182403,,0,,0,0,,,0,0.001331721
30,160,30160,0.001776101,0,0.00163469,1.0598,1185.168649,603.3491222,,116.3997142,,0,,0,0,,,0.000383663,0.034805055
30,161,30161,0.000651703,0,0.00051502,0.3339,42.73609359,655.2784398,8.352115505,39.56926367,,0,,0,0,,,0,0.003193348
30,162,30162,1.68E-05,0,8.98E-05,0.0582,104.8649995,6.473281999,,12.59871264,,0,,0,0,,,0,0.001907962
30,163,30163,3.36E-05,0,7.73E-05,0.0501,39.83475372,23.89090614,,5.843828266,,0,,0,0,,,0,0.000649337
30,164,30164,0.000257325,0,0.000234413,0.152,107.7785199,44.55272379,0.553327652,18.27831243,,0,,0,0,,,0,0.001968883
30,165,30165,3.08E-05,0,0.000124183,0.0805,109.2551704,48.58012687,0.161822238,12.64482122,,0,,0,0,,,0,0.001983957
30,166,30166,9.23E-05,0,0.000134764,0.0874,32.82884534,43.20587729,3.523548729,11.00032095,,0,,0,0,,,0,0.001141268
30,167,30167,0,0,0.000223992,0.1452,25.17693507,50.8666927,,17.27946626,,0,,0,0,,,0,0.001157067
30,168,30168,3.08E-05,0,0.000205125,0.133,66.63522501,16.44612764,,20.36392277,,0,,0,0,,,0,0.002118463
30,169,30169,0.000446123,0,0.000352462,0.2285,144.6160142,124.549735,25.06678666,32.96112306,,0,,0,0,,,0,0.011374417
30,170,30170,6.99E-06,0,0.000167632,0.1087,63.15299014,64.06177616,,13.19572662,,0,,0,0,,,0,0.002472699
30,171,30171,2.66E-05,0,7.84E-05,0.0508,9.760235923,10.62876319,,5.586543222,,0,,0,0,,,0,0.000653396
30,172,30172,0.000236347,0,0.000290948,0.1886,71.42621594,169.1027704,,26.32254295,,0,,0,0,,,0,0.007060963
30,173,30173,0.001542551,0,0.000759565,0.4924,727.7792023,47.83943292,53.24473634,66.53656413,,0,,0,0,,,0,0.019444172
30,174,30174,0.001345361,0,0.001321149,0.8565,215.2882613,572.5856519,66.70354407,120.0043588,,0,,0,0,,,0.000567907,0.017632619
30,175,30175,0.001129992,0,0.001268933,0.8226,404.7212809,346.1293033,,89.35576864,,0,,0,0,,,1.42E-05,0.012650916
30,176,30176,7.27E-05,0,7.03E-05,0.0456,59.8874155,16.87778224,18.94223256,7.093755462,,0,,0,0,,,0,0.003443227
30,177,30177,3.50E-05,0,0.000160632,0.1041,9.495266098,63.11915536,,14.03830514,,0,,0,0,,,0.000553784,0.000771668
30,178,30178,0.000311867,0,0.000214406,0.139,30.68922766,196.0822051,14.05222553,23.28812725,,0,,0,0,,,0,0.002615756
30,179,30179,6.29E-05,0,5.68E-05,0.0368,51.78251728,37.55086642,6.69735262,7.507852865,,0,,0,0,,,0,0.001531433
30,180,30180,4.48E-05,0,0.000172128,0.1116,129.4078441,144.316914,,14.52344782,,0,,0,0,,,0,0.003841525
30,181,30181,0.000385987,0,0.000550923,0.3572,55.80963147,256.6741177,2.365319111,56.57333555,,0,,0,0,,,0,0.004654757
30,182,30182,6.43E-05,0,0.000246038,0.1595,3.582548271,22.04876239,,17.96965676,,0,,0,0,,,0,0.000429902
30,183,30183,0.001034893,0,0.000897059,0.5816,204.6897887,31.43685446,0.510418659,65.49399004,,0,,0,0,,,4.95E-07,0.006079246
30,184,30184,1.54E-05,0,0.000108126,0.0701,7.637906695,17.53349849,,8.110649318,,0,,0,0,,,0,0.000662672
30,185,30185,0.000118873,0,7.97E-05,0.0517,3.618812024,1.868869969,0.099181372,6.65890194,,0,,0,0,,,0,7.94E-05
30,186,30186,0.000142647,0,9.87E-05,0.064,38.58358037,382.2758498,8.352115505,6.811744338,,0,,0,0,,,0,0.00150023
30,187,30187,2.80E-05,0,8.93E-05,0.0579,6.038452314,26.50243139,,6.52179483,,0,,0,0,,,0,0.000465262
30,188,30188,0.000123068,0,0.000245829,0.1594,241.2003534,37.88759862,10.17914077,26.33019907,,0,,0,0,,,0,0.004963986
30,189,30189,0.002047411,0,0.002253099,1.4607,176.8897234,395.170689,,155.1308278,,0,,0,0,,,0.001746846,0.008520232
30,190,30190,6.57E-05,0,3.29E-05,0.0213,8.661115804,19.75919818,4.427352028,2.625318311,,0,,0,0,,,0,0.000861839
30,191,30191,0.001360745,0,0.000414104,0.2685,64.26422845,20.30547361,36.14247483,29.73843792,,0,,0,0,,,0,0.004713203
30,192,30192,0.000469898,0,0.000288909,0.1873,24.49730543,129.076783,0.645879532,24.6670186,,0,,0,0,,,8.41E-07,0.001034939
30,193,30193,0.01888261,0,0.008693205,5.6357,7.481227381,160.4597111,0.495906858,508.348629,,0.026245436,,0,0,,,0.014803647,0.000695139
30,194,30194,0.000451717,0,0.000173365,0.1124,8.885149738,102.8383453,,14.51110719,,0,,0,0,,,0.001541726,0.000993138
30,195,30195,0.000174813,0,7.97E-05,0.0517,10.90965493,14.02010586,,6.359167525,,0,,0,0,,,0,0.000993138
30,196,30196,0.000167821,0,0.000217681,0.1411,49.92273205,39.00247298,25.59401395,20.13211615,,0,,0,0,,,0.00019258,0.003170737
30,197,30197,0.000120271,0,0.000172177,0.1116,71.4594299,35.25565102,,15.60792119,,0,,0,0,,,0,0.00200251
30,198,30198,2.24E-05,0,0.000104899,0.068,17.59056157,51.71112639,,8.789682592,,0,,0,0,,,0.001028605,0.001125904
30,199,30199,0.000166422,0,0.000171454,0.1112,5.160824101,70.175478,,17.72452168,,0,,0,0,,,0,0.000458305
30,200,30200,2.66E-05,0,0.000188506,0.1222,185.7919176,59.24299959,22.44631042,26.36689283,,0,,0,0,,,0,0.005508641
30,201,30201,0.000237746,0,0.000632925,0.4103,292.74821,35.94667853,,46.00410588,,0,,0,0,,,1.61E-05,0.008628068
30,202,30202,5.03E-05,0,0.000225324,0.1461,36.91851688,53.98860794,,25.42629225,,0,,0,0,,,0,0.002702866
30,203,30203,8.39E-05,0,0.000205446,0.1332,28.15547281,11.97567455,,27.97271437,,0,,0,0,,,0,0.001042998
30,204,30204,0.000467101,0,0.000722666,0.4685,12.59121726,1165.401364,,53.36343332,,0,,0,0,,,4.70E-06,0.001371145
30,205,30205,0.001053074,0,0.000299731,0.1943,98.9908872,159.3953067,49.12609938,20.92250986,,0,,0,0,,,0,0.007917856
30,206,30206,0.000351025,0,0.000435074,0.2821,1.768292307,15.71423471,,29.99253261,,0,,0,0,,,0.003896574,0.000100299
30,207,30207,0.002573249,0,0.000657524,0.4263,233.1985258,86.12530242,106.0614268,63.22447473,,0,,0,0,,,0,0.013395062
30,208,30208,0.002644572,0,0.000346794,0.2248,54.89952126,55.51516801,34.21856502,29.07014931,,0,,0,0,,,0,0.003246779
30,209,30209,6.85E-05,0,0.000200501,0.13,19.23999855,66.73436818,,28.31658905,,0,,0,0,,,0,0.001814086
30,210,30210,3.78E-05,0,0.000418953,0.2716,130.9440443,287.1533291,,37.35457166,,0,,0,0,,,0,0.00889534
30,211,30211,0.001055871,0,0.000457987,0.2969,,1.8064,,34.79010796,,0,,0,0,,,0,0
30,212,30212,0.000116076,0,0.000122625,0.0795,,10.5388,,10.28534467,,0,,0,0,,,0,0
31,1,31001,3.78E-05,0,0.000101029,0.0451,0.444843009,214.150845,,13.96865549,,0,,0,0,,,0,4.79E-05
31,2,31002,0.002275367,0,0.000238491,0.1065,0.471983683,361.2788847,,46.03174156,,0,,0,0,,,0,4.53E-05
31,3,31003,0.001462836,0,0.000158576,0.0708,4.36955526,14.7478498,,22.52026674,,0,,0,0,,,0,0.000122979
31,4,31004,0.001325782,0,8.80E-05,0.0393,0.043803313,467.6045375,,14.56270545,,0,,0,0,,,0,6.97E-05
31,5,31005,5.73E-05,0,3.12E-05,0.014,0.155338511,8.934170809,,5.519075914,,0,,0,0,,,0,2.93E-05
31,6,31006,0.000146843,0,0.000137317,0.0613,0.747157706,180.9949631,,24.13851496,,0,,0,0,,,0,0.001132944
31,7,31007,0.000225159,0,0.000103197,0.0461,0.134871354,73.07471814,,12.80989671,,0,,0,0,,,0,3.56E-05
31,8,31008,6.85E-05,0,6.14E-05,0.0274,1.153020175,9.614462233,,8.662625669,,0,,0,0,,,0,0.000442187
31,9,31009,0.000103489,0,7.55E-05,0.0337,0.374853817,12.69996306,,12.08687434,,0,,0,0,,,1.58E-07,0.000115159
31,10,31010,0.000413957,0,3.83E-05,0.0171,0.942635851,158.3204963,,10.00792559,,0,,0,0,,,0,5.96E-05
31,11,31011,0.000206979,0,0.000103357,0.0462,0.017926533,4.372888292,,7.963736685,,0,,0,0,,,0.000285597,3.42E-05
31,12,31012,4.89E-05,0,5.67E-05,0.0253,0.771180348,45.08362087,,8.08637518,,0,,0,0,,,0,0.000915003
31,13,31013,0.000283896,0,0.000143724,0.0642,0.063175111,157.0450475,,22.25315048,,0,,0,0,,,0.000207995,2.32E-05
31,14,31014,5.73E-05,0,2.57E-05,0.0115,0.561971863,2.590139117,,3.043206759,,0,,0,0,,,0.000365028,4.24E-05
31,15,31015,0.000218167,0,8.07E-05,0.036,0.131790817,11.24563626,,17.97902518,,0,,0,0,,,0,2.74E-05
31,16,31016,0.000525838,0,4.33E-05,0.0193,0.424391928,3.676520508,,6.424518201,,0,,0,0,,,0,3.80E-05
31,17,31017,4.20E-06,0,7.31E-05,0.0326,1.562768844,3.961593477,,21.94360846,,0,,0,0,,,0,0.00011786
31,18,31018,0.000134256,0,4.80E-05,0.0215,0.979572258,11.699714,,11.18179007,,0,,0,0,,,0,5.14E-05
31,19,31019,0.000398574,0,0.000531189,0.2372,6.119683014,33.77467466,,140.3973196,,0,,0,0,,,0,0.00038351
31,20,31020,9.65E-05,0,6.47E-05,0.0289,0.039933932,364.4187205,,8.509746573,,0,,0,0,,,0,1.64E-05
31,21,31021,0.000130061,0,0.000127908,0.0571,1.738921932,19.94783063,,21.34433291,,0,,0,0,,,0,0.000105244
31,22,31022,0.000110482,0,7.04E-05,0.0314,2.294365109,3.18592757,,8.787529179,,0,,0,0,,,0,0.000129567
31,23,31023,0.000152437,0,7.22E-05,0.0322,0.71606694,195.2429258,,7.869202349,,0,,0,0,,,0,3.78E-05
31,24,31024,0.001485212,0,4.72E-05,0.0211,0.756689749,11.64206073,,6.036927561,,0,,0,0,,,0,4.20E-05
31,25,31025,0.00063632,0,7.48E-05,0.0334,3.4350527,19.81699784,,12.07152889,,0,,0,0,,,0,0.00010165
31,26,31026,9.93E-05,0,5.34E-05,0.0238,0.04430948,8.323003421,,7.502296359,,0,,0,0,,,0,4.20E-05
31,27,31027,0.000222362,0,0.000133801,0.0598,0.296401708,28.27093287,,12.01825163,,0,,0,0,,,0,0.000112664
31,28,31028,8.81E-05,0,3.50E-05,0.0156,0.297660048,37.28259011,,2.865385026,,0,,0,0,,,1.76E-05,0.000220836
31,29,31029,0.000141249,0,9.40E-05,0.042,0.863334911,100.6386324,,10.21905107,,0,,0,0,,,0,0.000713615
31,30,31030,9.65E-05,0,5.58E-05,0.0249,0.562060436,2.367707707,,4.156494583,,0,,0,0,,,0,0.000101384
31,31,31031,6.29E-05,0,4.50E-05,0.0201,0.533623205,23.32995591,,4.014199386,,0,,0,0,,,0,0.000216577
31,32,31032,0.001058668,0,0.000248992,0.1112,1.887117185,28.30413345,,38.69743183,,0,,0,0,,,0,0.000798795
31,33,31033,0.000378995,0,0.000302268,0.135,1.636087918,84.25505966,,71.12124222,,0,,0,0,,,0,0.000110042
31,34,31034,9.51E-05,0,9.80E-05,0.0438,0.291667877,67.58308169,,14.26855004,,0,,0,0,,,0,5.69E-05
31,35,31035,0.000170618,0,8.99E-05,0.0401,0.279505619,61.2322927,,14.58218408,,0,,0,0,,,0,4.43E-05
31,36,31036,0.00028949,0,0.000118948,0.0531,0.268379486,23.82578965,,20.23769951,,0,,0,0,,,0,4.20E-05
31,37,31037,0.00044892,0,7.37E-05,0.0329,0.362502948,13.98757453,,16.9327169,,0,,0,0,,,0,4.23E-05
31,38,31038,0.001013916,0,0.000470061,0.2099,1.001294054,365.3732385,,79.3982786,,0,,0,0,,,0,7.39E-05
31,39,31039,0.000792952,0,6.09E-05,0.0272,0.025416274,11.80045936,,12.75462843,,0,,0,0,,,0,7.15E-06
31,40,31040,0.003240335,0,0.000401531,0.1793,0.942004393,44.72035544,,47.65310948,,0,,0,0,,,0,0.000281703
31,41,31041,0.00285295,0,0.00094343,0.4213,0.082329607,529.955649,,121.5191581,,0,,0,0,,,0.00624828,2.06E-05
31,42,31042,7.69E-05,0,8.83E-05,0.0395,0.633912886,17.17248843,,16.25313396,,0,,0,0,,,0,4.28E-05
31,43,31043,1.12E-05,0,4.40E-05,0.0196,0.635658073,5.284891961,,10.87998368,,0,,0,0,,,0,4.50E-05
31,44,31044,0.000142647,0,9.97E-05,0.0445,0.897365339,115.0550996,,19.01998638,,0,,0,0,,,0,5.46E-05
31,45,31045,2.10E-05,0,3.60E-05,0.0161,0.227787596,269.8376943,,8.034587683,,0,,0,0,,,0,2.04E-05
31,46,31046,0.000762185,0,4.26E-05,0.019,0.732480958,22.49072503,,5.077189269,,0,,0,0,,,9.16E-08,4.37E-05
31,47,31047,0.00073841,0,7.61E-05,0.034,2.527050827,14.43222138,,17.77789164,,0,,0,0,,,0,0.000116158
31,48,31048,0.001625062,0,0.000352398,0.1574,1.619240897,250.2186261,,78.17506147,,0,,0,0,,,0,0.000138883
31,49,31049,0.001089435,0,5.29E-05,0.0236,1.255061848,3.466638843,,14.61352015,,0,,0,0,,,0,6.10E-05
31,50,31050,0.05178523,0,0.013083651,5.8427,0.511538895,805.3992457,,870.2372724,,0.008076305,,0,0,,,0.02245942,8.96E-05
31,51,31051,3.08E-05,0,4.86E-05,0.0217,0.056216682,392.5116761,,8.507790656,,0,,0,0,,,0.00013345,1.81E-05
31,52,31052,0.005353476,0,0.000522069,0.2331,0.669545821,140.481732,,72.31017879,,0,,0,0,,,5.37E-06,0.000232231
31,53,31053,0.000627929,0,0.000187575,0.0838,2.40540529,153.7842006,,19.7086574,,0,,0,0,,,0,0.000141395
31,54,31054,7.13E-05,0,4.28E-05,0.0191,0.051082287,101.277159,,9.018980746,,0,,0,0,,,0,2.16E-05
31,55,31055,9.23E-05,0,9.33E-05,0.0417,1.17086607,242.7457414,,18.23562666,,0,,0,0,,,0.000281074,9.49E-05
31,56,31056,0.001223692,0,0.000433243,0.1935,9.268001393,37.26205389,,58.90038401,,0,,0,0,,,0,0.000372263
31,57,31057,0.000274107,0,0.000119928,0.0536,0.293121516,98.00074094,,11.28956852,,0,,0,0,,,0,0.00179748
31,58,31058,0.001208308,0,0.000368053,0.1644,6.990722088,33.25061627,,58.06765575,,0,,0,0,,,0.000766659,0.000483386
31,59,31059,0.001076849,0,0.000806193,0.36,0.011868221,111.1204884,,60.75807575,,0,,0,0,,,0.001849149,1.35E-05
31,60,31060,9.79E-06,0,1.54E-05,0.0069,0.284795207,1.481072178,,1.400108204,,0,,0,0,,,0,7.08E-05
31,61,31061,0.00038319,0,5.47E-05,0.0244,0.042900836,7.293985099,,3.888613686,,0,,0,0,,,0.000272826,0.00042222
31,62,31062,7.97E-05,0,7.18E-05,0.0321,2.250325573,18.4577194,,5.134533435,,0,,0,0,,,0,7.63E-05
31,63,31063,6.85E-05,0,8.01E-05,0.0358,1.47846703,184.7307493,,12.46286506,,0,,0,0,,,0,4.26E-05
31,64,31064,1.54E-05,0,2.51E-05,0.0112,0.028869234,11.76528381,,5.186807523,,0,,0,0,,,0,9.12E-06
31,65,31065,4.20E-05,0,2.98E-05,0.0133,0.123548093,22.23699738,,2.139704006,,0,,0,0,,,0,0.000699175
31,66,31066,7.13E-05,0,5.92E-05,0.0264,0.681411512,79.13446132,,11.70984386,,0,,0,0,,,0,2.87E-05
31,67,31067,0.000181806,0,0.00014997,0.067,0.863829523,37.03635202,,25.60330595,,0,,0,0,,,0,7.65E-05
31,68,31068,0.000102091,0,4.75E-05,0.0212,0.151705786,9.321089397,,3.75968324,,0,,0,0,,,1.21E-07,6.42E-05
31,69,31069,6.99E-05,0,0.000134812,0.0602,2.241336698,333.409957,,14.11593508,,0,,0,0,,,0,0.000145139
31,70,31070,0.000120271,0,5.87E-05,0.0262,0.423136204,92.85025302,,9.244878344,,0,,0,0,,,0,0.000811239
31,71,31071,2.24E-05,0,2.55E-05,0.0114,0.295310801,18.52167484,,2.830769134,,0,,0,0,,,0,7.19E-05
31,72,31072,6.57E-05,0,2.79E-05,0.0125,0.102786279,8.360356249,,5.011990226,,0,,0,0,,,0,6.61E-05
31,73,31073,0.001053074,0,6.94E-05,0.031,0.803661183,3.441634565,,22.44272511,,0,,0,0,,,0,8.38E-05
31,74,31074,0.000124467,0,5.59E-05,0.025,0.111648082,44.4128076,,7.35065191,,0,,0,0,,,0,5.30E-05
31,75,31075,0.001462836,0,9.65E-05,0.0431,0.726828336,9.485652762,,16.37779215,,0,,0,0,,,0,5.21E-05
31,76,31076,0.000553808,0,0.000256908,0.1147,0.832710956,116.9284875,,64.10467572,,0,,0,0,,,0,8.37E-05
31,77,31077,6.71E-05,0,4.08E-05,0.0182,0.19347177,38.41218056,,3.61117925,,0,,0,0,,,0,8.89E-05
31,78,31078,0.000151039,0,6.00E-05,0.0268,0.144840379,67.9713918,,4.706113727,,0,,0,0,,,0,6.60E-05
31,79,31079,0.003205373,0,0.000623162,0.2783,8.754812205,98.29502508,,76.75089057,,0,,0,0,,,0.000178788,0.000857879
31,80,31080,0.002106148,0,0.000152812,0.0682,0.537598938,39.74753619,,26.30347259,,0,,0,0,,,0,6.04E-05
31,81,31081,0.00028949,0,4.95E-05,0.0221,0.654899973,2.602930211,,7.721462753,,0,,0,0,,,0,6.17E-05
31,82,31082,7.69E-05,0,5.55E-05,0.0248,0.111312327,24.11981237,,5.713763571,,0,,0,0,,,9.91E-05,4.82E-05
31,83,31083,6.29E-05,0,2.68E-05,0.012,0.011654281,1.815777197,,2.055089485,,0,,0,0,,,0,6.16E-06
31,84,31084,0.000376198,0,0.000111643,0.0499,0.690045716,25.29326757,,11.1393989,,0,,0,0,,,0,0.000306282
31,85,31085,0.00180547,0,0.000240514,0.1074,2.319119074,16.34265582,,54.9734809,,0,,0,0,,,0.000213555,0.001191713
31,86,31086,6.99E-05,0,3.34E-05,0.0149,0.114792117,36.25243405,,4.182044356,,0,,0,0,,,0,5.27E-05
31,87,31087,6.85E-05,0,7.34E-05,0.0328,0.20362605,28.41602177,,16.81831954,,0,,0,0,,,0,2.44E-05
31,88,31088,2.66E-05,0,3.19E-05,0.0143,0.114120392,7.972557838,,2.578300041,,0,,0,0,,,0,3.33E-05
31,89,31089,0.002785821,0,0.000596556,0.2664,3.508231409,66.1659121,,66.79827768,,0,,0,0,,,0.000265371,0.000122513
31,90,31090,3.64E-05,0,0.000106183,0.0474,0.360556607,15.99775878,,28.6896733,,0,,0,0,,,0,2.24E-05
31,91,31091,0.000423747,0,0.000164245,0.0733,1.660803206,12.56910971,,22.20645021,,0,,0,0,,,6.78E-06,0.000134658
31,92,31092,0.000114677,0,0.000107917,0.0482,2.266640191,7.543099646,,19.9817757,,0,,0,0,,,0,0.00014048
31,93,31093,0.002405428,0,0.000266606,0.1191,0.143898527,184.1991573,,41.03931341,,0,,0,0,,,0,7.68E-05
31,94,31094,0.000358017,0,7.23E-05,0.0323,0.988199086,3.261769716,,12.43439268,,0,,0,0,,,0,9.32E-05
31,95,31095,0.000272708,0,8.16E-05,0.0364,0.116887384,86.47962972,,8.242297475,,0,,0,0,,,0.000892224,2.51E-05
31,96,31096,0.00265576,0,0.001173716,0.5241,4.93761205,1293.687145,,97.2503542,,0,,0,0,,,0.000329407,0.007452166
31,97,31097,8.11E-05,0,5.28E-05,0.0236,0.625782476,10.63413479,,4.467751567,,0,,0,0,,,0,0.000289595
31,98,31098,0.000802742,0,0.000228231,0.1019,2.98919472,45.71907984,,33.82170499,,0,,0,0,,,2.21E-05,0.000421175
31,99,31099,0.000304874,0,4.89E-05,0.0218,1.062459181,5.641652323,,5.066278299,,0,,0,0,,,5.65E-05,7.50E-05
31,100,31100,6.43E-05,0,5.04E-05,0.0225,0.070762702,89.42670066,,10.12362691,,0,,0,0,,,0.000294881,1.40E-05
31,101,31101,0.010877569,0,0.000887152,0.3962,7.463001547,255.3291014,,106.3184314,,0,,0,0,,,0.000140231,6.46E-05
31,102,31102,0.003297674,0,0.001207034,0.539,0.342490157,119.5830021,,178.5541702,,0,,0,0,,,0.001263231,0.000415419
31,103,31103,8.95E-05,0,4.82E-05,0.0215,5.379061589,4.182989093,,11.65256709,,0,,0,0,,,0,2.25E-05
31,104,31104,2.80E-05,0,0.000230495,0.1029,0.048455207,19.06912491,,69.91936087,,0,,0,0,,,0,0.000457676
31,105,31105,8.39E-05,0,4.48E-05,0.02,0.324168434,5.0541511,,6.945352664,,0,,0,0,,,0,2.52E-05
31,106,31106,6.29E-05,0,3.32E-05,0.0148,,13.80099348,,2.376522942,,0,,0,0,,,0,7.91E-05
32,1,32001,6.99E-05,0,8.82E-05,0,19.88230339,58.75473063,,6.936381672,,0,,0,0,,,0,0.001940431
32,2,32002,4.34E-05,0,7.46E-05,0,20.88332715,62.19952063,,10.20644172,,0,,0,0,,,0,0.00253334
32,3,32003,4.06E-05,0,4.14E-05,0,8.521954679,99.56678797,,5.289897554,,0,,0,0,,,0,0.001212769
32,4,32004,0.000103489,0,5.98E-05,0,7.57354341,123.5427929,,5.541438537,,0,,0,0,,,0,0.001223135
32,5,32005,0.006610732,0,0.000618329,0,157.608559,132.0313763,,46.86963684,,0,,0,0,,,0.000218697,0.020883472
32,6,32006,8.39E-05,0,0.00012269,0,107.0987543,73.80579565,,12.99961399,,0,,0,0,,,0,0.016398299
32,7,32007,0.000114677,0,0.000196824,0,30.07820467,426.7138711,,15.83393924,,0,,0,0,,,0.000123151,0.003314903
32,8,32008,0.000142647,0,0.000184476,0,42.15357406,93.5541314,,17.39586694,,0,,0,0,,,0,0.003690136
32,9,32009,7.97E-05,0,0.000159733,0,104.8799519,217.0768777,,14.82540067,,0,,0,0,,,4.72E-08,0.016071784
32,10,32010,0.008158876,0,0.003308799,0,1067.030771,588.8082978,,294.1455114,,0,,0,0,,,0.007236539,0.159805673
32,11,32011,8.11E-05,0,4.52E-05,0,7.082744963,49.65453729,,4.033481492,,0,,0,0,,,0,0.000963996
32,12,32012,3.78E-05,0,0.000115914,0,48.20030824,93.32860209,,19.5624687,,0,,0,0,,,0,0.00603275
32,13,32013,4.20E-05,0,9.24E-05,0,126.7605199,21.30638126,,6.873699751,,0,,0,0,,,0,0.01585929
32,14,32014,0.000130061,0,0.000320284,0,330.4952428,488.0127213,,38.57396534,,0,,0,0,,,3.18E-05,0.051248312
32,15,32015,8.39E-06,0,2.43E-05,0,14.13076367,74.91134441,,3.098881826,,0,,0,0,,,0,0.001902078
32,16,32016,0.000160828,0,0.000332567,0,171.2496692,274.9599958,,40.47337752,,0,,0,0,,,5.24E-07,0.020087398
32,17,32017,0.005861133,0,0.00226686,0,209.4063377,124.6885687,,167.0621761,,0,,0,0,,,0.002074899,0.034689347
32,18,32018,1.96E-05,0,6.43E-05,0,23.57349059,60.68213718,,6.256469975,,0,,0,0,,,0,0.000357611
32,19,32019,0.000594364,0,0.000359623,0,43.75491253,211.6179335,,30.37216829,,0,,0,0,,,2.15E-05,0.004526635
32,20,32020,0.002359277,0,0.000819007,0,172.1794795,216.0906755,,63.01266771,,0,,0,0,,,8.46E-05,0.018224709
32,21,32021,2.94E-05,0,7.54E-05,0,29.11503792,221.7016639,,14.16571065,,0,,0,0,,,0,0.004509014
32,22,32022,0.000500665,0,0.000286629,0,306.3655201,275.5303373,,26.07325863,,0,,0,0,,,0,0.043621341
32,23,32023,0.000292287,0,0.000179017,0,19.17425815,128.4343614,,12.31075105,,0,,0,0,,,0,0.002044086
32,24,32024,0.000627929,0,0.000732332,0,146.5865621,204.7713705,,65.28585603,,0,,0,0,,,0,0.009364237
32,25,32025,0.00075799,0,0.000170507,0,44.37681662,129.6863052,,12.73280238,,0,,0,0,,,1.16E-05,0.006061773
32,26,32026,1.26E-05,0,0.000242457,0,123.6645681,928.6528922,,32.65054428,,0,,0,0,,,0.001316564,0.014411223
32,27,32027,6.99E-06,0,3.99E-05,0,7.125961872,118.6947418,,5.308338604,,0,,0,0,,,0,0.000883145
32,28,32028,1.82E-05,0,3.76E-05,0,8.024478784,77.1724365,,4.700028969,,0,,0,0,,,0,0.000886254
32,29,32029,0.001156563,0,0.000322564,0,438.0826287,401.9440827,,30.83738485,,0,,0,0,,,0,0.055455689
32,30,32030,5.31E-05,0,4.13E-05,0,6.36930953,62.43390766,,3.331141321,,0,,0,0,,,0,0.000777416
32,31,32031,0.000114677,0,0.000136338,0,46.21236045,183.9717116,,16.12076206,,0,,0,0,,,2.04E-06,0.00614988
32,32,32032,0.000468499,0,0.000180558,0,69.72575461,49.47003523,,13.5470166,,0,,0,0,,,0.002711274,0.01388569
32,33,32033,3.92E-05,0,6.98E-05,0,13.01475742,203.5097059,,6.417254826,,0,,0,0,,,7.86E-07,0.001944577
32,34,32034,0.00053283,0,0.000399653,0,62.04459241,254.78126,,37.920412,,0,,0,0,,,0,0.0067998
32,35,32035,1.12E-05,0,0.000204435,0,71.66950221,155.3478864,,22.78754624,,0,,0,0,,,0,0.007379235
32,36,32036,0.000763584,0,0.000591017,0,168.9141764,292.0485323,,61.11356949,,0,,0,0,,,3.53E-05,0.021373763
32,37,32037,0.000467101,0,0.000248671,0,211.2963962,18.55621055,,34.95805463,,0,,0,0,,,0,0.0255148
32,38,32038,0.000251731,0,0.001069942,0,605.7553598,1258.718382,,170.7683025,,0,,0,0,,,9.84E-06,0.050114321
32,39,32039,0.001100623,0,0.000890154,0,574.9894709,517.2658319,,84.70794895,,0,,0,0,,,2.64E-05,0.078933658
32,40,32040,0.000107685,0,0.000299683,0,277.4028854,329.4484945,,45.50916164,,0,,0,0,,,0,0.032088631
32,41,32041,2.10E-05,0,4.60E-05,0,15.94694391,212.805095,,3.39775939,,0,,0,0,,,0,0.001975674
32,42,32042,0.000848892,0,0.000904718,0,1195.297664,824.5018945,,107.8845702,,0,,0,0,,,0.002141515,0.158561807
32,43,32043,1.96E-05,0,1.90E-05,0,2.599381806,43.05777993,,1.892099218,,0,,0,0,,,1.31E-07,0.00024359
32,44,32044,0.001324384,0,0.000230125,0,24.55984028,105.6687539,,22.63472219,,0,,0,0,,,0,0.002338468
32,45,32045,0.000131459,0,0.000121196,0,23.95623425,301.1086673,,10.70524055,,0,,0,0,,,0,0.003239234
32,46,32046,4.34E-05,0,0.000107612,0,56.55438791,140.9348104,,12.48926695,,0,,0,0,,,0,0.006549991
32,47,32047,0.000163625,0,8.08E-05,0,11.46166078,373.6529904,,6.674479617,,0,,0,0,,,0,0.003208138
32,48,32048,0.00071044,0,0.000334318,0,29.4987688,134.2804268,,31.81412274,,0,,0,0,,,1.16E-05,0.003755439
32,49,32049,0.000556605,0,0.000503475,0,180.9579194,573.0859676,,68.01567577,,0,,0,0,,,3.82E-05,0.019134804
32,50,32050,4.75E-05,0,0.000141476,0,103.6056529,12.48971892,,12.83445891,,0,,0,0,,,8.90E-05,0.011297412
32,51,32051,0.000285295,0,0.000483228,0,718.4781913,98.04121821,,59.61261603,,0,,0,0,,,0.000121885,0.074731464
32,52,32052,0.000195791,0,0.000277573,0,63.8630825,163.7499764,,28.17297722,,0,,0,0,,,0,0.007307712
32,53,32053,0.000102091,0,0.00018438,0,75.23314611,79.54954462,,19.54843018,,0,,0,0,,,0,0.009949891
32,54,32054,7.97E-05,0,0.000276561,0,85.45545558,279.8842359,,27.2101022,,0,,0,0,,,0,0.00778971
32,55,32055,0.000404168,0,0.000443825,0,177.2116317,290.9835233,,46.27187893,,0,,0,0,,,1.07E-06,0.021053467
32,56,32056,0.003949377,0,0.002207354,0,70.106251,169.4625374,,156.1388268,,0.003422395,,0,0,,,0.005157048,0.009500026
32,57,32057,0.000158031,0,0.000266526,0,51.22657022,48.97071571,,31.06121938,,0,,0,0,,,0,0.008732975
32,58,32058,6.43E-05,0,3.93E-05,0,8.48042385,34.82332531,,3.613284015,,0,,0,0,,,0,0