CVE ESTADO,CVE MUNICIPIO,Emisiones de NOx,,,,,,,,,,,,,,,,,,,,,,
,,Comb_ind_LPG,Comb_ind_Diesel,Comb_comer_NG,Comb_comer_LPG,Comb_res_GN,Comb_res_lena,Comb_res_keroseno,Comb_res_LPG,Comb_agricola,Qmas_agricolas,Incend_forest,Cruces_front,Terminales de autobuses,Incend_construcc,Asados al carbon,,Aviacion,Equipo basico aeropouertos,Embarcaciones marinas,Locomotoras de arrastre,Locomotoras de patio,Maq Contruc,Maq Agricola
22,Mg_per_year,2102007000,2102004000,2103006000,2103007000,2104006000,2104008000,2104011000,2104007000,2801000000,2801500250,2810001000,2222222222,2801500002,2810030000,2302002000,2275000000,2275050000,2280000000,2285000000,2285002010,2260002000,2270005000,
1,1,1001,29.622186,1.649326486,1.590598471,52.00450357,146.0775481,2.01564858,0.390882926,191.8756701,940.8285347,,47.23385498,,9.111248929,0.009585484,2.241939993,92.3598,15.25,0,143.3473,13.2011,258.4464266,196.462694
1,2,1002,0.069072804,0.003845888,0.018781176,0.61404922,7.900268742,2.988903327,0.021140005,10.377155,447.2169776,,,,0,0,0.121250176,0,0,0,70.916,6.5308,0,130.928391
1,3,1003,1.304848063,0.072652318,0.058703467,1.919305677,9.302496667,4.097397305,0.02489217,12.21900836,141.8614101,,22.7859199,,0,0,0.142771012,0,0,0,0,0,2.709410786,23.1354641
1,4,1004,0.234847534,0.013076019,0.004424884,0.144671282,2.703518379,0.577826792,0.007234234,3.551123409,240.5476085,,,,0,0,0.041492523,0,0,0,46.3682,4.2701,5.433697152,40.77018848
1,5,1005,8.844458597,0.492448458,0.105115589,3.436746681,17.58950121,0.838401489,0.047067026,23.10414827,260.6464372,,37.68955925,,0,0,0.269956655,0,0,0,0,0,2.664860462,76.8054265
1,6,1006,0.717101293,0.039927308,0.040905599,1.337405631,7.830683062,0.444158198,0.020953804,10.28575287,297.0865763,,0.823815701,,0,0,0.120182203,0,0,0,26.9723,2.4839,4.301756179,55.11525479
1,7,1007,1.403433792,0.078141449,0.052115306,1.703906212,8.984008361,1.141291909,0.02403994,11.80066784,462.6366961,,1.00590938,,0,0,0.13788298,0,0,0,36.9733,3.4049,7.93984883,77.93793173
1,8,1008,0.100469533,0.005594019,0.010619723,0.347211077,1.487107161,0.748887399,0.003979289,1.953343869,65.7907989,,0.29755067,,0,0,0.022823528,0,0,0,0,0,0,28.92741944
1,9,1009,0.208474281,0.011607589,0.010521392,0.34399616,3.322333893,0.43682201,0.008890097,4.363949493,268.3031018,,0.29515603,,0,0,0.050989857,0,0,0,0,0,0,71.15368608
1,10,1010,0.173309945,0.009649682,0.007473138,0.244333721,3.380831745,0,0.009046629,4.440787547,500.6720017,,0.231011492,,0,0,0.051887658,0,0,0,0,0,0,168.7432801
1,11,1011,3.705441972,0.206314402,0.032350822,1.057707819,6.351222679,0,0.016994977,8.34245319,203.5402841,,,,0,0,0.097476035,0,0,0,62.7334,5.7772,0,41.62226385
2,1,2001,13.08552877,0.728585972,24.79956,25.30782963,731.3257292,3.488785818,0.227708541,111.7770206,1159.108759,,373.6750619,,0,0,1.306040378,0,0,4491.7,0,0,45.03781729,546.1291369
2,2,2002,45.74754609,2.547166485,42.92352706,43.80324933,1492.949968,4.491399302,0.464850949,228.1849151,3031.871583,,,29.21856877,3.433548799,0.272340516,2.666189448,1.06704,0.226,0,202.0976,18.6115,487.6951178,1240.587925
2,3,2003,7.135848598,0.397315177,5.944711601,6.066549099,167.56512,0.6655978,0.052173754,25.61092702,74.10493146,,23.88259992,,0,0,0.299246702,0,0,0,67.7065,6.2352,9.426330737,21.90829106
2,4,2004,106.154225,5.91053526,76.58187297,78.15142663,2530.196676,2.528959351,0.787812285,386.7193983,202.5123029,,11.05357086,59.26091249,3.433548799,0.593172304,4.518559777,215.59122,54.817,0,118.5503,10.9175,432.8198996,11.99850263
2,5,2005,4.139972704,0.230508533,8.531149451,8.70599627,137.0727468,0,0.042679526,20.95042281,60.2352382,,,,0,0.0845778,0.244791801,0,0,105.9,0,0,3.892834578,8.610144051
3,1,3001,1.118351492,0.062268421,0,3.317794738,0,1.696577797,0.032089573,15.75205223,816.4589123,,,,0,0,0.184052287,0,0,1032.8,0,0,1.416295247,448.5526922
3,2,3002,1.635141653,0.091042654,0,2.986658248,0,0.508633591,0.028564533,14.02168938,88.40638602,,0.233308622,,0,0,0.163834144,0,0,451.9,0,0,78.55105438,43.23800784
3,3,3003,2.599649172,0.144745234,0,17.85243622,0,3.772808782,0.116466974,57.17102782,293.7675434,,0.71731154,,5.402944378,0.152383249,0.668005556,94.05396,22.298,57.7,0,0,53.08465037,56.01287379
3,8,3008,1.669678055,0.092965598,0,75.31908442,0,1.902935123,0.098924135,48.55964144,86.96275025,,0.706013134,,0,0.113066167,0.567387216,79.74252,26.293,99.4,0,0,0,28.83089043
3,9,3009,0.136261804,0.007586888,0,2.501205723,0,0,0.006083263,2.986137716,17.47568096,,,,0,0.008018803,0.034891039,1.06704,0.226,8,0,0,0,5.729535707
4,1,4001,2.134977581,0.118872897,0,2.02539795,1679.902938,35.4338305,0.026281008,12.90075776,1.027981233,,,,0,0.001653771,0.150736801,0,0,0,64.7976,5.9673,0.129735513,34.72232469
4,2,4002,4.673717099,0.260226757,0,17.81064229,8136.980811,22.86265158,0.127297863,62.48766875,191.3399334,,3.96493475,,6.651738436,0.009355223,0.730126981,1.08108,1.299,129.1,148.74,13.6977,80.02076865,142.4770532
4,3,4003,1.360734241,0.075763991,0,30.16878471,7055.716594,33.33263279,0.110382176,54.18413679,282.9656871,,0.443560425,,0,0.00759481,0.633105715,0.87984,0.411,369.7,0,0,95.18856469,61.0012169
4,4,4004,1.583651018,0.08817572,0,3.693940072,2591.855853,53.1127416,0.040547928,19.90406931,126.2968852,124.74457,,,0,0.002736387,0.232565854,0,0,0,196.2863,18.0763,12.87389484,496.4907358
4,5,4005,0.462159853,0.025732486,0,0.890532115,924.312836,18.0560568,0.014460283,7.098229142,253.10909,,,,0,0.00089423,0.082938101,0,0,0,63.1146,5.8123,0.8249848,106.7591736
4,6,4006,0.141285281,0.007866589,0,0.913036536,1218.596674,33.52565257,0.019064166,9.358171914,842.2777605,,52.93154405,,0,0.001063867,0.109344034,0,0,0,0,0,2.065788551,351.8816924
4,7,4007,0.049606832,0.002762047,0,0.459733186,272.3106445,4.6444798,0.004260126,2.091200378,51.39906164,,,,0,0.000308976,0.02443429,0,0,0,0,0,0,92.66174071
4,8,4008,0.47409061,0.026396776,0,0.295772399,307.7227996,7.051960373,0.004814126,2.363146825,45.32145694,,,,0,0.000296677,0.027611804,0,0,0,42.7075,3.933,4.494171229,51.28986074
4,9,4009,0.4357866,0.024264056,0,2.536569814,1572.293148,0,0.024597521,12.07437202,73.12209158,,52.89534994,,0,0.001722766,0.141081032,0,0,0,115.0789,10.5978,30.69409173,144.7499238
4,10,4010,0.032652598,0.001818056,0,0.752290667,800.9752098,5.459232124,0.012530745,6.151062016,9.4033619,,1.7742417,,0,0.000735543,0.071871082,0,0,0,92.568,8.5247,0,17.37525039
4,11,4011,0.11240029,0.006258308,0,0.954830462,1164.742731,7.938573951,0.018221655,8.944602386,141.9516928,,39.10724414,,0,0.001266502,0.104511749,0,0,0,0,0,0,17.87302783
5,1,5001,0.00690728,0.000384589,0,0,0.833729372,0.023448304,0.000472665,0.232020791,43.17521178,,,,0,0,0.002711009,0,0,0,33.6024,3.0945,0,0
5,2,5002,10.39734082,0.578911009,0,4.793441816,120.4621642,0.6544573,0.068293482,33.52373997,47.8994634,,51.62778417,1.301038989,0,0,0.391702676,0,0,0,29.4667,2.7136,4.426325995,655.6128437
5,3,5003,0.510510816,0.028424607,0,0.610834303,17.86472709,0.044952251,0.01012803,4.971622993,40.09126808,,3.9886,,0,0,0.058090119,0,0,0,0,0,0.186271622,0
5,4,5004,1.539067662,0.085693374,0,0.597974633,18.0875963,3.670721843,0.010254381,5.033645867,247.6599188,,43.48231537,,0,0,0.058814815,0,0,0,0,0,2.373298855,0
5,5,5005,0.012558692,0.000699252,0,0.038579009,1.51496928,0.230844264,0.00085888,0.421604879,24.71669094,,2.6298268,,0,0,0.004926173,0,0,0,0,0,0,0
5,6,5006,1.247078081,0.069435757,0,0.385790086,22.11458135,1.365462677,0.012537395,6.154326377,49.06286869,,4.72781426,,0,0,0.071909223,0,0,0,143.1977,13.1873,1.124187256,0
5,7,5007,0.450229096,0.025068196,0,0.546535955,11.10375936,1.514686968,0.006295042,3.090095083,74.15007281,,2.699804427,,0,0,0.036105712,0,0,0,278.8995,25.6843,0.500684182,0
5,8,5008,0,0,0,0,2.414566881,0.31504974,0.001368888,0.671956318,42.14723054,,0.23250134,,0,0,0.007851364,0,0,0,62.8105,5.7843,0,0
5,9,5009,0.663098919,0.036920523,0,1.466002326,49.12777391,1.642350346,0.027851955,13.67190046,313.9115136,,,,0,0,0.159747092,0,0,0,0,0,0.003464869,0
5,10,5010,8.09533264,0.450738056,0,1.761774725,65.01013798,0.224240077,0.036856126,18.09184631,32.52488626,,,,0,0,0.211391229,0,0,0,29.7252,2.7374,0.732864259,396.4499214
5,11,5011,0.040815748,0.00227257,0,0.276482895,10.21138019,4.361645432,0.005789127,2.841752483,138.0654746,,,,0,0,0.033203994,0,0,0,189.2071,17.4244,0.22042142,0
5,12,5012,0.05211857,0.002901897,0,0.048223761,1.648510348,0.040992537,0.000934588,0.458768383,44.24833436,,226.8536861,,0,0,0.005360404,0,0,0,0,0,0,0
5,13,5013,0.011302822,0.000629327,0,0.077158017,1.416618088,0.030871943,0.000803122,0.394234461,18.50366219,,,,0,0,0.004606368,0,0,0,0,0,4.583739138,0
5,14,5014,0.086654972,0.004824841,0,0.128596695,8.828147372,0.176982737,0.005004932,2.456808898,59.6229115,,17.40996453,,0,0,0.028706183,0,0,0,125.3626,11.5448,0,0
5,15,5015,0.000627935,3.50E-05,0,0.003214917,1.202771918,0.026541056,0.000681886,0.334722635,12.47119885,,,,0,0,0.003911012,0,0,0,0,0,0,0
5,16,5016,0.024489449,0.001363542,0,0.019289504,1.516773889,0.05640373,0.000859903,0.422107089,16.44769972,,,,0,0,0.004932041,0,0,0,0,0,0,0
5,17,5017,2.502947247,0.139360991,0,1.517441004,93.15662501,1.273690591,0.052813183,25.92480796,444.3587407,,,,0,0,0.302914193,0,0,0,0,0,2.689201417,0
5,18,5018,9.437856778,0.525488131,0,9.644752145,183.2093225,0.639174973,0.103866659,50.98581556,48.97258599,,0.38790134,,0,0,0.595735452,0,0,0,16.0257,1.4758,72.36541084,0
5,19,5019,0.092934318,0.005174467,0,0.167175704,6.497494811,0.068193171,0.003683618,1.808205322,19.53164342,,11.12414472,,0,0,0.02112768,0,0,0,0,0,0.891981715,0
5,20,5020,0.453368769,0.025243009,0,1.543160343,56.25327267,0.171458923,0.031891606,15.65487469,78.98071389,,73.20857306,,0,0,0.182916832,0,0,0,129.2398,11.9019,54.01689723,0
5,21,5021,0.013814561,0.000769178,0,0.032149174,5.233366185,0.328616248,0.002966947,1.456407564,40.09126808,,19.84350687,,0,0,0.017017157,0,0,0,31.0176,2.8565,0,0
5,22,5022,0.349131628,0.019439215,0,0.305417151,24.46598692,0.092738582,0.013870475,6.808705362,69.94786518,,10.6637737,,0,0,0.079555208,0,0,0,116.8328,10.7593,72.17123973,0
5,23,5023,0.36169032,0.020138467,0,0.154316034,8.829951981,1.228722391,0.005005955,2.457311107,46.87148217,,115.203662,,0,0,0.028712051,0,0,0,164.393,15.1392,0.294739996,0
5,24,5024,2.200282778,0.122509009,0,1.398489061,41.35622513,7.231057975,0.023446039,11.50913522,175.7433493,,0.123601608,,0,0,0.134476615,0,0,0,554.1803,51.0353,0,0
5,25,5025,8.265502912,0.460212925,0,8.16589015,137.1746485,0.298317125,0.077768272,38.1747022,50.37108041,,,0.960696005,0,0.035522676,0.446046086,0,0,0,28.6912,2.6422,3.862189279,0
5,26,5026,0,0,0,0.006429835,2.949633459,0.117655125,0.001672232,0.820861436,15.00406395,,,,0,0,0.009591222,0,0,0,40.8398,3.761,5.586881518,0
5,27,5027,19.43771501,1.082267803,0,1.986818942,59.92294513,3.507619751,0.033972049,16.67611771,120.4092283,,2.569469144,,0,0.0140963,0.194849379,0,0,0,474.0516,43.6561,5.489568234,0
5,28,5028,3.074367717,0.171176972,0,2.417617871,47.6470922,0.156226363,0.027012513,13.25983756,31.86741822,,0.1036,,0,0.023117932,0.154932411,0,0,0,118.6421,10.9259,18.66280949,206.7010523
5,29,5029,0.021349776,0.001188729,0,0.028934256,1.903862526,0.090929499,0.001079355,0.529831028,2.101103817,,,,0,0,0.006190724,0,0,0,0,0,0,0
5,30,5030,24.25271739,1.350361149,0,29.81192888,622.5991382,8.833763918,0.352969442,173.2647902,144.1498037,,16.78650192,,34.34979219,0,2.024484201,0,0,0,573.5663,52.8206,106.8584998,1111.026183
5,31,5031,0.12056344,0.006712822,0,0.276482895,17.48124767,0.227774773,0.009910624,4.864903474,86.44070626,,17.10603684,,0,0,0.056843172,0,0,0,0,0,0.010572293,0
5,32,5032,0.677541415,0.037724664,0,1.668542121,36.18872717,0.112144374,0.020516435,10.07105831,33.59800885,,51.71694536,,0,0,0.117673639,0,0,0,0,0,8.345176512,0
5,33,5033,3.399637831,0.189287607,0,1.764989643,86.59957811,6.820973475,0.049095803,24.10002972,355.265852,,127.7737704,,0,0.012404744,0.281592869,0,0,0,120.193,11.0688,4.81657428,0
5,34,5034,0.012558692,0.000699252,0,0.099662439,4.557540104,0.545912168,0.002583801,1.268330105,23.6887097,,5.1321072,,0,0,0.014819596,0,0,0,286.6539,26.3984,24.87920452,0
5,35,5035,28.10697986,1.564961691,0,34.02025573,543.9930758,2.829555166,0.308405394,151.3892975,129.615918,,,,0,0.166900192,1.768883572,138.38994,27.178,0,51.9544,4.7846,97.9027576,0
5,36,5036,0.074096281,0.004125589,0,0.035364091,17.70321458,2.530212085,0.010036464,4.926675243,88.76751683,,,,0,0,0.057564934,0,0,0,115.5404,10.6403,0,0
5,37,5037,0.100469533,0.005594019,0,0.138241447,5.500448322,0.114327412,0.003118363,1.530734571,41.11924931,,,,0,0,0.017885619,0,0,0,60.2258,5.5463,0,0
5,38,5038,0.970786865,0.054052206,0,0.276482895,11.11007549,0.119421675,0.006298623,3.091852817,100.2813649,,74.70979306,,0,0,0.03612625,0,0,0,85.0398,7.8314,0.141037945,0
6,1,6001,0.414436825,0.023075327,0,2.507635558,0,7.084829667,0.012239166,6.007932307,227.1838524,0.32545537,0.35421876,,0,0,0.070198706,0,0,0,66.094,6.0867,0.471867256,65.34420536
6,2,6002,3.245165923,0.180686804,0,16.7207853,0,5.056347444,0.06904903,33.89462169,164.4769972,19.25393971,0.08855469,,2.341133795,0.035994944,0.396036183,0.17433,0.205,0,42.6008,3.9232,26.54278591,61.81657867
6,3,6003,0.223544711,0.012446692,0,1.97717419,0,6.5263128,0.010082503,4.94927467,68.8747426,7.563582807,,,0,0.003946964,0.057828993,0,0,0,0,0,0.085274344,33.87629776
6,4,6004,0.158239515,0.008810579,0,0.720141494,0,4.707388912,0.008689572,4.26551643,111.0219731,2.66222493,0.87588953,,0,0,0.049839731,0,0,0,68.2867,6.2886,3.97265349,43.59112309
6,5,6005,0.310199684,0.017271533,0,0.858382941,0,2.609924573,0.012951233,6.357470122,150.7588348,71.74338185,0.33250938,,0,0,0.074282823,0,0,0,81.1296,7.4713,11.97339101,38.52316098
6,6,6006,0.009419019,0.000524439,0,0.054653595,0,2.17398457,0.002340818,1.149055347,45.32145694,,0.01265067,,0,0,0.01342595,0,0,0,0,0,0,27.77775151
6,7,6007,1.405945531,0.078281299,0,22.30509679,0,12.47188089,0.076256664,37.43268766,208.6801903,,2.41747529,,0,0.037917192,0.437376138,35.94825,6.415,579.8,81.756,7.529,13.87479156,92.26867754
6,8,6008,0.048350963,0.002692121,0,0.311846986,0,3.378516813,0.003687198,1.809963056,14.39173726,,10.06428433,,0,0,0.021148218,0,0,0,0,0,19.63244241,29.67269653
6,9,6009,1.365757717,0.076043692,0,7.397524895,0,17.49402789,0.050857044,24.96458338,418.4335031,2.720806896,0.29096541,,0,0.024768727,0.291694606,0,0,0,75.8044,6.9809,3.140785809,175.9417663
6,10,6010,0.846455817,0.047129607,0,5.150297646,0,2.885011189,0.05730606,28.130261,64.30202178,8.956531793,0.08855469,,0,0.027621985,0.32868345,0,0,0,0,0,10.43800821,26.28174229
7,1,7001,0.073468346,0.004090626,0,0.273267977,33.12173613,11.2377415,0.007529906,3.696261956,4.111924931,,0.1265067,,0,0,0.04318837,0,0,0,0,0,0,8.170427188
7,2,7002,0.156355711,0.008705692,0,0.671917733,59.98139402,17.29567978,0.013636188,6.693699386,36.0244845,,7.2400268,,0,0,0.078211439,0,0,0,0,0,0,16.13959405
7,3,7003,0.141913216,0.007901551,0,0.803729345,52.83276932,13.35262178,0.012011018,5.895939587,23.64356835,9.208434249,0.259369,,0,0,0.068890145,0,0,0,48.8535,4.499,0.191857233,30.17033672
7,4,7004,0.096701926,0.005384243,0,0.459733186,57.43201039,19.00711717,0.013056611,6.409197701,0.045141351,,3.99130988,,0,0,0.074887226,0,0,0,0,0,0,7.137675085
7,5,7005,0.020093907,0.001118804,0,0.13502653,45.94065805,22.19175108,0.010444163,5.12680573,0,,,,0,0,0.059903326,0,0,0,0,0,0,7.424287481
7,6,7006,0.027629122,0.001538355,0,0.096447521,56.66472017,19.28440524,0.012882175,6.323570981,0,,2.27201608,,0,0,0.073886734,0,0,0,0,0,0,9.035791336
7,7,7007,0.555722106,0.030941916,0,0.064298348,20.83834228,8.405535399,0.004737395,2.325481112,0,,0.5604743,,0,0,0.027171705,0,0,0,0,0,0,2.400280117
7,8,7008,0.132494197,0.007377112,0,0.858382941,69.87966286,22.64056325,0.015886464,7.798309192,3.083943698,,1.00471206,,0,0,0.091118073,0,0,0,0,0,0,12.16168245
7,9,7009,0.397482591,0.022131336,0,1.764989643,86.24702078,10.71273204,0.019607424,9.624845161,35.97934315,,4.29716298,,0,0,0.112459935,0,0,0,64.2912,5.9207,5.530611906,2.405807078
7,10,7010,0,0,0,0.032149174,14.66176852,5.69249293,0.003333211,1.636198567,0,,,,0,0,0.019117895,0,0,0,0,0,0,1.746914395
7,11,7011,0.003139673,0.000174813,0,0.122166861,38.29025705,18.991703,0.008704919,4.273049572,0,,,,0,0,0.049927751,0,0,0,0,0,0,6.969702851
7,12,7012,0.919296229,0.051185271,0,1.025558645,82.47807322,15.72453644,0.01875059,9.204244701,9.251831095,,0.1036,,0,0,0.107545497,0,0,0,0,0,0.434172919,2.986137962
7,13,7013,0.106748879,0.005943645,0,0.81015918,64.67739017,18.21108933,0.014703778,7.217755004,0,,,,0,0,0.084334682,0,0,0,0,0,0,5.42589637
7,14,7014,0.033280533,0.001853019,0,0.109307191,34.16354074,11.71565186,0.00776675,3.812523456,0.567185343,,0.46639608,,0,0,0.044546809,0,0,0,0,0,0,7.091090702
7,15,7015,0.133750066,0.007447037,0,0.67513265,91.64730384,24.25548647,0.020835126,10.22749657,1.027981233,,,,0,0,0.119501517,0,0,0,0,0,0,7.2020247
7,16,7016,0.030768795,0.001713168,0,0.212184547,35.92763321,14.2176705,0.008167799,4.009389582,18.59394489,,,,0,0,0.046847059,0,0,0,0,0,0,9.56029202
7,17,7017,0.697635321,0.038843467,0,2.507635558,177.0977829,34.74565634,0.040261464,19.76345065,156.3434301,,137.7735878,,0,0,0.230922818,0,0,0,0,0,0.526168463,14.18573445
7,18,7018,0.092934318,0.005174467,0,0.183250291,17.97619225,5.941310091,0.004086713,2.006075867,0.567185343,,,,0,0,0.023439666,0,0,0,0,0,0,3.466193985
7,19,7019,2.173909525,0.121040579,0,8.09194705,286.4670156,43.36689725,0.065125499,31.96864824,35.08678597,,1.04886882,,0,0.01691556,0.37353246,3.74166,0.625,0,0,0,40.32116169,12.85413168
7,20,7020,0.067189,0.003741,0,0.437228764,91.37278945,31.92265661,0.020772718,10.19686179,140.8334289,,84.62901572,,0,0,0.11914357,0,0,0,0,0,0,24.59912076
7,21,7021,0.079747692,0.004440252,0,0.585114963,45.65489308,12.68599973,0.010379197,5.094915427,0,,,,0,0,0.059530709,0,0,0,0,0,0,4.623697489
7,22,7022,0.007535215,0.000419551,0,0.0739431,31.91117268,11.97348007,0.007254696,3.561167599,0,,,,0,0,0.041609882,0,0,0,0,0,0,6.620509468
7,23,7023,0.047723028,0.002657159,0,0.257193391,159.7336227,71.62226762,0.036313891,17.82567527,0,,0.01265067,,0,0,0.208281197,0,0,0,0,0,0,7.145570744
7,24,7024,0.00690728,0.000384589,0,0.019289504,22.46067731,9.406151435,0.005106217,2.506527639,0,,,,0,0,0.029287114,0,0,0,0,0,0,2.263685229
7,25,7025,0.010046953,0.000559402,0,0.048223761,16.3268558,6.70249356,0.003711752,1.822016084,0,,,,0,0,0.02128905,0,0,0,0,0,0,1.77336485
7,26,7026,0.01507043,0.000839103,0,0.13502653,73.34034425,27.29751502,0.016673216,8.184508301,0.567185343,,,,0,0,0.095630553,0,0,0,0,0,0,8.917751245
7,27,7027,0.656191639,0.036535935,0,1.970744355,180.877981,34.10417494,0.041120856,20.18530663,58.59493027,,1.55223774,,0,0.001127704,0.235851925,0,0,0,0,0,42.71640959,16.84262346
7,28,7028,0.035792271,0.001992869,0,0.083587852,10.8725699,3.42057054,0.002471773,1.213338164,0,,,,0,0,0.014177052,0,0,0,0,0,0,3.35170694
7,29,7029,0.032024664,0.001783093,0,0.205754712,12.28564397,2.877696803,0.002793022,1.371031948,0,,,,0,0,0.016019599,0,0,0,0,0,0,1.1922444
7,30,7030,0.060909655,0.003391374,0,0.446873516,67.73980069,23.03843849,0.015399987,7.559508572,31.86741822,,24.42649336,,0,0,0.088327846,0,0,0,0,0,0,13.23312328
7,31,7031,0.042071617,0.002342495,0,0.517601698,237.7947144,105.3357172,0.054060323,26.53700134,1.027981233,,0.7421201,,0,0,0.310067267,0,0,0,0,0,0,29.37283576
7,32,7032,0.163262991,0.00909028,0,0.970905049,60.25140818,15.36276884,0.013697574,6.723831956,8.223849862,,0.1265067,,0,0,0.078563519,0,0,0,0,0,0,18.74745102
7,33,7033,0.007535215,0.000419551,0,0.016074587,15.88583268,7.647058717,0.00361149,1.772799552,0,,,,0,0,0.020713987,0,0,0,0,0,0,1.290940129
7,34,7034,0.263732525,0.014684299,0,1.848577494,133.6390049,39.50374814,0.030381532,14.91361346,91.49032972,,1.38423216,,0,0,0.174255686,0,0,0,0,0,0.119335199,23.12164571
7,35,7035,0.023861514,0.001328579,0,0.257193391,23.70949277,6.519076108,0.005390123,2.645890776,54.48300534,,,,0,0,0.03091548,0,0,0,0,0,0,6.8415879
7,36,7036,0.009419019,0.000524439,0,0.115737026,15.63381947,5.742662316,0.003554197,1.74467582,0,,,,0,0,0.02038538,0,0,0,0,0,0,2.008260684
7,37,7037,0.113028225,0.006293271,0,0.726571328,66.90725705,21.65447409,0.015210716,7.466599814,20.09882877,14.0655302,,,0,0,0.087242269,0,0,0,31.6571,2.9153,0,21.00956501
7,38,7038,0.003139673,0.000174813,0,0.045008843,42.87824753,17.49414142,0.009747954,4.785052162,0,,0.6216,,0,0,0.055910162,0,0,0,0,0,0,3.586207991
7,39,7039,0.013186626,0.000734215,0,0.115737026,45.66614367,21.41353656,0.010381755,5.096170951,0,,,,0,0,0.059545379,0,0,0,0,0,0,13.68001754
7,40,7040,0.76042878,0.042339729,0,2.806622874,106.7118435,20.91398929,0.024259903,11.90864288,46.30429683,100.2246322,,,0,0,0.139144597,0,0,0,19.1506,1.7636,0.789492515,13.58451955
7,41,7041,0.086654972,0.004824841,0,0.302202234,87.891857,34.61709712,0.019981362,9.808402735,30.42378244,,0.97266405,,0,0,0.114604683,0,0,0,0,0,0,21.77385684
7,42,7042,0.008791084,0.000489477,0,0.109307191,19.77628661,7.384620179,0.004495947,2.206959669,0,,,,0,0,0.025786861,0,0,0,0,0,0,2.332377456
7,43,7043,0.034536402,0.001922944,0,0.231474051,22.46292743,7.462042526,0.005106729,2.506778744,1.027981233,,,,0,0,0.029290048,0,0,0,0,0,0,0.94432073
7,44,7044,0.047095094,0.002622196,0,0.144671282,52.84852014,16.58513944,0.012014599,5.89769732,0.045141351,,29.92687406,,0,0,0.068910683,0,0,0,0,0,0,7.781802888
7,45,7045,0.007535215,0.000419551,0,0.045008843,11.28209137,5.122524999,0.002564874,1.259039229,1.027981233,,,,0,0,0.014711039,0,0,0,0,0,0,0.660866598
7,46,7046,0.071584542,0.003985738,0,0.376145334,81.5217731,18.78807709,0.018533185,9.097525181,266.5179874,,26.27896152,,0,0,0.10629855,0,0,0,0,0,0,19.36173324
7,47,7047,0.099841599,0.005559056,0,0.20896963,36.62741989,12.09987947,0.008326889,4.08748316,0,,1.04214422,,0,0,0.047759531,0,0,0,0,0,0,3.37065652
7,48,7048,0.077235954,0.004300402,0,0.520816616,45.12836548,11.98918503,0.010259496,5.036156915,25.69953082,,,,0,0,0.058844155,0,0,0,47.8764,4.409,0,4.783979352
7,49,7049,0.064677262,0.00360115,0,0.241118804,38.48826743,15.18067799,0.008749935,4.29514679,0,,,,0,0,0.050185943,0,0,0,0,0,0,5.294828443
7,50,7050,0.012558692,0.000699252,0,0.038579009,11.88062274,4.459156982,0.002700944,1.325833093,26.72751205,,,,0,0,0.015491481,0,0,0,0,0,0,4.271930121
7,51,7051,0.462159853,0.025732486,0,1.665327204,83.08335495,19.71525055,0.018888195,9.271791879,46.25915548,,,,0,0,0.108334741,0,0,0,45.9223,4.2291,0,61.98150967
7,52,7052,0.27817502,0.015488439,0,0.745860833,229.1790128,96.21955793,0.052101627,25.57552125,10.89213902,,0.1265067,,0,0,0.298833009,0,0,0,0,0,0.32318351,37.00695036
7,53,7053,0.00816315,0.000454514,0,0.025719339,14.99028574,4.992726643,0.003407896,1.672859861,0,,0.01265067,,0,0,0.019546258,0,0,0,0,0,0,1.146370626
7,54,7054,0.109260617,0.006083495,0,0.733001163,53.90832569,15.43486223,0.012255535,6.015967659,196.3444155,10.59357231,,,0,0,0.070292594,0,0,0,0,0,0,17.40073596
7,55,7055,0.021349776,0.001188729,0,0.231474051,10.74881342,3.416660325,0.002443639,1.199527402,13.36375603,,,,0,0,0.014015682,0,0,0,0,0,0,2.42238796
7,56,7056,0.003767607,0.000209776,0,0.003214917,22.75319265,9.456454308,0.005172718,2.539171257,0,,,,0,0,0.029668533,0,0,0,0,0,0,1.642296922
7,57,7057,0.416948563,0.023215178,0,2.054332207,130.1265708,39.03817366,0.029583014,14.52163894,0,,0.06325335,,0,0,0.169675723,0,0,0,0,0,0.84119804,21.18839378
7,58,7058,0,0,0,0,9.443745009,0,0.002146944,1.053886646,0,,,,0,0,0.012313967,0,0,0,0,0,0,3.425136562
7,59,7059,0.374876946,0.020872682,0,3.063816265,399.2586778,179.067091,0.09076759,44.55577617,27.43012145,,5.25812122,,0,0,0.520604704,0,0,0,0,0,0.124707202,53.09151167
7,60,7060,0.03014086,0.001678206,0,0.086802769,25.70084715,9.202982174,0.005842838,2.868118482,0,,,,0,0,0.033512063,0,0,0,0,0,0,2.416071434
7,61,7061,1.337500661,0.074470374,0,1.838932742,172.2375281,48.01773926,0.039156532,19.22106438,122.3749081,,1.50182621,,0,0.0140963,0.224585394,0,0,0,0,0,0.545929758,32.89489153
7,62,7062,0.021349776,0.001188729,0,0.20896963,35.70487153,14.19435442,0.008117156,3.984530212,2.055962466,,,,0,0,0.046556594,0,0,0,0,0,0,6.035441189
7,63,7063,0.013814561,0.000769178,0,0.241118804,8.15217731,1.698322882,0.001853318,0.909752518,0,,,,0,0,0.010629855,0,0,0,0,0,0,2.724002107
7,64,7064,0.043327486,0.002412421,0,0.167175704,98.50566334,38.05027326,0.022394308,10.99286385,0,,,,0,0,0.128444326,0,0,0,0,0,0,7.968298337
7,65,7065,0.472206806,0.026291888,0,5.954026991,236.050873,77.48852586,0.053663878,26.34239516,83.35676256,,,,0,0,0.307793423,0,-0.002,0,147.3421,13.569,3.958827946,36.29126421
7,66,7066,0.036420206,0.002027832,0,0.302202234,46.10716678,15.78441692,0.010482017,5.145387482,0,,,,0,0,0.060120441,0,0,0,0,0,0,4.317345948
7,67,7067,0.016954234,0.000943991,0,0.070728182,23.80624784,8.041559539,0.00541212,2.656688281,0,,0.0518,,0,0,0.031041641,0,0,0,0,0,0,1.271200983
7,68,7068,0.124331047,0.006922598,0,1.01912881,66.12196589,17.39545653,0.015032188,7.378964255,2.101103817,,,,0,0,0.086218305,0,0,0,69.7628,6.4246,34.75743921,5.343781524
7,69,7069,0.251801768,0.014020009,0,1.530300674,103.1881588,25.59110844,0.023458828,11.51541284,83.44704526,,1.76973886,,0,0,0.134549964,0,0,0,127.6053,11.7514,0.100725048,6.433382367
7,70,7070,0.013186626,0.000734215,0,0.180035373,29.94681971,11.17512996,0.006808119,3.34195315,0,,,,0,0,0.039048507,0,0,0,0,0,0,2.301979172
7,71,7071,0.086654972,0.004824841,0,0.511171864,59.41661442,21.83989173,0.013507791,6.630672093,55.51098657,19.78768652,0.10300134,,0,0,0.077475007,0,0,0,35.9562,3.3113,0.183703301,11.92469427
7,72,7072,0.091678449,0.005104542,0,0.260408308,67.96481249,23.21301571,0.015451141,7.584619047,1.027981233,,0.03795201,,0,0,0.088621245,0,0,0,0,0,0,7.530089302
7,73,7073,0.063421393,0.003531224,0,0.218614382,19.42751833,5.755895709,0.004416658,2.168038433,0,,0.05120134,,0,0,0.025332092,0,0,0,0,0,0,0.975113798
7,74,7074,1.247706016,0.06947072,0,1.617103443,78.09259335,6.292943044,0.017753594,8.714841538,38.03530561,,,,0,0,0.101827146,0,0,0,0,0,1.759714544,3.116416323
7,75,7075,0.16577473,0.009230131,0,0.620479055,59.71813022,19.92986447,0.013576338,6.66432013,8.223849862,18.48586504,,,0,0,0.077868162,0,0,0,0,0,0.05755717,5.233242308
7,76,7076,0.016954234,0.000943991,0,0.067513265,55.87267866,27.7558427,0.012702112,6.235182108,0,,,,0,0,0.072853969,0,0,0,0,0,0,11.05786942
7,77,7077,0.05211857,0.002901897,0,0.485452525,127.3566756,58.87848911,0.028953306,14.21252899,1.027981233,,,,0,0,0.166063978,0,0,0,40.0599,3.6892,0,23.77298225
7,78,7078,1.864337776,0.103804009,0,15.2226338,407.2060944,23.87841969,0.092574358,45.44267815,3.129085049,,0.90459935,,0,0.00563852,0.530967566,0.05967,0.035,0,0,0,34.01450866,6.344161428
7,79,7079,0.129982459,0.007237262,0,0.662272981,70.24418196,17.20463099,0.015969334,7.838988162,0.090282702,,,,0,0,0.091593379,0,0,0,0,0,0,5.349308485
7,80,7080,0.030768795,0.001713168,0,0.450088433,85.66199011,30.5951175,0.019474423,9.559557925,0,,2.67858462,,0,0,0.111697096,0,0,0,0,0,0,14.51477811
7,81,7081,0.084771169,0.004719953,0,0.443658599,73.5338544,23.83797639,0.016717209,8.20610331,0,,,,0,0,0.095882877,0,0,0,0,0,0,19.20145137
7,82,7082,0.001883804,0.000104888,0,0.045008843,25.90335777,8.171507135,0.005888877,2.89071791,0,,0.02530134,,0,0,0.033776122,0,0,0,0,0,0,3.441717444
7,83,7083,0.041443682,0.002307533,0,0.112522108,36.32365396,14.00972526,0.008257831,4.053584019,23.18277246,54.06464613,,,0,0,0.047363442,0,0,0,0,0,0,10.65834911
7,84,7084,0.021349776,0.001188729,0,0.080372935,18.16295204,7.183815669,0.004129171,2.026917562,0,,,,0,0,0.023683188,0,0,0,0,0,0,1.454380255
7,85,7085,0.038931944,0.002167682,0,0.115737026,21.46162495,6.414668381,0.004879092,2.395037129,0,,0.8855469,,0,0,0.027984421,0,0,0,0,0,0,3.21353292
7,86,7086,0.135005935,0.007516963,0,0.295772399,44.54558493,10.72733854,0.010127007,4.971120784,16.44769972,,8.7708685,,0,0,0.058084251,0,0,0,0,0,2.288420293,6.304683137
7,87,7087,0.117423767,0.006538009,0,1.263462531,76.1552418,12.23729861,0.017313156,8.498640346,44.24833436,,,1.434599837,0,0,0.099300978,0,0,0,27.9442,2.5734,0,10.37700312
7,88,7088,0.006279346,0.000349626,0,0.01285967,4.88050582,2.158647908,0.001109536,0.544646208,0,,,,0,0,0.00636383,0,0,0,0,0,0,0.704292719
7,89,7089,2.069672385,0.115236785,0,19.04517057,641.5423775,72.40285526,0.145848441,71.59373149,353.1647482,6.843024617,0.15180804,,0,0,0.836525286,31.97844,4.913,2.9,102.3969,9.4299,53.54476486,49.49049932
7,90,7090,0.010046953,0.000559402,0,0.064298348,9.184981446,3.228353509,0.002088116,1.025009599,0,,,,0,0,0.011976558,0,0,0,0,0,0,0.893788517
7,91,7091,0.09042258,0.005034617,0,0.446873516,22.02865467,4.759174459,0.005008001,2.458315526,0,,,,0,0,0.028723787,0,0,0,0,0,0,1.879166671
7,92,7092,0.119935505,0.00667786,0,1.060922736,83.89789765,32.74072519,0.019073374,9.362691799,0,,,,0,0,0.109396846,0,0,0,0,0,0.095928617,7.011344553
7,93,7093,0.036420206,0.002027832,0,0.093232604,90.66175218,35.61211687,0.020611071,10.11751269,0,,,,0,0,0.118216428,0,0,0,0,0,0,8.382820396
7,94,7094,0.228568188,0.012726393,0,0.626908889,80.27520776,27.34662379,0.01824979,8.958413148,2.055962466,,1.1396,,0,0,0.104673118,0,0,0,0,0,0,5.601179984
7,96,7096,0.162007122,0.009020355,0,0.646198394,148.7192954,73.08471996,0.03380989,16.59651751,0,,,,0,0,0.193919304,0,0,0,0,0,0,21.83307428
7,97,7097,0.555722106,0.030941916,0,4.025076562,176.4272477,33.34560931,0.040109025,19.68862143,80.31796021,,6.45272378,,0,0,0.230048488,0,0,0,144.2155,13.281,0,3.422767865
7,98,7098,0.018838037,0.001048879,0,0.006429835,13.57946179,4.736640436,0.003087159,1.515417181,2.055962466,,,,0,0,0.017706645,0,0,0,0,0,2.971576552,5.467743359
7,99,7099,0.118679636,0.006607935,0,0.392219921,133.2159827,52.06645302,0.030285362,14.86640576,144.0076553,,,,0,0,0.173704095,0,0,0,0,0,0,30.39986351
7,100,7100,0.01507043,0.000839103,0,0.115737026,70.2239309,33.03853831,0.01596473,7.836728219,0,,,,0,0,0.091566974,0,0,0,0,0,0,9.283715006
7,101,7101,6.493471519,0.36154842,0,39.72351917,1196.999743,16.24691364,0.272126288,133.5806974,10.37009503,,3.23825628,,29.99364227,0.055821348,1.560801886,44.27865,13.464,0,0,0,0,3.567258411
7,102,7102,0.093562253,0.00520943,0,0.462948103,77.26454995,28.92731985,0.017565346,8.622434989,29.81145575,,,,0,0,0.100747436,0,0,0,0,0,222.7836131,9.612861313
7,103,7103,0.123075178,0.006852673,0,0.106092274,56.47571027,22.31728305,0.012839205,6.302478181,2.055962466,4.792004873,0.68756418,,0,0,0.073640279,0,0,0,15.2423,1.4037,12.92788974,8.590792035
7,104,7104,0.062165524,0.003461299,0,0.090017687,29.28303492,10.0738143,0.006657214,3.267877248,14.49812671,24.39613456,0.73373886,,0,0,0.038182979,0,0,0,0,0,6.739658159,5.695927883
7,105,7105,0.031396729,0.001748131,0,0.218614382,29.39779093,10.08497007,0.006683303,3.280683591,0,,0.01265067,,0,0,0.038332613,0,0,0,0,0,0,3.606191902
7,106,7106,0.825106042,0.045940878,0,1.716765882,131.4811418,39.25489444,0.029890963,14.672804,34.07491149,99.99290799,1.16490134,,0,0,0.171441987,0,0,0,0,0,0,34.01024801
7,107,7107,0.46592746,0.025942262,0,1.308471374,151.6646998,36.27321937,0.034479499,16.92521363,187.0925844,,82.57236818,,0,0,0.1977599,0,0,0,0,0,0.778268867,37.91100323
7,108,7108,1.1893081,0.066219196,0,3.022022339,216.2138332,40.04574863,0.049154119,24.12865566,323.904371,,3.54595835,,0,0.001127704,0.281927344,0,0,0,0,0,1.387756885,32.48787034
7,109,7109,0.189008309,0.010523748,0,1.131650918,77.09354098,16.58563275,0.017526469,8.603351028,0,,,,0,0,0.100524453,0,0,0,0,0,0.940580087,5.079276972
7,110,7110,0.020093907,0.001118804,0,0.1478862,13.71446887,4.913128854,0.003117852,1.530483466,0,,,,0,0,0.017882685,0,0,0,0,0,2.140838939,3.506856625
7,111,7111,0.165146795,0.009195168,0,0.096447521,71.82376476,30.36121275,0.016328437,8.015263698,0,,4.94763421,,0,0,0.093653042,0,0,0,0,0,0,7.921713953
7,112,7112,0.01507043,0.000839103,0,0.054653595,61.32921467,23.3427091,0.013942602,6.844111132,0,,,,0,0,0.079968901,0,0,0,0,0,0,6.992394973
7,113,7113,0.001883804,0.000104888,0,0.016074587,12.18663878,1.810532404,0.002770514,1.359983339,0,,,,0,0.00845778,0.015890504,0,0,0,0,0,0,0
7,114,7114,0.064677262,0.00360115,0,0.469377938,36.75117637,3.640008094,0.008355024,4.101293922,7.195868629,,,,0,0,0.0479209,0,0,0,0,0,0,9.340540059
7,115,7115,0.016326299,0.000909028,0,0.215399465,25.84035446,2.559349351,0.005874554,2.883686977,1.027981233,,,,0,0,0.03369397,0,0,0,0,0,0,0
7,116,7116,0.03830401,0.00213272,0,0.128596695,20.43557116,2.024034379,0.004645829,2.280533362,7.195868629,,,,0,0,0.02664652,0,0,0,0,0,0,8.891300789
7,117,7117,0.008791084,0.000489477,0,0.102877356,16.43711158,2.44201241,0.003736818,1.834320217,0,,0.4719313,,0,0,0.021432816,0,0,0,0,0,0,0
7,118,7118,0,0,0,0.006429835,7.447890393,1.106510757,0.001693206,0.831156731,0,,,,0,0,0.009711515,0,0,0,0,0,0,0
7,119,7119,0.005651411,0.000314664,0,0.009644752,7.128373645,1.059041111,0.001620567,0.795499856,0,,,,0,0,0.009294888,0,0,0,0,0,0,0
8,1,8001,0.206590478,0.011502701,0,0.662272981,15.21586226,0.216455608,0.005946682,2.919092747,396.1048708,,,,0,0,0.034107663,0,0,0,433.1712,39.8914,0,192.548554
8,2,8002,0.717101293,0.039927308,0,0.919466371,26.19746091,0.484659722,0.010238523,5.02586162,406.2782937,,,,0,0,0.058723861,0,0,0,425.3523,39.1713,0.069436059,122.8564756
8,3,8003,0,0,0,0.163960786,10.49207328,0.370134036,0.004100525,2.012855696,214.0167686,,,,0,0,0.023518884,0,0,0,103.7317,9.5528,0,85.631776
8,4,8004,0.185868636,0.010348935,0,0.070728182,8.609887478,0.021711143,0.003364927,1.651767062,8.420522018,,,,0,0,0.019299803,0,0,0,0,0,0,0
8,5,8005,0.514906358,0.028669346,0,0.636553642,29.30869571,0.339178725,0.01145446,5.622737617,623.6140951,,,,0,0.00563852,0.065697961,0,0,0,267.9302,24.6741,51.92498346,363.320338
8,6,8006,0.009419019,0.000524439,0,0.022504422,7.376911801,1.076388781,0.002883054,1.415226385,530.4383161,,,,0,0,0.016535982,0,0,0,0,0,0,292.7409391
8,7,8007,0.025745318,0.001433467,0,0.138241447,20.71844161,16.83826463,0.008097206,3.974737126,109.1014347,,28.58875863,,0,0,0.046442168,0,0,0,0,0,0,112.3689885
8,8,8008,0.091678449,0.005104542,0,0.102877356,17.64909133,15.55442173,0.006897639,3.385896482,1.640307927,,1.265067,,0,0,0.039561956,0,0,0,0,0,0,1.154585744
8,9,8009,0.24803416,0.013810234,0,1.231313357,40.50887923,33.14081746,0.015831729,7.771440983,37.00732438,,51.41248014,,0,0,0.090804135,0,0,0,165.7623,15.2653,0,20.83599643
8,10,8010,1.054302164,0.058702234,0,0.761935419,27.11892044,0.793779974,0.010598649,5.202639366,979.205319,,,,0,0.001691556,0.060789392,0,0,0,0,0,0.047117326,285.5140876
8,11,8011,1.777682804,0.098979168,0,1.990033859,62.3254807,0.76552706,0.024358119,11.956855,344.2901547,,,,0,0.010713188,0.139707923,0,0,0,221.5376,20.4017,15.75317619,120.1196798
8,12,8012,0.013186626,0.000734215,0,0.067513265,11.02610096,8.553561068,0.004309234,2.115306435,246.2547,,,,0,0,0.024715953,0,0,0,0,0,0,130.8637416
8,13,8013,0.045839225,0.002552271,0,0.099662439,10.54442893,2.995274704,0.004120986,2.022899886,284.7959428,,23.98689798,,0,0.000563852,0.023636244,0,0,0,134.747,12.409,0,116.9231878
8,14,8014,0.009419019,0.000524439,0,0.022504422,2.57589823,0.28761756,0.001006716,0.494174153,113.0779356,,,,0,0,0.005774097,0,0,0,0,0,0,23.95765419
8,15,8015,0.004395542,0.000244738,0,0.086802769,1.821976797,0.185223845,0.000712067,0.349537815,104.6351034,,,,0,0,0.004084118,0,0,0,0,0,0,1.411160354
8,16,8016,0.011930757,0.00066429,0,0.048223761,4.342901589,0.231842689,0.001697298,0.833165569,131.1208019,,,,0,0,0.009734987,0,0,0,53.9509,4.9684,0,25.58262671
8,17,8017,3.885031263,0.21631371,0,5.802925874,179.6924616,4.523980391,0.070227624,34.47316704,4087.253382,,,,0,0,0.402796101,0,0,0,142.8266,13.1531,4.338787209,1181.162597
8,18,8018,0,0,0,0.006429835,6.0261359,0.737808941,0.002355142,1.15608628,1225.353629,,,,0,0,0.013508102,0,0,0,0,0,0.061996482,490.4209853
8,19,8019,43.00096022,2.394239999,0,43.22777911,1047.389278,3.365799606,0.409341938,200.9367851,695.0055961,,,,10.12888781,0.247531028,2.347813114,230.24079,42.236,0,565.5726,52.0844,192.2152825,253.1108525
8,20,8020,0.003767607,0.000209776,0,0.067513265,10.37296416,8.60613207,0.004053974,1.990005163,2.055962466,,6.295041155,,0,0,0.023251891,0,0,0,0,0,0,0.160359131
8,21,8021,6.359093519,0.35406642,0,4.613406443,172.8050752,0.689367996,0.067535887,33.15185384,456.4236674,,,,0,0.05356594,0.387357433,0,0,0,47.6958,4.3924,10.92171436,164.132916
8,22,8022,0.003767607,0.000209776,0,0.01285967,3.153119327,0.349829507,0.001232306,0.604911349,134.2047456,,,,0,0,0.007067988,0,0,0,0,0,0,61.12890077
8,23,8023,0.103609206,0.005768832,0,0.01285967,4.770909069,0.198100024,0.001864572,0.915276823,225.12789,,,,0,0,0.010694403,0,0,0,0,0,0,55.67669032
8,24,8024,0.022605645,0.001258654,0,0.118951943,4.700228935,0.125194928,0.001836949,0.901717166,233.3517398,,,,0,0,0.010535967,0,0,0,0,0,0,111.2250933
8,25,8025,0.604073069,0.033634037,0,0.347211077,9.490771375,2.759700861,0.003709195,1.82076056,369.0452626,,,,0,0,0.02127438,0,0,0,0,0,0,270.7931194
8,26,8026,0.009419019,0.000524439,0,0.006429835,3.80232945,0.316333987,0.001486031,0.729459306,272.4150267,,,,0,0,0.008523248,0,0,0,0,0,0,74.97323909
8,27,8027,0.206590478,0.011502701,0,0.723356411,63.06762211,48.4838376,0.024648164,12.09923139,110.2005673,,39.49045958,,0,0,0.141371497,0,0,0,0,0,0,208.3172019
8,28,8028,0.019465972,0.001083841,0,0.106092274,11.52871525,0.148353746,0.004505666,2.211730659,124.3857292,,,,0,0.00845778,0.025842606,0,0,0,0,0,0,44.02392679
8,29,8029,0.177705487,0.009894421,0,0.40507959,70.02961535,62.6731563,0.027369059,13.43485757,45.456881,,88.38690816,,0,0,0.156977403,0,0,0,0,0,0,195.6702118
8,30,8030,0.021349776,0.001188729,0,0.189680126,10.57715122,8.710935736,0.004133775,2.029177504,1.027981233,,21.66642361,,0,0,0.023709594,0,0,0,111.5507,10.2729,0,1.069060874
8,31,8031,0.27126774,0.01510385,0,0.642983476,47.92636666,16.0971226,0.01873064,9.194451615,1967.55608,,10.90096676,,0,0,0.107431071,0,0,0,354.4602,32.6428,0,682.0180752
8,32,8032,3.459291616,0.192609056,0,6.442694433,136.5474751,2.272280978,0.053365648,26.19600109,141.9516928,,,,0,0,0.306082905,0,0,0,82.3599,7.5846,6.557275686,32.7774064
8,33,8033,0,0,0,0,1.294493572,0.306402029,0.000505916,0.2483426,19.53164342,,,,0,0,0.002901719,0,0,0,0,0,0,10.23091256
8,34,8034,0.495440386,0.027585505,0,0.070728182,8.286591308,3.806633442,0.003238576,1.589744188,443.0599113,,,,0,0,0.018575107,0,0,0,0,0,0,191.2977528
8,35,8035,0.005023477,0.000279701,0,0.212184547,10.14914374,0.956142242,0.003966501,1.94706625,816.2170988,,1.1505335,,0,0,0.022750178,0,0,0,0,0,0,321.2100302
8,36,8036,1.076907809,0.059960888,0,1.588169187,54.417159,0.833609667,0.02126738,10.43968008,400.2619371,,,,0,0,0.12198074,0,0,0,0,0,1.291123164,224.0644686
8,37,8037,144.9210223,8.069022334,0,57.38949018,1811.639173,2.237716823,0.708027001,347.5545901,162.0505216,,,8.016792849,0,0.486604276,4.060944959,224.2422,42.236,0,253.3348,23.33,184.5251759,37.6737052
8,38,8038,0.011302822,0.000629327,0,0.041793926,5.675353011,0.146592467,0.002218048,1.088790207,231.3409187,,,,0,0,0.012721792,0,0,0,0,0,0,49.70064003
8,39,8039,0.020093907,0.001118804,0,0.118951943,5.027451779,0.243483784,0.001964835,0.964493354,153.3497691,,,,0,0,0.011269465,0,0,0,40.398,3.7203,0,46.34378889
8,40,8040,0.36169032,0.020138467,0,0.816589015,40.61751721,23.31091488,0.015874187,7.792282678,919.3182837,,127.5333684,,0,0,0.091047657,0,0,0,259.3294,23.882,0,340.2393137
8,41,8041,0.004395542,0.000244738,0,0.022504422,2.982963448,2.747194121,0.001165805,0.572267731,1.027981233,,5.51869206,,0,0,0.006686569,0,0,0,0,0,0,0.620055307
8,42,8042,0.003767607,0.000209776,0,0.051438678,2.039252765,0.420314609,0.000796983,0.391221204,34.95136191,,,,0,0,0.00457116,0,0,0,0,0,0,2.426768184
8,43,8043,0.327781852,0.018250486,0,0.067513265,4.056254377,1.867764555,0.00158527,0.778173628,159.3370911,,,,0,0,0.009092443,0,0,0,72.4558,6.6726,0,74.38525561
8,44,8044,0.097957795,0.005454168,0,0.064298348,5.502579349,0.512061818,0.002150525,1.055644379,140.8785702,,,,0,0,0.012334505,0,0,0,50.3021,4.6324,2.519041042,75.24050431
8,45,8045,2.667466107,0.148521196,0,0.778010006,55.04280908,0.36557613,0.021511897,10.55970815,831.6368173,,,,0,0,0.123383189,0,0,0,0,0,0,196.3223389
8,46,8046,0.001255869,6.99E-05,0,0.035364091,8.895225798,7.743156911,0.003476443,1.706507898,0,,,,0,0,0.019939413,0,0,0,0,0,0,0
8,47,8047,0.006279346,0.000349626,0,0.0739431,6.735555026,6.053860498,0.002632398,1.292185056,3.190333152,,4.3771,,0,0,0.015098326,0,0,0,0,0,0,1.069060874
8,48,8048,0.092934318,0.005174467,0,0.408294507,25.47233509,2.20047103,0.009955129,4.886749587,2827.515575,,,,0,0,0.057098429,0,0,0,0,0,0.042166314,1312.731919
8,49,8049,0.010674888,0.000594364,0,0.009644752,3.600760178,2.182956236,0.001407253,0.690789174,24.67154959,,1.56868308,,0,0,0.008071414,0,0,0,0,0,0,30.46823491
8,50,8050,2.650511873,0.147577206,0,2.655521757,70.9772527,0.905756915,0.027739415,13.61665741,520.1585038,,,,0,0,0.159101614,0,0,0,156.9008,14.4492,1.76305792,140.5921955
8,51,8051,0.000627935,3.50E-05,0,0.064298348,7.920101722,7.026075129,0.003095344,1.519434857,7.763053973,,23.68607796,,0,0,0.017753589,0,0,0,0,0,0.312958239,2.694033402
8,52,8052,0.523069507,0.02912386,0,1.4981515,26.57703941,0.542478638,0.010386871,5.098681998,398.6216292,,,1.66766048,0,0,0.059574719,0,0,0,192.8681,17.7615,0.642066463,179.2601273
8,53,8053,0.149448431,0.008321103,0,0.157530952,10.80882499,0.115999625,0.004224318,2.073623046,176.3519761,,,,0,0,0.02422891,0,0,0,0,0,0,63.7267187
8,54,8054,0.013186626,0.000734215,0,0.003214917,9.679251733,1.375538995,0.003782857,1.856919644,1618.04246,,,,0,0,0.021696875,0,0,0,57.8604,5.3285,0,548.2144162
8,55,8055,0.031396729,0.001748131,0,0.064298348,21.45011189,0.345921166,0.008383159,4.115104683,533.5222598,,,,0,0,0.04808227,0,0,0,81.3173,7.4886,0,114.7423036
8,56,8056,0.001255869,6.99E-05,0,0,2.600767166,0.937163956,0.001016435,0.498945143,76.07061123,,,,0,0,0.005829843,0,0,0,0,0,0,24.68461558
8,57,8057,0.005651411,0.000314664,0,0.028934256,2.836367614,0.540059184,0.001108513,0.544143999,57.56694904,,,,0,0,0.006357962,0,0,0,0,0,0,0.331408871
8,58,8058,0,0,0,0.016074587,3.386101992,0.117887248,0.00132336,0.649607995,113.0779356,,,,0,0,0.007590239,0,0,0,0,0,0,18.05643816
8,59,8059,0.031396729,0.001748131,0,0.122166861,6.035298139,0.332176162,0.002358722,1.157844013,29.8565971,,,,0,0,0.01352864,0,0,0,0,0,0,7.226851508
8,60,8060,0.060909655,0.003391374,0,0.347211077,12.72765975,0.55790353,0.004974239,2.441742613,59.7131942,,3.41656298,,0,0,0.028530144,0,0,0,75.0622,6.9126,93.89168756,19.31792999
8,61,8061,0.00816315,0.000454514,0,0.022504422,4.773526852,1.185692799,0.001865596,0.915779032,229.2398149,,,,0,0,0.010700271,0,0,0,0,0,0,91.88578212
8,62,8062,0.612864153,0.034123514,0,0.569040377,36.11885755,0.301129842,0.014116015,6.929235643,579.7814153,,,,0,0,0.080963524,0,0,0,46.3926,4.2724,189.5509542,155.7942412
8,63,8063,0.012558692,0.000699252,0,0.077158017,7.989472965,6.381382735,0.003122455,1.532743409,271.4773282,,121.2746869,,0,0,0.017909091,0,0,0,83.1418,7.6566,0,127.410675
8,64,8064,0.003139673,0.000174813,0,0.006429835,2.255219843,0.338531805,0.000881388,0.432653488,38.12558831,,,,0,0,0.005055269,0,0,0,0,0,0,21.52019539
8,65,8065,0.03830401,0.00213272,0,0.543321038,26.88986445,21.33451458,0.010509129,5.158696034,1.640307927,,37.2712641,,0,0,0.060275943,0,0,0,138.6565,12.7691,0,0.791105047
8,66,8066,0.007535215,0.000419551,0,0.045008843,10.20935274,9.578330891,0.003990032,1.958617069,2.20749327,,38.27068414,,0,0,0.022885142,0,0,0,0,0,0,0
8,67,8067,0.027629122,0.001538355,0,0.228259134,5.405721387,0.870999191,0.002112671,1.037062628,234.4248624,,,,0,0,0.012117389,0,0,0,0,0,0,74.91978605
9,2,9002,33.46577358,1.863332663,2.73,18.27,9.68,0,0,78.32,0,,,,0,0.039900111,5,0,0,0,42.0354,3.8711,0,0
9,3,9003,14.47954354,0.806202981,4.03,26.97,14.41,0,0,116.59,0,,,,11,1,7,0,0,0,0,0,5.480679012,0
9,4,9004,3.508898448,0.195371103,1.17,7.83,4.29,0,0,34.71,0,,0.692339782,,0,0.014672475,2,0,0,0,0,0,28.63111446,0.222853047
9,5,9005,21.33847299,1.188099645,7.54,50.46,27.17,0,0,219.83,0,,1.30991908,,11,1,14,0,0,0,64.8695,5.9739,27.60227783,0
9,6,9006,21.28258681,1.184987972,2.47,16.53,9.02,0,0,72.98,0,,,,0,0.035901324,5,0,0,0,0,0,7.741272795,0
9,7,9007,46.1889841,2.571745205,11.83,79.17,42.68,0,0,345.32,0,,0.49513,,0,1,23,0,0,0,0,0,4.04965465,0
9,8,9008,1.095745847,0.061009766,1.43,9.57,5.39,0,0,43.61,2,,0.536218541,,0,0.020462098,3,0,0,0,42.0354,3.8711,187.6924816,0.569989523
9,9,9009,0.951320893,0.052968364,0.78,5.22,2.97,0,0,24.03,1,,47.10559273,,0,0.009391573,2,0,0,0,0,0,1.3577745,38.86214282
9,10,9010,10.60455923,0.590448673,4.55,30.45,16.61,0,0,134.39,0,,0.469452822,,11,1,9,0,0,0,47.7439,4.3968,0,0.278566308
9,11,9011,6.352814173,0.353716794,2.34,15.66,8.47,0,0,68.53,2,,0.97549974,,0,0.02927817,4,0,0,0,17.1255,1.5771,48.55199714,19.3453587
9,12,9012,9.800175032,0.545661561,3.9,26.1,14.3,0,0,115.7,1,,20.76445597,,0,1,7,0,0,0,190.9757,17.5872,0.463909456,28.94089661
9,13,9013,9.258895422,0.515523785,2.73,18.27,9.68,0,0,78.32,0,,2.324071927,,0,0.033539883,5,0,0,0,0,0,129.5557898,5.044192997
9,14,9014,14.35018902,0.799000682,2.34,15.66,8.36,0,0,67.64,0,,,,0,0.042756638,4,0,0,0,0,0,3.73633231,0
9,15,9015,25.63542934,1.427348831,3.38,22.62,12.21,0,0,98.79,0,,,,0,1,6,0,0,0,15.5687,1.4337,193.3585145,0
9,16,9016,26.25268903,1.461717084,2.34,15.66,8.25,0,0,66.75,0,,,,0,0.037091835,4,0,0,0,57.0851,5.2571,68.40451581,0
9,17,9017,9.604259442,0.534753224,2.86,19.14,10.23,0,0,82.77,0,,,,11,0.042008417,5,2333.44449,409.831,0,0,0,536.1296861,0
10,1,10001,0.259336983,0.014439561,0,0.633338724,32.7782797,6.455474432,0.014504788,7.120075255,899.6351095,,14.155201,,0,0,0.083193359,0,0,0,135.3434,12.464,0,501.5980083
10,2,10002,0.036420206,0.002027832,0,0.090017687,4.62398585,4.025475507,0.00204617,1.00441901,4.111924931,,7.65529182,,0,0,0.01173597,0,0,0,0,0,0,7.212503515
10,3,10003,0,0,0,0.028934256,4.784669358,2.507967391,0.002117274,1.03932257,121.3017855,,,,0,0,0.012143795,0,0,0,0,0,0,31.75307898
10,4,10004,0.275035347,0.015313626,0,0.787654759,35.3908317,1.897438251,0.015660874,7.687571996,1100.317157,,,,0,0,0.089824182,0,0,0,122.6316,11.2933,29.90354301,11.25098938
10,5,10005,12.86198406,0.71613928,0,28.17553593,628.9221874,38.72845025,0.278305722,136.6140428,1320.850016,,557.0579495,,5.891335431,0.145552351,1.596244516,88.27767,19.679,0,564.0556,51.9447,86.51008089,658.944127
10,6,10006,0.018210103,0.001013916,0,0.048223761,10.65597539,1.701563831,0.004715399,2.314683608,192.3227732,,,,0,0,0.027045543,0,0,0,0,0,0,198.2083703
10,7,10007,15.33604631,0.85389199,0,11.1718379,374.4700261,3.616061705,0.165707544,81.34212019,432.780099,,,,0,0.084845588,0.950428745,0,0,0,144.5159,13.3087,47.79567607,296.2029395
10,8,10008,0.284454366,0.015838065,0,1.314901209,35.85901027,1.523896231,0.015868048,7.789269421,1085.132527,,,,0,0,0.091012449,0,0,0,54.3368,5.004,0.265783803,635.603485
10,9,10009,0.018210103,0.001013916,0,0.080372935,11.51025678,10.0777364,0.005093429,2.50025002,107.6967368,,0.5867201,,0,0,0.029213764,0,0,0,0,0,1.49685791,6.038375035
10,10,10010,0.001883804,0.000104888,0,0.009644752,4.641325797,0.764272405,0.002053843,1.008185581,259.0512707,,,,0,0,0.01177998,0,0,0,0,0,0,63.82872073
10,11,10011,0.012558692,0.000699252,0,0.038579009,5.215856039,1.279472977,0.00230808,1.132984643,345.4016942,,,,0,0,0.013238174,0,0,0,0,0,1.505752651,2.399867001
10,12,10012,2.972642314,0.165513028,0,2.809837792,161.5493496,3.982181641,0.071487553,35.09163805,171.347494,,,,0,0.0346125,0.410022525,0,0,0,133.3494,12.2803,2.833529524,203.1629344
10,13,10013,0.187124506,0.01041886,0,0.887317197,26.95090153,3.501633083,0.011926102,5.854256198,299.088015,,,,0,0,0.068403102,0,0,0,340.228,31.3321,0,142.1340585
10,14,10014,0.027001187,0.001503393,0,0.083587852,33.25801823,28.93051859,0.014717078,7.224283728,27.89091734,,3.79847772,,0,0,0.084410966,0,0,0,0,0,0,42.30733278
10,15,10015,0.029512925,0.001643243,0,0.19610996,13.68353013,1.349115895,0.006055129,2.972326955,165.0893239,,,,0,0,0.03472967,0,0,0,0,0,0,89.13054433
10,16,10016,0.072212477,0.004020701,0,0.369715499,19.52478025,2.555448882,0.008639953,4.241159269,459.5076111,,,,0,0,0.049555134,0,0,0,0,0,0,198.1567602
10,17,10017,0.056514112,0.003146636,0,0.295772399,10.28721252,2.491991036,0.004552217,2.234581192,370.0732438,,6.445067,,0,0,0.0261096,0,0,0,35.6429,3.2824,0,12.38641033
10,18,10018,0.069072804,0.003845888,0,0.453303351,11.56227662,2.667045841,0.005116448,2.511549734,135.7838054,,3.855067,,0,0,0.029345794,0,0,0,0,0,0.077027155,9.160782639
10,19,10019,0.001883804,0.000104888,0,0.025719339,5.085228439,4.529045639,0.002250275,1.104609806,10.93728037,,,,0,0,0.012906633,0,0,0,0,0,11.38469141,8.167289311
10,20,10020,0.194031786,0.010803449,0,0.247548638,13.01305218,0.852606416,0.005758434,2.826686198,440.156533,,,,0,0,0.033027954,0,0,0,53.589,4.9351,0,324.0336552
10,21,10021,0.117423767,0.006538009,0,0.160745869,11.09294205,1.235890832,0.004908762,2.409601204,284.8571909,,,,0,0,0.028154593,0,0,0,100.6975,9.2734,0,264.5788856
10,22,10022,0.124331047,0.006922598,0,0.501527112,25.90356873,1.769111409,0.011462644,5.626755293,606.59921,,,,0,0,0.065744905,0,0,0,0,0,0,394.2620213
10,23,10023,1.107676604,0.061674056,0,1.491721665,57.09813327,45.8720064,0.025266619,12.40281704,30.31171041,,40.79514014,,0,0,0.144918694,0,0,0,0,0,0,4.58039132
10,24,10024,0.065305197,0.003636112,0,0.437228764,12.40846603,1.899571296,0.005490897,2.695358413,70.93070506,,,,0,0,0.031493476,0,0,0,0,0,0,86.17586936
10,25,10025,0.003767607,0.000209776,0,0.003214917,4.158119276,2.007726593,0.001840018,0.903223795,105.882067,,,,0,0,0.010553571,0,0,0,0,0,0,14.05083422
10,26,10026,0.027001187,0.001503393,0,0.311846986,21.71770554,17.47275418,0.009610349,4.717504984,37.77842715,,73.04337994,,0,0,0.055120918,0,0,0,0,0,30.36098685,42.83633572
10,27,10027,0.012558692,0.000699252,0,0.102877356,6.503636098,3.216514558,0.002877938,1.412715337,34.14908744,,,,0,0,0.016506642,0,0,0,110.6676,10.1915,0,54.91308579
10,28,10028,0.02323358,0.001293617,0,0.247548638,11.66400431,2.732929544,0.005161464,2.533646952,195.3615756,,,,0,0,0.029603985,0,0,0,0,0,0,163.3973963
10,29,10029,0.005023477,0.000279701,0,0.048223761,2.238009151,0.270440109,0.000990346,0.486138801,64.76281767,,,,0,0,0.00568021,0,0,0,0,0,0,56.06140925
10,30,10030,0.001255869,6.99E-05,0,0.006429835,1.618395048,0.274400397,0.00071616,0.351546653,71.95868629,,,,0,0,0.00410759,0,0,0,0,0,0,51.23587023
10,31,10031,0.02197771,0.001223692,0,0.064298348,7.090882301,0.166983166,0.003137802,1.540276551,597.2570962,,,,0,0,0.01799711,0,0,0,0,0,0,231.9484359
10,32,10032,0.891667107,0.049646916,0,1.851792412,46.63752128,11.36171788,0.020637671,10.13057013,614.2045297,,90.24218918,,0,0,0.118368996,0,0,0,163.5088,15.0578,35.4431932,333.2202429
10,33,10033,0.043327486,0.002412421,0,0.0739431,7.76136025,2.188685075,0.003434496,1.685917308,124.4308705,,1.5390335,,0,0,0.019698826,0,0,0,0,0,0,99.8912383
10,34,10034,0.086654972,0.004824841,0,0.192895043,30.08827593,26.65867491,0.013314428,6.535754496,17.36308803,,,,0,0,0.076365958,0,0,0,0,0,0,0
10,35,10035,0.144424954,0.008041402,0,0.440443681,12.88358058,5.703547639,0.005701141,2.798562466,131.3174741,,94.1060775,,0,0,0.032699347,0,0,0,48.1055,4.4301,0,77.99567754
10,36,10036,0.965135454,0.053737542,0,0.27005306,23.04132149,0.792938918,0.010196065,5.005019926,119.245823,,,,0,0,0.05848034,0,0,0,0,0,0.356401036,104.5490447
10,37,10037,0.015698365,0.000874065,0,0.141456365,8.945100627,7.512110202,0.003958316,1.943048574,3.651129042,,7.44921222,,0,0,0.022703234,0,0,0,0,0,0.114476477,12.45092288
10,38,10038,0.267500132,0.014894075,0,0.996624388,24.05397439,1.025515067,0.010644176,5.224987689,285.8851722,,1.2800335,,0,0,0.061050517,0,0,0,0,0,0,206.207927
10,39,10039,0.662470985,0.036885561,0,0.67513265,26.89656969,3.494492461,0.011902059,5.842454275,2035.048434,,134.328685,,0,0,0.068265205,0,0,0,0,0,0,457.7681792
11,1,11001,0,0,0.072961428,2.385468697,54.02294633,15.14204177,0.038146748,18.7253836,971.2974585,,1.60460268,,0,0,0.218793693,0,0,0,40.7821,3.7557,0.666900221,448.7336572
11,2,11002,0.950065024,0.052898439,0.106197227,3.472110772,70.79880548,10.27741697,0.049992537,24.54021635,1043.733047,,,,0,0.010149336,0.286736158,0,0,0,137.7774,12.6881,5.780842147,191.8880351
11,3,11003,2.434502377,0.135550065,0.36323385,11.87590481,102.551739,25.34587265,0.072413957,35.54638875,516.0371965,,0.12890134,,0,0.021990228,0.415335986,0,0,0,132.4867,12.2009,1.243834975,165.8214279
11,4,11004,0.547558956,0.030487402,0.053000283,1.732840469,41.37060018,7.003799867,0.029212658,14.3398391,274.5161305,,,,0,0.00845778,0.167551513,0,0,0,0,0,0.121385344,248.7271674
11,5,11005,3.277190587,0.182469897,0.052311968,1.710336047,55.63554997,5.501514391,0.039285441,19.28434278,373.1571875,,,,0,0,0.22532476,0,0,0,87.2957,8.0392,5.044132492,149.9625837
11,6,11006,0.001255869,6.99E-05,0.001179969,0.038579009,3.560623039,3.474049105,0.002514231,1.234179858,0,,,,0,0,0.014420573,0,0,0,0,0,0,0
11,7,11007,18.87571356,1.050976261,0.67779397,22.16042551,311.465772,8.770107147,0.219932584,107.9599773,777.153812,,,,0,0.023117932,1.261440758,0,0,0,112.6468,10.3738,47.66186474,278.5744274
11,8,11008,0.638609471,0.035556981,0.024091038,0.787654759,23.62399131,6.934077025,0.016681401,8.188525977,609.9991432,,,,0,0.001127704,0.095677497,0,0,0,0,0,0.025666055,295.2689949
11,9,11009,0.372993142,0.020767794,0.039922291,1.305256457,50.50723858,20.08954309,0.035664232,17.50677224,109.9939919,,,,0,0,0.204555027,0,0,0,38.7981,3.573,2.8681766,189.0326472
11,10,11010,0.08225943,0.004580103,0.013077992,0.427584012,8.042733871,4.946002471,0.005679145,2.787764962,42.14723054,,,,0,0,0.032573185,0,0,0,0,0,0.044349434,29.56868566
11,11,11011,1.859314299,0.103524308,0.090464305,2.957723991,59.92278642,5.324760964,0.04231275,20.7703807,381.9933641,,,,0,0,0.242688128,0,0,0,0,0,0.19415616,174.1786608
11,12,11012,0.174565814,0.009719607,0.022714407,0.742645915,16.70848622,4.332092463,0.011798216,5.79148001,316.7085024,,,,0,0,0.067669604,0,0,0,0,0,0.023401403,89.47213664
11,13,11013,0.34661989,0.019299364,0.003343246,0.109307191,15.77902958,6.785039064,0.011141907,5.469312613,112.7525638,,,,0,0,0.063905292,0,0,0,0,0,0,111.6983963
11,14,11014,2.373592723,0.132158692,0.121536827,3.973637884,97.96603327,26.90397319,0.069175893,33.95689567,644.8959814,,2.71291474,,0,0.00845778,0.396763813,0,0,0,136.8956,12.6069,4.212957468,212.651779
11,15,11015,1.147864417,0.063911664,0.352220804,11.51583406,116.2414834,10.31554036,0.082080575,40.29151526,51.0736898,,14.52554087,,5.891335431,0.015787856,0.470779643,0,0,0,0,0,189.5956562,46.18366043
11,16,11016,0.069072804,0.003845888,0.010128069,0.33113649,12.74435005,2.481425105,0.008999056,4.417434805,167.1904278,,,,0,0,0.051614797,0,0,0,0,0,0.002151419,90.74561974
11,17,11017,16.04121685,0.893155009,0.666387601,21.7874951,346.5967697,25.21204777,0.244739326,120.1370511,1385.808984,,8.99763484,,0,0,1.403721793,0,0,0,106.9152,9.846,36.07647462,524.8441704
11,18,11018,0.630446321,0.035102467,0.028515922,0.932326041,22.34390567,2.378773068,0.015777505,7.744823879,350.0808045,,,,0,0,0.090493132,0,0,0,0,0,0.566162985,137.0486692
11,19,11019,0.113028225,0.006293271,0.021927761,0.716926576,31.83117308,16.58983528,0.022476666,11.03329172,336.2401458,,,,0,0,0.128916699,0,0,0,0,0,0.088303818,274.1072875
11,20,11020,69.6266424,3.876724878,2.008700887,65.67433227,990.7239817,13.30815459,0.699571203,343.4038285,868.9601312,,3.4935067,,0,0.124611292,4.012446062,0,0,0,64.1491,5.9076,207.1988031,339.8806996
11,21,11021,2.862125828,0.159359607,0.098429097,3.218132299,33.34670175,1.793450711,0.023546813,11.55860286,43.17521178,,,,0,0.012404744,0.135054611,0,0,0,0,0,0.190721438,14.70475013
11,22,11022,0.09042258,0.005034617,0.010128069,0.33113649,14.47431298,4.763310138,0.010220619,5.017072954,445.3415805,,4.0115067,,0,0,0.058621171,0,0,0,0,0,0,146.7490287
11,23,11023,1.774543131,0.098804355,0.07954959,2.600868162,98.44416373,29.13671693,0.069513511,34.12262481,1717.692734,,17.06630402,,0,0,0.398700248,0,0,0,164.892,15.1851,9.102522929,614.7242196
11,24,11024,0.087282907,0.004859804,0.013766307,0.450088433,6.81843012,1.597205824,0.004814638,2.36339793,210.7361527,,,,0,0,0.027614738,0,0,0,0,0,0,40.56242645
11,25,11025,4.266815489,0.237570981,0.040610606,1.327760879,45.13986196,1.574842089,0.031874213,15.64633712,444.1330339,,,,0,0,0.182817076,0,0,0,22.4853,2.0707,0.991993038,168.5773249
11,26,11026,0.376132815,0.020942607,0.029400899,0.961260297,35.41352932,13.15472073,0.025006244,12.27500472,601.4593039,,3.15860268,,0,0,0.143425292,0,0,0,0,0,0,290.3740443
11,27,11027,5.495055533,0.30595786,0.295680613,9.667256567,171.827047,15.88914139,0.12133072,59.55853181,1398.89251,,0.0518,,0,0,0.695901957,0,0,0,48.9385,4.5068,13.83619485,480.6503273
11,28,11028,1.171097997,0.06520528,0.126060042,4.121524083,64.87216111,7.92272665,0.045807608,22.48592837,1002.894029,,4.184725821,,0,0.00845778,0.262733165,0,0,0,37.9163,3.4918,1.248539838,279.1614236
11,29,11029,0.192147982,0.010698561,0.014552953,0.475807772,24.51722594,12.74388251,0.017312133,8.498138137,244.4150619,,18.52605573,,0,0,0.09929511,0,0,0,75.8327,6.9835,0,70.5091774
11,30,11030,0.50423147,0.028074981,0.047297098,1.546375261,68.73704899,31.50215692,0.048536687,23.82557223,790.8563886,,2.9237067,,0,0.009585484,0.278386015,0,0,0,128.5187,11.8355,0.290894542,373.7573398
11,31,11031,8.821225017,0.491154841,0.151134387,4.941328016,76.65662804,5.244725046,0.05412887,26.57064938,606.6443514,,1.00950134,,0,0.009021632,0.310460422,0,0,0,0,0,23.98604841,204.1950553
11,32,11032,4.092249675,0.227851374,0.091545943,2.993088082,44.58566529,6.827346857,0.031482883,15.45424199,299.1876801,,,,0,0,0.180572572,0,0,0,58.8585,5.4204,88.66064278,182.0185411
11,33,11033,0.786174098,0.043773196,0.089087674,2.912715148,73.63353955,17.59750479,0.051994203,25.52278925,377.0407477,,3.618163822,,0,0.003946964,0.298216871,0,0,0,142.8476,13.155,14.33923366,200.3945042
11,34,11034,0.032652598,0.001818056,0.005408192,0.176820456,3.24404272,2.551501564,0.002290687,1.124447081,5.139906164,,,,0,0,0.013138419,0,0,0,0,0,0,4.347750885
11,35,11035,1.953504487,0.108768701,0.06293169,2.057547124,52.25458808,10.59809156,0.036898072,18.1124369,335.2734127,,,,0,0,0.211631817,0,0,0,0,0,1.873815047,189.0326472
11,36,11036,0.060909655,0.003391374,0.003244915,0.106092274,4.38431142,0.981580642,0.003095855,1.519685962,105.882067,,,,0,0.000563852,0.017756523,0,0,0,0,0,0,32.3046845
11,37,11037,9.066119505,0.504790262,0.166178995,5.433210375,112.3215381,19.51384181,0.079312619,38.93278745,597.7987925,,2.17440268,,0,0.00563852,0.454903809,228.28923,38.907,0,87.2957,8.0392,5.811344361,185.3912815
11,38,11038,0.097957795,0.005454168,0.005801515,0.189680126,7.112552796,1.202472015,0.005022324,2.465346459,137.7494852,,,,0,0,0.028805939,0,0,0,20.9422,1.9286,1.358520271,37.3090751
11,39,11039,0.22605645,0.012586542,0.026844299,0.877672445,22.70105464,3.396569994,0.016029696,7.868618522,411.2376345,,1.2890134,,0,0.002255408,0.091939591,0,0,0,26.2328,2.4158,0.278075894,148.5896098
11,40,11040,0.042699552,0.002377458,0.005014869,0.163960786,12.38140557,14.45877699,0.008742773,4.291631324,7.195868629,,,,0,0,0.050144867,0,0,0,0,0,0.129387114,6.596244478
11,41,11041,1.916456346,0.106705907,0.086629405,2.832342213,37.87300342,1.942246955,0.02674293,13.12750535,65.83594025,,,,0,0,0.153386197,0,0,0,0,0,0.354347371,11.7399223
11,42,11042,1.233891455,0.068701542,0.098232435,3.211702464,90.96649312,23.64879304,0.064233369,31.53072155,1286.616849,,,,0,0,0.368415577,0,0,0,0,0,3.86691034,530.0176955
11,43,11043,0.055886178,0.003111673,0.006588161,0.215399465,14.46706858,11.67665884,0.010215504,5.014561906,6.825355442,,,,0,0,0.058591831,0,0,0,0,0,0,10.68531911
11,44,11044,3.014713931,0.167855523,0.054475244,1.781064229,37.31156236,2.452673183,0.026346485,12.93289917,310.4503323,,,,0,0,0.151112352,0,0,0,40.1208,3.6948,7.496212009,163.2147672
11,45,11045,0.013186626,0.000734215,0.004523215,0.1478862,7.454488518,8.615722515,0.005263772,2.583867903,0,,,,0,0.000563852,0.030190783,0,0,0,0,0,0,1.959970079
11,46,11046,0.572048405,0.031850944,0.052016975,1.700691295,43.89237613,14.08352589,0.030993337,15.21393474,550.0151009,,,,0,0,0.177764741,0,0,0,0,0,1.277376927,128.9401636
12,1,12001,4.945612773,0.27536557,0,95.61485785,0,113.8910947,0.364577876,178.9631104,36.59166984,,25.97714036,,11.17694275,0.073781091,2.091065294,133.5555,25.619,532.9,0,0,82.52332381,9.66835084
12,2,12002,0.042071617,0.002342495,0,0.141456365,0,23.20118656,0.012481126,6.126704855,2.623147809,,,,0,0,0.071586484,0,0,0,0,0,0,2.59942391
12,3,12003,0.175193749,0.00975457,0,0.726571328,0,24.6971254,0.018459523,9.061366096,28.93500532,,8.64066016,,0,0,0.105876055,0,0,0,0,0,0.317260752,7.681130308
12,4,12004,0.020721841,0.001153766,0,0.131811613,0,14.90323023,0.008666042,4.253965611,8.223849862,,0.2345347,,0,0,0.049704768,0,0,0,0,0,0,1.835215593
12,5,12005,0.023861514,0.001328579,0,0.173605539,0,3.067318365,0.002850315,1.399155681,9.251831095,,,,0,0,0.016348206,0,0,0,0,0,0,0.32771707
12,6,12006,0.092934318,0.005174467,0,0.266838143,0,7.192305202,0.006084798,2.98689103,5.139906164,,,,0,0,0.034899841,0,0,0,0,0,0.00298262,1.740386824
12,7,12007,0.231707861,0.012901206,0,1.22809844,0,12.05753542,0.015559077,7.63760215,24.71669094,,,,0,0,0.089240317,0,0,0,0,0,0,3.240912643
12,8,12008,0.057142047,0.003181598,0,0.315061903,0,5.181512579,0.003744491,1.838086788,7.195868629,,14.9281752,,0,0,0.021476825,0,0,0,0,0,0,1.287161088
12,9,12009,0.002511738,0.00013985,0,0.022504422,0,4.520969836,0.002760283,1.354961244,0,,,,0,0,0.015831824,0,0,0,0,0,0,0.803255457
12,10,12010,0.021349776,0.001188729,0,0.141456365,0,21.91563046,0.012472429,6.122436074,0,,8.46391206,,0,0,0.071536606,0,0,0,0,0,0,1.653925299
12,11,12011,0.369225535,0.020558019,0,1.607458691,0,33.97635891,0.029464848,14.46363374,17.47568096,,34.07643042,,0,0,0.168997971,0,0,0,0,0,0,6.448356308
12,12,12012,0.164518861,0.009160206,0,1.253817779,0,43.36025212,0.029620869,14.54022069,4.111924931,,29.81725564,,0,0,0.169892839,0,0,0,0,0,0,4.349572518
12,13,12013,0.05211857,0.002901897,0,0.167175704,0,9.727012247,0.006524213,3.202590013,5.139906164,,,,0,0,0.037420141,0,0,0,0,0,0.039033512,1.937017066
12,14,12014,0,0,0,0.491882359,0,5.753892117,0.007134483,3.502157982,20.60476601,,,,0,0,0.040920394,0,0,0,0,0,0,0.65543414
12,15,12015,0.449601161,0.025033234,0,0.372930416,0,2.012188766,0.005940543,2.91607949,11.30779356,,0.79954542,,0,0,0.034072456,0,0,0,59.072,5.44,1.571325783,0.543870882
12,16,12016,0.013186626,0.000734215,0,0.122166861,0,9.795090773,0.006532909,3.206858793,0,,,,0,0,0.037470019,0,0,0,0,0,0,2.508778763
12,17,12017,0.066561066,0.003706037,0,0.157530952,0,6.421443077,0.00666898,3.273652657,29.81145575,,7.54499782,,0,0,0.038250461,0,0,0,66.8663,6.1578,0,2.010927724
12,18,12018,0.049606832,0.002762047,0,0.533676285,0,8.652758838,0.005880181,2.886449129,9.251831095,,,,0,0,0.033726244,0,0,0,0,0,0.211961046,1.310868281
12,19,12019,1.728703906,0.096252084,0,0.144671282,0,13.21220579,0.00736212,3.613899597,0,,,,0,0,0.042226021,0,0,0,0,0,0,1.434982405
12,20,12020,0.018210103,0.001013916,0,0.064298348,0,15.93727657,0.009653319,4.738597783,0,,4.3924202,,0,0,0.055367373,0,0,0,0,0,0.107569096,1.493553115
12,21,12021,0.259964917,0.014474523,0,1.556020013,0,43.45826568,0.035369072,17.36188479,28.82861587,,35.49262762,,0,0,0.202862113,0,0,0,0,0,0.7048726,8.344931693
12,22,12022,0.141285281,0.007866589,0,0.935540958,0,18.44169429,0.020757372,10.18932864,78.32324585,,14.06296512,,0,0,0.11905555,0,0,0,0,0,6.808170636,9.290430304
12,23,12023,0.245522422,0.013670383,0,1.134865836,0,16.20341871,0.011560861,5.674967405,49.34309917,,,,0,0,0.066308232,0,0,0,0,0,0,1.860317326
12,24,12024,0.029512925,0.001643243,0,0.048223761,0,6.023353085,0.003622744,1.778323857,1.027981233,,,,0,0,0.020778535,0,0,0,0,0,0,0.965022181
12,25,12025,0.043955421,0.002447383,0,0.186465208,0,13.59582771,0.007576456,3.719112488,0,,2.1925201,,0,0,0.043455364,0,0,0,0,0,0,2.960609957
12,26,12026,0.027001187,0.001503393,0,0.13502653,0,6.753301618,0.004366015,2.143179062,1.027981233,,,,0,0,0.025041626,0,0,0,0,0,0,1.200699563
12,27,12027,0.07535215,0.004195514,0,0.768365254,0,7.11591536,0.009878909,4.849334979,64.80795902,,,,0,0,0.056661264,0,0,0,0,0,0,4.48763205
12,28,12028,2.141884862,0.119257486,0,2.678026179,0,82.45359245,0.059160914,29.04076683,10.27981233,,0.10120536,,0,0,0.339322107,0,0,0,0,0,0.578694504,6.215468007
12,29,12029,2.214725273,0.12331315,0,17.17408865,0,35.4584987,0.113994689,55.95743856,21.9487367,,114.0259353,,0,0.019930048,0.65382557,0,0,0,0,0,27.91852041,4.339810733
12,30,12030,0.122447244,0.00681771,0,0.794084593,0,14.19181762,0.009295239,4.562824457,12.33577479,,,,0,0,0.053313579,0,0,0,0,0,0,1.658108921
12,31,12031,0.028884991,0.00160828,0,0.096447521,0,4.910260045,0.003078974,1.511399505,0,,,,0,0,0.017659701,0,0,0,0,0,0,1.395935265
12,32,12032,0.088538776,0.004929729,0,0.411509425,0,30.08349752,0.017905011,8.789168545,0,,0.25955736,,0,0,0.102695607,0,0,0,0,0,0,5.917036292
12,33,12033,0.04521129,0.002517308,0,0.34399616,0,6.800860201,0.006732411,3.304789647,20.60476601,,12.97665628,,0,0,0.038614276,0,0,0,0,0,0,1.101687172
12,34,12034,0.535628199,0.029823112,0,1.189519431,0,11.91551303,0.017210336,8.448168291,99.82056903,,9.782134,,0,0,0.098711245,0,0,0,0,0,0.766600014,4.204540283
12,35,12035,2.101697048,0.117019878,0,10.70567488,0,9.08454129,0.064325958,31.57617151,75.17805405,,0.1036,,0,0,0.368946629,0,0,0,36.92,3.4,2.509806982,2.85044124
12,36,12036,0.077863888,0.004335364,0,0.334351408,0,9.352489191,0.005496013,2.69786946,5.139906164,,,,0,0,0.031522816,0,0,0,0,0,0.506074017,1.651136217
12,37,12037,0.131866262,0.00734215,0,0.131811613,0,4.512616784,0.002965923,1.455905355,1.027981233,,,,0,0,0.017011289,0,0,0,0,0,0.094406633,0.785126428
12,38,12038,1.140957137,0.063527075,0,27.38145134,0,12.12954948,0.054483369,26.74466497,39.90132029,,17.5451077,,0,0.011364916,0.312493679,74.81214,12.452,0,0,0,2.979632082,3.344108656
12,39,12039,0.131866262,0.00734215,0,0.842308354,0,14.4119876,0.011698465,5.742514583,2.101103817,,1.2432,,0,0,0.067097476,0,0,0,0,0,1.428808077,2.480887948
12,40,12040,1.696679242,0.094468991,0,0.572255294,0,15.56022365,0.011566999,5.677980662,4.724251625,,3.23748958,,0,0,0.06634344,0,0,0,0,0,0,3.583969661
12,41,12041,0.01507043,0.000839103,0,0.102877356,0,22.69642833,0.014019334,6.881776845,0.567185343,,0.5482867,,0,0,0.080409,0,0,0,0,0,0,2.457180756
12,42,12042,0.461531918,0.025697523,0,0.189680126,0,13.85663885,0.008351443,4.099536188,10.32495368,,3.8950016,,0,0,0.047900362,0,0,0,0,0,0,1.553518367
12,43,12043,0.018210103,0.001013916,0,0.13502653,0,16.41291382,0.009109037,4.471422327,1.027981233,,5.6920134,,0,0,0.052245605,0,0,0,0,0,0,2.143409093
12,44,12044,0.025745318,0.001433467,0,0.183250291,0,8.082645873,0.00569756,2.796804733,2.055962466,,17.58379194,,0,0,0.032678809,0,0,0,0,0,0,1.334575473
12,45,12045,0.307687946,0.017131682,0,0.408294507,0,17.23314704,0.011316343,5.554939333,11.30779356,,,,0,0,0.064905783,0,0,0,0,0,0,2.228476077
12,46,12046,0.831385387,0.046290505,0,1.999678611,0,44.82486886,0.030329355,14.88800077,7.195868629,,,,0,0,0.173956418,0,0,0,0,0,0.374015889,4.784669224
12,47,12047,0.015698365,0.000874065,0,0.045008843,0,6.035519084,0.003446262,1.691692717,0,,,,0,0,0.019766308,0,0,0,0,0,0,1.369438991
12,48,12048,0.339712609,0.018914776,0,2.497990806,0,19.680694,0.022128817,10.86254049,64.86920712,,26.7262231,,0,0,0.126921584,0,0,17.4,0,0,1.273071431,4.437428584
12,49,12049,0.190892113,0.010628636,0,0.337566325,0,4.635149562,0.005592694,2.745328258,43.17521178,,,,0,0,0.032077341,0,0,0,0,0,0.818795988,1.404302509
12,50,12050,0.48916104,0.027235878,0,4.121524083,0,2.879369782,0.018854434,9.255218965,20.55962466,,,,0,0.003433104,0.108141097,0,0,0,0,0,0.023668537,0.761419235
12,51,12051,0.069072804,0.003845888,0,0.459733186,0,29.50540611,0.017933657,8.803230411,8.223849862,,5.6005751,,0,0,0.102859911,0,0,0,0,0,0,4.000937337
12,52,12052,0.401250198,0.022341112,0,0.800514428,0,37.16328885,0.023478778,11.52520593,7.286151331,,13.94496072,,0,0,0.13466439,0,0,0,0,0,0,7.715993826
12,53,12053,0.298268927,0.016607243,0,1.784279147,0,32.95580693,0.022009116,10.80378197,31.86741822,,0.30960268,,0,0,0.12623503,0,0,0,0,0,0,8.983631345
12,54,12054,0.071584542,0.003985738,0,0.253978473,0,22.7177553,0.013825971,6.786859249,14.39173726,,5.44598026,,0,0,0.079299951,0,0,0,0,0,0.181551217,4.945041408
12,55,12055,4.873400296,0.271344869,0,6.632374558,0,22.91281391,0.049697377,24.39532891,11.96526161,,2.90045866,,0,0.009899761,0.285043244,0,0,0,0,0,47.38395969,3.008024342
12,56,12056,0.082887365,0.004615065,0,0.27005306,0,35.94620017,0.0219375,10.76862731,2.055962466,,5.927067,,0,0,0.125824271,0,0,0,0,0,0,3.438937426
12,57,12057,1.046766949,0.058282682,0,2.633017336,0,26.0780997,0.029108303,14.28861373,84.49113324,,5.0700004,,0,0,0.166952978,0,0,0,0,0,0,4.628480663
12,58,12058,0.334061198,0.018600112,0,1.816428321,0,31.62916639,0.025508067,12.52133848,18.54880354,,,,0,0,0.146303539,0,0,0,0,0,0.438900067,4.254743749
12,59,12059,0.121191374,0.006747785,0,0.524031533,0,12.50587019,0.014306309,7.022646611,24.71669094,,6.12947772,,0,0,0.08205497,0,0,0,0,0,0.725297112,2.847652159
12,60,12060,0.111144421,0.006188383,0,0.131811613,0,9.805277646,0.006325223,3.104910264,2.623147809,,,,0,0,0.036278818,0,0,0,0,0,0,1.080769061
12,61,12061,0.842060275,0.046884869,0,1.623533278,0,20.67216537,0.020288799,9.959316691,15.41971849,,1.70360948,,0,0,0.116368013,0,0,0,0,0,4.989707047,1.224406756
12,62,12062,0.252429702,0.014054972,0,0.202539795,0,17.04531361,0.010285585,5.048963257,2.055962466,,11.7308756,,0,0,0.058993788,0,0,0,0,0,0,3.044282401
12,63,12063,0.001255869,6.99E-05,0,0.041793926,0,7.479520905,0.004425866,2.172558318,0,,,,0,0,0.025384904,0,0,0,0,0,0,0.669379548
12,64,12064,0.132494197,0.007377112,0,0.395434838,0,4.637651323,0.005493455,2.696613936,26.72751205,,,,0,0,0.031508146,0,0,0,0,0,0,1.819875645
12,65,12065,0.023861514,0.001328579,0,0.180035373,0,5.198379449,0.003138825,1.540778761,0,,,,0,0,0.018002978,0,0,0,0,0,0,0.839513516
12,66,12066,0.322130441,0.017935822,0,2.610512914,0,40.46285246,0.036185494,17.76264798,4.157066282,,9.2771469,,0,0,0.207544765,0,0,0,0,0,1.108370179,2.478098867
12,67,12067,0.296385123,0.016502355,0,0.861597858,0,8.215990431,0.010342878,5.077086989,17.47568096,,,,0,0,0.059322395,0,0,0,0,0,0,2.299597654
12,68,12068,0.055258243,0.00307671,0,1.446712822,0,16.30640868,0.012483683,6.127960378,70.30899599,,,,0,0,0.071601154,0,0,0,0,0,0,2.532485955
12,69,12069,0.008791084,0.000489477,0,0.028934256,0,11.17556583,0.006458736,3.170448604,0,,,,0,0,0.03704459,0,0,0,0,0,0,0.571761697
12,70,12070,0.047095094,0.002622196,0,0.128596695,0,4.352299132,0.003451889,1.694454869,4.111924931,,,,0,0,0.019798582,0,0,0,0,0,0,0.396049566
12,71,12071,0.590886442,0.032899822,0,0.324706656,0,23.2739103,0.013968691,6.856917475,0,,,,0,0,0.080118535,0,0,0,0,0,0,2.874148432
12,72,12072,0.000627935,3.50E-05,0,0.028934256,0,8.051682469,0.004970147,2.439733775,0,,,,0,0,0.028506672,0,0,0,0,0,0,0.681930414
12,73,12073,0.059653785,0.003321449,0,0.392219921,0,10.74418105,0.009811897,4.816440256,19.53164342,,,,0,0,0.056276911,0,0,0,0,0,0.066720072,5.633944525
12,74,12074,1.784590084,0.099363757,0,0.151101117,0,19.4831551,0.010917852,5.359328731,2.055962466,,1.295,,0,0,0.062620203,0,0,0,0,0,0,2.154565419
12,75,12075,1.419760091,0.079050477,0,2.05111729,0,21.04062156,0.020438169,10.03263928,13.49918008,,12.05373708,,0,0,0.117224738,0,0,0,0,0,27.70290019,2.890882921
12,76,12076,0.002511738,0.00013985,0,0.083587852,0,0,0.016324856,8.013505964,0,,,,0,0,0.093632504,0,0,0,0,0,0,1.709706928
12,77,12077,0.116167898,0.006468084,0,0.67513265,0,3.687812034,0.0067718,3.324124713,5.139906164,,,,0,0,0.038840193,0,0,0,0,0,0,0
12,78,12078,0.000627935,3.50E-05,0,0.041793926,0,6.171722535,0.009444098,4.635895939,0,,4.7821071,,0,0,0.05416737,0,0,0,0,0,0,0
12,79,12079,0.046467159,0.002587234,0,0.032149174,0,5.495781523,0.008409759,4.12816213,0,,,,0,0,0.048234838,0,0,0,0,0,0,0
12,80,12080,0.029512925,0.001643243,0,0.096447521,0,1.97010173,0.003617629,1.775812809,1.027981233,,,,0,0,0.020749195,0,0,0,0,0,0,0
12,81,12081,0.010674888,0.000594364,0,0.080372935,0,3.559554845,0.005446905,2.673763404,0,,5.0369269,,0,0,0.031241153,0,0,0,0,0,0,0
13,1,13001,0.07535215,0.004195514,0.001941119,0.154316034,19.87620902,3.910526551,0.008766815,4.303433247,167.3258518,,0.118661072,,0,0,0.050282764,0,0,0,0,0,0.24313894,43.85084568
13,2,13002,0.156983646,0.008740654,0.005418958,0.430798929,40.34042353,29.36102974,0.017792983,8.734176604,22.61558712,,2.786877653,,0,0,0.102053063,0,0,0,0,0,0,10.26719196
13,3,13003,1.648956214,0.091811832,0.03639599,2.893425644,56.56798314,6.121694121,0.024950486,12.2476343,104.8540857,,,,0,0,0.143105487,0,0,0,0,0,0.028849241,46.06325995
13,4,13004,0.044583355,0.002482346,0.002183759,0.173605539,10.01812893,7.270884848,0.004418704,2.169042852,12.33577479,,0.011439,,0,0,0.025343828,0,0,0,0,0,2.771546576,17.51384229
13,5,13005,1.138445398,0.063387224,0.004812359,0.382575168,19.41345914,2.212103552,0.00856271,4.203242451,116.1618793,,,,0,0,0.049112101,0,0,0,61.7648,5.688,0.182961886,101.9697762
13,6,13006,0.121191374,0.006747785,0.002345519,0.186465208,18.57842177,9.463865742,0.008194399,4.022447029,115.5111356,,,,0,0,0.046999627,0,0,0,0,0,0.070852207,105.4275015
13,7,13007,0.086027038,0.004789879,0.00072792,0.057868513,12.7180831,3.109261811,0.005609575,2.753614715,169.6169034,,3.948857835,,0,0,0.032174162,0,0,0,22.7555,2.0956,0.013106708,170.0644429
13,8,13008,0.785546163,0.043738234,0.017874475,1.420993483,45.62087514,2.727301588,0.020122036,9.877456542,373.7243728,,0.25421072,,0,0,0.115411531,0,0,0,57.8639,5.3288,0.293354013,343.0964355
13,9,13009,0.04521129,0.002517308,0.004407959,0.350425995,17.25048039,2.169393456,0.007608683,3.734932088,40.09126808,,0.10120536,,0,0,0.043640205,0,0,0,0,0,0.085478534,21.32926331
13,10,13010,6.036963078,0.336130598,0.006591718,0.524031533,31.14689401,1.431022973,0.013737985,6.743669231,64.85310037,,,,0,0,0.078795304,0,0,0,17.2291,1.5867,0,24.76049262
13,11,13011,0.04521129,0.002517308,0.004650599,0.369715499,23.03079465,22.68043592,0.010158211,4.986438174,0.090282702,,,,0,0,0.058263224,0,0,0,0,0,0.024123942,0.794879378
13,12,13012,0.308943815,0.017201607,0.009220317,0.733001163,26.2654047,6.914916112,0.011584903,5.686769328,50.09084992,,,,0,0,0.066446129,0,0,0,0,0,0.001384764,79.40844985
13,13,13013,1.233891455,0.068701542,0.010231317,0.813374098,32.37161549,0.995901885,0.014278174,7.00883585,42.01853086,,,,0,0,0.0818936,0,0,0,22.1053,2.0357,10.76160374,28.12548199
13,14,13014,0.062793458,0.003496262,0.002669039,0.212184547,18.63873003,13.94059998,0.008221,4.035504476,1.027981233,,,,0,0,0.047152194,0,0,0,0,0,0,0
13,15,13015,0.032652598,0.001818056,0.0014154,0.112522108,17.53462506,8.975192848,0.007734011,3.796452752,22.66072847,,1.1385603,,0,0,0.044359033,0,0,0,0,0,0.227942756,18.93137718
13,16,13016,0.672517938,0.037444963,0.008411518,0.668702815,52.66418342,13.74068712,0.023228634,11.4024157,167.696365,,1.949839762,,0,0,0.133229668,0,0,0,60.1394,5.5383,0,142.7338403
13,17,13017,0.097957795,0.005454168,0.00157716,0.125381778,13.49861109,6.863836568,0.005953843,2.922608214,25.83495487,,,,0,0,0.034148739,0,0,0,32.8329,3.0236,0.134486226,35.14691649
13,18,13018,0.060909655,0.003391374,0.005378518,0.427584012,23.19548258,18.95986084,0.01023085,5.022095049,0,,,,0,0,0.058679851,0,0,0,0,0,0.056985689,0
13,19,13019,0.009419019,0.000524439,0.00113232,0.090017687,16.98721167,6.934649104,0.007492563,3.677931309,101.770142,,,,0,0,0.042974189,0,0,0,0,0,0,63.40487837
13,20,13020,0.003767607,0.000209776,8.09E-05,0.006429835,2.62920795,1.762417599,0.001159667,0.569254474,2.713430511,,,,0,0,0.006651361,0,0,0,0,0,0.000569857,7.418874193
13,21,13021,0.18775244,0.010453822,0.005499838,0.437228764,14.54588713,0.240210157,0.006415766,3.149355805,84.29446109,,,,0,0,0.036798135,0,0,0,49.7369,4.5803,0,39.26704127
13,22,13022,0.064049327,0.003566187,0.00084924,0.067513265,13.0857315,2.530335062,0.005771734,2.833214922,36.0244845,,2.02581435,,0,0,0.033104238,0,0,0,0,0,0.533196098,128.5054994
13,23,13023,0.208474281,0.011607589,0.010312197,0.819803932,33.81205495,2.997522321,0.01491351,7.320707952,154.1971849,,,,0,0,0.085537619,0,0,0,0,0,0.201159483,87.82092326
13,24,13024,0.013814561,0.000769178,0.006672598,0.530461368,17.08695224,5.776562212,0.007536556,3.699526318,68.91988395,,0.020979,,0,0.004510816,0.043226512,0,0,0,0,0,0,75.52678889
13,25,13025,0.086654972,0.004824841,0.002952119,0.234688969,26.6017392,25.15191989,0.01173325,5.759589707,4.608479792,,,,0,0,0.067296987,0,0,0,0,0,0.030962224,6.226555127
13,26,13026,0.008791084,0.000489477,0.00032352,0.025719339,14.71985324,13.63473398,0.006492497,3.187021518,0,,,,0,0,0.037238233,0,0,0,0,0,0,0
13,27,13027,0.051490636,0.002866935,0.002830799,0.225044217,26.44516969,24.95416183,0.011664192,5.725690565,0,,,,0,0,0.066900898,0,0,0,0,0,0,0
13,28,13028,1.029812716,0.057338692,0.051763185,4.115094249,143.0964113,109.7541684,0.063115649,30.98205767,4.995099731,,,,0,0,0.362004803,0,0,0,0,0,5.875643217,14.57278859
13,29,13029,0.960111977,0.053457841,0.016580395,1.318116127,45.23814967,8.844279206,0.019953227,9.794591973,160.9680166,,,,0,0,0.114443313,0,0,0,89.7215,8.2626,33.45570547,131.8572408
13,30,13030,1.076279875,0.059925925,0.062965062,5.005626363,81.83366254,12.15454131,0.036094439,17.71795133,276.572093,,,,0,0,0.207022514,0,0,0,0,0,0.001788653,149.6095469
13,31,13031,0.043955421,0.002447383,0.006349078,0.504742029,13.3814739,6.447534892,0.005902177,2.897246634,3.129085049,,,,0,0,0.033852406,0,0,0,0,0,0.10333405,15.23518808
13,32,13032,0.324642179,0.018075673,0.003963119,0.315061903,12.29592531,11.55713064,0.005423374,2.662212585,2.101103817,,,,0,0,0.031106189,0,0,0,0,0,0,0
13,33,13033,0.001255869,6.99E-05,0.00048528,0.038579009,3.151106308,2.116078405,0.001389861,0.682251612,0,,,,0,0,0.007971658,0,0,0,0,0,0,0
13,34,13034,0.003767607,0.000209776,8.09E-05,0.006429835,11.06772451,7.972193823,0.00488165,2.396292652,0,,0.36760743,,0,0,0.027999091,0,0,0,0,0,32.06584726,0
13,35,13035,0.101725402,0.005663944,0.00032352,0.025719339,10.30807246,4.4525764,0.00454659,2.23181904,81.36204819,,0.25517838,,0,0,0.026077326,0,0,0,32.1827,2.9638,2.261572049,81.23667242
13,36,13036,0.036420206,0.002027832,0.002709479,0.215399465,9.604089562,4.591423628,0.004236083,2.079398455,9.864157789,,0.093856345,,0,0,0.024296392,0,0,0,0,0,0,9.949240213
13,37,13037,0.036420206,0.002027832,0.003032999,0.241118804,22.92409543,12.9561207,0.010111149,4.963336537,141.9516928,,0.14063337,,0,0,0.057993297,0,0,0,0,0,0,79.11699408
13,38,13038,0.00816315,0.000454514,0.006713038,0.533676285,7.62899422,5.163576448,0.003364927,1.651767062,5.139906164,,0.892947198,,0,0,0.019299803,0,0,0,0,0,0,9.207352794
13,39,13039,0.104865075,0.005838757,0.016216435,1.28918187,13.2875322,2.19317504,0.005860742,2.876907149,0,,0.175162144,,0,0,0.033614753,0,0,0,0,0,3.799646911,3.510717252
13,40,13040,0.012558692,0.000699252,0.00129408,0.102877356,11.11063616,7.249534392,0.004900577,2.405583528,0,,,,0,0,0.028107649,0,0,0,0,0,0,0
13,41,13041,0.658703377,0.036675785,0.013021676,1.035203397,44.3717984,3.907621692,0.019571105,9.607016723,214.4324231,,,,0,0,0.112251621,0,0,0,0,0,5.964178969,130.1085062
13,42,13042,0.041443682,0.002307533,0.002992559,0.237903886,12.02569794,7.876721473,0.005304184,2.603705178,4.111924931,,,,0,0,0.030422569,0,0,0,0,0,0.001899523,0
13,43,13043,0.007535215,0.000419551,0.00052572,0.041793926,6.92965042,5.231882572,0.003056466,1.500350896,1.027981233,,0.208676,,0,0,0.017530605,0,0,0,0,0,0.442588852,0.794879378
13,44,13044,0.051490636,0.002866935,0.00157716,0.125381778,17.7387453,8.108510057,0.007824043,3.840647188,145.8446354,,,,0,0,0.044875416,0,0,0,136.5327,12.5735,0,70.88999252
13,45,13045,0.018210103,0.001013916,0.00093012,0.0739431,8.430398143,4.326668924,0.003718402,1.825280445,16.44769972,,0.117733007,,0,0,0.021327192,0,0,0,0,0,0,6.888954608
13,46,13046,0.262476656,0.014614374,0.006025558,0.47902269,46.84791616,44.11711005,0.020663248,10.14312537,4.111924931,,,,0,0,0.118515695,0,0,0,0,0,0,3.047037615
13,47,13047,0.004395542,0.000244738,0.00016176,0.01285967,4.75275438,3.049378137,0.002096301,1.029027275,0,,,,0,0,0.012023501,0,0,0,0,0,0,1.550014787
13,48,13048,4.202138227,0.233969832,0.292906836,23.2856466,340.1884268,1.570494051,0.150047181,73.6547993,34.49056602,,0.293299296,,20.81558641,0.021426376,0.860607497,0,0,0,37.709,3.4727,126.1675984,53.05819847
13,49,13049,0.036420206,0.002027832,0.002102879,0.167175704,20.08960746,18.32845196,0.008860939,4.349636522,0,,,,0,0,0.050822619,0,0,0,0,0,0,1.589758756
13,50,13050,0.411925086,0.022935477,0.012374636,0.983764719,22.52513313,0.89936341,0.009935178,4.876956502,56.5389678,,,,0,0,0.056984003,0,0,0,0,0,16.85465727,51.58767162
13,51,13051,1.902013851,0.105901766,0.055321904,4.398006978,97.23314342,0.705219597,0.0428867,21.05212023,72.98666753,,0.48431742,,0,0.006202372,0.245980068,0,0,0,33.483,3.0835,21.14147383,48.62012195
13,52,13052,0.214753627,0.011957215,0.004286639,0.340781242,33.5905381,4.609960418,0.014815806,7.272746945,61.72401532,,0.2301067,,0,0,0.084977226,0,0,0,64.3654,5.9275,0.309622244,82.13753571
13,53,13053,0.037676075,0.002097757,0.004124879,0.327921573,20.87477455,18.81015711,0.009207254,4.519634439,0,,0.07710134,,0,0,0.052808932,0,0,0,0,0,0,0
13,54,13054,0.058397916,0.003251523,0.001981559,0.157530952,31.86943329,6.287260196,0.014056676,6.900107492,187.0925844,,0.8915335,,0,0,0.080623181,0,0,0,0,0,0.17779535,77.87168305
13,55,13055,0.048350963,0.002692121,0.00133452,0.106092274,15.7752477,4.844433275,0.006958001,3.415526843,47.42256076,,,,0,0,0.039908167,0,0,0,0,0,0.00740814,30.32464827
13,56,13056,0.705170536,0.039263019,0.006753478,0.536891203,35.57955073,2.170746619,0.015693101,7.703391595,57.61209039,,2.18464577,,0,0,0.090009024,0,0,0,34.4583,3.1733,0,12.2676384
13,57,13057,0.264988394,0.014754224,0.003032999,0.241118804,14.68737957,7.003172157,0.006478174,3.179990585,176.6840724,,2.853284037,,0,0,0.037156082,0,0,0,73.1425,6.7358,0.319119859,173.2307124
13,58,13058,0.076608019,0.004265439,0.003316079,0.263623225,17.05795789,5.952519842,0.007523767,3.693248699,46.25915548,,,,0,0,0.043153162,0,0,0,0,0,0,57.99969861
13,59,13059,0.104237141,0.005803794,0.005661598,0.450088433,35.0159005,9.987111403,0.015444491,7.581354686,57.79265579,,,,0,0,0.088583103,0,0,0,52.9877,4.8797,0.264351829,142.2304167
13,60,13060,0.045839225,0.002552271,0.003720479,0.295772399,17.45692019,12.20114013,0.007699738,3.779628734,0,,,,0,0,0.044162456,0,0,0,0,0,0,8.213753571
13,61,13061,4.375448172,0.243619514,0.027782272,2.208648241,57.41809758,1.894731478,0.025325446,12.43169408,164.0162014,,3.211530884,,0,0,0.145256103,0,0,0,60.7896,5.5982,0.399561987,119.6558423
13,62,13062,0.004395542,0.000244738,0.00072792,0.057868513,33.08255703,31.46606103,0.01459175,7.162763063,0,,,,0,0,0.083692138,0,0,0,0,0,0.069522541,0
13,63,13063,7.392045907,0.411579925,0.028550632,2.269731671,82.79395552,5.531350589,0.036517996,17.92586607,45.93378364,,,,0,0,0.20945186,0,0,0,35.4335,3.2631,0.373020685,97.78341147
13,64,13064,0.013186626,0.000734215,0.00072792,0.057868513,10.48435813,3.84723306,0.004624344,2.269986962,42.23751325,,,,0,0,0.026523293,0,0,0,60.1394,5.5383,0.041789505,34.85546072
13,65,13065,0.059653785,0.003321449,0.002224199,0.176820456,11.88304573,0.481806369,0.005241264,2.572819293,49.91028452,,,,0,0,0.030061688,0,0,0,0,0,0,21.15703944
13,66,13066,0.324642179,0.018075673,0.007521838,0.597974633,13.86393994,0.934865125,0.006114979,3.001706211,122.3297667,,0.1265067,,0,0,0.035072947,0,0,0,37.709,3.4727,1.456554214,50.76629627
13,67,13067,0.243638618,0.013565495,0.006915238,0.549750872,51.01034551,10.93051496,0.022499174,11.04434033,169.1561075,,,,0,0,0.129045794,0,0,0,0,0,0.069882987,115.019046
13,68,13068,0.028884991,0.00160828,0.00076836,0.06108343,16.08838672,12.25335073,0.007096118,3.483325126,0,,0.05060268,,0,0,0.040700345,0,0,0,0,0,0,0
13,69,13069,7.332392122,0.408258477,0.047476546,3.774313006,72.5693868,1.130252161,0.032008237,15.71212657,96.16943999,,,,0,0,0.183585782,0,0,0,61.8298,5.694,0.283548368,0
13,70,13070,0.193403851,0.010768486,0.007360078,0.585114963,19.06320736,0.882385948,0.008408224,4.127408816,37.00732438,,,,0,0,0.048226036,0,0,0,0,0,0.197213411,30.52336811
13,71,13071,0,0,0.00072792,0.057868513,10.40085439,6.826280962,0.004587513,2.25190742,2.055962466,,,,0,0,0.026312045,0,0,0,0,0,0,3.431229314
13,72,13072,0.214753627,0.011957215,0.002911679,0.231474051,9.648160979,0.263869198,0.004255522,2.088940436,55.51098657,,1.19574824,,0,0,0.024407884,0,0,0,36.4087,3.3529,0.493496068,55.73429238
13,73,13073,0.052746505,0.00293686,0.003437399,0.273267977,40.54222422,31.9876153,0.017881991,8.777868831,0,,,,0,0,0.102563578,0,0,0,0,0,0,0
13,74,13074,0.599049592,0.033354336,0.013345196,1.060922736,30.73053509,2.871468243,0.013554342,6.653522625,49.34309917,,,,0,0,0.077742001,0,0,0,33.1579,3.0536,0,55.62830846
13,75,13075,0.366085862,0.020383206,0.007724038,0.61404922,14.05298312,0.515237173,0.006198361,3.042636285,122.3297667,,0.15180804,,0,0,0.035551188,0,0,0,0,0,0,70.87674453
13,76,13076,1.833568981,0.102090841,0.065027501,5.16958715,112.8889344,5.990088002,0.049792013,24.44178329,121.156979,,0.3337067,,0,0,0.285586033,0,0,0,142.059,13.0824,16.32906426,130.0952582
13,77,13077,3.157883016,0.175827,0.091960534,7.310722126,154.1977693,5.543046889,0.068012133,33.38563236,145.6028219,,0.33539871,,0,0,0.39008898,0,0,0,61.1146,5.6281,8.630249864,59.36424154
13,78,13078,0.010674888,0.000594364,0.00068748,0.054653595,22.70373835,24.48207113,0.010013956,4.915626634,2.66828916,,,,0,0,0.057435838,0,0,0,0,0,0.008927758,2.119678341
13,79,13079,0.00816315,0.000454514,0.0004044,0.032149174,8.031435843,5.797909276,0.003542432,1.738900411,0,,0.01265067,,0,0,0.020317898,0,0,0,0,0,7.870293524,0
13,80,13080,0.035792271,0.001992869,0.00048528,0.038579009,27.92504148,29.83256827,0.01231692,6.046100229,0.045141351,,,,0,0,0.070644673,0,0,0,0,0,0.014816279,1.05983917
13,81,13081,0.941901874,0.052443925,0.009179877,0.729786246,30.52989417,5.981078481,0.013465845,6.610081503,5.813480961,,4.937186391,,0,0,0.07723442,0,0,0,0,0,0.001384764,0
13,82,13082,0.60972448,0.033948701,0.003760919,0.298987316,20.1684721,0.248427477,0.008895724,4.366711645,141.9065515,,0.10120536,,0,0,0.05102213,0,0,0,0,0,0,96.75006828
13,83,13083,0.173937879,0.009684645,0.005782918,0.459733186,33.79349857,3.523299039,0.014905325,7.316690276,171.0221222,,1.33841876,,0,0.000563852,0.085490675,0,0,0,96.8732,8.9212,4.372157416,240.6894756
13,84,13084,0.232335796,0.012936168,0.011606277,0.922681289,37.59987726,10.34768391,0.016584208,8.140816074,10.45099535,,,,0,0,0.095120039,0,0,0,0,0,21.59258164,22.21687861
14,1,14001,0.648656424,0.036116383,0.009931407,0.324706656,2.127078224,0.922038175,0.009162238,4.497537221,159.3822324,,,,0,0,0.052550741,0,0,0,0,0,0,122.3395468
14,2,14002,0.365457927,0.020348243,0.024484361,0.800514428,2.800199734,0.383984746,0.012061661,5.920798958,64.86920712,9.438205741,0.2819067,,0,0,0.06918061,0,0,0,62.4356,5.7498,0.649159375,35.62436573
14,3,14003,0.192147982,0.010698561,0.025074345,0.819803932,2.60056719,1.583592548,0.011201758,5.498691869,239.7324061,62.47545435,18.57803085,,0,0,0.064248569,0,0,0,38.945,3.5865,0,118.3377408
14,4,14004,0.018838037,0.001048879,0.003048254,0.099662439,0.579896319,1.131695738,0.002497862,1.226144506,53.4550241,,,,0,0,0.014326686,0,0,0,49.763,4.5828,0,31.88908972
14,5,14005,0.724008574,0.040311897,0.010619723,0.347211077,1.659052135,1.261376791,0.007146249,3.507933392,97.19742122,2.086819835,14.51601274,,0,0,0.040987876,0,0,0,27.1997,2.5049,0,72.88590403
14,6,14006,0.787429967,0.043843121,0.068438213,2.237582498,6.229461684,5.25837263,0.026832962,13.17169979,364.0117459,69.17931426,6.57112982,,0,0,0.153902579,0,0,0,0,0,0,211.1338348
14,7,14007,0.043955421,0.002447383,0.005014869,0.163960786,0.976667484,0.685530032,0.004206926,2.065085484,141.8614101,24.42894046,4.71411524,,0,0,0.024129155,0,0,0,32.1451,2.9603,0,62.38960098
14,8,14008,2.147536273,0.11957215,0.092037597,3.009162669,7.080720503,4.563842806,0.030499699,14.97161865,568.4736217,,,,0,0,0.174933438,0,0,0,0,0,0,272.1420895
14,9,14009,0,0,0.01799453,0.588329881,1.797880477,0.266983405,0.007744242,3.801474847,87.94559013,23.12412479,10.0252536,,0,0,0.044417713,0,0,0,77.89,7.173,0.470904945,59.21708495
14,10,14010,0.045839225,0.002552271,0.0038349,0.125381778,0.758983693,4.419424077,0.003269268,1.604810473,60.65089273,,1.98300075,,0,0,0.018751146,0,0,0,0,0,0,31.43105169
14,11,14011,0.020721841,0.001153766,0.003343246,0.109307191,0.559826182,3.132607678,0.002411411,1.183707803,100.7421608,,5.5655067,,0,0,0.013830841,0,0,0,0,0,0,120.3048936
14,12,14012,0.027629122,0.001538355,0.004523215,0.1478862,0.469807462,0.481732706,0.002023662,0.993370401,79.19969628,,31.32481732,,0,0,0.011606875,0,0,0,0,0,0,56.11206926
14,13,14013,1.453668559,0.080938458,0.061358398,2.006108446,6.090277067,3.475704762,0.026233434,12.87740502,596.2742564,,,,0,0,0.15046394,0,0,0,0,0,0.024989811,291.1096853
14,14,14014,0.17268201,0.00961472,0.010423061,0.340781242,0.899355892,2.265675691,0.003873911,1.90161629,52.42704287,,1.05411742,,0,0,0.022219126,0,0,0,0,0,0,61.5988827
14,15,14015,1.006579136,0.056045075,0.096560812,3.157048869,6.412349321,3.979431308,0.027620737,13.55840111,222.656273,56.36887015,39.76070006,,0,0.019170968,0.158420928,0,0,0,0,0,0.732192591,141.7700021
14,16,14016,1.138445398,0.063387224,0.022616076,0.739430998,4.120672224,3.379387635,0.017749502,8.7128327,346.0591623,,,,0,0,0.101803674,0,0,0,0,0,0.004164968,210.3214199
14,17,14017,0.102981272,0.005733869,0.018584515,0.607619385,1.4045533,3.925670878,0.006050013,2.969815907,109.5783374,,,,0,0,0.03470033,0,0,0,0,0,0,125.7145638
14,18,14018,0.703914667,0.039193093,0.063030021,2.060762042,6.919090585,1.696088365,0.029803489,14.62986509,762.8072161,,6.96731815,,0,0,0.170940274,0,0,0,55.9448,5.152,0.724147161,435.3772001
14,19,14019,0.00690728,0.000384589,0.0025566,0.083587852,0.585596713,3.095191173,0.002522416,1.238197534,7.195868629,,29.49874371,,0,0,0.014467517,0,0,0,0,0,0,14.44507299
14,20,14020,0.028884991,0.00160828,0.013766307,0.450088433,1.088300198,4.209125832,0.004687775,2.301123951,17.47568096,,93.5318008,,0,0,0.026887108,0,0,0,0,0,0,393.4787741
14,21,14021,0.510510816,0.028424607,0.039430637,1.28918187,2.160449279,1.930013018,0.009305981,4.568097656,194.3948424,56.93776614,12.10614037,,0,0,0.053375193,0,0,0,0,0,0.311320492,278.2185666
14,22,14022,0.24112688,0.013425645,0.162835748,5.323903184,3.543982377,2.784849917,0.015265451,7.493468022,93.54629218,,,,0,0,0.087556206,0,0,0,0,0,1.036545185,148.1487843
14,23,14023,1.75256542,0.097580664,0.189876709,6.208005464,11.8717828,1.989995181,0.051136858,25.10193768,190.7888548,0.834207205,16.52218531,,0,0.001691556,0.293299499,0,0,0,0,0,9.045324036,147.5215133
14,24,14024,0.386807703,0.021536972,0.038447329,1.257032696,2.888080806,2.365954539,0.012440202,6.106616474,167.6060823,34.35350671,0.09035067,,0,0,0.071351765,0,0,0,0,0,0.093657761,115.9414787
14,25,14025,0.276919151,0.015418514,0.030089214,0.983764719,1.877210959,1.453288437,0.008085952,3.969212822,88.40638602,,7.51834154,,0,0,0.04637762,0,0,0,0,0,0,38.68733835
14,26,14026,0.155727777,0.008670729,0.009439754,0.308632069,0.598303841,0.751255257,0.002577151,1.265065743,75.04262999,,1.94948026,,0,0,0.014781454,0,0,0,0,0,0.007325188,49.62808293
14,27,14027,0.029512925,0.001643243,0.007374807,0.241118804,1.938846467,12.20570414,0.008351443,4.099536188,199.4283592,26.24927744,49.53042386,,0,0,0.047900362,0,0,0,0,0,0,385.5619483
14,28,14028,0.015698365,0.000874065,0.004031561,0.131811613,0.227065689,0.878283381,0.000978069,0.480112287,13.93094137,,0.36140268,,0,0,0.005609794,0,0,0,0,0,0,21.64832368
14,29,14029,0.054002374,0.003006785,0.012094684,0.395434838,1.856071998,6.598206043,0.007994898,3.924516176,384.5101224,,,,0,0,0.04585537,0,0,0,0,0,0,228.1583851
14,30,14030,0.495440386,0.027585505,0.140809657,4.603761691,5.144724232,0.756075872,0.022160533,10.87810898,87.37840479,,,,0,0.033267268,0.127103491,0,0,0,0,0,0,37.26018829
14,31,14031,0,0,0.000589985,0.019289504,0.386082927,2.650893097,0.001663025,0.81634155,19.53164342,,21.84067736,,0,0,0.00953841,0,0,0,0,0,0,16.595441
14,32,14032,0.065305197,0.003636112,0.006686492,0.218614382,0.584646647,2.95980012,0.002518324,1.236188696,14.9589226,,5.75808348,,0,0,0.014444045,0,0,0,0,0,0,46.33416271
14,33,14033,0.561373517,0.031256579,0.01927283,0.630123807,2.173750199,1.815587829,0.009363274,4.596221389,256.0576097,,,,0,0,0.0537038,0,0,0,0,0,21.92324135,95.46476812
14,34,14034,0.008791084,0.000489477,0.001966615,0.064298348,0.212933463,0.357557116,0.000917196,0.450230821,9.251831095,,,,0,0,0.005260649,0,0,0,0,0,0,27.83906925
14,35,14035,0.673773807,0.037514888,0.044150514,1.443497904,5.536863828,2.507127365,0.023849646,11.70725687,759.678131,,,,0,0,0.136791535,0,0,0,140.6347,12.9513,5.208750014,303.7804637
14,36,14036,0.177077552,0.009859458,0.025467668,0.832663602,2.09026318,1.378208098,0.00900366,4.419694748,145.5125392,18.73568458,2.0480536,,0,0,0.051641203,0,0,0,13.2908,1.224,0.034117295,75.79324015
14,37,14037,0.334689133,0.018635075,0.05388526,1.761774725,2.515536315,1.74766719,0.010835493,5.318900866,88.40638602,44.06665715,0.95650402,,0,0,0.06214783,0,0,0,0,0,2.230529499,60.9431651
14,38,14038,0.020093907,0.001118804,0.003441577,0.112522108,0.467788573,2.208501111,0.002014966,0.98910162,62.75199655,,15.60992809,,0,0,0.011556997,0,0,0,0,0,0,54.11598775
14,39,14039,72.90006538,4.058984999,4.26962019,139.5949276,187.5398708,2.067257314,0.80781462,396.5380963,0,,,,87.26441226,0.340566608,4.633284754,888.39036,114.379,0,29.9815,2.761,351.1165868,0
14,40,14040,0.028257056,0.001573318,0.002654931,0.086802769,0.965385455,3.404371852,0.004158329,2.041230533,45.79835959,,1.47466164,,0,0,0.023850425,0,0,0,90.5626,8.34,0.078484158,32.01444749
14,41,14041,0.259964917,0.014474523,0.004424884,0.144671282,0.587259328,0.446629155,0.002529578,1.241713001,24.67154959,,4.662,,0,0,0.014508593,0,0,0,0,0,0,15.46722102
14,42,14042,0.054630309,0.003041748,0.008063123,0.263623225,0.894249289,2.31725044,0.003851915,1.890818786,45.23117424,,3.530565282,,0,0,0.022092964,0,0,0,0,0,0,29.55550649
14,43,14043,0.131238328,0.007307187,0.070208167,2.295451011,2.29939638,3.67981674,0.009904486,4.861890217,187.6597697,6.509107407,0.382785931,,0,0,0.056807964,0,0,0,0,0,5.49389103,390.3159009
14,44,14044,1.856802561,0.103384458,0.013667976,0.446873516,2.894968782,1.444722772,0.012469872,6.12118055,221.015965,,,,0,0.003383112,0.071521936,0,0,0,42.654,3.9281,2.008671206,86.43900823
14,45,14045,0.18084516,0.010069234,0.018191192,0.594759716,2.067224088,4.034162106,0.00890442,4.370980426,328.9539945,,,,0,0,0.051072008,0,0,0,0,0,1.578362996,190.6209633
14,46,14046,0.6700062,0.037305112,0.041987237,1.372769722,3.304447076,2.211248489,0.01423367,6.986989737,221.015965,,,,0,0,0.081638343,0,0,0,0,0,0.138551663,65.47533086
14,47,14047,0.174565814,0.009719607,0.03205583,1.048063066,2.520761676,0.470390291,0.010858001,5.329949475,355.8330373,,,,0,0,0.062276926,0,0,0,0,0,0.342714155,151.8757675
14,48,14048,0.606584807,0.033773888,0.018584515,0.607619385,2.039553426,3.644238689,0.008785231,4.312473018,259.096412,,7.710134,,0,0,0.050388388,0,0,0,0,0,1.617522972,205.499967
14,49,14049,0.011302822,0.000629327,0.0025566,0.083587852,0.97429232,3.096999413,0.004196695,2.060063389,200.0406859,,,,0,0,0.024070475,0,0,0,0,0,0,221.2420108
14,50,14050,0.227312319,0.012656467,0.063226683,2.067191876,4.612093679,2.129458034,0.019866265,9.751904166,140.8334289,,1.13417076,,0,0,0.113944535,0,0,0,0,0,0.305452855,115.0495099
14,51,14051,0.168914403,0.009404944,0.007276477,0.237903886,1.418685526,0.385636091,0.006110887,2.999697373,72.98666753,,0.72400268,,0,0,0.035049475,0,0,0,0,0,0,33.61516987
14,52,14052,0.062793458,0.003496262,0.006686492,0.218614382,0.604835542,1.291600882,0.002605286,1.278876504,27.75549329,,,,0,0,0.014942824,0,0,0,0,0,0,60.441734
14,53,14053,4.647971781,0.25879329,0.162344095,5.307828597,16.93883916,9.908494838,0.072962842,35.81582415,781.0757891,,5.18,,0,0.005074668,0.41848416,0,0,0,35.2359,3.2449,5.500076775,552.8663652
14,54,14054,0.035792271,0.001992869,0.009144761,0.298987316,0.613623649,0.467339819,0.00264314,1.297458256,10.32495368,5.936305956,,,0,0,0.01515994,0,0,0,0,0,0,39.53591407
14,55,14055,0.141913216,0.007901551,0.023992707,0.784439841,2.281226375,2.232444826,0.00982622,4.82347119,67.99829217,9.459034885,22.8044309,,0,0,0.056359063,0,0,0,66.4538,6.1198,0.470904945,53.08901827
14,56,14056,0.004395542,0.000244738,0.0012783,0.041793926,0.306752446,1.532037393,0.001321314,0.648603576,11.30779356,,,,0,0,0.007578503,0,0,0,0,0,0,58.54208154
14,57,14057,0.033280533,0.001853019,0.004818208,0.157530952,0.414703655,0.625303328,0.001786306,0.876857796,10.27981233,,,,0,0,0.010245502,0,0,0,0,0,0.056508593,22.77991868
14,58,14058,0.244266553,0.013600458,0.032547484,1.064137653,1.517492353,2.015231771,0.00653649,3.208616527,198.0298647,,20.91647738,,0,0,0.037490557,0,0,0,0,0,0.004709049,94.84762215
14,59,14059,0.106120944,0.005908682,0.05516356,1.803568651,1.39065859,2.898654463,0.005990163,2.940436651,49.34309917,0.029941894,8.39250253,,0,0,0.034357053,0,0,0,0,0,0.008894871,35.47181496
14,60,14060,0.072212477,0.004020701,0.003539908,0.115737026,0.689153868,0.902182932,0.002968481,1.457160878,48.31511794,,4.04637367,,0,0,0.017025959,0,0,0,0,0,0,35.32196421
14,61,14061,0.027001187,0.001503393,0.005703184,0.186465208,1.907019268,15.55144008,0.00821435,4.032240115,23.84024051,,43.80942303,,0,0,0.047114052,0,0,0,0,0,0,34.89285489
14,62,14062,0.010046953,0.000559402,0.001671623,0.054653595,0.370406844,1.034476099,0.001595501,0.783195723,55.55612792,,1.597602542,,0,0,0.009151123,0,0,0,0,0,0,42.22628481
14,63,14063,2.823821818,0.157226888,0.136188111,4.452660574,10.90414094,1.262854707,0.04696881,23.05593616,398.8567183,,,,0,0,0.269393328,0,0,0,107.5624,9.9056,5.614510391,144.7207313
14,64,14064,0.309571749,0.01723657,0.030875861,1.009484058,3.336868066,3.625477472,0.014373321,7.055541334,313.5794173,,,,0,0,0.082439323,0,0,0,0,0,0,191.7588261
14,65,14065,0.073468346,0.004090626,0.011308038,0.369715499,1.317622293,2.867807763,0.005675564,2.786007228,45.79835959,11.94681574,5.036793542,,0,0,0.032552647,0,0,0,0,0,0,140.4942457
14,66,14066,1.285382091,0.071568477,0.041495583,1.356695135,5.403973396,6.401010111,0.02327723,11.42627065,245.7777973,,,,0,0,0.133508397,0,0,0,102.926,9.4786,1.424284453,138.8578445
14,67,14067,1.626978504,0.09058814,1.904568606,62.26973477,28.50422579,4.678968856,0.12277992,60.26991157,107.9831708,,2.530134,,0,0,0.704213958,386.88741,60.782,167.7,0,0,13.07867968,393.4016308
14,68,14068,0.043955421,0.002447383,0.011209707,0.366500582,1.253492862,5.675908822,0.005399331,2.650410662,34.95136191,15.62185778,13.3669034,,0,0,0.030968291,0,0,0,0,0,0,727.5958196
14,69,14069,0.00816315,0.000454514,0.003146585,0.102877356,0.939139891,2.883679237,0.004045278,1.985736382,45.79835959,,0.92246016,,0,0,0.023202013,0,0,0,0,0,0,146.3127751
14,70,14070,19.34415275,1.077058374,0.111605419,3.648931228,15.02136917,1.266607388,0.064703477,31.76148682,33.96852203,,,,0,0.018607116,0.371111916,0,0,0,34.3087,3.1595,0.983730101,20.21153071
14,71,14071,0.001883804,0.000104888,0.000491654,0.016074587,0.359481089,2.170975119,0.001548439,0.760094086,29.81145575,,6.4570402,,0,0,0.008881195,0,0,0,0,0,0,40.7412773
14,72,14072,0.177705487,0.009894421,0.009734746,0.318276821,0.708392697,0.510305959,0.003051351,1.497839848,115.1338981,,,,0,0,0.017501266,0,0,0,0,0,0,45.39880084
14,73,14073,0.683192826,0.038039327,0.134713149,4.404436813,6.801282445,2.964751908,0.029296039,14.38076917,676.4116512,,,,0,0,0.168029753,0,0,0,0,0,1.061271083,229.2986587
14,74,14074,0.208474281,0.011607589,0.019174499,0.626908889,1.468207698,0.356268841,0.0063242,3.104408054,75.04262999,,,,0,0,0.03627295,0,0,0,0,0,0,25.40905697
14,75,14075,0.04521129,0.002517308,0.004031561,0.131811613,0.420166532,0.386100472,0.001809837,0.888408614,21.12681,3.531841679,2.8370268,,0,0,0.010380466,0,0,0,0,0,0,32.0337333
14,76,14076,0.019465972,0.001083841,0.002163277,0.070728182,0.363993901,1.385750734,0.001567878,0.769636066,4.111924931,,,,0,0,0.008992687,0,0,0,0,0,53.86577025,12.27541917
14,77,14077,0.328409787,0.018285449,0.042675552,1.395274144,2.734407688,2.185926543,0.011778266,5.781686925,223.6391129,40.70795773,,,0,0,0.067555179,0,0,0,0,0,0.10778491,239.6724968
14,78,14078,1.64832828,0.091776869,0.033825783,1.105931579,3.09697649,0.951940186,0.013340005,6.548309734,191.2045093,,,,0,0,0.076512658,0,0,0,0,0,0.47489137,77.93396525
14,79,14079,0.303920338,0.016921907,0.008751438,0.286127647,1.497659733,4.238215882,0.006451063,3.166682033,79.72174027,0.222351109,12.49148766,,0,0,0.03700058,0,0,0,46.054,4.2412,14.58392616,56.10194421
14,80,14080,0.01507043,0.000839103,0.007964792,0.260408308,0.638800389,2.960283138,0.002751587,1.350692463,27.75549329,,,,0,0,0.015781946,0,0,0,0,0,3.665210159,57.05707404
14,81,14081,0.012558692,0.000699252,0.002458269,0.080372935,0.417553852,0.965067635,0.001798583,0.88288431,8.223849862,,3.6140268,,0,0,0.010315918,0,0,0,0,0,0,14.38721556
14,82,14082,0.572676339,0.031885907,0.039528968,1.292396787,4.291446524,1.909678411,0.0184851,9.073921334,104.4384312,0.566943255,8.7897854,,0,0,0.106022755,0,0,0,35.2359,3.2449,0,67.0085529
14,83,14083,0.914272752,0.05090557,0.061260067,2.002893529,6.789406624,1.093919743,0.029244885,14.3556587,254.017754,120.2492502,28.23815125,,0,0,0.167736354,0,0,0,84.6899,7.7992,7.402259276,155.6712152
14,84,14084,0.150076365,0.008356065,0.03854566,1.260247614,1.620930751,4.651513075,0.006982044,3.427328766,46.36554493,,72.65521584,,0,0,0.040046064,0,0,0,0,0,0,90.55652903
14,85,14085,0.698891191,0.038913393,0.03982396,1.30204154,4.093714111,4.848229165,0.017633382,8.655831921,111.2798934,50.5200466,1.43870548,,0,0.007330076,0.101137657,0,0,0,0,0,0,170.5598619
14,86,14086,0.19591559,0.010908336,0.036480714,1.192734349,1.93005836,8.431022858,0.008313589,4.080954437,98.68619835,,5.67947431,,0,0,0.047683247,0,0,0,0,0,0,58.74458257
14,87,14087,0.195287655,0.010873374,0.025172676,0.82301885,1.828638853,3.56150262,0.007876731,3.866510978,60.75728219,7.991100982,32.23055159,,0,0,0.045177617,0,0,0,0,0,0,107.7280372
14,88,14088,0.167030599,0.009300056,0.02055113,0.671917733,1.722112742,3.202911182,0.007417878,3.641270015,117.1898605,,5.956179233,,0,0,0.042545826,0,0,0,0,0,79.96332233,104.6255287
14,89,14089,0.006279346,0.000349626,0.001671623,0.054653595,0.3495054,0.559666962,0.00150547,0.739001286,15.41971849,,,,0,0,0.00863474,0,0,0,40.4904,3.7288,0,17.23187279
14,90,14090,0.052746505,0.00293686,0.007768131,0.253978473,0.821688026,0.951521207,0.003539363,1.737393782,90.46234848,,1.93591474,,0,0,0.020300294,0,0,0,0,0,0,98.18406758
14,91,14091,0.292617516,0.016292579,0.031859168,1.041633232,4.256056579,6.03671196,0.01833266,8.999092118,298.1145575,,,,0,0,0.105148425,0,0,0,0,0,0.330679917,204.0438882
14,92,14092,0.028257056,0.001573318,0.005408192,0.176820456,1.154804793,1.769733098,0.004974239,2.441742613,151.1132412,0.058581967,,,0,0,0.028530144,0,0,0,0,0,0,123.0820505
14,93,14093,3.615019392,0.201279785,0.193416617,6.32374249,15.31078292,3.052535541,0.065950106,32.3734291,475.9553108,,,,0,0,0.378262056,0,0,0,0,0,7.937366463,368.5422195
14,94,14094,1.032952389,0.057513505,0.066963252,2.189358737,4.766004314,5.331727257,0.020529224,10.07733592,91.49032972,0.275335243,28.63749162,,0,0,0.117746989,0,0,0,87.4717,8.0554,0.094180989,99.23514432
14,95,14095,0.023861514,0.001328579,0.004326554,0.141456365,0.87964203,0.181750033,0.003788995,1.859932901,106.6007831,20.30841511,3.46341608,,0,0,0.021732083,0,0,0,34.9269,3.2165,0,48.36611583
14,96,14096,0.121191374,0.006747785,0.019174499,0.626908889,2.19750184,2.053707686,0.009465582,4.646442339,57.56694904,,,,0,0,0.054290598,0,0,0,0,0,0,45.47594409
14,97,14097,14.96996045,0.833508785,0.363135519,11.87268989,31.97576566,4.556737388,0.13773333,67.6102057,623.5176089,1.197675763,53.42182078,,0,0.029320304,0.789980429,0,0,0,99.217,9.137,0.196595372,182.984264
14,98,14098,19.62232777,1.092546813,0.675040708,22.07040783,72.36519393,6.134357975,0.311707912,153.0104298,103.8712459,,,,0,0.088524764,1.787825427,0,0,0,45.7449,4.2127,37.56707281,53.19026878
14,99,14099,0.019465972,0.001083841,0.002064946,0.067513265,0.999706576,4.326059914,0.004306165,2.113799806,59.6229115,,,,0,0,0.024698349,0,0,0,0,0,0,72.48090198
14,100,14100,0.096701926,0.005384243,0.036775706,1.202379101,3.656208881,9.138527646,0.015748859,7.730762013,252.8833833,,16.46941815,,0,0,0.090328829,0,0,0,0,0,0.868845257,310.3954971
14,101,14101,6.994563316,0.389448589,0.342092735,11.18469757,52.77436527,3.958203048,0.227321815,111.5871854,19.53164342,,,,0,0.096982544,1.30382228,0,0,0,0,0,2.272963662,22.24618384
14,102,14102,0.162007122,0.009020355,0.006883154,0.225044217,0.633218753,1.139868177,0.002727545,1.33889054,37.00732438,,0.1036,,0,0,0.015644048,0,0,0,0,0,0,76.14038476
14,103,14103,0.106120944,0.005908682,0.005408192,0.176820456,0.841876921,0.979147022,0.003626325,1.78008159,18.28467981,11.47165089,,,0,0,0.020799073,0,0,0,32.1451,2.9603,2.973024197,34.36297722
14,104,14104,0.027001187,0.001503393,0.002654931,0.086802769,0.473132692,1.053970817,0.002037985,1.000401334,49.34309917,,,,0,0,0.011689026,0,0,0,0,0,0,25.7851303
14,105,14105,0.136889739,0.00762185,0.018781176,0.61404922,2.279326243,1.278865416,0.009818035,4.819453513,393.7168122,,,,0,0,0.056312119,0,0,0,0,0,0,153.7464912
14,106,14106,0.018210103,0.001013916,0.001573292,0.051438678,0.430617254,1.782966295,0.001854853,0.910505832,52.42704287,,,,0,0,0.010638657,0,0,0,0,0,0,51.81133324
14,107,14107,0.033908467,0.001887981,0.0102264,0.334351408,0.661126932,0.449599754,0.002847757,1.397900157,20.55962466,,,,0,0,0.016333537,0,0,0,0,0,0,16.64365553
14,108,14108,0.783662359,0.043633346,0.033727453,1.102716662,3.853941294,5.219950152,0.016600577,8.148851426,191.7716946,40.08126087,1.8070134,,0,0,0.095213926,0,0,0,125.1803,11.528,95.25967155,232.5404108
14,109,14109,0.373621077,0.020802757,0.009243092,0.302202234,1.778997923,2.242213808,0.007662907,3.761549191,166.6232424,,,,0,0,0.043951208,0,0,0,68.9265,6.3475,0,96.81477494
14,110,14110,0.100469533,0.005594019,0.023796045,0.778010006,1.500034897,1.801391412,0.006461293,3.171704128,151.1132412,,2.519202338,,0,0,0.03705926,0,0,0,0,0,0,115.3195113
14,111,14111,0.109888552,0.006118458,0.007768131,0.253978473,0.710530345,0.222930776,0.003060559,1.502359734,84.29446109,,,,0,0,0.017554077,0,0,0,0,0,0.219755641,39.30448433
14,112,14112,0.106120944,0.005908682,0.008161454,0.266838143,0.588684426,0.574369912,0.002535716,1.244726258,8.223849862,,0.226188611,,0,0,0.014543801,0,0,0,0,0,0.010987782,24.76635729
14,113,14113,0.158867449,0.008845542,0.007571469,0.247548638,1.537443732,4.666460834,0.006622429,3.250802125,115.7010834,,14.0080309,,0,0,0.037983468,0,0,0,0,0,0,149.9471863
14,114,14114,0.153216038,0.008530879,0.026844299,0.877672445,1.73149464,0.501192297,0.00745829,3.661107291,119.8130083,28.48190128,,,0,0,0.042777611,0,0,0,0,0,2.028553859,42.99636727
14,115,14115,0.024489449,0.001363542,0.005211531,0.170390621,0.584171614,1.634304664,0.002516278,1.235184277,14.39173726,,0.665889951,,0,0,0.014432309,0,0,0,0,0,0,23.63476229
14,116,14116,0.391203245,0.02178171,0.037562353,1.22809844,2.134559991,0.844205972,0.009194465,4.51335682,97.65821711,,,,0,0,0.052735582,0,0,0,0,0,0.505298455,64.48211156
14,117,14117,0.020721841,0.001153766,0.004326554,0.141456365,0.453775104,0.60384466,0.001954604,0.959471259,72.98666753,,0.33610134,,0,0,0.011210786,0,0,0,0,0,0,36.39232676
14,118,14118,0.258709048,0.014404598,0.035792399,1.170229927,2.62835661,3.50604677,0.011321459,5.557450381,180.924697,,0.4921,,0,0,0.064935123,0,0,0,0,0,1.191389512,105.0112449
14,119,14119,0.39183118,0.021816673,0.030089214,0.983764719,2.956366775,2.950788208,0.012734339,6.251001707,173.2680325,3.451128747,,,0,0,0.073038811,0,0,0,86.8535,7.9985,81.76965427,104.0662402
14,120,14120,53.97160532,3.005071878,2.125517837,69.49365412,146.5174613,7.252301904,0.631113516,309.7994839,252.5128701,4.426193037,85.3854025,,0,0.127994404,3.619801575,0,0,0,77.89,7.173,190.7887726,182.250921
14,121,14121,0.718357163,0.039997234,0.031564176,1.03198848,3.135216632,2.658289141,0.013504722,6.629165464,132.4969861,69.3685991,0.20600268,,0,0.000563852,0.077457403,0,0,0,57.1811,5.2659,103.3458458,132.8656464
14,122,14122,0.025745318,0.001433467,0.004129892,0.13502653,0.73998238,4.542756477,0.003187421,1.564633712,21.58760589,5.200776819,,,0,0,0.018281708,0,0,0,0,0,0,49.08181231
14,123,14123,1.042999342,0.058072907,0.0076698,0.250763556,1.971980007,2.174739005,0.008494163,4.169594414,364.9333376,,,,0,0,0.048718946,0,0,0,0,0,0,167.3429885
14,124,14124,1.412852811,0.078665888,0.077287982,2.526925062,6.737271772,3.651727894,0.029020318,14.24542371,215.8760589,,,,0,0.007330076,0.166448331,0,0,0,0,0,0,160.322953
14,125,14125,0.540023741,0.03006785,0.014651284,0.47902269,2.413523016,3.396921164,0.010396078,5.103201884,30.83943698,,,,0,0,0.059627531,0,0,0,0,0,0,0
15,1,15001,0.558233844,0.031081766,0.006591718,0.524031533,20.90288665,37.79834795,0.029585572,14.52289446,165.5049785,,2.34040578,,0,0.003374837,0.169690393,0,0,0,0,0,0.009935656,0
15,2,15002,2.071556188,0.115341673,0.022363314,1.777849312,31.08579749,0.786608572,0.043998282,21.59777086,43.45596316,,0.873937748,,0,0,0.252355633,0,0,0,75.158,6.9214,21.1376113,0
15,3,15003,0.595909919,0.033179523,0.005095439,0.40507959,15.32225395,17.96014495,0.021686844,10.64558598,155.2251661,,0.38071742,,0,0,0.124386614,0,0,0,0,0,1.482896654,0
15,4,15004,0.067189,0.003741,0.004691039,0.372930416,4.972730089,7.588321752,0.007038313,3.454950289,15.41971849,,3.172423995,,0,0,0.040368804,0,0,0,0,0,0,0
15,5,15005,0.650540228,0.036221271,0.011363637,0.903391784,49.23324449,68.353436,0.069683854,34.20624269,490.3921894,,0.26714007,,0,0,0.399677267,0,0,0,50.5448,4.6547,0.447104519,0
15,6,15006,0.657447508,0.03660586,0.002102879,0.167175704,3.299732954,0.386384677,0.004670383,2.29258639,20.55962466,,0.89134623,,0,0,0.026787352,0,0,0,0,0,0,0
15,7,15007,0.020721841,0.001153766,0.002911679,0.231474051,7.416267274,18.59534595,0.010496852,5.15266952,45.23117424,,0.83935015,,0,0,0.060205527,0,0,0,0,0,0.014903484,0
15,8,15008,0.092934318,0.005174467,0.005944678,0.472592855,9.444536862,16.77353686,0.013367629,6.561869391,5.139906164,,,,0,0,0.076671093,0,0,0,0,0,0.059613936,0
15,9,15009,0.253685571,0.014124897,0.014113556,1.122006166,18.29201361,7.424616004,0.025890189,12.70891373,84.90678778,,4.17559371,,0,0,0.148495231,0,0,0,17.5808,1.619,0,0
15,10,15010,0.78931377,0.043948009,0.007440958,0.591544798,9.792942401,1.217308979,0.013860756,6.803934372,25.85106162,,,,0,0,0.079499462,0,0,0,20.2179,1.8619,48.55727363,0
15,11,15011,0.530604722,0.029543411,0.007198318,0.572255294,17.19294593,1.361072962,0.024334588,11.94530418,24.76183229,,,,0,0,0.13957296,0,0,0,0,0,0,0
15,12,15012,0.531232657,0.029578374,0.004003559,0.318276821,3.422975992,0.537871219,0.004844819,2.37821311,23.64356835,,0.2833827,,0,0,0.027787843,0,0,0,0,0,0,0
15,13,15013,9.208660655,0.512726776,0.148819157,11.83089596,172.920102,0.683988555,0.244748022,120.1413199,1.027981233,,0.0518,,0,0,1.40377167,0,0,0,0,0,10.18839112,0
15,14,15014,4.614691248,0.256940271,0.03522323,2.800193039,29.01777209,25.47799569,0.041071236,20.16094947,166.7586665,,1.11908415,,0,0,0.235567328,0,0,0,36.0407,3.319,1.653728289,705.2784922
15,15,15015,0.12747072,0.007097411,0.005216758,0.414724342,8.703994385,10.49854294,0.012319478,6.047355753,17.47568096,,0.53372278,,0,0.0013818,0.070659343,0,0,0,4.8347,0.4452,0,0
15,16,15016,0.173309945,0.009649682,0.003518279,0.279697812,8.442690231,2.254206808,0.011949633,5.865807017,266.859466,,5.520030402,,0,0,0.068538066,0,0,0,84.3879,7.7714,0,0
15,17,15017,0.016954234,0.000943991,0.00129408,0.102877356,2.437393104,0.369503003,0.003449843,1.69345045,72.52587164,,0.16970068,,0,0,0.019786846,0,0,0,27.6898,2.55,0.457040175,0
15,18,15018,0.514278423,0.028634383,0.007400518,0.588329881,14.90264936,3.938005103,0.021092944,10.35405336,205.5962466,,0.624552,,0,0,0.120980249,0,0,0,0,0,8.527773522,0
15,19,15019,1.552254288,0.086427589,0.10397121,8.265552588,11.75977118,0.686863393,0.01664457,8.170446435,20.60476601,,3.25809087,,0,0,0.09546625,0,0,0,0,0,0.298069679,0
15,20,15020,1.472506596,0.081987336,0.135473961,10.76997323,111.9346761,0.327683851,0.15843034,77.76990398,0,,0.483004051,,0,0,0.908689767,0,0,0,0,0,0.3647431,0
15,21,15021,0.110516487,0.006153421,0.009988677,0.794084593,11.07922384,18.67044243,0.015681335,7.697616186,63.73483643,,3.746264855,,0,0.001885555,0.089941542,0,0,0,0,0,0.048187931,203.1262176
15,22,15022,0.10549301,0.00587372,0.002062439,0.163960786,4.755518752,0.34474653,0.006730876,3.304036333,12.33577479,,0.02530134,,0,0,0.038605474,0,0,0,0,0,0,0
15,23,15023,0.354155105,0.019718916,0.008290198,0.659058063,15.15383385,2.433087309,0.021448466,10.52857116,7.24100998,,,,0,0,0.123019374,0,0,0,24.6131,2.2667,0.496782799,0
15,24,15024,3.888170936,0.216488523,0.059689423,4.745218055,46.65453752,0.362387831,0.066033999,32.41461028,18.50366219,,,,0,0,0.378743231,0,0,0,33.8431,3.1167,0.195325424,0
15,25,15025,3.665254159,0.204076794,0.098592692,7.837968577,101.7391157,13.57173015,0.143999726,70.68623892,70.78589863,,3.81874577,,0,0.014982659,0.825921837,0,0,0,72.9604,6.719,1.573940283,0
15,26,15026,0.135005935,0.007516963,0.00097056,0.077158017,7.903456762,15.42185205,0.011186411,5.491158726,29.81145575,,0.56123812,,0,0,0.064160549,0,0,0,0,0,0.511686283,0
15,27,15027,0.025745318,0.001433467,0.0012132,0.096447521,2.602199044,0.145982065,0.003683106,1.807954218,25.69953082,,,,0,0.000394645,0.021124746,0,0,0,0,0,0,0
15,28,15028,0.394970853,0.021991486,0.005418958,0.430798929,8.791457186,0.926127197,0.012443271,6.108123103,7.482823487,,,,0,0,0.071369369,0,0,0,26.8107,2.469,0.042320508,0
15,29,15029,1.636397522,0.091112579,0.042057588,3.343514077,78.81446495,1.270959684,0.111552585,54.75866447,28.36781998,,,,0,0,0.63981869,0,0,0,0,0,54.88590756,0
15,30,15030,0.713961621,0.039752495,0.019532514,1.552805095,7.519632403,0.355179754,0.010643153,5.224485479,1.027981233,,,,0,0,0.061044649,0,0,0,0,0,0,0
15,31,15031,3.575459514,0.19907714,0.14004368,11.13325889,197.580275,2.954855074,0.27965159,137.2746994,5.185047515,,,,0,0,1.60396385,0,0,0,25.0527,2.3071,1.415830976,0
15,32,15032,0.020093907,0.001118804,0.003032999,0.241118804,11.24800537,28.55276028,0.015920226,7.814882105,24.67154959,,2.58486109,,0,0,0.091311716,0,0,0,0,0,0.751632374,0
15,33,15033,33.50533346,1.865535308,0.643764175,51.1782698,623.3394329,5.425992392,0.882263493,433.0833798,0,,1.111217152,,0,0,5.060292162,0,0,0,96.6945,8.9047,54.68898878,0
15,34,15034,0.045839225,0.002552271,0.002669039,0.212184547,3.123723102,6.962038698,0.004421262,2.170298375,1.118263935,,0.40721608,,0,0.000414187,0.025358498,0,0,0,0,0,0.50771202,0
15,35,15035,2.988968614,0.166422056,0.012859916,1.022343727,25.83549951,0.616916801,0.036567104,17.94997212,30.83943698,,0.087700804,,0,0,0.209733524,0,0,0,49.2263,4.5333,1.26664396,0
15,36,15036,0.161379188,0.008985393,0.004165319,0.33113649,13.96513487,3.26101653,0.019766002,9.702687634,182.9806594,,,,0,0,0.113369472,0,0,0,0,0,0.397426239,0
15,37,15037,1.225100371,0.068212065,0.064825301,5.153512563,86.69768239,2.65386221,0.12271035,60.23576133,0,,1.236167686,,0,0,0.703814935,0,0,0,96.6945,8.9047,94.34994539,0
15,38,15038,0.031396729,0.001748131,0.002345519,0.186465208,3.405989415,1.96692552,0.004820777,2.366411187,9.251831095,,0.55900205,,0,0,0.027649946,0,0,0,0,0,2.508753133,0
15,39,15039,6.249832901,0.347982925,0.117680366,9.355409581,182.7701482,6.692147738,0.258689601,126.9849288,108.0734535,,10.07240489,,0,0,1.483734703,0,0,0,0,0,136.1476072,0
15,40,15040,0.206590478,0.011502701,0.045980267,3.655361063,11.00007362,6.479594099,0.015569308,7.642624245,13.36375603,,0.56764274,,0,0,0.089298997,0,0,0,0,0,0.063091415,0
15,41,15041,0.008791084,0.000489477,0.00105144,0.083587852,2.333305142,5.120127141,0.003302518,1.621132282,1.179512037,,0.28725334,,0,0,0.018941856,0,0,0,0,0,0.004967828,0
15,42,15042,1.657119364,0.092266346,0.03344387,2.658736675,48.50246026,70.99091547,0.068649515,33.69850888,487.8302897,,0.1265067,,0,0,0.393744734,0,0,0,133.6142,12.3047,0.260840826,0
15,43,15043,0.210358085,0.011712477,0.011201877,0.890532115,7.6201062,4.57201249,0.010785362,5.2942926,33.92338068,,0.96777673,,0,0,0.061860299,0,0,0,0,0,0.745174198,0
15,44,15044,0.281314693,0.015663252,0.003882239,0.308632069,9.89413903,0.099815431,0.014003988,6.874243703,2.101103817,,,,0,0,0.08032098,0,0,0,0,0,0,0
15,45,15045,3.225072017,0.179568,0.017753155,1.411348731,26.93601285,28.5230428,0.038124751,18.71458609,152.1863638,,0.0777,,0,0.004312593,0.218667531,0,0,0,46.1496,4.25,0.332324505,253.6021999
15,46,15046,0.050862701,0.002831972,0.002305079,0.183250291,4.985741084,1.64449515,0.007056729,3.46399006,5.185047515,,1.25720561,,0,0,0.040474427,0,0,0,0,0,15.64567746,0
15,47,15047,0.093562253,0.00520943,0.003558719,0.28291273,22.96802073,50.77996437,0.032508526,15.95770702,226.517002,,0.52771411,,0,0.003475262,0.186455227,0,0,0,0,0,0,0
15,48,15048,3.350030999,0.186525561,0.005661598,0.450088433,21.02902102,17.51714262,0.029764101,14.61053002,398.3959224,,0.4875894,,0,0,0.170714357,0,0,0,17.1413,1.5786,3.057832651,0
15,49,15049,0.096073991,0.00534928,0.002547719,0.202539795,4.112558739,3.571447403,0.005820842,2.857320978,13.36375603,,7.13426509,,0,0,0.033385901,0,0,0,0,0,0,0
15,50,15050,0.151332234,0.008425991,0.008087998,0.642983476,8.132594845,0.853984052,0.011510729,5.650359139,156.2531474,,,,0,0,0.0660207,0,0,0,0,0,0,0
15,51,15051,16.07763705,0.895182841,0.028631512,2.276161506,40.1027786,8.247250106,0.056760756,27.86258333,130.734182,,3.35222863,,0,0,0.325555814,0,0,0,14.9437,1.3762,4.813279622,0
15,52,15052,0.111144421,0.006188383,0.023980913,1.906446007,8.693151889,13.37644857,0.012304132,6.03982261,8.223849862,,0.6644201,,0,0,0.070571323,0,0,0,0,0,0,0
15,53,15053,0.228568188,0.012726393,0.009624717,0.765150337,13.80755726,0.46153164,0.01954297,9.593205962,25.69953082,,,,0,0,0.112090251,0,0,0,0,0,0,0
15,54,15054,1.986157085,0.110586757,0.20713362,16.46680683,77.36952165,1.698773129,0.109507438,53.75474767,67.84676136,,,,0,0,0.628088588,0,0,0,0,0,24.80220503,0
15,55,15055,0.104237141,0.005803794,0.004407959,0.350425995,3.857037249,0.166507009,0.005459182,2.679789918,13.93094137,,,,0,0.000543383,0.031311569,0,0,0,0,0,0,0
15,56,15056,0.309571749,0.01723657,0.005499838,0.437228764,9.874983954,26.92325718,0.013976876,6.860935151,45.27631559,,0.65302349,,0,0,0.080165478,0,0,0,0,0,0.004967828,0
15,57,15057,33.12480511,1.844347962,0.517793611,41.16380216,292.3798318,2.820572074,0.413829188,203.1394759,1.118263935,,1.52885628,,0,0,2.373550097,0,0,0,37.7988,3.4809,334.3267098,0
15,58,15058,10.40801571,0.579505374,0.540803964,42.99309015,399.6294654,0.961314218,0.565628403,277.654309,3.083943698,,,,0,0,3.244206518,0,0,0,81.3113,7.4881,9.288402104,0
15,59,15059,0.242382749,0.01349557,0.004569719,0.363285664,8.827598839,0.589379042,0.012494426,6.133233578,42.19237189,,,,0,0,0.071662768,0,0,0,31.6455,2.9143,0,0
15,60,15060,2.126814432,0.118418383,0.062641542,4.979907024,118.8406232,5.133760583,0.168204894,82.56801359,32.89539945,,11.46066153,,0,0,0.964752497,0,0,0,0,0,3.491586427,0
15,61,15061,0.196543524,0.010943299,0.00137496,0.109307191,3.176851332,0.335753042,0.004496459,2.207210774,41.11924931,,,,0,0,0.025789795,0,0,0,46.5892,4.2905,0.606075014,0
15,62,15062,2.76102836,0.153730626,0.078736657,6.259444142,20.80530419,2.894240302,0.029447456,14.45509618,24.71669094,,2.23170694,,0,0,0.168898215,0,0,0,61.9724,5.7071,1.990149038,0
15,63,15063,0.079747692,0.004440252,0.014315756,1.138080753,9.75969208,15.28482341,0.013813694,6.780832735,42.14723054,,5.12515403,,0,0.001486839,0.079229535,0,0,0,0,0,0,0
15,64,15064,0.103609206,0.005768832,0.005095439,0.40507959,12.15046245,17.89558479,0.017197547,8.441890672,35.97934315,,0.14095335,,0,0,0.098637896,0,0,0,51.8634,4.7762,0.019374529,0
15,65,15065,0.343480217,0.019124551,0.011929797,0.948400628,11.17066223,4.902101651,0.015810756,7.761145688,85.99601712,,0.6385201,,0,0,0.090683842,0,0,0,98.013,9.0262,6.903207445,0
15,66,15066,0.018210103,0.001013916,0.0006066,0.048223761,1.66938297,3.271587232,0.002362815,1.159852851,7.195868629,,,,0,0,0.013552112,0,0,0,0,0,0,0
15,67,15067,0.535628199,0.029823112,0.008087998,0.642983476,26.8539713,16.90901667,0.038008631,18.65758532,49.34309917,,,,0,0,0.218001515,0,0,0,0,0,0.537144915,0
15,68,15068,0.311455553,0.017341458,0.011040117,0.877672445,8.935662383,2.3069274,0.012647377,6.208313899,37.05246573,,,,0,0,0.072540032,0,0,0,19.3389,1.7809,0,0
15,69,15069,0.116795832,0.006503047,0.002628599,0.20896963,1.412415814,0.096463231,0.001999108,0.981317373,3.129085049,,,,0,0,0.011466043,0,0,0,0,0,0.125876384,0
15,70,15070,6.701317866,0.373121047,0.109147529,8.677062013,88.55211062,1.893942671,0.125335075,61.52417981,2.055962466,,,,0,0,0.718869251,0,0,0,41.7544,3.8452,1.052044434,0
15,71,15071,0.322130441,0.017935822,0.004165319,0.33113649,4.754795919,0.720172204,0.006729853,3.303534123,137.8397679,,,,0,0.000800689,0.038599606,0,0,0,64.6095,5.95,0,0
15,72,15072,0.649912293,0.036186308,0.001981559,0.157530952,4.386512471,0.549631449,0.006208591,3.04765838,56.5389678,,,,0,0,0.035609868,0,0,0,0,0,1.174394536,0
15,73,15073,0.751637695,0.041850252,0.003518279,0.279697812,4.350009401,0.495580985,0.006156926,3.0222968,28.78347452,,,,0,0,0.035313534,0,0,0,0,0,19.05012998,0
15,74,15074,0.266872198,0.014859112,0.011808477,0.938755875,35.97612461,112.2687816,0.050919964,24.99546927,129.5256353,,0.10240268,,0,0,0.292055487,0,0,0,28.5688,2.6309,0.855494856,0
15,75,15075,0.653051966,0.036361121,0.009624717,0.765150337,8.240296972,1.216633973,0.011663169,5.725188356,3.083943698,,0.05060268,,0,0,0.06689503,0,0,0,28.1293,2.5905,0,0
15,76,15076,7.387022431,0.411300224,0.057343903,4.558752847,25.86838841,2.83906476,0.036613655,17.97282266,12.33577479,,,,0,0,0.210000517,0,0,0,8.7904,0.8095,0.298413842,0
15,77,15077,0.012558692,0.000699252,0.00068748,0.054653595,2.036582168,3.642950486,0.002882542,1.41497528,3.083943698,,4.01463394,,0,0,0.016533048,0,0,0,0,0,0,0
15,78,15078,0.009419019,0.000524439,0.00024264,0.019289504,3.315273865,4.739115597,0.004692379,2.303383894,1.027981233,,1.36759074,,0,0,0.026913514,0,0,0,0,0,0,0
15,79,15079,0.330921525,0.018425299,0.003194759,0.253978473,4.061237591,1.955914368,0.005748203,2.821664103,46.34943818,,,,0,0.000700264,0.032969274,0,0,0,0,0,0.040736189,0
15,80,15080,0.040187813,0.002237607,0.003437399,0.273267977,8.803383931,18.27706799,0.012460152,6.11640956,0,,2.15641039,,0,0,0.071466191,0,0,0,0,0,0.101343691,0
15,81,15081,3.160394755,0.17596685,0.111857008,8.892461478,116.8145222,3.306824243,0.165337187,81.16032035,108.6857802,,,,0,0,0.948304535,0,0,0,0,0,68.33552415,0
15,82,15082,0.314595226,0.017516271,0.028429312,2.260086919,22.49275798,27.37580807,0.031835848,15.62750427,12.33577479,,3.6069844,,0,0,0.182597026,0,0,0,0,0,2.28619444,170.4798009
15,83,15083,0.027001187,0.001503393,0.001738919,0.138241447,3.971244874,0.075116414,0.005620829,2.75913902,27.80063464,,0.26638,,0,0,0.03223871,0,0,0,0,0,0.800698594,0
15,84,15084,0.199683197,0.011118112,0.003639599,0.289342564,12.91052142,2.141469221,0.018273321,8.969963966,170.6448846,,,,0,0,0.104808082,0,0,0,37.7988,3.4809,0,0
15,85,15085,1.417248353,0.078910626,0.006753478,0.536891203,21.00842028,31.4946805,0.029734943,14.59621705,104.8540857,,2.43605298,,0,0.003327067,0.170547119,0,0,0,101.9687,9.3904,0,0
15,86,15086,0.019465972,0.001083841,0.004488839,0.356855829,11.01669878,26.06203904,0.015592839,7.654175064,99.4951972,,6.46989386,,0,0,0.089433961,0,0,0,0,0,1.79288912,0
15,87,15087,0.317734899,0.017691084,0.007076998,0.562610542,30.32429286,61.75624533,0.042920462,21.06869315,195.3164342,,0.6733174,,0,0,0.246173711,0,0,0,0,0,0,0
15,88,15088,1.064977052,0.059296598,0.041774508,3.321009655,29.71783591,12.63975423,0.042062094,20.64733937,33.96852203,,4.8757414,,0,0,0.241250472,0,0,0,0,0,0.003391066,0
15,89,15089,0.077235954,0.004300402,0.002345519,0.186465208,3.657535322,0.368321467,0.00517681,2.541180095,44.20319301,,,,0,0,0.029692005,0,0,0,41.7544,3.8452,0.286146892,0
15,90,15090,1.500763653,0.083560654,0.036800389,2.925574817,25.8835679,16.01561426,0.036635139,17.98336906,155.2251661,,2.91422618,,0,0.003911977,0.210123745,0,0,0,0,0,1.782953464,0
15,91,15091,1.00029979,0.055695449,0.018966355,1.507796252,28.30903426,1.016896991,0.040068101,19.66853305,39.06328685,,,,0,0.004387505,0.229813769,0,0,0,18.8994,1.7405,0.04967828,0
15,92,15092,1.032952389,0.057513505,0.027863152,2.215078076,17.59953953,0.928075493,0.024910074,12.22779702,19.62192612,,,,0,0,0.142873701,0,0,0,0,0,0,0
15,93,15093,0.232335796,0.012936168,0.001738919,0.138241447,9.943291679,2.334653252,0.014073557,6.908393949,61.39864348,,1.023620318,,0,0,0.080720003,0,0,0,0,0,0,0
15,94,15094,0.065305197,0.003636112,0.011242317,0.893747032,6.234796625,2.679629746,0.00882462,4.331808084,17.47568096,,,,0,0,0.050614306,0,0,0,39.1173,3.6024,0,0
15,95,15095,6.769134801,0.376897009,0.039226789,3.11846986,25.96524804,1.863267348,0.036750748,18.04011873,47.94460475,,0.239126005,,0,0,0.210786827,0,0,0,0,0,2.171638911,0
15,96,15096,0.329037721,0.018320411,0.010757037,0.855168024,12.00625725,2.51966499,0.016993442,8.341699876,92.05751506,,,,0,0,0.097467233,0,0,0,56.2586,5.1809,0,0
15,97,15097,0.064677262,0.00360115,0.004003559,0.318276821,5.694117491,13.80449586,0.008059352,3.956155375,26.26671616,,1.73153905,,0,0,0.046225053,0,0,0,0,0,0,0
15,98,15098,0.08225943,0.004580103,0.004043999,0.321491738,1.779976429,0.634896481,0.002519347,1.236690906,17.47568096,,,,0,0,0.014449913,0,0,0,0,0,0.1241957,0
15,99,15099,3.374520447,0.187889103,0.132885802,10.56421852,77.63443997,5.281183539,0.109882399,53.93880745,214.3940061,,6.418824,,0,0,0.630239204,0,0,0,61.5329,5.6667,73.23575164,281.4273681
15,100,15100,0.407529544,0.022690738,0.005459398,0.434013847,10.52770221,0.6322926,0.014900722,7.314430334,23.64356835,,,,0,0,0.085464269,0,0,0,0,0,0,0
15,101,15101,5.285325382,0.294280346,0.032554191,2.588008492,25.00677139,14.41981127,0.035394137,17.37418893,91.49032972,,2.32580814,,0,0,0.203005879,0,0,0,0,0,0.120221437,0
15,102,15102,0.320246637,0.017830935,0.001981559,0.157530952,5.300173469,7.402864914,0.007501771,3.682451194,21.63274724,,0.17950402,,0,0.000905729,0.043027001,0,0,0,0,0,0.04967828,0
15,103,15103,0.700774994,0.03901828,0.012859916,1.022343727,16.41481613,1.11774017,0.023233237,11.40467565,28.41296133,,2.30676166,,0,0,0.133256074,0,0,0,0,0,0.335328389,0
15,104,15104,39.75139876,2.213308457,0.449126511,35.70487244,242.054748,1.018700584,0.342599964,168.1746458,0.045141351,,1.670800527,,0,0,1.965009238,0,0,0,74.2789,6.8405,131.6352042,0
15,105,15105,0.035164337,0.001957907,0.001738919,0.138241447,11.75326568,22.59031912,0.016635362,8.165926549,7.195868629,,3.49509618,,0,0,0.095413438,0,0,0,0,0,0,0
15,106,15106,38.38375724,2.137159878,0.470640584,37.41520849,288.2202889,63.37357165,0.407941846,200.2495113,333.1110608,,3.87909221,,70.53018132,0,2.339782776,341.43057,73.907,0,103.2873,9.5119,131.4954563,692.2380335
15,107,15107,0.076608019,0.004265439,0.012051117,0.95804538,3.897154484,1.004872361,0.005515963,2.707662546,28.78347452,,0.15420268,,0,0.000746405,0.031637242,0,0,0,0,0,0.060110719,0
15,108,15108,1.388991297,0.077337308,0.023536073,1.871081916,43.06169576,0.60367684,0.060948755,29.91837794,21.58760589,,,,0,0,0.349576411,0,0,0,31.6455,2.9143,0,0
15,109,15109,17.51623518,0.975282196,0.124595604,9.905160453,181.8543188,1.686430902,0.257393353,126.3486294,1.027981233,,1.373034036,,0,0,1.476299966,0,0,0,24.1736,2.2262,47.06676021,0
15,110,15110,0.38366803,0.021362159,0.058395343,4.642340699,19.34698847,12.62141171,0.027383382,13.4418885,38.03530561,,10.51110622,,0,0,0.157059555,0,0,0,0,0,1.308854956,294.2500784
15,111,15111,0.057769982,0.003216561,0.004771919,0.379360251,15.77655454,46.40023549,0.022329853,10.96122465,67.84676136,,5.467764,,0,0,0.128074643,0,0,0,0,0,0,0
15,112,15112,0.268128067,0.014929037,0.006713038,0.533676285,15.08371904,27.12635867,0.021349226,10.47985684,45.84350094,,4.67579816,,0,0,0.122450179,0,0,0,0,0,0.2668388,0
15,113,15113,0.158239515,0.008810579,0.011040117,0.877672445,19.24506901,17.09447457,0.027239127,13.37107696,97.65821711,,5.12831471,,0,0.003151458,0.156232169,0,0,0,0,0,0.427233207,0
15,114,15114,0.324014245,0.01804071,0.005499838,0.437228764,29.28775024,85.42843501,0.041453358,20.34852472,228.2118337,,0.93642542,,0,0,0.23775902,0,0,0,0,0,0.341786565,0
15,115,15115,0.401878133,0.022376075,0.010514397,0.835878519,17.28366148,8.451580962,0.024462986,12.00833147,24.67154959,,0.03795201,,0,0,0.140309392,0,0,0,0,0,1.241956997,0
15,116,15116,0.013814561,0.000769178,0.002426399,0.192895043,1.429040975,1.141013813,0.002022639,0.992868191,0,,,,0,0,0.011601007,0,0,0,0,0,124.5876613,0
15,117,15117,0.049606832,0.002762047,0.003760919,0.298987316,4.74431484,9.127842734,0.006715018,3.296252085,16.44769972,,0.86220011,,0,0,0.03851452,0,0,0,0,0,21.64449586,0
15,118,15118,1.537183858,0.085588486,0.040844388,3.247066556,52.66923148,24.82582982,0.074547089,36.59349557,115.1790394,,3.7264415,,0,0,0.427570735,0,0,0,0,0,12.14624331,0
15,119,15119,0.018210103,0.001013916,0.002345519,0.186465208,5.982889301,12.05466364,0.008468075,4.156788072,10.27981233,,0.5682414,,0,0,0.048569313,0,0,0,0,0,0,0
15,120,15120,1.168586258,0.06506543,0.036598189,2.90950023,50.50615352,2.530522158,0.071485507,35.09063363,164.4769972,,0.04311801,,0,0,0.410010789,0,0,0,15.3832,1.4167,4.374172542,495.5338095
15,121,15121,20.73753959,1.15464042,0.239364291,19.02909598,189.5676704,1.094951498,0.268310693,131.707707,14.39173726,,,,0,0,1.538917235,0,0,0,73.3999,6.7595,24.22217737,0
15,122,15122,3.139044979,0.174778121,0.112342288,8.931040486,123.3445961,0,0.174579737,85.69728102,9.296972446,,,,0,0,1.001315912,0,0,0,0,0,0.071536723,0
15,123,15123,0.100469533,0.005594019,0.003882239,0.308632069,10.17026126,9.407012898,0.014394806,7.066087734,45.23117424,,1.58699753,,0,0,0.08256255,0,0,0,0,0,0,0
15,124,15124,0.071584542,0.003985738,0.003154319,0.250763556,31.15518947,28.81708361,0.044096498,21.64598297,198.4003779,,4.64634021,,0,0,0.25291896,0,0,0,0,0,0,0
15,125,15125,0.059025851,0.003286486,0.00097056,0.077158017,3.272265297,3.026691357,0.004631506,2.273502429,34.95136191,,,,0,0,0.026564369,0,0,0,0,0,0,0
16,1,16001,0.131866262,0.00734215,0.008161454,0.266838143,5.53220973,6.335006664,0.005158395,2.532140324,43.22035313,,0.93974154,,0,0.000171274,0.029586381,0,0,0,0,0,0,29.16853144
16,2,16002,0.190892113,0.010628636,0.017207884,0.562610542,8.507884619,4.825803554,0.007933001,3.894132501,74.01464876,,27.22292848,,0,0.000281199,0.045500356,0,0,0,0,0,0,84.6427381
16,3,16003,0.055886178,0.003111673,0.004326554,0.141456365,9.871186997,2.65737655,0.009204184,4.518127811,310.1701018,,,,0,0.000333063,0.052791328,0,0,0,0,0,0,110.8567204
16,4,16004,0.075980085,0.004230477,0.008653107,0.28291273,6.372684275,2.185622017,0.005942078,2.916832804,193.8276571,,,,0,0.000220155,0.034081257,0,0,0,48.2122,4.4399,0,86.86374399
16,5,16005,0.117423767,0.006538009,0.007276477,0.237903886,5.544827821,6.498887594,0.00517016,2.537915733,6.167887397,,0.823137282,,0,0.000153757,0.029653863,0,0,0,18.2295,1.6788,0,1.314264951
16,6,16006,1.0386038,0.057828168,0.245925246,8.040508372,62.42169331,15.96575955,0.058203817,28.57094984,356.7546291,,7.482685,,0,0.002018498,0.333832607,0,0,0,13.6721,1.2591,1.908179842,288.8632106
16,7,16007,0.033908467,0.001887981,0.001081638,0.035364091,1.431330344,1.746498252,0.001334614,0.655132299,13.36375603,,0.67417551,,0,4.32E-05,0.007654787,0,0,0,26.6247,2.4519,0,5.348752709
16,8,16008,0.017582168,0.000978953,0.007473138,0.244333721,11.61412931,18.87659033,0.010829355,5.315887609,17.47568096,,,,0,0.000330462,0.062112622,0,0,0,0,0,33.75026009,25.77589401
16,9,16009,0.209730151,0.011677514,0.033039137,1.08021224,17.58303469,15.59115684,0.016394937,8.047907316,274.6064132,,42.37875776,,0,0.000562781,0.094034461,0,0,0,0,0,0,0
16,10,16010,0.128726589,0.007167336,0.029695891,0.970905049,11.30306595,11.2610252,0.01053931,5.173511214,15.46485984,,4.9475758,,0,0.000360066,0.060449049,0,0,0,190.4503,17.5388,0,0
16,11,16011,0.113028225,0.006293271,0.009833077,0.321491738,5.211271344,0.788979493,0.004859142,2.385244043,199.4283592,0.052072859,,,0,0.000174105,0.027869995,0,0,0,0,0,0,99.68037429
16,12,16012,0.181473094,0.010104196,0.043068876,1.408133813,20.86428682,8.113461195,0.019454473,9.54976484,422.6357107,1.991786867,0.3108,,0,0.000694124,0.111582671,0,0,0,0,0,0.133150017,285.9290377
16,13,16013,0.049606832,0.002762047,0.006293169,0.205754712,4.877166254,6.088312029,0.004547613,2.232321249,15.41971849,,,,0,0.000163625,0.026083194,0,0,0,0,0,0,47.06902384
16,14,16014,0.085399103,0.004754916,0.015831253,0.517601698,6.080822357,4.635023371,0.005669937,2.783245076,75.08777134,,,,0,0.000222986,0.032520373,0,0,0,0,0,0,57.45069814
16,15,16015,0.18084516,0.010069234,0.01415963,0.462948103,9.583165368,6.200656007,0.008935624,4.386297816,19.07084753,,44.34098082,,0,0.00030935,0.051250982,0,0,0,0,0,0.037448442,37.30882366
16,16,16016,0.437670404,0.024368944,0.005506523,0.180035373,10.08459731,6.648042972,0.009403174,4.615807559,210.6525944,,7.6478368,,0,0.000383551,0.053932651,0,0,0,29.503,2.717,0.397964003,103.3582785
16,17,16017,0.118051702,0.006572972,0.004719877,0.154316034,17.28458943,16.38270421,0.016116658,7.91130633,162.5564588,,,,0,0.000522161,0.092438369,0,0,0,66.6816,6.1408,0.48801859,71.7140387
16,18,16018,0.015698365,0.000874065,0.001966615,0.064298348,4.227060291,2.196780397,0.003941435,1.934762118,49.34309917,,,,0,0.000144195,0.022606413,0,0,0,0,0,0,13.31584722
16,19,16019,0.371109338,0.020662907,0.026647638,0.87124261,9.471797004,2.425024935,0.008831781,4.335323551,97.70335847,25.60682854,2.15160946,,0,0.000343543,0.050655381,0,0,0,0,0,0,21.06899162
16,20,16020,0.378644553,0.021082458,0.036185722,1.183089596,13.91391345,5.209677583,0.012973741,6.368518731,85.36758367,,1.0300134,,0,0.000445742,0.074411919,0,0,0,0,0,0.930170162,28.57762161
16,21,16021,0.572048405,0.031850944,0.007374807,0.241118804,5.917884407,9.579195995,0.005518009,2.708666965,20.60476601,,12.43645382,,0,0.000177088,0.031648978,0,0,0,0,0,0,35.8417372
16,22,16022,0.123703113,0.006887636,0.006293169,0.205754712,10.54652914,6.515209241,0.009833893,4.827237761,90.50748984,,1.16386164,,0,0.000288696,0.056403073,0,0,0,27.824,2.5624,0.641973298,49.63642514
16,23,16023,0.087910842,0.004894766,0.005998177,0.19610996,5.025291663,0.649314767,0.004685729,2.300119532,159.3370911,,,,0,0.000196289,0.026875372,0,0,0,31.4219,2.8937,0.048742417,20.19281499
16,24,16024,0.380528357,0.021187346,0.017896199,0.585114963,8.579752873,14.05353403,0.008000013,3.927027223,37.00732438,,7.98282058,,0,0.000237979,0.04588471,0,0,0,0,0,0,17.04469196
16,25,16025,1.761356504,0.09807014,0.019961145,0.652628228,16.76724772,19.61149572,0.015634274,7.674514549,31.86741822,,25.98293437,,0,0.000486208,0.089671614,0,0,0,0,0,0.05387023,4.452199874
16,26,16026,0.017582168,0.000978953,0.002654931,0.086802769,2.770493766,4.746260417,0.00258329,1.268079,10.32495368,,,,0,9.22E-05,0.014816662,0,0,0,0,0,0,17.961621
16,27,16027,0.01507043,0.000839103,0.002359938,0.077158017,2.805056362,1.545893504,0.002615517,1.283898599,48.36025929,,,,0,0.000113061,0.015001504,0,0,0,0,0,0,11.50236535
16,28,16028,0.065933131,0.003671075,0.005703184,0.186465208,2.789695208,0.624986139,0.002601194,1.276867666,184.0086407,,,,0,0.000121246,0.014919352,0,0,0,0,0,0,36.31038982
16,29,16029,0.096073991,0.00534928,0.011996353,0.392219921,7.328916084,10.24534285,0.006833696,3.354508388,12.38091614,,,,0,0.000215719,0.039195206,0,0,0,0,0,0,67.56748184
16,30,16030,0.099841599,0.005559056,0.007866461,0.257193391,6.424802474,0.940997424,0.005990674,2.940687756,282.3855739,,,,0,0.000248306,0.034359987,0,0,0,37.1786,3.4238,0,39.06117692
16,31,16031,0.035792271,0.001992869,0.003539908,0.115737026,8.782739545,9.101584158,0.008189284,4.019935982,171.6728659,,,,0,0.000280893,0.046970287,0,0,0,0,0,0.092729476,30.09564857
16,32,16032,0.101097468,0.005628981,0.004129892,0.13502653,6.931171929,8.502829181,0.006462828,3.172457442,69.65470685,,10.53170121,,0,0.000218013,0.037068062,0,0,0,50.371,4.6387,0,0
16,33,16033,0.12056344,0.006712822,0.024877684,0.813374098,11.17194754,5.766472479,0.010417052,5.113497179,89.43436725,3.007207622,,,0,0.000367869,0.059747824,0,0,0,40.0569,3.6889,0,114.8198915
16,34,16034,3.781422057,0.210544878,0.121143504,3.960778214,60.46534068,39.71937903,0.056379657,27.67551029,148.0292975,,8.467268526,,0,0.001758565,0.323369989,0,0,0,0,0,0.663375369,85.91625065
16,35,16035,0.205334609,0.011432776,0.043265537,1.414563648,17.05965825,20.79388703,0.015906926,7.808353382,89.54075671,,,,0,0.000543351,0.091235432,0,0,0,74.8369,6.8918,4.193928337,60.09960424
16,36,16036,0.086654972,0.004824841,0.010029738,0.327921573,5.785120151,0.716770905,0.005394216,2.647899614,37.00732438,,,,0,0.000221532,0.030938951,0,0,0,0,0,0.00124775,16.47415834
16,37,16037,0.063421393,0.003531224,0.002851592,0.093232604,3.906670517,2.314805366,0.003642694,1.788116942,27.80063464,,,,0,0.000171886,0.020892961,0,0,0,0,0,0,59.89584224
16,38,16038,0.31647903,0.017621159,0.061260067,2.002893529,21.79144216,11.44184658,0.02031898,9.974131871,116.1618793,,0.004428,,0,0.000785766,0.116541118,0,0,0,0,0,8.264217372,81.23991257
16,39,16039,0.013186626,0.000734215,0.001769954,0.057868513,4.100879387,2.944153669,0.00382378,1.877008024,31.86741822,,1.04359196,,0,0.000119793,0.021931594,0,0,0,11.5134,1.0603,0.423226841,9.067409354
16,40,16040,0.30831588,0.017166645,0.020256138,0.662272981,7.979022047,4.187207552,0.007439874,3.652067519,210.3656395,,0.10120536,,0,0.000244328,0.042671988,0,0,0,28.5436,2.6286,1.282757757,69.40133991
16,41,16041,0.221660908,0.012341804,0.006293169,0.205754712,5.902523253,2.738519054,0.005503686,2.701636031,68.9650253,,,,0,0.00018818,0.031566826,0,0,0,22.3071,2.0543,0.56005023,4.941228693
16,42,16042,0.062165524,0.003461299,0.0076698,0.250763556,6.746289474,0.904142629,0.006290438,3.087835141,152.7986905,,,,0,0.000249224,0.036079306,0,0,0,0,0,0.72251717,39.46870094
16,43,16043,1.983017412,0.110411944,0.068339882,2.23436758,35.04756906,1.693098502,0.032679381,16.041576,100.2813649,,,,0,0.001033613,0.18743518,0,0,0,0,0,8.154005653,22.00629686
16,44,16044,0.063421393,0.003531224,0.007276477,0.237903886,6.678261508,2.099206775,0.006227007,3.056698151,117.1898605,,0.92761072,,0,0.00026743,0.035715491,0,0,0,18.4694,1.7009,0.960677497,70.70541676
16,45,16045,0.590258508,0.03286486,0.063521675,2.076836629,16.66740022,2.295314554,0.015541173,7.628813484,41.11924931,,,,0,0.000608219,0.089137628,0,0,0,0,0,0.661203218,58.71402259
16,46,16046,0.041443682,0.002307533,0.006981484,0.228259134,6.383656527,2.723663963,0.005952309,2.921854899,1.027981233,,0.10120536,,0,0.000205851,0.034139937,0,0,0,0,0,0,17.8495519
16,47,16047,0.104237141,0.005803794,0.008653107,0.28291273,10.04619442,7.395425311,0.009367366,4.598230227,5.707091507,,2.45191131,,0,0.000306596,0.053727272,0,0,0,0,0,10.35152222,30.8801323
16,48,16048,0.032652598,0.001818056,0.002654931,0.086802769,2.538430625,1.127675834,0.002366907,1.16186169,8.223849862,,0.10120536,,0,9.16E-05,0.013575584,0,0,0,24.9456,2.2973,0,11.92007746
16,49,16049,0.043955421,0.002447383,0.010029738,0.327921573,8.33891193,10.24756049,0.007775446,3.816792237,18.54880354,,12.75877265,,0,0.000247311,0.044596687,0,0,0,0,0,0,99.46642418
16,50,16050,0.584607096,0.032550196,0.057031844,1.864652081,39.03378841,18.91895002,0.036396249,17.86610314,335.1670232,,0.10268136,,0,0.001153023,0.20875357,0,0,0,113.6945,10.4703,0.520813615,112.3849355
16,51,16051,0.324014245,0.01804071,0.014847946,0.485452525,5.807613269,0.728994525,0.005415189,2.658194909,43.17521178,,,,0,0.000212276,0.031059245,0,0,0,0,0,0,17.9921853
16,52,16052,5.04796611,0.281064477,0.41466084,13.5573066,88.44293882,19.07304073,0.08246679,40.48109935,103.9163872,,,,0,0.003077049,0.472994807,0,0,304.7,86.5901,7.9742,100.725116,28.80175982
16,53,16053,12.99447825,0.723516392,1.581650371,51.71194608,392.7188629,27.16744114,0.366182585,179.750826,132.8513925,,26.58422246,,53.98606892,0.012473351,2.100269228,128.84859,24.155,0,105.2993,9.6972,128.6058568,222.9767653
16,54,16054,0.063421393,0.003531224,0.003146585,0.102877356,4.366407898,3.5775483,0.004071367,1.998542725,36.06962585,,0.10120536,,0,0.000163319,0.023351647,0,0,0,0,0,0,48.14896248
16,55,16055,0.297013058,0.016537318,0.066274936,2.166854315,21.4935455,7.804941568,0.020041212,9.837781991,118.2629831,,,,0,0.000701009,0.11494796,0,0,0,98.1035,9.0345,2.439739336,119.8731893
16,56,16056,1.004067398,0.055905224,0.009439754,0.308632069,14.22552542,25.22491292,0.013264297,6.511146231,44.8155197,,2.53960884,,0,0.000360143,0.076078427,0,0,0,0,0,0,37.56352617
16,57,16057,0.035164337,0.001957907,0.0051132,0.167175704,4.056990376,5.025714134,0.003782857,1.856919644,2.055962466,,,,0,0.000131726,0.021696875,0,0,0,0,0,0,4.890288191
16,58,16058,1.184912558,0.065974458,0.052016975,1.700691295,8.931413567,4.606121944,0.008327912,4.08798537,118.3081245,,0.98208404,,0,0.000266282,0.047765399,0,0,0,0,0,0.032821238,0
16,59,16059,0.009419019,0.000524439,0.003441577,0.112522108,4.079483494,4.17640065,0.00380383,1.867214939,27.75549329,8.4358032,6.4173707,,0,0.000140523,0.021817169,0,0,0,62.1242,5.7211,0,59.18267521
16,60,16060,0.048350963,0.002692121,0.006096507,0.199324878,5.123493323,0.9764222,0.004777295,2.345067283,74.01464876,,,,0,0.000167526,0.027400556,0,0,0,0,0,0.812274548,47.29316204
16,61,16061,0.129354524,0.007202299,0.005408192,0.176820456,12.20937401,21.70990179,0.011384378,5.588336265,18.50366219,,2.434207275,,0,0.000314857,0.065296004,0,0,0,27.824,2.5624,0.614629991,1.416145955
16,62,16062,0.149448431,0.008321103,0.022026092,0.720141494,9.697276794,2.287623711,0.009042025,4.438527604,346.9968608,,,,0,0.000328703,0.051861252,0,0,0,0,0,0,138.0589485
16,63,16063,0.074096281,0.004125589,0.007079815,0.231474051,8.258265874,4.447631197,0.007700249,3.779879838,34.99650327,,1.01684288,,0,0.000302388,0.04416539,0,0,0,33.5807,3.0925,0.163465423,7.844837306
16,64,16064,0.086654972,0.004824841,0.015339599,0.501527112,12.18249199,7.950616781,0.011359313,5.576032133,160.3650723,,6.85826968,,0,0.000398467,0.065152239,0,0,0,25.1855,2.3194,0,166.626382
16,65,16065,1.458692036,0.081218159,0.049263714,1.610673608,17.431069,17.03205774,0.01625324,7.978351299,30.99096779,,11.56534016,,0,0.000513517,0.093221745,0,0,0,0,0,0.333766673,35.14894637
16,66,16066,1.366385652,0.076078654,0.182403571,5.963671743,44.97306871,26.38436225,0.041934208,20.58456319,85.50300772,,13.44777888,,0,0.0012963,0.240516973,0,0,0,88.2691,8.1288,7.94572336,0
16,67,16067,0.064049327,0.003566187,0.005604854,0.183250291,8.527634673,3.188926949,0.007951417,3.903172272,213.4495832,,,,0,0.000304301,0.04560598,0,0,0,0,0,0,149.8771449
16,68,16068,0.10549301,0.00587372,0.027040961,0.88410228,11.76444917,4.740155154,0.010969517,5.384690311,121.3017855,14.02061736,4.18071135,,0,0.00035257,0.062916536,0,0,0,0,0,0.107887179,51.09332349
16,69,16069,1.988040889,0.110691645,0.138941372,4.54267826,50.87230029,2.404219853,0.047434825,23.28469259,233.3517398,,,,0,0.001678091,0.272066195,0,0,0,42.2157,3.8877,2.930312684,75.66702165
16,70,16070,0.710821948,0.039577682,0.015536261,0.507956946,8.127147456,0.592374168,0.007577991,3.719865803,54.48300534,,12.8238674,,0,0.000285559,0.043464166,0,0,0,0,0,0,0.24451441
16,71,16071,0.483509629,0.026921215,0.061358398,2.006108446,33.5328496,8.069890125,0.031267012,15.34827578,428.2073782,,0.518,,0,0.001145144,0.179334427,0,0,0,0,0,2.471171958,304.2574303
16,72,16072,0.089794645,0.004999654,0.012193015,0.398649755,6.505997143,3.84843293,0.006066383,2.977851259,139.850589,,1.24335762,,0,0.00020891,0.034794218,0,0,0,0,0,0,68.98362779
16,73,16073,2.145652469,0.119467262,0.051230329,1.674971956,12.5171457,7.893719775,0.011671354,5.729206032,7.392540785,,3.52226412,,0,0.000394413,0.066941974,0,0,0,0,0,0,0
16,74,16074,0.089794645,0.004999654,0.007473138,0.244333721,5.020902762,1.712750577,0.004681637,2.298110694,39.06328685,,,,0,0.000178848,0.0268519,0,0,0,0,0,0,21.17087263
16,75,16075,0.649912293,0.036186308,0.074633051,2.440122293,27.26659617,11.26117199,0.025424174,12.4801573,84.38474379,31.39993413,10.74423395,,0,0.000926442,0.145822364,0,0,0,9.5945,0.8836,0.040687485,53.97655591
16,76,16076,1.942201664,0.108139374,0.113375373,3.706799741,34.14071239,2.039260954,0.031833801,15.62649985,41.11924931,0.091127504,,,0,0.001097105,0.18258529,0,0,0,0,0,3.952979062,28.40442391
16,77,16077,0.102981272,0.005733869,0.013372984,0.437228764,8.551773629,4.822042864,0.007973925,3.914220881,41.16439066,,,,0,0.000337653,0.045735076,0,0,0,0,0,0,65.81512857
16,78,16078,0.076608019,0.004265439,0.006293169,0.205754712,6.23169083,1.119983585,0.005810611,2.852298883,145.9733351,,,,0,0.000211511,0.033327221,0,0,0,0,0,0,8.619132936
16,79,16079,0.692611845,0.038563766,0.038840653,1.269892366,20.78473799,25.35047664,0.019380299,9.513354651,103.2656435,0.455637519,30.49807692,,0,0.000569359,0.111157242,0,0,0,35.0198,3.225,0,0
16,80,16080,0.013186626,0.000734215,0.000688315,0.022504422,8.623641883,9.658542877,0.008040937,3.947115604,69.90272383,,0.55926747,,0,0.000255726,0.046119429,0,0,0,26.1449,2.4077,0.4883158,25.41931049
16,81,16081,0.008791084,0.000489477,0.001179969,0.038579009,4.013101366,5.498428187,0.003741933,1.836831264,0.045141351,,0.05060268,,0,0.000126295,0.021462156,0,0,0,0,0,0,13.49923303
16,82,16082,0.415064759,0.02311029,0.065389959,2.137920059,33.05994551,29.5545046,0.030826063,15.13182349,180.0933879,41.79367684,8.33976864,,0,0.00098565,0.176805325,0,0,0,0,0,1.000408389,136.7039311
16,83,16083,0.101097468,0.005628981,0.017207884,0.562610542,14.10976815,18.75412295,0.013156362,6.458163128,491.3750293,,16.49617307,,0,0.00041805,0.075459354,0,0,0,0,0,0,184.7000721
16,84,16084,0.221032973,0.012306841,0.014749615,0.482237607,12.8342438,10.22456095,0.011967025,5.874344578,64.76281767,,7.37993069,,0,0.00039579,0.068637822,0,0,0,0,0,0,3.229627826
16,85,16085,0.567652863,0.031606206,0.027729276,0.906606702,15.8757522,6.275667667,0.014803017,7.266469326,183.1321902,,1.53286342,,0,0.000580528,0.084903876,0,0,0,0,0,0.622789773,27.87464269
16,86,16086,0.075980085,0.004230477,0.0115047,0.376145334,7.891244026,1.118938169,0.007358027,3.611890759,200.4563404,,,,0,0.000257791,0.042202549,0,0,0,13.1924,1.2149,0,112.9860334
16,87,16087,0.226684384,0.012621505,0.004523215,0.1478862,6.481858188,4.225855592,0.006043875,2.96680265,8.48177012,27.58559719,0.87581072,,0,0.000228111,0.034665122,0,0,0,34.3002,3.1588,0.044581479,25.5517558
16,88,16088,0.325270114,0.018110636,0.01415963,0.462948103,30.48146617,7.042416088,0.028421813,13.95163115,163.5844401,,,,0,0.000961171,0.16301556,0,0,0,0,0,6.515255709,86.17095316
16,89,16089,0.258709048,0.014404598,0.039627299,1.295611705,11.76390056,4.059506675,0.010969006,5.384439206,270.3590642,19.78768652,2.986548,,0,0.000428836,0.062913602,0,0,0,0,0,3.297598483,265.766787
16,90,16090,0.455252572,0.025347897,0.022517745,0.73621608,7.229617198,8.53854737,0.006741107,3.309058428,79.85716432,,7.95667038,,0,0.000191469,0.038664154,0,0,0,18.2295,1.6788,0.089162958,26.49924913
16,91,16091,0.265616328,0.014789187,0.013962969,0.456518268,6.546045865,2.826399627,0.006103725,2.996181906,198.4003779,5.142194852,14.47019126,,0,0.00023729,0.035008399,0,0,0,70.0397,6.4501,0,8.507063832
16,92,16092,0.040815748,0.00227257,0.010816384,0.353640912,7.156103106,8.348118819,0.00667256,3.275410391,12.33577479,,,,0,0.000230176,0.038270999,0,0,0,0,0,0,15.2821506
16,93,16093,0.684448695,0.038109252,0.01160303,0.379360251,14.20577536,19.66735138,0.013245882,6.50210646,34.95136191,,0.17552871,,0,0.000428301,0.075972803,0,0,0,0,0,0,0.804859931
16,94,16094,0.049606832,0.002762047,0.0025566,0.083587852,3.474912379,1.254708626,0.00324011,1.590497502,39.1084282,,,,0,0.000150773,0.018583909,0,0,0,0,0,0,17.8495519
16,95,16095,0.298896861,0.016642206,0.010718053,0.350425995,5.169028171,0.783843842,0.004819753,2.365908977,28.78347452,15.80411279,2.1710068,,0,0.000201873,0.027644078,0,0,0,35.0198,3.225,0,19.25550975
16,96,16096,0.016326299,0.000909028,0.001966615,0.064298348,4.40865107,6.264599896,0.004110756,2.017877791,22.61558712,,3.9261357,,0,0.00013448,0.023577564,0,0,0,0,0,0,17.79861139
16,97,16097,0.185868636,0.010348935,0.029204237,0.954830462,16.5450596,22.42518457,0.015427099,7.572817124,61.67887397,20.20426939,2.86214568,,0,0.000541515,0.088483347,0,0,0,0,0,0.017832592,70.31826894
16,98,16098,0.10549301,0.00587372,0.020157807,0.659058063,13.52330125,8.143058762,0.012609523,6.189732148,40.13640943,,5.51719463,,0,0.000425776,0.072322916,0,0,0,11.0336,1.0161,0.611955102,48.607427
16,99,16099,0.031396729,0.001748131,0.008063123,0.263623225,7.995480425,10.18254583,0.00745522,3.659600662,23.64356835,,1.21446432,,0,0.000268424,0.042760007,0,0,0,0,0,0,74.83159742
16,100,16100,1.009090874,0.056184925,0.01160303,0.379360251,6.776463168,6.030004591,0.006318573,3.101645902,25.69953082,,5.1483467,,0,0.000195677,0.036240676,0,0,0,0,0,3.790020137,0
16,101,16101,0.003767607,0.000209776,0.000688315,0.022504422,4.949034508,7.57324179,0.004614625,2.265215972,10.27981233,,0.32891742,,0,0.000151385,0.026467547,0,0,0,0,0,0,49.16777252
16,102,16102,6.167573471,0.343402822,0.59303285,19.38916673,158.0937007,38.39395313,0.147411203,72.36085651,391.9478045,3.124371556,24.0851272,,0,0.004848619,0.845488634,6.68304,1.818,0,22.3071,2.0543,16.76555068,192.3105831
16,103,16103,0.229824057,0.012796318,0.026549307,0.868027693,11.22955186,1.47481783,0.010470763,5.139863178,462.6366961,,,,0,0.000406882,0.060055894,0,0,0,0,0,0.515691399,110.9586014
16,104,16104,0.043327486,0.002412421,0.005506523,0.180035373,7.931292748,2.666924036,0.00739537,3.630221406,99.75932093,0.208291437,,,0,0.000301394,0.04241673,0,0,0,44.3744,4.0865,0,97.55106131
16,105,16105,0.020093907,0.001118804,0.012094684,0.395434838,9.445463598,1.033893264,0.008807227,4.323270523,268.3031018,,,,0,0.000315622,0.05051455,0,0,0,34.0604,3.1367,0,175.3473959
16,106,16106,0.674401742,0.03754985,0.029597561,0.967690132,14.20358091,1.820038895,0.013243835,6.501102041,178.4079386,,,,0,0.000442376,0.075961067,0,0,0,69.5599,6.4059,0.021645742,62.65681744
16,107,16107,2.488504751,0.13855685,0.074829713,2.446552127,39.21044167,7.251347842,0.036560966,17.94695887,161.6187603,,37.97615064,,0,0.00128582,0.209698316,0,0,0,44.8542,4.1307,5.414335654,127.351255
16,108,16108,3.962267217,0.220614112,0.2349122,7.680437625,96.24914789,3.788944047,0.089745528,44.05406887,303.4511358,,,,0,0.003110631,0.514742587,0,0,0,62.8438,5.7874,8.200695536,70.81748586
16,109,16109,0.077863888,0.004335364,0.002753261,0.090017687,1.63321979,0.404070809,0.001522862,0.747538848,68.91988395,,,,0,7.05E-05,0.008734496,0,0,0,0,0,0,24.12542174
16,110,16110,0.329665656,0.018355374,0.036087391,1.179874679,21.63289311,10.42632538,0.020171144,9.901562598,457.2165595,,2.2721737,,0,0.0007811,0.115693194,0,0,0,51.5703,4.7492,1.021807499,112.8230238
16,111,16111,0.083515299,0.004650028,0.01288133,0.421154177,7.958723379,6.148925886,0.007420947,3.642776644,41.16439066,4.9208852,17.52752102,,0,0.000225893,0.04256343,0,0,0,66.6816,6.1408,0.035665183,29.23984814
16,112,16112,1.334988923,0.074330523,0.152314357,4.979907024,75.29433999,55.34531234,0.070206651,34.46287175,36.63681119,,2.36288295,,0,0.002232534,0.402675808,0,0,0,42.6954,3.9319,1.788206517,90.50089583
16,113,16113,0.129354524,0.007202299,0.02055113,0.671917733,12.42936768,2.798697946,0.011589507,5.689029271,334.0939007,,,,0,0.000446277,0.066472535,0,0,0,26.6247,2.4519,0,186.207911
17,1,17001,0.069072804,0.003845888,0,0.565825459,0,3.802460742,0.007589756,3.725641212,34.99650327,2.446122564,,,0,0,0.043531647,0,0,0,24.93,2.2958,0.489519857,17.67565234
17,2,17002,0.073468346,0.004090626,0,0.472592855,0,1.430652065,0.00722298,3.545599104,81.77770273,,,,0,0,0.041427975,0,0,0,16.7798,1.5453,1.323752671,22.03253279
17,3,17003,0.386179768,0.021502009,0,0.938755875,0,6.556667831,0.015652689,7.68355432,152.7084078,12.75785052,,,0,0,0.089777238,0,0,0,23.332,2.1487,0.091698247,63.38275829
17,4,17004,1.972970459,0.109852542,0,1.581739352,0,11.82310214,0.036010034,17.67651905,248.4009451,19.15239764,,,0,0,0.206538406,0,0,0,17.5789,1.6189,0.257549397,101.6751397
17,5,17005,0.035792271,0.001992869,0,0.392219921,0,2.96238659,0.003994635,1.960877012,23.64356835,,,,0,0,0.022911548,0,0,0,0,0,0.084231596,11.21696022
17,6,17006,2.660558827,0.148136607,0,15.33194099,0,5.414002231,0.084722692,41.58847131,132.609579,19.50128579,,,0,0,0.485933714,0,0,0,22.0535,2.0309,3.387928466,62.8354115
17,7,17007,6.127385658,0.341165215,0,44.06687255,0,4.582540397,0.183915388,90.27994275,4.292490335,,1.465327338,,30.60808292,0.058076756,1.054861276,0,0,0,32.6008,3.0023,82.36535213,8.596993583
17,8,17008,1.231379717,0.068561692,0,2.36939411,0,3.496918307,0.038947823,19.11861364,15.46485984,1.930601257,,,0,0,0.223388325,0,0,0,24.7702,2.2811,63.56027746,1.787999514
17,9,17009,0.148192562,0.008251178,0,1.70712113,0,3.756408819,0.007761634,3.810012409,31.86741822,,9.203397654,,0,0,0.044517469,0,0,0,29.5645,2.7226,0,10.18794825
17,10,17010,0.175821683,0.009789533,0,0.511171864,0,1.779897368,0.007128345,3.499144725,75.08777134,1.536149348,,,0,0,0.040885186,0,0,0,0,0,0,30.31571421
17,11,17011,10.31194172,0.574156093,0,8.992123917,0,4.537925262,0.096201706,47.22326195,4.111924931,0.835769391,0.38430938,,0,0.023681784,0.551772507,0,0,0,15.3416,1.4128,18.85257337,2.576178892
17,12,17012,0.566396994,0.03153628,0,5.388201532,0,2.921121213,0.02595669,12.74155735,58.17927573,19.12245574,,,0,0.027064896,0.14887665,0,0,0,0,0,0.846117418,25.95883377
17,13,17013,0.124958982,0.006957561,0,0.504742029,0,3.111610209,0.00701734,3.444654994,65.83594025,,,,0,0,0.04024851,0,0,0,9.2689,0.8536,0,42.40113134
17,14,17014,0.064049327,0.003566187,0,0.298987316,0,1.893219821,0.004435073,2.177078204,26.72751205,4.927394307,,,0,0,0.025437715,0,0,0,0,0,0.024131118,12.57438026
17,15,17015,0.239243076,0.013320757,0,0.55296579,0,9.019880897,0.011497941,5.64408152,27.75549329,5.794407414,,,0,0,0.065947351,0,0,0,0,0,0.379652558,39.8322504
17,16,17016,0.122447244,0.00681771,0,0.163960786,0,8.504413794,0.007986713,3.9204985,72.98666753,,0.56317344,,0,0,0.045808426,0,0,0,0,0,0,38.32887122
17,17,17017,0.55635004,0.030976878,0,2.960938909,0,15.54437782,0.02993956,14.69665895,75.74523939,7.550564593,,,0,0,0.171720716,0,0,0,44.7462,4.1207,10.42561189,31.80449748
17,18,17018,0.983973491,0.054786421,0,4.465520243,0,11.4431364,0.052613681,25.8268771,9.342113797,,1.40833618,,0,0.007893928,0.301769936,58.70592,9.269,0,0,0,4.975228585,5.232635313
17,19,17019,0.205334609,0.011432776,0,1.250602861,0,8.133620655,0.011639638,5.713637537,118.2178418,1.52052749,,,0,0,0.066760067,0,0,0,16.1406,1.4864,0,82.80262241
17,20,17020,0.247406226,0.013775271,0,2.867706304,0,8.258029665,0.019709221,9.674815007,45.23117424,,7.40611405,,0,0,0.113043799,0,0,0,30.8429,2.8404,0.221977408,17.10641168
17,21,17021,0.078491823,0.004370327,0,0.456518268,0,0.851268797,0.003235506,1.588237559,13.36375603,0.864409464,,,0,0,0.018557503,0,0,0,0,0,0,4.95531294
17,22,17022,0.151960169,0.008460953,0,0.395434838,0,14.14137422,0.009197534,4.514863449,5.707091507,,0.47581607,,0,0,0.052753186,0,0,0,0,0,0,25.01009933
17,23,17023,0.027001187,0.001503393,0,0.045008843,0,4.119337877,0.003008893,1.476998154,22.61558712,,5.40437794,,0,0,0.017257744,0,0,0,0,0,0,37.10281441
17,24,17024,0.345991955,0.019264402,0,2.076836629,0,6.433237051,0.023022993,11.30147159,41.25467336,35.66990859,0.25540804,,0,0,0.132050203,0,0,0,51.1385,4.7094,0.742603129,33.68737044
17,25,17025,0.195287655,0.010873374,0,0.832663602,0,7.840535296,0.015057254,7.391268388,35.65397131,21.87060089,,,0,0,0.086362071,0,0,0,7.8306,0.7211,0.088480764,47.42942385
17,26,17026,0.161379188,0.008985393,0,1.131650918,0,3.280546373,0.007758565,3.80850578,29.81145575,1.562185778,0.4084134,,0,0,0.044499865,0,0,0,18.6975,1.7219,0,19.17173357
17,27,17027,0.091050514,0.005069579,0,0.234688969,0,4.183813821,0.005563536,2.731015287,30.83943698,0.130182148,0.15420268,,0,0,0.031910103,0,0,0,21.4143,1.9721,0,28.11173114
17,28,17028,0.840804406,0.046814944,0,2.706960435,0,7.415212752,0.029938025,14.69590564,19.53164342,5.327053502,,,0,0.006202372,0.171711914,0,0,0,0,0,4.810120993,9.837646307
17,29,17029,1.022905435,0.056954103,0,8.09194705,0,5.09163096,0.044079106,21.63744541,145.9733351,19.00659363,0.976552914,,0,0.009585484,0.252819204,0,0,0,29.7243,2.7374,2.643179319,36.49708396
17,30,17030,1.513322344,0.084259907,0,0.893747032,0,7.190639845,0.021359457,10.48487894,104.8992271,,,,0,0.001127704,0.122508859,0,0,0,0,0,0.001689178,78.7960439
17,31,17031,1.103281062,0.061429318,0,2.337244937,0,1.20763892,0.017352545,8.517975412,7.195868629,6.913973888,,,0,0,0.099526895,0,0,0,14.0631,1.2951,9.112324448,4.82394971
17,32,17032,0.111144421,0.006188383,0,0.475807772,0,3.304603298,0.004044255,1.985234173,63.84122589,,,,0,0,0.023196145,0,0,0,0,0,0,15.66871411
17,33,17033,0.733427593,0.040836336,0,0.253978473,0,5.302330445,0.006526771,3.203845536,31.91255957,,,,0,0,0.037434811,0,0,0,0,0,0,22.31715312
18,1,18001,0,0.018005748,0,1.575309517,0,7.288639358,0.01759297,8.635994646,262.1352144,,0.7879335,,0,0.005152836,0.100905872,0,0,0,80.6492,7.4271,0.000742497,310.3826323
18,2,18002,0,0.008041402,0,0.549750872,0,2.336464856,0.006888431,3.381376596,123.4028893,6.378925259,,,0,0.002278563,0.039509144,0,0,0,41.4211,3.8145,0.000980507,114.8834276
18,3,18003,0,0.001783093,0,0.215399465,0,2.459332945,0.005061713,2.484681525,127.5148142,,18.34492042,,0,0.001636763,0.029031856,0,0,0,0,0,0,109.485262
18,4,18004,0,0.033773888,0,9.271821729,0,10.125267,0.031433775,15.43013593,492.1388868,12.93685097,36.42917066,,0,0.009745106,0.180290908,0,0,0,61.4006,5.6545,3.78E-05,480.6032025
18,5,18005,0,0.001048879,0,0.128596695,0,9.908958027,0.005675564,2.786007228,6.039187715,,,,0,0.001215618,0.032552647,0,0,0,0,0,0,54.12433889
18,6,18006,0,0.016327542,0,2.192573654,0,2.010200767,0.013157385,6.458665337,78.12657369,,2.33834154,,0,0.003816809,0.075465222,0,0,0,57.9895,5.3403,0.000746694,70.98468875
18,7,18007,0,0.012132028,0,0.546535955,0,7.86461931,0.008170357,4.010645106,26.81779475,,9.5390377,,0,0.002134532,0.046861729,0,0,0,0,0,5.28E-05,90.22308513
18,8,18008,0,0.015138813,0,1.556020013,0,6.04523458,0.02300202,11.2911763,58.70131972,97.73359681,9.84471802,,0,0.006230761,0.131929909,0.59319,0.663,0,39.2282,3.6126,0.098885865,222.5613742
18,9,18009,0,0.00080414,0,0.163960786,0,8.833766486,0.01669419,8.194803596,2.404165426,,22.2534576,,0,0.003139289,0.095750847,0,0,0,0,0,0,30.67680016
18,10,18010,0,0.002866935,0,0.781224924,0,10.59622343,0.016050669,7.878913817,617.6428799,,5.54291524,,0,0.004903375,0.092059884,0,0,0,102.8217,9.469,0,422.8642329
18,11,18011,0,0.011502701,0,1.163800092,0,7.125505886,0.010366409,5.088637808,23.6887097,,0.259,,0,0.003042501,0.059457359,0,0,0,23.1471,2.1316,0,101.6614889
18,12,18012,0,0.013215869,0,2.269731671,0,13.45167013,0.018417065,9.040524402,370.7919599,4.465247682,4.1239608,,0,0.005918503,0.105632534,0,0,40.8,0,0,0,332.6411478
18,13,18013,0,0.001678206,0,0.118951943,0,0.905840966,0.003509182,1.722578602,83.26647986,25.25533674,3.54338492,,0,0.001162614,0.020127189,0,0,0,50.9235,4.6896,0,128.1291467
18,14,18014,0,0.003321449,0,0.514386781,0,6.23477783,0.010588418,5.197617271,214.3872818,151.9486033,29.06049412,,0,0.003044229,0.060730712,0,0,0,0,0,0.098910274,347.6704018
18,15,18015,0,0.023355028,0,3.581417963,0,11.6214871,0.041341842,20.29378388,960.3762849,34.17281389,2.6467469,,0,0.013231221,0.23711941,0,0,0,86.2533,7.9432,0,1234.301268
18,16,18016,0,0.010803449,0,1.652467534,0,5.518897481,0.018335218,9.000347642,522.2144663,,,,0,0.005846487,0.105163095,0,0,0,0,0,0.00074595,809.6297196
18,17,18017,0,0.34350771,0,26.61308609,0,19.00974879,0.180916725,88.80796669,165.9434641,110.6222804,22.01970912,,8.876956673,0.050032174,1.037662212,0,0,0,142.0499,13.0816,0.221984527,309.7881207
18,18,18018,0,0.01657228,0,2.199003489,0,1.593737817,0.013710874,6.73036068,264.1911768,,,,0,0.004607825,0.078639802,0,0,0,0,0,0.002179743,546.1659452
18,19,18019,0,0,0,0.009644752,0,9.711854904,0.005874043,2.883435872,90.46234848,,18.21633432,,0,0.001433968,0.033691036,0,0,0,0,0,0,51.7225119
18,20,18020,0,0.034263364,0,41.31168836,0,6.109241601,0.047872705,23.49963826,195.3164342,,,,0,0.012390082,0.274577693,0,0,0,0,0,0.166733323,246.627205
19,1,19001,0,0,0,0.009644752,6.46452347,0.004995284,0.001424134,0.699075631,0,,,,0,0,0.008168235,0,0,0,14.6728,1.3512,10.44659052,0.030312354
19,2,19002,0.043955421,0.002447383,0,0.070728182,7.827553383,0.014259191,0.00172441,0.84647412,70.93070506,,,,0,0,0.009890489,0,0,0,0,0,1.291898133,63.25322203
19,3,19003,0.001255869,6.99E-05,0,0.006429835,3.673446886,0.032249723,0.00080926,0.397247718,33.92338068,,,,0,0,0.004641576,0,0,0,47.6865,4.3915,0,17.15679234
19,4,19004,0.332805329,0.018530187,0,1.150940423,71.04474141,0.542911289,0.015651154,7.682801006,87.37840479,,,,0,0,0.089768436,0,0,0,0,0,0.210362462,11.44940912
19,5,19005,0.638609471,0.035556981,0,0.591544798,41.48765835,0.246127625,0.00913973,4.486488612,243.6315522,,,,0,0,0.052421645,0,0,0,151.8066,13.9801,0,101.6923181
19,6,19006,42.56328982,2.369871055,0,8.979264247,1134.751428,0.388110437,0.249985706,122.7123815,38.03530561,,,,0,0.008019228,1.43381282,638.41869,109.304,0,44.8648,4.1317,14.27161743,14.48064452
19,7,19007,0.063421393,0.003531224,0,0.212184547,33.49756307,9.81728793,0.007379512,3.622437159,46.25915548,,5.63816758,,0,0,0.042325777,0,0,0,0,0,0,27.73454807
19,8,19008,0.040815748,0.00227257,0,0.115737026,7.651079322,0.050410488,0.001685533,0.827390159,22.61558712,,,,0,0,0.009667505,0,0,0,56.998,5.249,0,4.850409666
19,9,19009,4.178276713,0.232641252,0,3.124899695,171.2750415,0.877796793,0.037731887,18.52173764,548.9419783,,,,0,0,0.216414225,0,0,0,125.5649,11.5635,3.675041272,140.0776313
19,10,19010,1.930898842,0.107510047,0,0.144671282,16.83469654,0.221758051,0.003708683,1.820509455,8.223849862,,,,0,0,0.021271446,0,0,0,34.1424,3.1442,0.155102719,1.528608707
19,11,19011,0.038931944,0.002167682,0,0.356855829,17.90515103,0.049557822,0.003944504,1.936268746,58.59493027,,,,0,0,0.022624017,0,0,0,0,0,51.86817585,21.26628147
19,12,19012,1.400922054,0.078001598,0,0.385790086,36.94112927,0.103836627,0.00813813,3.994825506,27.75549329,,,,0,0,0.046676888,0,0,0,0,0,0.224363161,0.831424566
19,13,19013,0.221660908,0.012341804,0,0.459733186,24.2233868,0.106491713,0.005336411,2.619524777,155.2251661,,,,0,0,0.03060741,0,0,0,0,0,0.013140321,127.5284034
19,14,19014,0.517418096,0.028809196,0,0.453303351,75.96279483,17.24099195,0.016734601,8.214640871,128.8042612,,0.46500268,,0,0,0.095982632,0,0,0,0,0,0.413810844,119.1751847
19,15,19015,0.000627935,3.50E-05,0,0,3.594497964,0.090749047,0.000791868,0.388710157,61.67887397,,,,0,0,0.00454182,0,0,0,57.2802,5.275,0,37.40111444
19,16,19016,0.144424954,0.008041402,0,0.180035373,7.263300795,0.075562487,0.001600105,0.785455666,63.73483643,,,,0,0,0.009177529,0,0,0,0,0,0,15.04358823
19,17,19017,0.055886178,0.003111673,0,0.311846986,90.07375356,15.1879909,0.019843245,9.740604452,245.4269364,,8.4825472,,0,0,0.113812505,0,0,0,0,0,25.8347692,123.1147082
19,18,19018,6.042614489,0.336445262,0,1.176659762,149.5060374,1.4680328,0.032936176,16.16763059,15.41971849,,,,0,0.004510816,0.188908044,0,0,0,139.9555,12.8887,107.9510728,3.018244387
19,19,19019,6.747785025,0.37570828,0,19.15769268,279.2284038,0.052339112,0.061514009,30.19584869,1.027981233,,8.10E-05,,0,0.003007211,0.352818472,0,0,0,0,0,97.94949367,0
19,20,19020,0.067816935,0.003775963,0,0.401864673,12.19528637,0.115339625,0.002686621,1.31880216,103.8261045,,,,0,0,0.015409329,0,0,0,0,0,0,92.93334689
19,21,19021,11.14207124,0.620376673,0,6.45876902,775.0903268,55.79338128,0.170752376,83.81851526,5.139906164,,,,0,0.00852043,0.97936378,0,0,0,56.998,5.249,76.68527512,0.926691964
19,22,19022,0.092306384,0.005139505,0,0.350425995,31.40309461,0.490784994,0.006918101,3.395940672,521.186485,,,,0,0,0.039679315,0,0,0,0,0,0,180.5230588
19,23,19023,0.003767607,0.000209776,0,0.022504422,3.311210657,0.002919858,0.00072946,0.358075377,23.64356835,,,,0,0,0.004183873,0,0,0,0,0,0.001838081,15.09555227
19,24,19024,0.03830401,0.00213272,0,0.106092274,13.6535194,4.87585218,0.00300787,1.476495944,3.083943698,,6.326811,,0,0,0.017251876,0,0,0,0,0,0,8.69315008
19,25,19025,5.301023747,0.295154411,0,0.421154177,17.46396588,0.116610818,0.003847311,1.888558843,44.20319301,,,,0,0,0.022066558,0,0,0,0,0,0,12.11195057
19,26,19026,28.20870526,1.570625635,0,22.53657085,1633.490342,0.993517207,0.359857874,176.6461668,1.027981233,,,,0,0,2.063993344,0,0,0,44.8648,4.1317,37.9916343,3.109181448
19,27,19027,0.012558692,0.000699252,0,0.080372935,4.096055819,0.03131614,0.000902361,0.442948783,34.95136191,,,,0,0,0.005175563,0,0,0,63.4879,5.8467,0,4.170113837
19,28,19028,0.02197771,0.001223692,0,0.038579009,3.431956066,0.019408792,0.00075606,0.371132824,10.27981233,,,,0,0,0.004336441,0,0,0,0,0,0,3.057217413
19,29,19029,0.101725402,0.005663944,0,0.180035373,15.19766742,0.674202618,0.003348046,1.643480605,50.41622176,,,,0,0,0.019202981,0,0,0,0,0,0,18.03368543
19,30,19030,0.033280533,0.001853019,0,0.038579009,8.27106056,2.146468738,0.001822114,0.894435128,4.111924931,,0.02530134,,0,0,0.010450881,0,0,0,0,0,0,0.831424566
19,31,19031,3.080019128,0.171491635,0,3.722874328,429.4774899,2.524898685,0.094613878,46.4438328,42.14723054,,,,0,0,0.542665394,0,0,0,25.3952,2.3387,0.767809299,2.671817484
19,32,19032,0.059653785,0.003321449,0,0.167175704,9.873259265,0.097090618,0.002175079,1.067697407,23.64356835,,,,0,0,0.012475336,0,0,0,212.755,19.5929,50.44641424,3.986074545
19,33,19033,3.71611686,0.206908766,0,1.880726668,166.6634957,8.097202601,0.036715963,18.02304361,224.9830835,,0.2530134,,0,0.001002404,0.210587315,0,0,0,90.5761,8.3413,112.5558296,153.895821
19,34,19034,0.05211857,0.002901897,0,0.096447521,13.47472331,0.031349706,0.002968481,1.457160878,17.47568096,,,,0,0,0.017025959,0,0,0,0,0,0,9.028751142
19,35,19035,0.002511738,0.00013985,0,0.016074587,2.347569407,0.010677184,0.000517169,0.253866905,1.027981233,,,,0,0,0.002966266,0,0,0,0,0,0,1.26878853
19,36,19036,0.004395542,0.000244738,0,0.025719339,16.11719016,4.228151317,0.003550617,1.742918087,23.64356835,,,,0,0,0.020364842,0,0,0,0,0,0,19.48651326
19,37,19037,0.025117383,0.001398505,0,0.051438678,12.95691127,0.498907185,0.002854407,1.401164519,30.35315196,,,,0,0,0.016371678,0,0,0,61.7949,5.6908,12.0573108,2.275591715
19,38,19038,1.449273017,0.08069372,0,2.006108446,126.1023262,2.524075998,0.027780339,13.63674579,540.3024739,,,,0,0,0.159336334,0,0,0,158.0143,14.5518,2.184878269,87.62868494
19,39,19039,49.08564633,2.733027756,0,108.2044743,2650.340843,1.45326955,0.583870009,286.6087045,38.03530561,,0.165639439,,41.67038541,0.035585326,3.348832693,0,0,0,80.1358,7.3798,675.2539104,0
19,40,19040,0.000627935,3.50E-05,0,0.028934256,2.10375656,0.007398815,0.000463458,0.227500906,40.09126808,,,,0,0,0.002658197,0,0,0,0,0,0.312864788,2.461796175
19,41,19041,0.8043842,0.044787112,0,0.125381778,30.07721714,0.510873476,0.00662601,3.252559858,155.2251661,,,,0,0,0.038004006,0,0,0,83.5218,7.6916,0,56.3030323
19,42,19042,0.021349776,0.001188729,0,0.045008843,13.69763791,0.361898898,0.003017589,1.481266935,240.5476085,,,,0,0,0.017307622,0,0,0,102.145,9.4067,0,73.64169876
19,43,19043,0.011302822,0.000629327,0,0.070728182,5.979219804,1.596536725,0.001317222,0.646594738,34.49056602,,0.10120536,,0,0,0.007555031,0,0,0,0,0,0,9.15866123
19,44,19044,1.463087578,0.081462897,0,1.530300674,73.80330962,0.127623157,0.016258867,7.981113451,104.4384312,,,,0,0,0.093254019,0,0,0,0,0,7.261234973,13.07501736
19,45,19045,0.905481668,0.050416093,0,0.311846986,76.07889618,0.5648566,0.016760179,8.227196109,83.31162121,,2.26602948,,0,0,0.096129332,0,0,0,135.1587,12.447,0.371526936,12.85027291
19,46,19046,30.67209263,1.707783981,0,21.54959121,1089.831813,0.148665042,0.240089916,117.85476,0,,0.05060268,,0,0,1.377054734,0,0,0,0,0,64.69086698,0
19,47,19047,0.141285281,0.007866589,0,0.228259134,37.60987308,0.117180896,0.008285454,4.067143675,3.083943698,,,,0,0,0.047521877,0,0,0,19.4696,1.793,2.592303591,0.06928538
19,48,19048,22.66027529,1.261695953,0,6.034399925,643.9770661,0.906975607,0.141868128,69.63988541,1.027981233,,0.253094364,,0,0.007016825,0.81369589,0,0,0,37.8106,3.482,296.5398067,1.221154831
19,49,19049,0.629190452,0.035032542,0,4.121524083,89.8972795,1.486249186,0.019804368,9.721520491,10.27981233,,187.2615686,,0,0,0.113589522,0,0,0,0,0,5.016465415,4.239399217
19,50,19050,0,0,0,0.054653595,4.156428524,0.020110957,0.000915661,0.449477507,70.93070506,,,,0,0,0.005251847,0,0,0,0,0,0,17.09746673
19,51,19051,0.028257056,0.001573318,0,0.125381778,9.508701009,0.069311828,0.002094767,1.028273961,37.05246573,,0.18976005,,0,0,0.012014699,0,0,0,54.7407,5.0411,9.812592216,2.691953548
20,1,20001,0.001883804,0.000104888,0,0.009644752,0.019156601,1.046423619,0.000526377,0.25838679,1.027981233,,0.22771206,,0,0,0.003019078,0,0,0,0,0,0,0.000789202
20,2,20002,0.529976788,0.029508449,0,0.95804538,0.762428984,29.25010659,0.020949712,10.28374403,151.1070377,195.2732222,5.06999588,,0,0,0.120158731,0,0,0,51.1523,4.7107,0.003415417,92.40697025
20,3,20003,0.001255869,6.99E-05,0,0.035364091,0.037419599,1.850881559,0.0010282,0.504720552,0,,2.8208612,,0,0,0.005897325,0,0,0,0,0,0,0.005034566
20,4,20004,0.00816315,0.000454514,0,0.038579009,0.013124785,0.534531991,0.000360637,0.17702885,0.045141351,,,,0,0,0.002068465,0,0,0,0,0,0,0.76109051
20,5,20005,0.169542337,0.009439907,0,0.353640912,0.276030047,4.908585655,0.007584641,3.723130164,16.58312378,,,,0,0,0.043502308,0,0,0,22.7758,2.0975,0,28.79952878
20,6,20006,0.31647903,0.017621159,0,1.494936582,0.271078001,3.910810835,0.00744857,3.6563363,35.17706867,,,,0,0,0.042721866,0,0,0,0,0,0.609532424,13.53687052
20,7,20007,0.028884991,0.00160828,0,0.003214917,0.057227785,2.751410793,0.001572482,0.771896009,4.111924931,,,,0,0,0.009019093,0,0,0,0,0,0,2.935754698
20,8,20008,0.005023477,0.000279701,0,0.003214917,0.0126966,0.553319434,0.000348872,0.171253441,0,,,,0,0,0.002000983,0,0,0,0,0,0,0
20,9,20009,0.019465972,0.001083841,0,0.109307191,0.13111753,6.946961923,0.003602794,1.768530771,9.251831095,,,,0,0,0.02066411,0,0,0,0,0,0,38.24006495
20,10,20010,0.447717357,0.024928346,0,0.19610996,0.257320248,3.888276053,0.00707054,3.470769888,2.101103817,,,,0,0,0.040553645,0,0,0,26.8829,2.4757,31.68722615,6.872251596
20,11,20011,0.002511738,0.00013985,0,0.006429835,0.018542249,0.778614693,0.000509496,0.250100333,1.027981233,,,,0,0,0.002922257,0,0,0,0,0,0,1.31757013
20,12,20012,0.005023477,0.000279701,0,0.054653595,0.159433555,8.882837215,0.00438085,2.1504611,0,,1.39603022,,0,0,0.025126712,0,0,0,0,0,0,7.258710862
20,13,20013,0.035792271,0.001992869,0,0.045008843,0.043600349,0.811940752,0.001198033,0.58808733,34.95136191,,,,0,0,0.006871411,0,0,0,0,0,0.003586188,9.476095307
20,14,20014,0.372365208,0.020732832,0,2.427262623,0.467260953,4.923377145,0.012839205,6.302478181,4.157066282,,,,0,0,0.073640279,0,0,0,52.4591,4.831,0.319683016,10.54411161
20,15,20015,0.001883804,0.000104888,0,0.003214917,0.086325712,4.333058817,0.002372023,1.164372737,3.083943698,,,,0,0,0.013604923,0,0,0,0,0,0,7.546546856
20,16,20016,0.012558692,0.000699252,0,0.051438678,0.161797878,7.945784419,0.004445816,2.182351403,0,,,,0,0,0.025499329,0,0,0,0,0,0,2.931206018
20,17,20017,0.003767607,0.000209776,0,0,0.05935009,3.350311506,0.001630797,0.800521951,5.139906164,,4.6266103,,0,0,0.009353568,0,0,0,0,0,0,16.66751055
20,18,20018,0.003139673,0.000174813,0,0,0.014911989,0.647129952,0.000409746,0.201134907,4.157066282,,,,0,0,0.002350128,0,0,0,0,0,0,2.399527719
20,19,20019,0.002511738,0.00013985,0,0.006429835,0.05419326,2.746249513,0.0014891,0.730965934,0,,,,0,0,0.008540852,0,0,0,0,0,0,0.47378864
20,20,20020,0.016954234,0.000943991,0,0.025719339,0.074653031,2.755109687,0.002051285,1.006930057,4.202207633,,,,0,0,0.01176531,0,0,0,0,0,0,0
20,21,20021,0.268756001,0.014964,0,0.533676285,0.264990335,6.371155862,0.007281296,3.574225046,10.27981233,104.1457185,1.1828403,,0,0,0.04176245,0,0,0,12.508,1.1519,1.15399761,48.17172376
20,22,20022,0.004395542,0.000244738,0,0.01285967,0.019845419,0.880311903,0.000545304,0.267677666,0.045141351,,,,0,0,0.003127636,0,0,0,0,0,0,1.23076551
20,23,20023,0.102353337,0.005698907,0,0.411509425,0.301143997,4.741721295,0.008274712,4.061870475,11.30779356,,,,0,0,0.047460264,0,0,0,0,0,0,17.53166415
20,24,20024,0.006279346,0.000349626,0,0.006429835,0.068453664,3.506108946,0.001880942,0.923312175,0,,,,0,0,0.010788291,0,0,0,0,0,0,0.126793512
20,25,20025,0.084771169,0.004719953,0,0.642983476,0.189536785,4.938089264,0.005208014,2.556497485,17.47568096,,,,0,0,0.029870978,0,0,0,0,0,0,17.83189469
20,26,20026,0.040187813,0.002237607,0,0.520816616,0.134096205,6.072037565,0.003684641,1.808707532,11.30779356,,,,0,0,0.021133548,0,0,0,0,0,0,10.42275477
20,27,20027,0.001883804,0.000104888,0,0.009644752,0.044103,1.978261916,0.001211844,0.594867159,0,,,,0,0,0.006950628,0,0,0,0,0,0,0.254297351
20,28,20028,0.18775244,0.010453822,0,0.604404468,0.302242383,12.01923156,0.008304893,4.076685656,27.84577599,,5.3916371,,0,0,0.047633369,0,0,0,0,0,0,30.63010194
20,29,20029,0.010674888,0.000594364,0,0.032149174,0.076160985,3.449502779,0.00209272,1.027269542,0,,,,0,0,0.012002964,0,0,0,0,0,0,0.587796251
20,30,20030,0.069072804,0.003845888,0,0.626908889,0.161351077,7.333098422,0.004433539,2.176324889,5.139906164,,,,0,0,0.025428913,0,0,0,7.4675,0.6877,0,8.082886616
20,31,20031,0.013814561,0.000769178,0,0.131811613,0.130782429,5.868563114,0.003593586,1.764010886,0,,0.3795201,,0,0,0.020611298,0,0,0,0,0,0,0.00625919
20,32,20032,0.001255869,6.99E-05,0,0.01285967,0.014372105,0.691171756,0.000394911,0.193852869,0,,,,0,0,0.002265042,0,0,0,0,0,0,1.643087456
20,33,20033,0.185868636,0.010348935,0,0.035364091,0.046243922,0.202839735,0.001270672,0.623744205,1.027981233,,,,0,0,0.007288037,0,0,0,5.7873,0.533,0,4.24974168
20,34,20034,0.005651411,0.000314664,0,0.006429835,0.019733719,0.415670669,0.000542235,0.266171038,0,,,,0,0,0.003110032,0,0,0,0,0,0.013320126,1.023054454
20,35,20035,0.005023477,0.000279701,0,0.032149174,0.008191355,0.100903115,0.000225079,0.110486091,0,,,,0,0,0.001290957,0,0,0,0,0,0.319085318,0.000664018
20,36,20036,0.004395542,0.000244738,0,0.009644752,0.098612744,4.13862996,0.002709641,1.330101874,0,,,,0,0,0.015541359,0,0,0,0,0,0,26.11056057
20,37,20037,0.00816315,0.000454514,0,0.051438678,0.070482887,2.852439791,0.0019367,0.950682593,2.055962466,,15.6398904,,0,0,0.011108096,0,0,0,0,0,0,0
20,38,20038,0.082887365,0.004615065,0,0.028934256,0.034664325,1.406192929,0.000952492,0.467557049,0,,,,0,0,0.005463094,0,0,0,0,0,0,0.000718446
20,39,20039,0.637353601,0.035487056,0,5.02170095,1.038738282,5.81712296,0.028542025,14.01064077,14.48201996,,4.2105116,,0,0,0.163705048,0,0,0,0,0,3.779275846,6.527397432
20,40,20040,0.017582168,0.000978953,0,0.009644752,0.102503638,4.949565694,0.002816553,1.382582767,0,,,,0,0,0.016154563,0,0,0,0,0,0,1.090708331
20,41,20041,0.21098602,0.011747439,0,1.041633232,0.610553816,23.13446384,0.016776548,8.235231461,0,,0.5060268,,0,0,0.09622322,0,0,0,0,0,0,3.586445042
20,42,20042,0.121819309,0.006782748,0,0.324706656,0.132532401,5.489320593,0.003641671,1.787614733,2.146245167,,0.22771206,,0,0,0.020887093,0,0,0,0,0,0.292786609,0.018853769
20,43,20043,2.447689003,0.13628428,0,6.420190011,1.706054465,11.38135521,0.046878266,23.01149062,25.89620298,,,,0,0,0.268874011,0,0,0,59.5532,5.4843,1.206581385,53.81532369
20,44,20044,0.303920338,0.016921907,0,1.938595181,0.701552323,13.4546109,0.019276968,9.462631491,85.93476901,41.65828741,,,0,0,0.110564575,0,0,0,32.2969,2.9743,0.268195607,50.42602938
20,45,20045,0.380528357,0.021187346,0,0.106092274,0.135902026,0.76415608,0.00373426,1.833064693,4.157066282,,,,0,0,0.021418146,0,0,0,0,0,0,6.741581858
20,46,20046,0.026373252,0.00146843,0,0.118951943,0.061937814,2.155288643,0.001701902,0.835425511,11.92012025,,,,0,0,0.009761393,0,0,0,0,0,0.001024625,11.22724759
20,47,20047,0.002511738,0.00013985,0,0,0.001898905,0.09468263,5.22E-05,0.025612685,0.612326694,,,,0,0,0.000299267,0,0,0,0,0,0,0.827744058
20,48,20048,0.001255869,6.99E-05,0,0,0.02023637,0.103811518,0.000556047,0.272950866,0,,,,0,0,0.00318925,0,0,0,0,0,0,2.965349
20,49,20049,0.000627935,3.50E-05,0,0.006429835,0.0190449,0.888275477,0.000523308,0.256880162,4.111924931,,,,0,0,0.003001474,0,0,0,0,0,0,3.290886315
20,50,20050,0.039559879,0.002202645,0,0.009644752,0.061528246,3.475851937,0.001690648,0.829901207,0.045141351,,,,0,0,0.009696845,0,0,0,0,0,0,1.457077555
20,51,20051,0.013186626,0.000734215,0,0.022504422,0.085674127,5.012575845,0.002354119,1.155584071,3.083943698,,0.2530134,,0,0,0.013502234,0,0,0,0,0,0,5.025112377
20,52,20052,0.050862701,0.002831972,0,0.176820456,0.112891765,3.443083664,0.003101994,1.522699219,6.167887397,,,,0,0,0.017791731,0,0,0,0,0,2.943767154,9.749008078
20,53,20053,0.011930757,0.00066429,0,0.041793926,0.022656543,0.506970076,0.000622547,0.305594484,1.640307927,,,,0,0,0.003570669,0,0,0,0,0,0,3.268315003
20,54,20054,0.003139673,0.000174813,0,0,0.007521153,0.331161962,0.000206663,0.10144632,2.055962466,,,,0,0,0.001185333,0,0,0,0,0,0,2.077110558
20,55,20055,0.043955421,0.002447383,0,0.19610996,0.054900695,1.590707074,0.001508539,0.740507915,3.083943698,,,,0,0,0.008652344,0,0,0,0,0,0,2.901754451
20,56,20056,0.011302822,0.000629327,0,0.022504422,0.022098042,0.991702579,0.000607201,0.298061341,0,,,,0,0,0.003482649,0,0,0,0,0,0,1.210320684
20,57,20057,0.28633817,0.015942953,0,2.694100766,0.690754628,35.64929704,0.018980273,9.316990734,30.88457833,,,,0,0,0.10886286,0,0,0,67.9541,6.258,0.133372028,61.30288153
20,58,20058,0.006279346,0.000349626,0,0.019289504,0.241849757,12.56824033,0.006645449,3.262101839,0,,,,0,0,0.038115497,0,0,0,0,0,0,1.229577415
20,59,20059,0.367341731,0.020453131,0,1.848577494,0.576205975,16.9561508,0.015832752,7.771943193,22.66072847,,1.96285502,,0,0,0.090810003,0,0,0,0,0,0.055500524,0
20,60,20060,0.003139673,0.000174813,0,0.01285967,0.044103,2.199430606,0.001211844,0.594867159,0,,1.0120536,,0,0,0.006950628,0,0,0,0,0,0,0.003439833
20,61,20061,0.010674888,0.000594364,0,0.032149174,0.036414296,1.504909484,0.001000577,0.491160896,3.083943698,,,,0,0,0.005738889,0,0,0,0,0,0,0
20,62,20062,0.006279346,0.000349626,0,0.006429835,0.009699309,0.212891853,0.000266514,0.130825576,0,,,,0,0,0.00152861,0,0,0,0,0,10.38700063,0.000130627
20,63,20063,0.047095094,0.002622196,0,0.19610996,0.069700984,0.144152402,0.001915215,0.940136193,3.129085049,,,,0,0,0.010984868,0,0,0,0,0,0.222826819,5.569647523
20,64,20064,0.005651411,0.000314664,0,0.003214917,0.130019144,5.391736958,0.003572613,1.753715591,7.195868629,,,,0,0,0.020491004,0,0,0,0,0,0,0
20,65,20065,0.013186626,0.000734215,0,0.006429835,0.022582076,0.965340593,0.000620501,0.304590065,0.045141351,,,,0,0,0.003558933,0,0,0,0,0,0,1.497379701
20,66,20066,0.046467159,0.002587234,0,0.163960786,0.092134127,2.763877824,0.002531624,1.24271742,44.20319301,,,,0,0,0.014520329,0,0,0,0,0,0,25.90679032
20,67,20067,3.700418496,0.206034701,0,38.72046495,4.900924936,73.3367026,0.13466561,66.1043305,2.055962466,,0.72280536,,39.25798875,0.022898551,0.772385275,92.15037,22.41,0,26.6963,2.4585,55.66557383,2.12487084
20,68,20068,0.367341731,0.020453131,0,0.999839306,0.368871609,6.799320546,0.010135703,4.975389565,46.30429683,,,,0,0,0.058134128,0,0,0,5.974,0.5502,5.192478175,23.99505957
20,69,20069,0.000627935,3.50E-05,0,0,0.040286573,2.142923032,0.001106978,0.543390684,1.027981233,,,,0,0,0.00634916,0,0,0,0,0,0,8.990748764
20,70,20070,0.023861514,0.001328579,0,0.035364091,0.130745196,6.907124101,0.003592563,1.763508676,0,,,,0,0,0.02060543,0,0,0,0,0,0,1.49094371
20,71,20071,0.000627935,3.50E-05,0,0.038579009,0.059908592,3.440071847,0.001646144,0.808055093,0,,,,0,0,0.009441588,0,0,0,0,0,0,8.028817563
20,72,20072,0.005651411,0.000314664,0,0.006429835,0.119016665,5.298534758,0.003270291,1.605312682,10.27981233,,,,0,0,0.018757014,0,0,0,0,0,0,10.90845949
20,73,20073,0.180217225,0.010034271,0,1.375984639,0.563099807,19.84675232,0.015472626,7.595165447,9.432396499,,2.0360804,,0,0,0.088744473,0,0,0,0,0,0,0
20,74,20074,0.019465972,0.001083841,0,0.003214917,0.008712623,0.439109343,0.000239402,0.117517024,0,,0.1338867,,0,0,0.001373109,0,0,0,0,0,0,0
20,75,20075,0.031396729,0.001748131,0,0.154316034,0.051065652,0.867629173,0.001403161,0.688780336,17.52082231,,,,0,0,0.008047942,0,0,0,14.935,1.3754,0,14.60353464
20,76,20076,0.004395542,0.000244738,0,0.045008843,0.054788995,2.038859838,0.00150547,0.739001286,1.073122584,,,,0,0,0.00863474,0,0,0,0,0,0,0
20,77,20077,0.025117383,0.001398505,0,0.035364091,0.069458967,1.180590165,0.001908565,0.936871831,10.27981233,,,,0,0,0.010946726,0,0,0,0,0,1.437130771,5.50454006
20,78,20078,0.006279346,0.000349626,0,0.01285967,0.017090145,0.098041487,0.000469596,0.230514163,6.167887397,,,,0,0,0.002693405,0,0,0,0,0,0,3.959717527
20,79,20079,2.620371014,0.145899,0,6.117987777,1.435181248,4.593621422,0.039435323,19.35791647,14.48201996,,,,0,0,0.22618442,0,0,422,8.4009,0.7737,24.65121146,2.077657459
20,80,20080,0.01507043,0.000839103,0,0.003214917,0.025802768,1.238166291,0.000708998,0.348031187,2.101103817,,,,0,0,0.004066514,0,0,0,0,0,0,5.611079545
20,81,20081,0.012558692,0.000699252,0,0.022504422,0.029395794,1.274139906,0.000807726,0.396494404,3.083943698,,,,0,0,0.004632774,0,0,0,0,0,0,1.148611137
20,82,20082,0.007535215,0.000419551,0,0.06108343,0.084594357,4.123442686,0.002324449,1.141019995,1.073122584,,,,0,0,0.013332062,0,0,0,0,0,0,4.252188597
20,83,20083,0.106120944,0.005908682,0,0.34399616,0.110546059,0.914640867,0.003037539,1.49106002,1.073122584,,,,0,0.000438796,0.017422048,0,0,0,0,0,0,1.041719409
20,84,20084,0.040187813,0.002237607,0,0.20896963,0.058810206,0.244434231,0.001615963,0.793239913,0,,,,0,0,0.009268482,0,0,0,0,0,0,1.284392681
20,85,20085,0.001883804,0.000104888,0,0.045008843,0.318904344,17.80759914,0.008762723,4.301424409,0,,2.01644284,,0,0,0.050259292,0,0,0,0,0,0,13.74410178
20,86,20086,0.012558692,0.000699252,0,0.025719339,0.016922595,0.645085663,0.000464992,0.22825422,0,,,,0,0,0.002666999,0,0,0,0,0,0,0.846345048
20,87,20087,0.124958982,0.006957561,0,0.389005003,0.056483116,0.596958144,0.00155202,0.761851819,3.083943698,,,,0,0.000254096,0.008901733,0,0,0,0,0,0,1.023962828
20,88,20088,0.046467159,0.002587234,0,0.038579009,0.043972683,1.96724504,0.001208263,0.593109425,0.612326694,,11.97229198,,0,0,0.00693009,0,0,0,0,0,0,0
20,89,20089,0.124958982,0.006957561,0,0,0.037624383,1.672184656,0.001033827,0.507482705,2.055962466,,,,0,0,0.005929599,0,0,0,0,0,0,2.707219096
20,90,20090,0.036420206,0.002027832,0,0.167175704,0.102391938,5.055660721,0.002813484,1.381076138,4.157066282,,,,0,0,0.016136959,0,0,0,0,0,0,2.042550039
20,91,20091,0.037676075,0.002097757,0,0.186465208,0.088206,0.450406519,0.002423688,1.189734317,0.045141351,,0.032225335,,0,0.000400006,0.013901257,0,0,0,0,0,0,4.575278996
20,92,20092,0.00816315,0.000454514,0,0,0.023531529,0.854582648,0.00064659,0.317396407,2.055962466,,,,0,0,0.003708567,0,0,0,0,0,0,4.155039916
20,93,20093,0.002511738,0.00013985,0,0.016074587,0.009848243,0.44743064,0.000270606,0.132834414,0.045141351,,,,0,0,0.001552082,0,0,0,0,0,0,2.827350491
20,94,20094,0.005023477,0.000279701,0,0.009644752,0.037252049,2.012378984,0.001023597,0.50246061,0.045141351,,,,0,0,0.005870919,0,0,0,0,0,0,2.800999088
20,95,20095,0.03014086,0.001678206,0,0.019289504,0.080852397,4.438789853,0.002221629,1.09054794,0,,,,0,0,0.01274233,0,0,0,0,0,0,0
20,96,20096,0.006279346,0.000349626,0,0.025719339,0.010928012,0.107460816,0.000300275,0.14739849,37.05246573,,,,0,0,0.001722254,0,0,0,0,0,0,5.636099991
20,97,20097,0.008791084,0.000489477,0,0.009644752,0.030810665,1.515308574,0.000846603,0.415578365,0,,,,0,0,0.004855758,0,0,0,0,0,0,0.001583847
20,98,20098,0.005023477,0.000279701,0,0.006429835,0.081336432,4.787009831,0.002234929,1.097076663,0,,,,0,0,0.012818613,0,0,0,0,0,0,1.109532017
20,99,20099,0.015698365,0.000874065,0,0,0.008545073,0.296669643,0.000234798,0.115257081,1.027981233,,,,0,0,0.001346703,0,0,0,0,0,0,0.173609241
20,100,20100,0.003139673,0.000174813,0,0.038579009,0.006143516,0.304874684,0.000168809,0.082864568,0,,,,0,0,0.000968218,0,0,0,0,0,0,0.000887172
20,101,20101,0.003767607,0.000209776,0,0.009644752,0.012957234,0.699790823,0.000356034,0.174768908,0,,,,0,0,0.002042059,0,0,0,0,0,0,2.385300692
20,102,20102,0.013186626,0.000734215,0,0.038579009,0.07800404,0.932877696,0.002143363,1.052128913,2.101103817,,0.16835,,0,0,0.012293429,0,0,0,0,0,0,4.089932453
20,103,20103,0.086654972,0.004824841,0,0.218614382,0.09178041,0.649532656,0.002521905,1.23794643,2.055962466,,,,0,0,0.014464583,0,0,0,0,0,0,9.268935197
20,104,20104,0.00816315,0.000454514,0,0.032149174,0.04898058,2.458895427,0.001345868,0.660656604,0.567185343,,,,0,0,0.007719334,0,0,0,0,0,0,4.853465429
20,105,20105,0,0,0,0.006429835,0.121883639,7.085060585,0.003349069,1.643982814,1.027981233,,,,0,0,0.019208849,0,0,0,0,0,0,6.758359725
20,106,20106,0.001883804,0.000104888,0,0,0.005808415,0.290776785,0.000159601,0.078344683,0,,,,0,0,0.000915406,0,0,0,0,0,0,0.728538778
20,107,20107,0.568908732,0.031676131,0,0.684777402,0.273107223,1.903092093,0.007504329,3.683706718,0,,,,0,0.001127774,0.043041671,0,0,0,0,0,0.367498852,1.012125108
20,108,20108,0.00690728,0.000384589,0,0.016074587,0.077408305,3.674142692,0.002126994,1.044093561,0.045141351,,,,0,0,0.012199541,0,0,0,0,0,0,8.404781596
20,109,20109,0.002511738,0.00013985,0,0,0.023010261,0.5540957,0.000632267,0.310365474,6.73507274,3.801318726,,,0,0,0.003626415,0,0,0,31.5501,2.9055,0,0.137803592
20,110,20110,0.000627935,3.50E-05,0,0.009644752,0.024425131,1.319302276,0.000671144,0.329449435,0,,,,0,0,0.003849398,0,0,0,0,0,0,0.517727557
20,111,20111,0.008791084,0.000489477,0,0.022504422,0.075490783,4.046763856,0.002074305,1.018229771,0,,,,0,0,0.01189734,0,0,0,0,0,0,1.61840226
20,112,20112,0.133122132,0.007412075,0,0.057868513,0.049967266,2.619375738,0.00137298,0.673965156,0.090282702,,,,0,0,0.007874836,0,0,0,0,0,0,12.24612192
20,113,20113,0.007535215,0.000419551,0,0.048223761,0.052015104,3.071530399,0.00142925,0.701586678,0,,0.1781667,,0,0,0.008197575,0,0,0,0,0,0,1.660174389
20,114,20114,0.005023477,0.000279701,0,0.006429835,0.012342883,0.540219502,0.000339153,0.166482451,0,,,,0,0,0.001945237,0,0,0,0,0,0,0.000658576
20,115,20115,0.198427328,0.011048187,0,0.366500582,0.173582259,0.633376277,0.004769622,2.341300712,7.24100998,,,,0,0.000713178,0.027356547,0,0,0,0,0,0,5.30921767
20,116,20116,0.016326299,0.000909028,0,0.025719339,0.070538737,4.060987984,0.001938235,0.951435907,0,,,,0,0,0.011116898,0,0,0,0,0,0,0.745844186
20,117,20117,0.008791084,0.000489477,0,0.057868513,0.051121502,2.923550448,0.001404696,0.68953365,0,,3.43923052,,0,0,0.008056744,0,0,0,0,0,0,2.506327788
20,118,20118,0.031396729,0.001748131,0,0.022504422,0.041999311,2.092156473,0.00115404,0.566492321,7.195868629,,,,0,0,0.006619087,0,0,0,0,0,0,3.829502601
20,119,20119,0.015698365,0.000874065,0,0,0.006739251,0.331465076,0.000185178,0.09089992,0.045141351,,21.2505956,,0,0,0.001062105,0,0,0,0,0,0,0.604532177
20,120,20120,0.003139673,0.000174813,0,0.035364091,0.006497234,0,0.000178528,0.087635559,0,,,,0,0,0.001023963,0,0,0,0,0,0,0.000119741
20,121,20121,0.001255869,6.99E-05,0,0,0.012119482,0.68984991,0.000333014,0.163469194,8.268991213,,,,0,0,0.001910029,0,0,0,0,0,0,2.675442405
20,122,20122,0.004395542,0.000244738,0,0.01285967,0.011933315,0.632393317,0.000327899,0.160958146,0,,,,0,0,0.001880689,0,0,0,0,0,0,0
20,123,20123,0.010046953,0.000559402,0,0.025719339,0.041198792,2.14296545,0.001132044,0.555694817,1.179512037,,,,0,0,0.006492926,0,0,0,0,0,0,8.102919722
20,124,20124,0.977066211,0.054401832,0,0.745860833,0.334058351,4.998798846,0.009179119,4.505823678,0,,,,0,0,0.052647562,0,0,0,0,0,0,17.4962731
20,125,20125,0.002511738,0.00013985,0,0.006429835,0.180898629,9.574178196,0.004970658,2.439984879,2.055962466,,,,0,0,0.028509606,0,0,0,0,0,0,0
20,126,20126,0.355410974,0.019788841,0,0.045008843,0.073778045,4.075624545,0.002027243,0.995128134,0,,,,0,0,0.011627412,0,0,0,0,0,0,0
20,127,20127,0.035164337,0.001957907,0,0,0.022153892,1.359191521,0.000608736,0.298814655,1.073122584,,0.20540402,,0,0,0.003491451,0,0,0,0,0,0,0.756440263
20,128,20128,0.006279346,0.000349626,0,0.038579009,0.020031586,0,0.00055042,0.270188714,0,,,,0,0,0.003156976,0,0,0,0,0,0,0.001774344
20,129,20129,0.010674888,0.000594364,0,0.009644752,0.004281845,0.160346939,0.000117655,0.057754093,5.139906164,,,,0,0,0.000674818,0,0,0,0,0,0,1.544657217
20,130,20130,0.02323358,0.001293617,0,0.045008843,0.099673897,4.27903386,0.002738799,1.344414845,1.073122584,,,,0,0,0.015708596,0,0,0,32.6702,3.0087,0,3.607932088
20,131,20131,0.402506067,0.022411037,0,0.112522108,0.167755227,7.367342091,0.004609509,2.262704924,5.139906164,,,,0,0,0.026438207,0,0,0,0,0,0,5.794564213
20,132,20132,0.005023477,0.000279701,0,0.006429835,0.020366687,0.490278562,0.000559627,0.274708599,14.39173726,,,,0,0,0.003209788,0,0,0,0,0,0,5.374325133
20,133,20133,0.005023477,0.000279701,0,0.070728182,0.072623809,4.150833213,0.001995527,0.979559639,0.567185343,,,,0,0,0.011445505,0,0,0,0,0,0,3.098614929
20,134,20134,0.059025851,0.003286486,0,0.189680126,0.509520898,27.85768544,0.014000407,6.872485969,0,,,,0,0,0.080300442,0,0,0,0,0,0,63.9665332
20,135,20135,0.016326299,0.000909028,0,0.06108343,0.114250786,4.778573557,0.003139336,1.541029866,1.027981233,,1.52483902,,0,0,0.018005912,0,0,0,0,0,0,8.576428544
20,136,20136,0.018838037,0.001048879,0,0.1478862,0.221185202,14.23052337,0.006077636,2.983375564,0,,,,0,0,0.034858766,0,0,0,0,0,0,48.04947292
20,137,20137,0,0,0,0.022504422,0.058754355,3.030747134,0.001614428,0.792486599,0.567185343,,,,0,0,0.00925968,0,0,0,0,0,0,0
20,138,20138,0.005651411,0.000314664,0,0.01285967,0.006534467,0.272402312,0.000179551,0.088137768,0.567185343,,,,0,0,0.001029831,0,0,0,0,0,0,0.000729332
20,139,20139,0.000627935,3.50E-05,0,0.003214917,0.038238735,1.841286277,0.001050708,0.515769162,0,,,,0,0,0.006026421,0,0,0,0,0,0,0.368304962
20,140,20140,0.001255869,6.99E-05,0,0,0.012063632,0.504550668,0.00033148,0.16271588,6.167887397,,,,0,0,0.001901227,0,0,0,0,0,0,2.988559071
20,141,20141,0.043955421,0.002447383,0,0.086802769,0.142827445,6.023733509,0.003924554,1.926475661,13.36375603,,,,0,0,0.022509591,0,0,0,0,0,0,12.41799881
20,142,20142,0,0,0,0,0.02284271,1.065607064,0.000627663,0.308105531,0,,0.66501876,,0,0,0.003600009,0,0,0,0,0,0,0.171899327
20,143,20143,0.050862701,0.002831972,0,0.231474051,0.166582374,4.719486096,0.004577282,2.246885325,23.6887097,,,,0,0,0.026253365,0,0,0,36.2173,3.3353,0,23.34168246
20,144,20144,0.026373252,0.00146843,0,0.009644752,0.01524709,0.567124049,0.000418953,0.205654792,4.157066282,,,,0,0,0.00240294,0,0,0,0,0,0,2.368526069
20,145,20145,0.034536402,0.001922944,0,0.096447521,0.034924959,0.058126802,0.000959654,0.471072516,5.139906164,,,,0,0,0.00550417,0,0,0,0,0,0,2.645730545
20,146,20146,0.074724215,0.004160551,0,0.016074587,0.047305075,2.551408874,0.001299829,0.638057176,0,,,,0,0,0.007455275,0,0,0,0,0,0,0
20,147,20147,0.001255869,6.99E-05,0,0,0.006143516,0.258000685,0.000168809,0.082864568,1.027981233,,,,0,0,0.000968218,0,0,0,0,0,0,0.930049503
20,148,20148,0.001255869,6.99E-05,0,0.016074587,0.03406859,1.641415988,0.000936123,0.459521697,0,,1.4229001,,0,0,0.005369206,0,0,0,0,0,0,0
20,149,20149,0.009419019,0.000524439,0,0.016074587,0.024387898,0.857055988,0.000670121,0.328947226,0.045141351,,2.71597272,,0,0,0.00384353,0,0,0,0,0,0,0
20,150,20150,0.177705487,0.009894421,0,0.620479055,0.198156324,2.801348459,0.005444858,2.672758985,3.083943698,,2.09293598,,0,0,0.031229417,0,0,0,36.0306,3.3181,0,14.3946682
20,151,20151,0.016954234,0.000943991,0,0,0.007037119,0.387623358,0.000193363,0.094917596,0,,,,0,0,0.001109049,0,0,0,0,0,0,1.457077555
20,152,20152,0.00690728,0.000384589,0,0.01285967,0.021129973,1.003128144,0.000580601,0.285003894,2.055962466,,,,0,0,0.003330082,0,0,0,0,0,0,1.869399502
20,153,20153,0.052746505,0.00293686,0,0.19610996,0.07318231,3.46084818,0.002010874,0.987092782,0,,,,0,0,0.011533525,0,0,0,0,0,0,5.24293783
20,154,20154,0.006279346,0.000349626,0,0.003214917,0.039541905,1.986155664,0.001086516,0.533346494,0,,,,0,0,0.0062318,0,0,0,0,0,0,0
20,155,20155,0,0,0,0.022504422,0.014651355,0.836418235,0.000402584,0.19761944,0,,,,0,0,0.002309052,0,0,0,0,0,0,0
20,156,20156,0.010046953,0.000559402,0,0.141456365,0.054733145,2.282029271,0.001503935,0.738247972,0,,,,0,0,0.008625938,0,0,0,0,0,0,0.008115176
20,157,20157,0.250545898,0.013950084,0,0.903391784,0.194600532,0.076065849,0.005347154,2.624797977,0,,,,0,0.000851614,0.030669024,0,0,0,0,0,0.350080226,0.834559299
20,158,20158,0.001883804,0.000104888,0,0.028934256,0.038313201,1.71541429,0.001052754,0.516773581,0,,,,0,0,0.006038157,0,0,0,0,0,0,0
20,159,20159,0.000627935,3.50E-05,0,0.01285967,0.094368133,4.504078265,0.002593009,1.27284999,0,,2.924285,,0,0,0.014872408,0,0,0,0,0,0,0
20,160,20160,0.059653785,0.003321449,0,0.019289504,0.030792048,1.275943214,0.000846091,0.415327261,1.027981233,,,,0,0,0.004852824,0,0,0,0,0,0,0.930049503
20,161,20161,0.011930757,0.00066429,0,0,0.052797006,2.902629622,0.001450735,0.712133078,1.208546637,,3.1358536,,0,0,0.008320803,0,0,0,26.6963,2.4585,0,0.278186433
20,162,20162,0.006279346,0.000349626,0,0.019289504,0.035688244,1.785924163,0.000980627,0.48136781,0,,,,0,0,0.005624464,0,0,0,0,0,0,6.812608181
20,163,20163,0.019465972,0.001083841,0,0.045008843,0.027906457,1.252347666,0.000766802,0.376406024,0,,,,0,0,0.004398055,0,0,0,0,0,0,0.229435878
20,164,20164,0.010046953,0.000559402,0,0.025719339,0.052741156,2.297264174,0.0014492,0.711379764,3.083943698,,,,0,0,0.008312001,0,0,0,0,0,0,1.734542324
20,165,20165,0.141913216,0.007901551,0,0.009644752,0.026175103,1.044987901,0.000719229,0.353053282,1.027981233,,,,0,0,0.004125194,0,0,0,0,0,0,1.968604782
20,166,20166,0.081003561,0.004510178,0,0.192895043,0.184715055,9.138107221,0.005075525,2.491461354,20.55962466,34.8888157,0.6399135,,0,0,0.029111074,0,0,0,0,0,0,69.14018904
20,167,20167,0.004395542,0.000244738,0,0,0.03542761,1.753157065,0.000973465,0.477852344,0,,,,0,0,0.005583388,0,0,0,0,0,0,0
20,168,20168,0.003139673,0.000174813,0,0.083587852,0.017778964,0.828481811,0.000488523,0.239805039,1.073122584,,,,0,0,0.002801963,0,0,0,0,0,0,1.242453091
20,169,20169,0.003139673,0.000174813,0,0.028934256,0.066387209,3.993414455,0.001824161,0.895439547,2.055962466,,,,0,0,0.010462617,0,0,0,0,0,0,4.85091361
20,170,20170,0.049606832,0.002762047,0,0.025719339,0.071283405,3.843463899,0.001958696,0.961480097,0,,,,0,0,0.011234257,0,0,0,0,0,0,0
20,171,20171,0.014442495,0.00080414,0,0.109307191,0.334318985,20.20100658,0.00918628,4.509339144,0,,,,0,0,0.052688638,0,0,0,0,0,0,6.374481641
20,172,20172,0.00816315,0.000454514,0,0.003214917,0.007092969,0.334243645,0.000194898,0.095670911,0,,,,0,0,0.001117851,0,0,0,0,0,0,0.663435312
20,173,20173,0.001255869,6.99E-05,0,0.003214917,0.02273101,1.148581063,0.000624593,0.306598903,0.612326694,,,,0,0,0.003582405,0,0,0,0,0,0,0.001442335
20,174,20174,0.012558692,0.000699252,0,0.199324878,0.061062828,0.271293953,0.001677859,0.823623588,4.157066282,,,,0,0.000254452,0.009623496,0,0,0,0,0,0,3.888691203
20,175,20175,0.000627935,3.50E-05,0,0.006429835,0.024164497,1.384834206,0.000663982,0.325933969,2.101103817,,,,0,0,0.003808322,0,0,0,0,0,0,3.042294183
20,176,20176,0.012558692,0.000699252,0,0.086802769,0.052033721,2.561631551,0.001429761,0.701837783,5.139906164,,,,0,0,0.008200509,0,0,0,0,0,0,5.036218061
20,177,20177,0.029512925,0.001643243,0,0.398649755,0.173154075,7.3468335,0.004757857,2.335525302,4.111924931,0.494692163,1.451887,,0,0,0.027289065,0,0,0,46.6718,4.2981,0,1.230642907
20,178,20178,0.029512925,0.001643243,0,0.009644752,0.1007909,2.029026459,0.002769491,1.35948113,2.055962466,,0.01295,,0,0,0.015884636,0,0,0,0,0,0,5.29737995
20,179,20179,0.013814561,0.000769178,0,0.006429835,0.024499598,1.25150889,0.00067319,0.330453854,0.045141351,,7.92792526,,0,0,0.003861134,0,0,0,0,0,0,6.404206822
20,180,20180,0.00816315,0.000454514,0,0.006429835,0.038220118,1.300565295,0.001050197,0.515518057,7.195868629,,,,0,0,0.006023487,0,0,0,0,0,0,1.298149264
20,181,20181,0,0,0,0,0.007688704,0.333922535,0.000211267,0.103706263,2.055962466,,,,0,0,0.001211739,0,0,0,0,0,0,0.719238283
20,182,20182,0,0,0,0.006429835,0.04285568,2.676504932,0.001177571,0.57804314,0,,,,0,0,0.006754051,0,0,0,0,0,0,0.606619938
20,183,20183,0.001883804,0.000104888,0,0.006429835,0.026286803,1.368039215,0.000722298,0.35455991,0,,,,0,0,0.004142797,0,0,0,0,0,0,0.914548678
20,184,20184,3.071228044,0.171002159,0,8.943900156,2.745407098,45.20348635,0.075437173,37.03041784,180.2449187,197.8768652,,,0,0,0.432675882,0,0,0,51.339,4.7279,8.610692784,342.06765
20,185,20185,0.041443682,0.002307533,0,0.106092274,0.157813901,6.843753789,0.004336346,2.128614986,0.612326694,,,,0,0,0.024871455,0,0,0,0,0,0,2.276045534
20,186,20186,0.001883804,0.000104888,0,0.019289504,0.009624842,0.406758798,0.000264467,0.129821157,1.027981233,,,,0,0,0.001516874,0,0,0,0,0,0,0.589031352
20,187,20187,0.005023477,0.000279701,0,0.003214917,0.036172279,1.858059916,0.000993927,0.487896534,0,,4.28109342,,0,0,0.005700748,0,0,0,0,0,0,0.856655322
20,188,20188,0.011302822,0.000629327,0,0.025719339,0.162561164,8.086252121,0.004466789,2.192646698,0,,,,0,0,0.025619623,0,0,0,0,0,0,2.2182072
20,189,20189,0.001255869,6.99E-05,0,0.009644752,0.046839657,2.133897459,0.001287041,0.631779557,0,,,,0,0,0.007381925,0,0,0,0,0,0,15.98063072
20,190,20190,0.482253759,0.02685129,0,0.376145334,0.421221815,18.58897559,0.011574161,5.681496129,48.31511794,,8.21567217,,0,0,0.066384515,0,0,0,0,0,0,0.145360167
20,191,20191,0.003139673,0.000174813,0,0,0.00493343,0.206036449,0.000135559,0.066542759,0.045141351,,,,0,0,0.000777508,0,0,0,0,0,0,0.001088555
20,192,20192,0.013814561,0.000769178,0,0.077158017,0.023829396,0.180235849,0.000654774,0.321414083,3.129085049,,,,0,0,0.00375551,0,0,0,0,0,0,4.172796497
20,193,20193,0.009419019,0.000524439,0,0.032149174,0.039020637,1.057896754,0.001072193,0.526315561,5.752232858,,4.89575992,,0,0,0.006149648,0,0,0,0,0,0,6.380531381
20,194,20194,0.167030599,0.009300056,0,0.016074587,0.021167206,0.735128486,0.000581624,0.285506104,0.045141351,,1.62548702,,0,0,0.00333595,0,0,0,0,0,0,6.658717814
20,195,20195,0.003139673,0.000174813,0,0,0.023121961,1.541569411,0.000635336,0.311872103,0,,,,0,0,0.003644019,0,0,0,0,0,0,0.961051154
20,196,20196,0.001883804,0.000104888,0,0.016074587,0.00742807,0.330642772,0.000204105,0.100190796,0,,,,0,0,0.001170663,0,0,0,0,0,0,0.000419094
20,197,20197,0.032652598,0.001818056,0,0.093232604,0.052610839,1.528004552,0.001445619,0.70962203,3.083943698,,,,0,0,0.008291463,0,0,0,21.0956,1.9427,0,1.663199738
20,198,20198,0.099841599,0.005559056,0,0.1478862,0.533052427,27.39269759,0.014646996,7.189882376,7.195868629,,7.998241,,0,0,0.084009009,0,0,0,41.6312,3.8339,0,98.34112124
20,199,20199,0.002511738,0.00013985,0,0.009644752,0.012789684,0.50791617,0.00035143,0.172508965,0,,,,0,0,0.002015653,0,0,0,0,0,0,0.905248183
20,200,20200,0.013814561,0.000769178,0,0.016074587,0.066349976,3.222096474,0.001823137,0.894937338,0,,4.51745302,,0,0,0.010456749,0,0,0,0,0,0,0
20,201,20201,0.003139673,0.000174813,0,0.003214917,0.037382366,1.877137808,0.001027177,0.504218343,0,,1.10315024,,0,0,0.005891457,0,0,0,0,0,0,0.003701086
20,202,20202,0.007535215,0.000419551,0,0.064298348,0.07307061,3.297876389,0.002007804,0.985586153,0,,,,0,0,0.011515921,0,0,0,0,0,0,5.008371255
20,203,20203,0.001255869,6.99E-05,0,0.003214917,0.064767555,3.352313521,0.001779656,0.873593434,0,,,,0,0,0.01020736,0,0,0,0,0,0,3.681531094
20,204,20204,0.000627935,3.50E-05,0,0,0.012156716,0.559093584,0.000334037,0.163971403,0,,,,0,0,0.001915897,0,0,0,0,0,0,0
20,205,20205,0,0,0,0.006429835,0.308907167,16.98563901,0.008488025,4.166581157,4.111924931,,,,0,0,0.048683738,0,0,0,0,0,0,70.18176626
20,206,20206,0.013814561,0.000769178,0,0.016074587,0.04670934,1.888342319,0.00128346,0.630021824,1.027981233,,,,0,0,0.007361387,0,0,0,0,0,0,0.264597104
20,207,20207,0.000627935,3.50E-05,0,0.038579009,0.29092342,14.32210637,0.007993875,3.924013966,8.223849862,,,,0,0,0.045849502,0,0,0,0,0,6.280036596,0.113743092
20,208,20208,0.017582168,0.000978953,0,0.054653595,0.12715217,6.359930065,0.003493835,1.715045459,2.055962466,,0.7605162,,0,0,0.020039169,0,0,0,0,0,0,7.164481342
20,209,20209,0,0,0,0.006429835,0.017183229,0.945359689,0.000472154,0.231769686,0.045141351,,1.8393202,,0,0,0.002708075,0,0,0,0,0,0,0
20,210,20210,0.000627935,3.50E-05,0,0.009644752,0.100865367,5.823382419,0.002771537,1.360485549,1.027981233,,,,0,0,0.015896372,0,0,0,0,0,0,7.049775236
20,211,20211,0.00690728,0.000384589,0,0.009644752,0.051065652,2.664276158,0.001403161,0.688780336,0,,2.56528558,,0,0,0.008047942,0,0,0,0,0,0,0
20,212,20212,0.00816315,0.000454514,0,0.006429835,0.054156027,3.363798026,0.001488077,0.730463725,0,,,,0,0,0.008534984,0,0,0,0,0,0,5.569748591
20,213,20213,0,0,0,0.01285967,0.073852512,3.302071096,0.002029289,0.996132553,0.045141351,,3.3557813,,0,0,0.011639148,0,0,0,0,0,0,1.499512352
20,214,20214,0.008791084,0.000489477,0,0.051438678,0.043283865,1.975906835,0.001189336,0.583818549,0,,,,0,0,0.006821533,0,0,0,0,0,0,0.002062811
20,215,20215,0.006279346,0.000349626,0,0,0.012119482,0.37665451,0.000333014,0.163469194,22.66072847,,,,0,0,0.001910029,0,0,0,0,0,0,4.067416495
20,216,20216,0.00816315,0.000454514,0,0.025719339,0.019528935,0.957866574,0.000536608,0.263408885,0,,,,0,0,0.003077758,0,0,0,0,0,0,0.001126654
20,217,20217,0,0,0,0.009644752,0.057842136,2.822070951,0.001589363,0.780182466,6.213028748,,,,0,0,0.009115915,0,0,0,0,0,0,7.068376227
20,218,20218,0.011930757,0.00066429,0,0,0.009252508,0.421250818,0.000254237,0.124799062,0.045141351,,2.5382,,0,0,0.001458194,0,0,0,0,0,0,0.651034652
20,219,20219,0.012558692,0.000699252,0,0.016074587,0.044531185,1.992981394,0.00122361,0.600642568,6.167887397,,,,0,0,0.00701811,0,0,0,0,0,0,3.444776682
20,220,20220,0.001255869,6.99E-05,0,0.006429835,0.054919312,2.728809666,0.00150905,0.74075902,0,,,,0,0,0.008655278,0,0,0,0,0,0,0.306506444
20,221,20221,0.00816315,0.000454514,0,0,0.024052797,1.289691361,0.000660913,0.32442734,3.083943698,,,,0,0,0.003790718,0,0,0,0,0,0,1.856998842
20,222,20222,0.020721841,0.001153766,0,0.025719339,0.02766444,1.667527309,0.000760152,0.373141662,0,,,,0,0,0.004359913,0,0,0,0,0,0,0.00272683
20,223,20223,0.000627935,3.50E-05,0,0.019289504,0.011207263,0.534408367,0.000307949,0.151165061,0,,,,0,0,0.001766264,0,0,0,0,0,0,0.001817887
20,224,20224,0.001255869,6.99E-05,0,0,0.011579597,0.298412662,0.000318179,0.156187156,17.06002642,,,,0,0,0.001824943,0,0,0,0,0,0,4.157321281
20,225,20225,0.020721841,0.001153766,0,0.022504422,0.111942313,6.975826905,0.003075905,1.509892876,1.027981233,,0.30361608,,0,0,0.017642097,0,0,0,0,0,0,2.304964701
20,226,20226,0.077235954,0.004300402,0,0.045008843,0.045033836,2.075397161,0.001237421,0.607422396,0.567185343,,,,0,0,0.007097328,0,0,0,0,0,0,9.999914441
20,227,20227,0.099841599,0.005559056,0,0.318276821,0.22306549,1.013300198,0.006129302,3.008737144,9.251831095,,,,0,0.000975103,0.035155099,0,0,0,0,0,0,3.006781022
20,228,20228,0.005023477,0.000279701,0,0,0.014223171,0.67345412,0.000390818,0.191844031,0,,,,0,0,0.00224157,0,0,0,0,0,0,0.045460979
20,229,20229,0.005651411,0.000314664,0,0.016074587,0.128008539,6.060041802,0.003517366,1.726596278,0.567185343,,,,0,0,0.020174133,0,0,0,0,0,0,0
20,230,20230,0.003767607,0.000209776,0,0.003214917,0.015880059,0.703176193,0.000436346,0.214192354,3.129085049,,,,0,0,0.002502696,0,0,0,0,0,0,0.849445213
20,231,20231,0.003139673,0.000174813,0,0.006429835,0.045201386,2.012741304,0.001242025,0.609682339,0,,,,0,0,0.007123734,0,0,0,0,0,0,0.00337452
20,232,20232,0.03014086,0.001678206,0,0.498312194,0.37901772,21.98598245,0.010414494,5.112241655,1.027981233,5.467650222,,,0,0,0.059733154,0,0,0,0,0,0,111.7715044
20,233,20233,0.009419019,0.000524439,0,0.038579009,0.029898446,1.619167195,0.000821537,0.403274232,7.195868629,,,,0,0,0.004711992,0,0,0,0,0,0,4.640386459
20,234,20234,0.000627935,3.50E-05,0,0.025719339,0.143274246,7.157842104,0.003936831,1.932502175,0,,,,0,0,0.022580007,0,0,0,0,0,0,0.636453705
20,235,20235,0.089166711,0.004964692,0,0.003214917,0.062552166,3.28651134,0.001718783,0.843711968,1.027981233,,,,0,0,0.009858215,0,0,0,0,0,0,0
20,236,20236,0.00816315,0.000454514,0,0.022504422,0.025020866,1.25030449,0.000687513,0.337484787,0,,,,0,0,0.003943286,0,0,0,0,0,0,0
20,237,20237,0.012558692,0.000699252,0,0.038579009,0.037196198,0.911326272,0.001022062,0.501707295,0.045141351,,,,0,0,0.005862117,0,0,0,0,0,0,1.92365239
20,238,20238,0,0,0,0.01285967,0.014539655,0.678374971,0.000399515,0.196112812,0,,,,0,0,0.002291448,0,0,0,0,0,0,2.219572605
20,239,20239,0.000627935,3.50E-05,0,0,0.018262998,1.095929035,0.000501823,0.246333762,1.027981233,,,,0,0,0.002878247,0,0,0,0,0,0,1.577983991
20,240,20240,0.004395542,0.000244738,0,0,0.048868879,2.674487471,0.001342799,0.659149975,0,,,,0,0,0.00770173,0,0,0,0,0,0,1.881800162
20,241,20241,0.008791084,0.000489477,0,0.006429835,0.016531644,0.760288052,0.00045425,0.22298102,1.027981233,,0.259,,0,0,0.002605385,0,0,0,0,0,0,0.804964998
20,242,20242,0.007535215,0.000419551,0,0.025719339,0.26592117,13.83864274,0.007306873,3.586780284,1.027981233,,,,0,0,0.04190915,0,0,0,0,0,0,2.309622934
20,243,20243,0.136889739,0.00762185,0,0.01285967,0.028986227,0.787379593,0.000796472,0.3909701,3.083943698,,,,0,0,0.004568226,0,0,0,0,0,0,6.007643183
20,244,20244,0.008791084,0.000489477,0,0.016074587,0.072419025,3.045702863,0.0019899,0.976797487,2.055962466,2.017823296,,,0,0,0.011413231,0,0,0,0,0,0,0.404886844
20,245,20245,0.000627935,3.50E-05,0,0.01285967,0.020683171,0.982772863,0.000568324,0.27897738,4.111924931,,,,0,0,0.003259666,0,0,0,0,0,0,2.086411053
20,246,20246,0.030768795,0.001713168,0,0,0.009997176,0.395360783,0.000274698,0.134843252,0,,0.5697174,,0,0,0.001575554,0,0,0,0,0,0,0.000702118
20,247,20247,0.012558692,0.000699252,0,0.131811613,0.024052797,0.308473077,0.000660913,0.32442734,0.045141351,,0.6449532,,0,0,0.003790718,0,0,0,0,0,0,0.001279052
20,248,20248,0.118679636,0.006607935,0,0.263623225,0.26342653,12.71700648,0.007238326,3.553132247,1.027981233,,,,0,0,0.041515995,0,0,0,0,0,0,3.244342033
20,249,20249,0.020093907,0.001118804,0,0.016074587,0.066219659,3.160228272,0.001819557,0.893179604,0,,,,0,0,0.010436212,0,0,0,0,0,0,0.324264639
20,250,20250,0.009419019,0.000524439,0,0,0.020106053,0.697204285,0.000552466,0.271193133,3.083943698,,,,0,0,0.003168712,0,0,0,0,0,0,4.442536462
20,251,20251,0.029512925,0.001643243,0,0.006429835,0.02001297,0.997529766,0.000549908,0.269937609,0,,,,0,0,0.003154042,0,0,0,0,0,0,0.57508061
20,252,20252,0.011302822,0.000629327,0,0.032149174,0.031890434,1.513514007,0.000876272,0.430142441,0,,,,0,0,0.005025929,0,0,0,0,0,0,1.711291086
20,253,20253,0.013814561,0.000769178,0,0.045008843,0.046206689,2.297013637,0.001269648,0.623241996,0,,0.27376,,0,0,0.00728217,0,0,0,0,0,0,6.998438361
20,254,20254,0.035164337,0.001957907,0,0.057868513,0.050097583,2.427441998,0.001376561,0.675722889,0,,,,0,0,0.007895374,0,0,0,0,0,0,0
20,255,20255,0.016326299,0.000909028,0,0.016074587,0.034254757,1.469263968,0.000941238,0.462032744,0.045141351,,,,0,0,0.005398546,0,0,0,0,0,0,3.608592074
20,256,20256,0.005023477,0.000279701,0,0,0.004188761,0.23642461,0.000115097,0.056498569,0.045141351,,,,0,0,0.000660148,0,0,0,0,0,0,0.536328547
20,257,20257,0.011302822,0.000629327,0,0.01285967,0.016419943,0.815271265,0.00045118,0.221474392,0,,,,0,0,0.002587781,0,0,0,0,0,0,0.001627389
20,258,20258,0.009419019,0.000524439,0,0.035364091,0.014651355,0.777371034,0.000402584,0.19761944,1.073122584,,,,0,0,0.002309052,0,0,0,0,0,0,0.858745708
20,259,20259,0.061537589,0.003426336,0,0.06108343,0.040751991,1.992187092,0.001119767,0.549668303,1.027981233,,,,0,0,0.00642251,0,0,0,0,0,0,1.030804866
20,260,20260,0.00816315,0.000454514,0,0.009644752,0.04654179,2.570357051,0.001278856,0.627761881,0.567185343,,,,0,0,0.007334981,0,0,0,0,0,0,0.002677845
20,261,20261,0.03014086,0.001678206,0,0.009644752,0.113673667,5.658018908,0.003123479,1.533245618,0,,,,0,0,0.017914959,0,0,0,0,0,0,6.621952465
20,262,20262,0.089794645,0.004999654,0,0.099662439,0.018020981,0.876074451,0.000495173,0.2430694,0,,,,0,0,0.002840105,0,0,0,0,0,0,0.00084363
20,263,20263,0.048978897,0.002727084,0,0.054653595,0.051959254,2.404680461,0.001427715,0.700833364,0,,,,0,0,0.008188773,0,0,0,0,0,0,0
20,264,20264,0.001255869,6.99E-05,0,0.006429835,0.035669628,1.892179939,0.000980115,0.481116706,0,,,,0,0,0.00562153,0,0,0,0,0,0,2.75914686
20,265,20265,0.005023477,0.000279701,0,0.01285967,0.131657415,5.577386905,0.003617629,1.775812809,1.027981233,,23.23771466,,0,0,0.020749195,0,0,0,0,0,0,32.51933473
20,266,20266,0.018838037,0.001048879,0,0.118951943,0.135734476,7.612918729,0.003729656,1.83080475,2.055962466,,1.5180804,,0,0,0.02139174,0,0,0,0,0,0,8.168057996
20,267,20267,0.005023477,0.000279701,0,0.009644752,0.00487758,0.12897364,0.000134024,0.065789445,0,,,,0,0,0.000768706,0,0,0,0,0,0,0.000217711
20,268,20268,0.012558692,0.000699252,0,0.009644752,0.013515736,0.511348536,0.00037138,0.18230205,8.223849862,,,,0,0,0.002130079,0,0,0,0,0,0,5.557809802
20,269,20269,0.014442495,0.00080414,0,0.083587852,0.053206574,2.850890153,0.001461988,0.717657382,9.251831095,,,,0,0,0.008385351,0,0,0,0,0,0,4.037964928
20,270,20270,0.028257056,0.001573318,0,0.006429835,0.021874641,1.071303695,0.000601062,0.295048084,0,,,,0,0,0.003447441,0,0,0,0,0,0,2.232118808
20,271,20271,0.001883804,0.000104888,0,0.01285967,0.047063058,2.794468351,0.001293179,0.634792814,0.567185343,,,,0,0,0.007417133,0,0,0,0,0,0,10.31065461
20,272,20272,0,0,0,0.048223761,0.100716433,5.212492299,0.002767445,1.358476711,0,,4.17065402,,0,0,0.0158729,0,0,0,0,0,0,4.857348939
20,273,20273,0.005023477,0.000279701,0,0.045008843,0.059424557,3.29157973,0.001632844,0.80152637,4.157066282,,0.11025116,,0,0,0.009365304,0,0,0,0,0,0,26.77100504
20,274,20274,0.004395542,0.000244738,0,0,0.02647297,1.125912483,0.000727413,0.357070958,0.045141351,,,,0,0,0.004172137,0,0,0,0,0,0,2.945156761
20,275,20275,0.005651411,0.000314664,0,0.048223761,0.121865022,5.444186281,0.003348557,1.643731709,0,,1.0424249,,0,0,0.019205915,0,0,0,0,0,0,0.015038385
20,276,20276,0.005023477,0.000279701,0,0.006429835,0.014576889,0.696915066,0.000400538,0.196615021,0,,,,0,0,0.002297316,0,0,0,0,0,0,0.073874091
20,277,20277,0.020721841,0.001153766,0,0.292557482,0.213701282,11.84515785,0.005871996,2.882431453,6.931744895,,10.72180412,,0,0,0.033679301,0,0,0,0,0,0,0
20,278,20278,0.069072804,0.003845888,0,0.604404468,0.657709957,34.64079886,0.018072285,8.871279799,34.22644229,132.7857911,,,0,0,0.103655023,0,0,0,0,0,0,78.63663484
20,279,20279,0.043327486,0.002412421,0,0.022504422,0.051996488,2.686099135,0.001428738,0.701335574,0,,0.41495736,,0,0,0.008194641,0,0,0,0,0,0,0
20,280,20280,0.013186626,0.000734215,0,0.128596695,0.039411588,1.608473301,0.001082935,0.531588761,0,,,,0,0,0.006211262,0,0,0,0,0,0,0.003461604
20,281,20281,0.001883804,0.000104888,0,0,0.003890894,0.134710223,0.000106912,0.052480893,0.045141351,,,,0,0,0.000613204,0,0,0,0,0,0,0.930049503
20,282,20282,0,0,0,0,0.012305649,0.580226586,0.00033813,0.165980241,0,,,,0,0,0.001939369,0,0,0,0,0,0,3.384184362
20,283,20283,0.05337444,0.002971822,0,0,0.01779758,0.891923233,0.000489035,0.240056143,0.612326694,,,,0,0,0.002804897,0,0,0,0,0,0,2.077110558
20,284,20284,0.065305197,0.003636112,0,0.01285967,0.068658448,3.815168788,0.001886569,0.926074327,0,,,,0,0,0.010820565,0,0,0,0,0,0,2.349787531
20,285,20285,0.020093907,0.001118804,0,0.045008843,0.058363404,2.575671274,0.001603686,0.787213399,3.083943698,,6.600467,,0,0,0.009198067,0,0,0,0,0,0,2.069327045
20,286,20286,0.020721841,0.001153766,0,0.01285967,0.058140004,2.255990059,0.001597547,0.784200142,0,,,,0,0,0.009162859,0,0,0,0,0,0,1.010653794
20,287,20287,0.001883804,0.000104888,0,0,0.005975966,0.331736826,0.000164205,0.080604626,1.027981233,,,,0,0,0.000941812,0,0,0,0,0,0,0.471225082
20,288,20288,0,0,0,0,0.012510433,0.610346658,0.000343757,0.168742394,0,,,,0,0,0.001971643,0,0,0,0,0,0,0.001382465
20,289,20289,0.004395542,0.000244738,0,0.003214917,0.019082134,0.91003219,0.000524331,0.257382371,0,,,,0,0,0.003007342,0,0,0,0,0,0,0
20,290,20290,0.005023477,0.000279701,0,0.01285967,0.016457177,0.321998025,0.000452204,0.221976601,2.055962466,,,,0,0,0.002593649,0,0,0,0,0,0,0.764190675
20,291,20291,0.002511738,0.00013985,0,0.035364091,0.072307325,3.294293977,0.001986831,0.975290858,0.045141351,,4.9672408,,0,0,0.011395627,0,0,0,0,0,0,0
20,292,20292,0,0,0,0,0.022768244,1.325763486,0.000625616,0.307101112,0,,0.24279745,,0,0,0.003588273,0,0,0,19.0421,1.7536,0,5.895184838
20,293,20293,0.057769982,0.003216561,0,0.180035373,0.270649816,1.199110426,0.007436805,3.650560891,0.567185343,,0.18070134,,0,0.001173682,0.042654384,0,0,0,8.5876,0.7908,0,3.533559587
20,294,20294,0.048978897,0.002727084,0,0.244333721,0.11467897,0.808555405,0.003151102,1.546805275,1.027981233,,1.7276234,,0,0,0.018073394,0,0,0,8.0275,0.7393,0,9.730606299
20,295,20295,0.116795832,0.006503047,0,0.379360251,0.145675802,2.87173028,0.00400282,1.964894688,79.15455492,,,,0,0,0.022958492,0,0,0,0,0,0,16.37156753
20,296,20296,0.00816315,0.000454514,0,0.035364091,0.016755044,0.763330815,0.000460388,0.225994277,0.567185343,,,,0,0,0.002640593,0,0,0,0,0,0,0.000892615
20,297,20297,0.00690728,0.000384589,0,0.022504422,0.046932741,2.329941874,0.001289599,0.633035081,0,,,,0,0,0.007396595,0,0,0,0,0,0,3.044362041
20,298,20298,0.911133079,0.050730757,0,0.623693972,0.206105662,4.368795619,0.005663287,2.779980714,2.101103817,,,,0,0,0.032482232,0,0,0,0,0,20.23634478,9.96144185
20,299,20299,0.221660908,0.012341804,0,0.025719339,0.018188531,0.789494136,0.000499777,0.245329343,0,,,,0,0,0.002866511,0,0,0,0,0,0,0.001344365
20,300,20300,0.118051702,0.006572972,0,0.086802769,0.099636664,4.661422121,0.002737775,1.343912635,0,,,,0,0,0.015702728,0,0,0,0,0,0,0
20,301,20301,0.029512925,0.001643243,0,0.064298348,0.027292106,1.120638642,0.000749921,0.368119567,9.251831095,,,,0,0,0.004301233,0,0,0,0,0,0,9.422825564
20,302,20302,0.013814561,0.000769178,0,0.070728182,0.062440465,3.32459449,0.001715714,0.84220534,0,,,,0,0,0.009840611,0,0,0,0,0,0,1.466308864
20,303,20303,0.041443682,0.002307533,0,0.016074587,0.017090145,0.630620753,0.000469596,0.230514163,0,,,,0,0,0.002693405,0,0,0,0,0,0,0.000506178
20,304,20304,0,0,0,0.009644752,0.015749742,0.871028011,0.000432765,0.212434621,2.055962466,,,,0,0,0.002482158,0,0,0,0,0,0,2.046108908
20,305,20305,0.074096281,0.004125589,0,0.128596695,0.073964212,1.200019352,0.002032358,0.997639181,16.44769972,,,,0,0,0.011656752,0,0,0,19.6021,1.8052,0,11.68682321
20,306,20306,0.006279346,0.000349626,0,0.025719339,0.071227555,3.570238609,0.001957162,0.960726783,0,,1.5235249,,0,0,0.011225456,0,0,0,0,0,0,1.520933957
20,307,20307,0.019465972,0.001083841,0,0.067513265,0.159750039,6.940458408,0.004389546,2.154729881,2.146245167,,0.0518,,0,0,0.02517659,0,0,0,0,0,8.73930874,10.05266571
20,308,20308,0.042071617,0.002342495,0,0.141456365,0.051624153,2.158415562,0.001418507,0.696313479,3.083943698,,,,0,0,0.008135961,0,0,0,0,0,0.882108005,3.959535658
20,309,20309,0.048350963,0.002692121,0,0.202539795,0.211597593,12.16114278,0.005814192,2.854056616,0,,,,0,0,0.033347759,0,0,0,0,0,0,21.00758555
20,310,20310,0.09042258,0.005034617,0,0.093232604,0.111532745,3.342921753,0.003064651,1.504368572,9.251831095,,,,0,0,0.017577549,0,0,0,0,0,0,7.031606012
20,311,20311,0.069700739,0.00388085,0,0.006429835,0.004635562,0.240216721,0.000127374,0.062525083,0.567185343,,,,0,0,0.000730564,0,0,0,22.7758,2.0975,0,0.076360238
20,312,20312,0.023861514,0.001328579,0,0.032149174,0.200744048,10.25215341,0.005515963,2.707662546,0,,,,0,0,0.031637242,0,0,0,0,0,0,1.930086613
20,313,20313,0.299524796,0.016677168,0,0,0.014725822,0.79401401,0.00040463,0.198623859,0,,,,0,0,0.002320788,0,0,0,0,0,0,0.093408105
20,314,20314,0.017582168,0.000978953,0,0.192895043,0.029917063,1.093319211,0.000822049,0.403525337,0.045141351,,1.3674982,,0,0,0.004714926,0,0,0,0,0,0,0.610515743
20,315,20315,0.003139673,0.000174813,0,0.003214917,0.031611184,1.603078475,0.000868599,0.42637587,4.111924931,,,,0,0,0.004981919,0,0,0,0,0,0,7.366021617
20,316,20316,0.001883804,0.000104888,0,0,0.013050318,0.696801668,0.000358591,0.176024431,0,,,,0,0,0.002056729,0,0,0,0,0,0,0
20,317,20317,0,0,0,0.003214917,0.024555448,1.606713845,0.000674725,0.331207168,1.027981233,,,,0,0,0.003869936,0,0,0,0,0,0,1.432276235
20,318,20318,0.343480217,0.019124551,0,6.150136951,0.652497277,9.759474369,0.017929053,8.800970468,28.78347452,,13.2233452,,0,0,0.102833505,7.03755,0.873,2,0,0,1.099934994,0.429503181
20,319,20319,0.008791084,0.000489477,0,0.028934256,0.019249684,1.138191061,0.000528935,0.259642314,0,,,,0,0,0.003033748,0,0,0,0,0,0,0
20,320,20320,0.009419019,0.000524439,0,0.01285967,0.013087551,0.664274678,0.000359614,0.176526641,2.055962466,,,,0,0,0.002062597,0,0,0,0,0,0,0.768840923
20,321,20321,0.001255869,6.99E-05,0,0,0.014818906,0.7867751,0.000407188,0.199879383,0,,,,0,0,0.002335458,0,0,0,0,0,0,1.106758909
20,322,20322,0.005651411,0.000314664,0,0.003214917,0.017276312,0.860117674,0.000474711,0.23302521,0,,,,0,0,0.002722745,0,0,0,0,0,0,0.146327526
20,323,20323,0.001883804,0.000104888,0,0.009644752,0.045331703,2.039707101,0.001245606,0.611440072,0,,2.2954812,,0,0,0.007144272,0,0,0,0,0,0,0.005132536
20,324,20324,0.162635057,0.009055318,0,2.420832788,0.736216648,28.20713512,0.02022946,9.93018854,0,,2.13608844,,0,0,0.116027669,0,0,0,0,0,0,7.842449599
20,325,20325,0.154471907,0.008600804,0,0.1478862,0.190318687,9.226562854,0.005229499,2.567043884,0,,,,0,0,0.029994206,0,0,0,0,0,0,5.628836125
20,326,20326,0.001883804,0.000104888,0,0.016074587,0.090197989,5.531472886,0.002478423,1.216602526,0,,,,0,0,0.014215194,0,0,0,0,0,0,0.988065964
20,327,20327,0.055258243,0.00307671,0,0.536891203,0.261062207,6.657088215,0.007173361,3.521241943,77.18887516,,,,0,0,0.041143378,0,0,0,69.6343,6.4127,0,95.61619357
20,328,20328,0.149448431,0.008321103,0,0,0.020943805,1.103872774,0.000575485,0.282492846,1.027981233,,,,0,0,0.003300742,0,0,0,0,0,0,6.510746307
20,329,20329,0.012558692,0.000699252,0,0.035364091,0.023885247,1.087391931,0.000656309,0.322167397,1.073122584,,,,0,0,0.003764312,0,0,0,0,0,0,3.075363692
20,330,20330,0.005651411,0.000314664,0,0.016074587,0.078785942,4.498978368,0.002164848,1.062675312,0,,,,0,0,0.012416656,0,0,0,0,0,0,0.514277324
20,331,20331,0.001883804,0.000104888,0,0.016074587,0.011430664,0.727651501,0.000314087,0.154178318,2.055962466,,,,0,0,0.001801471,0,0,0,0,0,0,1.860099007
20,332,20332,0.001255869,6.99E-05,0,0,0.006776485,0.345114764,0.000186201,0.09140213,4.111924931,,,,0,0,0.001067973,0,0,0,0,0,0,0.861845873
20,333,20333,0.022605645,0.001258654,0,0.151101117,0.046802424,1.669593459,0.001286018,0.631277348,1.027981233,,,,0,0,0.007376057,0,0,0,0,0,0,7.469601672
20,334,20334,0.179589291,0.009999308,0,1.446712822,0.725102469,32.44368639,0.019924069,9.780279003,185.6038072,,2.0480536,,0,0,0.114276076,0,0,0,0,0,0,30.94029522
20,335,20335,0.001883804,0.000104888,0,0,0.017164612,0.848894663,0.000471642,0.231518582,0,,,,0,0,0.002705141,0,0,0,0,0,0,0.002579875
20,336,20336,0.00816315,0.000454514,0,0.028934256,0.051828937,2.666044168,0.001424134,0.699075631,0.567185343,,,,0,0,0.008168235,0,0,0,0,0,0,0.002971755
20,337,20337,0.029512925,0.001643243,0,0.33113649,0.077147671,3.346917203,0.002119832,1.040578094,0,,0.7590402,,0,0,0.012158465,0,0,0,0,0,0,0.00545366
20,338,20338,0.235475469,0.013110981,0,0.951615545,0.137800931,0.54277089,0.003786438,1.858677378,0,,,,0,0,0.021717413,0,0,0,5.6006,0.5158,0,2.616136243
20,339,20339,0.168914403,0.009404944,0,0.337566325,0.065810091,2.405665958,0.001808303,0.8876553,6.348452801,,,,0,0,0.010371664,0,0,0,0,0,21.56820511,3.661294879
20,340,20340,0.015698365,0.000874065,0,0.006429835,0.030792048,1.288006352,0.000846091,0.415327261,2.101103817,,,,0,0,0.004852824,0,0,0,0,0,0,3.244322685
20,341,20341,0.001255869,6.99E-05,0,0.022504422,0.004784496,0.198914103,0.000131466,0.064533921,1.027981233,,,,0,0,0.000754036,0,0,0,0,0,0,0.899047853
20,342,20342,0.005651411,0.000314664,0,0.016074587,0.034217524,1.161181458,0.000940215,0.461530535,4.111924931,,,,0,0,0.005392678,0,0,0,0,0,0,1.888116429
20,343,20343,0.004395542,0.000244738,0,0,0.02647297,0.259284457,0.000727413,0.357070958,6.167887397,,,,0,0,0.004172137,0,0,0,0,0,0,3.480289844
20,344,20344,0.008791084,0.000489477,0,0.006429835,0.048719946,2.412837685,0.001338707,0.657141137,0,,5.0857338,,0,0,0.007678259,0,0,0,0,0,0,0
20,345,20345,0.010674888,0.000594364,0,0.041793926,0.06042986,2.544057416,0.001660467,0.815086026,0,,,,0,0,0.00952374,0,0,0,0,0,0,1.274585499
20,346,20346,0.017582168,0.000978953,0,0.01285967,0.024704382,1.195754793,0.000678817,0.333216006,0,,,,0,0,0.003893408,0,0,0,0,0,0,2.504933329
20,347,20347,0.06028172,0.003356411,0,0.019289504,0.056762367,3.175923155,0.001559693,0.76561839,0,,0.01338867,,0,0,0.008945743,0,0,0,0,0,0,0
20,348,20348,0.043955421,0.002447383,0,0.141456365,0.115944907,4.637130007,0.003185887,1.563880398,6.167887397,,,,0,0,0.018272906,0,0,0,0,0,0,5.702753539
20,349,20349,0.047095094,0.002622196,0,0.01285967,0.034291991,1.254540336,0.000942261,0.462534954,4.111924931,,,,0,0,0.005404414,0,0,0,0,0,0,2.95943014
20,350,20350,0.140029412,0.007796664,0,0.925896206,0.295782383,0.125177207,0.008127387,3.989552307,0,,,,0,0.001400732,0.046615274,0,0,0,0,0,0.902865442,0.84047816
20,351,20351,0.003139673,0.000174813,0,0.016074587,0.03259787,1.344078589,0.000895711,0.439684422,1.027981233,,0.6445067,,0,0,0.005137421,0,0,0,0,0,0,0
20,352,20352,0.06844487,0.003810925,0,0.019289504,0.050972568,2.551388688,0.001400603,0.687524812,0,,,,0,0,0.008033272,0,0,0,0,0,0,1.181162869
20,353,20353,0.001255869,6.99E-05,0,0.009644752,0.030512797,1.310742934,0.000838418,0.411560689,1.073122584,,,,0,0,0.004808814,0,0,0,0,0,0,0
20,354,20354,0.000627935,3.50E-05,0,0.003214917,0.011486514,0.549330846,0.000315622,0.154931632,0,,,,0,0,0.001810273,0,0,0,0,0,0,0.100156219
20,355,20355,0.001883804,0.000104888,0,0,0.014353488,0.6764264,0.000394399,0.193601764,0,,,,0,0,0.002262108,0,0,0,0,0,0,0.087015155
20,356,20356,0.189008309,0.010523748,0,0.096447521,0.033026054,1.306145263,0.000907476,0.445459831,2.101103817,,,,0,0,0.005204903,0,0,0,0,0,0,2.728594589
20,357,20357,0.015698365,0.000874065,0,0.019289504,0.019156601,0.92210992,0.000526377,0.25838679,1.027981233,,,,0,0,0.003019078,0,0,0,0,0,0,0
20,358,20358,0.03830401,0.00213272,0,0.019289504,0.029395794,1.287625097,0.000807726,0.396494404,7.195868629,,6.53607802,,0,0,0.004632774,0,0,0,0,0,0,5.800483073
20,359,20359,0.001255869,6.99E-05,0,0.003214917,0.015824209,0.828999975,0.000434811,0.21343904,0.045141351,,,,0,0,0.002493894,0,0,0,0,0,0,0.000707561
20,360,20360,0.018838037,0.001048879,0,0.028934256,0.056836834,2.336260069,0.001561739,0.766622809,11.30779356,,,,0,0,0.008957479,0,0,0,0,0,0,4.782439105
20,361,20361,0.014442495,0.00080414,0,0.006429835,0.019212451,0.963672564,0.000527912,0.259140105,1.027981233,,3.603447,,0,0,0.00302788,0,0,0,0,0,0,0
20,362,20362,0.011930757,0.00066429,0,0.032149174,0.023121961,0.986303237,0.000635336,0.311872103,1.073122584,,,,0,0,0.003644019,0,0,0,0,0,0,0
20,363,20363,0.017582168,0.000978953,0,0.109307191,0.046523173,2.186215764,0.001278345,0.627510776,1.640307927,,0.58149073,,0,0,0.007332047,0,0,0,0,0,0,0.003124152
20,364,20364,0.059653785,0.003321449,0,1.202379101,0.275881113,12.35954704,0.007580548,3.721121326,0,,24.8382617,,0,0,0.043478836,0,0,0,0,0,0,13.52238817
20,365,20365,0.001883804,0.000104888,0,0.083587852,0.018914583,1.022040163,0.000519727,0.255122428,0.612326694,,0.10120536,,0,0,0.002980936,0,0,0,0,0,0,0.003341863
20,366,20366,0.006279346,0.000349626,0,0.041793926,0.078934876,4.543636776,0.00216894,1.06468415,0,,,,0,0,0.012440128,0,0,0,0,0,0,1.284225221
20,367,20367,0.036420206,0.002027832,0,0.090017687,0.085990611,5.19370146,0.002362815,1.159852851,0.045141351,,,,0,0,0.013552112,0,0,0,0,0,0,1.509152074
20,368,20368,0.031396729,0.001748131,0,0.048223761,0.031760117,1.351732372,0.000872692,0.428384708,1.027981233,,,,0,0,0.005005391,0,0,0,0,0,0,2.474083597
20,369,20369,0.004395542,0.000244738,0,0.01285967,0.027031472,0.419991845,0.00074276,0.364604101,5.139906164,,1.756783,,0,0,0.004260157,0,0,0,0,0,0,2.781864331
20,370,20370,0.003767607,0.000209776,0,0.01285967,0.010592911,0.516940319,0.000291068,0.142878604,2.055962466,,,,0,0,0.001669442,0,0,0,0,0,0,1.145510972
20,371,20371,0.004395542,0.000244738,0,0.054653595,0.018132681,0.904983381,0.000498242,0.244576029,1.027981233,,,,0,0,0.002857709,0,0,0,0,0,0,1.057156269
20,372,20372,0.004395542,0.000244738,0,0.051438678,0.035539311,1.785661442,0.000976535,0.479358972,0,,3.3414537,,0,0,0.005600992,0,0,0,0,0,0,2.449130359
20,373,20373,0.016326299,0.000909028,0,0,0.007167436,0.32606407,0.000196944,0.09667533,0,,,,0,0,0.001129587,0,0,0,0,0,0,0.802942738
20,374,20374,0.005651411,0.000314664,0,0,0.025374584,1.266288895,0.000697232,0.342255778,0,,0.4602134,,0,0,0.003999032,0,0,0,0,0,0,0.153430804
20,375,20375,0.059653785,0.003321449,0,0.289342564,0.182127332,0.28799439,0.00500442,2.456557793,0,,,,0,0.000755527,0.028703249,0,0,0,0,0,0,0.42615794
20,376,20376,0,0,0,0.028934256,0.006702018,0.298587767,0.000184155,0.090397711,0,,,,0,0,0.001056237,0,0,0,0,0,0,0.310016501
20,377,20377,0.032024664,0.001783093,0,0.093232604,0.193520762,8.857321593,0.005317484,2.610233902,3.280615854,,16.301001,,0,0,0.030498853,0,0,0,0,0,0,0
20,378,20378,0.014442495,0.00080414,0,0.016074587,0.05272254,2.518266587,0.001448688,0.711128659,5.139906164,,,,0,0,0.008309067,0,0,0,0,0,0,8.26864781
20,379,20379,0.001883804,0.000104888,0,0.01285967,0.051028418,3.086852568,0.001402138,0.688278126,0,,,,0,0,0.008042074,0,0,0,0,0,0,1.931402802
20,380,20380,0.013814561,0.000769178,0,0.032149174,0.034403691,0.918037282,0.000945331,0.464041583,5.139906164,,,,0,0,0.005422018,0,0,0,0,0,0,3.060050764
20,381,20381,0.025117383,0.001398505,0,0.022504422,0.042818447,0.968364625,0.001176548,0.577540931,1.118263935,,,,0,0,0.006748183,0,0,0,0,0,0.002220021,2.714194468
20,382,20382,0.001255869,6.99E-05,0,0.025719339,0.021874641,0.997698955,0.000601062,0.295048084,0,,,,0,0,0.003447441,0,0,0,0,0,0,1.302069305
20,383,20383,0.000627935,3.50E-05,0,0,0.009941326,0.641208905,0.000273164,0.134089938,1.027981233,,,,0,0,0.001566752,0,0,0,0,0,0,1.007553629
20,384,20384,0.363574123,0.020243355,0,0.022504422,0.072605192,2.897553941,0.001995016,0.979308534,3.129085049,,,,0,0,0.011442571,0,0,0,0,0,0,0
20,385,20385,0.542535479,0.030207701,0,1.758559808,1.313390692,3.724219546,0.036088812,17.71518918,18.50366219,,,,0,0.0054983,0.206990241,0,0,0,14.7483,1.3582,0.008197,2.817377493
20,386,20386,0.010046953,0.000559402,0,0.025719339,0.335938639,16.26169175,0.009230784,4.531185258,0.612326694,,9.84724,,0,0,0.052943896,0,0,0,0,0,0,0
20,387,20387,0.018210103,0.001013916,0,0.067513265,0.045834355,1.337153233,0.001259418,0.6182199,20.60476601,,,,0,0,0.00722349,0,0,0,0,0,0,12.00936751
20,388,20388,0.001255869,6.99E-05,0,0,0.043153548,2.482205523,0.001185756,0.582060816,0,,,,0,0,0.006800995,0,0,0,0,0,0,5.593322964
20,389,20389,0.006279346,0.000349626,0,0.003214917,0.016736428,0.911079496,0.000459877,0.225743172,4.111924931,,,,0,0,0.002637659,0,0,0,0,0,0,2.160384002
20,390,20390,0.960111977,0.053457841,0,3.603922385,0.84283458,0.451910528,0.023159064,11.36826546,1.027981233,,,,0,0.003869807,0.132830645,0,0,0,6.534,0.6017,5.849157497,0.272267573
20,391,20391,0.001883804,0.000104888,0,0.025719339,0.060020292,2.973324281,0.001649213,0.809561722,0,,1.18483528,,0,0,0.009459192,0,0,0,0,0,0,0
20,392,20392,0.006279346,0.000349626,0,0.051438678,0.11836508,5.428409017,0.003252387,1.596524016,0,,,,0,0,0.018654325,0,0,0,0,0,0,0
20,393,20393,0.013186626,0.000734215,0,0.003214917,0.067876546,3.402862455,0.001865084,0.915527927,9.251831095,,,,0,0,0.010697337,0,0,0,0,0,0,5.392081714
20,394,20394,0.000627935,3.50E-05,0,0.009644752,0.047063058,2.067206295,0.001293179,0.634792814,0,,,,0,0,0.007417133,0,0,0,0,0,0,0.010793021
20,395,20395,0.018210103,0.001013916,0,0,0.028613892,1.424655374,0.000786241,0.385948004,1.027981233,,,,0,0,0.004509547,0,0,0,0,0,0,3.118766002
20,396,20396,0.011930757,0.00066429,0,0.038579009,0.060634644,3.025839492,0.001666094,0.817848179,0,,0.51560536,,0,0,0.009556014,0,0,0,0,0,0,0.58673076
20,397,20397,0.34661989,0.019299364,0,1.713550964,0.676829324,19.02058806,0.018597639,9.12916438,23.64356835,,12.93784586,,0,0,0.106668233,0,0,0,0,0,0.33863858,7.376842645
20,398,20398,0.05337444,0.002971822,0,0.13502653,0.075974818,2.866316936,0.002087605,1.024758495,23.64356835,,1.44217638,,0,0,0.011973624,0,0,0,0,0,0,10.93213494
20,399,20399,0.776127144,0.043213794,0,0.469377938,0.402344465,2.835883415,0.011055457,5.42687591,5.185047515,,,,0,0.001570841,0.063409447,0,0,0,0,0,0,2.775945471
20,400,20400,0.013814561,0.000769178,0,0.025719339,0.022917177,0.732894955,0.000629709,0.30910995,3.083943698,,,,0,0,0.003611745,0,0,0,0,0,0,0.759540428
20,401,20401,0.037676075,0.002097757,0,2.803407957,0.377249132,13.25298076,0.010365897,5.088386703,86.35042355,,,,0,0,0.059454425,0,0,0,0,0,0,11.06318791
20,402,20402,0.001883804,0.000104888,0,0.009644752,0.01779758,0.723761432,0.000489035,0.240056143,2.055962466,,,,0,0,0.002804897,0,0,0,0,0,0,1.174975036
20,403,20403,0.206590478,0.011502701,0,0.109307191,0.040063173,0.242922892,0.001100839,0.540377427,8.223849862,,,,0,0.000180786,0.006313952,0,0,0,0,0,0,1.130502313
20,404,20404,0.005023477,0.000279701,0,0,0.013255102,0.431920411,0.000364218,0.178786584,16.44769972,,,,0,0,0.002089003,0,0,0,0,0,0,4.00231303
20,405,20405,0.102981272,0.005733869,0,0.019289504,0.030717581,1.004859714,0.000844045,0.414322842,3.129085049,,,,0,0,0.004841088,0,0,0,0,0,0,0.930049503
20,406,20406,0.015698365,0.000874065,0,0.131811613,0.384267634,21.52405286,0.010558749,5.183053195,1.027981233,,0.5060268,,0,0,0.06056054,0,0,0,0,0,0,5.297979867
20,407,20407,0.008791084,0.000489477,0,0.019289504,0.168499896,10.11914218,0.004629971,2.272749114,0,,68.211887,,0,0,0.026555567,0,0,0,0,0,0,37.18207753
20,408,20408,0,0,0,0,0.008303055,0.490580797,0.000228148,0.11199272,0,,0.25971735,,0,0,0.001308561,0,0,0,0,0,0,0.57508061
20,409,20409,0.356038908,0.019823804,0,0.880887363,0.157292633,0.385980587,0.004322023,2.121584053,2.101103817,,,,0,0.000742004,0.024789303,0,0,0,0,0,0.337272413,3.166590249
20,410,20410,0.009419019,0.000524439,0,0.01285967,0.072791359,3.136536568,0.002000131,0.981819582,0,,,,0,0,0.011471911,0,0,0,0,0,0,0
20,411,20411,0.012558692,0.000699252,0,0.016074587,0.012454583,0.201013097,0.000342222,0.167989079,2.055962466,,,,0,0,0.001962841,0,0,0,0,0,0,1.06539485
20,412,20412,0.015698365,0.000874065,0,0.0739431,0.055421963,2.616627475,0.001522862,0.747538848,0,,,,0,0,0.008734496,0,0,0,0,0,0,18.63898471
20,413,20413,0.288221973,0.016047841,0,10.25558645,0.670518258,11.62068655,0.018424226,9.044039868,0,,3.9696005,,0,0,0.10567361,32.16213,8.687,142,0,0,0.25149175,7.192303887
20,414,20414,0.062793458,0.003496262,0,0.070728182,0.191286756,8.819427407,0.005256099,2.580101331,59.6229115,,,,0,0,0.030146773,0,0,0,0,0,0,7.408662097
20,415,20415,0.006279346,0.000349626,0,0.041793926,0.076160985,3.547357836,0.00209272,1.027269542,2.101103817,,,,0,0,0.012002964,0,0,0,0,0,0,0
20,416,20416,0.129354524,0.007202299,0,0,0.010704612,0.56791951,0.000294137,0.144385233,0,,,,0,0,0.001687046,0,0,0,9.3344,0.8596,0,0.049367782
20,417,20417,0.007535215,0.000419551,0,0.099662439,0.161034593,8.996584605,0.004424843,2.172056109,10.32495368,3.905464444,,,0,0,0.025379036,0,0,0,0,0,0,57.91267125
20,418,20418,0.085399103,0.004754916,0,0.61404922,0.214799668,5.848209358,0.005902177,2.897246634,8.791035205,,,,0,0,0.033852406,0,0,0,0,0,0,11.55896736
20,419,20419,0.00816315,0.000454514,0,0.003214917,0.010220577,0.439144722,0.000280837,0.137856509,0,,,,0,0,0.001610762,0,0,0,0,0,0,0.000696675
20,420,20420,0.003139673,0.000174813,0,0.028934256,0.031387783,1.730700012,0.000862461,0.423362613,0,,,,0,0,0.004946711,0,0,0,0,0,0,0
20,421,20421,0.033908467,0.001887981,0,0.13502653,0.080833781,1.912470549,0.002221118,1.090296835,9.296972446,,,,0,0,0.012739396,0,0,0,0,0,0,7.299769573
20,422,20422,0.003139673,0.000174813,0,0,0.010853545,0.65440696,0.000298229,0.146394071,1.073122584,,0.81802412,,0,0,0.001710518,0,0,0,0,0,0,1.162561879
20,423,20423,0,0,0,0,0.010611528,0.613743646,0.000291579,0.143129709,0.657468045,,,,0,0,0.001672376,0,0,0,0,0,0,0.961051154
20,424,20424,0.00690728,0.000384589,0,0.016074587,0.075993434,3.887556754,0.002088116,1.025009599,0,,0.93050485,,0,0,0.011976558,0,0,0,0,0,0,0
20,425,20425,0.001255869,6.99E-05,0,0.028934256,0.039653605,1.971924617,0.001089586,0.534853123,0,,,,0,0,0.006249404,0,0,0,0,0,0,0.282355299
20,426,20426,0.000627935,3.50E-05,0,0.022504422,0.155002777,8.153947616,0.004259103,2.090698169,0,,,,0,0,0.024428422,0,0,0,0,0,0,28.05539772
20,427,20427,0.064677262,0.00360115,0,0.279697812,0.260466473,2.780595315,0.007156991,3.513206591,2.101103817,,,,0,0,0.04104949,0,0,0,10.4545,0.9628,0,11.35120162
20,428,20428,0.00690728,0.000384589,0,0,0.030456947,1.476663543,0.000836884,0.410807375,0,,6.19177549,,0,0,0.004800012,0,0,0,0,0,0,0
20,429,20429,0.011930757,0.00066429,0,0.01285967,0.026603287,1.336272977,0.000730994,0.358828691,1.027981233,,,,0,0,0.004192675,0,0,0,0,0,0,0
20,430,20430,0.006279346,0.000349626,0,0.006429835,0.006106283,0.250464781,0.000167786,0.082362359,0.045141351,,12.890134,,0,0,0.00096235,0,0,0,0,0,0,0.930049503
20,431,20431,0.007535215,0.000419551,0,0.022504422,0.029395794,0.955754092,0.000807726,0.396494404,3.083943698,0.494692163,,,0,0,0.004632774,0,0,0,37.7108,3.4728,0,0.252166368
20,432,20432,0.001255869,6.99E-05,0,0.006429835,0.01655026,0,0.000454761,0.223232125,0,,,,0,0,0.002608319,0,0,0,0,0,0,0.001377022
20,433,20433,0,0,0,0.003214917,0.05419326,2.758847946,0.0014891,0.730965934,0,,,,0,0,0.008540852,0,0,0,0,0,0,1.317428709
20,434,20434,0.001255869,6.99E-05,0,0.006429835,0.082453435,4.107064763,0.002265622,1.112142949,0,,,,0,0,0.012994653,0,0,0,0,0,0,0.329236933
20,435,20435,0.003139673,0.000174813,0,0.016074587,0.041571127,2.065176255,0.001142274,0.560716912,0,,,,0,0,0.006551605,0,0,0,0,0,0,0.002503676
20,436,20436,0.198427328,0.011048187,0,0,0.016177926,0.935226378,0.00044453,0.21821003,0,,,,0,0,0.00254964,0,0,0,0,0,0,0.072453435
20,437,20437,0.079119757,0.00440529,0,0.189680126,0.176709868,8.350668029,0.004855561,2.38348631,0,,0.8915335,,0,0,0.027849457,0,0,0,0,0,0,0.007489257
20,438,20438,0.005023477,0.000279701,0,0.006429835,0.03010323,1.476520765,0.000827164,0.406036385,0,,,,0,0,0.004744266,0,0,0,0,0,0,0.122176381
20,439,20439,0.033280533,0.001853019,0,1.067352571,0.39296164,20.81176523,0.010797639,5.300319114,57.10615315,,2.08413082,,0,0,0.061930715,0,0,0,0,0,0,12.33402463
20,440,20440,0.002511738,0.00013985,0,0.009644752,0.015693892,0.80242691,0.00043123,0.211681306,0,,,,0,0,0.002473356,0,0,0,0,0,0,2.497184446
20,441,20441,0.433274862,0.024124206,0,0.302202234,0.156585198,5.703461166,0.004302584,2.112042073,8.223849862,,,,0,0,0.024677811,0,0,0,0,0,0,8.638260436
20,442,20442,0.001883804,0.000104888,0,0.003214917,0.00515683,0,0.000141697,0.069556016,0,,,,0,0,0.000812716,0,0,0,0,0,0,0.000234039
20,443,20443,0.005651411,0.000314664,0,0,0.007204669,0.366934663,0.000197967,0.097177539,0,,,,0,0,0.001135455,0,0,0,0,0,0,0.000642247
20,444,20444,0,0,0,0.009644752,0.007800404,0.366363238,0.000214336,0.105212891,0,,,,0,0,0.001229343,0,0,0,0,0,0,0.558029702
20,445,20445,0.006279346,0.000349626,0,0,0.022991644,1.143087494,0.000631755,0.310114369,0,,,,0,0,0.003623481,0,0,0,0,0,0,1.689589931
20,446,20446,0.003767607,0.000209776,0,0.009644752,0.11722946,5.851430683,0.003221183,1.581206626,0,,0.46807479,,0,0,0.018475351,0,0,0,0,0,0,8.246438931
20,447,20447,0.060909655,0.003391374,0,0.241118804,0.243097077,11.2637382,0.006679722,3.278925857,1.027981233,,,,0,0,0.038312075,0,0,0,0,0,0,0
20,448,20448,0,0,0,0,0.036991415,1.885445386,0.001016435,0.498945143,0,,,,0,0,0.005829843,0,0,0,0,0,0,0
20,449,20449,0.042699552,0.002377458,0,0.054653595,0.055421963,2.49298467,0.001522862,0.747538848,3.083943698,,,,0,0,0.008734496,0,0,0,0,0,0,12.54206493
20,450,20450,0.004395542,0.000244738,0,0.035364091,0.231405779,10.6008576,0.006358473,3.121232073,0,,,,0,0,0.036469527,0,0,0,0,0,0,0
20,451,20451,0.003767607,0.000209776,0,0.016074587,0.014148704,0.743065479,0.000388772,0.190839612,0,,,,0,0,0.002229834,0,0,0,0,0,0,2.77774785
20,452,20452,0.113028225,0.006293271,0,0.080372935,0.067615912,2.899498119,0.001857922,0.912012461,8.223849862,,,,0,0,0.010656261,0,0,0,11.2012,1.0315,0,6.824445902
20,453,20453,0.025745318,0.001433467,0,0.118951943,0.078097123,3.19289899,0.002145921,1.053384436,0,,1.00950134,,0,0,0.012308099,0,0,0,0,0,0.16354262,4.38305814
20,454,20454,0.008791084,0.000489477,0,0.016074587,0.064842022,3.260654698,0.001781703,0.874597853,0,,,,0,0,0.010219096,0,0,0,0,0,0,0.006776254
20,455,20455,0.042071617,0.002342495,0,0.019289504,0.042111011,2.154393855,0.001157109,0.56799895,1.027981233,,,,0,0,0.006636691,0,0,0,0,0,0,1.466378051
20,456,20456,0.13563387,0.007551925,0,0.025719339,0.029563345,0.986003913,0.000812329,0.398754347,0,,,,0,0,0.00465918,0,0,0,0,0,0,0.620033002
20,457,20457,0.002511738,0.00013985,0,0,0.057637353,3.186669011,0.001583736,0.777420314,0,,,,0,0,0.009083641,0,0,0,0,0,0,0.0112611
20,458,20458,0.001883804,0.000104888,0,0.003214917,0.024220347,1.340487641,0.000665517,0.326687283,0.045141351,,,,0,0,0.003817124,0,0,0,0,0,0,0.002977197
20,459,20459,0.080375627,0.004475215,0,0.237903886,0.07925136,2.443812294,0.002177636,1.068952931,1.073122584,,,,0,0,0.012490006,0,0,0,0,0,0.004696198,5.553170577
20,460,20460,0.007535215,0.000419551,0,0.041793926,0.095466519,4.44056829,0.00262319,1.28766517,2.055962466,,0.3795201,,0,0,0.015045514,0,0,0,0,0,0,20.13226949
20,461,20461,0.002511738,0.00013985,0,0.01285967,0.009568992,0.386725544,0.000262933,0.129067843,4.202207633,,,,0,0,0.001508072,0,0,0,0,0,0,1.143960889
20,462,20462,0.031396729,0.001748131,0,0.093232604,0.07068767,2.055679448,0.001942327,0.953444745,9.296972446,,,,0,0,0.01114037,0,0,0,0,0,0,2.821150161
20,463,20463,0.003139673,0.000174813,0,0,0.010630145,0.565529974,0.000292091,0.143380814,2.101103817,,,,0,0,0.00167531,0,0,0,25.7628,2.3725,0,2.526634484
20,464,20464,0.011302822,0.000629327,0,0,0.007390836,0.311675791,0.000203082,0.099688587,3.696270392,,,,0,0,0.001164795,0,0,0,0,0,0,1.636887126
20,465,20465,0.001883804,0.000104888,0,0.032149174,0.029954296,1.294798386,0.000823072,0.404027547,0,,,,0,0,0.004720794,0,0,0,0,0,0,0.006215648
20,466,20466,0.000627935,3.50E-05,0,0.003214917,0.230009525,9.515074602,0.006320108,3.102399216,0.045141351,,1.26869742,,0,0,0.036249478,0,0,0,0,0,0,3.702724428
20,467,20467,0.084143234,0.004684991,0,0.55296579,0.310359271,13.97958483,0.008527925,4.186167328,56.5389678,,,,0,0,0.04891259,0,0,0,0,0,0,19.8744296
20,468,20468,0.005023477,0.000279701,0,0.016074587,0.238126413,15.51236111,0.00654314,3.211880888,21.58760589,,,,0,0,0.037528699,0,0,0,0,0,0,43.443061
20,469,20469,0.104237141,0.005803794,0,1.03198848,0.685318547,28.24660327,0.018830903,9.243668147,6.319418201,,12.5078369,,0,0,0.108006134,0,0,0,0,0,0,5.561696031
20,470,20470,0.002511738,0.00013985,0,0.048223761,0.076738103,3.551584575,0.002108578,1.03505379,0,,7.1298368,,0,0,0.012093917,0,0,0,0,0,0,33.2025644
20,471,20471,0.006279346,0.000349626,0,0.009644752,0.00742807,0.337095797,0.000204105,0.100190796,0,,,,0,0,0.001170663,0,0,0,0,0,0,0.00084363
20,472,20472,0.010046953,0.000559402,0,0.125381778,0.051177352,1.454229424,0.00140623,0.690286964,0.045141351,,,,0,0,0.008065546,0,0,0,0,0,0,8.05491815
20,473,20473,0.007535215,0.000419551,0,0,0.022991644,1.282932704,0.000631755,0.310114369,0.567185343,,,,0,0,0.003623481,0,0,0,0,0,0,0.00149132
20,474,20474,0.010046953,0.000559402,0,0.022504422,0.054286344,2.147944637,0.001491658,0.732221458,16.49284108,,,,0,0,0.008555522,0,0,0,0,0,0,2.146444823
20,475,20475,0.222916777,0.012411729,0,0.221829299,0.163696783,6.459864974,0.004497993,2.207964088,29.81145575,,0.15300536,,0,0,0.025798597,0,0,0,0,0,0,11.42340034
20,476,20476,0.00690728,0.000384589,0,0.009644752,0.004598329,0.200018816,0.000126351,0.062022874,0,,,,0,0,0.000724696,0,0,0,0,0,0,0.412321947
20,477,20477,0,0,0,0.009644752,0.026863921,1.155710458,0.000738156,0.362344158,0,,1.4095335,,0,0,0.004233751,0,0,0,0,0,0,0
20,478,20478,0.003139673,0.000174813,0,0,0.034831876,1.914259843,0.000957096,0.469816992,1.118263935,,0.1554,,0,0,0.0054895,0,0,0,0,0,0,0.477695443
20,479,20479,0.001255869,6.99E-05,0,0,0.003462709,0.221449988,9.51E-05,0.046705484,0,,,,0,0,0.000545723,0,0,0,0,0,0,0.613832672
20,480,20480,0,0,0,0,0.015526341,0.881909531,0.000426626,0.209421364,0,,,,0,0,0.00244695,0,0,0,0,0,0,1.190463364
20,481,20481,0.006279346,0.000349626,0,0.032149174,0.038499369,1.806883165,0.00105787,0.519284628,0,,0.60870816,,0,0,0.006067497,0,0,0,0,0,0,7.827916654
20,482,20482,0.334061198,0.018600112,0,2.144349894,0.807164953,22.35704951,0.022178948,10.88714875,86.35042355,,,,0,0,0.127209115,0,0,0,0,0,0,19.259094
20,483,20483,0.032652598,0.001818056,0,0.160745869,0.163510616,3.688833969,0.004492878,2.205453041,7.763053973,,1.1854134,,0,0,0.025769257,0,0,0,32.2969,2.9743,0,11.0268367
20,484,20484,0.007535215,0.000419551,0,0.080372935,0.069552051,2.581921604,0.001911123,0.938127355,0,,,,0,0,0.010961396,0,0,0,0,0,0,3.523337536
20,485,20485,0,0,0,0.032149174,0.050600234,2.675714182,0.001390373,0.682502717,1.073122584,,,,0,0,0.007974592,0,0,0,0,0,0,1.806912384
20,486,20486,0.014442495,0.00080414,0,0.086802769,0.039914239,1.782299558,0.001096747,0.538368589,14.43687861,,,,0,0,0.00629048,0,0,0,0,0,0,4.315429696
20,487,20487,0.020093907,0.001118804,0,0.01285967,0.034664325,1.496614524,0.000952492,0.467557049,0,,,,0,0,0.005463094,0,0,0,0,0,0,6.303586197
20,488,20488,0.005023477,0.000279701,0,0,0.002085072,0.111056747,5.73E-05,0.028123732,0,,,,0,0,0.000328607,0,0,0,0,0,0,0.356518976
20,489,20489,0.001255869,6.99E-05,0,0.009644752,0.085115625,4.464532043,0.002338772,1.148050928,0.045141351,,,,0,0,0.013414214,0,0,0,0,0,0,2.195714515
20,490,20490,0.001255869,6.99E-05,0,0.006429835,0.054416661,2.710175999,0.001495239,0.733979191,0,,,,0,0,0.00857606,0,0,0,0,0,0,0.288037921
20,491,20491,0.014442495,0.00080414,0,0.016074587,0.080033262,4.341961348,0.002199121,1.079499331,1.134370686,,1.18421608,,0,0,0.012613234,0,0,0,0,0,0,0
20,492,20492,0.003139673,0.000174813,0,0,0.060262309,3.074274376,0.001655863,0.812826084,2.101103817,,0.518,,0,0,0.009497334,0,0,0,0,0,0,4.743252468
20,493,20493,0.005023477,0.000279701,0,0,0.008526456,0.107586751,0.000234286,0.115005977,15.0492053,,,,0,0,0.001343769,0,0,0,0,0,0,3.999212865
20,494,20494,0,0,0,0.003214917,0.082658219,4.689523479,0.002271249,1.114905101,0,,,,0,0,0.013026927,0,0,0,0,0,0,13.32927335
20,495,20495,0.005651411,0.000314664,0,0.057868513,0.051624153,2.625199701,0.001418507,0.696313479,0,,4.136207,,0,0,0.008135961,0,0,0,0,0,0,0
20,496,20496,0.005651411,0.000314664,0,0.016074587,0.030792048,1.087637373,0.000846091,0.415327261,1.179512037,,,,0,0,0.004852824,0,0,0,0,0,0,0.001953956
20,497,20497,0.001255869,6.99E-05,0,0.01285967,0.074522714,3.572297982,0.002047705,1.005172324,0,,,,0,0,0.011744772,0,0,0,0,0,0,1.424536734
20,498,20498,0.004395542,0.000244738,0,0.003214917,0.098426577,4.82516261,0.002704525,1.327590826,29.81145575,,63.8588387,,0,0,0.015512019,0,0,0,0,0,0,102.1772579
20,499,20499,0.046467159,0.002587234,0,0.115737026,0.038182884,1.039137949,0.001049174,0.515015847,2.055962466,,,,0,0,0.006017619,0,0,0,0,0,0,0.930049503
20,500,20500,0.024489449,0.001363542,0,0.154316034,0.134524389,6.891267791,0.003696406,1.814482941,0.567185343,,,,0,0,0.02120103,0,0,0,0,0,0,4.640947022
20,501,20501,0.00690728,0.000384589,0,0.009644752,0.012677984,0.565528767,0.00034836,0.171002336,0,,,,0,0,0.001998049,0,0,0,0,0,0,0.666535478
20,502,20502,0.014442495,0.00080414,0,0.022504422,0.093176663,4.332700779,0.00256027,1.256779286,0,,,,0,0,0.014684633,0,0,0,0,0,0,0.016883485
20,503,20503,0.01507043,0.000839103,0,0.003214917,0.007930721,0.345560832,0.000217917,0.106970625,0,,,,0,0,0.001249881,0,0,0,0,0,0,0.000277581
20,504,20504,0.013814561,0.000769178,0,0.01285967,0.025970319,1.26804658,0.000713602,0.35029113,1.640307927,,6.3015312,,0,0,0.00409292,0,0,0,0,0,0,0.001453221
20,505,20505,0.056514112,0.003146636,0,0.180035373,0.139290269,1.950320815,0.003827361,1.878765758,68.8747426,,,,0,0,0.021952132,0,0,0,0,0,0,25.80290745
20,506,20506,0.109260617,0.006083495,0,0.028934256,0.013478502,0.65094805,0.000370357,0.181799841,0,,,,0,0,0.002124211,0,0,0,0,0,0,3.705206535
20,507,20507,0.013814561,0.000769178,0,0.045008843,0.053802309,2.416630488,0.001478358,0.725692735,5.139906164,,,,0,0,0.008479238,0,0,0,0,0,0,1.820836427
20,508,20508,0.008791084,0.000489477,0,0.051438678,0.025504901,0.687259529,0.000700813,0.344013511,1.640307927,,,,0,0,0.00401957,0,0,0,0,0,0,10.65198997
20,509,20509,0.011302822,0.000629327,0,0.070728182,0.167289809,8.929904466,0.004596721,2.256427305,3.083943698,,,,0,0,0.026364857,0,0,0,0,0,0,5.312558046
20,510,20510,0.003139673,0.000174813,0,0.016074587,0.037177582,1.743396155,0.00102155,0.501456191,0,,,,0,0,0.005859183,0,0,0,0,0,0,0.56267995
20,511,20511,0.002511738,0.00013985,0,0.01285967,0.061323462,3.308872339,0.001685021,0.827139055,0,,,,0,0,0.009664571,0,0,0,0,0,0,5.27648085
20,512,20512,0.005023477,0.000279701,0,0.009644752,0.017369396,0.967653585,0.000477269,0.234280734,0,,,,0,0,0.002737415,0,0,0,0,0,0,0
20,513,20513,0.033280533,0.001853019,0,0.112522108,0.147407157,5.445452402,0.004050394,1.98824743,1.027981233,,13.38424813,,0,0,0.023231353,0,0,0,0,0,0,33.6900148
20,514,20514,0,0,0,0,0.015712508,0.773698889,0.000431742,0.211932411,0,,,,0,0,0.00247629,0,0,0,0,0,0,0.002095468
20,515,20515,0.545047218,0.030347551,0,2.832342213,1.120409815,22.15911656,0.030786162,15.11223732,21.76817129,,9.204268,,0,0,0.176576474,0,0,0,40.5111,3.7307,0.613284824,43.45100936
20,516,20516,0.006279346,0.000349626,0,0.067513265,0.070240869,3.503948766,0.00193005,0.947418231,0.045141351,,,,0,0,0.011069954,0,0,0,0,0,0,0
20,517,20517,0.00690728,0.000384589,0,0.038579009,0.068825999,3.2380559,0.001891173,0.92833427,0,,,,0,0,0.01084697,0,0,0,0,0,0,0.004522945
20,518,20518,0.003139673,0.000174813,0,0,0.002699424,0.102682758,7.42E-05,0.036410189,1.027981233,,,,0,0,0.000425429,0,0,0,0,0,0,0.930049503
20,519,20519,0.050862701,0.002831972,0,0.028934256,0.035557927,1.020313493,0.000977046,0.479610077,0,,,,0,0.000209612,0.005603926,0,0,0,0,0,0,1.740144922
20,520,20520,0.054002374,0.003006785,0,0.163960786,0.116819892,2.583901797,0.003209929,1.575682322,12.33577479,,,,0,0,0.018410803,0,0,0,0,0,12.12464097,6.11817565
20,521,20521,0,0,0,0,0.005324381,0.344949822,0.000146301,0.071815959,0,,,,0,0,0.000839122,0,0,0,0,0,0,0.531678299
20,522,20522,0.05337444,0.002971822,0,0.01285967,0.016773661,0.890162923,0.0004609,0.226245382,0,,,,0,0,0.002643527,0,0,0,0,0,0,0.001017799
20,523,20523,0.009419019,0.000524439,0,0.025719339,0.026491587,0.891141433,0.000727925,0.357322063,17.47568096,,,,0,0,0.004175071,0,0,0,0,0,0,5.626799496
20,524,20524,0.07535215,0.004195514,0,0,0.007465303,0.345914352,0.000205129,0.100693006,0,,,,0,0,0.001176531,0,0,0,0,0,0,1.300519222
20,525,20525,0.098585729,0.005489131,0,0.565825459,0.206012578,6.701338436,0.005660729,2.77872519,22.61558712,,,,0,0,0.032467562,0,0,0,12.1347,1.1175,0,52.93631476
20,526,20526,0.081003561,0.004510178,0,0.302202234,0.276849183,14.65413665,0.007607149,3.734178773,0,,,,0,0,0.043631403,0,0,0,0,0,0,9.612945254
20,527,20527,0.032024664,0.001783093,0,0.003214917,0.051791704,2.813097412,0.001423111,0.698573421,0,,5.1560536,,0,0,0.008162367,0,0,0,0,0,0,0.105483678
20,528,20528,0.014442495,0.00080414,0,0.009644752,0.019584785,0.837859029,0.000538143,0.2641622,1.027981233,,,,0,0,0.00308656,0,0,0,0,0,0,1.123809817
20,529,20529,0,0,0,0,0.024592682,1.272130224,0.000675748,0.331709378,0,,,,0,0,0.003875804,0,0,0,0,0,0,0.496026402
20,530,20530,0.156983646,0.008740654,0,0.022504422,0.051456603,2.289610907,0.001413903,0.694053536,5.139906164,,1.60460268,,0,0,0.008109555,0,0,0,0,0,0,10.79600115
20,531,20531,0.111772356,0.006223346,0,0.054653595,0.033603172,1.35733372,0.000923334,0.453244078,1.073122584,,,,0,0,0.005295857,0,0,0,0,0,0,8.250891229
20,532,20532,0,0,0,0.048223761,0.069961618,3.85082774,0.001922377,0.94365166,1.027981233,,,,0,0,0.011025944,0,0,0,0,0,0,4.349531511
20,533,20533,0.003139673,0.000174813,0,0.025719339,0.036637697,1.463474635,0.001006716,0.494174153,2.055962466,,,,0,0,0.005774097,0,0,0,0,0,0,0
20,534,20534,0.029512925,0.001643243,0,0.025719339,0.060802194,2.894870002,0.001670698,0.820108121,0,,,,0,0,0.00958242,0,0,0,0,0,0,11.5181021
20,535,20535,0.011930757,0.00066429,0,0.054653595,0.057860753,3.353064014,0.001589874,0.780433571,0.612326694,,,,0,0,0.009118849,0,0,0,0,0,0,0
20,536,20536,0.011930757,0.00066429,0,0,0.008414756,0.469022665,0.000231217,0.113499348,0,,,,0,0,0.001326165,0,0,0,0,0,0,1.450877225
20,537,20537,0.035164337,0.001957907,0,0.118951943,0.11570289,5.072835202,0.003179237,1.560616036,3.129085049,,,,0,0,0.018234764,0,0,0,0,0,0,6.353788191
20,538,20538,0.017582168,0.000978953,0,0.003214917,0.012938618,0.723935507,0.000355522,0.174517803,1.027981233,,,,0,0,0.002039125,0,0,0,0,0,0,0
20,539,20539,0.040187813,0.002237607,0,0.102877356,0.078785942,0.339983073,0.002164848,1.062675312,0.045141351,,,,0,0,0.012416656,0,0,0,0,0,0,10.09757564
20,540,20540,0.168914403,0.009404944,0,0.54010612,0.129255859,2.714810562,0.00355164,1.743420296,15.41971849,,,,0,0,0.02037071,0,0,0,0,0,0,5.319108119
20,541,20541,0.009419019,0.000524439,0,0.01285967,0.028129858,1.299273121,0.000772941,0.379419281,0,,,,0,0,0.004433263,0,0,0,0,0,0,0.0018832
20,542,20542,0.006279346,0.000349626,0,0.009644752,0.012324266,0.617074674,0.000338641,0.166231346,0,,,,0,0,0.001942303,0,0,0,0,0,0,2.450408156
20,543,20543,0.004395542,0.000244738,0,0.025719339,0.09937603,5.19355406,0.002730614,1.340397168,0,,4.0563166,,0,0,0.015661652,0,0,0,0,0,0,9.192010716
20,544,20544,0.005651411,0.000314664,0,0.045008843,0.020422537,0.651553152,0.000561162,0.275461913,0.567185343,,0.17950402,,0,0,0.00321859,0,0,0,0,0,0,0.001344365
20,545,20545,0.065305197,0.003636112,0,0.565825459,0.176114133,3.242384473,0.004839192,2.375450958,1.027981233,2.187060089,,,0,0,0.02775557,0,0,0,3.9204,0.361,0,0.288037921
20,546,20546,0.785546163,0.043738234,0,0.138241447,0.101088768,1.58953159,0.002777676,1.363498806,2.055962466,,0.19275335,,0,0,0.01593158,0,0,0,0,0,0,3.432938962
20,547,20547,0.015698365,0.000874065,0,0.009644752,0.017220462,0.733726346,0.000473177,0.232271896,10.27981233,,,,0,0,0.002713943,0,0,0,0,0,0,2.501833164
20,548,20548,0.020721841,0.001153766,0,0.041793926,0.026175103,1.208717029,0.000719229,0.353053282,2.055962466,,,,0,0,0.004125194,0,0,0,0,0,0,3.298575572
20,549,20549,0.076608019,0.004265439,0,0.199324878,0.194693615,9.197178234,0.005349711,2.626053501,14.39173726,,,,0,0,0.030683694,0,0,0,0,0,0,18.4738833
20,550,20550,0.121191374,0.006747785,0,0.06108343,0.083793838,1.653034722,0.002302453,1.130222491,5.185047515,,,,0,0,0.0132059,0,0,0,0,0,0,5.581485243
20,551,20551,0.389319441,0.021676822,0,1.244173027,0.31115979,4.156487112,0.008549921,4.196964832,31.91255957,,,,0,0,0.049038752,0,0,0,8.0275,0.7393,0.108354099,27.9251828
20,552,20552,0.01507043,0.000839103,0,0.003214917,0.008619539,0.457985127,0.000236844,0.1162615,1.027981233,,,,0,0,0.001358439,0,0,0,0,0,0,1.32377046
20,553,20553,0.479742021,0.026711439,0,0.668702815,0.170138167,4.491464065,0.004674987,2.294846333,3.651129042,,0.19275335,,0,0.00066549,0.026813758,0,0,0,5.7873,0.533,0,6.36869366
20,554,20554,0.007535215,0.000419551,0,0.086802769,0.085525193,3.986247634,0.002350026,1.153575233,0,,0.5060268,,0,0,0.013478762,0,0,0,0,0,0,0.010656952
20,555,20555,0.001255869,6.99E-05,0,0.006429835,0.05300179,2.468601241,0.001456362,0.71489523,12.33577479,,,,0,0,0.008353077,0,0,0,0,0,0,8.315998692
20,556,20556,0,0,0,0,0.004114294,0.18366957,0.000113051,0.05549415,1.027981233,,,,0,0,0.000648412,0,0,0,0,0,0,0.731638943
20,557,20557,0.115539963,0.006433121,0,0.366500582,0.255309642,2.759100501,0.007015294,3.443650575,9.251831095,,,,0,0,0.040236774,0,0,0,0,0,0.066856785,13.37691764
20,558,20558,0.004395542,0.000244738,0,0.016074587,0.028576659,1.379614238,0.000785218,0.385445795,0,,0.74100294,,0,0,0.004503679,0,0,0,0,0,0,0.107259497
20,559,20559,0.079747692,0.004440252,0,0.585114963,0.379092186,21.71183795,0.01041654,5.113246074,3.219367751,,,,0,0,0.05974489,0,0,0,0,0,0,56.2011594
20,560,20560,0.028884991,0.00160828,0,0.077158017,0.10322969,4.788039544,0.002836503,1.392375852,1.685449278,,34.02446137,,0,0,0.016268989,0,0,0,0,0,0,6.386450241
20,561,20561,0.126214851,0.007027486,0,0.054653595,0.047416775,2.295044166,0.001302899,0.639563804,0.045141351,,,,0,0,0.007472879,0,0,0,0,0,0,11.44707578
20,562,20562,0.020721841,0.001153766,0,0,0.021949108,1.159412817,0.000603109,0.296052503,1.073122584,,,,0,0,0.003459177,0,0,0,0,0,0,1.202864025
20,563,20563,0.019465972,0.001083841,0,0,0.020832105,0.987865162,0.000572416,0.280986218,1.027981233,,,,0,0,0.003283138,0,0,0,0,0,0,4.125445615
20,564,20564,0.153843973,0.008565841,0,0.025719339,0.021967725,0,0.00060362,0.296303608,0.045141351,,,,0,0,0.003462111,0,0,0,0,0,0,3.667495209
20,565,20565,0.448973227,0.024998271,0,1.179874679,0.589479693,7.048586426,0.016197482,7.950980881,13.36375603,,0.4084134,,0,0,0.09290194,0,0,0,12.508,1.1519,0,10.30473575
20,566,20566,0.005023477,0.000279701,0,0.022504422,0.063389918,3.365242386,0.001741802,0.855011682,0.045141351,,3.4815335,,0,0,0.009990245,0,0,0,0,0,0,0
20,567,20567,0.00816315,0.000454514,0,0.038579009,0.054975162,2.151104517,0.001510585,0.741512334,5.139906164,,1.554,,0,0,0.00866408,0,0,0,0,0,0,3.036611629
20,568,20568,0.136889739,0.00762185,0,0.009644752,0.024220347,0.859510505,0.000665517,0.326687283,2.055962466,,2.6025031,,0,0,0.003817124,0,0,0,0,0,0,1.035455114
20,569,20569,0.003139673,0.000174813,0,0.032149174,0.029619195,1.545641763,0.000813864,0.399507661,0,,,,0,0,0.004667982,0,0,0,0,0,0,3.721748096
20,570,20570,0.203450805,0.011327888,0,0.977334884,0.346885268,9.5023405,0.009531571,4.678834852,37.61965107,,,,0,0,0.054669083,0,0,0,0,0,0,16.78588775
21,1,21001,0.886643631,0.049367215,0.009624717,0.765150337,16.50399071,20.75764635,0.028014114,13.75150066,75.04262999,,0.16775134,,0,0.001050296,0.160677168,0,0,0,72.8587,6.7097,0,41.63310472
21,2,21002,0.048350963,0.002692121,0.002021999,0.160745869,2.47029457,8.416487169,0.004193114,2.058305656,14.39173726,,,,0,0.000222568,0.024049937,0,0,0,0,0,0,0
21,3,21003,0.303920338,0.016921907,0.020300874,1.613888526,9.466499091,12.57163896,0.016068573,7.887702483,24.67154959,,,,0,0.000825895,0.092162574,0,0,0,0,0,0.177761156,30.85141822
21,4,21004,0.358550647,0.019963654,0.015488516,1.231313357,14.88595832,16.94024843,0.025267642,12.40331925,67.84676136,,,,0,0.000902241,0.144924562,0,0,0,0,0,0,0
21,5,21005,0.686960433,0.038249103,0.00032352,0.025719339,0.844125301,2.973356021,0.001432831,0.703344412,26.72751205,,,,0,7.38E-05,0.008218113,0,0,0,0,0,0,7.15488511
21,6,21006,0.024489449,0.001363542,0.00117276,0.093232604,4.367692962,12.57376349,0.007413785,3.639261177,0,,,,0,0.000295894,0.042522354,0,0,0,0,0,0,0
21,7,21007,0.011302822,0.000629327,8.09E-05,0.006429835,0.978233034,3.373427268,0.001660467,0.815086026,7.195868629,,,,0,7.85E-05,0.00952374,0,0,0,0,0,0,2.060194873
21,8,21008,0.026373252,0.00146843,0.001819799,0.144671282,3.038670264,5.584790164,0.005157883,2.531889219,30.37864109,,0.02530134,,0,0.000230763,0.029583447,0,0,0,7.5471,0.695,88.30041019,6.438108978
21,9,21009,0.00690728,0.000384589,0.0002022,0.016074587,0.566868865,1.316471116,0.000962211,0.472328039,3.129085049,,,,0,5.57E-05,0.00551884,0,0,0,0,0,0,1.669616262
21,10,21010,3.25835255,0.181421019,0.012091557,0.961260297,17.85802676,46.66183767,0.030312474,14.87971432,13.36375603,3.801318726,0.2593277,,0,0.001061834,0.173859597,0,0,0,0,0,0,2.489402138
21,11,21011,0.00690728,0.000384589,0.00032352,0.025719339,0.497856122,0.760888961,0.000845068,0.414825051,2.055962466,,,,0,4.46E-05,0.004846956,0,0,0,0,0,0,2.103115599
21,12,21012,0.02323358,0.001293617,0.0012132,0.096447521,1.745811449,1.803585055,0.002963366,1.454649831,99.71417958,,0.259,,0,0.000146114,0.016996619,0,0,0,0,0,0,22.37457473
21,13,21013,0.771103668,0.042934093,0.010716597,0.851953106,5.488471968,5.089351794,0.009316212,4.573119751,37.00732438,0.052072859,,,0,0.000365555,0.053433872,0,0,0,29.0274,2.6732,0.072409078,3.862865387
21,14,21014,0.028884991,0.00160828,0.00044484,0.035364091,1.589704021,4.408688375,0.002698387,1.324577569,0,,0.291634,,0,0.000121528,0.015476811,0,0,0,0,0,0,0
21,15,21015,1.723052495,0.095937421,0.024830153,1.973959272,26.33122453,4.76573147,0.044695003,21.93977553,46.25915548,,0.795345547,,0,0.001735144,0.256351731,0,0,0,51.3784,4.7315,3.310635581,22.31877779
21,16,21016,0.032652598,0.001818056,0.00048528,0.038579009,2.268078192,6.551579396,0.003849869,1.889814367,26.72751205,,,,0,0.000183209,0.022081228,0,0,0,0,0,0.007030008,0.248940214
21,17,21017,0.269383936,0.014998963,0.005095439,0.40507959,7.467540461,20.55847888,0.012675512,6.222124661,1.027981233,,0.005698,,0,0.000470153,0.072701401,0,0,0,8.1277,0.7485,0.27605402,0
21,18,21018,0.00690728,0.000384589,0.0004044,0.032149174,1.111738035,2.383304895,0.00188708,0.926325432,6.213028748,,,,0,9.10E-05,0.010823499,0,0,0,0,0,0,0.536509081
21,19,21019,1.464971381,0.081567785,0.081203497,6.455554102,36.29437428,17.92703471,0.061606598,30.24129865,264.2363182,,0.588568341,,0,0.003063111,0.353349525,0,0,0,87.6626,8.073,0.008924147,36.05341027
21,20,21020,0.246150356,0.013705346,0.0012132,0.096447521,1.949534656,2.386508623,0.003309168,1.624396644,41.11924931,,,,0,0.000131341,0.018979998,0,0,0,0,0,0,4.712695772
21,21,21021,0.006279346,0.000349626,8.09E-05,0.006429835,0.356515613,0.631634686,0.000605155,0.297056922,7.195868629,5.452679275,,,0,3.34E-05,0.003470913,0,0,0,0,0,0,1.982937565
21,22,21022,0.079119757,0.00440529,0.001011,0.080372935,3.161627466,8.968221712,0.005366592,2.634339958,53.50016546,,,,0,0.000253947,0.030780516,0,0,0,0,0,0,14.45570069
21,23,21023,0.023861514,0.001328579,0.001011,0.080372935,2.368734333,4.073038904,0.004020724,1.973683354,40.09126808,,0.10120536,,0,0.000157005,0.023061181,0,0,0,0,0,0,18.12113074
21,24,21024,0.001255869,6.99E-05,8.09E-05,0.006429835,0.262790883,0.400256327,0.000446065,0.218963344,2.055962466,,,,0,2.90E-05,0.002558442,0,0,0,0,0,0,1.231824851
21,25,21025,0.055258243,0.00307671,0.002345519,0.186465208,2.436240247,7.904321753,0.00413531,2.029930819,5.139906164,,,,0,0.000188061,0.023718396,0,0,0,0,0,5.624006063,0
21,26,21026,0.050862701,0.002831972,0.002224199,0.176820456,3.884001028,7.631693399,0.00659276,3.236238049,35.97934315,,0.14132235,,0,0.000310236,0.037813296,0,0,0,0,0,0,12.87621796
21,27,21027,0.001883804,0.000104888,4.04E-05,0.003214917,1.346200542,3.943728155,0.00228506,1.121684929,1.027981233,,,,0,0.000121959,0.013106145,0,0,0,0,0,0,0.278984722
21,28,21028,0.002511738,0.00013985,4.04E-05,0.003214917,0.691634261,2.091939554,0.00117399,0.576285407,0,,,,0,5.48E-05,0.006733513,0,0,0,0,0,0,0
21,29,21029,0.027629122,0.001538355,0.00048528,0.038579009,1.161463374,2.963953072,0.001971485,0.967757716,0,,,,0,8.73E-05,0.011307607,0,0,0,0,0,0,0
21,30,21030,0,0,0,0,0.207640961,0.563208871,0.000352453,0.173011174,1.027981233,,,,0,1.89E-05,0.002021521,0,0,0,0,0,0,0
21,31,21031,0.044583355,0.002482346,0.00072792,0.057868513,0.90922029,2.36686758,0.001543324,0.757583038,29.81145575,,,,0,8.39E-05,0.008851856,0,0,0,0,0,0,7.760067354
21,32,21032,0.003139673,0.000174813,0.00012132,0.009644752,0.387254913,1.055675585,0.000657332,0.322669607,8.223849862,,,,0,3.70E-05,0.00377018,0,0,0,0,0,0,3.712642844
21,33,21033,0.466555395,0.025977224,0.0002022,0.016074587,1.345597811,4.395470964,0.002284037,1.12118272,18.50366219,,,,0,0.000100716,0.013100277,0,0,0,0,0,0,6.721385773
21,34,21034,2.398082171,0.133522234,0.010918797,0.868027693,9.427321551,11.11441518,0.016002073,7.855058866,37.00732438,,,,0,0.000607317,0.091781155,0,0,0,0,0,0,10.73018163
21,35,21035,0.310827618,0.017306495,0.004327079,0.34399616,6.240982098,9.691839123,0.010593534,5.200128318,3.129085049,17.1319707,,,0,0.000449557,0.060760052,0,0,0,58.0547,5.3463,0,0
21,36,21036,0.017582168,0.000978953,0.00117276,0.093232604,3.957232891,12.48276408,0.006717065,3.297256504,0,,0.11431668,,0,0.000281445,0.038526256,0,0,0,0,0,0,0
21,37,21037,0.035164337,0.001957907,0.0002022,0.016074587,0.650347162,1.096543079,0.001103909,0.541884056,8.223849862,,,,0,6.79E-05,0.006331556,0,0,0,0,0,0,1.532269937
21,38,21038,0.133122132,0.007412075,0.003599159,0.286127647,2.260845415,2.199878811,0.003837592,1.883787853,13.36375603,,,,0,0.000147192,0.022010812,0,0,0,24.9635,2.2989,0,3.146089254
21,39,21039,0.016954234,0.000943991,0.00093012,0.0739431,2.556786524,7.207300185,0.004339927,2.13037272,1.027981233,,,,0,0.000221921,0.024891993,0,0,0,0,0,0,0
21,40,21040,0.36043445,0.020068542,0.0006066,0.048223761,2.458541309,5.274242683,0.004173164,2.04851257,27.75549329,,,,0,0.000180836,0.023935511,0,0,0,0,0,0,14.59304702
21,41,21041,19.21040269,1.069611336,0.026771272,2.128275307,18.21454237,1.633037085,0.030917629,15.17677124,16.44769972,,,,0,0.001399244,0.17733051,0,0,0,0,0,4.540457461,12.01780342
21,42,21042,0.009419019,0.000524439,0.0004044,0.032149174,0.93513774,3.041985479,0.001587316,0.779178047,7.195868629,,,,0,8.76E-05,0.009104179,0,0,0,0,0,0,6.373727888
21,43,21043,0.364829993,0.02031328,0.018440635,1.466002326,14.22265243,36.18206896,0.024141737,11.85063769,1.027981233,,,,0,0.000979557,0.138466844,0,0,0,0,0,0.036556039,0
21,44,21044,0.032024664,0.001783093,0.00084924,0.067513265,4.413500547,9.428303036,0.00749154,3.677429099,218.9600026,,0.782648966,,0,0.000330832,0.042968321,0,0,0,58.345,5.3731,0,34.07047271
21,45,21045,0.433902797,0.024159168,0.016984795,1.3502653,12.58141487,13.63554959,0.021355876,10.4831212,156.3595368,,3.45705134,,0,0.000951736,0.122488321,0,0,0,49.0562,4.5177,0.57893171,70.55738232
21,46,21046,0.503603535,0.028040019,0.002628599,0.20896963,2.029095199,2.656663434,0.003444216,1.690688298,3.083943698,,,,0,0.000133282,0.019754572,0,0,0,41.7994,3.8494,0.944130018,0.107301816
21,47,21047,0.190892113,0.010628636,0.012859916,1.022343727,5.357679258,8.16184059,0.009094203,4.464140289,22.15479123,1.692367926,0.00518,,0,0.000469075,0.05216052,0,0,0,0,0,2.06822823,31.10894258
21,48,21048,0.158239515,0.008810579,0.002183759,0.173605539,5.055409469,7.457723596,0.008581125,4.212282222,26.72751205,,0.06862362,,0,0.000375691,0.049217725,0,0,0,0,0,0,8.154938038
21,49,21049,0.015698365,0.000874065,0.00048528,0.038579009,4.399034994,14.72820612,0.007466986,3.665376071,0,,0.220023697,,0,0.000299776,0.042827489,0,0,0,0,0,0,0
21,50,21050,0.006279346,0.000349626,0.0002022,0.016074587,7.642935294,23.45894633,0.012973229,6.368267627,1.027981233,,,,0,0.000412462,0.074408985,0,0,0,0,0,0,13.94923612
21,51,21051,0.901714061,0.050206318,0.019249434,1.530300674,9.443595298,8.428441508,0.016029696,7.868618522,96.91719074,49.14311002,,,0,0.00088682,0.091939591,0,0,0,57.1839,5.2661,16.61190791,34.34945743
21,52,21052,0.268128067,0.014929037,0.00044484,0.035364091,0.350488299,0.946209461,0.000594924,0.292034827,2.055962466,,,,0,3.63E-05,0.003412233,0,0,0,0,0,0,0
21,53,21053,0.815059088,0.045381477,0.018117115,1.440282987,16.2704323,37.62016421,0.027617668,13.55689448,163.4428125,,6.149247398,,0,0.001250758,0.158403324,0,0,0,0,0,4.538102821,0.283276795
21,54,21054,0.911761014,0.05076572,0.004812359,0.382575168,8.793549503,17.15948581,0.014926299,7.326985571,6.258170099,,6.292460756,,0,0.000537117,0.085610969,0,0,0,11.0304,1.0158,0.898001289,0
21,55,21055,0.065305197,0.003636112,0.00048528,0.038579009,1.325707675,2.730870565,0.002250275,1.104609806,13.40889738,,,,0,0.00012293,0.012906633,0,0,0,0,0,0,3.888617822
21,56,21056,0.003139673,0.000174813,0.0002022,0.016074587,0.345063716,0.425610983,0.000585716,0.287514942,3.083943698,,,,0,3.68E-05,0.003359421,0,0,0,0,0,0.145521157,0.686731624
21,57,21057,0.00816315,0.000454514,0.00032352,0.025719339,1.952548313,5.990520467,0.003314284,1.626907691,8.223849862,,,,0,0.000165955,0.019009338,0,0,0,0,0,2.626410831,3.154673399
21,58,21058,0.043327486,0.002412421,0.002709479,0.215399465,5.794358144,20.83151973,0.009835428,4.827991075,0,,0.574468695,,0,0.000323176,0.056411875,0,0,0,0,0,0,28.59808008
21,59,21059,0.01507043,0.000839103,0.0004044,0.032149174,0.648538967,0.45928804,0.001100839,0.540377427,1.027981233,,0.02530134,,0,6.16E-05,0.006313952,0,0,0,0,0,0.001561726,1.502225428
21,60,21060,0.03704814,0.002062794,0.00137496,0.109307191,1.718989902,4.218679846,0.002917838,1.432301508,1.073122584,,,,0,0.000123793,0.016735494,0,0,0,0,0,0,3.433658121
21,61,21061,0.020721841,0.001153766,0.00056616,0.045008843,3.572991634,11.80969507,0.006064848,2.977097945,0,,,,0,0.000247693,0.034785416,0,0,0,0,0,0,0
21,62,21062,0.00816315,0.000454514,0.00064704,0.051438678,1.217216027,2.046947672,0.00206612,1.014212095,15.46485984,8.4321581,,,0,0.0001115,0.011850396,0,0,0,0,0,0,7.820156371
21,63,21063,0.086027038,0.004789879,0.004771919,0.379360251,4.098272034,2.733864485,0.006956466,3.414773528,38.03530561,,,,0,0.000336763,0.039899365,0,0,0,60.0866,5.5335,0,25.29318414
21,64,21064,0.066561066,0.003706037,0.002911679,0.231474051,4.901712967,14.96559687,0.008320239,4.084218798,17.47568096,,,,0,0.000419363,0.047721389,0,0,0,0,0,0,1.888511967
21,65,21065,0.076608019,0.004265439,0.002588159,0.205754712,5.768440695,11.40980487,0.009791435,4.806396066,32.89539945,,4.422988059,,0,0.000377632,0.056159551,0,0,0,0,0,0.005280121,2.420728976
21,66,21066,0.026373252,0.00146843,0.0014154,0.112522108,1.812413267,3.852973155,0.003076417,1.510143981,15.41971849,,,,0,0.00016822,0.017645031,0,0,0,0,0,0,26.76536506
21,67,21067,0.273151543,0.015208738,0.005054999,0.401864673,4.705222536,8.148167847,0.007986713,3.9204985,60.65089273,,6.201157326,,0,0.000341723,0.045808426,0,0,0,0,0,0,9.837430518
21,68,21068,0.018838037,0.001048879,0.0006066,0.048223761,2.259639952,5.836303365,0.003835546,1.882783434,1.027981233,,,,0,0.000178464,0.021999076,0,0,0,0,0,0,0
21,69,21069,0.069700739,0.00388085,0.002426399,0.192895043,7.294556555,11.14646208,0.012381886,6.077990533,171.6728659,,0.27105201,,0,0.000594592,0.07101729,0,0,0,28.1565,2.593,0.003644027,23.60639958
21,70,21070,0.164518861,0.009160206,0.00024264,0.019289504,1.906439362,5.802434063,0.003236018,1.588488664,10.27981233,,,,0,0.000164446,0.018560437,0,0,0,0,0,6.024716495,0.14593047
21,71,21071,0.533116461,0.029683262,0.049175026,3.909339536,28.95913336,35.30502908,0.049155654,24.12940898,5.752232858,,2.772222884,,0,0.002213277,0.281936146,0,0,0,0,0,1.589167548,0.12876218
21,72,21072,0.05211857,0.002901897,0.003194759,0.253978473,4.738372762,18.80588485,0.008042983,3.948120023,0,,,,0,0.000325656,0.046131165,0,0,0,0,0,0,0
21,73,21073,0.050234767,0.002797009,0.003639599,0.289342564,2.3892272,5.405720058,0.004055509,1.990758477,19.53164342,0.716001815,,,0,0.00020305,0.023260693,0,0,0,0,0,0,12.00063513
21,74,21074,4.335260359,0.241381906,0.018197995,1.446712822,19.33230772,10.69466047,0.03281494,16.10811876,118.2178418,,0.12979107,,0,0.001293999,0.188212688,92.84652,17.192,0,35.1231,3.2345,1.029102931,21.46036326
21,75,21075,0.139401477,0.007761701,0.001011,0.080372935,3.61668966,9.309463945,0.006139022,3.013508134,0,,,,0,0.000244027,0.035210845,0,0,0,0,0,0,0
21,76,21076,0.40690161,0.022655776,0.003639599,0.289342564,7.684222393,22.20321455,0.013043311,6.402668978,14.39173726,,,,0,0.000631471,0.074810942,0,0,0,0,0,0,0
21,77,21077,0.015698365,0.000874065,0.00012132,0.009644752,1.357953804,3.89268205,0.002305011,1.131478014,0,,,,0,0.000103304,0.01322057,0,0,0,0,0,0,0
21,78,21078,0.021349776,0.001188729,0.00044484,0.035364091,3.843919391,10.77005431,0.006524725,3.202841117,0,,,,0,0.000268289,0.037423075,0,0,0,0,0,0,0
21,79,21079,0.05211857,0.002901897,0.00133452,0.106092274,1.489951977,1.523633473,0.002529066,1.241461896,11.30779356,,,,0,0.000115058,0.014505659,0,0,0,0,0,0,8.373833743
21,80,21080,0.016326299,0.000909028,0.00028308,0.022504422,0.98546581,2.958259683,0.001672744,0.82111254,0,,,,0,6.84E-05,0.009594156,0,0,0,0,0,0,0
21,81,21081,0.011302822,0.000629327,0.00068748,0.054653595,1.033684321,2.590325893,0.001754591,0.861289301,5.139906164,,,,0,9.09E-05,0.010063594,0,0,0,0,0,0.084360091,6.146248037
21,82,21082,0.050234767,0.002797009,0.003599159,0.286127647,2.335584107,1.40516346,0.003964454,1.946061831,30.83943698,,,,0,0.000187091,0.022738442,0,0,0,0,0,0.729011786,3.154673399
21,83,21083,0.042071617,0.002342495,0.00084924,0.067513265,7.388884016,25.37841454,0.012541999,6.15658632,35.04164462,,0.27985249,,0,0.000580574,0.071935629,0,0,0,0,0,0,0.150222543
21,84,21084,0.043955421,0.002447383,0.00052572,0.041793926,2.100820233,6.161108692,0.003565963,1.750451229,0,,,,0,0.000147839,0.020452862,0,0,0,0,0,0,0
21,85,21085,0.697635321,0.038843467,0.054957944,4.369072722,20.23007612,10.74350356,0.034338825,16.85615982,69.17780421,60.96429998,,,0,0.001783022,0.196953052,0,0,0,60.6672,5.5869,18.84620703,48.7622374
21,86,21086,0.005651411,0.000314664,0,0,3.595292696,12.15419077,0.006102702,2.995679697,3.083943698,,,,0,0.00028813,0.035002531,0,0,0,0,0,0,1.287621796
21,87,21087,0.222916777,0.012411729,0.002305079,0.183250291,3.383432615,9.600486065,0.005743088,2.819153056,14.39173726,0.286400726,,,0,0.000287699,0.032939934,0,0,0,0,0,11.05117191,9.61424274
21,88,21088,0.035164337,0.001957907,0.00145584,0.115737026,1.400446367,3.809996203,0.002377138,1.166883785,0,,0.01295,,0,0.000115921,0.013634263,0,0,0,0,0,0,0
21,89,21089,0.044583355,0.002482346,0.00149628,0.118951943,3.863809526,9.62032178,0.006558486,3.219414031,2.055962466,,,,0,0.000289964,0.037616719,0,0,0,0,0,0,0
21,90,21090,1.67030599,0.093000561,0.004771919,0.379360251,4.468951834,3.522898142,0.007585664,3.723632374,16.44769972,,,,0,0.00031703,0.043508176,0,0,0,0,0,0.088510716,8.584145303
21,91,21091,0.064049327,0.003566187,0.007198318,0.572255294,3.008835061,1.415102583,0.00510724,2.507029848,0,,0.149281378,,0,0.000254918,0.029292982,0,0,0,0,0,1.491064607,0
21,92,21092,0.153216038,0.008530879,0.0002022,0.016074587,1.463733162,3.146829389,0.002484562,1.219615783,6.167887397,,,,0,0.000127998,0.014250402,0,0,0,0,0,0,1.515101646
21,93,21093,0,0,0,0,2.271393214,7.512129794,0.003855496,1.892576519,15.98690383,,5.248683065,,0,0.000181915,0.022113502,0,0,0,0,0,0,9.180743402
21,94,21094,0.267500132,0.014894075,0.012698156,1.009484058,8.978588037,13.21548017,0.015240386,7.481163889,130.5536166,,0.729679427,,0,0.000636647,0.08741244,0,0,0,88.2432,8.1264,0,36.62854801
21,95,21095,0.011302822,0.000629327,8.09E-05,0.006429835,0.120244911,0.383539806,0.000204105,0.100190796,0.045141351,,,,0,9.92E-06,0.001170663,0,0,0,0,0,0,0
21,96,21096,0.023861514,0.001328579,0.0008088,0.064298348,0.741660966,1.003015769,0.001258906,0.617968796,60.65089273,,,,0,5.80E-05,0.007220556,0,0,0,44.1216,4.0632,0,7.223558273
21,97,21097,0.016326299,0.000909028,0.00016176,0.01285967,0.660292229,0.803085908,0.00112079,0.550170513,1.027981233,,,,0,4.58E-05,0.006428378,0,0,0,0,0,0,1.008637073
21,98,21098,0.013814561,0.000769178,0.00064704,0.051438678,1.644552577,3.958834684,0.002791487,1.370278634,21.58760589,,,,0,0.000143526,0.016010797,0,0,0,0,0,0,4.1118056
21,99,21099,0.072212477,0.004020701,0.002224199,0.176820456,5.408007328,6.201898029,0.00917963,4.506074782,25.74467217,,,,0,0.000440607,0.052650496,0,0,0,76.342,7.0304,0,20.76504749
21,100,21100,0.00690728,0.000384589,0.00032352,0.025719339,3.034451144,9.58485557,0.005150721,2.528373752,0,,0.096676005,,0,0.000217931,0.029542371,0,0,0,0,0,0,0
21,101,21101,0.026373252,0.00146843,0.00032352,0.025719339,1.039108903,2.686333058,0.001763799,0.865809186,0,,,,0,8.98E-05,0.010116406,0,0,0,0,0,0,0
21,102,21102,0.227312319,0.012656467,0.004650599,0.369715499,3.034149779,3.138912047,0.00515021,2.528122648,4.111924931,,0.092204,,0,0.000212539,0.029539437,0,0,0,0,0,1.552225673,9.871767099
21,103,21103,0.125586917,0.006992523,0.001981559,0.157530952,1.704222984,3.546725655,0.002892773,1.419997375,6.167887397,,9.284211518,,0,0.000119048,0.016591728,0,0,0,0,0,0,0
21,104,21104,0.293873385,0.016362505,0.004043999,0.321491738,8.30835074,7.411650046,0.014102715,6.92270692,137.7494852,,,,0,0.000486759,0.080887241,0,0,0,93.4681,8.6076,0,27.49072533
21,105,21105,0.005023477,0.000279701,0.0002022,0.016074587,1.319981727,2.704476281,0.002240556,1.099838816,24.67154959,,0.078804703,,0,0.000117538,0.012850887,0,0,0,0,0,0,4.755616498
21,106,21106,0.808779742,0.04503185,0.006187318,0.491882359,5.955588789,5.288924967,0.010109103,4.962332118,32.43460356,,0.1886667,,0,0.00045236,0.057981561,0,0,0,0,0,15.63026905,2.146036326
21,107,21107,0.028884991,0.00160828,0.00093012,0.0739431,3.690222888,12.49520467,0.006263838,3.074777694,0,,,,0,0.000258476,0.035926739,0,0,0,0,0,0,0
21,108,21108,0.169542337,0.009439907,0.004529279,0.360070747,4.519279905,4.091063639,0.007671091,3.765566868,60.69603409,,0.066980804,,0,0.000322961,0.043998152,0,0,0,14.804,1.3633,15.43578764,22.76086127
21,109,21109,0.689472172,0.038388953,0.002588159,0.205754712,5.379076222,14.3358792,0.009130522,4.481968726,0,,2.95291524,,0,0.000445243,0.052368833,0,0,0,0,0,0.021090023,0
21,110,21110,0.46718333,0.026012187,0.006227758,0.495097277,12.57478483,20.38481014,0.021344622,10.4775969,83.26647986,,0.0777,,0,0.000852314,0.122423773,0,0,0,0,0,0,20.79079992
21,111,21111,0.054002374,0.003006785,0.002588159,0.205754712,5.480033728,20.84300108,0.009301889,4.566088818,11.30779356,,,,0,0.000453547,0.053351721,0,0,0,0,0,0.163088794,1.802670514
21,112,21112,0.087910842,0.004894766,0.003073439,0.244333721,2.643278477,6.992434412,0.004486739,2.202439784,11.35293491,0.195273222,,,0,0.000236586,0.025734049,0,0,0,0,0,0.105450114,15.08663537
21,113,21113,0.009419019,0.000524439,0.00113232,0.090017687,1.149408746,2.570902405,0.001951023,0.957713526,7.195868629,,,,0,0.000123685,0.011190248,0,0,0,0,0,0.037962041,4.751324425
21,114,21114,40.91496154,2.278094186,1.259099037,100.0964527,471.9823704,26.64407842,0.801149733,393.2664525,38.60249096,,1.376904815,,64.93457644,0.039893334,4.595057765,0,0,0,67.3435,6.2018,312.0976911,34.33658121
21,115,21115,0.548186891,0.030522364,0.003801359,0.302202234,13.61811285,21.11423893,0.023115583,11.34692155,52.42704287,,0.057227345,,0,0.000906015,0.132581255,0,0,0,0,0,0,20.09977623
21,116,21116,0.016326299,0.000909028,0.00048528,0.038579009,6.141832786,21.52951049,0.010425236,5.117514855,0,,5.02337966,,0,0.000373966,0.059794768,0,0,0,0,0,0,18.35290266
21,117,21117,2.053346085,0.114327757,0.007400518,0.588329881,3.780029864,2.810579964,0.006416278,3.14960691,5.139906164,,,,0,0.000293414,0.036801069,0,0,0,0,0,0,4.141850109
21,118,21118,0.079119757,0.00440529,0.003841799,0.305417151,7.667044549,4.120707024,0.013014153,6.388356007,21.58760589,,,,0,0.000485789,0.074643705,0,0,0,0,0,0,10.98770599
21,119,21119,2.012530337,0.112055187,0.051156585,4.066870488,27.91007939,7.881299955,0.047374974,23.25531333,38.03530561,,0.09065,,0,0.001990817,0.271722918,0,0,0,0,0,1.646282091,6.438108978
21,120,21120,0.036420206,0.002027832,0.0002022,0.016074587,1.390501299,4.377628365,0.002360257,1.158597328,0,,,,0,9.12E-05,0.013537442,0,0,0,0,0,0,0.171682906
21,121,21121,0.018838037,0.001048879,0,0,0.383337159,0.914194668,0.000650682,0.319405245,1.073122584,,,,0,3.27E-05,0.003732039,0,0,0,0,0,3.623265906,1.223240706
21,122,21122,0.015698365,0.000874065,0.00056616,0.045008843,2.597169526,3.898210508,0.004408473,2.164020756,16.44769972,,0.2789134,,0,0.000202403,0.025285148,0,0,0,0,0,0,8.584145303
21,123,21123,0.001883804,0.000104888,4.04E-05,0.003214917,1.3079271,3.64420216,0.002220094,1.089794626,0,,,,0,9.88E-05,0.012733528,0,0,0,0,0,0,0
21,124,21124,0.590258508,0.03286486,0.006308638,0.501527112,4.065121808,6.013415595,0.006900197,3.387152006,8.268991213,0.559783237,,,0,0.000301394,0.039576626,0,0,0,0,0,0,3.781316006
21,125,21125,0.554466237,0.030871991,0.003316079,0.263623225,2.12553222,0.002285044,0.003607909,1.771041819,50.37108041,,0.0518,,0,0.000176846,0.020693449,0,0,0,0,0,0,2.146036326
21,126,21126,0.008791084,0.000489477,0.00028308,0.022504422,1.574033005,3.450968023,0.002671786,1.311520122,30.83943698,,,,0,0.000112578,0.015324243,0,0,0,0,0,0.205979222,8.154938038
21,127,21127,0.018838037,0.001048879,0.00044484,0.035364091,1.11414896,3.256154215,0.001891173,0.92833427,0,,,,0,0.000113656,0.01084697,0,0,0,0,0,0,2.862812459
21,128,21128,0.031396729,0.001748131,0.00125364,0.099662439,2.375967109,3.439880494,0.004033001,1.979709868,116.1618793,,,,0,0.000173504,0.023131597,0,0,0,45.8632,4.2236,0,17.36572595
21,129,21129,0.117423767,0.006538009,0.0006066,0.048223761,3.61879922,7.412028792,0.006142602,3.015265867,18.50366219,2.577606533,,,0,0.000287807,0.035231383,0,0,0,0,0,0,2.008690001
21,130,21130,0.005651411,0.000314664,0.0008088,0.064298348,0.95472651,1.252845372,0.001620567,0.795499856,80.7497215,,0.25540804,,0,8.51E-05,0.009294888,0,0,0,26.1246,2.4059,0,30.2419439
21,131,21131,0.118051702,0.006572972,0.00012132,0.009644752,0.234763873,0.651133506,0.000398492,0.195610602,1.027981233,,,,0,2.04E-05,0.00228558,0,0,0,0,0,0,0
21,132,21132,4.95063625,0.275645271,0.073560339,5.847934717,41.07071912,4.111964851,0.069714035,34.22105787,65.7907989,,,,0,0.003001969,0.399850373,0,0,0,33.3815,3.0741,3.963665722,21.46036326
21,133,21133,0.002511738,0.00013985,0.0002022,0.016074587,0.217284663,0.176303758,0.000368822,0.181046527,8.223849862,0.240836974,,,0,2.10E-05,0.002115409,0,0,0,0,0,0,2.76838686
21,134,21134,0.340968478,0.018984701,0.003194759,0.253978473,5.250393071,1.250558794,0.008912093,4.374746997,47.28713671,,,,0,0.000385396,0.051116018,0,0,0,0,0,0,15.02225428
21,135,21135,0.132494197,0.007377112,0.00016176,0.01285967,0.168463421,0.524398954,0.000285952,0.140367557,0,,,,0,1.88E-05,0.001640102,0,0,0,0,0,0,2.360639958
21,136,21136,1.347547614,0.075029776,0.008613718,0.684777402,3.429541565,0.264763224,0.005821354,2.857572083,6.167887397,,,,0,0.000238851,0.033388835,0,0,0,0,0,0,1.716829061
21,137,21137,0.050862701,0.002831972,0.001860239,0.1478862,2.60952552,3.27958635,0.004429447,2.174316051,150.08526,,0.50429135,,0,0.000180836,0.025405442,0,0,0,0,0,30.92640934,11.90191746
21,138,21138,0.113028225,0.006293271,0.002426399,0.192895043,2.928370421,8.041017135,0.004970658,2.439984879,3.129085049,,2.92926676,,0,0.000212647,0.028509606,0,0,0,0,0,0,6.867316243
21,139,21139,0.025117383,0.001398505,0.00088968,0.070728182,0.968287966,2.521127295,0.001643586,0.80679957,3.083943698,,,,0,8.41E-05,0.009426918,0,0,0,0,0,0,5.661243828
21,140,21140,6.955631372,0.387280906,0.076755098,6.10191319,35.93605048,8.690923405,0.060998374,29.9427351,45.23117424,,,,0,0.002768618,0.349861008,0,0,0,64.4407,5.9344,4.43964578,19.31432693
21,141,21141,0.027629122,0.001538355,0.00097056,0.077158017,0.923685843,2.023810064,0.001567878,0.769636066,8.223849862,0.130182148,,,0,8.72E-05,0.008992687,0,0,0,0,0,0,5.352214597
21,142,21142,0.821338434,0.045731103,0.009786477,0.778010006,8.112463041,6.991651707,0.013770213,6.759488831,122.3297667,,2.470620926,,0,0.000551459,0.078980146,0,0,0,23.8024,2.192,5.952307417,48.41457951
21,143,21143,0.335945002,0.018705,0.006187318,0.491882359,7.470855484,4.302783921,0.012681139,6.224886813,76.63779657,,3.44071143,,0,0.000522344,0.072733675,0,0,0,0,0,0,21.46036326
21,144,21144,0.335317067,0.018670037,0.012495956,0.993409471,3.971397078,2.357905254,0.006741107,3.309058428,2.055962466,,,,0,0.000240684,0.038664154,0,0,0,0,0,0,3.257683143
21,145,21145,0.00690728,0.000384589,0.00032352,0.025719339,3.893946096,14.26557557,0.006609641,3.244524506,1.027981233,,,,0,0.00027271,0.037910118,0,0,0,0,0,0,0
21,146,21146,0.131866262,0.00734215,0.00016176,0.01285967,0.247119867,0.744593198,0.000419465,0.205905897,0,,,,0,2.72E-05,0.002405874,0,0,0,0,0,0,0
21,147,21147,0.251801768,0.014020009,0.00145584,0.115737026,1.640032091,4.153528249,0.002783814,1.366512063,11.30779356,,,,0,0.000153015,0.015966787,0,0,0,0,0,0,0
21,148,21148,0.00690728,0.000384589,0.00044484,0.035364091,2.736701841,2.678490711,0.004645317,2.280282257,62.7068552,,,,0,0.000197119,0.026643586,0,0,0,0,0,2.196877368,6.438108978
21,149,21149,1.06874466,0.059506374,0.002992559,0.237903886,6.379911682,5.114626628,0.010829355,5.315887609,20.55962466,,0.07710134,,0,0.000393591,0.062112622,0,0,0,34.5426,3.1811,4.757206129,0.772573077
21,150,21150,0.024489449,0.001363542,0.00072792,0.057868513,1.867864554,5.107471699,0.00317054,1.556347256,6.167887397,,,,0,0.000160348,0.018184886,0,0,0,0,0,0,8.48113556
21,151,21151,0.138773543,0.007726738,0.00153672,0.122166861,2.260544049,1.274968279,0.00383708,1.883536748,24.67154959,,,,0,0.000166063,0.022007878,0,0,0,0,0,0,2.111699745
21,152,21152,0.086027038,0.004789879,0.002102879,0.167175704,3.330693619,10.20209396,0.005653568,2.775209724,74.01464876,,0.020610072,,0,0.000242948,0.032426486,0,0,0,0,0,0,23.63215202
21,153,21153,0.622283171,0.034647953,0.002385959,0.189680126,5.668085919,4.077483722,0.009621091,4.722778184,22.19993258,,0.01295,,0,0.000438234,0.055182532,0,0,0,0,0,2.711473923,14.59304702
21,154,21154,1.267799922,0.070589523,0.026285992,2.089696298,20.32440358,15.637424,0.034498938,16.93475561,127.0540183,,,,0,0.001404743,0.197871392,0,0,0,44.1216,4.0632,4.011893369,41.89492115
21,155,21155,0.027001187,0.001503393,0.003032999,0.241118804,1.426363816,2.713854353,0.002421131,1.188478793,4.157066282,,,,0,0.000123793,0.013886587,0,0,0,0,0,0,4.231983635
21,156,21156,10.1863548,0.56716357,0.150598517,11.97235233,83.91768763,14.0667448,0.142443102,69.92212715,66.90906283,,0.066293373,,0,0.006404215,0.816993698,0,0.663,0,78.0836,7.1908,39.4893888,7.386657034
21,157,21157,0.095446057,0.005314318,0.004771919,0.379360251,2.959411087,5.863098242,0.005023347,2.465848669,12.33577479,,,,0,0.000264191,0.028811807,0,0,0,0,0,0.011248012,6.382312033
21,158,21158,0.015698365,0.000874065,0.0012132,0.096447521,2.014629645,5.061451659,0.003419662,1.67863527,6.167887397,,,,0,0.000188492,0.01961374,0,0,0,0,0,0,0
21,159,21159,0.531860592,0.029613336,0.00032352,0.025719339,1.217818758,3.76591833,0.002067143,1.014714305,4.724251625,,,,0,0.00011495,0.011856264,0,0,0,0,0,0,6.760014426
21,160,21160,0.007535215,0.000419551,0.00012132,0.009644752,0.844728032,1.828506015,0.001433854,0.703846621,10.27981233,,,,0,7.62E-05,0.008223981,0,0,0,0,0,1.499500617,4.021672075
21,161,21161,1.503903326,0.083735467,0.002507279,0.199324878,5.204284121,6.166911923,0.008833827,4.33632797,80.18253616,,,,0,0.000395209,0.050667117,0,0,0,29.0274,2.6732,0,23.67936482
21,162,21162,0.04521129,0.002517308,0.00044484,0.035364091,1.285927404,3.617816928,0.002182752,1.071463979,0,,,,0,9.48E-05,0.012519346,0,0,0,0,0,0,0
21,163,21163,0.141285281,0.007866589,0.003154319,0.250763556,4.466842274,1.655095964,0.007582083,3.721874641,12.33577479,,0.976611265,,0,0.000307972,0.043487638,0,0,0,0,0,0,8.584145303
21,164,21164,1.007207071,0.056080037,0.03453575,2.745539444,20.89157381,16.86764954,0.035461661,17.40733475,115.1790394,,0.0259,,0,0.001414988,0.203393166,0,0,0,64.731,5.9612,27.26366048,32.19054489
21,165,21165,0.118679636,0.006607935,4.04E-05,0.003214917,0.353501956,1.27189781,0.000600039,0.294545875,1.027981233,,,,0,2.39E-05,0.003441573,0,0,0,0,0,0,3.12462889
21,166,21166,0.03704814,0.002062794,0.003477839,0.276482895,2.136984116,1.222322873,0.003627348,1.7805838,30.83943698,10.3216218,,,0,0.000181268,0.020804941,0,0,0,33.962,3.1276,0,10.63575603
21,167,21167,0.017582168,0.000978953,0.00024264,0.019289504,2.928973152,8.745038964,0.004971682,2.440487089,0,,0.02530134,,0,0.000208442,0.028515474,0,0,0,0,0,0,0
21,168,21168,0.236103403,0.013145944,0.002466839,0.19610996,1.857919486,5.900555814,0.00315366,1.548060799,31.86741822,,,,0,0.000143742,0.018088064,0,0,0,0,0,0.365560394,22.85528687
21,169,21169,0.109888552,0.006118458,0.003032999,0.241118804,5.839261632,9.646763221,0.009911648,4.865405683,23.64356835,,,,0,0.000461311,0.05684904,0,0,0,0,0,9.583306331,2.26621436
21,170,21170,0.259964917,0.014474523,0.00105144,0.083587852,4.989109017,9.905163613,0.008468586,4.157039177,156.2531474,,0.43850402,,0,0.000365986,0.048572247,0,0,0,64.731,5.9612,7.347763921,46.94669066
21,171,21171,0.187124506,0.01041886,0.00088968,0.070728182,0.90017932,0.541437065,0.001527977,0.750049896,5.139906164,,,,0,7.21E-05,0.008763836,0,0,0,0,0,0,3.643969681
21,172,21172,0.09732986,0.005419206,0.005702038,0.453303351,7.43197931,20.88904131,0.01261515,6.1924943,5.139906164,,2.2274,,0,0.000626835,0.07235519,0,0,0,0,0,0.116698126,0.287568868
21,173,21173,0.156983646,0.008740654,0.002830799,0.225044217,1.716578977,1.396894088,0.002913746,1.43029267,4.111924931,,,,0,0.000141801,0.016712022,0,0,0,0,0,0.613683869,0
21,174,21174,7.505702067,0.417908159,0.055847624,4.439800904,28.3078821,13.14067443,0.04805021,23.58677161,0.567185343,,0.031626675,,0,0.002284878,0.275595788,0,0,0,6.6763,0.6148,1.206916568,0
21,175,21175,0.050862701,0.002831972,0.00157716,0.125381778,2.830125206,4.698037524,0.004803896,2.35812473,6.167887397,,0.434666189,,0,0.000219872,0.027553124,0,0,0,0,0,0.462574499,6.438108978
21,176,21176,0.011302822,0.000629327,0.00129408,0.102877356,2.386816274,2.531311219,0.004051417,1.988749639,51.22522061,14.45021844,,,0,0.000214804,0.023237221,0,0,0,0,0,0,17.33138937
21,177,21177,0.938762201,0.052269112,0.005702038,0.453303351,13.95534106,23.80155721,0.023687999,11.62790777,112.0499544,,0.0259,,0,0.00094904,0.135864393,0,0,0,50.5076,4.6513,0,37.59855643
21,178,21178,0.027001187,0.001503393,0.00076836,0.06108343,5.056012201,17.52920375,0.008582149,4.212784432,0,,,,0,0.000400385,0.049223593,0,0,0,0,0,0,0
21,179,21179,0.115539963,0.006433121,0.003518279,0.279697812,8.402678201,17.32911214,0.014262828,7.001302707,142.4737368,,0.544638,,0,0.000562566,0.08180558,0,0,0,0,0,0,65.52707317
21,180,21180,0.206590478,0.011502701,0.003922679,0.311846986,10.70782437,12.47177725,0.018175617,8.922002959,107.1679685,,8.067848357,,0,0.000752892,0.104247689,0,0,0,0,0,0,42.92072652
21,181,21181,0.05337444,0.002971822,0.00056616,0.045008843,1.755455151,1.101618991,0.002979735,1.462685183,19.53164342,,,,0,0.000132851,0.017090507,0,0,0,0,0,0,8.584145303
21,182,21182,0.069072804,0.003845888,0.001011,0.080372935,1.481513738,0.849422961,0.002514743,1.234430963,5.139906164,,,,0,9.03E-05,0.014423507,0,0,0,0,0,0,3.420781903
21,183,21183,0.032652598,0.001818056,0.0008088,0.064298348,6.037560257,15.87684248,0.010248242,5.03063261,0,,0.11565201,,0,0.000418177,0.058779607,0,0,0,0,0,0,0
21,184,21184,0.019465972,0.001083841,0.00016176,0.01285967,1.804577759,5.240073934,0.003063117,1.503615258,0,,,,0,0.000144497,0.017568747,0,0,0,0,0,0,0
21,185,21185,0.027001187,0.001503393,0.00117276,0.093232604,2.295201104,2.990676425,0.003895908,1.912413795,46.25915548,2.148005444,,,0,0.000194747,0.022345287,0,0,0,0,0,0.049210053,20.32725608
21,186,21186,0.511766685,0.028494533,0.011768037,0.935540958,14.55867517,33.17784843,0.024712107,12.13061949,44.92190916,,0.538621467,,0,0.001129445,0.141738246,0,0,0,30.1885,2.7801,0.140183482,0
21,187,21187,0.01507043,0.000839103,0.00068748,0.054653595,1.549622384,4.047873951,0.002630352,1.291180637,0,,,,0,0.000130263,0.01508659,0,0,0,0,0,0,0
21,188,21188,0.083515299,0.004650028,0.00165804,0.131811613,4.28602286,14.34070637,0.007275157,3.571211789,15.98690383,,0.345965797,,0,0.000334283,0.041727242,0,0,0,0,0,0,12.87621796
21,189,21189,0.246778291,0.013740308,0.005459398,0.434013847,5.621675603,4.173345561,0.009542314,4.684108052,89.43436725,,,,0,0.000415266,0.054730697,0,0,0,0,0,0,11.60147238
21,190,21190,0.008791084,0.000489477,0.00016176,0.01285967,0.334817283,0.934587041,0.000568324,0.27897738,1.027981233,,,,0,3.55E-05,0.003259666,0,0,0,0,0,0,1.223240706
21,191,21191,0.081003561,0.004510178,0.007926238,0.630123807,2.409117335,3.063373567,0.004089271,2.007331391,7.195868629,,,,0,0.000228067,0.023454336,0,0,0,0,0,0,4.935883549
21,192,21192,0.034536402,0.001922944,0.00036396,0.028934256,1.758167442,4.179232269,0.002984339,1.464945126,0,,,,0,0.000142879,0.017116913,0,0,0,0,0,0,0
21,193,21193,0.151960169,0.008460953,0.00028308,0.022504422,1.660826324,4.517143203,0.002819111,1.383838291,6.213028748,,,,0,0.000147516,0.016169233,0,0,0,0,0,0,11.15938889
21,194,21194,0.273151543,0.015208738,0.011768037,0.935540958,8.324021756,16.80426984,0.014129315,6.935764367,31.86741822,,,,0,0.000678379,0.081039808,0,0,0,0,0,0,2.403560685
21,195,21195,0.042699552,0.002377458,0.00129408,0.102877356,6.203914118,21.73352501,0.010530614,5.169242434,1.027981233,,0.280325125,,0,0.00042702,0.060399171,0,0,0,0,0,0,0
21,196,21196,0.008791084,0.000489477,0.00052572,0.041793926,0.380926234,1.117479637,0.00064659,0.317396407,0,,,,0,3.98E-05,0.003708567,0,0,0,0,0,0,0.781157223
21,197,21197,0.864037986,0.048108561,0.038822389,3.086320686,22.16574795,29.19452762,0.037624463,18.46900565,3.083943698,,,,0,0.001683061,0.215798086,0,0,0,0,0,2.337131085,0
21,198,21198,0.001883804,0.000104888,0,0,0.358323807,0.97044303,0.000608224,0.298563551,1.027981233,,,,0,2.81E-05,0.003488517,0,0,0,0,0,0.020387022,1.888511967
21,199,21199,0.725264443,0.040381822,0.003477839,0.276482895,11.29036425,22.34546081,0.019164428,9.407388445,5.139906164,,2.35514698,,0,0.000707494,0.109919097,0,0,0,0,0,0.017575019,0
21,200,21200,0.081631496,0.00454514,0.00133452,0.106092274,1.140367775,2.923213473,0.001935677,0.950180383,0,,,,0,0.000100608,0.011102228,0,0,0,0,0,0,0
21,201,21201,0.00816315,0.000454514,0.0002022,0.016074587,0.881494647,1.663908782,0.001496262,0.734481401,9.251831095,0.657419848,,,0,7.71E-05,0.008581928,0,0,0,0,0,1.050283132,4.279196434
21,202,21202,0.097957795,0.005454168,0.00097056,0.077158017,3.65375764,9.323904037,0.006201941,3.044394019,0,,0.0777,,0,0.000271632,0.035571726,0,0,0,0,0,0,0
21,203,21203,0.104237141,0.005803794,0.001011,0.080372935,1.662935884,2.893214473,0.002822692,1.385596024,21.58760589,,,,0,0.000137595,0.016189771,0,0,0,0,0,0,13.03931672
21,204,21204,0.060909655,0.003391374,0.0012132,0.096447521,2.276817797,4.530482395,0.003864704,1.897096405,0,,,,0,0.000160995,0.022166314,0,0,0,0,0,0,0
21,205,21205,0.192775917,0.010733523,0.002143319,0.170390621,6.580922598,7.63224,0.011170554,5.483374479,29.81145575,,,,0,0.000453654,0.064069595,0,0,0,23.8024,2.192,0.033744036,18.50741727
21,206,21206,0.022605645,0.001258654,0.00036396,0.028934256,1.123491297,2.519234425,0.00190703,0.936118517,8.268991213,,,,0,0.000102657,0.010937924,0,0,0,0,0,0,2.47652592
21,207,21207,0.436414535,0.024299019,0.019653834,1.562449848,15.80452094,38.45900543,0.026826823,13.16868653,14.9589226,,0.00933876,,0,0.001144003,0.153867371,0,0,0,0,0,1.086393636,0
21,208,21208,0.685704564,0.038179178,0.029642511,2.356534441,21.60098865,39.49796013,0.036665832,17.99843534,58.59493027,,2.5595894,,0,0.001667102,0.210299784,0,0,0,0,0,1.40681747,0.240356068
21,209,21209,0.049606832,0.002762047,0.00157716,0.125381778,2.236434794,2.718485559,0.003796157,1.863448368,2.101103817,,,,0,0.000195825,0.021773159,0,0,0,0,0,11.134126,0.214603633
21,210,21210,0.03830401,0.00213272,0.00157716,0.125381778,1.57644393,3.90350273,0.002675879,1.31352896,0,,,,0,0.000125949,0.015347715,0,0,0,0,0,0,0
21,211,21211,0.229824057,0.012796318,0.009058557,0.720141494,4.457499938,3.897325418,0.007566225,3.714090393,15.41971849,,,,0,0.000358114,0.043396684,0,0,0,35.4134,3.2613,0,0
21,212,21212,0.980205884,0.054576645,0.002143319,0.170390621,5.627401551,17.40727278,0.009552033,4.688879042,10.27981233,,0.4965007,,0,0.000418501,0.054786443,0,0,0,0,0,0,0
21,213,21213,0.013186626,0.000734215,0.00076836,0.06108343,3.616991025,12.66094124,0.006139533,3.013759239,1.595166576,,0.1295,,0,0.000274004,0.035213779,0,0,0,0,0,0,0
21,214,21214,0.455880507,0.02538286,0.004448399,0.353640912,4.569909341,8.47016761,0.007757031,3.807752466,9.251831095,0.403564659,,,0,0.000336871,0.044491063,0,0,0,24.6733,2.2722,0,4.171894617
21,215,21215,0.052746505,0.00293686,0.00097056,0.077158017,1.332940452,2.297857845,0.002262552,1.11063632,0,,,,0,9.89E-05,0.012977049,0,0,0,0,0,0,0
21,216,21216,0.005651411,0.000314664,0.00028308,0.022504422,0.776619386,2.200942004,0.001318245,0.647096947,0,,,,0,6.78E-05,0.007560899,0,0,0,0,0,0,0
21,217,21217,0.060909655,0.003391374,0.0016176,0.128596695,5.741016417,18.37418217,0.009744885,4.783545534,0,,,,0,0.00039715,0.055892558,0,0,0,0,0,0,0
22,1,22001,1.176749408,0.065519944,0.027925938,0.913036536,65.98260329,37.08400155,0.029239769,14.35314765,265.2191581,,13.08969484,,0,0,0.167707014,0,0,0,0,0,0.195828015,115.3556541
22,2,22002,0.022605645,0.001258654,0.006096507,0.199324878,28.76869208,20.08342919,0.012748662,6.25803264,0,,4.8377497,,0,0,0.073120962,0,0,0,0,0,0,0
22,3,22003,0.016954234,0.000943991,0.005801515,0.189680126,14.13385225,7.341585146,0.006263326,3.074526589,9.251831095,,0.15180804,,0,0,0.035923805,0,0,0,0,0,0,6.914227468
22,4,22004,0.545047218,0.030347551,0.033235799,1.086642075,68.08929068,21.21606545,0.030173335,14.81141382,92.5634523,,1.72039403,,0,0,0.173061551,0,0,0,0,0,22.2881323,50.87554421
22,5,22005,0.934366659,0.052024374,0.011308038,0.369715499,62.77582107,12.9462047,0.027818704,13.65557865,199.5637832,,1.3179067,,0,0,0.159556383,40.24917,7.525,0,53.8251,4.9568,72.18701931,91.23487768
22,6,22006,4.112343582,0.228970178,0.104918927,3.430316846,137.5187808,1.973829274,0.06094057,29.91436026,143.9625139,,7.05222035,,0,0.01686598,0.349529467,0,0,0,0,0,2.224082716,24.47636524
22,7,22007,1.102025193,0.061359393,0.071093144,2.324385267,44.48400281,6.446022557,0.019712802,9.67657274,108.9660107,,,,0,0,0.113064337,0,0,0,0,0,19.46289661,20.08418455
22,8,22008,0.019465972,0.001083841,0.008259784,0.27005306,39.92894066,9.103622035,0.017694255,8.685713387,122.4200494,,3.26467613,,0,0,0.101486802,0,0,0,0,0,0.269602417,52.37691931
22,9,22009,0.114912029,0.006398159,0.037660683,1.231313357,24.93278951,10.32834943,0.011048807,5.423611548,20.55962466,,14.96330009,,0,0,0.063371305,0,0,0,0,0,0,5.267982833
22,10,22010,0.004395542,0.000244738,0.002261608,0.0739431,21.44896347,11.75859075,0.009504971,4.665777405,18.50366219,,12.91885164,,0,0,0.054516516,0,0,0,0,0,0,7.243476395
22,11,22011,13.16527646,0.733026224,0.058211813,1.90323109,97.27701154,9.134055115,0.043107687,21.16059749,340.3069294,,30.71363525,,0,0.011480252,0.247247552,40.24917,7.525,0,209.504,19.2935,15.41618267,88.71941588
22,12,22012,1.21128581,0.067442888,0.052705291,1.723195717,69.57609252,4.797708191,0.030832201,15.13483674,350.5416004,,2.4286134,,0,0,0.176840533,0,0,0,85.2921,7.8547,0.671737753,98.66931845
22,13,22013,0.029512925,0.001643243,0.003146585,0.102877356,19.71859394,9.433020327,0.008738169,4.289371381,4.111924931,,,,0,0,0.050118461,0,0,0,0,0,0,6.980077253
22,14,22014,35.03561004,1.950739205,1.823445724,59.61742793,895.8154224,11.97733339,0.396974886,194.8660766,178.9590172,,10.26345812,,69.07681524,0.119382957,2.27688091,0,0,0,123.3838,11.3626,211.5177931,52.66665837
22,15,22015,0.031396729,0.001748131,0.008849769,0.289342564,8.864247913,4.293513909,0.003928135,1.928233394,3.083943698,,,,0,0,0.022530129,0,0,0,0,0,0,1.975493562
22,16,22016,15.39067662,0.856933738,0.343469366,11.22970641,255.6456486,7.442256078,0.113287737,55.61041179,380.9560004,,6.23307772,,0,0,0.649770792,0,0,0,274.5082,25.2799,63.70086652,161.8587725
22,17,22017,1.951620683,0.108663813,0.109933796,3.594277633,66.5920997,2.526464827,0.029509864,14.48573096,167.1452864,,0.53132814,,0,0,0.169256162,0,0,0,82.3939,7.5878,0.114301556,40.19470901
22,18,22018,0.055258243,0.00307671,0.010914715,0.356855829,29.34586671,12.51194442,0.013004434,6.383585016,13.40889738,,,,0,0,0.074587959,0,0,0,0,0,13.01155704,3.628323176
23,1,23001,0,0.027690393,0,20.79730054,0,0.451072705,0.040157621,19.71247638,0,,,,0,0.010055192,0.230327217,93.22209,8.054,580.5,0,0,238.8476903,0
23,2,23002,0,0.023005402,0,2.096126133,0,60.26515359,0.033701955,16.5435344,21.2170927,,268.1656329,,0,0.007100666,0.193300231,0,0,30.7,0,0,3.017377968,4.404987215
23,3,23003,0,0.00814629,0,5.037775537,0,0,0.007436293,3.650309786,0,,2.48374998,,0,0.001806657,0.04265145,0,0,389.1,0,0,0,0
23,4,23004,0,0.126354897,0,14.57965033,0,71.28843273,0.112709183,55.32641231,418.4111929,298.9112304,965.3910896,,0,0.028752085,0.646452447,35.66511,18.106,95,0,0,81.50120738,384.6024275
23,5,23005,0,0.282637794,0,145.0538573,0,7.452153979,0.33262642,163.2788564,4.111924931,,93.29241749,,0.784480878,0.077955015,1.907805185,802.49715,129.6,0,0,0,294.3486398,0
23,6,23006,0,0.008460953,0,0.797299511,0,32.11075229,0.01681031,8.251804375,2.146245167,,3.37930284,,0,0.003566407,0.096416863,0,0,10,0,0,1.37134332,11.97472253
23,7,23007,0,0.003531224,0,0.363285664,0,22.08380749,0.011556768,5.672958567,4.785499728,,56.8519712,,0,0.002657282,0.06628476,0,0,0,0,0,0.959109207,1.553862804
23,8,23008,0,0.043808159,0,111.9466381,0,0,0.077420935,38.00420207,3.696270392,,60.12155909,,0,0.015640027,0.444053905,0,0,0.7,0,0,31.74663202,0
23,9,23009,0,0,0,0,0,6.861481002,0.015749371,7.731013118,0,,,,0,0.003014945,0.090331763,0,0,0,0,0,0,0
24,1,24001,0.089166711,0.004964692,0.008358115,0.273267977,19.23701845,7.150493062,0.008560152,4.201986927,50.41622176,,,,0,0,0.049097431,0,0,0,82.4036,7.5887,0,13.28480386
24,2,24002,0.006279346,0.000349626,0.000983308,0.032149174,8.551701937,3.606203069,0.003805365,1.867968253,46.25915548,,,,0,0,0.021825971,0,0,0,35.9195,3.3079,0,11.75503857
24,3,24003,0.015698365,0.000874065,0.003933231,0.128596695,53.493258,53.84660628,0.023803607,11.68465745,22.45785284,26.16661178,0.2530134,,0,0,0.136527475,0,0,0,0,0,0.372825019,21.71193196
24,4,24004,0.002511738,0.00013985,0.000196662,0.006429835,5.01560365,2.872482299,0.00223186,1.095570035,19.57678477,,,,0,0,0.01280101,0,0,0,0,0,1.349250799,16.93477017
24,5,24005,0.199683197,0.011118112,0.020157807,0.659058063,19.90837131,1.937563141,0.008858893,4.348632103,56.5389678,,,,0,0,0.050810883,0,0,0,54.4075,5.0105,0.099459395,16.60376832
24,6,24006,0.03014086,0.001678206,0.011406369,0.372930416,10.32319981,4.437829807,0.004593652,2.254920677,22.66072847,,,,0,0,0.026347253,0,0,0,100.3633,9.2426,0,13.77683363
24,7,24007,0.266872198,0.014859112,0.012783,0.41793926,19.76927251,3.595674422,0.008796996,4.318248428,90.3626834,,,,0,0,0.05045587,0,0,0,50.974,4.6943,0,33.9590003
24,8,24008,0.251173833,0.013985047,0.033137468,1.083427158,22.76621927,3.535940679,0.010130588,4.972878517,172.2851926,,1.41671742,,0,0,0.058104788,0,0,0,26.4114,2.4323,0,68.84838417
24,9,24009,0.002511738,0.00013985,9.83E-05,0.003214917,3.709684386,0.340419653,0.001650748,0.810315036,7.24100998,,3.71523216,,0,0,0.009467994,0,0,0,0,0,0,5.009757684
24,10,24010,0.101097468,0.005628981,0.019174499,0.626908889,33.76422067,13.71815475,0.015024515,7.375197684,60.69603409,,30.52403282,,0,0,0.086174295,0,0,0,64.4438,5.9347,0,60.60912198
24,11,24011,0.379900423,0.021152383,0.031957499,1.044848149,45.61175934,10.00737846,0.020296472,9.963083262,276.7687651,,,,0,0,0.116412022,0,0,0,32.2219,2.9674,0,109.8031532
24,12,24012,0.03014086,0.001678206,0.006686492,0.218614382,24.53196926,21.23325983,0.010916317,5.358575417,2.342917323,4.751648407,,,0,0,0.062611401,0,0,0,0,0,0.379127396,4.177780069
24,13,24013,2.42257162,0.134885776,0.308660274,10.09162566,186.2900727,34.36079382,0.082895974,40.69177624,384.3596334,348.5627017,14.34362772,,0,0.042614358,0.475456427,0,0,0,114.8896,10.5803,10.61347601,279.6697227
24,14,24014,0.028257056,0.001573318,0.004129892,0.13502653,19.99343999,19.78143545,0.008896747,4.367213854,0,,,,0,0,0.051027998,0,0,0,0,0,0,0
24,15,24015,0.578955685,0.032235533,0.021436107,0.700851989,22.9926859,6.040673574,0.010231362,5.022346153,38.73791501,,,,0,0,0.058682785,0,0,0,121.4924,11.1884,41.18995191,68.16848849
24,16,24016,0.508627012,0.02831972,0.045625475,1.491721665,42.94014282,9.531095633,0.019107647,9.379515818,309.6029165,0.130182148,,,0,0.009986868,0.109593424,0,0,0,66.0285,6.0807,0.720194341,548.1569506
24,17,24017,0.013814561,0.000769178,0.002654931,0.086802769,27.61283513,13.41403606,0.012287251,6.031536153,120.9764136,,0.03795201,,0,0,0.070474501,0,0,0,28.7884,2.6512,0.216938364,72.93670428
24,18,24018,0.129982459,0.007237262,0.000884977,0.028934256,17.40804173,15.39272389,0.007746288,3.802479266,2.055962466,,,,0,0,0.044429449,0,0,0,0,0,0,0
24,19,24019,0.000627935,3.50E-05,9.83E-05,0.003214917,6.176676234,3.28221729,0.002748518,1.349185835,15.98690383,,,,0,0,0.015764342,0,0,0,0,0,0,15.10978701
24,20,24020,3.692255346,0.205580187,0.115440319,3.774313006,96.7368891,4.960832932,0.043046302,21.13046492,88.63209277,,,,0,0.020393524,0.246895473,0,0,0,19.8085,1.8242,1.883534621,86.34675208
24,21,24021,0.043955421,0.002447383,0.003933231,0.128596695,53.61396356,15.78250898,0.023857319,11.71102344,146.1539005,,2.65632546,,0,0,0.136835545,0,0,0,89.2705,8.2211,0,45.8661208
24,22,24022,0.136889739,0.00762185,0.00904643,0.295772399,20.29692827,5.2571048,0.009031794,4.433505509,105.9272083,,0.3108,,0,0,0.051802572,0,0,0,53.6151,4.9375,0,49.78446698
24,23,24023,0.071584542,0.003985738,0.007178146,0.234688969,15.96417325,5.007046373,0.007103791,3.487091697,84.86164643,,0.1265067,,0,0,0.040744355,0,0,0,51.2381,4.7186,0,56.6728838
24,24,24024,0.545675152,0.030382514,0.13992468,4.574827434,94.84238651,22.69007577,0.04220328,20.71664429,289.0432918,,4.711570585,,0,0.021650739,0.242060254,0,0,0,137.3393,12.6478,1.781566963,106.6720547
24,25,24025,0.341596413,0.019019664,0.024189368,0.790869676,30.29479784,2.990770208,0.01348068,6.617363541,514.1421472,,,,0,0,0.077319506,0,0,0,103.0044,9.4858,0.13400353,229.5005779
24,26,24026,0.003139673,0.000174813,0.000491654,0.016074587,11.03823659,11.78620424,0.004911831,2.411107833,2.101103817,,,,0,0,0.028172196,0,0,0,0,0,0,0
24,27,24027,0.071584542,0.003985738,0.007473138,0.244333721,10.84050938,3.110810064,0.004823846,2.367917815,47.28713671,,,,0,0,0.02766755,0,0,0,0,0,0.020341646,3.301072474
24,28,24028,49.25518867,2.742467663,1.625604223,53.14901415,880.6655083,8.332610421,0.391881457,192.3658265,193.4410372,,3.08150134,,34.99261313,0.1912278,2.247667146,0,0,0,116.2101,10.702,196.5515925,84.1460371
24,29,24029,0.03014086,0.001678206,0.002163277,0.070728182,25.10445852,24.52215727,0.011171065,5.483625584,34.10394609,,,,0,0,0.064072529,0,0,0,0,0,0,0.939329566
24,30,24030,0.001255869,6.99E-05,0.000983308,0.032149174,6.003090135,2.495154359,0.002671275,1.311269017,20.60476601,,,,0,0,0.015321309,0,0,0,0,0,0,1.699739214
24,31,24031,0,0,9.83E-05,0.003214917,12.27518125,10.20711757,0.005462251,2.681296547,11.30779356,,0.85413222,,0,0,0.031329172,0,0,0,0,0,0,6.244305113
24,32,24032,0.226684384,0.012621505,0.041593914,1.359910052,41.09622161,13.47715403,0.018287133,8.976743795,35.56368861,,3.54342812,,0,0,0.1048873,0,0,0,0,0,0.691380802,25.80025207
24,33,24033,0.00816315,0.000454514,0.000786646,0.025719339,12.24299309,2.329470714,0.005447928,2.674265613,591.7015355,,,,0,0,0.031247021,0,0,0,0,0,0,300.5407311
24,34,24034,0.070328673,0.003915813,0.008063123,0.263623225,15.33995304,12.74155506,0.006826023,3.350741816,33.07596485,33.84735852,,,0,0,0.039151197,0,0,0,0,0,0.193896583,51.33212427
24,35,24035,2.904197445,0.161702103,0.192629971,6.298023151,289.66002,2.12572542,0.128893876,63.27111558,93.86228164,,1.69076273,,0,0.001127704,0.739281037,10.10178,1.603,0,0,0,22.26826335,43.12864606
24,36,24036,0.556977975,0.031011841,0.026057653,0.851953106,29.90739046,14.16440561,0.01330829,6.532741239,74.03127641,158.9263665,21.43386215,,0,0,0.07633075,0,0,0,0,0,0,114.7592349
24,37,24037,0.287594039,0.016012879,0.069913175,2.285806258,113.1677905,91.92995445,0.050357779,24.71950514,13.47014548,,,,0,0.001691556,0.288831029,0,0,0,0,0,0.613280303,0.295217864
24,38,24038,0.016954234,0.000943991,0.002261608,0.0739431,18.6093495,17.01713165,0.00828085,4.064883732,9.296972446,,,,0,0,0.047495471,0,0,0,0,0,0,0
24,39,24039,0.023861514,0.001328579,0.003343246,0.109307191,16.32628995,15.61176199,0.007264927,3.566189694,51.39906164,1.666331496,,,0,0,0.041668562,0,0,0,0,0,0,3.014800606
24,40,24040,0.582095358,0.032410346,0.058310144,1.906446007,41.27095729,15.4428251,0.018364887,9.014911717,217.8033217,33.88641316,0.3795201,,0,0,0.105333267,0,0,0,172.4664,15.8827,8.318279326,242.248622
24,41,24041,0.032652598,0.001818056,0.006096507,0.199324878,23.3697471,23.75216244,0.010399148,5.104708512,18.63908624,13.31763376,,,0,0,0.059645135,0,0,0,0,0,0,10.55627512
24,42,24042,0.124331047,0.006922598,0.015929584,0.520816616,15.47675268,9.217547345,0.006886897,3.380623282,9.296972446,,,,0,0,0.039500342,0,0,0,0,0,0.118415765,0.331001847
24,43,24043,0.074096281,0.004125589,0.007178146,0.234688969,9.858770777,2.832871294,0.004386989,2.153474357,2.055962466,,,,0,0,0.02516192,0,0,0,0,0,0.195773645,7.183634679
24,44,24044,0.03704814,0.002062794,0.001769954,0.057868513,7.934379187,4.04696068,0.003530666,1.733125001,49.95542587,,,,0,0,0.020250417,0,0,0,217.894,20.0662,0,59.68768441
24,45,24045,0.326525983,0.018180561,0.0089481,0.292557482,15.7928863,5.806293264,0.007027571,3.449677089,101.9216728,,,,0,0,0.04030719,0,0,0,148.6962,13.6936,0,80.54974676
24,46,24046,0.236731338,0.013180907,0.006096507,0.199324878,17.22295986,5.071576238,0.00766393,3.762051401,444.0878926,,0.2072,,0,0,0.043957076,0,0,0,0,0,0,260.5789675
24,47,24047,0.008791084,0.000489477,0.000884977,0.028934256,10.19214805,4.651186028,0.004535336,2.226294735,87.42354614,,,,0,0,0.026012778,0,0,0,0,0,0,140.8099749
24,48,24048,0.051490636,0.002866935,0.0025566,0.083587852,5.619131478,0.817012776,0.00250042,1.22740003,3.129085049,,0.0259,,0,0,0.014341356,0,0,0,0,0,60.01101423,6.333765072
24,49,24049,0.27817502,0.015488439,0.011111377,0.363285664,39.19482155,8.396083294,0.017441042,8.561416534,1545.055793,,,,0,0,0.100034476,0,0,0,0,0,0,709.3280121
24,50,24050,1.638281326,0.091217467,0.029892553,0.977334884,48.70067225,15.12310821,0.021670987,10.63780173,116.9547714,,0.73246273,,0,0,0.12429566,0,0,0,121.4924,11.1884,1.058118339,66.02144948
24,51,24051,0.082887365,0.004615065,0.005703184,0.186465208,15.34800008,5.02894471,0.006829604,3.35249955,128.6330782,,9.00841072,,0,0,0.039171735,0,0,0,99.0427,9.121,0,37.43899269
24,52,24052,0.038931944,0.002167682,0.006784823,0.221829299,10.61289317,3.776830406,0.00472256,2.318199074,128.5427954,,,,0,0,0.027086619,0,0,0,39.8812,3.6727,0,48.82724543
24,53,24053,0.077235954,0.004300402,0.020649461,0.67513265,39.5396946,34.23098475,0.017594504,8.63674796,10.37009503,,,,0,0,0.100914674,0,0,0,0,0,0,2.576446809
24,54,24054,0.104237141,0.005803794,0.021141115,0.691207237,59.711319,48.0489091,0.026570541,13.04288305,0,,0.66669084,,0,0,0.152397441,0,0,0,0,0,0,0
24,55,24055,0.10549301,0.00587372,0.002851592,0.093232604,26.4391172,9.798208321,0.011764966,5.775158201,13.97608272,,1.211218502,,0,0,0.067478895,0,0,0,0,0,84.71131514,5.27813756
24,56,24056,0.082887365,0.004615065,0.006194838,0.202539795,16.69645368,4.618535886,0.007429643,3.647045424,94.57427342,,1.06265628,,0,0,0.042613308,0,0,0,0,0,0,26.22071388
24,57,24057,0.101097468,0.005628981,0.012193015,0.398649755,36.08406669,0,0.016056808,7.881927074,3.083943698,,,,0,0,0.092095092,0,0,0,0,0,0,0
24,58,24058,0.420088236,0.023389991,0.019567822,0.639768559,20.49580506,0,0.009120291,4.476946631,175.981463,139.2948985,17.8009266,,0,0,0.052310153,0,0,0,0,0,0,99.22898613
25,1,25001,7.956559097,0.443011318,0,20.39865079,0,10.6230463,0.207311807,101.7647208,2137.172983,173.4026213,,,0,0.065033883,1.189053293,108.66726,22.396,483.4,92.5988,8.5276,51.88427656,2648.865416
25,2,25002,0.224800581,0.012516617,0,1.192734349,0,2.334132858,0.021534405,10.57075676,1507.065629,,,,0,0.00720164,0.123512284,0,0,0,0,0,0,0
25,3,25003,0.02323358,0.001293617,0,0.376145334,0,29.94657776,0.015876233,7.793287097,80.79486285,,16.93656206,,0,0.004822694,0.091059393,0,0,0,0,0,0.064246062,0
25,4,25004,0.181473094,0.010104196,0,0.385790086,0,12.17901641,0.013902191,6.824273857,167.9833199,,8.39087554,,0,0.00451806,0.079737116,0,0,0,0,0,2.617130862,0
25,5,25005,0.081003561,0.004510178,0,0.623693972,0,11.33458079,0.009349462,4.58944156,9.251831095,,21.10296848,,0,0.002408341,0.053624582,0,0,0,0,0,0,0
25,6,25006,13.53010645,0.753339504,0,42.35332159,0,55.40914509,0.415240023,203.8320228,2572.772902,131.4058603,0.45542412,,29.63230997,0.129346266,2.381642048,309.7692,61.377,0,358.0661,32.9748,165.9735687,2303.682445
25,7,25007,0.069700739,0.00388085,0,0.527246451,0,25.38440446,0.016634851,8.165675444,10.27981233,,44.3509863,,0,0.004901524,0.095410504,0,0,0,151.6207,13.963,0,0
25,8,25008,0.197799394,0.011013224,0,1.433853152,0,17.3435838,0.023634287,11.60154177,409.4976615,0.7029836,0.20600268,,0,0.007274458,0.135556324,0,0,0,109.3872,10.0736,1.721311517,639.7281127
25,9,25009,0.393087049,0.021886598,0,1.883941586,0,13.96398746,0.025641579,12.58687682,509.4178956,,,,0,0.008032033,0.147069311,0,0,0,158.9656,14.6394,0.008760827,0
25,10,25010,0.80564007,0.044857037,0,2.575148823,0,30.71448929,0.04799036,23.55739235,628.2770986,,,,0,0.014656473,0.275252511,0,0,0,405.8083,37.3715,10.35831579,0
25,11,25011,3.204350175,0.178414234,0,9.72512508,0,31.14189537,0.134946447,66.24218701,2948.475882,,,,0,0.043168421,0.773996037,0,0,0,0,0,5.307504857,1808.471741
25,12,25012,7.563472048,0.42112472,0,49.25253429,0,10.52510674,0.215173704,105.6239498,647.8087421,,,,0,0.071577489,1.234145825,166.75659,28.287,652.7,205.3962,18.9152,45.14367451,1185.111329
25,13,25013,0.102981272,0.005733869,0,0.575470211,0,19.59320365,0.021716002,10.65989895,1196.75072,,,,0,0.007241723,0.124553852,0,0,0,83.4176,7.682,54.97719565,0
25,14,25014,0.236103403,0.013145944,0,1.212023853,0,11.47587332,0.024088536,11.82452279,518.3282481,,7.65414054,,0,0.007949862,0.138161709,0,0,0,123.5525,11.3781,1.905336529,0
25,15,25015,0.808151808,0.044996888,0,3.774313006,0,1.986590129,0.039606178,19.44178546,513.0077765,,,,0,0.012854059,0.227164373,0,0,0,136.1438,12.5377,7.856877372,1755.188957
25,16,25016,0.061537589,0.003426336,0,0.472592855,0,11.35680253,0.011486175,5.638306111,239.6550513,,36.29939646,,0,0.003766498,0.065879869,0,0,0,82.106,7.5613,0,0
25,17,25017,0.312711422,0.017411383,0,1.00626914,0,40.72662313,0.042653948,20.93786757,1122.320417,,5.02554194,,0,0.012776565,0.244645101,0,0,0,126.9626,11.6922,0.049462167,0
25,18,25018,1.172353866,0.065275206,0,2.809837792,0,22.20614841,0.067947168,33.35374206,1755.791946,54.25991935,,,0,0.021561497,0.389716363,0,0,0,44.332,4.0826,5.112338575,0
26,1,26001,0.059025851,0.003286486,0.034653857,0.035364091,1.98132654,0.346404072,0.00121031,0.594113844,37.05246573,,,,0,0,0.006941826,0,0,0,0,0,0,0
26,2,26002,4.847654978,0.269911402,3.25431218,3.321009655,61.36669071,0.631526581,0.037486346,18.40120736,44.39986517,,165.122591,,0,0,0.215005908,0,0,0,73.3855,6.7582,1.552071011,27.02783205
26,3,26003,0.170798206,0.009509832,0.87579747,0.893747032,20.21773739,19.51841208,0.012350171,6.062422038,95.45744822,,53.16064764,,0,0,0.070835382,0,0,0,0,0,0,0
26,4,26004,0.035164337,0.001957907,0.57021346,0.581900046,7.550981156,0.197413602,0.004612579,2.264211553,33.7043983,,,,0,0,0.026455811,0,0,0,0,0,0,0
26,5,26005,0.004395542,0.000244738,0.018902104,0.019289504,1.014948338,0.53188967,0.00061999,0.30433896,3.1742264,,,,0,0,0.003555999,0,0,0,0,0,0,0
26,6,26006,0.021349776,0.001188729,0.066157363,0.067513265,2.378261781,1.03133584,0.001452781,0.713137497,40.09126808,,,,0,0,0.008332539,0,0,0,0,0,0,0
26,7,26007,0.005023477,0.000279701,0,0,0.587866116,0.027202948,0.000359103,0.176275536,12.33577479,,,,0,0,0.002059663,0,0,0,0,0,0,0
26,8,26008,0.000627935,3.50E-05,0.025202805,0.025719339,1.03169666,0.357008416,0.00063022,0.309361055,4.111924931,,0.259,,0,0,0.003614679,0,0,0,0,0,0,0
26,9,26009,0.003139673,0.000174813,0.028353155,0.028934256,0.56776813,0.232962541,0.000346826,0.170249022,10.27981233,,,,0,0,0.001989247,0,0,0,0,0,0,0
26,10,26010,0.004395542,0.000244738,0.018902104,0.019289504,1.106226695,0.981388775,0.000675748,0.331709378,28.78347452,,,,0,0,0.003875804,0,0,0,0,0,0,0
26,11,26011,0.001255869,6.99E-05,0.025202805,0.025719339,1.185781226,0.418570277,0.000724344,0.355564329,28.78347452,,,,0,0,0.004154533,0,0,0,0,0,0,0
26,12,26012,0.204078739,0.01136285,0.425297332,0.434013847,16.95432677,1.650809952,0.01035669,5.083866818,536.0006012,,,,0,0,0.059401613,0,0,0,0,0,0,0
26,13,26013,0.047095094,0.002622196,0.040954558,0.041793926,1.205041797,0.052895702,0.00073611,0.361339739,6.167887397,,,,0,0,0.004222015,0,0,0,0,0,0,0
26,14,26014,0.013814561,0.000769178,0.05355596,0.054653595,2.764310613,0.215500708,0.001688602,0.828896788,26.72751205,,,,0,0,0.009685109,0,0,0,0,0,0.373663786,0
26,15,26015,0,0,0.006300701,0.006429835,1.015785754,0.485182398,0.000620501,0.304590065,32.89539945,,,,0,0,0.003558933,0,0,0,0,0,0,0
26,16,26016,0.021349776,0.001188729,0.129164375,0.131811613,4.257423555,0.262722419,0.002600682,1.276616561,28.82861587,,,,0,0,0.014916418,0,0,0,822.7492,75.7682,0,0
26,17,26017,0.961367846,0.053527766,2.99913378,3.060601347,58.08736918,1.592340048,0.035483146,17.41788115,446.5117102,,,,0,0,0.203516393,0,0,4.3,183.6528,16.9129,72.60941117,501.1704563
26,18,26018,15.10622226,0.841095673,18.61542175,18.99694681,320.436441,6.832947784,0.195741227,96.08498241,1438.242752,,,,0,0,1.122689316,12.91446,2.491,0,86.8142,7.9948,47.37538659,1747.485187
26,19,26019,0.561373517,0.031256579,1.193982881,1.218453688,26.98740931,0.619843858,0.01648548,8.092352857,8.223849862,,1.036,,0,0,0.094553778,0,0,0,80.1944,7.3852,120.0853712,0
26,20,26020,0.02197771,0.001223692,0.05355596,0.054653595,3.771722205,0.205184302,0.002303987,1.130975805,55.51098657,,,,0,0,0.013214702,0,0,0,87.5708,8.0645,0.01762565,0
26,21,26021,0.001883804,0.000104888,0.018902104,0.019289504,1.39429784,0.154676667,0.000851718,0.418089413,43.78753847,,,,0,0,0.004885098,0,0,0,82.2749,7.5768,5.345058558,0
26,22,26022,0.00816315,0.000454514,0.009451052,0.009644752,0.638111084,0.115362011,0.000389795,0.191341821,9.296972446,,,,0,0,0.002235702,0,0,0,0,0,0,0
26,23,26023,0.232335796,0.012936168,0.10081122,0.102877356,4.677806448,0.276151099,0.002857476,1.402671147,90.50748984,,1.295,,0,0,0.016389282,0,0,0,0,0,0,0
26,24,26024,0.001255869,6.99E-05,0.006300701,0.006429835,0.542645646,0.045028737,0.00033148,0.16271588,4.157066282,,,,0,0,0.001901227,0,0,0,0,0,0,0
26,25,26025,5.95784332,0.331725308,1.716941082,1.752129973,42.13542951,1.490584929,0.025738773,12.63458672,71.95868629,,,,0,0,0.147626769,0,0,0,74.8986,6.8975,1.483983633,0
26,26,26026,0.18775244,0.010453822,1.027014299,1.048063066,46.55279954,12.99912849,0.028437159,13.95916429,680.3045937,,,,0,0,0.16310358,0,0,0,0,0,0,0
26,27,26027,0.014442495,0.00080414,0.236276296,0.241118804,6.115649926,0.741165794,0.003735795,1.833818007,49.34309917,,1.036,,0,0,0.021426948,0,0,0,125.0201,11.5133,0,0
26,28,26028,0.003767607,0.000209776,0.034653857,0.035364091,0.741113266,0.039553605,0.000452715,0.222227706,11.30779356,,,,0,0,0.002596583,0,0,0,0,0,0,0
26,29,26029,4.146252049,0.230858159,8.622509619,8.799228874,114.2051356,10.42458395,0.069763143,34.24516393,227.2741351,,,,0,0,0.400132036,0.74412,0.264,287,202.9448,18.6895,7.557723494,104.4152898
26,30,26030,25.77734255,1.435250383,38.59809567,39.38916776,630.2025258,9.779251823,0.38496438,188.9703881,961.2143184,,,,18.61688394,0.241328656,2.207993699,290.02077,55.398,0,106.1063,9.7715,255.919986,617.4501176
26,31,26031,0.003767607,0.000209776,0.037804207,0.038579009,1.080266795,0.996498946,0.00065989,0.323925131,4.111924931,,20.72,,0,0,0.00378485,0,0,0,0,0,0,0
26,32,26032,0.002511738,0.00013985,0.044104909,0.045008843,0.704266957,0.021017997,0.000430207,0.211179097,19.53164342,,5.18,,0,0,0.002467488,0,0,0,0,0,0,0
26,33,26033,1.059325641,0.058981935,1.609829162,1.642822782,62.35986622,12.04929284,0.038093036,18.6990176,532.4942786,,,,0,0,0.218485623,0,0,0,103.2692,9.5102,1.001496671,0
26,34,26034,0.002511738,0.00013985,0.028353155,0.028934256,0.840765785,0.030452821,0.000513589,0.252109171,3.083943698,,,,0,0,0.002945729,0,0,0,0,0,0,0
26,35,26035,0.39183118,0.021816673,0.400094527,0.408294507,9.085964904,0.342135742,0.005550236,2.724486564,70.97584641,,14.9184,,0,0,0.031833819,0,0,0,64.6851,5.9569,0.394494099,0
26,36,26036,1.845499738,0.102755131,1.427108826,1.456357574,21.71671225,0.465265683,0.013265832,6.511899545,22.66072847,,0.259,,0,0,0.076087229,0,0,0,44.8256,4.1281,0.241818392,79.82207972
26,37,26037,0.012558692,0.000699252,0.10081122,0.102877356,1.103714446,0.098568198,0.000674213,0.330956064,5.185047515,,,,0,0,0.003867002,0,0,0,0,0,0,35.01974323
26,38,26038,0.063421393,0.003531224,0.236276296,0.241118804,3.713940493,0.10986789,0.002268691,1.113649577,48.31511794,,,,0,0,0.013012257,0,0,0,0,0,0.091653381,44.38774507
26,39,26039,0.136261804,0.007586888,0.368591021,0.376145334,5.31842978,0.04953306,0.003248806,1.594766283,6.167887397,,,,0,0,0.018633787,0,0,0,83.788,7.7162,0,0
26,40,26040,0.02197771,0.001223692,0.012601402,0.01285967,1.39429784,1.107852662,0.000851718,0.418089413,12.38091614,,20.41622142,,0,0,0.004885098,0,0,0,0,0,0,0
26,41,26041,1.262776446,0.070309822,0.519807851,0.530461368,9.552405683,0.189961119,0.005835165,2.864351911,6.167887397,,1.554,,0,0,0.033468053,0,0,0,46.717,4.3022,134.353962,0
26,42,26042,6.632872997,0.369310121,6.266047363,6.394470672,124.060686,24.27600457,0.075783487,37.20041576,490.1571003,,,,0,0,0.434662195,0,0,0,189.7052,17.4702,15.84167215,917.6848734
26,43,26043,24.33120921,1.354731476,10.84665715,11.06896055,174.9370649,1.189127132,0.10686174,52.45603389,9.999581842,,2.59,,0,0,0.612913978,19.79172,2.631,0,110.6456,10.1895,11.45803591,0
26,44,26044,0,0,0.025202805,0.025719339,0.311518797,0.110675804,0.000190294,0.093410968,2.055962466,,,,0,0,0.001091445,0,0,0,0,0,0,0
26,45,26045,0.194031786,0.010803449,0.018902104,0.019289504,2.142110436,0.529464302,0.001308526,0.642325957,24.67154959,,,,0,0,0.007505153,0,0,0,54.2825,4.999,0,0
26,46,26046,0.001255869,6.99E-05,0,0,0.352552187,0.00879766,0.000215359,0.105715101,7.195868629,,,,0,0,0.001235211,0,0,0,0,0,0,0
26,47,26047,0.256825244,0.01429971,0.286681905,0.292557482,7.694179313,0.324705697,0.004700053,2.307150465,27.80063464,,,,0,0,0.026957524,0,0,0,74.7094,6.8801,0.000359492,0
26,48,26048,0.700774994,0.03901828,9.126565716,9.313615655,44.16700101,0.084608518,0.026979775,13.24376685,0,,,,0,0,0.154744635,0,0,100.1,254.3903,23.4272,13.54325208,0
26,49,26049,0.010674888,0.000594364,0.022052454,0.022504422,2.490475542,2.97259113,0.001521327,0.746785534,58.68521297,,3.885,,0,0,0.008725694,0,0,0,0,0,0,0
26,50,26050,0.018210103,0.001013916,0.028353155,0.028934256,1.291295657,0.174787908,0.000788799,0.387203528,40.09126808,,,,0,0,0.004524217,0,0,0,0,0,0.236760553,0
26,51,26051,0.025745318,0.001433467,0.10081122,0.102877356,4.254073891,3.342093246,0.002598636,1.275612142,29.8565971,,2.59,,0,0,0.014904682,0,0,0,0,0,0,0
26,52,26052,0.037676075,0.002097757,0.148066479,0.151101117,4.711303092,1.36443814,0.002877938,1.412715337,22.33535664,,13.1054,,0,0,0.016506642,0,0,0,0,0,0,9.429749499
26,53,26053,0.000627935,3.50E-05,0,0,0.249550004,0.008398379,0.00015244,0.074829216,11.30779356,,,,0,0,0.00087433,0,0,0,0,0,0,0
26,54,26054,0,0,0,0,0.195955372,0.07024526,0.000119701,0.058758512,4.111924931,,,,0,0,0.000686554,0,0,0,0,0,0.143568933,0
26,55,26055,4.34907492,0.242151084,8.392534024,8.564539905,136.4569568,1.272727836,0.083355851,40.91751941,569.7434165,,,,0,0,0.478094086,0,0,0,245.8791,22.6434,5.188310673,0
26,56,26056,0.009419019,0.000524439,0.05355596,0.054653595,5.335178102,1.881290066,0.003259037,1.599788378,87.42354614,,,,0,0,0.018692467,0,0,0,32.1534,2.9611,0,0
26,57,26057,0.011930757,0.00066429,0.028353155,0.028934256,1.155634246,0.183953339,0.000705929,0.346524558,5.139906164,,,,0,0,0.00404891,0,0,0,0,0,0,0
26,58,26058,0.674401742,0.03754985,0.967157637,0.986979636,12.51015942,0.438190463,0.007641933,3.751253897,57.56694904,,,,0,0,0.043830915,0,0,0,53.3368,4.9119,0.05383835,0
26,59,26059,0.00690728,0.000384589,0.040954558,0.041793926,1.583553883,0.320155819,0.000967327,0.474839087,21.58760589,,9.324,,0,0,0.00554818,0,0,0,103.0801,9.4928,0,0
26,60,26060,0.001255869,6.99E-05,0.025202805,0.025719339,2.18649349,0.288805111,0.001335637,0.655634509,25.74467217,,,,0,0,0.007660655,0,0,0,0,0,0,0
26,61,26061,0,0,0,0,0.958841458,0.422517605,0.000585716,0.287514942,9.296972446,,,,0,0,0.003359421,0,0,0,0,0,0.024419537,0
26,62,26062,0.00690728,0.000384589,0.025202805,0.025719339,0.912783571,0.138788942,0.000557581,0.27370418,6.213028748,,14.245,,0,0,0.003198052,0,0,0,0,0,0,0
26,63,26063,0.000627935,3.50E-05,0.009451052,0.009644752,0.920320316,0.080144227,0.000562185,0.275964123,4.111924931,,,,0,0,0.003224458,0,0,0,0,0,0,0
26,64,26064,0.002511738,0.00013985,0.05040561,0.051438678,1.377549518,0.266985227,0.000841487,0.413067318,25.69953082,,,,0,0,0.004826418,0,0,0,107.2411,9.876,1.784805392,0
26,65,26065,0.001883804,0.000104888,0.003150351,0.003214917,1.414395827,0.355938179,0.000863995,0.424115927,12.33577479,,,,0,0,0.004955513,0,0,0,0,0,0,0
26,66,26066,0.065305197,0.003636112,0.151216829,0.154316034,6.832478125,0.338821852,0.004173675,2.048763675,87.64925289,,,,0,0,0.023938445,0,0,0,0,0,0,94.22692624
26,67,26067,0.001883804,0.000104888,0.05040561,0.051438678,1.2519371,0.106933764,0.000764756,0.375401605,6.213028748,,5.0246,,0,0,0.004386319,0,0,0,0,0,0,0
26,68,26068,0,0,0,0,1.11376344,0.068392089,0.000680352,0.333969321,16.58312378,,,,0,0,0.00390221,0,0,0,0,0,0,0
26,69,26069,0.055258243,0.00307671,0.198472088,0.202539795,5.188630281,5.435613639,0.003169517,1.555845046,6.825355442,,1.141076,,0,0,0.018179018,0,0,0,0,0,0,0
26,70,26070,0.071584542,0.003985738,1.064818506,1.086642075,10.60922483,0.277065634,0.006480732,3.181246109,95.33813091,,,,0,0,0.037170752,0,0,0,0,0,0,0
26,71,26071,0.135005935,0.007516963,0.573363811,0.585114963,16.81280345,3.355803091,0.010270239,5.041430115,308.591042,,,,0,0,0.058905768,0,0,0,0,0,0.105271287,0
26,72,26072,0.036420206,0.002027832,0.185870686,0.189680126,11.13930923,2.223384605,0.006804538,3.340195417,327.3365177,,,,0,0,0.039027969,0,0,0,0,0,0,0
27,1,27001,0.305176207,0.016991832,0,1.347050383,106.8073744,34.51613333,0.026965963,13.23698702,131.5815978,1.4059672,,,0,0.001705654,0.154665417,0,0,76.3,103.4816,9.5298,0.532185803,273.8489629
27,2,27002,1.903897655,0.106006654,0,9.310400737,444.5812639,81.56129244,0.112244702,55.0984092,138.210802,213.2313288,,,0,0.006442652,0.643788382,0,0,0,0,0,40.66925584,333.3726737
27,3,27003,0.273779478,0.015243701,0,1.999678611,193.4730035,53.4005256,0.048846682,23.97774171,71.95868629,,25.74315687,,0,0.002687409,0.280164015,0,0,0,0,0,0.031929513,10.18934229
27,4,27004,7.788900564,0.433676299,0,48.35878726,1166.211314,41.85418093,0.294436703,144.53238,40.13640943,,,,19.62171665,0.018404103,1.688765037,33.48306,7.198,0,0,0,370.8129261,39.29462508
27,5,27005,0.858386575,0.047793897,0,5.323903184,361.4228637,92.67029241,0.091249463,44.79231684,60.69603409,0.867013107,,,0,0.005119149,0.523368525,0,0,0,0,0,12.17016959,23.5867483
27,6,27006,0.315851095,0.017586196,0,1.777849312,233.5700904,57.7438695,0.058970108,28.94710476,37.00732438,26.2707575,,,0,0.003367174,0.338227727,0,0,0,0,0,1.947067588,17.2869755
27,7,27007,0.276291216,0.015383551,0,1.639607865,53.50195446,7.578103654,0.013507791,6.630672093,40.18155078,0.585819667,,,0,0.000875216,0.077475007,0,0,0,12.6911,1.1687,0.845814745,111.7835675
27,8,27008,1.031068585,0.057408617,0,3.140974282,333.5332021,100.8049775,0.084208081,41.33585993,173.9996764,72.49609503,13.37419417,,0,0.004649116,0.482982118,0,0,0,176.1529,16.2222,38.56047682,174.4156095
27,9,27009,0.080375627,0.004475215,0,0.620479055,69.10922384,17.72768258,0.017448203,8.564932001,11.30779356,,,,0,0.001052137,0.100075552,0,0,0,0,0,37.70255683,8.493888924
27,10,27010,0.229824057,0.012796318,0,1.089856992,153.8986577,38.35271505,0.038855234,19.07316368,13.36375603,,,,0,0.002073265,0.222857272,0,0,0,0,0,0.039257598,1.063813877
27,11,27011,0.046467159,0.002587234,0,0.620479055,59.16093192,24.24607311,0.01493653,7.332007666,20.55962466,,,,0,0.0008545,0.085669649,0,0,0,0,0,5.839322172,32.89511973
27,12,27012,1.315522951,0.073246682,0,3.510689781,301.3724613,75.23879899,0.076088366,37.35007419,50.41622176,,3.9109,,0,0.004251268,0.436410854,0,0,0,62.6747,5.7718,18.59614967,11.02044688
27,13,27013,0.209730151,0.011677514,0,1.845362577,182.5420391,23.08622008,0.04608691,22.62303157,9.251831095,,,,0,0.002558867,0.264335125,0,0,0,0,0,0.970343148,6.648836731
27,14,27014,0.273779478,0.015243701,0,3.185983125,168.7278936,27.96379564,0.042599213,20.91099936,7.195868629,,,,0,0.002373067,0.244331164,0,0,3358.8,0,0,8.678965188,2.576424233
27,15,27015,0.155099842,0.008635766,0,0.829448684,89.76560594,36.83981714,0.022663379,11.12494495,17.47568096,,,,0,0.001188142,0.129987606,0,0,0,51.155,4.7109,117.0200163,14.11215596
27,16,27016,0.324642179,0.018075673,0,1.880726668,104.1369368,18.3868135,0.02629175,12.90603096,32.89539945,,,,0,0.001503513,0.150798415,0,0,0,36.3162,3.3444,141.358603,108.6918585
27,17,27017,0.444577685,0.024753533,0,2.253657085,111.445183,28.61329403,0.028136884,13.8117658,74.05979011,47.47742943,10.29764538,,0,0.001790834,0.161381326,0,0,0,80.0322,7.3703,5.05296012,43.15095038
28,1,28001,0,0,0,0.237903886,45.33472406,0.933290507,0.005822888,2.858325397,291.9466701,,,,0,0.004166797,0.033397637,0,0,0,0,0,0,313.4935995
28,2,28002,0,0,0,0.88410228,108.0139727,6.473649858,0.013873544,6.810211991,539.9609953,,0.2530134,,0,0.010139114,0.079572812,0,0,0,0,0,68.98380104,199.2282718
28,3,28003,5.298512009,0.295014561,0,4.446230739,718.0314563,14.60676969,0.092225486,45.27142471,517.6417454,0.039054644,,,0,0.058173184,0.528966583,0,0,200.8,148.7693,13.7004,37.01983659,703.2490423
28,4,28004,0.047095094,0.002622196,0,0.186465208,32.90083067,4.427516922,0.004225853,2.07437636,88.49666872,41.13755882,1.02881608,,0,0.003229827,0.024237712,0,0,0,0,0,24.40606952,57.34590567
28,5,28005,0.057142047,0.003181598,0,0.070728182,18.36408791,0.529222349,0.002358722,1.157844013,81.21051739,,,,0,0.001903266,0.01352864,0,0,0,0,0,0,58.59388282
28,6,28006,0.010046953,0.000559402,0,0.019289504,28.65132258,5.370532048,0.003680037,1.806447589,9.251831095,,4.690336051,,0,0.002253757,0.021107142,0,0,0,0,0,0,89.82278971
28,7,28007,0.555094171,0.030906953,0,0.504742029,71.81947457,0.097486764,0.009224646,4.528172001,323.8140883,,,1.650766872,0,0.007062889,0.052908688,0,0,0,112.0087,10.315,24.11104515,106.9927928
28,8,28008,0,0,0,0.067513265,15.91076365,2.300266316,0.002043612,1.003163486,264.2814595,,0.76075737,,0,0.001470388,0.0117213,0,0,0,51.3168,4.7258,0,277.0790433
28,9,28009,4.325213405,0.240822505,0,11.35508819,786.0156204,2.277950883,0.100957517,49.55778284,0,,,,0,0.07482641,0.579049836,0,0,0,0,0,99.59437517,0
28,10,28010,0.001883804,0.000104888,0,0.054653595,8.893300434,0.231986739,0.001142274,0.560716912,61.67887397,,,,0,0.000942556,0.006551605,0,0,0,0,0,0.106909845,29.38764401
28,11,28011,0.140029412,0.007796664,0,0.295772399,33.07606812,3.794176706,0.00424836,2.085424969,102.8432646,69.25690282,,,0,0.003175368,0.024366808,0,0,0,0,0,0,114.3850551
28,12,28012,0.45085703,0.025103159,0,1.375984639,157.825217,9.247678577,0.020271406,9.95077913,749.5498495,56.62923444,,,0,0.014569827,0.116268257,0,0,0,172.9474,15.927,0.698732201,1255.795979
28,13,28013,0.129354524,0.007202299,0,0.06108343,57.70489475,6.494878125,0.007411739,3.638256758,231.8629627,,0.60685402,,0,0.005040931,0.042510618,0,0,0,11.5956,1.0679,0,239.9582766
28,14,28014,0.012558692,0.000699252,0,0.292557482,14.80756427,0.017921612,0.001901915,0.93360747,45.27631559,,,,0,0.001600251,0.010908584,0,0,0,0,0,0,3.492050292
28,15,28015,0.364829993,0.02031328,0,0.630123807,57.96376825,0.091235427,0.00744499,3.654578567,308.3943698,,,,0,0.005916461,0.042701328,0,0,0,42.1883,3.8852,0,102.7343055
28,16,28016,0.371737273,0.020697869,0,0.488667442,92.13108774,8.463653747,0.011833513,5.808806238,225.7402167,,,,0,0.008684086,0.06787205,0,0,0,107.5679,9.9061,0,234.0036506
28,17,28017,0.226684384,0.012621505,0,0.392219921,57.99961228,10.04314008,0.007449593,3.65683851,6.258170099,,0.29216273,,0,0.004797961,0.042727734,0,0,0,0,0,0,52.62111628
28,18,28018,0.064677262,0.00360115,0,0.327921573,32.37511833,0.579524105,0.004158329,2.041230533,136.721504,,,,0,0.002968704,0.023850425,0,0,0,0,0,0,108.6889315
28,19,28019,0.057142047,0.003181598,0,0.318276821,68.5775818,8.518175028,0.00880825,4.323772732,209.7533128,,0.11625067,,0,0.0067501,0.050520418,0,0,0,98.6861,9.0881,9.368932636,138.6947138
28,20,28020,0.001255869,6.99E-05,0,0.009644752,9.454856798,1.258292497,0.001214402,0.596122682,47.28713671,,,,0,0.000967691,0.006965298,0,0,0,0,0,0,33.46019098
28,21,28021,1.323058166,0.073666234,0,5.896158478,436.6399431,8.877923945,0.056082962,27.52986953,482.7355249,177.2950676,,,0,0.043451152,0.321668273,0,0,0,139.8876,12.8825,121.8599983,638.5523254
28,22,28022,38.43587581,2.140061775,0,23.28243168,1934.195269,2.020029165,0.248432151,121.9497763,1419.687224,,,1.77388083,0,0.167759678,1.424902285,7.71732,1.417,0,109.2949,10.0651,254.3278829,1322.511282
28,23,28023,0.010046953,0.000559402,0,0.06108343,18.30434787,0.142696198,0.002351049,1.154077442,300.17052,,,,0,0.001829258,0.01348463,0,0,0,0,0,0,507.9980797
28,24,28024,0.096701926,0.005384243,0,0.40507959,25.83557542,0.032504479,0.003318376,1.628916529,67.84676136,,,,0,0.002640554,0.01903281,0,0,0,0,0,0.011781901,14.09699887
28,25,28025,0.183356898,0.010209084,0,2.041472537,92.35809989,0.127609405,0.011862671,5.823119209,158.3091098,,,0.967563954,0,0.009116964,0.068039287,0,0,0,0,0,142.1884244,48.68915835
28,26,28026,0.009419019,0.000524439,0,0.028934256,14.14644117,2.921510673,0.001816999,0.891924081,8.223849862,,14.84945196,,0,0.001182734,0.010421542,0,0,0,0,0,0,41.04292875
28,27,28027,13.62115697,0.758409084,0,17.94566882,1510.968956,0.645797916,0.194072064,95.26562761,42.19237189,,,10.8455169,0,0.123937089,1.113115698,25.02045,3.638,0,64.6394,5.9527,99.00252777,9.487492481
28,28,28028,0.014442495,0.00080414,0,0.077158017,11.71701293,1.464597906,0.001504958,0.738750182,54.48300534,26.73941323,0.9035067,,0,0.001100347,0.008631806,0,0,0,0,0,0,35.7658512
28,29,28029,0.054002374,0.003006785,0,0.33113649,47.97523378,8.074176187,0.006162041,3.024807848,129.5707767,78.7341632,2.33834154,,0,0.004814718,0.035342874,0,0,0,0,0,0,124.2489634
28,30,28030,0.055258243,0.00307671,0,0.723356411,48.64033954,1.861499859,0.006247469,3.066742341,242.6938536,,,,0,0.004535442,0.035832851,0,0,0,0,0,0,166.0619573
28,31,28031,0.009419019,0.000524439,0,0.038579009,6.113397298,0.950997124,0.000785218,0.385445795,4.111924931,,0.20480536,,0,0.000678641,0.004503679,0,0,0,0,0,0,10.84803156
28,32,28032,66.18242121,3.684954924,0,28.45844866,2294.387876,1.632185033,0.294696055,144.6596901,549.3031091,,,11.80737367,17.26429864,0.188275291,1.690252571,34.92099,2.251,0,119.9036,11.0421,155.3990324,820.978756
28,33,28033,2.139373123,0.119117635,0,4.134383753,429.5786706,0.831465197,0.055175997,27.08466081,978.1773377,,,1.236813217,0,0.03802482,0.316466305,0,0,0,62.9124,5.7937,18.12994605,1457.663333
28,34,28034,0.010674888,0.000594364,0,0.051438678,36.13874077,4.618777769,0.004641737,2.278524524,137.7494852,,,,0,0.00355239,0.026623048,0,0,0,0,0,0,197.3298663
28,35,28035,0.510510816,0.028424607,0,1.662112286,232.420612,1.376101718,0.029852597,14.65397114,1556.930772,,,,0,0.020762772,0.171221937,0,0,0,0,0,0.316365868,1831.076979
28,36,28036,0,0,0,0,4.205698727,0.614808494,0.000540189,0.265166619,1.027981233,,0.05060268,,0,0.000344906,0.003098296,0,0,0,0,0,0,0
28,37,28037,0.086654972,0.004824841,0,0.787654759,88.47499737,2.953776988,0.011363917,5.578292075,652.7680828,,,,0,0.008247019,0.065178645,0,0,0,0,0,0,176.7957943
28,38,28038,3.885031263,0.21631371,0,26.27873468,1222.611754,1.475496503,0.157034852,77.08489022,9.296972446,,,,0,0.116731769,0.900685836,108.33615,25.312,508.9,53.7839,4.953,102.0033376,0
28,39,28039,0.133750066,0.007447037,0,0.665487898,98.51530655,13.06585942,0.012653515,6.211327156,74.01464876,,8.835766208,,0,0.008061301,0.07257524,0,0,0,0,0,0.038727546,166.2125236
28,40,28040,2.273123189,0.126564673,0,2.436907375,255.8626033,0.492920614,0.032863537,16.13197372,803.9264654,,,,0,0.022886666,0.188491417,0,0,0,0,0,2.980057382,547.6793809
28,41,28041,5.061780671,0.281833654,0,14.20993483,1228.956146,8.948135634,0.157849739,77.48490009,136.721504,,12.0758229,,17.26429864,0.104741056,0.905359686,9.68877,1.973,0,118.1766,10.8831,159.0086862,124.1764013
28,42,28042,0.006279346,0.000349626,0,0.032149174,24.86380412,2.724035071,0.00319356,1.567646969,127.4696729,,,,0,0.002534429,0.018316916,0,0,0,101.6467,9.3608,0,86.24729302
28,43,28043,0.651168162,0.036256234,0,0.745860833,86.34825199,4.713485974,0.011090753,5.444202138,117.5219567,104.1457185,,,0,0.008481611,0.063611893,0,0,0,114.4759,10.5423,0.307529442,175.9073623
29,1,29001,0,0.003461299,0.0014154,0.112522108,2.00138222,1.073524514,0.00407904,2.002309296,4.111924931,,,,0,0,0.023395657,0,0,0,0,0,0.11464753,5.93157532
29,2,29002,0,0.026221963,0.006672598,0.530461368,3.114014197,0.975723132,0.006346708,3.115456663,2.055962466,,,,0,0,0.036402046,0,0,0,0,0,2.135298888,7.695016631
29,3,29003,0,0.000314664,0.00076836,0.06108343,1.363369478,1.122709872,0.002778699,1.364001015,82.80568397,,,,0,0,0.015937448,0,0,0,16.1082,1.4834,8.057503132,42.82643184
29,4,29004,0,0.007586888,0.00125364,0.099662439,3.764827352,7.483858386,0.007673138,3.766571287,140.8334289,,0.259,,0,0,0.044009888,0,0,0,0,0,0,55.79650452
29,5,29005,0,0.091846794,0.071780979,5.706478353,19.09495334,1.061240201,0.038917642,19.10379846,33.50772614,,,,0,0,0.223215219,0,0,0,14.9576,1.3775,2.400324702,31.31444268
29,6,29006,0,0.074190673,0.019936914,1.584954269,10.77167303,1.618585325,0.02195387,10.77666266,206.6242278,,0.74631072,,0,0,0.125918158,0,0,0,55.4581,5.1072,2.779440349,111.7075182
29,7,29007,0,0.012866243,0.007360078,0.585114963,3.727932044,4.084624314,0.007597941,3.729658888,14.39173726,,,,0,0,0.043578591,0,0,0,16.5684,1.5258,0,8.008008379
29,8,29008,0,0.006503047,0.003275639,0.260408308,3.419216201,4.851616992,0.006968744,3.420800042,121.3017855,,,,0,0,0.039969781,0,0,0,32.6766,3.0092,0,66.70541202
29,9,29009,0,0.000909028,8.09E-05,0.006429835,1.109118138,1.237467443,0.002260506,1.109631901,16.44769972,,0.1036,,0,0,0.012965313,0,0,0,0,0,0.463681526,10.40506713
29,10,29010,0,0.137962486,0.036962149,2.938434487,16.50550509,3.714354056,0.033640058,16.51315073,10.27981233,,1.65400804,,0,0,0.192945218,0,0,0,4.6023,0.4238,1.393408446,28.67309768
29,11,29011,0,0.000559402,0.00056616,0.045008843,0.987137732,0.545010562,0.002011897,0.987594991,96.63023588,,,,0,0,0.011539393,0,0,0,39.8102,3.6662,0,36.09329229
29,12,29012,0,0.003041748,0.00036396,0.028934256,2.131896235,4.179223769,0.004345042,2.132883767,92.5634523,,1.3667134,,0,0,0.024921333,0,0,0,39.1199,3.6026,4.215219207,49.74278608
29,13,29013,0,0.205300486,0.028429312,2.260086919,20.83405259,22.46893857,0.04246212,20.84370329,313.534276,,5.25566285,,0,0,0.243544854,0,0,0,86.9841,8.0105,10.01914043,181.1153468
29,14,29014,0,0.008391028,0.003154319,0.250763556,3.081385693,2.108497026,0.006280207,3.082813046,198.4003779,,0.6156134,,0,0,0.036020627,0,0,0,17.0286,1.5682,0.063031315,77.26315806
29,15,29015,0,0.069890271,0.008047558,0.639768559,8.360928582,4.678998642,0.017040504,8.364801513,87.37840479,,0.1554,,0,0,0.09773716,0,0,0,17.4889,1.6106,0,42.87986946
29,16,29016,0,0.00667786,0.00105144,0.083587852,1.636695944,2.247956734,0.003335769,1.637454091,47.28713671,,1.660552,,0,0,0.019132565,0,0,0,11.2757,1.0384,0,11.37457815
29,17,29017,0,0.008181252,0.002669039,0.212184547,2.168791543,8.018501942,0.004420239,2.169796166,2.055962466,,0.23250134,,0,0,0.02535263,0,0,0,0,0,0,3.801704645
29,18,29018,0,0.073631271,0.004043999,0.321491738,8.557201582,10.87340329,0.01744053,8.56116543,2.055962466,,1.48722436,,0,0,0.100031542,0,0,0,9.2047,0.8477,0.160470175,14.64954059
29,19,29019,0,0.041745364,0.005702038,0.453303351,4.343857798,1.270024062,0.008853266,4.34586995,17.47568096,,,,0,0,0.050778609,0,0,0,0,0,0,15.51981033
29,20,29020,0,0.003146636,0.00109188,0.086802769,1.940392017,0.962794003,0.003954735,1.941290841,87.37840479,,,,0,0,0.022682696,0,0,0,3.6819,0.3391,0,36.87958863
29,21,29021,0,0.021502009,0.006510838,0.517601698,4.020584623,1.522306361,0.008194399,4.022447029,87.37840479,,2.08030006,,0,0,0.046999627,0,0,0,28.5345,2.6278,0,60.52955046
29,22,29022,0,0.005489131,0.00068748,0.054653595,1.34479633,0.572715145,0.002740845,1.345419264,3.083943698,,1.61126675,,0,0,0.015720332,0,0,0,3.4518,0.3179,1.601155953,4.794117504
29,23,29023,0,0.007272224,0.005904238,0.469377938,5.510954277,2.997188353,0.011231939,5.513507049,70.93070506,,,,0,0,0.064421674,0,0,0,0,0,1.836451598,32.71908857
29,24,29024,0,0.01041886,0.002669039,0.212184547,5.522499748,3.975240188,0.01125547,5.525057868,44.20319301,,,,0,0,0.064556638,0,0,0,0,0,0.030639348,20.22995444
29,25,29025,0,0.076113617,0.012617276,1.003054223,17.54058162,14.22140227,0.035749659,17.54870673,20.55962466,,,,0,0,0.205045003,0,0,0,0,0,1.008472878,14.72588004
29,26,29026,0,0.013250832,0.006308638,0.501527112,4.138047236,1.931353379,0.008433801,4.139964053,2.055962466,,0.1295,,0,0,0.048372735,0,0,0,14.4974,1.3351,0,15.2602562
29,27,29027,0,0.006433121,0.002426399,0.192895043,2.65470526,2.446921081,0.005410585,2.655934967,7.195868629,,0.0518,,0,0,0.031032839,0,0,0,0.9205,0.0848,0,5.740726693
29,28,29028,0,0.060170664,0.002992559,0.237903886,5.152040736,3.192944675,0.010500433,5.154427253,3.129085049,,1.96121608,,0,0,0.060226065,0,0,0,8.7444,0.8053,0,28.83341053
29,29,29029,0,0.001643243,0.00109188,0.086802769,2.280481421,0.618081697,0.004647875,2.281537781,7.195868629,,,,0,0,0.026658256,0,0,0,0,0,0,6.313272573
29,30,29030,0,0.002062794,0.00109188,0.086802769,3.380061996,6.882552474,0.006888943,3.381627701,80.18253616,,,,0,0,0.039512078,0,0,0,0,0,0,59.49133393
29,31,29031,0,0.242570635,0.006187318,0.491882359,6.658473654,2.005145961,0.013570711,6.661557977,73.07695023,,1.13720536,,0,0,0.077835888,0,0,0,39.5801,3.645,0.730112735,60.10968348
29,32,29032,0,0.006538009,0.00145584,0.115737026,2.942338069,0.899882677,0.005996813,2.943701013,33.92338068,,,,0,0,0.034395195,0,0,0,0,0,0,17.07713512
29,33,29033,0,0.085203897,0.087188615,6.931361875,22.2664439,2.083755692,0.045381493,22.27675811,23.64356835,,,,12.25044039,0.036086528,0.260289149,0,0,0,0,0,8.890956891,16.23740116
29,34,29034,0,0.050975495,0.006429958,0.511171864,9.543335359,11.56208819,0.019450381,9.547756002,320.775286,,3.430934823,,0,0,0.111559199,0,0,0,55.9184,5.1496,1.168369924,238.8661413
29,35,29035,0,0.002097757,0.00012132,0.009644752,1.306897068,0.691444766,0.002663602,1.307502446,3.083943698,,0.12890134,,0,0,0.015277299,0,0,0,0,0,0,7.60340929
29,36,29036,0,0.018390336,0.007481398,0.594759716,5.314430289,1.072013424,0.010831401,5.316892028,2.055962466,,,,0,0,0.062124358,0,0,0,0,0,0.757567669,1.954289938
29,37,29037,0,0.003985738,0.00093012,0.0739431,2.106546397,6.089943062,0.004293376,2.107522187,26.7726534,,2.06092337,,0,0,0.024624999,0,0,0,0,0,0,32.74199041
29,38,29038,0,0.03727015,0.002588159,0.205754712,3.578342903,1.013704634,0.007293061,3.580000455,24.67154959,,,,0,0,0.041829932,0,0,0,21.631,1.992,0.047273486,24.35228477
29,39,29039,0,0.051674748,0.002830799,0.225044217,5.32095599,4.82440319,0.010844701,5.323420752,30.83943698,,,,0,0,0.062200642,0,0,0,16.7985,1.547,0,22.87129943
29,40,29040,0,0.000349626,0.00109188,0.086802769,2.260151353,2.955353321,0.00460644,2.261198296,54.48300534,,0.36140268,,0,0,0.026420603,0,0,0,0,0,8.233465553,75.98828923
29,41,29041,0,0.131529364,0.011120997,0.88410228,6.374103695,5.049239548,0.012991133,6.377056293,7.195868629,,0.26925603,,0,0,0.074511675,0,0,0,6.6734,0.6146,0.256388609,17.44356449
29,42,29042,0,0.023739617,0.003801359,0.302202234,2.691851556,0.92330629,0.005486293,2.69309847,6.213028748,,,,0,0,0.03146707,0,0,0,2.9915,0.2755,0,5.366663384
29,43,29043,0,0.028774234,0.007238758,0.575470211,7.852425901,1.558342476,0.016004119,7.856063285,27.75549329,,,,0,0,0.091792891,0,0,0,0,0,1.294768267,19.24517552
29,44,29044,0,0.032515234,0.017672275,1.404918896,9.188437634,2.714341573,0.018727059,9.192693882,44.20319301,,,,0,0,0.107410533,0,0,0,0,0,0,12.59600937
29,45,29045,0,0.001887981,0.00028308,0.022504422,1.356341801,0,0.002764376,1.356970082,42.71441589,,,,0,0,0.015855296,0,0,0,26.4634,2.4371,0,27.70358666
29,46,29046,0,0.009020355,0.0006066,0.048223761,1.006714834,0,0.002051797,1.007181162,0.045141351,,,,0,0,0.011768244,0,0,0,0,0,0,2.099334894
29,47,29047,0,0.001293617,0.00056616,0.045008843,0.663613568,0,0.001352518,0.663920965,13.36375603,,0.259,,0,0,0.007757476,0,0,0,0,0,0,6.366710189
29,48,29048,0,0.057058991,0.003154319,0.250763556,3.95457465,0,0.008059864,3.956406479,1.027981233,,,,0,0,0.046227987,0,0,0,10.5854,0.9748,0.073643537,4.595634932
29,49,29049,0,0.002622196,0.00028308,0.022504422,1.122922505,0,0.002288641,1.123442662,17.47568096,,,,0,0,0.013126683,0,0,0,0,0,0,5.076573472
29,50,29050,0,0.006048533,0.003963119,0.315061903,2.595220988,0,0.005289349,2.59642314,1.027981233,,0.34815335,,0,0,0.030337483,0,0,0,0,0,0,6.290370738
29,51,29051,0,0.001573318,0.00084924,0.067513265,0.74142,0,0.001511097,0.741763439,7.195868629,,,,0,0,0.008667014,0,0,0,0,0,0.13656785,2.313085356
29,52,29052,0,0.004300402,0.00072792,0.057868513,1.324717251,0,0.002699921,1.325330883,50.37108041,,0.1554,,0,0,0.015485613,0,0,0,0,0,0,9.427922162
29,53,29053,0,0.06132443,0.0008088,0.064298348,1.774990602,0,0.003617629,1.775812809,4.111924931,,,,0,0,0.020749195,0,0,0,0,0,0,2.313085356
29,54,29054,0,0.005628981,0.00088968,0.070728182,1.231600521,0,0.002510139,1.23217102,1.027981233,,,,0,0,0.014397101,0,0,0,0,0,0,3.962017492
29,55,29055,0,0.001118804,0.00084924,0.067513265,0.630985064,0,0.001286018,0.631277348,8.223849862,,,,0,0,0.007376057,0,0,0,0,0,0,26.12336003
29,56,29056,0,0.00227257,0.00044484,0.035364091,1.545336134,0,0.003149567,1.546051961,9.251831095,,,,0,0,0.018064592,0,0,0,0,0,0,2.778756006
29,57,29057,0,0.00146843,0.0002022,0.016074587,0.945222654,0,0.001926469,0.945660498,11.30779356,,,,0,0,0.011049416,0,0,0,0,0,0,3.26732849
29,58,29058,0,0.004929729,0.002021999,0.160745869,1.76369612,0,0.003594609,1.764513095,3.083943698,,0.19275335,,0,0,0.020617166,0,0,0,6.4433,0.5934,0,3.557418403
29,59,29059,0,0.105167551,0.00068748,0.054653595,1.381942627,0,0.002816553,1.382582767,1.027981233,,,,0,0,0.016154563,0,0,0,0,0,0,1.328306442
29,60,29060,0,0.055171009,0.00129408,0.102877356,1.15856287,0,0.00236128,1.159099537,5.139906164,,,,0,0,0.01354331,0,0,0,3.912,0.3603,0,0.816832123
30,1,30001,0,0,0,0.025719339,16.45751888,5.331896338,0.00396292,1.945308517,5.139906164,,0.260814735,,0,0,0.02272964,0,0,0,23.6491,2.1779,0.762639656,2.04156273
30,2,30002,0.154471907,0.008600804,0,0.054653595,5.986483567,0.637380194,0.001441527,0.707613192,1.027981233,0.195273222,,,0,0,0.008267991,0,0,0,0,0,0,2.18738864
30,3,30003,0.645516751,0.03594157,0,4.314419126,172.8177566,30.81783649,0.041613983,20.42737161,117.2350019,34.0531765,0.22771206,,0,0,0.238680294,0,0,0,0,0,52.18777872,55.88291888
30,4,30004,0.049606832,0.002762047,0,0.298987316,76.69836859,11.7716976,0.018468731,9.065885982,113.0779356,77.08800994,,,0,0,0.105928867,0,0,0,0,0,0,99.11665535
30,5,30005,0.034536402,0.001922944,0,0.141456365,9.973931989,0.657902661,0.002401692,1.178936813,8.223849862,25.48380641,,,0,0,0.013775095,0,0,0,0,0,0,14.0381742
30,6,30006,0.027001187,0.001503393,0,0.115737026,41.85652438,12.48078818,0.010078922,4.947516937,10.27981233,,0.0518,,0,0,0.057808455,0,0,0,87.1561,8.0263,0,24.13418799
30,7,30007,0.010046953,0.000559402,0,0.090017687,12.0706883,4.188470487,0.002906584,1.426777203,10.38620178,37.85696868,,,0,0,0.016670946,0,0,0,51.0182,4.6983,0,24.18158141
30,8,30008,0.005023477,0.000279701,0,0.032149174,20.17092316,7.999905356,0.004857096,2.384239624,0,,0.117651231,,0,0,0.027858259,0,0,0,0,0,0,10.7765347
30,9,30009,0.139401477,0.007761701,0,0.768365254,53.03072721,10.88620298,0.012769635,6.268327935,7.195868629,1.952732222,3.49158492,,0,0,0.073241256,0,0,0,0,0,0,47.63869971
30,10,30010,0.822594303,0.045801028,0,1.022343727,128.6647848,44.15239183,0.030982083,15.20841044,61.72401532,0.065091074,,,0,0,0.177700193,0,0,0,0,0,0,46.43772613
30,11,30011,0.216637431,0.012062103,0,3.137759365,102.8111635,3.788580963,0.024756611,12.1524656,24.71669094,1.718404356,0.1265067,,0,0,0.141993504,0,0,0,101.7707,9.3722,26.46359608,4.469564121
30,12,30012,0.033280533,0.001853019,0,0.106092274,15.37621294,0.402423198,0.003702545,1.817496198,32.89539945,49.99801618,,,0,0,0.021236238,0,0,0,0,0,0,24.53253577
30,13,30013,0.281942628,0.015698215,0,1.906446007,56.85247453,7.521559873,0.0136899,6.720065385,34.95136191,,,,0,0,0.078519509,0,0,0,0,0,0.533384733,5.738249532
30,14,30014,1.156655501,0.06440114,0,0.954830462,82.21749006,13.75083123,0.019797718,9.718256129,25.64818599,28.00218007,0.05060268,,0,0,0.11355138,0,0,0,55.2697,5.0899,1.103167131,24.10502281
30,15,30015,0.138145608,0.007691776,0,0.929111123,71.41717692,14.81187691,0.017197036,8.441639567,32.06409037,84.6183963,,,0,0.000563852,0.098634962,0,0,0,0,0,0,53.22159604
30,16,30016,0.676285546,0.037654738,0,2.768043866,56.95656881,2.048133192,0.013714966,6.732369518,9.864157789,30.04603979,,,0,0.001691556,0.078663274,0,0,0,52.6125,4.8452,10.85825911,16.99114887
30,17,30017,0.016326299,0.000909028,0,0.070728182,7.509659123,2.722718595,0.001808303,0.8876553,5.139906164,,0.36686943,,0,0,0.010371664,0,0,0,16.4746,1.5172,0,11.03440351
30,18,30018,0.004395542,0.000244738,0,0,3.337390235,1.621016044,0.000803633,0.394485566,1.027981233,,,,0,0,0.004609302,0,0,0,0,0,0,2.517927368
30,19,30019,0.001883804,0.000104888,0,0.041793926,9.808230883,4.381277126,0.002361792,1.159350642,0,,,,0,0,0.013546244,0,0,0,0,0,0,6.897565511
30,20,30020,0.024489449,0.001363542,0,0.144671282,20.91020502,8.929446558,0.005035113,2.471624078,0,,0.22771206,,0,0,0.028879289,0,0,0,0,0,0,5.368823895
30,21,30021,0.722752705,0.040241972,0,1.015913893,44.65857258,7.599044331,0.010753646,5.278724106,0,35.96932753,0.02530134,,0,0,0.061678391,0,0,0,20.7261,1.9087,0,30.84704068
30,22,30022,0.08225943,0.004580103,0,0.218614382,39.99769787,8.971178211,0.009631322,4.727800279,4.111924931,39.05464444,,,0,0,0.055241212,0,0,0,0,0,0,22.28705981
30,23,30023,0.182728964,0.010174121,0,0.225044217,91.0081462,40.73256846,0.021914481,10.75732759,11.35293491,1.137791975,0.2918634,,0,0,0.125692241,0,0,0,0,0,0.067935713,110.3780612
30,24,30024,0.031396729,0.001748131,0,0.054653595,29.75184612,13.18363444,0.007164153,3.516722058,3.129085049,30.02000336,0.05060268,,0,0,0.041090566,0,0,0,0,0,0,40.99428798
30,25,30025,0.126842786,0.007062449,0,0.086802769,55.28256276,25.37248642,0.013311871,6.534498973,22.61558712,,0.662202785,,0,0,0.076351288,0,0,0,0,0,0,30.64288441
30,26,30026,0.129354524,0.007202299,0,0.951615545,42.57456251,0.848656401,0.010251823,5.032390344,0,0.039054644,,,0,0.001127704,0.058800145,0,0,0,18.6004,1.7129,4.605504982,0.257625773
30,27,30027,0.023861514,0.001328579,0,0.083587852,36.6390639,21.09798742,0.008822574,4.330803665,1.073122584,,,,0,0,0.05060257,0,0,0,0,0,0.576649055,61.69894223
30,28,30028,0.939390136,0.052304075,0,27.06638944,309.7399799,1.243309735,0.074584432,36.61182622,5.139906164,,,,0,0,0.427784916,0,0,0,10.6288,0.9788,30.97448367,0.087495546
30,29,30029,0.00690728,0.000384589,0,0.009644752,29.17826536,15.02267982,0.007026036,3.448923775,0,,0.11385603,,0,0,0.040298388,0,0,0,0,0,0,10.71820433
30,30,30030,0.364202058,0.020278318,0,2.263301837,82.74645898,2.286881245,0.019925092,9.780781212,0,,0.756299664,,0,0,0.114281944,0,0,0,12.2231,1.1256,0.216857946,1.132581229
30,31,30031,0.004395542,0.000244738,0,0.028934256,29.30147901,10.3130488,0.007055706,3.46348785,4.679110274,37.03682115,,,0,0,0.040468559,0,0,0,0,0,0.709432239,26.58406327
30,32,30032,0.369853469,0.020592981,0,2.407973119,101.0585556,28.78823694,0.024334588,11.94530418,16.44769972,1.171639333,,,0,0,0.13957296,0,0,0,0,0,1.911919883,22.13637303
30,33,30033,0.046467159,0.002587234,0,0.27005306,49.5488796,18.57200593,0.011931217,5.856767246,75.08777134,,,,0,0,0.068432442,0,0,0,0,0,0,48.61835817
30,34,30034,0.172054076,0.009579757,0,1.183089596,53.75088971,7.581166955,0.012943048,6.353452446,8.223849862,,,,0,0,0.07423588,0,0,0,0,0,0.000804502,2.812009618
30,35,30035,0.106120944,0.005908682,0,0.263623225,23.95655613,11.2626462,0.005768665,2.831708293,4.111924931,,,,0,0,0.033086634,0,0,0,0,0,0,1.30757232
30,36,30036,0.055258243,0.00307671,0,0.234688969,18.81982183,4.350076482,0.004531755,2.224537002,3.083943698,,0.20241072,,0,0,0.02599224,0,0,0,0,0,0,3.674812915
30,37,30037,0.06844487,0.003810925,0,0.118951943,16.40440955,8.747740498,0.003950131,1.939030898,3.083943698,,,,0,0,0.02265629,0,0,0,0,0,0,7.252408557
30,38,30038,2.148792142,0.119642075,0,3.089535604,175.2098008,13.83023137,0.042189979,20.71011556,5.752232858,38.94438017,0.31626675,,0,0,0.24198397,0,0,0,6.9087,0.6362,2.491095315,63.58471428
30,39,30039,11.03092681,0.61418829,0,23.7485947,614.5237973,8.930824249,0.147975434,72.63782505,6.167887397,,,,0,0.037778084,0.848724827,0,0,545.9,49.6896,4.576,107.5829051,9.770335924
30,40,30040,0.133122132,0.007412075,0,0.848738189,97.42587752,13.88697416,0.023459851,11.51591505,29.81145575,,,,0,0,0.134555832,0,0,0,0,0,0.598459995,28.75200845
30,41,30041,0.014442495,0.00080414,0,0.019289504,4.352840606,2.209028229,0.001048151,0.514513638,0,1.536149348,,,0,0,0.006011751,0,0,0,0,0,0,4.029655961
30,42,30042,0.025745318,0.001433467,0,0.115737026,11.79876853,4.501029125,0.002841107,1.394635795,1.027981233,,,,0,0,0.016295395,0,0,0,0,0,0,5.113628553
30,43,30043,0.043955421,0.002447383,0,0.093232604,36.50947714,16.64441691,0.008791369,4.315486275,27.95216544,9.242932519,,,0,0,0.050423596,0,0,0,0,0,0,47.24487254
30,44,30044,4.121762601,0.229494617,0,15.27407248,406.8280821,16.86965862,0.097962947,48.08781562,9.296972446,64.7656187,0.07590402,,0,0.010149336,0.561874244,0,0,0,31.8864,2.9365,25.98253713,43.66513811
30,45,30045,0.448973227,0.024998271,0,2.867706304,116.8107826,7.056336886,0.028127676,13.80724592,178.7400348,241.0478692,,,0,0,0.161328514,0,0,0,101.505,9.3477,0.11370293,98.87531347
30,46,30046,0.104237141,0.005803794,0,0.202539795,31.28139479,16.20985379,0.007532463,3.69751748,2.055962466,1.353894341,1.16386164,,0,0,0.04320304,0,0,0,0,0,0,22.13219269
30,47,30047,0.386179768,0.021502009,0,1.257032696,107.4295507,34.67650577,0.025868704,12.69836733,11.30779356,,,,0,0,0.148372003,0,0,0,0,0,0.310779214,30.00125041
30,48,30048,0.858386575,0.047793897,0,2.835557131,234.3332302,31.1801717,0.056426719,27.69861193,7.24100998,,,,0,0.00845778,0.323639916,25.4241,6.337,0,10.0974,0.9299,4.169107417,13.67603986
30,49,30049,0.177077552,0.009859458,0,0.160745869,39.86173799,11.50548473,0.009598584,4.711729575,113.123077,2.08291437,,,0,0,0.055053436,0,0,0,0,0,1.773580596,34.18645401
30,50,30050,0.064049327,0.003566187,0,0.144671282,33.32504177,17.14113065,0.008024567,3.939080251,10.27981233,,,,0,0,0.046025541,0,0,0,0,0,0,17.84423044
30,51,30051,0.195287655,0.010873374,0,0.41793926,45.09194471,21.87399062,0.010858001,5.329949475,10.27981233,,,,0,0,0.062276926,0,0,0,0,0,0,19.91009749
30,52,30052,0.695751518,0.038738579,0,0.231474051,22.40576373,5.09152972,0.005395239,2.648401824,5.139906164,50.77103778,,,0,0,0.030944819,0,0,0,29.7606,2.7407,0,25.49522981
30,53,30053,0.53437233,0.029753187,0,1.076997323,46.74470703,3.908645938,0.011255981,5.525308973,12.90296014,36.16460076,0.24036273,,0,0,0.064559572,0,0,0,0,0,0,20.54200976
30,54,30054,0.093562253,0.00520943,0,0.472592855,23.71012885,3.061462978,0.005709326,2.802580142,94.41653914,75.7902241,,,0,0,0.032746291,0,0,0,32.6835,3.0099,0,34.97376809
30,55,30055,0.016326299,0.000909028,0,0.006429835,28.81712192,13.17240106,0.006939074,3.406235967,19.57678477,,,,0,0,0.039799609,0,0,0,0,0,0,19.8809323
30,56,30056,0.01507043,0.000839103,0,0.01285967,15.31885486,8.744609518,0.003688733,1.81071637,13.45403873,,,,0,0,0.02115702,0,0,0,0,0,0,8.65719815
30,57,30057,0.027629122,0.001538355,0,0.051438678,26.6183957,9.322573052,0.006409628,3.146342548,0,,,,0,0,0.036762927,0,0,0,0,0,0,17.59389596
30,58,30058,0.050234767,0.002797009,0,0.485452525,117.5500645,61.70130758,0.028305693,13.89463037,50.37108041,,,,0,0,0.162349544,0,0,0,0,0,0,138.3450402
30,59,30059,0.281942628,0.015698215,0,0.302202234,30.20646197,8.003403012,0.007273623,3.570458475,13.45403873,,,,0,0,0.04171844,0,0,0,34.5436,3.1812,12.86732723,8.87107615
30,60,30060,0.150076365,0.008356065,0,0.260408308,31.05621124,11.74017586,0.00747824,3.670900376,26.72751205,,,,0,0,0.042892037,0,0,0,0,0,0,6.144131646
30,61,30061,0.318362833,0.017726047,0,2.36939411,143.2910941,33.47406114,0.034504053,16.93726666,36.0244845,,0.10120536,,0,0,0.197900732,0,0,0,95.3934,8.7849,0.302671478,117.8613608
30,62,30062,0.04521129,0.002517308,0,0.292557482,36.37989038,7.580365027,0.008760165,4.300168885,1.027981233,31.30880663,,,0,0,0.050244622,0,0,0,0,0,0.009207077,22.68565063
30,63,30063,0.059025851,0.003286486,0,0.141456365,31.45134464,15.98128364,0.007573387,3.71760586,53.4550241,,,,0,0,0.04343776,0,0,0,0,0,0,10.29895485
30,64,30064,0.009419019,0.000524439,0,0.016074587,7.326963031,3.980146412,0.00176431,0.866060291,0,,,,0,0,0.01011934,0,0,0,0,0,0,5.264315326
30,65,30065,0.281942628,0.015698215,0,1.041633232,110.49927,13.70527025,0.026607883,13.0612137,19.53164342,6.555972981,11.61952313,,0,0,0.152611623,0,0,0,103.8965,9.568,0.190488163,57.5388693
30,66,30066,0.076608019,0.004265439,0,0.40507959,55.00851862,25.27672654,0.013245882,6.50210646,52.51732557,,,,0,0,0.075972803,0,0,0,0,0,0,27.30833195
30,67,30067,0.03830401,0.00213272,0,0.128596695,35.808434,20.09256541,0.00862256,4.232621707,0,,,,0,0,0.049455378,0,0,0,0,0,0,3.912995233
30,68,30068,0.729659985,0.040626561,0,2.706960435,118.3020926,7.025291086,0.028486779,13.98352145,3.129085049,16.27276852,,,0,0,0.163388177,0,0,0,15.9432,1.4682,3.191816435,18.18449089
30,69,30069,0.178961356,0.009964346,0,1.09307191,50.65992676,10.88610616,0.012198754,5.988095031,94.57427342,,,,0,0.000563852,0.06996692,0,0,0,0,0,0,52.24213201
30,70,30070,0.078491823,0.004370327,0,0.308632069,35.8636677,15.67430601,0.008635861,4.239150431,20.55962466,,1.5300536,,0,0,0.049531662,0,0,0,0,0,0,52.31869062
30,71,30071,0.578327751,0.03220057,0,2.723035022,108.7339159,24.43121153,0.026182791,12.85254565,11.30779356,13.66912556,,,0,0.004510816,0.150173475,0,0,0,0,0,1.976764312,52.82528982
30,72,30072,0.035792271,0.001992869,0,0.253978473,43.17576012,16.10027064,0.01039659,5.103452988,6.27427685,,2.60629321,,0,0,0.059630465,0,0,0,0,0,29.61879596,33.2385856
30,73,30073,0.304548273,0.016956869,0,0.790869676,81.46546197,29.57609336,0.019616632,9.629365046,61.35350213,92.67263562,,,0,0,0.112512746,0,0,0,0,0,0,107.8728207
30,74,30074,0.092306384,0.005139505,0,0.048223761,13.57049575,0.849405528,0.003267734,1.604057159,0,,,,0,0,0.018742344,0,0,0,7.9716,0.7341,0.798111268,0.437477728
30,75,30075,0.06028172,0.003356411,0,0.726571328,35.9741351,10.75132803,0.008662461,4.252207878,24.67154959,,,,0,0,0.04968423,0,0,0,0,0,0,3.41475671
30,76,30076,0.003139673,0.000174813,0,0.019289504,29.69661241,16.1930681,0.007150853,3.510193334,0,,0.10120536,,0,0,0.041014282,0,0,0,0,0,0,18.71432503
30,77,30077,0.243010683,0.013530533,0,1.932165346,79.93166454,12.61898924,0.019247298,9.448067415,205.6413879,3.905464444,,,0,0,0.110394404,0,0,0,62.1784,5.7261,0,68.5624817
30,78,30078,0.048978897,0.002727084,0,0.067513265,27.52762742,14.97753508,0.006628568,3.253815382,5.139906164,,,,0,0,0.038018675,0,0,0,0,0,0,20.45451421
30,79,30079,0.034536402,0.001922944,0,0.045008843,22.17420705,10.44701097,0.005339481,2.621031406,0,,0.07590402,,0,0,0.030625014,0,0,0,0,0,0,6.818576477
30,80,30080,0.197799394,0.011013224,0,0.234688969,41.69507202,16.22158762,0.010040045,4.928432976,2.055962466,,0.45542412,,0,0,0.057585472,0,0,0,0,0,0,37.91031304
30,81,30081,0.135005935,0.007516963,0,0.234688969,37.86057847,5.598682312,0.00911671,4.475188898,0,3.905464444,0.13915737,,0,0,0.052289615,0,0,0,0,0,0,2.537370822
30,82,30082,0.128098655,0.007132374,0,0.321491738,31.03921625,5.05317024,0.007474148,3.668891538,1.027981233,,,,0,0,0.042868565,0,0,0,18.6004,1.7129,0,8.292633377
30,83,30083,0.051490636,0.002866935,0,0.112522108,106.7667463,61.55064257,0.025709103,12.62002265,42.14723054,,,,0,0,0.147456598,0,0,0,0,0,0,82.09512608
30,84,30084,0.014442495,0.00080414,0,0.038579009,11.66918177,1.476031712,0.002809903,1.379318405,77.6657778,57.66079779,,,0,0,0.016116421,0,0,0,0,0,0,24.40518114
30,85,30085,3.458035747,0.192539131,0,1.748915056,134.3750999,18.91534623,0.032357109,15.88338001,8.223849862,79.12470965,0.75596809,,0,0,0.185586765,0,0,0,21.2576,1.9576,20.93687688,47.93783726
30,86,30086,1.119607361,0.062338346,0,0.340781242,87.64738786,32.1131361,0.021105221,10.36007988,48.49568334,,0.22831072,,0,0,0.121050665,0,0,0,0,0,0,44.47194426
30,87,30087,3.966662759,0.22085885,0,32.58318766,895.8396644,12.58977284,0.215715427,105.8898697,8.268991213,6.600234911,,,0,0,1.237252923,0,0,0,42.7809,3.9398,80.42827587,14.315049
30,88,30088,0.057142047,0.003181598,0,0.411509425,10.53901525,3.821239969,0.002537762,1.245730677,0,0.624874311,,,0,0,0.014555537,0,0,0,0,0,0,15.86226189
30,89,30089,0.462159853,0.025732486,0,1.787494064,79.8955502,16.211369,0.019238602,9.443798634,25.69953082,,,,0,0,0.110344526,0,0,0,33.215,3.0588,55.75874468,25.11122158
30,90,30090,0.033908467,0.001887981,0,0.257193391,20.63191214,4.551139652,0.004968101,2.438729356,19.53164342,0.195273222,,,0,0,0.028494936,0,0,0,0,0,0,6.462518215
30,91,30091,0.092934318,0.005174467,0,0.527246451,49.25784048,17.0639475,0.011861136,5.822365895,108.9660107,,,,0,0,0.068030485,0,0,0,77.5902,7.1454,0,32.33932582
30,92,30092,0.371737273,0.020697869,0,1.089856992,73.75398739,21.37706179,0.017759733,8.717854795,4.679110274,0.390546444,0.02677734,,0,0,0.101862353,0,0,0,0,0,0.008402575,20.9722448
30,93,30093,0.200311132,0.011153075,0,0.144671282,29.26111592,3.972166833,0.007045986,3.45871686,1.073122584,9.873014116,,,0,0,0.040412813,0,0,0,19.1318,1.7619,0,11.19651332
30,94,30094,0.166402664,0.009265093,0,1.292396787,74.04927526,18.4628512,0.017830837,8.752758356,169.6169034,,,,0,0,0.102270178,0,0,0,132.0628,12.1619,0,65.73831992
30,95,30095,0.117423767,0.006538009,0,0.424369094,32.64311799,12.31272154,0.007860362,3.858475626,1.027981233,,,,0,0,0.04508373,0,0,0,0,0,0,28.71798241
30,96,30096,0.005023477,0.000279701,0,0.009644752,3.065470471,0.672952632,0.000738156,0.362344158,0,,,,0,0,0.004233751,0,0,0,0,0,0,1.711024003
30,97,30097,0.776755079,0.043248757,0,1.240958109,38.72732272,0.845543885,0.00932542,4.577639637,5.336578319,28.64007259,,,0,0,0.053486684,0,0,0,0,0,0,13.85832225
30,98,30098,0,0,0,0.019289504,6.243532719,2.684579515,0.001503423,0.737996867,0,,0.2530134,,0,0,0.008623004,0,0,0,0,0,0,1.861710776
30,99,30099,0.220405039,0.012271879,0,0.231474051,31.40673281,6.799563511,0.007562644,3.71233266,3.651129042,,4.848635407,,0,0,0.043376146,0,0,0,66.6957,6.1421,0,11.32581229
30,100,30100,0.089166711,0.004964692,0,0.228259134,43.42856052,9.178620646,0.010457463,5.133334454,41.11924931,22.30020198,,,0,0,0.05997961,0,0,0,45.1724,4.16,0,29.89188098
30,101,30101,0.081003561,0.004510178,0,0.556180707,65.63675755,8.957015401,0.015805129,7.758383536,10.32495368,58.84233096,0.34216675,,0,0,0.090651568,0,0,0,0,0,2.686974604,34.50241014
30,102,30102,0.900458192,0.050136393,0,4.401221896,212.6157634,31.63604392,0.05119722,25.13156804,162.4210348,9.151805015,,,0,0.021990228,0.293645711,0,0,0,0,0,0.863677441,180.127663
30,103,30103,0.012558692,0.000699252,0,0.070728182,25.76014895,14.56598766,0.006202964,3.044896228,0,,,,0,0,0.035577594,0,0,0,0,0,0,8.093337967
30,104,30104,0.063421393,0.003531224,0,0.141456365,28.35400858,13.48599437,0.006827558,3.351495131,9.251831095,,0.48072546,,0,0,0.039159999,0,0,0,0,0,0,31.33798791
30,105,30105,0.382412161,0.021292234,0,1.163800092,87.22038886,7.818062293,0.021002401,10.30960782,93.54629218,0.442619304,,,0,0,0.120460932,0,0,0,98.3164,9.0541,0,14.97875132
30,106,30106,0.108004748,0.00601357,0,0.035364091,8.665318122,2.517078452,0.002086582,1.024256285,0,,,,0,0,0.011967756,0,0,0,0,0,0,3.031963698
30,107,30107,0.001255869,6.99E-05,0,0.01285967,6.532447469,2.687328848,0.001572993,0.772147114,0,,,,0,0,0.009022027,0,0,0,0,0,18.97731238,3.567873915
30,108,30108,4.936193754,0.274841131,0,11.18791249,323.8436934,37.67066554,0.077980562,38.27891067,17.52082231,,,,0,0,0.447263693,0,0,0,0,0,6.603351268,79.42165108
30,109,30109,0.513650489,0.028599421,0,2.350104606,122.1280886,28.18210978,0.029408067,14.43576111,57.10615315,7.687516213,,,0,0,0.168672298,0,0,0,0,0,0,74.07567324
30,110,30110,0.003767607,0.000209776,0,0.01285967,22.38027125,9.792208772,0.0053891,2.645388567,0,,0.74638953,,0,0,0.030909612,0,0,0,0,0,0,7.412817057
30,111,30111,0.087282907,0.004859804,0,0.507956946,33.03187828,7.644546211,0.007953974,3.904427796,7.195868629,,,,0,0,0.04562065,0,0,0,40.6551,3.744,0,7.437121375
30,112,30112,0.362318254,0.02017343,0,0.511171864,40.41407501,5.848154378,0.009731585,4.77701681,4.111924931,16.90285012,1.69518978,,0,0,0.055816274,0,0,0,0,0,0.002324116,11.75842915
30,113,30113,0.018210103,0.001013916,0,0.06108343,9.763619046,5.007078524,0.002351049,1.154077442,0,0.663928956,,,0,0,0.01348463,0,0,0,0,0,0,5.8962276
30,114,30114,0.022605645,0.001258654,0,0.27005306,21.01642368,4.917732939,0.00506069,2.484179316,102.7981233,5.562813373,,,0,0.000563852,0.029025988,0,0,0,0,0,0,15.58733145
30,115,30115,0.313339357,0.017446346,0,1.212023853,66.88588896,23.82061071,0.016105916,7.90603313,5.707091507,,0.413840745,,0,0,0.092376755,0,0,0,18.6004,1.7129,0,5.857340691
30,116,30116,0.170798206,0.009509832,0,0.733001163,29.20588221,6.631239118,0.007032686,3.452188136,10.27981233,,,,0,0,0.04033653,0,0,0,24.1805,2.2268,0.284167935,2.114475685
30,117,30117,0.062165524,0.003461299,0,0.295772399,44.76903999,14.96964698,0.010780247,5.291781553,48.88230328,175.4594993,0.03795201,,0,0,0.061830959,0,0,0,26.0405,2.3981,0,77.05927135
30,118,30118,4.109831844,0.228830327,0,14.23886908,249.5288715,1.004338712,0.060085782,29.49476422,2.055962466,,0.232772328,,0,0.003383112,0.344626765,0,0,0,15.9432,1.4682,50.21991248,0
30,119,30119,0.051490636,0.002866935,0,0.543321038,11.95597215,0.933299671,0.002878961,1.413217547,37.20399654,31.82797304,,,0,0,0.01651251,0,0,0,7.1744,0.6607,0,16.67810925
30,120,30120,0.108004748,0.00601357,0,0.40507959,28.34551108,7.47598391,0.006825512,3.350490712,1.027981233,,,,0,0,0.039148263,0,0,0,0,0,0,2.090171367
30,121,30121,0.227312319,0.012656467,0,0.334351408,48.99654258,14.00960584,0.011798216,5.79148001,373.2023289,17.57459,,,0,0,0.067669604,0,0,0,117.4482,10.816,0,27.25729288
30,122,30122,0.150076365,0.008356065,0,0.350425995,32.44980003,14.34504325,0.007813812,3.835625093,6.167887397,,,,0,0,0.044816736,0,0,0,0,0,0,15.44782466
30,123,30123,1.558533634,0.086777215,0,2.668381427,190.1993778,19.86000656,0.045799423,22.4819107,817.2066631,156.2185778,,,0,0,0.262686221,0,0,0,114.2595,10.5223,1.288275645,210.1643005
30,124,30124,0.784290294,0.043668308,0,2.925574817,311.8091194,100.1965797,0.075082674,36.85640225,286.8067639,,,,0,0,0.430642625,0,0,0,0,0,6.068268141,175.2730213
30,125,30125,0.474718545,0.026431738,0,0.948400628,57.85305428,11.19495803,0.013930837,6.838335723,63.5609954,129.8566928,,,0,0,0.079901419,0,0,0,44.1095,4.0621,0,61.21285587
30,126,30126,0.116795832,0.006503047,0,0.430798929,61.75552778,9.966625976,0.014870541,7.299615153,73.66024232,45.06905969,,,0,0.001127704,0.085291163,0,0,0,0,0,0,75.24009313
30,127,30127,0.025745318,0.001433467,0,0.122166861,42.5915575,17.75180532,0.010255916,5.034399182,0,,0.20241072,,0,0,0.058823617,0,0,0,0,0,0,11.0438822
30,128,30128,1.052418361,0.058597346,0,2.340459854,140.7588413,18.87286453,0.033894295,16.63794979,143.5920008,,3.338804485,,0,0,0.194403412,0,0,0,72.0101,6.6315,10.55449052,96.61452579
30,129,30129,0.121819309,0.006782748,0,0.456518268,38.73794458,14.71069278,0.009327978,4.578895161,51.39906164,,,,0,0,0.053501354,0,0,0,0,0,0,27.10903654
30,130,30130,0.290105777,0.016152729,0,1.395274144,76.72598544,30.39293853,0.018475381,9.069150344,83.26647986,,,,0,0,0.105967009,0,0,0,0,0,0,87.32541536
30,131,30131,2.783634005,0.15498928,0,15.26121281,417.6538878,7.025814309,0.100569768,49.36744543,10.27981233,,,,0,0,0.57682587,0.35568,0.384,0,0,0,55.12509318,0
30,132,30132,0.146936692,0.008181252,0,0.141456365,33.90499564,11.90551357,0.008164218,4.007631849,2.055962466,,0.36528876,,0,0,0.046826521,0,0,0,49.4239,4.5515,0,7.928068603
30,133,30133,1.334360988,0.074295561,0,1.337405631,116.6769471,5.991475395,0.028095449,13.79142632,41.11924931,4.699575548,,,0,0,0.161143673,0,0,0,65.1014,5.9953,0,2.231136413
30,134,30134,0.021349776,0.001188729,0,0.321491738,43.23311819,11.06286164,0.010410401,5.110232817,83.46315201,60.08557048,0.03795201,,0,0,0.059709682,0,0,0,53.9411,4.9675,15.25279313,74.20351396
30,135,30135,0.07535215,0.004195514,0,0.446873516,41.16610311,10.02237936,0.009912671,4.865907893,0,0.963347896,1.11325896,,0,0,0.056854908,0,0,0,0,0,0,4.467133689
30,136,30136,0.043955421,0.002447383,0,0.077158017,13.67459004,1.561986247,0.003292799,1.616361291,0,,,,0,0,0.01888611,0,0,0,20.7261,1.9087,0,1.28083757
30,137,30137,0.011302822,0.000629327,0,0.003214917,11.28891898,4.862425916,0.002718337,1.334370654,0,,0.02530134,,0,0,0.015591236,0,0,0,0,0,0,4.287281734
30,138,30138,0.379900423,0.021152383,0,1.90323109,84.71362853,1.039316556,0.02039878,10.01330421,0,1.562185778,0.21506139,,0,0,0.116998821,0,0,0,11.9574,1.1012,0.414854793,0.865233729
30,139,30139,0.016326299,0.000909028,0,0.173605539,12.37447366,1.207080908,0.002979735,1.462685183,14.43687861,16.27276852,,,0,0,0.017090507,0,0,0,0,0,0,10.62584793
30,140,30140,0.003767607,0.000209776,0,0.019289504,5.718812549,2.063890844,0.001377072,0.675973994,0,,0.5060268,,0,0,0.007898308,0,0,0,0,0,0,1.312433184
30,141,30141,1.215053417,0.067652664,0,3.989712471,327.2087004,115.9842831,0.078790846,38.6766606,32.06409037,7.810928889,0.02530134,,0,0,0.451911137,0,0,0,0,0,2.532482466,129.4934075
30,142,30142,0.122447244,0.00681771,0,0.472592855,64.85286385,21.54776229,0.01561637,7.665725882,115.1338981,,,,0,0,0.089568925,0,0,0,100.7078,9.2743,156.5787894,42.57873509
30,143,30143,0.160123319,0.008915467,0,0.95804538,119.8911237,44.13923547,0.028869413,14.17134781,27.4462282,9.763661111,,,0,0,0.165582804,0,0,195.7,0,0,0.026369783,49.3231834
30,144,30144,0.13563387,0.007551925,0,0.858382941,62.03594504,22.28429253,0.014938064,7.332760981,75.04262999,,,,0,0,0.08567845,0,0,0,82.3732,7.5859,0,24.40882679
30,145,30145,0.058397916,0.003251523,0,0.289342564,27.7825522,11.08455124,0.006689953,3.283947952,7.195868629,,,,0,0,0.038370755,0,0,0,0,0,8.159152406,10.1349007
30,146,30146,0.00816315,0.000454514,0,0.009644752,7.01680455,3.836460071,0.001689625,0.829398997,0,4.725611978,,,0,0,0.009690977,0,0,0,0,0,0,6.745469087
30,147,30147,0.240498945,0.013390682,0,0.083587852,45.18116838,21.6899171,0.010879486,5.340495875,1.027981233,,1.391426419,,0,0,0.062400154,0,0,0,0,0,0,7.062834875
30,148,30148,0.133122132,0.007412075,0,0.787654759,56.6166691,15.37004945,0.013633119,6.692192757,27.84577599,5.506704867,,,0,0,0.078193835,0,0,0,27.3691,2.5205,0,33.85591528
30,149,30149,0.03830401,0.00213272,0,0.401864673,62.86445057,33.50007217,0.015137566,7.430691834,5.185047515,,1.6745201,,0,0,0.086822708,0,0,0,0,0,0,84.13425838
30,150,30150,0.241754814,0.013460607,0,0.260408308,24.29433147,9.084712031,0.00585,2.871633949,23.64356835,,,,0,0,0.033553139,0,0,0,0,0,0,5.351810872
30,151,30151,0.030768795,0.001713168,0,0.504742029,49.98862484,17.5432028,0.012037107,5.90874593,49.79451268,,,,0,0,0.069039779,0,0,0,0,0,0,33.56547868
30,152,30152,0.018210103,0.001013916,0,0.298987316,25.34589618,6.236267906,0.006103214,2.995930801,150.08526,,,,0,0,0.035005465,0,0,0,54.4726,5.0165,0,10.6161262
30,153,30153,0.013186626,0.000734215,0,0.041793926,12.43608048,5.938419442,0.00299457,1.469967221,10.32495368,,,,0,0,0.017175592,0,0,0,0,0,0,4.66278345
30,154,30154,0.078491823,0.004370327,0,0.022504422,28.63655021,12.57067761,0.006895593,3.384892063,49.38824052,,,,0,0,0.03955022,0,0,0,0,0,0,13.66145727
30,155,30155,0.336572936,0.018739963,0,1.761774725,217.6080403,105.7374119,0.052399345,25.72166421,161.5284776,,,,0,0,0.300540593,0,0,0,0,0,1.751221771,77.11274085
30,156,30156,0.018838037,0.001048879,0,0.006429835,12.01757897,4.956283583,0.002893796,1.420499585,0,,0.24183873,,0,0,0.016597596,0,0,0,0,0,2.394333805,5.440521633
30,157,30157,0.065933131,0.003671075,0,0.218614382,37.80534477,16.70868432,0.00910341,4.468660174,41.16439066,,,,0,0,0.052213331,0,0,0,0,0,0.026816729,78.97931249
30,158,30158,0.140657347,0.007831626,0,4.507314169,50.2371765,12.43592224,0.012096957,5.938125186,88.40638602,0.133566884,,,0,0,0.069383056,0,0,0,0,0,0,56.65215055
30,159,30159,0.018838037,0.001048879,0,0.115737026,47.59658066,20.61407863,0.01146111,5.626001978,1.027981233,,,,0,0,0.065736103,0,0,0,0,0,0,11.16540379
30,160,30160,0.79747692,0.044402523,0,3.420672094,216.2760584,94.10183304,0.052078608,25.56422153,829.7614203,,,,0,0,0.29870098,0,0,0,0,0,3.180017075,291.8122271
30,161,30161,0.292617516,0.016292579,0,0.874457528,68.13926913,23.82325145,0.016407726,8.054184934,166.5329597,20.8291437,,,0,0,0.094107811,0,0,0,0,0,0,26.77363695
30,162,30162,0.007535215,0.000419551,0,0.083587852,11.87737034,5.485624241,0.002860034,1.403926671,0,,,,0,0,0.016403952,0,0,0,0,0,0,15.99671338
30,163,30163,0.01507043,0.000839103,0,0.032149174,10.23310551,3.567636392,0.0024641,1.209571592,0,,,,0,0,0.014133042,0,0,0,0,0,0,5.444167281
30,164,30164,0.115539963,0.006433121,0,0.347211077,31.01372377,8.067774911,0.007468009,3.665878281,1.027981233,1.37993077,,,0,0,0.042833357,0,0,0,0,0,0,16.50749293
30,165,30165,0.013814561,0.000769178,0,0.035364091,16.42990202,7.626094001,0.00395627,1.942044155,0,0.403564659,0.02530134,,0,0,0.022691498,0,0,0,0,0,0,16.63387539
30,166,30166,0.041443682,0.002307533,0,0.01285967,17.82986394,5.997842741,0.004293376,2.107522187,0,8.787295,,,0,0,0.024624999,0,0,0,0,0,0,9.568610083
30,167,30167,0,0,0,0.279697812,29.63500559,14.95144417,0.007136018,3.502911296,19.57678477,,,,0,0,0.040929196,0,0,0,0,0,0,9.701068617
30,168,30168,0.013814561,0.000769178,0,0.112522108,27.13886713,11.25621721,0.006534955,3.207863212,0,,,,0,0,0.037481755,0,0,0,0,0,0,17.76159575
30,169,30169,0.200311132,0.011153075,0,0.832663602,46.63211525,9.961658675,0.011228869,5.512000421,130.5536166,62.51346754,,,0,0,0.064404071,0,0,0,52.8783,4.8696,0,95.36528383
30,170,30170,0.003139673,0.000174813,0,0.028934256,22.1784558,11.94548945,0.005340504,2.621533615,0,,0.05060268,,0,0,0.030630882,0,0,0,0,0,0,20.73158344
30,171,30171,0.011930757,0.00066429,0,0.019289504,10.37543852,4.326524321,0.002498374,1.226395611,0,,0.20241072,,0,0,0.01432962,0,0,0,0,0,0,5.478193327
30,172,30172,0.106120944,0.005908682,0,0.176820456,38.49364167,15.76077127,0.00926915,4.550018114,50.41622176,,,,0,0,0.053163945,0,0,0,30.5578,2.8141,0,59.20045832
30,173,30173,0.692611845,0.038563766,0,1.125221084,100.4934724,45.58301635,0.024198518,11.87851031,41.33202822,132.7857911,0.29096541,,0,0,0.138792518,0,0,0,42.2495,3.8908,0,163.0236449
30,174,30174,0.604073069,0.033634037,0,3.295290316,174.7934237,22.99792996,0.042089717,20.66089903,378.4486245,166.350394,,,0,0,0.241408907,0,0,0,134.1885,12.3576,4.707084191,147.8352445
30,175,30175,0.507371143,0.028249794,0,1.642822782,167.8849621,46.97146598,0.040426181,19.84430638,197.0018835,,,,0,0.009021632,0.231867563,0,0,0,0,0,0.117814828,106.0676904
30,176,30176,0.032652598,0.001818056,0,0.305417151,9.296256951,1.219763803,0.00223851,1.098834397,70.51505052,47.23958665,,,0,0,0.012839151,0,0,0,0,0,0,28.86866918
30,177,30177,0.015698365,0.000874065,0,0.054653595,21.2522291,7.635095013,0.005117471,2.512051943,0,,0.06472935,,0,0,0.029351661,0,0,0,0,0,4.590026583,6.46980951
30,178,30178,0.140029412,0.007796664,0,0.790869676,28.36675481,1.471603861,0.006830627,3.353001759,35.97934315,35.04451355,1.7710938,,0,0,0.039177603,0,0,0,0,0,0,21.93100155
30,179,30179,0.028257056,0.001573318,0,0.019289504,7.513907869,3.061510328,0.001809326,0.888157509,10.27981233,16.70236961,,,0,0,0.010377532,0,0,0,0,0,0,12.83982549
30,180,30180,0.020093907,0.001118804,0,0.067513265,22.77328028,12.6636813,0.005483736,2.691842946,2.055962466,,,,0,0,0.0314524,0,0,0,0,0,0,32.2080825
30,181,30181,0.173309945,0.009649682,0,0.986979636,72.88936752,14.0890044,0.017551535,8.615655161,189.1485468,5.898813497,,,0,0,0.100668218,0,0,0,79.1845,7.2922,0,39.02636733
30,182,30182,0.028884991,0.00160828,0,0.122166861,32.55176994,12.92915292,0.007838366,3.847678122,1.027981233,,,,0,0,0.044957568,0,0,0,0,0,0,3.604379001
30,183,30183,0.464671591,0.025872336,0,2.324385267,118.6844797,18.70276577,0.028578857,14.02872031,16.49284108,1.272921045,,,0,0,0.163916296,0,0,0,0,0,0.004111898,50.96955791
30,184,30184,0.00690728,0.000384589,0,0.086802769,14.30552886,6.523194109,0.003444727,1.690939403,0,,,,0,0,0.019757506,0,0,0,0,0,0,5.555967145
30,185,30185,0.05337444,0.002971822,0,0.360070747,10.54113962,3.274760683,0.002538274,1.245981782,0,0.247346081,0.31626675,,0,0,0.014558471,0,0,0,0,0,0,0.665938319
30,186,30186,0.064049327,0.003566187,0,0.176820456,13.06064619,2.57534069,0.003144963,1.543792018,1.027981233,20.8291437,,,0,0,0.018038186,0,0,0,0,0,0,12.57821381
30,187,30187,0.012558692,0.000699252,0,0,11.82001227,4.636229298,0.002846222,1.397146843,0,,,,0,0,0.016324735,0,0,0,0,0,0,3.900843074
30,188,30188,0.055258243,0.00307671,0,0.154316034,32.52415309,16.81340477,0.007831716,3.84441376,6.167887397,25.38551889,,,0,0,0.044919426,0,0,0,0,0,0,41.61900617
30,189,30189,0.919296229,0.051185271,0,6.725607163,298.0941663,28.74335886,0.071780156,35.23526997,259.7990214,,,,0,0,0.411700769,0,0,273.1,0,0,14.47879875,71.43525211
30,190,30190,0.029512925,0.001643243,0,0.13502653,4.354964979,0.730078772,0.001048662,0.514764742,15.41971849,11.04126871,,,0,0,0.006014685,0,0,0,0,0,0,7.225819633
30,191,30191,0.610980349,0.034018626,0,1.105931579,54.78758381,1.162096427,0.013192681,6.475991565,19.67697075,90.13486482,,,0,0,0.075667668,0,0,0,0,0,0,39.51639099
30,192,30192,0.21098602,0.011747439,0,1.147725505,38.22384628,4.591795975,0.009204184,4.518127811,48.31511794,1.610743719,,,0,0,0.052791328,0,0,0,0,0,0.006972349,8.677127691
30,193,30193,8.478372735,0.472065252,0,42.92557688,1150.146251,10.75633224,0.276951669,135.9493685,40.09126808,1.236730407,,,54.18682724,0,1.588478238,0,0,884.6,122.2311,11.2564,122.7006424,5.828175509
30,194,30194,0.20282287,0.011292925,0,0.038579009,22.93685702,7.944756097,0.005523124,2.711178012,15.41971849,,0.06325335,,0,0,0.031678318,0,0,0,17.5375,1.6151,12.7786482,8.326659422
30,195,30195,0.078491823,0.004370327,0,0.041793926,10.543264,4.579243625,0.002538785,1.246232886,0,,0.355230814,,0,0,0.014561405,0,0,0,0,0,0,8.326659422
30,196,30196,0.07535215,0.004195514,0,0.517601698,28.80012694,2.862072996,0.006934982,3.404227129,18.25564521,63.82830724,0.2530134,,0,0,0.039776137,0,0,0,0,0,1.596222537,26.58406327
30,197,30197,0.054002374,0.003006785,0,0.192895043,22.7796534,6.471331673,0.00548527,2.69259626,0,,,,0,0,0.031461202,0,0,0,0,0,0,16.78942303
30,198,30198,0.010046953,0.000559402,0,0.038579009,13.87852986,6.094903831,0.003341907,1.640467348,1.134370686,,1.223922295,,0,0,0.019167773,0,0,0,0,0,8.525601927,9.439797197
30,199,30199,0.074724215,0.004160551,0,0.315061903,22.68405661,10.3459697,0.005462251,2.681296547,0,,,,0,0,0.031329172,0,0,0,0,0,0,3.842512711
30,200,30200,0.011930757,0.00066429,0,0.045008843,24.94014091,10.77796502,0.006005509,2.947969794,18.50366219,55.9783237,,,0,0,0.034445073,0,0,0,0,0,0,46.18549591
30,201,30201,0.106748879,0.005943645,0,0.639768559,83.73854125,40.55162582,0.020163982,9.898047131,0,,0.044277345,,0,0.006202372,0.115652118,0,0,0,0,0,0.13345792,72.33937275
30,202,30202,0.022605645,0.001258654,0,0.064298348,29.81132856,18.416545,0.007178476,3.523752991,0,,,,0,0,0.041172717,0,0,0,0,0,0,22.66134631
30,203,30203,0.037676075,0.002097757,0,0.118951943,27.18135459,11.11164092,0.006545186,3.212885307,0,,,,0,0,0.037540435,0,0,0,0,0,0,8.744693695
30,204,30204,0.209730151,0.011677514,0,1.687831625,95.61166284,9.188976943,0.023022993,11.30147159,30.83943698,,,,0,0.001691556,0.132050203,0,0,0,0,0,0.038973646,11.49594252
30,205,30205,0.472834741,0.02632685,0,0.549750872,39.65567379,6.048085683,0.009548964,4.687372414,50.37108041,122.5144196,,,0,0,0.054768839,0,0,0,0,0,0,66.38481479
30,206,30206,0.15761158,0.008775617,0,1.752129973,57.56201516,0.975218013,0.013860756,6.803934372,0,,,,0,0,0.079499462,0,0,0,26.8377,2.4715,32.29690266,0.84092941
30,207,30207,1.155399632,0.064331215,0,1.919305677,86.99308093,9.451051401,0.020947665,10.28273961,324.4041048,264.5040886,,,0,0,0.120146995,0,0,0,103.6307,9.5435,0,112.3067547
30,208,30208,1.187424296,0.066114308,0,1.150940423,45.88221152,4.813377507,0.011048295,5.423360443,90.55263119,85.33687157,,,0,0,0.063368371,0,0,0,0,0,0,27.22161414
30,209,30209,0.030768795,0.001713168,0,0.228259134,26.52704766,2.782880125,0.006387631,3.135545044,1.027981233,,,,0,0,0.036636765,0,0,0,0,0,0,15.20964234
30,210,30210,0.016954234,0.000943991,0,0.263623225,55.42914451,5.814920174,0.013347167,6.551825201,5.139906164,,0.07590402,,0,0,0.076553734,0,0,0,0,0,0,74.58023089
30,211,30211,0.47409061,0.026396776,0,0.671917733,60.59349566,6.35669815,0.014590727,7.162260854,274.4709892,,,,0,0,0.08368627,0,0,0,0,0,0,0
30,212,30212,0.05211857,0.002901897,0,0.109307191,16.22383783,1.701998519,0.00390665,1.917686994,4.111924931,,,,0,0,0.022406901,0,0,0,0,0,0,0
31,1,31001,0.016954234,0.000943991,0,0.720141494,9.207353687,5.441619976,0.003218625,1.579951102,0,,0.34516005,,0,0,0.018460681,0,0,0,0,0,0,0.419089421
31,2,31002,1.021649566,0.056884178,0,0.533676285,21.73503247,11.56547693,0.007597941,3.729658888,0,,11.29076768,,0,0,0.043578591,0,0,0,35.159,3.2378,0,0.396081732
31,3,31003,0.656819573,0.036570897,0,0.681562485,14.45197473,9.872401183,0.005051994,2.479910535,0,,,,0,0,0.02897611,0,0,0,17.9883,1.6566,0,1.076410354
31,4,31004,0.595281984,0.033144561,0,0.241118804,8.020582574,3.297466903,0.002803764,1.376305148,6.167887397,,,,0,0,0.016081213,0,0,0,0,0,0,0.610140609
31,5,31005,0.025745318,0.001433467,0,0.064298348,2.847665333,1.460326174,0.000995462,0.488649848,0,,,,0,0,0.00570955,0,0,0,10.8339,0.9977,0,0.256579416
31,6,31006,0.065933131,0.003671075,0,0.427584012,12.5145087,7.917193487,0.004374711,2.147447843,0,,,,0,0,0.025091504,0,0,0,0,0,0,9.916459513
31,7,31007,0.101097468,0.005628981,0,0.33113649,9.404904982,4.978199953,0.003287684,1.613850244,0,,,,0,0,0.01885677,0,0,0,26.3692,2.4284,0,0.311768746
31,8,31008,0.030768795,0.001713168,0,0.041793926,5.59728669,3.892770976,0.00195665,0.960475678,2.055962466,,0.002530134,,0,0,0.011222522,0,0,0,30.2531,2.7861,0,3.870388367
31,9,31009,0.046467159,0.002587234,0,0.186465208,6.885028464,3.440940764,0.002406807,1.18144786,0,,,,0,0,0.013804435,0,0,0,0,0,0.001313226,1.007969761
31,10,31010,0.185868636,0.010348935,0,0.019289504,3.494462906,2.706468705,0.001221563,0.599638149,0,,,,0,0,0.007006374,0,0,0,0,0,0,0.521604693
31,11,31011,0.092934318,0.005174467,0,1.025558645,9.419538411,3.5136008,0.003292799,1.616361291,0,,0.678241915,,0,0,0.01888611,0,0,0,0,0,2.368539807,0.29921645
31,12,31012,0.02197771,0.001223692,0,0.0739431,5.16706387,3.077229048,0.001806257,0.886650881,0,,,,0,0,0.010359928,0,0,0,0,0,0,8.008859994
31,13,31013,0.12747072,0.007097411,0,0.350425995,13.09838253,3.592035948,0.004578817,2.247638639,0,,6.26809164,,0,0,0.026262167,0,0,0,0,0,1.724969941,0.202980238
31,14,31014,0.025745318,0.001433467,0,0.032149174,2.342812024,1.692761348,0.00081898,0.402018709,0,,,,0,0,0.004697322,0,0,0,0,0,3.027312112,0.370744151
31,15,31015,0.097957795,0.005454168,0,0.0739431,7.354761543,4.421438381,0.002571013,1.262052486,0,,,,0,0,0.014746247,0,0,0,0,0,0,0.239559551
31,16,31016,0.236103403,0.013145944,0,0.070728182,3.942245841,3.101253842,0.001378096,0.676476203,0,,,,0,0,0.007904176,0,0,0,0,0,0,0.33259216
31,17,31017,0.001883804,0.000104888,0,0,6.66260034,5.221467364,0.002329053,1.143279938,0,,,,0,0,0.013358468,0,0,0,0,0,0,1.031606521
31,18,31018,0.06028172,0.003356411,0,0.038579009,4.378322033,2.968268081,0.001530535,0.751305419,0,,,,0,0,0.008778506,0,0,0,19.6236,1.8072,0,0.449960497
31,19,31019,0.178961356,0.009964346,0,0.401864673,48.41031066,36.35392411,0.016922849,8.30704742,0,,1.500325495,,0,0,0.097062342,0,0,0,0,0,0,3.35679268
31,20,31020,0.043327486,0.002412421,0,0.109307191,5.89727199,2.927777268,0.002061516,1.011952152,0,,0.082528685,,0,0,0.01182399,0,0,0,0,0,0,0.143346639
31,21,31021,0.058397916,0.003251523,0,0.051438678,11.65698974,8.64860408,0.004074948,2.000300458,0,,,,0,0,0.023372185,0,0,0,0,0,0,0.921181264
31,22,31022,0.049606832,0.002762047,0,0.032149174,6.413832042,5.081953621,0.002242091,1.10059213,0,,,,0,0,0.012859689,0,0,0,0,0,0,1.134075195
31,23,31023,0.06844487,0.003810925,0,0.180035373,6.576263107,1.95681582,0.002298872,1.128464757,0,,,,0,0,0.013185363,0,0,0,25.1428,2.3154,0,0.330844741
31,24,31024,0.666866527,0.037130299,0,0.154316034,4.299301515,3.069232586,0.001502912,0.737745763,0,,,,0,0,0.00862007,0,0,0,0,0,0,0.367540548
31,25,31025,0.285710235,0.015907991,0,0.295772399,6.813324661,4.728840997,0.002381742,1.169143727,0,,,,0,0,0.013660669,0,0,0,0,0,0,0.889727714
31,26,31026,0.044583355,0.002482346,0,0.19610996,4.86707857,2.261451895,0.00170139,0.835174407,1.027981233,,,,0,0,0.009758459,0,0,0,0,0,0,0.367493951
31,27,31027,0.099841599,0.005559056,0,0.559395624,12.1940366,3.916846827,0.004262684,2.092455902,0,,1.14694154,,0,0,0.02444896,0,0,0,0,0,0,0.986127018
31,28,31028,0.039559879,0.002202645,0,0.273267977,3.193014263,0.746154134,0.001116186,0.54791057,0,,,,0,0,0.006401972,0,0,0,0,0,0.145943403,1.9329371
31,29,31029,0.063421393,0.003531224,0,0.311846986,8.5634828,5.152953644,0.002993547,1.469465011,0,,0.05060268,,0,0,0.017169724,0,0,0,0,0,0,6.246150668
31,30,31030,0.043327486,0.002412421,0,0.167175704,5.08218998,3.682013579,0.001776587,0.872086805,0,,,,0,0,0.010189756,0,0,0,41.0869,3.7838,0,0.887397822
31,31,31031,0.028257056,0.001573318,0,0.167175704,4.100286877,2.633575109,0.001433342,0.703595516,0,,,,0,0,0.008221047,0,0,0,17.3751,1.6001,0,1.895658819
31,32,31032,0.475346479,0.026466701,0,0.276482895,22.69205874,15.9398579,0.00793249,3.893881396,0,,,,0,0,0.045497423,0,0,0,51.1032,4.7062,0,6.991716281
31,33,31033,0.170170272,0.009474869,0,0.446873516,27.54743057,15.6561843,0.009629788,4.727046965,0,,,,0,0,0.05523241,0,0,0,12.4692,1.1483,0,0.963177577
31,34,31034,0.042699552,0.002377458,0,0.221829299,8.935171903,5.319987549,0.003123479,1.533245618,0,,,,0,0,0.017914959,0,0,0,17.7839,1.6377,0,0.498160149
31,35,31035,0.076608019,0.004265439,0,0.163960786,8.190330354,3.94119396,0.002863103,1.405433299,0,,,,0,0,0.016421556,0,0,0,0,0,0,0.387664995
31,36,31036,0.129982459,0.007237262,0,0.253978473,10.84044439,6.473429522,0.003789507,1.860184006,0,,,,0,0,0.021735017,0,0,0,0,0,0,0.367540548
31,37,31037,0.201567001,0.011223,0,0.122166861,6.718207371,4.274381012,0.002348492,1.152821918,0,,,,0,0,0.01346996,0,0,0,31.8884,2.9366,0,0.370598532
31,38,31038,0.455252572,0.025347897,0,0.951615545,42.83936414,16.40268963,0.014975407,7.351091628,0,,0.56860268,,0,0,0.085892632,0,0,0,0,0,0,0.646411212
31,39,31039,0.356038908,0.019823804,0,0.186465208,5.546069687,2.887146889,0.001938746,0.951687012,0,,0.43012278,,0,0,0.011119832,0,0,0,0,0,0,0.062604213
31,40,31040,1.454924428,0.081008383,0,1.285966953,36.59381654,16.78220025,0.012792143,6.279376544,2.055962466,,2.10978586,,0,0,0.073370352,0,0,0,47.2193,4.3485,0,2.465696153
31,41,31041,1.280986549,0.071323738,0,2.440122293,85.98017693,18.01047647,0.030056191,14.75391083,5.139906164,,,,0,0,0.172389666,0,0,0,21.8722,2.0142,51.81918402,0.180566672
31,42,31042,0.034536402,0.001922944,0,0.070728182,8.051312776,5.058718911,0.002814507,1.381578348,0,,,,0,0,0.016142827,0,0,0,0,0,0,0.374821463
31,43,31043,0.005023477,0.000279701,0,0.093232604,4.00663293,2.921029133,0.001400603,0.687524812,0,,,,0,0.006766224,0.008033272,0,0,0,0,0,0,0.393460603
31,44,31044,0.064049327,0.003566187,0,0.289342564,9.082969538,4.892884054,0.003175144,1.558607198,0,,,,0,0,0.018211292,0,0,0,0,0,0,0.478239568
31,45,31045,0.009419019,0.000524439,0,0.086802769,3.277888153,1.973140727,0.001145855,0.562474645,0,,,,0,0,0.006572143,0,0,0,27.1869,2.5037,0,0.178528016
31,46,31046,0.342224348,0.019054626,0,0.093232604,3.877858752,2.790590203,0.001355588,0.665427594,0,,,,0,0,0.00777508,0,0,0,0,0,0.000766048,0.38268485
31,47,31047,0.33154946,0.018460262,0,0.225044217,6.936245467,4.717633513,0.002424711,1.190236527,0,,,,0,0,0.013907125,0,0,0,0,0,0,1.016706858
31,48,31048,0.729659985,0.040626561,0,0.758720502,32.11598718,18.2634144,0.011226823,5.510996002,0,,,,0,0.006202372,0.064392335,0,0,0,21.2589,1.9578,0,1.215621434
31,49,31049,0.48916104,0.027235878,0,0.199324878,4.818788254,3.731874146,0.001684509,0.82688795,0,,,,0,0,0.009661637,0,0,0,0,0,0,0.533836629
31,50,31050,23.25178966,1.294630738,0,70.20415086,1192.387423,52.22636146,0.41682427,204.6096943,0,,32.40161946,,12.95486111,0.079503132,2.390728623,125.54568,29.112,0,112.427,10.3536,186.2638272,0.78400884
31,51,31051,0.013814561,0.000769178,0,0.080372935,4.429539035,1.631555836,0.001548439,0.760094086,0,,0.07590402,,0,0,0.008881195,0,0,0,0,0,1.106737471,0.158522976
31,52,31052,2.403733582,0.133836897,0,2.182928902,47.57913188,19.30734829,0.016632293,8.164419921,0,,0.71202948,,0,0.029320304,0.095395834,0,0,0,0,0,0.044503763,2.0326798
31,53,31053,0.281942628,0.015698215,0,0.887317197,17.09477206,8.116149399,0.00597584,2.933405718,3.083943698,,0.457609075,,0,0,0.034274901,0,0,0,0,0,0,1.237609795
31,54,31054,0.032024664,0.001783093,0,0.096447521,3.901272239,2.253392433,0.001363772,0.66944527,0,,,,0,0,0.007822024,0,0,0,0,0,0,0.189158151
31,55,31055,0.041443682,0.002307533,0,0.192895043,8.502022397,5.306873436,0.002972062,1.458918612,0.045141351,,,,0,0,0.017046497,0,0,0,0,0,2.331040461,0.830315455
31,56,31056,0.54944276,0.03059229,0,2.070406794,39.48391881,21.29830764,0.01380244,6.77530843,10.93728037,,,,0,0,0.079164987,0,0,0,15.5354,1.4307,0,3.25835472
31,57,31057,0.123075178,0.006852673,0,0.40507959,10.92970831,6.330465614,0.003820711,1.875501396,1.027981233,,,,0,0,0.02191399,0,0,0,0,0,0,15.73303624
31,58,31058,0.542535479,0.030207701,0,1.064137653,33.54274654,22.32903386,0.011725577,5.755823135,3.083943698,,,,0,0.024809488,0.067252977,0,0,0,0,0,6.358166231,4.23099166
31,59,31059,0.483509629,0.026921215,0,6.034399925,73.47298494,4.119183265,0.025684038,12.60771852,0,,36.61247219,,0,0.042852752,0.147312832,0,0,171.2,28.6178,2.6355,15.33564424,0.118533283
31,60,31060,0.004395542,0.000244738,0,0.009644752,1.401882523,1.050964046,0.000490058,0.240558353,0,,,,0,0,0.002810765,0,0,0,16.7618,1.5436,0,0.61946018
31,61,31061,0.172054076,0.009579757,0,0.298987316,4.985609347,0.79031709,0.001742825,0.855513892,0,,,,0,0,0.009996113,0,0,0,0,0,2.262629491,3.695617302
31,62,31062,0.035792271,0.001992869,0,0.20896963,6.54260622,3.627259877,0.002287107,1.122689348,0,,,,0,0,0.013117881,0,0,0,0,0,0,0.668242305
31,63,31063,0.030768795,0.001713168,0,0.090017687,7.300617855,4.24336945,0.002552086,1.25276161,3.083943698,,,,0,0,0.014637689,0,0,0,0,0,0,0.372654663
31,64,31064,0.00690728,0.000384589,0,0.006429835,2.288668335,1.341297269,0.000800052,0.392727833,0,,,,0,0,0.004588764,0,0,0,13.6956,1.2613,0,0.07979882
31,65,31065,0.018838037,0.001048879,0,0.295772399,2.713037784,0.462849309,0.0009484,0.465548211,0,,,,0,0,0.005439622,0,0,0,0,0,0,6.119753998
31,66,31066,0.032024664,0.001783093,0,0.430798929,5.390955337,3.844335277,0.001884523,0.925069908,4.111924931,,,,0,0,0.010808829,0,0,0,0,0,0,0.250900303
31,67,31067,0.081631496,0.00454514,0,0.205754712,13.66762292,7.310510055,0.004777807,2.345318388,0,,,,0,0,0.02740349,0,0,0,29.231,2.6919,0,0.669844106
31,68,31068,0.045839225,0.002552271,0,0.163960786,4.328568373,1.966114927,0.001513143,0.742767858,0.045141351,,14.99031047,,0,0,0.00867875,0,0,0,0,0,0.001013496,0.562016679
31,69,31069,0.031396729,0.001748131,0,0.144671282,12.2862272,8.406562403,0.004294911,2.108275501,0,,,,0,0,0.024633801,0,0,0,15.1265,1.393,0,1.270373908
31,70,31070,0.054002374,0.003006785,0,0.218614382,5.349981735,3.477408416,0.001870199,0.918038975,2.055962466,,,,0,0,0.010726677,0,0,0,0,0,0,7.100638758
31,71,31071,0.010046953,0.000559402,0,0.003214917,2.326715251,1.617574283,0.000813353,0.399256556,0,,,,0,0,0.004665048,0,0,0,0,0,0,0.629362223
31,72,31072,0.029512925,0.001643243,0,0.083587852,2.543290004,1.451326695,0.000889061,0.43642006,0,,,,0,0,0.005099279,0,0,0,0,0,0,0.578395823
31,73,31073,0.472834741,0.02632685,0,0.028934256,6.324568124,5.021709474,0.002210887,1.08527474,0,,,,0,0,0.012680716,0,0,0,0,0,0,0.733333678
31,74,31074,0.055886178,0.003111673,0,0.122166861,5.096823409,2.797137215,0.001781703,0.874597853,0,,,,0,0,0.010219096,0,0,0,0,0,0,0.463823358
31,75,31075,0.656819573,0.036570897,0,0.173605539,8.796154325,6.28647146,0.003074882,1.509390667,0,,,,0,0,0.017636229,0,0,0,0,0,0,0.456367702
31,76,31076,0.248662095,0.013845196,0,0.212184547,23.41348681,13.30920498,0.00818468,4.017676039,0,,0.005060268,,0,0,0.046943881,0,0,0,51.3076,4.725,0,0.733042441
31,77,31077,0.03014086,0.001678206,0,0.083587852,3.713964345,2.45505504,0.001298295,0.637303862,0,,,,0,0,0.007446473,0,0,0,25.3472,2.3343,0,0.777892872
31,78,31078,0.067816935,0.003775963,0,0.170390621,5.468512512,2.990600398,0.001911634,0.93837846,0,,,,0,0,0.01096433,0,0,0,22.6898,2.0895,0,0.578104587
31,79,31079,1.439226063,0.080134318,0,1.941810099,56.79233894,37.29282632,0.019852965,9.745375442,39.89193791,,1.63485092,,0,0.011840892,0.113868251,0,0,0,8.1765,0.753,1.482744432,7.508865055
31,80,31080,0.945669482,0.052653701,0,0.273267977,13.92663462,8.822120264,0.00486835,2.389763929,0,,,,0,0,0.027922807,0,0,0,0,0,0,0.52859437
31,81,31081,0.129982459,0.007237262,0,0.086802769,4.514412925,3.408614951,0.001578109,0.774658161,0,,0.15180804,,0,0,0.009051367,0,0,0,0,0,0,0.539952597
31,82,31082,0.034536402,0.001922944,0,0.221829299,5.058776493,2.032997338,0.001768402,0.868069129,0,,,,0,0,0.010142812,0,0,0,0,0,0.821945136,0.422275549
31,83,31083,0.028257056,0.001573318,0,0.868027693,2.445246028,0.805393358,0.000854788,0.419596041,0,,,,0,0,0.004902702,0,0,0,0,0,0,0.053878765
31,84,31084,0.168914403,0.009404944,0,0.192895043,10.17462336,6.722846998,0.003556755,1.745931344,0,,,,0,0,0.02040005,0,0,0,4.4971,0.4141,0,2.680832606
31,85,31085,0.810663546,0.045136738,0,0.241118804,21.91941368,15.96862601,0.007662395,3.761298087,0,,0.5060268,,0,0,0.043948274,0,0,0,0,0,1.771084002,10.4308561
31,86,31086,0.031396729,0.001748131,0,0.022504422,3.045216628,1.749496915,0.00106452,0.52254899,0,,,,0,0,0.006105639,0,0,0,0,0,0,0.461318723
31,87,31087,0.030768795,0.001713168,0,0.086802769,6.687477169,3.583986564,0.002337749,1.147548719,0,,,,0,0,0.013408346,0,0,0,0,0,0,0.213435631
31,88,31088,0.011930757,0.00066429,0,0.048223761,2.910589079,1.629872771,0.001017458,0.499447353,0,,,,0,0,0.005835711,0,0,0,0,0,0,0.291673423
31,89,31089,1.250845689,0.069645533,0,2.803407957,54.36757971,24.06803405,0.019005339,9.329294867,0,,,,0,0.006202372,0.109006625,0,0,0,44.562,4.1038,2.200806244,1.072333042
31,90,31090,0.016326299,0.000909028,0,0.01285967,9.677086766,5.741666735,0.003382831,1.660555728,0,,6.078876465,,0,0,0.019402493,0,0,0,0,0,0,0.196147828
31,91,31091,0.190264179,0.010593673,0,1.729625551,14.96853478,9.792365114,0.005232568,2.568550513,0,,,,0,0,0.03001181,0,0,0,29.0266,2.6731,0.05624902,1.17863439
31,92,31092,0.051490636,0.002866935,0,0.051438678,9.835127802,7.491084503,0.003438077,1.687675041,0,,,,0,0,0.019719364,0,0,0,0,0,0,1.229600789
31,93,31093,1.080047482,0.060135701,0,0.68799232,24.29734593,7.764585626,0.008493652,4.169343309,0,,4.715012695,,0,0,0.048716012,0,0,0,23.7119,2.1837,0,0.67202838
31,94,31094,0.160751253,0.00895043,0,0.048223761,6.592359879,4.969477102,0.002304499,1.13122691,0.045141351,,,,0,0,0.013217636,0,0,0,0,0,0,0.815753626
31,95,31095,0.122447244,0.00681771,0,0.109307191,7.435245404,3.214771234,0.002599147,1.275863247,0,,3.420013645,,0,0,0.014907616,0,0,0,15.1265,1.393,7.39953322,0.219604022
31,96,31096,1.192447773,0.066394009,0,3.584632881,106.9674412,58.36279175,0.037392734,18.35525519,66.81878013,,104.015397,,0,0.07893928,0.214468988,0,0,0,11.8559,1.0918,2.73189442,65.22752307
31,97,31097,0.036420206,0.002027832,0,0.096447521,4.814398225,2.913389032,0.001682975,0.826134636,0,,,,0,0,0.009652835,0,0,0,55.1914,5.0827,0,2.534777467
31,98,31098,0.36043445,0.020068542,0,0.501527112,20.79995634,13.51564176,0.007271065,3.569202951,19.62192612,,,,0,0,0.04170377,0,0,0,0,0,0.182936001,3.686472474
31,99,31099,0.136889739,0.00762185,0,0.051438678,4.458805894,3.368851054,0.00155867,0.765116181,0,,,,0,0,0.008939875,0,0,0,14.9221,1.3742,0.468235084,0.656884078
31,100,31100,0.028884991,0.00160828,0,0.070728182,4.596360129,2.415464871,0.001606755,0.788720027,0,,0.426373485,,0,0,0.009215671,0,0,0,0,0,2.445565492,0.122610595
31,101,31101,4.884075184,0.271939234,0,1.961099603,80.85115997,16.9022792,0.028263235,13.87378868,1.027981233,,13.20115899,,0,0.05920446,0.162106022,0,0,0,40.0649,3.6896,1.162986491,0.565581415
31,102,31102,1.480669746,0.08244185,0,4.092589827,110.0038777,46.33070036,0.038454185,18.87629755,1.027981233,,1.254547674,,0,0.18607116,0.220557022,0,0,0,28.0045,2.579,10.4764295,3.636088548
31,103,31103,0.040187813,0.002237607,0,0.093232604,4.395882148,2.441816806,0.001536674,0.754318676,0,,,,0,0,0.008813714,0,0,0,0,0,0,0.19687592
31,104,31104,0.012558692,0.000699252,0,0.045008843,21.00628769,15.63139407,0.007343193,3.604608721,0,,,,0,0,0.042117463,0,0,0,0,0,0,4.005958989
31,105,31105,0.037676075,0.002097757,0,0.118951943,4.079800076,1.850839209,0.00142618,0.70008005,0,,,,0,0,0.008179971,0,0,0,0,0,0,0.220725282
31,106,31106,0.028257056,0.001573318,0,0.157530952,3.023266484,1.577832958,0.001056847,0.518782419,0,,0.10120536,,0,0,0.006061629,0,0,0,0,0,0,0.692560558
32,1,32001,0.031396729,0.001748131,0,0.225044217,0,1.154500659,0.002809903,1.379318405,33.96852203,,,,0,0.000444631,0.016116421,0,0,0,0,0,0,15.85393015
32,2,32002,0.019465972,0.001083841,0,0.067513265,0,2.070827658,0.002377138,1.166883785,29.81145575,,,,0,0.000318974,0.013634263,0,0,0,0,0,0,20.69818659
32,3,32003,0.018210103,0.001013916,0,0.067513265,0,0.816093434,0.001320291,0.648101366,111.0219731,,,,0,0.000244283,0.007572635,0,0,0,0,0,0,9.908706345
32,4,32004,0.046467159,0.002587234,0,0.199324878,0,1.483625103,0.001905496,0.935365203,59.6229115,,,,0,0.000284118,0.010929122,0,0,0,0,0,0,9.993396143
32,5,32005,2.968246772,0.16526829,0,1.414563648,0,0.756137637,0.01969899,9.669792912,513.9906164,,,,0,0.00247476,0.112985119,0,0,0,19.0935,1.7583,1.815411439,170.6245357
32,6,32006,0.037676075,0.002097757,0,0.244333721,0,0.581232305,0.003908696,1.918691413,391.2000538,,,,0,0.000577024,0.022418637,0,0,0,64.9179,5.9784,0,133.9792602
32,7,32007,0.051490636,0.002866935,0,0.55296579,0,2.368298621,0.006270488,3.078042055,32.98568215,,,,0,0.000859971,0.035964881,0,0,0,46.2063,4.2552,1.022286857,27.08379734
32,8,32008,0.064049327,0.003566187,0,0.302202234,0,1.282429935,0.005877112,2.884942501,130.5536166,,2.10851352,,0,0.00071879,0.03370864,0,0,0,27.1128,2.4969,0,30.14956802
32,9,32009,0.035792271,0.001992869,0,0.250763556,0,1.505107933,0.005088825,2.497990077,374.1851687,,15.3731633,,0,0.00075306,0.029187358,0,0,0,18.1388,1.6704,0.0003852,131.3115315
32,10,32010,3.663370355,0.203971906,0,7.526121591,0,11.93858956,0.105413052,51.74490523,4001.69585,,,,0,0.01348977,0.604604911,0,0,0,92.2216,8.4928,60.07099346,1305.662613
32,11,32011,0.036420206,0.002027832,0,0.176820456,0,0.593265588,0.001439992,0.706859878,18.50366219,,,,0,0.000246919,0.008259189,0,0,0,0,0,0,7.876151197
32,12,32012,0.016954234,0.000943991,0,0.093232604,0,1.900508497,0.003692825,1.812725208,91.49032972,,,,0,0.000460741,0.021180492,0,0,0,21.0028,1.9342,0,49.28946233
32,13,32013,0.018838037,0.001048879,0,0.115737026,0,0.051588237,0.002943416,1.444856746,172.7008471,,,,0,0.000409189,0.016882193,0,0,0,20.0482,1.8463,0,129.5753907
32,14,32014,0.058397916,0.003251523,0,0.192895043,0,1.305290796,0.010203738,5.008786497,1181.347109,,,,0,0.001456327,0.058524349,0,0,0,72.9371,6.7169,0.264119135,418.7148294
32,15,32015,0.003767607,0.000209776,0,0.01285967,0,0.429001527,0.000773964,0.37992149,46.30429683,,,,0,0.000152604,0.004439131,0,0,0,0,0,0,15.5405779
32,16,32016,0.072212477,0.004020701,0,0.20896963,0,2.334442562,0.010595068,5.200881632,309.4223511,,,,0,0.001455155,0.060768854,0,0,0,0,0,0.004353426,164.1203592
32,17,32017,2.631673836,0.146528327,0,5.703263435,0,1.879424758,0.072218547,35.45046674,914.5779253,,,,0,0.009121375,0.4142152,0,0,0,43.1513,3.9739,17.22387816,283.4228774
32,18,32018,0.008791084,0.000489477,0,0.0739431,0,1.28491,0.002047705,1.005172324,59.6229115,,,,0,0.000325125,0.011744772,0,0,0,0,0,0,2.921798025
32,19,32019,0.266872198,0.014859112,0,1.067352571,0,4.089977213,0.011457017,5.62399314,103.8261045,,,,0,0.001673077,0.065712631,0,0,0,0,0,0.178775666,36.98403471
32,20,32020,1.059325641,0.058981935,0,3.758238419,0,4.235616382,0.026092248,12.80810011,729.5864448,,,,0,0.004085155,0.149654158,0,0,0,0,0,0.702684803,148.9016025
32,21,32021,0.013186626,0.000734215,0,0.022504422,0,3.642740815,0.002402204,1.179187917,52.42704287,,,,0,0.00029027,0.013778029,0,0,0,0,0,0,36.84006205
32,22,32022,0.224800581,0.012516617,0,1.099501745,0,0.332752612,0.009131545,4.482470936,443.0599113,,,,0,0.001268574,0.052374701,0,0,0,0,0,0,356.4000762
32,23,32023,0.131238328,0.007307187,0,0.716926576,0,2.025803716,0.005703187,2.799566885,34.95136191,,,,0,0.000970689,0.032711083,0,0,0,0,0,0,16.70082813
32,24,32024,0.281942628,0.015698215,0,1.504581335,0,2.054038589,0.023330942,11.45263665,279.7463194,,,,0,0.002652554,0.133816466,0,0,0,22.5303,2.0749,0,76.50876335
32,25,32025,0.340340544,0.018949738,0,0.54010612,0,0.291706229,0.00543207,2.666481366,214.0006618,,,,0,0.000720548,0.031156067,0,0,0,9.1649,0.844,0.096031456,49.52659377
32,26,32026,0.005651411,0.000314664,0,0.13502653,0,9.963187663,0.007724292,3.791681762,111.0286975,,,,0,0.001074378,0.044303288,0,0,0,92.0306,8.4752,10.9288826,117.7442259
32,27,32027,0.003139673,0.000174813,0,0.016074587,0,1.934206043,0.001272718,0.624748624,5.139906164,,,,0,0.000167542,0.007299773,0,0,0,0,0,0,7.215570774
32,28,32028,0.00816315,0.000454514,0,0.054653595,0,1.663888505,0.001196498,0.587334016,5.139906164,,,,0,0.00018951,0.006862609,0,0,0,0,0,0,7.240977714
32,29,32029,0.5193019,0.028914084,0,0.562610542,0,0.442964621,0.010276377,5.044443372,1383.662739,,,,0,0.001327741,0.058940976,0,0,0,0,0,0,453.0904183
32,30,32030,0.023861514,0.001328579,0,0.154316034,0,0.44906481,0.001315176,0.645590319,54.48300534,,15.47278542,,0,0.00022173,0.007543295,0,0,0,0,0,0,6.351734836
32,31,32031,0.051490636,0.002866935,0,0.655843146,0,1.20275154,0.004343507,2.132130453,264.1911768,,11.50413271,,0,0.000718498,0.024912531,0,0,0,0,0,0.016965557,50.24645705
32,32,32032,0.210358085,0.011712477,0,0.321491738,0,0.107338387,0.005752295,2.823672941,277.5549329,,,,0,0.000758626,0.032992746,0,0,0,23.2941,2.1452,22.50646817,113.4504532
32,33,32033,0.017582168,0.000978953,0,0.244333721,0,1.560443007,0.002224187,1.091803464,37.00732438,,,,0,0.000378727,0.012757,0,0,0,0,0,0.006530139,15.88780607
32,34,32034,0.239243076,0.013320757,0,1.067352571,0,4.869927644,0.012732293,6.249997288,149.0572788,,0.07710134,,0,0.001965397,0.073027075,0,0,0,0,0,0,55.55650737
32,35,32035,0.005023477,0.000279701,0,0.057868513,0,1.915319955,0.006512959,3.197065708,270.2916126,,,,0,0.000856749,0.037355593,0,0,0,27.8765,2.5672,0,60.29066707
32,36,32036,0.342852282,0.019089589,0,0.977334884,0,3.650198054,0.018828856,9.242663728,466.7937624,,,,0,0.002398019,0.107994398,0,0,0,11.2652,1.0374,0.292954409,174.6303631
32,37,32037,0.209730151,0.011677514,0,0.122166861,0,1.098161849,0.007922259,3.888859301,704.2122858,,,,0,0.001018726,0.045438743,0,0,0,0,0,0,208.4639373
32,38,32038,0.113028225,0.006293271,0,0.453303351,0,21.13206434,0.034086635,16.73236518,1497.920187,,,,0,0.004231022,0.195506594,0,0,0,99.4771,9.161,0.081662504,409.4497655
32,39,32039,0.494184517,0.027515579,0,2.060762042,0,1.386985499,0.028358893,13.92074527,1583.242629,,,,0,0.004081933,0.162654679,0,0,0,100.2408,9.2313,0.219463887,644.9128104
32,40,32040,0.048350963,0.002692121,0,0.144671282,0,4.810928725,0.009547429,4.686619099,849.2479223,,,,0,0.00118949,0.054760037,0,0,0,57.6623,5.3102,0,262.1742071
32,41,32041,0.009419019,0.000524439,0,0.009644752,0,1.702318864,0.001464546,0.718912906,10.27981233,,,,0,0.000202105,0.008400021,0,0,0,52.5071,4.8355,0,16.14187546
32,42,32042,0.381156292,0.021222308,0,1.787494064,0,6.910251718,0.028822862,14.14849728,2933.964828,,,,0,0.004136707,0.16531581,0,0,0,115.8975,10.6732,17.77686652,1295.499837
32,43,32043,0.008791084,0.000489477,0,0.025719339,0,0.307624372,0.000605666,0.297308027,2.055962466,,0.75781706,,0,9.29E-05,0.003473847,0,0,0,0,0,0.001078561,1.990210249
32,44,32044,0.59465405,0.033109598,0,0.414724342,0,3.180697578,0.007331427,3.598833312,65.7907989,,,,0,0.001031907,0.042049981,0,0,0,0,0,0,19.10601839
32,45,32045,0.059025851,0.003286486,0,0.414724342,0,2.644671331,0.003861123,1.895338671,152.1412225,,,,0,0.000615102,0.022145776,0,0,0,0,0,0,26.46556182
32,46,32046,0.019465972,0.001083841,0,0.199324878,0,1.663105246,0.003428358,1.682904051,108.0283121,,0.25540804,,0,0.00057761,0.019663618,0,0,0,0,0,0,53.51548324
32,47,32047,0.073468346,0.004090626,0,0.302202234,0,1.335732925,0.002575617,1.264312429,63.02284466,,,,0,0.000418855,0.014772652,0,0,0,0,0,0,26.21149243
32,48,32048,0.318990768,0.017761009,0,1.887156503,0,4.990711181,0.010650826,5.22825205,155.2251661,,,,0,0.001585498,0.061088659,0,0,0,0,0,0.096607644,30.68311375
32,49,32049,0.249917964,0.013915121,0,0.893747032,0,7.985978648,0.016039927,7.873640617,516.6137642,,,,0,0.002343538,0.09199827,0,0,0,0,0,0.317479993,156.3373668
32,50,32050,0.021349776,0.001188729,0,0.038579009,0,0.246282139,0.004507201,2.212483974,157.2811286,,,,0,0.000546562,0.025851408,0,0,0,0,0,0.738455018,92.30341064
32,51,32051,0.128098655,0.007132374,0,0.462948103,0,4.068914188,0.015394872,7.556997525,1340.436183,,,,0,0.002079337,0.088298506,0,0,0,82.4839,7.5961,1.011767605,610.5795664
32,52,32052,0.087910842,0.004894766,0,0.250763556,0,2.788135931,0.008843035,4.340847855,66.81878013,,,,0,0.001056804,0.050719929,0,0,0,0,0,0,59.70630746
32,53,32053,0.045839225,0.002552271,0,0.13502653,0,0.658439544,0.005874043,2.883435872,174.4314377,,,,0,0.000794067,0.033691036,0,0,0,0,0,0,81.29373693
32,54,32054,0.035792271,0.001992869,0,0.244333721,0,3.23514485,0.008810808,4.325028256,154.2874676,,,,0,0.001083458,0.050535088,0,0,0,13.5564,1.2484,0,63.64438306
32,55,32055,0.181473094,0.010104196,0,0.787654759,0,4.602992163,0.014139546,6.940786462,356.3841159,,,,0,0.002147877,0.081098488,0,0,0,0,0,0.008898915,172.0134484
32,56,32056,1.773287261,0.09873443,0,15.19691446,0,0.769321524,0.070322771,34.51987253,302.2716238,,,,2.790592931,0.00947667,0.403341824,63.95922,11.735,0,33.9864,3.1299,42.80899888,77.6181997
32,57,32057,0.070956608,0.003950776,0,0.315061903,0,2.774467077,0.008491094,4.168087786,121.3017855,,,,0,0.00089014,0.048701342,0,0,0,0,0,0,71.35115466
32,58,32058,0.028884991,0.00160828,0,0.125381778,0,0.818015656,0.001251745,0.614453329,31.86741822,,,,0,0.000201812,0.00717948,0,0,0,0,0,0,0