CVE ESTADO,CVE MUNICIPIO,Emisiones de PM10,,,,,,,,,,,,,,,,,,,,,,,,,
,,Comb_ind_LPG,Comb_ind_Diesel,Comb_comer_NG,Comb_comer_LPG,Comb_res_keroseno,Comb_res_GN,Comb_res_lena,Comb_res_LPG,Comb_agricola,Construccion,Asados_al_carbon,Ganaderia,Labranza,Qmas_agricolas,Incend_cosntruc,Incend_forest,Cruces_front,Terminales de autobuses,Aviacion,Equipo basico aeropouertos,Embarcaciones marinas,Locomotoras de arrastre,Locomotoras de patio,Maq Contruc,Maq Agricola,
25,Mg_per_year,2102007000,2102004000,2103006000,2103007000,2104011000,2104006000,2104008000,2104007000,2801000000,2311010000,2302002000,2805020000,2801000002,2801500250,2810030000,2810001000,2222222222,2270008010,2275000000,2275050000,2280000000,2285000000,2285002010,2260002000,2270005000,
1,1,1001,0.897642,0.082466324,0.120885484,1.575894047,0.004777458,11.10189366,26.8236311,5.814414244,66.20068332,595.792268,61.0928648,24.1408716,202.2022301,,0.025353605,158.3970014,,0.014606115,1.43442,0.675,0,3.5571,0.3354,29.07862003,34.97226553
1,2,1002,0.002093115,0.000192294,0.001427369,0.018607552,0.000258378,0.600420424,39.77540582,0.314459242,31.46808203,26.30095,3.304067301,1.7222028,157.7219772,,0,,,0,0,0,0,1.7597,0.1659,0,23.30652381
1,3,1003,0.03954085,0.003632616,0.004461464,0.058160778,0.000304238,0.706989747,54.5269026,0.370272981,9.981970083,71.399316,3.890510065,4.913922,45.98359459,,0,77.10942321,,0,0,0,0,0,0,0.304844326,4.11833706
1,4,1004,0.007116592,0.000653801,0.000336291,0.004383978,8.84E-05,0.205467397,7.689541157,0.1076098,16.92594927,7.974975,1.130671243,8.1315312,50.63983212,,0,,,0,0,0,0,1.1506,0.1085,0.61136235,7.257489085
1,5,1005,0.268013897,0.024622423,0.007988785,0.104143839,0.000575264,1.336802092,11.15718904,0.700125705,18.31746592,176.708508,7.35631884,12.2376852,77.0669924,,0,126.1661451,,0,0,0,0,0,0,0.299831829,13.67211105
1,6,1006,0.021730342,0.001996365,0.003108825,0.040527443,0.000256102,0.595131913,5.910720632,0.311689481,20.90427068,39.168184,3.274965029,3.976704,56.21651557,,0,2.723112293,,0,0,0,0,0.6693,0.0631,0.484004113,9.81105006
1,7,1007,0.042528297,0.003907072,0.003960763,0.051633522,0.000293821,0.682784635,15.18796156,0.357595995,32.55307878,41.19698,3.757311204,3.7064124,86.92963827,,0,3.41193587,,0,0,0,0,0.9175,0.0865,0.893337355,13.87370797
1,8,1008,0.003044531,0.000279701,0.000807099,0.010521548,4.86E-05,0.113020144,9.965963085,0.059192238,4.629319459,2.866286,0.62194114,11.0115348,32.73018633,,0,1.009259705,,0,0,0,0,0,0,0,5.149361303
1,9,1009,0.006317402,0.000580379,0.000799626,0.010424126,0.000108657,0.252497376,5.813092897,0.132240894,18.87894342,6.046866,1.389473591,1.491264,104.6873805,,0,1.001137345,,0,0,0,0,0,0,0,12.66604643
1,10,1010,0.005251817,0.000482484,0.000567959,0.007404052,0.00011057,0.256943213,0,0.13456932,35.22940409,16.027112,1.413938688,1.8495816,164.030128,,0,0.67679375,,0,0,0,0,0,0,0,30.03794094
1,11,1011,0.11228612,0.01031572,0.002458662,0.032051752,0.000207716,0.482692924,0,0.252801612,14.32195708,58.260133,2.656221941,0.6876384,42.62012529,,0,,,0,0,0,0,1.5567,0.1468,0,7.409166767
2,1,2001,0.396531175,0.036429299,1.88476656,0.766903928,0.002783104,55.58075542,46.4276882,3.387182443,81.46891655,103.605041,35.58960031,9.196128,748.4876682,,0,1268.199724,,0,0,0,247.1,0,0,5.073053202,99.25620019
2,2,2002,1.386289275,0.127358324,3.262188056,1.327371192,0.005681512,113.4641976,59.77015994,6.914694396,213.17628,0,72.65366245,261.5179968,2120.294393,,0.720340665,,0.374569099,0.006236422,0.01872,0.016,0,5.0149,0.4729,54.93390728,225.4705621
2,3,2003,0.216237836,0.019865759,0.451798082,0.183834821,0.000637679,12.73494912,8.857570725,0.776088697,5.214337065,0,8.154472639,1.636248,18.78216187,,0,81.0424119,,0,0,0,0,1.6801,0.1584,1.061780526,3.981720762
2,4,2004,3.216794697,0.295526763,5.820222346,2.368225049,0.009628817,192.2949473,33.6546129,11.71876965,14.24962396,1416.773364,123.1307539,8.745642,28.61545028,,1.568940744,36.42479481,0.791160515,0.006236422,7.36749,2.239,0,2.9417,0.2774,48.75277067,2.180666985
2,5,2005,0.125453718,0.011525427,0.648367358,0.263818069,0.000521639,10.41752875,0,0.634861297,4.215684531,0,6.670576566,7.1787792,16.11128333,,0.223708281,,,0,0,0,8.8,0,0,0.438488322,1.564850003
3,1,3001,0.033889439,0.003113421,0,0.100539234,0.000392206,0,22.5775353,0.477334916,57.4040653,40.714247,5.015424814,10.542408,287.2605618,,0,,,0,0,0,28.9,0,0,0.159116596,81.74269035
3,2,3002,0.049549747,0.004552133,0,0.090504795,0.000349122,0,6.768739328,0.424899678,6.220648023,0,4.464480427,2.6687412,16.95649373,,0,0.648994616,,0,0,0,97.8,0,0,8.824979413,7.879544916
3,3,3003,0.078777248,0.007237262,0,0.540982916,0.001423485,0,50.2073784,1.732455389,20.64800733,558.347996,18.20315141,8.222664,17.36810832,,0.403053694,2.337025581,,0.010030773,2.93319,0.948,6.7,0,0,5.96390399,10.20759228
3,8,3008,0.050596305,0.00464828,0,2.282396498,0.001209073,0,25.3236751,1.471504286,6.096345561,122.953883,15.46130163,7.6603332,5.7871075,,0.299060013,2.456346268,,0,1.21212,0.992,26,0,0,0,5.254041699
3,9,3009,0.004129146,0.000379344,0,0.075794113,7.44E-05,0,0,0.090489022,1.229662981,0,0.950780824,2.3062812,2.300534278,,0.021209735,,,0,0.01872,0.016,3.8,0,0,0,1.044130759
4,1,4001,0.06469629,0.005943645,0,0.061375695,0.000321212,127.6726233,471.5425135,0.390932053,0.072333117,2.743956,4.107577837,2.1871872,26.50267914,,0.004374225,,,0,0,0,0,1.6079,0.1516,0.014679034,6.234256478
4,2,4002,0.141627791,0.013011338,0,0.539716433,0.001555863,618.4105416,304.2491325,1.89356572,13.46348869,121.883025,19.89596022,10.7049972,101.864398,,0.024744564,12.10113425,,0.010339374,0,0.035,61.2,3.6909,0.348,9.054017643,25.58119307
4,3,4003,0.041234371,0.0037882,0,0.914205597,0.001349115,536.2344612,443.580421,1.641943539,19.91066507,180.122456,17.25213073,20.670576,73.73272698,,0.020088272,1.100260275,,0,0.00702,0.013,12.9,0,0,10.77019077,10.95252795
4,4,4004,0.047989425,0.004408786,0,0.111937578,0.000495586,196.9810448,706.8080229,0.603153615,8.864062011,7.647507,6.337419511,7.3827924,179.6875286,441.7458047,0.007237744,,,0,0,0,0,4.8707,0.4593,1.456627735,89.1429538
4,5,4005,0.014004844,0.001286624,0,0.026985822,0.000176737,70.24777554,240.2844482,0.215097853,17.80982835,1.721089,2.260063265,1.0418136,51.82946467,,0.00236524,,,0,0,0,0,1.5661,0.1477,0.093343604,19.16818864
4,6,4006,0.004281372,0.000393329,0,0.027667774,0.000233006,92.6133472,446.1490689,0.283580967,59.26623314,4.213798,2.979624938,7.7317896,273.5162401,,0.002813929,131.2977262,,0,0,0,0,0,0,0.233735395,63.1789703
4,7,4007,0.001503237,0.000138102,0,0.013931309,5.21E-05,20.69560898,61.80730811,0.063369708,3.616655827,0,0.665834402,14.591604,60.73912669,,0.000817241,,,0,0,0,0,0,0,0,16.63705015
4,8,4008,0.014366382,0.001319839,0,0.0089628,5.88E-05,23.38693277,93.84531881,0.07161051,3.189009802,1.37386,0.752421656,0.6379296,27.0971679,,0.000784711,,,0,0,0,0,1.0598,0.0999,0.50849681,9.208892244
4,9,4009,0.013205655,0.001213203,0,0.076865752,0.000300636,119.4942793,0,0.365890061,5.145180285,0,3.844458118,25.0594488,76.09937018,,0.004556716,131.9160823,,0,0,0,0,2.8556,0.2693,3.472909005,25.98927802
4,10,4010,0.000989473,9.09E-05,0,0.022796687,0.000153154,60.87411595,72.64978134,0.186395819,0.616216138,0,1.958486972,1.2365064,59.29534419,,0.001945511,4.4010411,,0,0,0,0,2.297,0.2166,0,3.119657691
4,11,4011,0.003406069,0.000312915,0,0.028934256,0.000222709,88.52044759,105.6440995,0.271048557,9.988322757,0,2.847945152,22.130772,53.86330702,,0.003349897,97.00628091,,0,0,0,0,0,0,0,3.209031668
5,1,5001,0.000209312,1.92E-05,0,0,5.78E-06,0.063363432,0.312042814,0.007030933,3.037990895,0,0.073874998,1.0128168,44.24726494,,0,,,0,0,0,0,0.8338,0.0786,0,0
5,2,5002,0.315070934,0.02894555,0,0.145255813,0.000834698,9.155124482,8.709316377,1.015870908,3.347687132,0,10.67389791,15.2606016,13.88151836,,0,175.0531089,0.056152897,0,0,0,0,0.7312,0.0689,0.498160939,116.849968
5,3,5003,0.015470025,0.00142123,0,0.01851013,0.000123787,1.357719259,0.598210731,0.150655242,2.820991545,0,1.58295573,1.413594,73.38208998,,0,13.5289,,0,0,0,0,0,0,0.020963943,0
5,4,5004,0.046638414,0.004284669,0,0.018120443,0.000125331,1.374657319,48.84883683,0.152534723,17.35823518,0,1.6027037,1.4591604,167.8875437,,0,140.2303586,,0,0,0,0,0,0,0.267102962,0
5,5,5005,0.000380566,3.50E-05,0,0.001169061,1.05E-05,0.115137665,3.072004431,0.012775905,1.739171134,0,0.134238228,2.2617504,18.86714546,,0,8.9200882,,0,0,0,0,0,0,0,0
5,6,5006,0.037790245,0.003471788,0,0.011690609,0.000153235,1.680708183,18.17115716,0.186494739,3.429549259,0,1.959526339,5.4596832,61.93252776,,0,16.11546834,,0,0,0,0,3.5533,0.3351,0.126521675,0
5,7,5007,0.013643306,0.00125341,0,0.016561696,7.69E-05,0.843885711,20.15698812,0.093639245,5.217513402,0,0.983880661,3.2165736,89.06162693,,0,9.086263242,,0,0,0,0,6.9207,0.6526,0.05634951,0
5,8,5008,0,0,0,0,1.67E-05,0.183507083,4.192585,0.020362313,2.965657778,0,0.213949671,2.283498,23.25119913,,0,0.78861941,,0,0,0,0,1.5586,0.147,0,0
5,9,5009,0.020093907,0.001846026,0,0.044424313,0.000340413,3.733710817,21.85589306,0.414300014,22.04270032,0,4.35310827,27.4371864,183.7829314,,0,,,0,0,0,0,0,0,0.000389954,0
5,10,5010,0.24531311,0.022536903,0,0.053387113,0.000450464,4.940770487,2.984117949,0.548237767,2.265866721,0,5.760411,0.2723628,30.83604666,,0,,,0,0,0,0,0.7376,0.0696,0.082480221,70.65932441
5,11,5011,0.001236841,0.000113629,0,0.00837827,7.08E-05,0.776064895,58.04343536,0.086113712,9.714871974,0,0.904808829,2.2503588,136.98746,,0,,,0,0,0,0,4.695,0.4427,0.024807333,0
5,12,5012,0.001579351,0.000145095,0,0.001461326,1.14E-05,0.125286786,0.54551607,0.013902072,3.113500348,0,0.14607102,19.8752352,24.93557825,,0,769.4631786,,0,0,0,0,0,0,0,0
5,13,5013,0.00034251,3.15E-05,0,0.002338122,9.82E-06,0.107662975,0.410834325,0.011946499,1.301996098,0,0.125523536,7.5329544,8.261094388,,0,,,0,0,0,0,0,0,0.515877004,0
5,14,5014,0.002625908,0.000241242,0,0.00389687,6.12E-05,0.6709392,2.355231804,0.074448754,4.19532076,0,0.78224349,8.7487488,49.01339191,,0,59.05271754,,0,0,0,0,3.1108,0.2933,0,0
5,15,5015,1.90E-05,1.75E-06,0,9.74E-05,8.33E-06,0.091410666,0.3532002,0.01014311,0.877526409,0,0.106575079,0.8937228,12.73502157,,0,,,0,0,0,0,0,0,0,0
5,16,5016,0.000742105,6.82E-05,0,0.00058453,1.05E-05,0.115274816,0.750603485,0.012791124,1.157329865,0,0.13439813,0.1936572,8.848472591,,0,,,0,0,0,0,0,0,0,0
5,17,5017,0.075846886,0.00696805,0,0.045983061,0.000645494,7.079903501,16.94988248,0.785600241,31.26696437,0,8.25441176,55.787772,214.4482503,,0,,,0,0,0,0,0,0,0.302656222,0
5,18,5018,0.28599566,0.026274407,0,0.292265217,0.001269481,13.92390851,8.505943865,1.545024714,3.423196586,0,16.23379106,2.2234332,23.54593309,,0,1.31571941,,0,0,0,0,0.3977,0.0375,8.144366466,0
5,19,5019,0.002816191,0.000258723,0,0.00506593,4.50E-05,0.493809606,0.907493736,0.054794101,1.374329214,0,0.57572929,2.2710708,69.15548514,,0,37.73189628,,0,0,0,0,0,0,0.100388098,0
5,20,5020,0.013738448,0.00126215,0,0.046762435,0.000389786,4.275248723,2.281722592,0.474390142,5.489251392,0,4.984483662,10.5248028,26.3870997,,0,248.3419765,,0,0,0,0,3.207,0.3024,6.079332672,0
5,21,5021,0.000418623,3.85E-05,0,0.000974217,3.63E-05,0.39773583,4.373123912,0.044133563,2.820991545,0,0.463717523,1.68285,44.59127222,,0,65.17158495,,0,0,0,0,0.7697,0.0726,0,0
5,22,5022,0.010579746,0.000971961,0,0.009255065,0.000169528,1.859415006,1.234136515,0.206324405,4.921828262,0,2.167879419,4.7720448,85.64230795,,0,36.17036755,,0,0,0,0,2.8991,0.2734,8.122513475,0
5,23,5023,0.010960313,0.001006923,0,0.004676243,6.12E-05,0.671076351,16.35145951,0.074463973,3.275354016,0,0.782403393,11.1979428,13.62798244,,0,386.8433844,,0,0,0,0,4.0793,0.3847,0.033171518,0
5,24,5024,0.066675236,0.00612545,0,0.042378456,0.000286563,3.14307311,96.22869459,0.348761673,12.00249284,0,3.664487748,2.7453756,194.8440957,,0,0.419243292,,0,0,0,0,13.7516,1.2967,0,0
5,25,5025,0.250469785,0.023010646,0,0.247451217,0.000950501,10.42527328,3.969912506,1.156809158,3.544322711,0,12.15475583,2.0370252,27.83294835,,0.093957478,,0.027505972,0,0,0,0,0.712,0.0671,0.434670162,0
5,26,5026,0,0,0,0.000194843,2.04E-05,0.224172143,1.565718198,0.024874589,1.033027403,0,0.26136079,0.9082212,6.319890688,,0,,,0,0,0,0,1.0134,0.0956,0.628775681,0
5,27,5027,0.589021667,0.05411339,0,0.060206635,0.000415214,4.55414383,46.67832438,0.5053369,8.472503646,0,5.309645587,2.8344372,124.6446246,,0.037284714,8.715361556,,0,0,0,0,11.7632,1.1092,0.617823556,0
5,28,5028,0.093162658,0.008558849,0,0.073261148,0.000330153,3.621179008,2.079012367,0.401813259,2.242326613,0,4.221908191,2.6842752,22.54053154,,0.06114693,0.3514,,0,0,0,0,2.944,0.2776,2.100406231,36.84035718
5,29,5029,0.000646963,5.94E-05,0,0.000876796,1.32E-05,0.144693552,1.210061793,0.016055486,0.14784257,0,0.168697237,0.3376056,18.41376623,,0,,,0,0,0,0,0,0,0,0
5,30,5030,0.73493083,0.067518057,0,0.903391784,0.004314071,47.3175345,117.5570121,5.250448189,10.07482477,0,55.16719447,1.9345008,220.6947874,,0,56.66751003,,0.053724156,0,0,0,14.2326,1.3421,12.02639179,198.0183505
5,31,5031,0.003653438,0.000335641,0,0.00837827,0.00012113,1.328574823,3.0311566,0.147421317,6.082334463,0,1.548976429,13.0299192,50.19744559,,0,58.02182766,,0,0,0,0,0,0,0.001189859,0
5,32,5032,0.020531558,0.001886233,0,0.050561882,0.000250756,2.750343265,1.492382827,0.305183585,2.341376174,0,3.20660667,1.4011668,42.86302579,,0,175.4182876,,0,0,0,0,0,0,0.939208041,0
5,33,5033,0.103019328,0.00946438,0,0.053484535,0.00060006,6.581567936,90.77141624,0.730303931,24.97528898,0,7.673405684,12.5991096,322.4353415,,0.032810548,433.3948158,,0,0,0,0,2.9825,0.2812,0.542081439,0
5,34,5034,0.000380566,3.50E-05,0,0.003020074,3.16E-05,0.346373048,7.264831165,0.038434246,1.666838017,0,0.403834001,5.0392296,3.836261732,,0,17.4075528,,0,0,0,0,7.1131,0.6707,2.80003052,0
5,35,5035,0.851726662,0.078248085,0,1.03091684,0.003769399,41.34347376,37.65484952,4.58755447,9.120325358,0,48.20207732,34.4792664,70.44590153,,0.441451008,,,0,2.9952,1.15,0,1.2892,0.1216,11.01846762,0
5,36,5036,0.002245342,0.000206279,0,0.001071639,0.000122668,1.345444308,33.6712839,0.149293189,6.246058717,0,1.568644448,13.6885608,67.68072321,,0,,,0,0,0,0,2.867,0.2703,0,0
5,37,5037,0.003044531,0.000279701,0,0.004189135,3.81E-05,0.418034072,1.521434015,0.046385896,2.893324662,0,0.487383107,6.5263512,67.8462474,,0,,,0,0,0,0,1.4945,0.1409,0,0
5,38,5038,0.029417784,0.00270261,0,0.00837827,7.70E-05,0.844365737,1.589226911,0.09369251,7.03349974,0,0.98444032,19.6391184,121.5388477,,0,253.6238756,,0,0,0,0,2.1102,0.199,0.015873118,0
6,1,6001,0.012558692,0.001153766,0,0.075988956,0.00014959,0,94.28273326,0.182058555,15.98561876,26.944594,1.912914733,0.740454,72.86772341,1.152503427,0,1.20147174,,0,0,0,0,1.6401,0.1546,0.052687969,11.65336876
6,2,6002,0.098338361,0.00903434,0,0.506690464,0.000843933,0,67.28831598,1.027109748,11.57329865,274.996899,10.79198598,15.5039676,45.63611185,68.18210276,0.095206626,0.300367935,,0.004126916,0,0.006,0,1.0571,0.0997,2.963726506,11.02425812
6,3,6003,0.006774082,0.000622335,0,0.059914369,0.000123231,0,86.85016265,0.14997802,4.846318809,9.727117,1.575840065,3.018774,30.57563559,26.78417965,0.01043972,,,0,0,0,0,0,0,0.009521602,6.041438375
6,4,6004,0.004795137,0.000440529,0,0.02182247,0.000106206,0,62.64448321,0.129258074,7.811976587,7.693616,1.358132683,2.645958,58.6733512,9.427478036,0,2.970922595,,0,0,0,0,1.6945,0.1598,0.443580357,7.773962956
6,5,6005,0.00939999,0.000863577,0,0.026011604,0.000158293,0,34.73207316,0.19265061,10.5398642,13.885396,2.024206938,7.6955436,47.66255687,254.0578555,0,1.12783587,,0,0,0,0,2.0132,0.1898,1.336930359,6.870151654
6,6,6006,0.000285425,2.62E-05,0,0.00165617,2.86E-05,0,28.93071774,0.034819859,3.189009802,0.293592,0.365857135,1.5368304,14.71837278,,0,0.042909705,,0,0,0,0,0,0,0,4.953834542
6,7,6007,0.04260441,0.003914065,0,0.675912024,0.000932026,0,165.9719534,1.134323868,14.68362266,162.475883,11.91849975,5.7765768,51.17412829,,0.100290973,8.199814835,,0,0.60255,0.291,150.2,2.0287,0.1913,1.549237809,16.45503099
6,8,6008,0.001465181,0.000134606,0,0.009449909,4.51E-05,0,44.96026221,0.054847365,1.012663632,2.15489,0.576288949,1.7066688,8.81017956,,0,33.9703428,,0,0,0,0,0,0,2.192128217,5.291775648
6,9,6009,0.041386597,0.003802185,0,0.224167421,0.000621586,0,232.8051404,0.756502527,29.44275477,75.676161,7.948678,4.9191,191.1013442,9.634928653,0.065513283,0.986923215,,0,0,0,0,1.881,0.1774,0.350695296,31.37714003
6,10,6010,0.025650176,0.00235648,0,0.156069626,0.000700407,0,38.3928412,0.852432151,4.50184066,345.490032,8.956624002,1.3390308,23.61112627,31.71689432,0.07306015,0.300367935,,0,0,0,0,0,0,1.165491886,4.687038931
7,1,7001,0.002226314,0.000204531,0,0.008280848,9.20E-05,2.517251946,149.5484061,0.112007938,0.289332466,0,1.176883092,0.7394184,4.60159832,,0,0.42909705,,0,0,0,0,0,0,0,1.453841077
7,2,7002,0.004738052,0.000435285,0,0.020361143,0.000166665,4.558585946,230.1655847,0.202839375,2.534835416,0,2.131261725,1.310034,25.22802566,,0,24.5573882,,0,0,0,0,0,0,0,2.871870008
7,3,7003,0.0043004,0.000395078,0,0.024355435,0.000146801,4.015290468,177.6925821,0.178664836,1.663661681,0,1.877256454,5.654376,11.99226794,32.60893197,0,0.8789185,,0,0,0,0,1.2123,0.1143,0.021630375,5.368492226
7,4,7004,0.002930361,0.000269212,0,0.013931309,0.000159581,4.36483279,252.940867,0.194218112,0.003176337,0,2.040676906,1.071846,12.1430829,,0,13.53809162,,0,0,0,0,0,0,0,1.270073767
7,5,7005,0.000608906,5.59E-05,0,0.004091713,0.000127651,3.491490012,295.3209952,0.155357749,0,0,1.632365632,2.1499056,11.04710071,,0,,,0,0,0,0,0,0,0,1.32107341
7,6,7006,0.000837246,7.69E-05,0,0.002922652,0.000157449,4.306518733,256.6309313,0.191623363,0,0,2.013413513,0.8315868,8.789183259,,0,7.70643292,,0,0,0,0,0,0,0,1.607823472
7,7,7007,0.016840064,0.001547096,0,0.001948435,5.79E-05,1.583714013,111.8582788,0.070469125,0,0,0.740428962,0.2185116,5.009700129,,0,1.7659529,,0,0,0,0,0,0,0,0.427104453
7,8,7008,0.004014976,0.000368856,0,0.026011604,0.000194168,5.310854377,301.2936494,0.2363124,0.21699935,0,2.482967481,15.7400844,4.927646607,,0,3.40787469,,0,0,0,0,0,0,0,2.164042724
7,9,7009,0.012044927,0.001106567,0,0.053484535,0.000239646,6.554773579,142.5617418,0.291661975,2.531659079,0,3.064533215,3.1927548,23.58342624,,0,14.57551227,,0,0,0,0,1.5953,0.1504,0.623532448,0.428087917
7,10,7010,0,0,0,0.000974217,4.07E-05,1.114294408,75.75394437,0.049581775,0,0,0.520962651,0.0869904,5.42160002,,0,,,0,0,0,0,0,0,0,0.310844935
7,11,7011,9.51E-05,8.74E-06,0,0.003702026,0.000106393,2.910059536,252.73574,0.129486351,0,0,1.360531222,0.1895148,8.605024877,,0,,,0,0,0,0,0,0,0,1.240184885
7,12,7012,0.027857461,0.002559264,0,0.031077535,0.000229174,6.268333565,209.2572926,0.278916506,0.650998049,0,2.930614793,1.4622672,5.963809909,,0,0.3514,,0,0,0,0,0,0,0.048949539,0.531351658
7,13,7013,0.003234815,0.000297182,0,0.024550278,0.000179713,4.915481653,242.3475734,0.218719849,0,0,2.298120082,1.351458,14.13053201,,0,,,0,0,0,0,0,0,0,0.965480855
7,14,7014,0.001008501,9.27E-05,0,0.003312339,9.49E-05,2.596429096,155.9082902,0.115531014,0.017187435,0,1.213900543,0.9092568,12.1919355,,0,1.56530292,,0,0,0,0,0,0,0,1.261784568
7,15,7015,0.004053032,0.000372352,0,0.020458565,0.000254652,6.965195092,322.7845508,0.309924138,0.072333117,0,3.256416328,0,2.849647662,,0,,,0,0,0,0,0,0,0,1.2815241
7,16,7016,0.000932388,8.57E-05,0,0.006429835,9.98E-05,2.730500124,189.2043843,0.121496654,1.308348771,0,1.27658236,11.3729592,56.22763101,,0,,,0,0,0,0,0,0,0,1.70115282
7,17,7017,0.021140464,0.001942173,0,0.075988956,0.000492085,13.4594315,462.3845036,0.598892444,11.00098639,0,6.292646785,4.2262836,74.22029027,,0,457.8073272,,0,0,0,0,0,0,0.059321304,2.524201364
7,18,7018,0.002816191,0.000258723,0,0.005553039,4.99E-05,1.366190611,79.06512659,0.060790178,0.017187435,0,0.638730912,0.5322984,5.971575191,,0,,,0,0,0,0,0,0,0,0.616772548
7,19,7019,0.065876046,0.006052029,0,0.245210517,0.000795978,21.77149319,577.1133249,0.968746916,2.468854973,0,10.17875953,1.0998072,22.49794927,,0.044741656,3.55598343,,0,0.10881,0.033,0,0,0,4.545889872,2.287256739
7,20,7020,0.00203603,0.00018705,0,0.013249356,0.000253889,6.944331998,424.8168919,0.308995812,9.909636967,0,3.24666227,19.8752352,36.12127434,,0,280.3716853,,0,0,0,0,0,0,0,4.377153288
7,21,7021,0.002416597,0.000222013,0,0.017730756,0.000126857,3.469771874,168.8213811,0.154391377,0,0,1.622211817,1.1774772,4.095194449,,0,,,0,0,0,0,0,0,0,0.822738051
7,22,7022,0.00022834,2.10E-05,0,0.0022407,8.87E-05,2.425249123,159.3393887,0.10791417,0,0,1.133869295,0.1636248,10.66448812,,0,,,0,0,0,0,0,0,0,1.178049617
7,23,7023,0.001446152,0.000132858,0,0.007793739,0.000443836,12.13975533,953.1270998,0.540171978,0,0,5.675662625,0.2247252,21.78610826,,0,0.042909705,,0,0,0,0,0,0,0,1.271478716
7,24,7024,0.000209312,1.92E-05,0,0.00058453,6.24E-05,1.707011476,125.1741691,0.075955383,0,0,0.798073847,0.170874,4.873367923,,0,,,0,0,0,0,0,0,0,0.402798837
7,25,7025,0.000304453,2.80E-05,0,0.001461326,4.54E-05,1.240841041,89.194722,0.055212609,0,0,0.580126611,3.0363792,2.323752086,,0,,,0,0,0,0,0,0,0,0.315551513
7,26,7026,0.00045668,4.20E-05,0,0.004091713,0.000203784,5.573866163,363.2669306,0.248015403,0.017187435,0,2.605932576,0.455664,10.16162474,,0,,,0,0,0,0,0,0,0,1.586819486
7,27,7027,0.019884595,0.001826797,0,0.059719526,0.000502588,13.74672656,453.8478665,0.611675958,4.122987643,0,6.426964964,1.5606492,38.20645883,,0.002982777,5.24502801,,0,0,0,0,0,0,4.815934998,2.996966654
7,28,7028,0.001084614,9.96E-05,0,0.002532965,3.02E-05,0.826315313,45.51990026,0.036767823,0,0,0.386324667,0.2371524,7.399221279,,0,,,0,0,0,0,0,0,0,0.59640079
7,29,7029,0.000970444,8.92E-05,0,0.006234991,3.41E-05,0.933708942,38.29550361,0.041546423,0,0,0.436534082,0.4525572,1.517747125,,0,,,0,0,0,0,0,0,0,0.212147277
7,30,7030,0.001845747,0.000169569,0,0.013541622,0.000188222,5.148224853,306.5884506,0.229076017,2.242326613,0,2.406933797,14.001312,14.92437385,,0,80.18470864,,0,0,0,0,0,0,0,2.354694284
7,31,7031,0.001274897,0.000117125,0,0.0156849,0.000660737,18.07239829,1401.775313,0.804151556,0.072333117,0,8.449333022,13.0361328,42.19152161,,0,2.51719115,,0,0,0,0,0,0,0,5.226585366
7,32,7032,0.004947363,0.000454514,0,0.029421365,0.000167415,4.579107021,204.4430007,0.203752484,0.578664932,0,2.140855881,1.8661512,7.227693946,,0,0.42909705,,0,0,0,0,0,0,0,3.335910566
7,33,7033,0.00022834,2.10E-05,0,0.000487109,4.41E-05,1.207323284,101.7647045,0.053721199,0,0,0.564456157,5.1086148,3.14861371,,0,,,0,0,0,0,0,0,0,0.229709138
7,34,7034,0.007991895,0.000734215,0,0.0560175,0.00037133,10.15656437,525.7037252,0.451927681,6.437647373,0,4.748467434,14.167008,31.65247021,,0,4.69516584,,0,0,0,0,0,0,0.013454093,4.114252233
7,35,7035,0.000723076,6.64E-05,0,0.007793739,6.59E-05,1.801921451,86.75385898,0.080178508,3.833655177,0,0.842446817,0.7311336,10.36500507,,0,,,0,0,0,0,0,0,0,1.217388185
7,36,7036,0.000285425,2.62E-05,0,0.003507183,4.34E-05,1.18817028,76.42158313,0.052868964,0,0,0.555501612,0.088026,3.699369947,,0,,,0,0,0,0,0,0,0,0.357348742
7,37,7037,0.003425098,0.000314664,0,0.022017313,0.000185909,5.084951536,288.1710783,0.2262606,1.391516649,0,2.377351817,1.63107,11.63070401,49.80889312,0,,,0,0,0,0,0.7855,0.0741,0,3.738429818
7,38,7038,9.51E-05,8.74E-06,0,0.001363904,0.000119142,3.258746813,232.8066512,0.145001581,0,0,1.523551916,0.445308,7.414976987,,0,2.1084,,0,0,0,0,0,0,0,0.638127771
7,39,7039,0.000399595,3.67E-05,0,0.003507183,0.000126888,3.470626919,284.9647558,0.154429423,0,0,1.622611573,1.289322,13.25098738,,0,,,0,0,0,0,0,0,0,2.43421439
7,40,7040,0.023043296,0.002116986,0,0.085049178,0.00029651,8.110100104,278.3169343,0.360867966,3.258166581,0,3.791690262,1.4902284,55.98596353,354.9157355,0,,,0,0,0,0,0.4752,0.0448,0.089008994,2.417221533
7,41,7041,0.002625908,0.000241242,0,0.009157643,0.000244217,6.679781132,460.6736771,0.297224325,2.118024151,0,3.122977614,7.2170964,28.05202068,,0,3.285841575,,0,0,0,0,0,0,0,3.874427463
7,42,7042,0.000266396,2.45E-05,0,0.003312339,5.50E-05,1.502997782,98.27225315,0.066877566,0,0,0.70269195,0.9289332,2.326638814,,0,,,0,0,0,0,0,0,0,0.415021892
7,43,7043,0.001046558,9.61E-05,0,0.007014365,6.24E-05,1.707182485,99.30256593,0.075962992,0.072333117,0,0.798153798,3.6877716,1.036408657,,0,,,0,0,0,0,0,0,0,0.168031883
7,44,7044,0.001427124,0.00013111,0,0.004383978,0.000146845,4.016487531,220.7099325,0.178718101,0.003176337,0,1.877816113,1.0677036,11.79393393,,0,100.0809222,,0,0,0,0,0,0,0,1.384689494
7,45,7045,0.00022834,2.10E-05,0,0.001363904,3.13E-05,0.857438944,68.16898653,0.038152704,0.072333117,0,0.400875803,2.5030452,0.783072347,,0,,,0,0,0,0,0,0,0,0.117594219
7,46,7046,0.002169229,0.000199287,0,0.011398343,0.000226517,6.195654755,250.025949,0.275682581,18.75333521,0,2.896635492,1.066668,60.85826065,,0,88.93772216,,0,0,0,0,0,0,0,3.445215587
7,47,7047,0.003025503,0.000277953,0,0.006332413,0.000101773,2.783683911,161.021473,0.123863126,0,0,1.301447213,0.6793536,6.410334687,,0,3.53484053,,0,0,0,0,0,0,0,0.599772667
7,48,7048,0.002340483,0.00021502,0,0.015782322,0.000125394,3.429755776,159.5483854,0.152610816,1.808327914,0,1.603503213,9.5679084,7.237238617,,0,,,0,0,0,0,1.188,0.112,0,0.851258512
7,49,7049,0.001959917,0.000180057,0,0.00730663,0.000106944,2.925108324,202.0197917,0.130155963,0,0,1.367566936,0.1884792,11.22247363,,0,,,0,0,0,0,0,0,0,0.942158703
7,50,7050,0.000380566,3.50E-05,0,0.001169061,3.30E-05,0.902927328,59.34108906,0.04017676,1.88066103,0,0.422142848,12.7575564,20.94468148,,0,,,0,0,0,0,0,0,0,0.760144769
7,51,7051,0.014004844,0.001286624,0,0.050464461,0.000230856,6.314334976,262.3644881,0.28096339,3.254990245,0,2.952121692,11.557296,8.954767782,,0,,,0,0,0,0,1.1395,0.1075,0,11.0289539
7,52,7052,0.008429546,0.000774422,0,0.022601843,0.000636798,17.41760497,1280.460271,0.775015795,0.743694937,0,8.143199506,35.3647044,60.54436481,,0,0.42909705,,0,0,0,0,0,0,0.036436367,6.584995293
7,53,7053,0.000247368,2.27E-05,0,0.000779374,4.17E-05,1.139261716,66.44166994,0.050692723,0,0,0.532635541,0.0973464,2.65711089,,0,0.042909705,,0,0,0,0,0,0,0,0.203984525
7,54,7054,0.003310928,0.000304175,0,0.022212156,0.00014979,4.097032753,205.4023973,0.18230205,13.81562526,0,1.915473174,2.6293884,60.01474445,37.51398656,0,,,0,0,0,0,0,0,0,3.096276869
7,55,7055,0.000646963,5.94E-05,0,0.007014365,2.99E-05,0.81690982,45.46786433,0.036349315,0.940330515,0,0.381927346,0.2423304,4.673839412,,0,,,0,0,0,0,0,0,0,0.431038309
7,56,7056,0.00011417,1.05E-05,0,9.74E-05,6.32E-05,1.729242641,125.8435843,0.076944584,0,0,0.808467516,0.072492,3.314928617,,0,,,0,0,0,0,0,0,0,0.292229362
7,57,7057,0.012634805,0.001160759,0,0.062252491,0.00036157,9.889619381,519.5080033,0.440049665,0,0,4.623663459,1.1267328,24.76629421,,0,0.214548525,,0,0,0,0,0,0,0.09483838,3.770250505
7,58,7058,0,0,0,0,2.62E-05,0.717724621,0,0.031935959,0,0,0.335555594,0.357282,6.413915271,,0,,,0,0,0,0,0,0,0,0.609466814
7,59,7059,0.011359907,0.001043634,0,0.092842917,0.001109382,30.34365951,2382.969749,1.350175035,1.907377475,0,14.18647819,12.2376852,96.55591256,,0,17.57141293,,0,0,0,0,0,0,0.014059744,9.447072807
7,60,7060,0.000913359,8.39E-05,0,0.002630387,7.14E-05,1.953264384,122.4704551,0.086912681,0,0,0.913203715,0.7984476,3.200036055,,0,,,0,0,0,0,0,0,0,0.42991435
7,61,7061,0.040530323,0.003723519,0,0.055725235,0.00047858,13.09005214,639.0052994,0.582456496,8.610817206,0,6.119951983,7.192242,50.22094521,,0.037284714,4.63279199,,0,0,0,0,0,0,0.061549233,5.853297928
7,62,7062,0.000646963,5.94E-05,0,0.006332413,9.92E-05,2.713570236,188.8941012,0.12074334,0.144666233,0,1.268667181,28.5970584,10.00592973,,0,,,0,0,0,0,0,0,0,1.073942906
7,63,7063,0.000418623,3.85E-05,0,0.00730663,2.27E-05,0.619565476,22.60075835,0.027568258,0,0,0.289663549,0.7497744,3.789205406,,0,,,0,0,0,0,0,0,0,0.484707356
7,64,7064,0.001312954,0.000120621,0,0.00506593,0.000273708,7.486430413,506.3613288,0.333117086,0,0,3.500107882,0.2216184,13.45542524,,0,,,0,0,0,0,0,0,0,1.417874386
7,65,7065,0.014309297,0.001314594,0,0.18042506,0.000655892,17.93986635,1031.19346,0.798254399,5.865335114,0,8.387370767,37.7310504,93.22714764,,0,,,0,0,-0.002,0,3.6562,0.3448,0.446326324,6.457646513
7,66,7066,0.001103643,0.000101392,0,0.009157643,0.000128114,3.504144675,210.0541637,0.155920833,0,0,1.638282028,0.4939812,4.590166359,,0,,,0,0,0,0,0,0,0,0.768226035
7,67,7067,0.000513765,4.72E-05,0,0.002143278,6.61E-05,1.809274836,107.0146,0.080505705,0,0,0.845884723,0.6607128,2.261686345,,0,0.1757,,0,0,0,0,0,0,0,0.226196766
7,68,7068,0.003767607,0.00034613,0,0.030882691,0.000183727,5.025269408,231.493383,0.223604977,0.14784257,0,2.349448815,30.6320124,2.935977623,,0,,,0,0,0,0,1.7311,0.1632,3.91862447,0.950869386
7,69,7069,0.007630357,0.000701,0,0.046372748,0.000286719,7.842300067,340.5585969,0.348951904,5.871687787,0,3.666486531,21.0827448,18.77066422,,0,6.00276289,,0,0,0,0,3.1664,0.2986,0.011355947,1.144752329
7,70,7070,0.000399595,3.67E-05,0,0.005455617,8.32E-05,2.275958298,148.715191,0.101271308,0,0,1.064071812,0.1470552,7.708740661,,0,,,0,0,0,0,0,0,0,0.409612839
7,71,7071,0.002625908,0.000241242,0,0.015490056,0.000165095,4.515662696,290.6385592,0.200929457,3.905988293,0,2.11119395,2.12298,14.25988573,70.07220838,0,0.34936941,,0,0,0,0,0.8922,0.0841,0.020711084,2.121873184
7,72,7072,0.002778135,0.000255227,0,0.007891161,0.000188847,5.165325749,308.9116706,0.229836941,0.072333117,0,2.414928927,1.247898,13.47275273,,0,0.128729115,,0,0,0,0,0,0,0,1.339899725
7,73,7073,0.00192186,0.000176561,0,0.006624678,5.40E-05,1.476491393,76.59768905,0.065698134,0,0,0.690299499,0.4701624,1.669103267,,0,0.17366941,,0,0,0,0,0,0,0,0.173511184
7,74,7074,0.037809273,0.003473536,0,0.049003135,0.000216988,5.935037095,83.74454974,0.264086107,2.676325312,0,2.774789715,16.6907652,7.093441348,,0,,,0,0,0,0,0,0,0.198393801,0.554533314
7,75,7075,0.005023477,0.000461507,0,0.018802396,0.000165933,4.538577897,265.220504,0.201949095,0.578664932,0,2.121907423,0.341748,18.80496976,65.46219468,0,,,0,0,0,0,0,0,0.006489113,0.931200102
7,76,7076,0.000513765,4.72E-05,0,0.002045857,0.000155248,4.246323578,369.3662144,0.188944912,0,0,1.985270657,1.0469916,15.08035893,,0,,,0,0,0,0,0,0,0,1.967630874
7,77,7077,0.001579351,0.000145095,0,0.014710683,0.000353874,9.679107346,783.5368166,0.430682697,0.072333117,0,4.525243412,10.9742532,49.22209441,,0,,,0,0,0,0,0.9941,0.0937,0,4.230150679
7,78,7078,0.056495084,0.0051902,0,0.461291933,0.001131464,30.94766317,317.766662,1.377050853,0.220175686,0,14.46886618,0.7901628,17.45963767,,0.014913885,3.039977525,,0,0,0.001,0,0,0,3.834864968,1.128876407
7,79,7079,0.003938862,0.000361863,0,0.020068878,0.000195181,5.338557829,228.9539355,0.237545096,0.006352674,0,2.495919591,1.304856,8.072748957,,0,,,0,0,0,0,0,0,0,0.951852851
7,80,7080,0.000932388,8.57E-05,0,0.013639043,0.000238021,6.510311249,407.1504098,0.289683573,0,0,3.043745878,0.7466676,19.14534301,,0,9.05214513,,0,0,0,0,0,0,0,2.582751203
7,81,7081,0.002568823,0.000235998,0,0.0134442,0.000204321,5.588572934,317.228455,0.248669797,0,0,2.612808387,1.0987716,26.57071849,,0,,,0,0,0,0,0,0,0,3.416695125
7,82,7082,5.71E-05,5.24E-06,0,0.001363904,7.20E-05,1.96865519,108.7439026,0.087597512,0,0,0.920399331,0.5146932,3.891058301,,0,0.08581941,,0,0,0,0,0,0,0,0.612417207
7,83,7083,0.001255869,0.000115377,0,0.003409761,0.000100929,2.760597701,186.4371131,0.122835879,1.608515999,0,1.290653788,2.6656344,38.81437843,191.4538694,0,,,0,0,0,0,0,0,0,1.896540462
7,84,7084,0.000646963,5.94E-05,0,0.002435543,5.05E-05,1.380384355,95.60000852,0.061421744,0,0,0.64536687,7.32687,1.59603257,,0,,,0,0,0,0,0,0,0,0.258791579
7,85,7085,0.001179756,0.000108384,0,0.003507183,5.96E-05,1.631083496,85.36443306,0.072576883,0,0,0.762575471,0.2578644,5.307650371,,0,3.00367935,,0,0,0,0,0,0,0,0.571814185
7,86,7086,0.004091089,0.000375848,0,0.0089628,0.000123775,3.385464455,142.7561205,0.150640024,1.157329865,0,1.582795827,1.8920412,15.47001839,,0,29.74983775,,0,0,0,0,0,0,0.258001164,1.121851662
7,87,7087,0.003558296,0.0003269,0,0.038286743,0.000211605,5.787798377,162.8502046,0.257534556,3.113500348,0,2.705951648,1.408416,9.848635207,,0,,0.04657758,0,0,0,0,0.6934,0.0654,0,1.846477919
7,88,7088,0.000190283,1.75E-05,0,0.000389687,1.36E-05,0.370918442,28.72662216,0.016504431,0,0,0.173414363,5.0879028,1.033286791,,0,,,0,0,0,0,0,0,0,0.125321438
7,89,7089,0.062717345,0.005761839,0,0.577126381,0.001782592,48.75722069,963.51492,2.169507015,24.82744641,46.961546,22.79531405,4.1424,81.70680592,24.23253706,0,0.51491646,,0,1.09044,0.271,1.4,2.5409,0.2396,6.03674582,8.806310757
7,90,7090,0.000304453,2.80E-05,0,0.001948435,2.55E-05,0.69805859,42.96193516,0.031060897,0,0,0.326361195,0.4898388,1.027212249,,0,,,0,0,0,0,0,0,0,0.159040211
7,91,7091,0.002740078,0.000251731,0,0.013541622,6.12E-05,1.674177755,63.33362934,0.07449441,0,0,0.782723198,0.460842,1.6046358,,0,,,0,0,0,0,0,0,0,0.334377828
7,92,7092,0.003634409,0.000333893,0,0.032149174,0.000233119,6.376240221,435.7034967,0.283717933,0,0,2.981064061,12.2998212,12.53289873,,0,,,0,0,0,0,0,0,0.010815188,1.247594585
7,93,7093,0.001103643,0.000101392,0,0.00282523,0.000251913,6.890293166,473.9150937,0.306591293,0,0,3.22139766,0.144984,14.34496191,,0,,,0,0,0,0,0,0,0,1.491634201
7,94,7094,0.006926309,0.00063632,0,0.018997239,0.000223053,6.100915789,363.920455,0.271467065,0.144666233,0,2.852342473,0.4908744,8.876546552,,0,3.8654,,0,0,0,0,0,0,0,0.996670719
7,96,7096,0.004909307,0.000451018,0,0.01958177,0.000413232,11.30266645,972.5889656,0.502924773,0,0,5.284301026,1.0635612,29.79529273,,0,,,0,0,0,0,0,0,0,3.884964579
7,97,7097,0.016840064,0.001547096,0,0.121972017,0.000490221,13.40847083,443.7531086,0.596624892,5.651512101,0,6.268821298,13.3188516,10.25522819,,0,21.88694147,,0,0,0,0,3.5786,0.3374,0,0.609045329
7,98,7098,0.00057085,5.24E-05,0,0.000194843,3.77E-05,1.032039096,63.0337535,0.045921733,0.144666233,0,0.482506078,0.372816,10.48488975,,0,,,0,0,0,0,0,0,0.335021591,0.972927083
7,99,7099,0.003596353,0.000330397,0,0.011885452,0.000370154,10.12441469,692.8843364,0.450497144,10.13298899,0,4.73343659,14.8618956,61.31551192,,0,,,0,0,0,0,0,0,0,5.409334089
7,100,7100,0.00045668,4.20E-05,0,0.003507183,0.000195124,5.337018749,439.6667021,0.237476613,0,0,2.495200029,0.6555348,13.31530113,,0,,,0,0,0,0,0,0,0,1.651938866
7,101,7101,0.196771864,0.018077421,0,1.203743005,0.003325988,90.97198044,216.2089276,4.04789992,0.729683839,18.663794,42.53185139,0.999354,8.214055524,,0.147647465,10.98381522,,0.059897305,1.54323,0.529,0,0,0,0,0.634755894
7,102,7102,0.00283522,0.000260471,0,0.01402873,0.000214688,5.872105796,384.9558719,0.261285909,2.09766038,0,2.745367638,0.1543044,13.97299578,,0,,,0,0,0,0,0,0,25.11707818,1.710506969
7,103,7103,0.003729551,0.000342634,0,0.003214917,0.000156924,4.29215398,296.991536,0.190984187,0.144666233,0,2.006697604,0.600648,5.126886146,16.96946046,0,2.32214607,,0,0,0,0,0.3782,0.0357,1.457516614,1.528640554
7,104,7104,0.001883804,0.000173065,0,0.002727809,8.14E-05,2.225510654,134.059221,0.099026583,0.974705384,0,1.04048618,3.526218,19.73712339,86.39165692,0,2.48876289,,0,0,0,0,0,0,0.759842784,1.013530105
7,105,7105,0.000951416,8.74E-05,0,0.006624678,8.17E-05,2.234232111,134.2076786,0.099414654,0,0,1.044563696,0,1.172898458,,0,0.042909705,,0,0,0,0,0,0,0,0.641683696
7,106,7106,0.025003213,0.002297044,0,0.052023209,0.000365334,9.992566777,522.3920568,0.444630424,2.352210936,0,4.67179414,3.1130136,106.7094326,354.095153,0,3.95121941,,0,0,0,0,0,0,0,6.051763813
7,107,7107,0.014119014,0.001297113,0,0.039650648,0.000421416,11.52651718,482.7128424,0.512885261,13.16462721,0,5.388957274,27.6163452,27.07582726,,0,277.4175611,,0,0,0,0,0,0,0.087743617,6.745861937
7,108,7108,0.036039639,0.00331096,0,0.091576435,0.000600773,16.43225132,532.916501,0.731171384,22.79128439,0,7.682520132,23.678994,42.79557042,,0.002982777,11.89572448,,0,0,0,0,0,0,0.156458537,5.780872814
7,109,7109,0.005727525,0.000526187,0,0.034292452,0.000214212,5.859109115,220.7164973,0.260707607,0,0,2.739291339,0.5633664,6.373674664,,0,,,0,0,0,0,0,0,0.106042914,0.9038036
7,110,7110,0.000608906,5.59E-05,0,0.0044814,3.81E-05,1.042299634,65.38240705,0.046378287,0,0,0.487303155,0.2402592,6.366360394,,0,,,0,0,0,0,0,0,0.241362541,0.624008035
7,111,7111,0.005004448,0.000459758,0,0.002922652,0.00019957,5.458606122,404.0376774,0.242886779,0,0,2.552045401,0.134628,18.72875664,,0,16.76684442,,0,0,0,0,0,0,0,1.409585188
7,112,7112,0.00045668,4.20E-05,0,0.00165617,0.00017041,4.661020315,310.6375903,0.207397307,0,0,2.179152552,0.2589,11.05488577,,0,,,0,0,0,0,0,0,0,1.244222708
7,113,7113,5.71E-05,5.24E-06,0,0.000487109,3.39E-05,0.926184547,24.09400815,0.041211616,0,0,0.433016225,0.0238188,1.598240304,,0.022370828,,,0,0,0,0,0,0,0,0
7,114,7114,0.001959917,0.000180057,0,0.014223574,0.000102117,2.793089404,48.44010772,0.124281634,0.506331816,0,1.305844534,3.3646644,15.25558831,,0,,,0,0,0,0,0,0,0,1.662050283
7,115,7115,0.000494736,4.55E-05,0,0.006527257,7.18E-05,1.963866939,34.05903368,0.087384454,0.072333117,0,0.918160695,2.5662168,5.70762193,,0,,,0,0,0,0,0,0,0,0
7,116,7116,0.001160728,0.000106636,0,0.00389687,5.68E-05,1.553103408,26.93522674,0.069107072,0.506331816,0,0.72611768,2.8882884,16.34524007,,0,,,0,0,0,0,0,0,0,1.582112908
7,117,7117,0.000266396,2.45E-05,0,0.003117496,4.57E-05,1.24922048,32.49754977,0.055585461,0,0,0.584044225,1.7625912,0.83630964,,0,1.32717685,,0,0,0,0,0,0,0,0
7,118,7118,0,0,0,0.000194843,2.07E-05,0.56603967,14.72510469,0.025186568,0,0,0.264638793,0.3355344,3.384063034,,0,,,0,0,0,0,0,0,0,0
7,119,7119,0.000171255,1.57E-05,0,0.000292265,1.98E-05,0.541756397,14.09339325,0.024106056,0,0,0.253285709,0.0393528,1.126581577,,0,,,0,0,0,0,0,0,0,0
8,1,8001,0.006260318,0.000575135,0,0.020068878,7.27E-05,1.156405532,2.880524633,0.088457356,27.82617331,0,0.929433828,15.2844204,656.8464285,,0,,,0,0,0,0,10.7488,1.0136,0,34.66459241
8,2,8002,0.021730342,0.001996365,0,0.027862617,0.000125138,1.991007029,6.449702449,0.152298837,28.58746272,0,1.60022521,2.2876404,364.2654635,,0,,,0,0,0,0,10.5548,0.9953,0.007811727,22.11789995
8,3,8003,0,0,0,0.004968509,5.01E-05,0.797397569,4.92562986,0.060995627,15.01368267,0,0.640889597,2.8592916,295.1225918,,0,,,0,0,0,0,2.574,0.2427,0,15.41632254
8,4,8004,0.005632383,0.000517447,0,0.002143278,4.11E-05,0.654351448,0.288925216,0.050053547,0.547059359,0,0.525919632,0.0921684,,,0,,,0,0,0,0,0,0,0,0
8,5,8005,0.015603223,0.001433467,0,0.019289504,0.000139999,2.227460874,4.513686105,0.170385988,43.85740873,0,1.790269443,4.0346976,325.77661,,0.014913885,,,0,0,0,0,6.6485,0.6269,5.841687633,65.4087043
8,6,8006,0.000285425,2.62E-05,0,0.000681952,3.52E-05,0.560645297,14.3242507,0.042885648,37.32388814,0,0.45060551,18.247272,406.73287,,0,,,0,0,0,0,0,0,0,52.70226718
8,7,8007,0.000780161,7.17E-05,0,0.004189135,9.90E-05,1.574601562,224.0784447,0.12044658,7.676839364,0,1.265549081,17.330766,104.2733695,,0,90.05027791,,0,0,0,0,0,0,0,20.22983348
8,8,8008,0.002778135,0.000255227,0,0.003117496,8.43E-05,1.341330941,206.9934585,0.102602924,0.092696888,0,1.078063289,1.6600668,17.71412946,,0,4.2909705,,0,0,0,0,0,0,0,0.207860529
8,9,8009,0.007516187,0.000690512,0,0.037312526,0.000193499,3.078674821,441.0278016,0.235498212,2.603992196,0,2.474412692,2.671848,85.05523476,,0,161.7649748,,0,0,0,0,4.1133,0.3879,0,3.751112688
8,10,8010,0.03194855,0.002935112,0,0.023088952,0.000129539,2.061037953,10.56337965,0.157655738,68.87831439,0,1.656510923,16.9879824,559.7222553,,0.004474166,,,0,0,0,0,0,0,0.005300814,51.40121424
8,11,8011,0.053869176,0.004948958,0,0.060304056,0.00029771,4.736736533,10.18739856,0.362328939,24.15754813,59.062806,3.807040911,36.7441236,377.8669058,,0.028336382,,,0,0,0,0,5.4973,0.5184,1.772270849,21.62519351
8,12,8012,0.000399595,3.67E-05,0,0.002045857,5.27E-05,0.837983673,113.8281588,0.064100195,17.30480229,0,0.673509726,24.497118,188.6138135,,0,,,0,0,0,0,0,0,0,23.55945121
8,13,8013,0.001389067,0.000127614,0,0.003020074,5.04E-05,0.801376599,39.86019414,0.061299997,20.03944962,0,0.644087649,5.8076448,90.96854753,,0.001491389,81.36096477,,0,0,0,0,3.3436,0.3153,0,21.04972779
8,14,8014,0.000285425,2.62E-05,0,0.000681952,1.23E-05,0.195768265,3.827525996,0.014974974,7.95664282,0,0.157344153,0.5146932,49.31354553,,0,,,0,0,0,0,0,0,0,4.313105969
8,15,8015,0.000133198,1.22E-05,0,0.002630387,8.70E-06,0.138470237,2.464901939,0.010592055,7.294402969,0,0.111292205,3.2383212,46.80881236,,0,,,0,0,0,0,0,0,0,0.254051757
8,16,8016,0.000361538,3.32E-05,0,0.001461326,2.07E-05,0.330060521,3.085291164,0.025247441,9.203493236,0,0.265278404,2.9369616,90.05688089,,0,,,0,0,0,0,1.3388,0.1262,0,4.605650416
8,17,8017,0.11772822,0.010815686,0,0.175846239,0.000858338,13.65662708,60.20373905,1.044641426,287.5964714,116.950303,10.97619376,54.985182,1233.211703,,0,,,0,0,0,0,3.5441,0.3342,0.488124172,212.64517
8,18,8018,0,0,0,0.000194843,2.88E-05,0.457986328,9.818534368,0.035032918,86.22107492,0,0.368095772,28.240812,647.182592,,0,,,0,0,0,0,0,0,0.006974756,88.29068416
8,19,8019,1.303059401,0.119712,0,1.3099327,0.005003068,79.60158511,44.79102553,6.088993486,48.90353946,668.092121,63.97790735,5.6295216,276.8146272,,0.654719569,,,0.01668647,5.616,1.87,0,14.0343,1.3233,21.62468938,45.56764699
8,20,8020,0.00011417,1.05E-05,0,0.002045857,4.95E-05,0.788345276,114.5277575,0.060303187,0.144666233,0,0.633614029,1.4840148,19.34460675,,0,20.82739603,,0,0,0,0,0,0,0,0.028869518
8,21,8021,0.192699804,0.017703321,0,0.139800195,0.000825439,13.13318571,9.173897173,1.004601631,32.11590375,232.914438,10.55549004,10.8158064,205.3024426,,0.141681911,,,0,0,0,0,1.1835,0.1116,1.228719577,29.54891385
8,22,8022,0.00011417,1.05E-05,0,0.000389687,1.51E-05,0.239637069,4.655423444,0.018330647,9.420492585,0,0.192602675,0.6389652,69.36170274,,0,,,0,0,0,0,0,0,0,11.00506021
8,23,8023,0.003139673,0.000288442,0,0.000389687,2.28E-05,0.362589089,2.636254171,0.027735661,15.84095252,0,0.291422478,5.121042,162.573548,,0,,,0,0,0,0,0,0,0,10.0234966
8,24,8024,0.00068502,6.29E-05,0,0.003604604,2.25E-05,0.357217399,1.666055583,0.027324763,16.41961746,0,0.287105108,0.8636904,162.0044309,,0,,,0,0,0,0,0,0,0,20.02389759
8,25,8025,0.018305245,0.001681702,0,0.010521548,4.53E-05,0.721298624,36.72524992,0.055174562,25.96758884,0,0.579726855,2.2120416,219.5208305,,0,,,0,0,0,0,0,0,0,48.7509925
8,26,8026,0.000285425,2.62E-05,0,0.000194843,1.82E-05,0.288977038,4.209675369,0.022104827,19.16827588,0,0.232258518,0.7849848,80.75139605,,0,,,0,0,0,0,0,0,0,13.49746192
8,27,8027,0.006260318,0.000575135,0,0.021919891,0.000301255,4.79313928,645.2079926,0.366643375,7.504235562,0,3.852373296,13.3209228,196.7061937,,0,119.7145921,,0,0,0,0,0,0,0,37.50342834
8,28,8028,0.000589878,5.42E-05,0,0.003214917,5.51E-05,0.876182359,1.974246002,0.067022141,8.752307102,0,0.704211024,10.3549644,47.62470736,,0.022370828,,,0,0,0,0,0,0,0,7.925644971
8,29,8029,0.005385015,0.000494721,0,0.012275139,0.000334511,5.322250766,834.03508,0.407116896,3.198538812,0,4.277634245,6.1380012,161.9490103,,0,291.5377991,,0,0,0,0,0,0,0,35.2265857
8,30,8030,0.000646963,5.94E-05,0,0.005747883,5.05E-05,0.803863493,115.9224525,0.061490227,0.072333117,0,0.646086431,2.61489,29.64338269,,0,73.43645161,,0,0,0,0,2.768,0.261,0,0.192463452
8,31,8031,0.008220235,0.000755193,0,0.019484348,0.00022893,3.642403866,214.2155546,0.278619746,138.4455851,2.008094,2.927496692,5.2639548,806.1851104,,0,36.50995854,,0,0,0,0,8.7957,0.8294,0,122.7839841
8,32,8032,0.104827019,0.009630453,0,0.195233165,0.000652247,10.37760811,30.23881609,0.793818215,9.988322757,126.722588,8.340759161,2.3704884,47.33323356,,0,,,0,0,0,0,2.0437,0.1927,0.737709552,5.900929451
8,33,8033,0,0,0,0,6.18E-06,0.098381511,4.07750393,0.007525533,1.374329214,0,0.079071833,1.4943708,20.5182379,,0,,,0,0,0,0,0,0,0,1.84187524
8,34,8034,0.015013345,0.001379275,0,0.002143278,3.96E-05,0.629780939,50.65750657,0.048174066,31.17557323,0,0.506171662,2.8044048,77.55594354,,0,,,0,0,0,0,0,0,0,34.43941018
8,35,8035,0.000152227,1.40E-05,0,0.006429835,4.85E-05,0.771334924,12.72404677,0.059002008,57.43249454,0,0.619942357,8.2319844,314.3455244,,0,3.90248525,,0,0,0,0,0,0,0,57.82756891
8,36,8036,0.03263357,0.002998044,0,0.048126339,0.000259935,4.135704084,11.09342095,0.316353942,28.11868211,24.657964,3.323975174,5.9547,700.8130594,,0,,,0,0,0,0,0,0,0.145254514,40.33841499
8,37,8037,4.391546131,0.403451117,0,1.73907546,0.008653663,137.6845771,29.77884695,10.53195727,11.37983941,0,110.6607501,0.1159872,60.57709713,,1.28706831,,0.083683957,0,5.70609,1.87,0,6.2863,0.5928,20.75953358,6.782412063
8,38,8038,0.00034251,3.15E-05,0,0.001266483,2.71E-05,0.431326829,1.950807441,0.032993643,16.27812756,0,0.346668824,5.8842792,71.23339821,,0,,,0,0,0,0,0,0,0,8.947625903
8,39,8039,0.000608906,5.59E-05,0,0.003604604,2.40E-05,0.382086335,3.240207279,0.029227071,10.79033971,0,0.307092932,0.761166,137.0351231,,0,,,0,0,0,0,1.0024,0.0945,0,8.343290662
8,40,8040,0.010960313,0.001006923,0,0.024745122,0.000194018,3.086931308,310.2144826,0.236129778,64.59624237,0,2.48104865,5.3934048,182.864905,,0,428.7818989,,0,0,0,0,6.4351,0.6068,0,61.25341837
8,41,8041,0.000133198,1.22E-05,0,0.000681952,1.42E-05,0.226705222,36.55881408,0.017341446,0.072333117,0,0.182209006,0.4370232,11.6745136,,0,18.70214469,,0,0,0,0,0,0,0,0.111628802
8,42,8042,0.00011417,1.05E-05,0,0.001558748,9.74E-06,0.15498321,5.593417486,0.011855188,2.459325963,0,0.124564121,2.9690652,2.195660904,,0,,,0,0,0,0,0,0,0,0.436892037
8,43,8043,0.009932783,0.000912524,0,0.002045857,1.94E-05,0.308275333,24.855636,0.023581019,11.21163306,0,0.24776907,0.9962472,96.18873398,,0,,,0,0,0,0,1.7979,0.1695,0,13.39160702
8,44,8044,0.002968418,0.000272708,0,0.001948435,2.63E-05,0.418196031,6.814361114,0.031989224,9.912813303,0,0.336115253,4.5804588,76.83978912,,0,,,0,0,0,0,1.2482,0.1177,0.283398278,13.54557778
8,45,8045,0.080832306,0.00742606,0,0.023576061,0.000262923,4.18325349,4.864974648,0.319991156,58.51749128,12.933104,3.362191894,6.1556064,231.6573355,,0,,,0,0,0,0,0,0,0,35.3439884
8,46,8046,3.81E-05,3.50E-06,0,0.001071639,4.25E-05,0.676037161,103.0435497,0.051712361,0,0,0.543349015,1.0656324,16.19050069,,0,,,0,0,0,0,0,0,0,0
8,47,8047,0.000190283,1.75E-05,0,0.0022407,3.22E-05,0.511902182,80.56291278,0.039157123,0.179041102,0,0.411429375,1.6942416,22.02413576,,0,14.84665,,0,0,0,0,0,0,0,0.192463452
8,48,8048,0.002816191,0.000258723,0,0.012372561,0.000121674,1.935897467,29.2831914,0.148083321,198.9332579,0,1.555932192,4.78965,1371.753101,,0,,,0,0,0,0,0,0,0.004743813,236.3316471
8,49,8049,0.000323481,2.97E-05,0,0.000292265,1.72E-05,0.273657774,29.05010991,0.020933005,1.735994797,0,0.219946018,1.486086,41.23653353,,0,5.32080342,,0,0,0,0,0,0,0,5.485208394
8,50,8050,0.080318542,0.00737886,0,0.080470356,0.000339037,5.394271205,12.05353433,0.412625982,36.60055697,39.881462,4.335518984,5.1407184,173.4553305,,0,,,0,0,0,0,3.8934,0.3671,0.198348328,25.31086863
8,51,8051,1.90E-05,1.75E-06,0,0.001948435,3.78E-05,0.601927731,93.50084594,0.046043481,0.52351925,0,0.483785298,1.698384,21.027407,,0,80.0349009,,0,0,0,0,0,0,0.035208567,0.4850079
8,52,8052,0.015850591,0.001456193,0,0.04539853,0.000126951,2.019854995,7.219138802,0.154505515,28.02598522,59.13244,1.623411086,3.9539208,286.8238274,,0,,0.019318157,0,0,0,0,4.7859,0.4513,0.072234047,32.2722717
8,53,8053,0.00452874,0.000416055,0,0.004773665,5.16E-05,0.821470699,1.543687317,0.062837062,12.38615036,0,0.660237811,3.4154088,72.51096321,,0,,,0,0,0,0,0,0,0,11.4727464
8,54,8054,0.000399595,3.67E-05,0,9.74E-05,4.62E-05,0.735623132,18.3052497,0.056270292,113.8523254,0,0.591239842,36.7638,682.1609993,,0,,,0,0,0,0,1.4358,0.1354,0,98.6952584
8,55,8055,0.000951416,8.74E-05,0,0.001948435,0.000102461,1.630208503,4.60341244,0.124700142,37.54088749,0,1.310241856,2.961816,154.5426061,,0,,,0,0,0,0,2.0178,0.1903,0,20.65710235
8,56,8056,3.81E-05,3.50E-06,0,0,1.24E-05,0.197658305,12.47148956,0.01511955,5.352650624,0,0.158863227,1.8143712,39.2593723,,0,,,0,0,0,0,0,0,0,4.443981116
8,57,8057,0.000171255,1.57E-05,0,0.000876796,1.35E-05,0.215563939,7.186941446,0.016489212,4.050654527,0,0.173254461,0.8150172,44.88661957,,0,,,0,0,0,0,0,0,0,0.05966367
8,58,8058,0,0,0,0.000487109,1.62E-05,0.257343751,1.568807218,0.019685091,7.95664282,0,0.206834005,2.6894532,55.56434298,,0,,,0,0,0,0,0,0,0,3.250707711
8,59,8059,0.000951416,8.74E-05,0,0.003702026,2.88E-05,0.458682659,4.420498154,0.035086182,2.100836717,0,0.368655431,1.2706812,11.03376603,,0,,,0,0,0,0,0,0,0,1.301052938
8,60,8060,0.001845747,0.000169569,0,0.010521548,6.08E-05,0.967302141,7.424408516,0.0739922,4.201673433,0,0.777446412,1.1992248,50.47281861,,0,11.58861227,,0,0,0,0,1.8626,0.1756,10.56304448,3.477814585
8,61,8061,0.000247368,2.27E-05,0,0.000681952,2.28E-05,0.362788041,15.77883494,0.02775088,16.13028499,0,0.29158238,2.2762488,116.4379049,,0,,,0,0,0,0,0,0,0,16.54223374
8,62,8062,0.018571641,0.001706176,0,0.017243648,0.000172529,2.745033174,4.007343284,0.209976838,40.79587773,5.831377,2.206256042,4.68609,308.4630859,,0,,,0,0,0,0,1.1512,0.1086,21.32494593,28.04769892
8,63,8063,0.000380566,3.50E-05,0,0.002338122,3.82E-05,0.607199945,84.92147794,0.04644677,19.10229544,0,0.488022717,5.2577412,175.026264,,0,410.8887123,,0,0,0,0,2.0631,0.1945,0,22.93779426
8,64,8064,9.51E-05,8.74E-06,0,0.000194843,1.08E-05,0.171396708,4.505077094,0.013110712,2.682677986,0,0.137756085,0.8253732,25.11506814,,0,,,0,0,0,0,0,0,0,3.874289297
8,65,8065,0.001160728,0.000106636,0,0.016464274,0.000128445,2.043629698,283.9131556,0.156324122,0.092696888,0,1.642519446,1.9034328,45.4793931,,0,125.5647609,,0,0,0,0,3.4407,0.3244,0,0.142422955
8,66,8066,0.00022834,2.10E-05,0,0.001363904,4.88E-05,0.775910808,127.4654803,0.059352032,0.109884323,0,0.623620117,1.9355364,20.73355549,,0,129.7667016,,0,0,0,0,0,0,0,0
8,67,8067,0.000837246,7.69E-05,0,0.006916943,2.58E-05,0.410834825,11.59098924,0.03142614,16.49512691,0,0.330198857,3.3470592,99.60568462,,0,,,0,0,0,0,0,0,0,13.48783875
9,2,9002,1.014114351,0.093166633,0.13,0.87,0,0.55,0,4.45,0,10.354764,5,0,,,1,,,0,0,0,0,1.0431,0.0984,0,0
9,3,9003,0.438774047,0.040310149,0.26,1.74,0,0.77,0,6.23,0,25.257381,7,0,,,1,,,0.25,0,0,0,0,0,0.618102063,0
9,4,9004,0.106330256,0.009768555,,,0,0.22,0,1.78,0,17.542122,2,0.0900972,0.489934916,,0.038808696,2.348341693,,0,0,0,0,0,0,3.228970512,0.039383513
9,5,9005,0.646620394,0.059404982,0.39,2.61,0,1.54,0,12.46,0,14.941198,15,0,,,2,4.43010742,,0.25,0,0,0,1.6097,0.1518,3.112939991,0
9,6,9006,0.644926873,0.059249399,0.13,0.87,0,0.44,0,3.56,0,9.846624,5,0,,,1,,,0,0,0,0,0,0,0.873048153,0
9,7,9007,1.399666185,0.12858726,0.65,4.35,0,2.31,0,18.69,0,39.628333,23,0,,,3,1.676095,,0,0,0,0,0,0,0.456713464,0
9,8,9008,0.03320442,0.003050488,0.13,0.87,0,0.33,0,2.67,0,8.08319,3,0.1387704,2.699616317,3,0.054122248,1.818795322,,0,0,0,0,1.0431,0.0984,21.16765275,0.100730907
9,9,9009,0.028827906,0.002648418,,,0,0.11,0,0.89,0,0.048932,2,1,89.10271172,6,0.02484071,159.09065,,0,0,0,0,0,0,0.153127599,6.867878688
9,10,9010,0.32135028,0.029522434,0.26,1.74,0,0.88,0,7.12,0,20.836563,9,0.0869904,0.416999948,1,1,1.570485052,,0.25,0,0,0,1.1847,0.1117,0,0.049229391
9,11,9011,0.19250952,0.01768584,0.13,0.87,0,0.44,0,3.56,0,5.741041,5,1,26.18276454,2,1,3.27913101,,0,0,0,0,0.425,0.0401,5.475615254,3.418791839
9,12,9012,0.296975001,0.027283078,0.26,1.74,0,0.77,0,6.23,0,25.471929,8,2,90.77668274,11,1,70.3694731,,0,0,0,0,4.7389,0.4469,0.052318954,5.114555004
9,13,9013,0.280572589,0.025776189,0.13,0.87,0,0.55,0,4.45,0,7.796185,5,1,10.78341949,1,1,7.876335861,,0,0,0,0,0,0,14.61109122,0.891430659
9,14,9014,0.434854213,0.039950034,0.13,0.87,0,0.44,0,3.56,0,73.449755,5,0,,,1,,,0,0,0,0,0,0,0.42137748,0
9,15,9015,0.776831192,0.071367442,0.13,0.87,0,0.66,0,5.34,0,20.323718,6,0,,,1,,,0,0,0,0,0.3863,0.0364,21.80665871,0
9,16,9016,0.795536031,0.073085854,0.13,0.87,0,0.44,0,3.56,0,27.648462,4,0,,,0.098107904,,,0,0,0,0,1.4165,0.1336,7.714550015,0
9,17,9017,0.291038165,0.026737661,0.13,0.87,0,0.66,0,5.34,0,9.649955,6,0,,,1,,,0.25,29.79756,19.864,0,0,0,60.46383384,0
10,1,10001,0.007858696,0.000721978,0,0.019192083,0.000177281,2.491149257,85.90746745,0.215759856,63.25669507,0,2.267019027,10.3953528,317.687447,,0,48.0129115,,0,0,0,0,3.3584,0.3167,0,89.15142379
10,2,10002,0.001103643,0.000101392,0,0.002727809,2.50E-05,0.351422925,53.56978944,0.03043694,0.289332466,0,0.319805188,3.2393568,31.66075731,,0,25.93259793,,0,0,0,0,0,0,0,1.2819129
10,3,10003,0,0,0,0.000876796,2.59E-05,0.363634871,33.37525835,0.031494623,8.535307752,0,0.330918418,5.1168996,25.50165045,,0,,,0,0,0,0,0,0,0,5.643627275
10,4,10004,0.008334404,0.000765681,0,0.023868326,0.000191411,2.689703209,25.25052442,0.232956727,77.37753448,0,2.447708959,12.3764556,475.3660669,,0,,,0,0,0,0,3.043,0.2869,3.372177583,1.999692395
10,5,10005,0.389757093,0.035806964,0,0.853804119,0.003401514,47.79808625,515.3862995,4.139819478,92.75882836,369.490237,43.49766306,30.6920772,542.5086082,,0.384985969,1860.349451,,0.009201765,1.95624,0.81,0,13.9966,1.3198,9.755611748,117.1173054
10,6,10006,0.000551821,5.07E-05,0,0.001461326,5.76E-05,0.80985413,22.6438879,0.070141928,13.53264547,0,0.736991056,7.264734,116.2142729,,0,,,0,0,0,0,0,0,0,35.22852588
10,7,10007,0.464728676,0.0426946,0,0.338540542,0.002025314,28.45972198,48.12143653,2.464912733,30.45224207,77.201522,25.89918331,104.3232372,259.0544605,,0.224416581,,,0,0,0,0,3.5861,0.3381,5.389846526,52.64557146
10,8,10008,0.008619829,0.000791903,0,0.039845491,0.000193943,2.72528478,20.27954215,0.236038467,76.33180173,0,2.480089234,7.6178736,418.2942892,,0,,,0,0,0,0,1.3483,0.1271,0.02997204,112.968861
10,9,10009,0.000551821,5.07E-05,0,0.002435543,6.23E-05,0.874779515,134.1114152,0.075765152,7.396221826,0,0.796075065,8.0849292,55.12706315,,0,1.99009115,,0,0,0,0,0,0,0.168798416,1.073229405
10,10,10010,5.71E-05,5.24E-06,0,0.000292265,2.51E-05,0.352740761,10.17070201,0.030551078,18.22794537,0,0.321004458,10.6138644,199.8437949,,0,,,0,0,0,0,0,0,0,11.34458518
10,11,10011,0.000380566,3.50E-05,0,0.001169061,2.82E-05,0.396405059,17.02683269,0.034332868,24.30392716,0,0.360740252,10.6418256,107.8773064,,0,,,0,0,0,0,0,0,0.169801462,0.426539892
10,12,10012,0.09008007,0.008275651,0,0.0851466,0.000873737,12.27775057,52.993648,1.063382971,12.03401379,0,11.17311381,30.7127892,134.3997956,,0.091550063,,,0,0,0,0,3.309,0.312,0.319532864,36.10912437
10,13,10013,0.00567044,0.000520943,0,0.0268884,0.000145763,2.048268516,46.59865564,0.177401703,21.02237826,0,1.863984539,11.034318,90.88368198,,0,,,0,0,0,0,8.4425,0.7961,0,25.26216906
10,14,10014,0.000818218,7.52E-05,0,0.002532965,0.000179875,2.527609385,384.9984396,0.218917689,1.962523157,0,2.300198816,13.7144508,103.5761714,,0,12.88402578,,0,0,0,0,0,0,0,7.519485508
10,15,10015,0.000894331,8.22E-05,0,0.005942726,7.40E-05,1.03994829,17.95361921,0.090070514,11.59366242,0,0.946383503,7.11975,87.34088824,,0,,,0,0,0,0,0,0,0,15.84159984
10,16,10016,0.002188257,0.000201035,0,0.0112035,0.000105599,1.483883299,34.00712743,0.128519978,32.3329031,0,1.350377407,4.58253,149.2106284,,0,,,0,0,0,0,0,0,0,35.21935298
10,17,10017,0.001712549,0.000157332,0,0.0089628,5.56E-05,0.781828152,33.16264994,0.067714582,26.03992196,0,0.711486592,12.6281064,184.8095959,,0,21.8609705,,0,0,0,0,0.8845,0.0834,0,2.201496215
10,18,10018,0.002093115,0.000192294,0,0.013736465,6.25E-05,0.878733023,35.49222543,0.076107568,9.554324058,0,0.799672873,12.4851936,75.69768449,,0,13.0759705,,0,0,0,0,0,0,0.008686236,1.628189909
10,19,10019,5.71E-05,5.24E-06,0,0.000779374,2.75E-05,0.386477361,60.27114581,0.033473024,0.746871274,0,0.351705756,3.4319784,17.15889806,,0,,,0,0,0,0,0,0,1.283834533,1.451611567
10,20,10020,0.005879751,0.000540172,0,0.007501474,7.04E-05,0.988991966,11.34622385,0.085657158,30.97127923,0,0.900011751,4.42719,182.9473467,,0,,,0,0,0,0,1.3298,0.1254,0,57.59205826
10,21,10021,0.003558296,0.0003269,0,0.004871087,6.00E-05,0.843063596,16.44685492,0.073018218,19.99831504,0,0.767212646,5.0972232,147.2636627,,0,,,0,0,0,0,2.4987,0.2356,0,47.02487643
10,22,10022,0.003767607,0.00034613,0,0.015197791,0.000140099,1.968671224,23.54279029,0.170507736,42.68289144,0,1.791548664,4.6891968,340.6137808,,0,,,0,0,0,0,0,0,0,70.07408316
10,23,10023,0.033565958,0.003083703,0,0.045203687,0.000308814,4.339458129,610.4505467,0.375842941,1.769306337,0,3.949034415,12.9066828,62.83314081,,0,138.3460456,,0,0,0,0,0,0,0,0.814094954
10,24,10024,0.001978945,0.000181806,0,0.013249356,6.71E-05,0.943043418,25.27891033,0.081677528,4.990985042,0,0.858197222,17.4643584,46.71882079,,0,,,0,0,0,0,0,0,0,15.31645127
10,25,10025,0.00011417,1.05E-05,0,9.74E-05,2.25E-05,0.316017065,26.71820774,0.027370418,7.450311004,0,0.287584815,7.7783916,69.85403539,,0,,,0,0,0,0,0,0,0,2.497322268
10,26,10026,0.000818218,7.52E-05,0,0.009449909,0.00011746,1.650545621,232.5220364,0.142954696,2.294696173,0,1.502045017,10.3363236,75.234795,,0,247.7485833,,0,0,0,0,0,0,3.423762837,7.613507742
10,27,10027,0.000380566,3.50E-05,0,0.003117496,3.52E-05,0.494276343,42.80438604,0.042809556,2.40287453,0,0.449805997,4.6177404,13.49231282,,0,,,0,0,0,0,2.7461,0.2589,0,9.759966551
10,28,10028,0.000704048,6.47E-05,0,0.007501474,6.31E-05,0.886464327,36.36898547,0.07677718,13.74646848,0,0.806708587,8.4287484,108.7321981,,0,,,0,0,0,0,0,0,0,29.04140423
10,29,10029,0.000152227,1.40E-05,0,0.001461326,1.21E-05,0.170088696,3.598933763,0.014731479,4.556986342,0,0.154785711,4.0626588,18.6909824,,0,,,0,0,0,0,0,0,0,9.964063596
10,30,10030,3.81E-05,3.50E-06,0,0.000194843,8.75E-06,0.122998024,3.651636052,0.010652929,5.063318158,0,0.111931816,21.581904,34.07794419,,0,,,0,0,0,0,0,0,0,9.106397363
10,31,10031,0.000665991,6.12E-05,0,0.001948435,3.84E-05,0.538907055,2.222160595,0.046675047,42.02554071,0,0.490421256,3.5914608,134.9178269,,0,,,0,0,0,0,0,0,0,41.22530984
10,32,10032,0.027020215,0.002482346,0,0.056114922,0.000252238,3.544451618,151.1982456,0.306986974,43.08170118,0,3.225555128,14.9530284,297.9573239,,0,306.0284336,,0,0,0,0,4.0573,0.3826,3.996875606,59.22483462
10,33,10033,0.001312954,0.000120621,0,0.0022407,4.20E-05,0.589863379,29.12634753,0.051088403,8.755483439,0,0.536793008,2.17476,84.40645946,,0,5.22023525,,0,0,0,0,0,0,0,17.75414968
10,34,10034,0.002625908,0.000241242,0,0.005845304,0.000162732,2.28670897,354.765443,0.198053167,1.108129815,0,2.080972359,23.3186052,69.46508008,,0,,,0,0,0,0,0,0,0,0
10,35,10035,0.004376514,0.00040207,0,0.013346778,6.97E-05,0.979152124,75.90105704,0.084804923,9.171887662,0,0.891057205,6.2622732,78.1023038,,0,319.1976413,,0,0,0,0,1.1937,0.1126,0,13.86254648
10,36,10036,0.029246529,0.002686877,0,0.008183426,0.000124619,1.751140433,10.55218713,0.15166727,8.390641519,0,1.593589253,7.3724364,83.59665916,,0,,,0,0,0,0,0,0,0.040190809,18.58200399
10,37,10037,0.000475708,4.37E-05,0,0.004286557,4.84E-05,0.679827648,99.96885115,0.05888026,0.234186784,0,0.618663136,3.4205868,32.94380314,,0,25.26692253,,0,0,0,0,0,0,0.01290934,2.212962341
10,38,10038,0.008106065,0.000744704,0,0.030200739,0.000130095,1.828102054,13.64723896,0.15833296,20.07064815,0,1.663626589,1.3400664,185.188436,,0,4.34173525,,0,0,0,0,0,0,0,36.65032552
10,39,10039,0.020074878,0.001844278,0,0.020458565,0.00014547,2.044139297,46.50363044,0.177044069,143.1264668,0,1.860226828,9.9904332,340.8472558,,0,455.6283775,,0,0,0,0,0,0,0,81.36133771
11,1,11001,0,0,0.005545069,0.07228693,0.000466238,4.105743921,201.5056328,0.567435867,68.32188381,16.934236,5.962128123,3.7312668,638.8519987,,0,5.44263882,,0,0,0,0,1.012,0.0954,0.075137522,79.84753024
11,2,11002,0.028789849,0.002644922,0.008070989,0.105215478,0.00061102,5.380709216,136.7687028,0.74364292,73.39603673,46.675482,7.813560308,7.181886,328.967768,,0.026844994,,,0,0,0,0,3.4188,0.3224,0.651309058,34.1444985
11,3,11003,0.073772799,0.006777503,0.027605773,0.359875903,0.000885059,7.793932166,337.2950745,1.077163296,36.28784219,130.743481,11.31790561,9.7408536,213.9522765,,0.058164153,0.43721941,,0,0,0,0,3.2876,0.31,0.140138922,29.50621437
11,4,11004,0.016592696,0.00152437,0.004028021,0.052510317,0.000357044,3.144165613,93.20441362,0.434540579,19.31611845,25.869972,4.56577872,1.8361188,161.7653498,,0.022370828,,,0,0,0,0,0,0,0.0136761,44.25843638
11,5,11005,0.099308806,0.009123495,0.00397571,0.051828365,0.000480155,4.228301798,73.21246074,0.584374024,26.25692131,50.996554,6.14009971,1.7377368,132.2237547,,0,,,0,0,0,0,2.1662,0.2043,0.56830633,26.68429646
11,6,11006,3.81E-05,3.50E-06,8.97E-05,0.001169061,3.07E-05,0.270607351,46.23157655,0.03739939,0,0,0.392960625,0.3821364,7.059141266,,0,,,0,0,0,0,0,0,0,0
11,7,11007,0.57199132,0.052548813,0.051512342,0.671528046,0.002688065,23.67139867,116.7098874,3.271514462,54.68383611,205.569919,34.37426065,8.1957384,320.7611199,,0.06114693,,,0,0,0,0,2.7952,0.2636,5.369910379,49.56944874
11,8,11008,0.019351802,0.001777849,0.001830919,0.023868326,0.000203884,1.79542334,92.27656349,0.248137151,42.92212514,0,2.607211796,7.1414976,411.7529775,,0.002982777,,,0,0,0,0,0,0,0.002891713,52.54007499
11,9,11009,0.011302822,0.00103839,0.003034094,0.039553226,0.000435896,3.838550132,267.345458,0.53050825,7.73964347,0,5.574124478,1.6766364,120.0715794,,0,,,0,0,0,0,0.9627,0.0908,0.323148315,33.63641165
11,10,11010,0.00249271,0.000229005,0.000993927,0.012957091,6.94E-05,0.611247774,65.81987903,0.084477726,2.965657778,5.635649,0.8876193,1.5399372,15.22159761,,0,,,0,0,0,0,0,0,0.004996709,5.261442917
11,11,11011,0.056342858,0.005176215,0.006875287,0.089628,0.000517156,4.554131768,70.86028052,0.629405476,26.85595001,62.935962,6.613251486,5.1842136,171.9591805,,0,,,0,0,0,0,0,0,0.021874956,30.99329783
11,12,11012,0.005289873,0.00048598,0.001726295,0.022504422,0.0001442,1.269844953,57.65015355,0.175499394,22.28495257,17.047156,1.843996715,0.6379296,203.199767,,0,,,0,0,0,0,0,0,0.002636562,15.92064473
11,13,11013,0.010503633,0.000964968,0.000254087,0.003312339,0.000136179,1.199206248,90.29321216,0.165736746,7.911026148,4.501744,1.741419201,4.5473196,81.1017928,,0,,,0,0,0,0,0,0,0,19.87557861
11,14,11014,0.071927052,0.006607935,0.009236799,0.120413269,0.000845483,7.445418528,358.0297971,1.028996839,45.35489245,0,10.8118139,7.0400088,252.6662506,,0.022370828,9.20191351,,0,0,0,0,3.397,0.3203,0.474660489,37.83919277
11,15,11015,0.03478377,0.003195583,0.026768781,0.348964669,0.001003207,8.834352738,137.2760372,1.220955008,3.571039156,0,12.82874527,2.366346,39.01909324,,0.041758879,49.22542605,,0.009201765,0,0,0,0,0,21.36113825,8.217906467
11,16,11016,0.002093115,0.000192294,0.000769733,0.010034439,0.000109988,0.968570604,33.02204179,0.133861661,11.74150499,7.300278,1.406503217,2.992884,212.5241598,,0,,,0,0,0,0,0,0,0.000242394,16.14724793
11,17,11017,0.48609748,0.04465775,0.050645458,0.660227124,0.002991258,26.34135449,335.5141742,3.640516701,97.51139378,0,38.25141885,9.5699796,849.8095656,,0,30.51900466,,0,0,0,0,2.653,0.2502,4.064621402,93.39061177
11,18,11018,0.019104434,0.001755123,0.00216721,0.028252304,0.000192836,1.698136831,31.65598005,0.234691633,24.61044706,11.810491,2.465937854,1.4778012,171.0630517,,0,,,0,0,0,0,0,0,0.063787779,24.38639845
11,19,11019,0.003425098,0.000314664,0.00166651,0.021725048,0.000274715,2.419169154,220.7724233,0.334342173,23.65928178,0,3.51298004,3.1026576,198.1943137,,0,,,0,0,0,0,0,0,0.00994891,48.77456723
11,20,11020,2.109898254,0.193836244,0.152661267,1.990131281,0.008550315,75.29502261,177.1008265,10.40617662,61.14371784,535.078007,109.3391552,21.9153672,281.2532427,,0.329596867,11.84959705,,0,0,0,0,1.5918,0.1501,23.3444287,60.47826814
11,21,11021,0.086731086,0.00796798,0.007480611,0.097519161,0.000287794,2.534349333,23.86669023,0.350260693,3.037990895,0,3.680238154,1.9334652,18.68383152,,0.032810548,,,0,0,0,0,0,0,0.021487976,2.616558759
11,22,11022,0.002740078,0.000251731,0.000769733,0.010034439,0.000124919,1.100047787,63.38866569,0.152032514,31.33612115,17.732204,1.597426915,2.7930132,314.1882519,,0,13.60659705,,0,0,0,0,0,0,0,26.11247746
11,23,11023,0.053774034,0.004940218,0.006045769,0.078814187,0.00084961,7.481756443,387.7424638,1.034018934,120.8186968,19.747826,10.86458175,6.7490052,1424.253109,,0,57.88705823,,0,0,0,0,4.0917,0.3858,1.025552244,109.3838403
11,24,11024,0.002644937,0.00024299,0.001046239,0.013639043,5.88E-05,0.518200689,21.25512366,0.071618119,14.82828889,10.535436,0.752501608,4.2335328,75.31491865,,0,,,0,0,0,0,0,0,0,7.217665805
11,25,11025,0.129297439,0.011878549,0.003086406,0.040235178,0.000389574,3.430629509,20.95751395,0.474131428,31.25108268,0,4.981765318,5.0247312,178.3765732,,0,,,0,0,0,0,0.558,0.0526,0.111764694,29.99659784
11,26,11026,0.011397964,0.00104713,0.002234468,0.0291291,0.000305632,2.691428228,175.0589759,0.37196984,42.32122585,24.49423,3.908339204,3.9290664,285.948631,,0,10.71363882,,0,0,0,0,0,0,0,51.66906897
11,27,11027,0.166516834,0.015297893,0.022471727,0.292947169,0.001482931,13.05885557,211.4478047,1.804803994,98.40928396,0,18.96332834,9.791598,786.3074972,,0,0.1757,,0,0,0,0,1.2144,0.1145,1.558879972,85.5267728
11,28,11028,0.035487818,0.003260264,0.009580563,0.124894669,0.000559871,4.930284244,105.4332085,0.681391769,70.5451524,32.068339,7.159478747,4.3681608,297.6446317,,0.022370828,14.1545428,,0,0,0,0,0.9409,0.0887,0.140669004,49.67389865
11,29,11029,0.005822666,0.000534928,0.001106024,0.014418417,0.000211593,1.863309171,169.5916673,0.257519337,17.15263543,0,2.705791746,4.085442,122.2722667,,0,62.70413104,,0,0,0,0,1.8817,0.1774,0,12.54638154
11,30,11030,0.015279742,0.001403749,0.003594579,0.046859856,0.000593226,5.224015723,419.2210113,0.721987037,55.53439682,26.341413,7.586018917,5.3913336,568.1093122,,0.025353605,9.91689705,,0,0,0,0,3.1891,0.3007,0.032774161,66.50626718
11,31,11031,0.267309849,0.024557742,0.011486213,0.149737213,0.000661575,5.825903731,69.79518716,0.805171193,42.68606777,83.660546,8.460046496,4.8445368,256.2252777,,0.023862217,3.42411941,,0,0,0,0,0,0,2.702431619,36.33440593
11,32,11032,0.124007566,0.011392569,0.006957492,0.090699639,0.000384791,3.388510562,90.85623124,0.468310363,21.05211325,93.659612,4.920602576,4.002594,130.6671643,,0,,,0,0,0,0,1.4605,0.1377,9.989112018,32.38832374
11,33,11033,0.023823458,0.00218866,0.006770663,0.088264095,0.000635485,5.596149006,234.1821791,0.773417856,26.43929654,0,8.126409733,9.460206,145.6697117,,0.01043972,12.18514403,,0,0,0,0,3.5447,0.3342,1.61555575,35.65813702
11,34,11034,0.000989473,9.09E-05,0.000411023,0.005358196,2.80E-05,0.246547247,33.95459774,0.034074154,0.361665583,0,0.358021908,0.6513924,4.990082619,,0,,,0,0,0,0,0,0,0,0.773637468
11,35,11035,0.059197106,0.005438435,0.004782808,0.062349913,0.000450976,3.971348694,141.0361415,0.548861724,23.54581408,0,5.766967007,4.0357332,223.6665939,,0,,,0,0,0,0,0,0,0.211116769,33.63641165
11,36,11036,0.001845747,0.000169569,0.000246614,0.003214917,3.78E-05,0.333207668,13.06257316,0.04605109,7.450311004,8.235632,0.48386525,0.7777356,28.82662686,,0.001491389,,,0,0,0,0,0,0,0,5.748285717
11,37,11037,0.274730894,0.025239513,0.012629604,0.164642739,0.000969376,8.536436894,259.6842025,1.179781438,42.06365675,106.184322,12.3961288,10.6107576,236.2133796,,0.014913885,7.37533882,,0,4.17573,1.712,0,2.1662,0.2043,0.654745646,32.98846814
11,38,11038,0.002968418,0.000272708,0.000440915,0.005747883,6.14E-05,0.540554012,16.00212758,0.074707468,9.692637617,0,0.784961834,1.8185136,54.26605472,,0,,,0,0,0,0,0.5197,0.049,0.153060149,6.638765457
11,39,11039,0.006850195,0.000629327,0.002040167,0.026596135,0.000195919,1.725280152,45.20050838,0.238442986,28.93642295,0,2.505353844,1.5399372,128.3740799,,0.005965554,4.3721941,,0,0,0,0,0.6509,0.0614,0.031329925,26.43998989
11,40,11040,0.001293926,0.000118873,0.00038113,0.004968509,0.000106856,0.940986823,192.4129554,0.130049434,0.506331816,0,1.366447618,1.3638852,5.333157848,,0,,,0,0,0,0,0,0,0.014577634,1.173733733
11,41,11041,0.058074435,0.005335295,0.006583835,0.085828552,0.000326858,2.87834826,25.84682486,0.397803193,4.632495796,141.756004,4.179773858,2.2410384,14.57707072,,0,,,0,0,0,0,0,0,0.039923189,2.088998197
11,42,11042,0.03739065,0.003435077,0.007465665,0.097324317,0.000785075,6.913453477,314.7108613,0.955476411,90.50909257,73.290726,10.03932447,6.767646,720.778824,,0,,,0,0,0,0,0,0,0.435672462,94.31118725
11,43,11043,0.001693521,0.000155584,0.0005007,0.006527257,0.000124856,1.099497212,155.389383,0.151956421,0.457538807,0,1.596627402,5.2639548,26.81273686,,0,,,0,0,0,0,0,0,0,1.901342427
11,44,11044,0.091354968,0.008392776,0.004140119,0.053971643,0.000322013,2.835678739,32.63942005,0.391906035,21.8446012,0,4.117811603,2.2130772,222.9941728,,0,,,0,0,0,0,0.9956,0.0939,0.844574313,29.04238595
11,45,11045,0.000399595,3.67E-05,0.000343764,0.0044814,6.43E-05,0.566541127,114.6553842,0.078299027,0,0,0.822698847,0.844014,21.90767979,,0.001491389,,,0,0,0,0,0,0,0,0.348756479
11,46,11046,0.0173348,0.001592547,0.00395329,0.0515361,0.000378807,3.335820586,187.4192292,0.461028325,38.70139369,21.014412,4.844089185,4.6467372,191.4180032,,0,,,0,0,0,0,0,0,0.143917987,22.94357342
12,1,12001,0.149867054,0.013768279,0,2.897419935,0.004455952,0,1515.627644,5.423124557,2.55202285,0,56.98152925,3.8141148,126.004317,,0.195150985,87.94503014,,0.023123832,3.80835,1.207,28.7,0,0,9.295992938,1.714786196
12,2,12002,0.001274897,0.000117125,0,0.004286557,0.000152547,0,308.7542519,0.185657723,0.161853668,0,1.950731696,0.3655668,28.49153487,,0,,,0,0,0,0,0,0,0,0.461035839
12,3,12003,0.005308901,0.000487729,0,0.022017313,0.000225616,0,328.6617457,0.274586851,1.990545353,0,2.885122505,10.7422788,104.7517249,,0,29.29818784,,0,0,0,0,0,0,0.035738426,1.362331223
12,4,12004,0.000627935,5.77E-05,0,0.003994291,0.000105918,0,198.3276023,0.128908049,0.578664932,0,1.354454923,0.2143692,19.81779039,,0,0.78551905,,0,0,0,0,0,0,0,0.32549526
12,5,12005,0.000723076,6.64E-05,0,0.005260774,3.48E-05,0,40.81892902,0.042398657,0.650998049,0,0.445488627,0.1025244,3.991102052,,0,,,0,0,0,0,0,0,0,0.058124153
12,6,12006,0.002816191,0.000258723,0,0.008086004,7.44E-05,0,95.71298462,0.090511849,0.361665583,0,0.951020678,3.899034,18.95587993,,0,,,0,0,0,0,0,0,0.000335983,0.308676356
12,7,12007,0.00702145,0.00064506,0,0.037215104,0.000190166,0,160.4579714,0.231442489,1.739171134,0,2.431798651,11.8451928,59.37399162,,0,,,0,0,0,0,0,0,0,0.574810777
12,8,12008,0.001731577,0.00015908,0,0.00954733,4.58E-05,0,68.95397509,0.0556996,0.506331816,0,0.585243494,2.309388,17.2134646,,0,50.4681348,,0,0,0,0,0,0,0,0.228291888
12,9,12009,7.61E-05,6.99E-06,0,0.000681952,3.37E-05,0,60.1636755,0.041059432,0,0,0.431417199,0.2164404,8.544519044,,0,,,0,0,0,0,0,0,0,0.14246601
12,10,12010,0.000646963,5.94E-05,0,0.004286557,0.000152441,0,291.6464669,0.185528366,0,0,1.949372524,0.54369,17.32166481,,0,28.70867469,,0,0,0,0,0,0,0,0.293341472
12,11,12011,0.011188653,0.001027901,0,0.048710869,0.000360126,0,452.1469302,0.438291932,1.229662981,0,4.605194709,3.2693892,78.4472083,,0,115.5202518,,0,0,0,0,0,0,0,1.143685471
12,12,12012,0.00498542,0.00045801,0,0.037994478,0.000362033,0,577.0248936,0.440612748,0.289332466,0,4.629579855,2.521686,52.73648611,,0,100.8303239,,0,0,0,0,0,0,0,0.771443552
12,13,12013,0.001579351,0.000145095,0,0.00506593,7.97E-05,0,129.4440861,0.097048182,0.361665583,0,1.019698842,1.7004552,13.00996286,,0,,,0,0,0,0,0,0,0.004397002,0.343550848
12,14,12014,0,0,0,0.014905526,8.72E-05,0,76.57102587,0.106125999,1.449838668,0,1.11508074,2.6273172,26.25679288,,0,,,0,0,0,0,0,0,0,0.116248307
12,15,12015,0.013624278,0.001251662,0,0.011300922,7.26E-05,0,26.77758897,0.088366045,0.795664282,0,0.928474412,2.1716532,8.00145608,,0,2.70197433,,0,0,0,0,1.4658,0.1382,0.177004908,0.096461361
12,16,12016,0.000399595,3.67E-05,0,0.003702026,7.98E-05,0,130.3500541,0.097177539,0,0,1.021058014,4.7927568,42.97887861,,0,,,0,0,0,0,0,0,0,0.444958945
12,17,12017,0.002017002,0.000185302,0,0.004773665,8.15E-05,0,85.45458864,0.099201596,2.09766038,0,1.042325059,3.6235644,23.413149,,0,25.59181693,,0,0,0,0,1.6592,0.1565,0,0.356659699
12,18,12018,0.001503237,0.000138102,0,0.016172009,7.19E-05,0,115.1482522,0.087468155,0.650998049,0,0.919040159,1.1143056,24.81593127,,0,,,0,0,0,0,0,0,0.023876745,0.232496614
12,19,12019,0.052384967,0.004812604,0,0.004383978,9.00E-05,0,175.8239693,0.109512109,0,0,1.150659067,0.9082212,14.4665264,,0,,,0,0,0,0,0,0,0,0.254509591
12,20,12020,0.000551821,5.07E-05,0,0.001948435,0.000117985,0,212.0883729,0.143593872,0,0,1.508760926,0.3396768,15.72669659,,0,14.8819523,,0,0,0,0,0,0,0.01211732,0.264897738
12,21,12021,0.007877725,0.000723726,0,0.047152122,0.000432289,0,578.3292278,0.526117721,2.0285036,0,5.52799258,3.7768332,99.078934,,0,120.0772396,,0,0,0,0,0,0,0.079401682,1.480063551
12,22,12022,0.004281372,0.000393329,0,0.028349726,0.000253701,0,245.4163932,0.308767535,5.465711284,0,3.244263731,11.3481048,103.6440919,,0,47.65007088,,0,0,0,0,0,0,0.766919014,1.647757917
12,23,12023,0.007440073,0.000683519,0,0.034389874,0.000141299,0,215.6301105,0.171968709,3.471989594,0,1.806899313,6.9706236,41.65372392,,0,,,0,0,0,0,0,0,0,0.329947322
12,24,12024,0.000894331,8.22E-05,0,0.001461326,4.43E-05,0,80.15692952,0.053888602,0.072333117,0,0.566215086,0.113916,9.898721722,,0,,,0,0,0,0,0,0,0,0.171157082
12,25,12025,0.001331982,0.000122369,0,0.005650461,9.26E-05,0,180.9290919,0.112700378,0,0,1.18415866,0.372816,37.00811294,,0,7.43679115,,0,0,0,0,0,0,0,0.525096076
12,26,12026,0.000818218,7.52E-05,0,0.004091713,5.34E-05,0,89.87085999,0.06494482,0.072333117,0,0.68238432,2.930748,11.99856048,,0,,,0,0,0,0,0,0,0,0.212957005
12,27,12027,0.002283398,0.000209776,0,0.023283796,0.000120742,0,94.6964121,0.146949545,4.560162679,0,1.544019448,7.6872588,75.24559733,,0,,,0,0,0,0,0,0,0,0.795929898
12,28,12028,0.064905602,0.005962874,0,0.081152308,0.000723078,0,1097.267038,0.880023237,0.723331165,0,9.246527405,1.299678,48.27138497,,0,0.34327764,,0,0,0,0,0,0,0.065188116,1.102380222
12,29,12029,0.067112887,0.006165657,0,0.520426929,0.001393268,0,471.8707904,1.695679956,1.544406142,18.756012,17.81674679,4.7357988,45.52703083,,0.052714977,385.1289355,,0,0,0,0,0,0,3.144933537,0.769712194
12,30,12030,0.003710523,0.000340886,0,0.024063169,0.000113608,0,188.8603422,0.138267408,0.867997399,0,1.452795018,1.8682224,36.65875548,,0,,,0,0,0,0,0,0,0,0.294083483
12,31,12031,0.000875303,8.04E-05,0,0.002922652,3.76E-05,0,65.34422983,0.045799985,0,0,0.481226857,1.91586,15.26153793,,0,,,0,0,0,0,0,0,0,0.24758416
12,32,12032,0.002682993,0.000246486,0,0.012469983,0.000218839,0,400.3419285,0.266338441,0,0,2.798455299,2.3673816,62.18504961,,0,0.87372564,,0,0,0,0,0,0,0,1.049450141
12,33,12033,0.001370039,0.000125865,0,0.010424126,8.23E-05,0,90.50375498,0.100145141,1.449838668,0,1.05223902,0.1781232,13.0195082,,0,44.01541522,,0,0,0,0,0,0,0,0.19539609
12,34,12034,0.016231158,0.001491156,0,0.036046043,0.000210349,0,158.5679811,0.2560051,6.978354058,0,2.689881437,5.597418,50.77845701,,0,33.179941,,0,0,0,0,0,0,0.086355081,0.745720522
12,35,12035,0.063687789,0.005850994,0,0.32441439,0.000786206,0,120.8942802,0.956853682,5.289846518,0,10.05379565,5.1759288,38.86605962,,0,0.3514,,0,0,0,0,0.9161,0.0864,0.282721865,0.505556467
12,36,12036,0.002359512,0.000216768,0,0.010131861,6.72E-05,0,124.4600485,0.08175362,0.361665583,0,0.858996735,0.3717804,19.99396481,,0,,,0,0,0,0,0,0,0.057007647,0.292846799
12,37,12037,0.003995947,0.000367107,0,0.003994291,3.63E-05,0,60.05251566,0.044118344,0.072333117,0,0.46355762,1.1971536,8.697309543,,0,,,0,0,0,0,0,0,0.01063461,0.139250632
12,38,12038,0.034574459,0.003176354,0,0.82974095,0.000665908,0,161.4163123,0.810444393,2.784903884,83.601263,8.515452745,5.54046,53.24660397,,0.030060203,59.51110855,,0,1.38177,0.592,0,0,0,0.335646185,0.593113702
12,39,12039,0.003995947,0.000367107,0,0.025524496,0.000142981,0,191.7902965,0.174015593,0.14784257,0,1.828406212,0.8585124,27.42424987,,0,4.2168,,0,0,0,0,0,0,0.160950737,0.440012209
12,40,12040,0.051414522,0.00472345,0,0.01734107,0.000141374,0,207.0706686,0.17206002,0.309696238,0,1.807858729,0.5012304,35.33375064,,0,10.93122817,,0,0,0,0,0,0,0,0.635655636
12,41,12041,0.00045668,4.20E-05,0,0.003117496,0.000171347,0,302.0370847,0.208538692,0.017187435,0,2.191145247,0.3117156,22.21590598,,0,1.84306705,,0,0,0,0,0,0,0,0.435807483
12,42,12042,0.013985816,0.001284876,0,0.005747883,0.000102073,0,184.3998862,0.124228369,0.726507502,0,1.305284875,0.346926,16.71969574,,0,13.1347784,,0,0,0,0,0,0,0,0.275533221
12,43,12043,0.000551821,5.07E-05,0,0.004091713,0.000111333,0,218.418007,0.135497646,0.072333117,0,1.423692746,0.1045956,11.23353345,,0,19.3066941,,0,0,0,0,0,0,0,0.380156697
12,44,12044,0.000780161,7.17E-05,0,0.005553039,6.96E-05,0,107.5613643,0.084751659,0.144666233,0,0.890497546,1.900326,18.42054741,,0,59.27242131,,0,0,0,0,0,0,0,0.23670134
12,45,12045,0.009323877,0.000856584,0,0.012372561,0.000138311,0,229.3334182,0.168331495,0.795664282,0,1.768682593,0.419418,23.79001632,,0,,,0,0,0,0,0,0,0,0.395244244
12,46,12046,0.025193497,0.002314525,0,0.060596322,0.000370692,0,596.5155626,0.451151539,0.506331816,0,4.740312401,5.0402652,57.87419996,,0,,,0,0,0,0,0,0,0.042131714,0.848612641
12,47,12047,0.000475708,4.37E-05,0,0.001363904,4.21E-05,0,80.31883089,0.051263416,0,0,0.538631888,2.4450516,14.84083257,,0,,,0,0,0,0,0,0,0,0.242884761
12,48,12048,0.010294321,0.000945739,0,0.075696691,0.000270463,0,261.9046202,0.329167894,4.519028095,0,3.458613158,5.571528,86.63156201,,0,90.59247565,,0,0,0,0.4,0,0,0.143407494,0.787025772
12,49,12049,0.005784609,0.000531432,0,0.010229283,6.84E-05,0,61.68314417,0.083191765,3.037990895,0,0.87410753,0.7021368,14.18255259,,0,,,0,0,0,0,0,0,0.092234793,0.249068181
12,50,12050,0.014823062,0.001361794,0,0.124894669,0.000230443,0,38.3177671,0.280461181,1.446662331,30.567444,2.946844906,6.6671928,12.70807683,,0.009080559,,,0,0,0,0,0,0,0.002666186,0.135045906
12,51,12051,0.002093115,0.000192294,0,0.013931309,0.000219189,0,392.6488659,0.266764558,0.578664932,0,2.802932572,1.744986,42.99945143,,0,18.95322365,,0,0,0,0,0,0,0,0.709609346
12,52,12052,0.012159097,0.001117056,0,0.024258013,0.000286963,0,494.5576131,0.349248664,0.512684489,0,3.669604631,2.4056988,90.15209361,,0,47.24648028,,0,0,0,0,0,0,0,1.368514644
12,53,12053,0.009038452,0.000830362,0,0.054069065,0.000269,0,438.5657384,0.327387333,2.242326613,0,3.439904555,4.3826592,130.4499016,,0,1.05013882,,0,0,0,0,0,0,0,1.593343816
12,54,12054,0.002169229,0.000199287,0,0.007696317,0.000168984,0,302.3208974,0.205662401,1.012663632,0,2.160923656,6.7738596,60.23083712,,0,18.46217899,,0,0,0,0,0,0,0.020451174,0.877056376
12,55,12055,0.147678797,0.013567243,0,0.200981047,0.000607412,0,304.9166774,0.739252391,0.81920439,16.688635,7.76742841,2.3435628,29.51563178,,0.026184869,9.48785029,,0,0,0,0,0,0,5.337654063,0.533505528
12,56,12056,0.002511738,0.000230753,0,0.008183426,0.000268125,0,478.3609715,0.32632204,0.144666233,0,3.428711373,2.0100996,42.51297025,,0,20.1039705,,0,0,0,0,0,0,0,0.609932606
12,57,12057,0.031720211,0.002914134,0,0.079788404,0.000355768,0,347.0393268,0.432988295,5.899709983,0,4.549468655,5.0164464,101.7468957,,0,17.1302446,,0,0,0,0,0,0,0,0.820910917
12,58,12058,0.010123067,0.000930006,0,0.055043282,0.000311765,0,420.9112142,0.379434499,1.305172435,0,3.986771427,2.8054404,46.18717763,,0,,,0,0,0,0,0,0,0.049440712,0.754624648
12,59,12059,0.003672466,0.000337389,0,0.015879743,0.000174855,0,166.4242725,0.212807473,1.739171134,0,2.235997924,4.1102964,33.46321897,,0,20.79052578,,0,0,0,0,0,0,0.081702439,0.505061793
12,60,12060,0.003368013,0.000309419,0,0.003994291,7.73E-05,0,130.4856179,0.09408819,0.161853668,0,0.988597788,0.4059552,10.08985753,,0,,,0,0,0,0,0,0,0,0.191686038
12,61,12061,0.025516978,0.002344243,0,0.049197978,0.000247974,0,275.098816,0.301797475,1.084996748,0,3.171028343,1.289322,15.73160878,,0,5.76179702,,0,0,0,0,0,0,0.562074809,0.217161731
12,62,12062,0.007649385,0.000702749,0,0.00613757,0.000125713,0,226.8337888,0.152998887,0.144666233,0,1.60758073,0.7601304,32.15493211,,0,39.6632294,,0,0,0,0,0,0,0,0.539936285
12,63,12063,3.81E-05,3.50E-06,0,0.001266483,5.41E-05,0,99.53516282,0.065835101,0,0,0.691738622,0.1791588,7.029711854,,0,,,0,0,0,0,0,0,0,0.118721675
12,64,12064,0.004014976,0.000368856,0,0.011982874,6.71E-05,0,61.71643684,0.081715574,1.88066103,0,0.858596979,4.9159932,89.15779815,,0,,,0,0,0,0,0,0,0,0.322774554
12,65,12065,0.000723076,6.64E-05,0,0.005455617,3.84E-05,0,69.17843421,0.046690265,0,0,0.490581159,0.144984,7.997896764,,0,,,0,0,0,0,0,0,0,0.148896768
12,66,12066,0.009761529,0.000896791,0,0.079106452,0.000442267,0,538.4671904,0.53826206,0.292508803,0,5.65559485,1.6113936,22.21778739,,0,31.46707935,,0,0,0,0,0,0,0.124854416,0.439517535
12,67,12067,0.008981367,0.000825118,0,0.026109026,0.000126413,0,109.3358727,0.153851121,1.229662981,0,1.616535275,3.9290664,39.10005804,,0,,,0,0,0,0,0,0,0,0.407858422
12,68,12068,0.001674492,0.000153836,0,0.043839782,0.000152578,0,217.0006694,0.185695769,4.947238956,0,1.951131453,0,33.04222444,,0,,,0,0,0,0,0,0,0,0.449163671
12,69,12069,0.000266396,2.45E-05,0,0.000876796,7.89E-05,0,148.7209915,0.0960742,0,0,1.009465076,0.1988352,6.133161196,,0,,,0,0,0,0,0,0,0,0.101408098
12,70,12070,0.001427124,0.00013111,0,0.00389687,4.22E-05,0,57.91905768,0.051347117,0.289332466,0,0.539511352,0.352104,4.587901626,,0,,,0,0,0,0,0,0,0,0.070243658
12,71,12071,0.01790565,0.001644991,0,0.009839596,0.000170728,0,309.7220371,0.207785378,0,0,2.183230068,0.3738516,30.75440039,,0,,,0,0,0,0,0,0,0,0.509761193
12,72,12072,1.90E-05,1.75E-06,0,0.000876796,6.07E-05,0,107.1493129,0.073931327,0,0,0.776806802,0.2392236,7.748431928,,0,,,0,0,0,0,0,0,0,0.120947707
12,73,12073,0.00180769,0.000166072,0,0.011885452,0.000119923,0,142.9802556,0.145952735,1.374329214,0,1.533545828,13.2070068,104.0298173,,0,,,0,0,0,0,0,0,0.007515806,0.999240766
12,74,12074,0.054078487,0.004968188,0,0.004578822,0.00013344,0,259.2758333,0.162403901,0.144666233,0,1.706400533,0.3376056,24.54962629,,0,4.3925,,0,0,0,0,0,0,0,0.382135392
12,75,12075,0.043023033,0.003952524,0,0.062155069,0.0002498,0,280.0021177,0.304019372,0.949859525,0,3.194374122,0.38835,31.64497997,,0,40.81832442,,0,0,0,0,0,0,3.120644597,0.512729235
12,76,12076,7.61E-05,6.99E-06,0,0.002532965,0.000199526,0,0,0.242833514,0,0,2.551485742,0.3614244,17.53019189,,0,,,0,0,0,0,0,0,0,0.303234945
12,77,12077,0.003520239,0.000323404,0,0.020458565,8.28E-05,0,49.07626783,0.100731052,0.361665583,0,1.05839527,1.455018,26.0215086,,0,,,0,0,0,0,0,0,0,0
12,78,12078,1.90E-05,1.75E-06,0,0.001266483,0.000115428,0,82.1313845,0.140481695,0,0,1.476060846,0.0952752,11.60002963,,0,16.15374165,,0,0,0,0,0,0,0,0
12,79,12079,0.001408096,0.000129362,0,0.000974217,0.000102786,0,73.13616949,0.125095822,0,0,1.314399323,0.0973464,21.88967951,,0,,,0,0,0,0,0,0,0,0
12,80,12080,0.000894331,8.22E-05,0,0.002922652,4.42E-05,0,26.21750764,0.053812509,0.072333117,0,0.565415573,1.5389016,18.92065524,,0,,,0,0,0,0,0,0,0,0
12,81,12081,0.000323481,2.97E-05,0,0.002435543,6.66E-05,0,47.36946063,0.081023133,0,0,0.851321411,0.082848,5.323962453,,0,17.06804935,,0,0,0,0,0,0,0,0
13,1,13001,0.002283398,0.000209776,0.000147525,0.004676243,0.00010715,1.510591886,52.0400841,0.130407068,11.751034,0,1.370205329,4.163112,45.24940023,,0,0.402485528,,0,0,0,0,0,0,0.027394387,7.793986185
13,2,13002,0.00475708,0.000437033,0.000411841,0.013054513,0.00021747,3.065872188,390.7275496,0.264672018,1.591328564,0,2.780945965,1.4622672,30.97831805,,0,9.085228722,,0,0,0,0,0,0,0,1.82487592
13,3,13003,0.04996837,0.004590592,0.002766095,0.087679565,0.00030495,4.299166719,81.46562177,0.371140433,7.377977888,0,3.899624513,3.3025284,41.37891228,,0,,,0,0,0,0,0,0,0.003250435,8.187217512
13,4,13004,0.001351011,0.000124117,0.000165966,0.005260774,5.40E-05,0.761377798,96.75869836,0.065728571,0.867997399,0,0.690619304,2.5910712,9.340197492,,0,0.0129735,,0,0,0,0,0,0,0.312269275,3.112885117
13,5,13005,0.034498345,0.003169361,0.000365739,0.011593187,0.000104655,1.475422895,29.43799342,0.127370983,8.17364217,0,1.338304761,1.6093224,46.07072725,,0,,,0,0,0,0,1.5326,0.1445,0.020614258,18.12396123
13,6,13006,0.003672466,0.000337389,0.000178259,0.005650461,0.000100154,1.411960055,125.9422133,0.121892334,8.082408826,0,1.280739827,2.500974,73.19525841,,0,,,0,0,0,0,0,0,0.007982896,18.73853235
13,7,13007,0.00260688,0.000239494,5.53E-05,0.001753591,6.86E-05,0.966574315,41.37709948,0.08344287,11.93496423,0,0.876745923,1.9645332,171.8126979,,0,13.3766036,,0,0,0,0,0.5647,0.0532,0.001476729,30.22700926
13,8,13008,0.023804429,0.002186912,0.00135846,0.043060409,0.000245936,3.46718651,36.29409036,0.299316865,26.27410874,0,3.14496422,0.9496452,390.7342207,,0,0.86225528,,0,0,0,0,1.4358,0.1354,0.033052104,60.98146653
13,9,13009,0.001370039,0.000125865,0.000335005,0.01061897,9.30E-05,1.31103651,28.86962061,0.11317976,2.820991545,0,1.189195592,1.4684808,11.28483496,,0,0.34327764,,0,0,0,0,0,0,0.009630839,3.791032555
13,10,13010,0.182938275,0.01680653,0.000500971,0.015879743,0.000167909,2.367163944,19.04361341,0.204353613,4.563339016,0,2.147172033,1.4477688,16.67641114,,0,,,0,0,0,0,0.4275,0.0403,0,4.400894314
13,11,13011,0.001370039,0.000125865,0.000353445,0.0112035,0.000124156,1.750340394,301.8242627,0.151104187,0.006352674,0,1.587672857,1.2955356,14.65133709,,0,,,0,0,0,0,0,0,0.002718037,0.141280716
13,12,13012,0.009361934,0.00086008,0.000700744,0.022212156,0.000141593,1.996170757,92.02157595,0.172326343,3.501882376,0,1.810657024,2.1996144,31.90994045,,0,,,0,0,0,0,0,0,0.000156021,14.11394356
13,13,13013,0.03739065,0.003435077,0.00077758,0.0246477,0.000174511,2.460242777,13.25315585,0.212388965,2.888435533,0,2.231600603,1.6631736,14.17774648,,0,,,0,0,0,0,0.5485,0.0517,1.212506485,4.99898268
13,14,13014,0.001902832,0.000174813,0.000202847,0.006429835,0.000100479,1.416543482,185.5172152,0.122288014,0.072333117,0,1.284897295,0.7943052,12.80641011,,0,,,0,0,0,0,0,0,0,0
13,15,13015,0.000989473,9.09E-05,0.00010757,0.003409761,9.45E-05,1.332631504,119.4391048,0.115044023,1.594504901,0,1.20878366,1.1640144,25.37311912,,0,3.86187345,,0,0,0,0,0,0,0.025682238,3.364835728
13,16,13016,0.020379331,0.001872248,0.000639275,0.020263722,0.000283906,4.00247794,182.8568363,0.345527749,11.79982701,0,3.630508447,1.4591604,177.52739,,0,6.550329463,,0,0,0,0,1.4923,0.1407,0,25.3693073
13,17,13017,0.002968418,0.000272708,0.000119864,0.003799448,7.28E-05,1.025894443,91.3418251,0.088563885,1.817856924,0,0.930553146,3.2290008,22.23396267,,0,,,0,0,0,0,0.8147,0.0768,0.015152521,6.246962341
13,18,13018,0.001845747,0.000169569,0.000408767,0.012957091,0.000125044,1.762856676,252.3119942,0.152184698,0,0,1.599025941,4.1206524,10.96288724,,0,,,0,0,0,0,0,0,0.00642056,0
13,19,13019,0.000285425,2.62E-05,8.61E-05,0.002727809,9.16E-05,1.291028087,92.28417654,0.111452464,7.160978538,0,1.171046648,1.6921704,17.22232166,,0,,,0,0,0,0,0,0,0,11.26949181
13,20,13020,0.00011417,1.05E-05,6.15E-06,0.000194843,1.42E-05,0.199819804,23.45371113,0.017250136,0.168206341,0,0.18124959,0.7787712,4.638858143,,0,,,0,0,0,0,0,0,6.42E-05,1.318620019
13,21,13021,0.005689468,0.000522691,0.000417988,0.013249356,7.84E-05,1.105487422,3.196642865,0.095435024,5.931315557,0,1.002749167,0.7445964,42.14527421,,0,,,0,0,0,0,1.2342,0.1164,0,6.979267388
13,22,13022,0.001940889,0.000178309,6.45E-05,0.002045857,7.05E-05,0.994515594,33.67292044,0.085854998,2.534835416,0,0.902090484,0.75081,142.9667665,,0,6.871010025,,0,0,0,0,0,0,0.060075035,22.84038248
13,23,13023,0.006317402,0.000580379,0.000783727,0.024842543,0.000182276,2.569716177,39.89010474,0.221839635,10.84996748,0,2.330900114,1.0418136,34.2515282,,0,,,0,0,0,0,0,0,0.022664575,15.60916448
13,24,13024,0.000418623,3.85E-05,0.000507117,0.016074587,9.21E-05,1.29860837,76.87271251,0.112106858,4.849495145,0,1.177922459,1.4353416,32.98913393,,0.011931108,0.0711585,,0,0,0,0,0,0,0,13.42402273
13,25,13025,0.002625908,0.000241242,0.000224361,0.007111787,0.000143406,2.021732179,334.7140108,0.174533021,0.324272171,0,1.8338429,2.7205212,27.46864535,,0,,,0,0,0,0,0,0,0.003488504,1.106698945
13,26,13026,0.000266396,2.45E-05,2.46E-05,0.000779374,7.94E-05,1.118708847,181.4468445,0.09657641,0,0,1.014741862,0.8916516,9.913459089,,0,,,0,0,0,0,0,0,0,0
13,27,13027,0.001560322,0.000143347,0.000215141,0.006819522,0.000142562,2.009832896,332.0823074,0.173505775,0,0,1.823049475,3.2383212,16.78664427,,0,,,0,0,0,0,0,0,0,0
13,28,13028,0.031206446,0.002866935,0.003934002,0.124699826,0.000771413,10.87532726,1460.574703,0.938850232,0.328754258,0,9.864630882,4.1102964,52.69503945,,0,,,0,0,0,0,0,0,0.66200686,2.590146466
13,29,13029,0.029094302,0.002672892,0.00126011,0.039942913,0.000243873,3.438099375,117.6969464,0.296805817,11.28094764,0,3.118580292,4.5649248,63.8220647,,0,,,0,0,0,0,2.2264,0.2099,3.769443738,23.43611616
13,30,13030,0.032614542,0.002996296,0.004785345,0.151685647,0.000441154,6.219358353,161.7488959,0.536907616,19.46078469,0,5.641363519,4.240782,87.22077838,,0,,,0,0,0,0,0,0,0.000201527,26.5913855
13,31,13031,0.001331982,0.000122369,0.00048253,0.015295213,7.21E-05,1.016992016,85.80181048,0.087795353,0.220175686,0,0.922478065,3.1989684,10.0772378,,0,,,0,0,0,0,0,0,0.011642615,2.707880397
13,32,13032,0.009837642,0.000903784,0.000301197,0.00954733,6.63E-05,0.934490324,153.7987386,0.080673109,0.14784257,0,0.847643651,0.357282,3.170029781,,0,,,0,0,0,0,0,0,0,0
13,33,13033,3.81E-05,3.50E-06,3.69E-05,0.001169061,1.70E-05,0.239484079,28.16012031,0.020674291,0,0,0.217227674,0.5550816,2.3843878,,0,,,0,0,0,0,0,0,0,0
13,34,13034,0.00011417,1.05E-05,6.15E-06,0.000194843,5.97E-05,0.841147063,106.0915024,0.072614929,0,0,0.762975228,1.0117812,3.659765119,,0,1.245218445,,0,0,0,0,0,0,3.612848855,0
13,35,13035,0.003082588,0.000283197,2.46E-05,0.000779374,5.56E-05,0.783413507,59.25351671,0.06763088,5.679534297,0,0.710607128,3.344988,51.61672547,,0,0.86470437,,0,0,0,0,0.7986,0.0753,0.254810606,14.43888921
13,36,13036,0.001103643,0.000101392,0.00020592,0.006527257,5.18E-05,0.729910807,61.10125289,0.063012074,0.67136182,0,0.662076691,0.5965056,13.53544664,,0,0.317517468,,0,0,0,0,0,0,0,1.768363633
13,37,13037,0.001103643,0.000101392,0.000230508,0.00730663,0.000123581,1.742231253,172.4160678,0.150404137,9.988322757,0,1.580317337,0.7187064,50.46630377,,0,0.473680755,,0,0,0,0,0,0,0,14.06214063
13,38,13038,0.000247368,2.27E-05,0.000510191,0.016172009,4.11E-05,0.579803561,68.71528657,0.050053547,0.361665583,0,0.525919632,0.512622,9.53334268,,0,2.965147514,,0,0,0,0,0,0,0,1.636501631
13,39,13039,0.00317773,0.000291938,0.001232449,0.039066117,7.16E-05,1.009852447,29.18609861,0.087179005,0,0,0.91600201,0.7031724,3.138355026,,0,0.594131056,,0,0,0,0,0,0,0.428105014,0.623989831
13,40,13040,0.000380566,3.50E-05,9.84E-05,0.003117496,5.99E-05,0.844408348,96.47457306,0.072896471,0,0,0.765933426,3.3284184,6.184554542,,0,,,0,0,0,0,0,0,0,0
13,41,13041,0.019960708,0.001833789,0.000989647,0.0313698,0.000239202,3.372256678,52.00142713,0.291121719,15.06565201,0,3.058856673,1.6289988,69.48131437,,0,,,0,0,0,0,0,0,0.671982155,23.12529859
13,42,13042,0.001255869,0.000115377,0.000227434,0.007209209,6.48E-05,0.913953044,104.8209858,0.078900157,0.289332466,0,0.829014999,1.4622672,6.682072439,,0,,,0,0,0,0,0,0,0.000214019,0
13,43,13043,0.00022834,2.10E-05,4.00E-05,0.001266483,3.74E-05,0.526653432,69.62428345,0.045465179,0.072333117,0,0.477709,0.8999364,2.766698294,,0,0.704474,,0,0,0,0,0,0,0.049866346,0.141280716
13,44,13044,0.001560322,0.000143347,0.000119864,0.003799448,9.56E-05,1.348144643,107.9055569,0.116383248,10.1940803,0,1.222855088,3.8638236,34.09545928,,0,,,0,0,0,0,3.388,0.3195,0,12.59988522
13,45,13045,0.000551821,5.07E-05,7.07E-05,0.0022407,4.54E-05,0.640710259,57.57797876,0.055311529,1.157329865,0,0.581165978,0.8916516,8.726726258,,0,0.398171281,,0,0,0,0,0,0,0,1.224432875
13,46,13046,0.007953838,0.000730719,0.000457942,0.014515839,0.000252551,3.560441628,587.0969261,0.307367435,0.289332466,0,3.229552692,5.6191656,25.58713284,,0,,,0,0,0,0,0,0,0,0.541576079
13,47,13047,0.000133198,1.22E-05,1.23E-05,0.000389687,2.56E-05,0.361209333,40.58018598,0.031182645,0,0,0.327640415,0.5654376,2.597766337,,0,,,0,0,0,0,0,0,0,0.275497397
13,48,13048,0.127337522,0.011698492,0.02226092,0.705625654,0.00183391,25.85432044,20.8996516,2.231963615,2.404180281,0,23.4515543,0.4235604,52.83247624,,0.056672765,0.994839504,,0.032029957,0,0,0,0.9357,0.0882,14.21526335,9.430487816
13,49,13049,0.001103643,0.000101392,0.000159819,0.00506593,0.0001083,1.526810167,243.9093991,0.131807167,0,0,1.384916367,3.4961856,8.885053682,,0,,,0,0,0,0,0,0,0,0.282561433
13,50,13050,0.012482578,0.001146774,0.000940472,0.029811052,0.00012143,1.711910118,11.96845153,0.147786561,3.97832141,0,1.552814091,0.4898388,32.44544456,,0,,,0,0,0,0,0,0,1.899008896,9.169118491
13,51,13051,0.057636783,0.005295088,0.004204465,0.133272939,0.000524171,7.3897189,9.384845406,0.637943037,5.135651275,0,6.702956841,1.688028,59.94966528,,0.016405274,1.64275233,,0,0,0,0,0.8309,0.0783,2.38200316,8.641670483
13,52,13052,0.006507686,0.000597861,0.000325785,0.010326704,0.000181082,2.552880895,61.34793479,0.220386271,4.343163329,0,2.315629416,1.4384484,44.77678066,,0,0.78049705,,0,0,0,0,1.5972,0.1506,0.03488504,14.59900736
13,53,13053,0.001141699,0.000104888,0.000313491,0.009937017,0.000112533,1.586482866,250.3197831,0.136958619,0,0,1.439043395,2.5227216,11.01627157,,0,0.26151941,,0,0,0,0,0,0,0,0
13,54,13054,0.001769634,0.000162576,0.000150599,0.004773665,0.000171804,2.42207693,83.66892414,0.209094166,13.16462721,0,2.196981691,1.1981892,45.45741529,,0,3.02398525,,0,0,0,0,0,0,0.020032146,13.84080084
13,55,13055,0.001465181,0.000134606,0.000101423,0.003214917,8.50E-05,1.198918825,64.46822743,0.103500813,3.336852371,0,1.087497542,1.7946948,26.00571067,,0,,,0,0,0,0,0,0,0.000834673,5.389859329
13,56,13056,0.021368804,0.001963151,0.000513264,0.01626943,0.000191805,2.704045855,28.88762809,0.233436109,4.053830863,0,2.45274589,1.3845972,19.36145728,,0,7.369093355,,0,0,0,0,0.8551,0.0806,0,2.180432389
13,57,13057,0.008029951,0.000737711,0.000230508,0.00730663,7.92E-05,1.116240847,93.19606025,0.096363351,12.3640738,0,1.012503226,0.9558588,207.7862243,,0,9.609716126,,0,0,0,0,1.815,0.1711,0.035955133,30.78977745
13,58,13058,0.002321455,0.000213272,0.000252022,0.007988583,9.20E-05,1.2964048,79.21430251,0.111916627,3.254990245,0,1.175923677,1.9168956,36.95855303,,0,,,0,0,0,0,0,0,0,10.30878294
13,59,13059,0.003158701,0.00029019,0.000430281,0.013639043,0.000188766,2.661208438,132.9054056,0.229738021,4.06653621,0,2.41388956,4.1827884,50.11308752,,0,,,0,0,0,0,1.3148,0.124,0.029784437,25.27982951
13,60,13060,0.001389067,0.000127614,0.000282756,0.0089628,9.41E-05,1.326725934,162.3690186,0.114534204,0,0,1.203426923,1.750164,9.376887512,,0,,,0,0,0,0,0,0,0,1.459900736
13,61,13061,0.132589339,0.012180976,0.002111453,0.066928735,0.000309533,4.363775416,25.21450352,0.376718003,11.51815297,0,3.958228814,1.4125584,139.7093784,,0,10.89316557,,0,0,0,0,1.5084,0.1422,0.045018523,21.26745717
13,62,13062,0.000133198,1.22E-05,5.53E-05,0.001753591,0.000178344,2.514274334,418.7406584,0.217053426,0,0,2.280610748,1.5078336,9.800120384,,0,,,0,0,0,0,0,0,0.007833083,0
13,63,13063,0.224001391,0.020578996,0.002169848,0.068779748,0.000446331,6.292340619,73.60951169,0.543208063,3.209373573,0,5.707563193,4.2697788,44.08725287,,0,,,0,0,0,0,0.8793,0.0829,0.042028122,17.37988279
13,64,13064,0.000399595,3.67E-05,5.53E-05,0.001753591,5.65E-05,0.796811218,51.1977938,0.068787484,2.972010452,0,0.722759725,0.9299688,10.68488402,,0,,,0,0,0,0,1.4923,0.1407,0.00470841,6.195159412
13,65,13065,0.00180769,0.000166072,0.000169039,0.005358196,6.41E-05,0.903111475,6.411730909,0.077964221,3.489177029,0,0.819180989,0.926862,14.35613579,,0,,,0,0,0,0,0,0,0,3.760421733
13,66,13066,0.009837642,0.000903784,0.00057166,0.018120443,7.47E-05,1.053659435,12.44089743,0.090960794,8.607640869,0,0.955737805,1.8412968,46.64637567,,0,0.42909705,,0,0,0,0,0.9357,0.0882,0.164109502,9.023128417
13,67,13067,0.007382988,0.000678275,0.000525558,0.016659117,0.00027499,3.876786259,145.4599299,0.33467698,11.87981855,0,3.516497898,2.0080284,56.58889346,,0,,,0,0,0,0,0,0,0.007873694,20.44331966
13,68,13068,0.000875303,8.04E-05,5.84E-05,0.001851013,8.67E-05,1.22271739,163.0638213,0.105555307,0,0,1.109084392,0.833658,7.764471906,,0,0.17163882,,0,0,0,0,0,0,0,0
13,69,13069,0.222193701,0.020412924,0.003608218,0.114373121,0.000391212,5.515273396,15.04104799,0.476125048,6.744167273,0,5.002712558,5.7713988,81.53798688,,0,,,0,0,0,0,1.5343,0.1447,0.031947305,0
13,70,13070,0.005860723,0.000538424,0.000559366,0.017730756,0.000102767,1.448803759,11.7425207,0.125072994,2.603992196,0,1.314159469,1.0076388,16.74373408,,0,,,0,0,0,0,0,0,0.022219973,5.425179508
13,71,13071,0,0,5.53E-05,0.001753591,5.61E-05,0.790464934,90.84204665,0.068239619,0.144666233,0,0.717003232,0.88026,7.202536408,,0,,,0,0,0,0,0,0,0,0.609861759
13,72,13072,0.006507686,0.000597861,0.000221288,0.007014365,5.20E-05,0.733260234,3.511490091,0.063301225,3.905988293,0,0.66511484,0.5944344,64.80498725,,0,4.05584876,,0,0,0,0,0.9035,0.0852,0.055602046,9.906132895
13,73,13073,0.001598379,0.000146843,0.000261242,0.008280848,0.000218558,3.081209041,425.681342,0.265996025,0,0,2.794857491,1.3659564,14.28160248,,0,,,0,0,0,0,0,0,0,0
13,74,13074,0.018153018,0.001667717,0.001014235,0.032149174,0.000165664,2.335520667,38.21261584,0.201621898,3.471989594,0,2.118469518,1.6973484,28.36968371,,0,,,0,0,0,0,0.8228,0.0776,0,9.887295466
13,75,13075,0.011093511,0.00101916,0.000587027,0.018607552,7.58E-05,1.068026717,6.856617765,0.0922011,8.607640869,0,0.968769866,0.864726,71.90920572,,0,0.51491646,,0,0,0,0,0,0,0,12.59753054
13,76,13076,0.055562696,0.005104542,0.00494209,0.156654156,0.000608569,8.579559013,79.71424802,0.7406601,8.502396428,0,7.7822194,3.6235644,51.78504465,,0,1.13189705,,0,0,0,0,3.5251,0.3324,1.839790498,23.12294391
13,77,13077,0.095693425,0.00879135,0.006989001,0.221537034,0.000831259,11.71903047,73.76516245,1.011685829,10.22250954,0,10.6299247,3.7157328,83.95337267,,0,1.137636165,,0,0,0,0,1.5165,0.143,0.972367519,10.55131483
13,78,13078,0.000323481,2.97E-05,5.22E-05,0.00165617,0.000122393,1.725484114,325.7998697,0.148958383,0.165030005,0,1.565126591,0.357282,21.59376832,,0,,,0,0,0,0,0,0,0.001005888,0.376748577
13,79,13079,0.000247368,2.27E-05,3.07E-05,0.000974217,4.33E-05,0.610389124,77.15679267,0.052693952,0,0,0.553662732,0.5882208,8.00427444,,0,0.042909705,,0,0,0,0,0,0,0.886743478,0
13,80,13080,0.001084614,9.96E-05,3.69E-05,0.001169061,0.00015054,2.122303152,397.0026393,0.183215158,0.003176337,0,1.92506733,0.3966348,19.29294026,,0,,,0,0,0,0,0,0,0.001669345,0.188374288
13,81,13081,0.028542481,0.002622196,0.000697671,0.022114735,0.000164583,2.320271957,79.5943521,0.2003055,0.34089477,0,2.104637943,0.6752112,3.68151118,,0,15.92074152,,0,0,0,0,0,0,0.000156021,0
13,82,13082,0.018476499,0.001697435,0.00028583,0.009060222,0.000108726,1.53280388,3.305996431,0.132324595,9.98514642,0,1.390353055,1.1370888,92.84136905,,0,0.34327764,,0,0,0,0,0,0,0,17.19621786
13,83,13083,0.005270845,0.000484232,0.000439502,0.013931309,0.000182176,2.568305891,46.88697951,0.221717887,11.98839712,0,2.329620893,1.589646,264.6809316,,0.001491389,4.53977174,,0,0,0,0,2.4038,0.2267,0.492609591,42.77980091
13,84,13084,0.007040479,0.000646808,0.000882077,0.027960039,0.000202696,2.857590672,137.7037935,0.246691396,0.712654198,0,2.59202105,0.807768,9.132483676,,0,,,0,0,0,0,0,0,2.432829334,3.948796022
14,1,14001,0.019656255,0.001805819,0.000754787,0.009839596,0.000111983,0.161657945,12.27020033,0.136289007,11.2148094,0,1.432007681,10.8593016,67.29157866,,0,,,0,0,0,0,0,0,0,21.77174726
14,2,14002,0.011074483,0.001017412,0.001860811,0.024258013,0.00014742,0.21281518,5.109950849,0.17941815,4.519028095,0,1.885171633,1.315212,32.01636665,33.42259939,0,0.95619705,,0,0,0,0,1.5493,0.1461,0.073119364,6.339770807
14,3,14003,0.005822666,0.000534928,0.00190565,0.024842543,0.00013691,0.197643106,21.07396237,0.166627026,16.77769966,0,1.750773503,1.7460216,87.42150121,221.2382459,0,63.01133978,,0,0,0,0,0.9664,0.0911,0,21.05957929
14,4,14004,0.00057085,5.24E-05,0.000231667,0.003020074,3.05E-05,0.04407212,15.06025867,0.037155894,3.76132206,0,0.390402183,1.921038,27.00016662,,0,,,0,0,0,0,1.2348,0.1164,0,5.675034934
14,5,14005,0.021939654,0.002015595,0.000807099,0.010521548,8.73E-05,0.126087962,16.78601422,0.106301012,6.81650039,0,1.11691962,1.429128,25.91744608,7.389851976,0,49.01855464,,0,0,0,0,0.6749,0.0636,0,12.97089554
14,6,14006,0.023861514,0.002192156,0.005201304,0.06780553,0.000327958,0.473439088,69.97680499,0.399142418,25.56796501,0,4.193845286,25.7677992,140.680776,244.9779725,0,22.26523493,,0,0,0,0,0,0,0,37.57372502
14,7,14007,0.001331982,0.000122369,0.00038113,0.004968509,5.14E-05,0.074226729,9.122822732,0.062578348,9.981970083,0,0.657519467,1.1267328,45.51086243,86.50782926,0,15.98976926,,0,0,0,0,0.7977,0.0752,0,11.10295616
14,8,14008,0.065076857,0.005978607,0.006994857,0.091186748,0.000372774,0.538134758,60.7342158,0.453685414,40.00021345,0,4.766936183,19.5490212,154.0608238,,0,,,0,0,0,0,0,0,0,48.43085452
14,9,14009,0,0,0.001367584,0.017828178,9.47E-05,0.136638916,3.552933004,0.115196207,6.165502341,0,1.210382686,2.112624,33.22926431,81.88721252,0,34.0045764,,0,0,0,0,1.9328,0.1823,0.05304132,10.53836998
14,10,14010,0.001389067,0.000127614,0.000291452,0.003799448,4.00E-05,0.057682761,58.81233579,0.04863062,4.267653876,0,0.510968739,4.0108788,25.23510519,,0,6.22309299,,0,0,0,0,0,0,0,5.593521732
14,11,14011,0.000627935,5.77E-05,0.000254087,0.003312339,2.95E-05,0.04254679,41.6877791,0.035869933,7.088645421,0,0.376890414,6.4859628,43.02782491,,0,18.87759705,,0,0,0,0,0,0,0,21.40965704
14,12,14012,0.000837246,7.69E-05,0.000343764,0.0044814,2.47E-05,0.035705367,6.410750628,0.030102133,5.572826311,0,0.316287331,5.0029836,24.75448659,,0,97.01161467,,0,0,0,0,0,0,0,9.985796274
14,13,14013,0.044050562,0.004046923,0.004663238,0.060791165,0.000320631,0.462861057,46.25360952,0.390224395,41.95638393,0,4.100142366,4.6332744,209.9587391,,0,,,0,0,0,0,0,0,0.002814777,51.80635912
14,14,14014,0.005232788,0.000480736,0.000792153,0.010326704,4.73E-05,0.068351048,30.15091496,0.057624736,3.688988944,0,0.605471172,2.1923652,49.8270394,,0,3.57545233,,0,0,0,0,0,0,0,10.96223863
14,15,14015,0.030502398,0.002802254,0.007338622,0.095668148,0.000337587,0.487338548,52.9570474,0.41086064,15.64431695,0,4.316970283,6.1690692,69.76467255,199.6135936,0.05070721,133.4931059,,0,0,0,0,0,0,0.082471977,25.2296231
14,16,14016,0.034498345,0.003169361,0.001718822,0.022407,0.000216938,0.313171089,44.97185083,0.264025233,24.32746727,0,2.774150105,20.8611264,205.2710745,,0,,,0,0,0,0,0,0,0.00046913,37.42914634
14,17,14017,0.003120645,0.000286693,0.001412423,0.018412709,7.39E-05,0.106746051,52.24162015,0.089994421,7.687674125,0,0.94558399,2.8085472,72.19695866,,0,,,0,0,0,0,0,0,0,22.37237086
14,18,14018,0.021330747,0.001959655,0.004790282,0.062447335,0.000364265,0.525850884,22.57102209,0.443329245,53.67434881,0,4.658122468,2.5827864,364.7861959,,0,23.63072373,,0,0,0,0,1.3882,0.1309,0.081565764,77.48044368
14,19,14019,0.000209312,1.92E-05,0.000194302,0.002532965,3.08E-05,0.04450535,41.18985177,0.037521137,0.506331816,0,0.394239846,2.6283528,10.29417516,,0,97.39588271,,0,0,0,0,0,0,0,2.570668984
14,20,14020,0.000875303,8.04E-05,0.001046239,0.013639043,5.73E-05,0.082710815,56.01375145,0.069731029,1.229662981,0,0.732673686,5.1490032,12.5559737,,0,316.8831892,,0,0,0,0,0,0,0,70.02413078
14,21,14021,0.015470025,0.00142123,0.002996728,0.039066117,0.00011374,0.164194145,25.6840194,0.138427202,13.63300078,0,1.454473996,12.2863584,70.69687473,201.6281696,0,38.66341251,,0,0,0,0,0,0,0.035066206,49.5122344
14,22,14022,0.007306875,0.000671282,0.012375517,0.1613304,0.000186578,0.269342661,37.05992582,0.227074789,6.582313606,0,2.385906606,2.9701008,36.16821878,,0,,,0,0,0,0,0,0,0.11675334,26.36480169
14,23,14023,0.053108043,0.004879033,0.01443063,0.188121378,0.000625006,0.902255493,26.48224356,0.760664778,13.40199033,0,7.99241136,4.0150212,87.24620343,2.954096785,0.004474166,53.70756751,,0,0,0,0,0,0,1.018838162,26.25317151
14,24,14024,0.011721446,0.001076849,0.002921997,0.0380919,0.000152047,0.219494141,31.48539502,0.185048984,11.79347433,0,1.944335593,8.916516,75.72561304,121.6527298,0,0.306459705,,0,0,0,0,0,0,0.010549329,20.63313654
14,25,14025,0.008391489,0.000770926,0.00228678,0.029811052,9.88E-05,0.142668033,19.33991536,0.120279176,6.220648023,0,1.263790152,5.4358644,22.51070217,,0,25.50140171,,0,0,0,0,0,0,0,6.88486246
14,26,14026,0.004719024,0.000433536,0.000717421,0.009352487,3.15E-05,0.045471092,9.997473807,0.038335326,5.280317508,0,0.402794634,5.835606,31.7266189,,0,6.60242899,,0,0,0,0,0,0,0.000825087,8.831895386
14,27,14027,0.000894331,8.22E-05,0.000560485,0.00730663,0.000102073,0.147352332,162.4297551,0.124228369,14.03262461,0,1.305284875,4.1506848,69.93336222,92.95401143,0,159.5647342,,0,0,0,0,0,0,0,68.61523943
14,28,14028,0.000475708,4.37E-05,0.000306399,0.003994291,1.20E-05,0.017256992,11.687925,0.014548857,0.95751795,0,0.15286688,1.9697112,14.82960411,,0,1.22583882,,0,0,0,0,0,0,0,3.852571342
14,29,14029,0.001636436,0.000150339,0.000919196,0.011982874,9.77E-05,0.141061472,87.80689581,0.118924733,27.05576192,0,1.249558821,4.8735336,123.5959313,,0,,,0,0,0,0,0,0,0,40.60344203
14,30,14030,0.015013345,0.001379275,0.010701534,0.13950793,0.000270851,0.390999042,10.06162507,0.329639666,6.148314906,0,3.463570139,7.0037628,35.68247694,,0.087991924,,,0,0,0,0,0,0,0,6.630884483
14,31,14031,0,0,4.48E-05,0.00058453,2.03E-05,0.029342302,35.27726968,0.024737623,1.374329214,0,0.259921667,2.7878352,10.02253774,,0,73.31968818,,0,0,0,0,0,0,0,2.953352017
14,32,14032,0.001978945,0.000181806,0.000508173,0.006624678,3.08E-05,0.044433145,39.38810929,0.037460264,1.029851066,0,0.393600235,3.3159912,21.20209174,,0,19.46414802,,0,0,0,0,0,0,0,8.245703918
14,33,14033,0.017011319,0.001562829,0.001464735,0.019094661,0.00011444,0.165205015,24.16128419,0.139279436,18.01729869,0,1.463428541,17.2458468,97.46982857,,0,,,0,0,0,0,0,0,2.469368133,16.98906739
14,34,14034,0.000266396,2.45E-05,0.000149463,0.001948435,1.12E-05,0.016182943,4.758260076,0.013643358,0.650998049,0,0.143352676,2.055666,15.00189243,,0,,,0,0,0,0,0,0,0,4.95428662
14,35,14035,0.020417388,0.001875744,0.003355439,0.043742361,0.000291496,0.420801651,33.36407954,0.35476536,53.45417313,0,3.727569322,20.5494108,135.9385606,,0,,,0,0,0,0,3.4897,0.3291,0.586697975,54.0612717
14,36,14036,0.005365986,0.000492973,0.001935543,0.02523223,0.000110045,0.158860002,18.34076931,0.133930144,10.21615687,0,1.407222779,17.3090184,74.65036302,66.34685631,0,6.9467764,,0,0,0,0,0.3298,0.0311,0.00384287,13.48828986
14,37,14037,0.010142095,0.000931754,0.00409528,0.053387113,0.000132434,0.19118076,23.25741722,0.161178814,6.220648023,0,1.693528374,2.6532072,35.44372143,156.0489641,0,3.24435823,,0,0,0,0,0,0,0.251240151,10.84554605
14,38,14038,0.000608906,5.59E-05,0.00026156,0.003409761,2.46E-05,0.035551932,29.39005325,0.029972776,4.415496446,0,0.314928159,5.1603948,30.16939087,,0,52.5580933,,0,0,0,0,0,0,0,9.63057032
14,39,14039,2.20909289,0.20294925,0.324491134,4.230149322,0.00987329,14.25303018,27.51042426,12.01630595,0,1259.776924,126.2570095,0,,,0.900798678,,,0.143334681,16.72164,3.086,0,0.744,0.0702,39.54871894,0
14,40,14040,0.000856274,7.87E-05,0.000201775,0.002630387,5.08E-05,0.073369295,45.3043331,0.061855471,3.199844563,0,0.649924094,3.1720428,31.55967398,,0,5.00189286,,0,0,0,0,2.2472,0.2119,0.00884022,5.69734381
14,41,14041,0.007877725,0.000723726,0.000336291,0.004383978,3.09E-05,0.044631709,5.943603367,0.037627667,1.735994797,0,0.395359164,3.4216224,15.63031232,,0,15.813,,0,0,0,0,0,0,0,2.75257213
14,42,14042,0.001655464,0.000152087,0.000612797,0.007988583,4.71E-05,0.067962946,30.83725586,0.057297539,3.182657128,0,0.602033267,5.0309448,20.97071999,,0,11.88468682,,0,0,0,0,0,0,0,5.25974662
14,43,14043,0.003976919,0.000365359,0.005335821,0.069559122,0.000121055,0.174754125,48.96986893,0.147330007,13.18181465,0,1.548017013,9.667326,60.04004922,23.05006855,0,1.254730243,,0,0,0,0,0,0,0.618815403,69.46126066
14,44,14044,0.056266744,0.005169223,0.001038766,0.013541622,0.00015241,0.220017627,19.22592612,0.18549032,15.55162006,16.756387,1.948972768,8.2413048,77.71395921,,0.008948331,,,0,0,0,0,1.0584,0.0998,0.226250698,15.38282829
14,45,14045,0.005480156,0.000503462,0.001382531,0.018023022,0.000108832,0.157109031,53.68538803,0.132453952,23.14659729,0,1.391712228,7.2367728,85.62019374,,0,,,0,0,0,0,0,0,0.177782073,33.92322061
14,46,14046,0.020303218,0.001865256,0.00319103,0.041599082,0.000173967,0.251137978,29.42661451,0.211726962,15.55162006,0,2.22464484,4.9895208,52.30682807,,0,,,0,0,0,0,0,0,0.015606044,11.65209773
14,47,14047,0.005289873,0.00048598,0.002436243,0.031759487,0.000132709,0.191577887,6.259809261,0.16151362,24.99247641,0,1.697046231,0.6638196,182.4219223,,0,,,0,0,0,0,0,0,0.038602294,27.02806175
14,48,14048,0.018381358,0.001688694,0.001412423,0.018412709,0.000107375,0.15500606,48.49640717,0.130681001,18.23112171,0,1.373083575,7.937874,149.0691293,,0,26.151941,,0,0,0,0,0,0,0.182192935,36.57111263
14,49,14049,0.00034251,3.15E-05,0.000194302,0.002532965,5.13E-05,0.074046216,41.21391527,0.062426163,14.05298838,0,0.655920441,24.3966648,220.7149569,,0,,,0,0,0,0,0,0,0,39.37259268
14,50,14050,0.006888252,0.000632823,0.004805228,0.062642178,0.00024281,0.35051912,28.3381723,0.295512247,9.909636967,0,3.104988572,6.6340536,80.99372306,,0,3.84031974,,0,0,0,0,0,0,0.034405293,20.4744003
14,51,14051,0.005118618,0.000470247,0.000553012,0.007209209,7.47E-05,0.1078201,5.131926437,0.09089992,5.135651275,2.893575,0.955098194,0.7021368,23.32946265,,0,2.45573882,,0,0,0,0,0,0,0,5.982211001
14,52,14052,0.001902832,0.000174813,0.000508173,0.006624678,3.18E-05,0.045967501,17.18822712,0.038753833,1.952994147,0,0.407191956,3.2238228,17.85849835,,0,,,0,0,0,0,0,0,0,10.75631054
14,53,14053,0.14084763,0.012939664,0.012338151,0.160843291,0.000891768,1.287351776,131.8592005,1.085328005,54.93708091,0,11.40369335,43.557336,411.1329043,,0.013422497,17.57,,0,0,0,0,0.8744,0.0824,0.619512147,98.38900904
14,54,14054,0.001084614,9.96E-05,0.000695002,0.009060222,3.23E-05,0.046635397,6.219214516,0.039316917,0.726507502,0,0.413108352,1.1412312,19.96835366,21.02166252,0,,,0,0,0,0,0,0,0,7.035876392
14,55,14055,0.0043004,0.000395078,0.001823446,0.023770904,0.000120098,0.173373204,29.70868884,0.146165794,4.739203781,0,1.535784465,4.1745036,38.26360967,33.49635961,0,77.29684535,,0,0,0,0,1.649,0.1555,0.05304132,9.447809141
14,56,14056,0.000133198,1.22E-05,9.72E-05,0.001266483,1.61E-05,0.023313186,20.38788223,0.019654654,0.795664282,0,0.2065142,10.5537996,45.6184323,,0,,,0,0,0,0,0,0,0,10.41824526
14,57,14057,0.001008501,9.27E-05,0.000366184,0.004773665,2.18E-05,0.031517478,8.321344285,0.026571448,0.723331165,0,0.279189929,4.3785168,13.72657086,,0,,,0,0,0,0,0,0,0.006364958,4.053951852
14,58,14058,0.007402017,0.000680023,0.002473609,0.032246596,7.99E-05,0.115329419,26.81808433,0.097230804,13.91149848,0,1.021617674,4.8849252,67.10139125,,0,67.4433066,,0,0,0,0,0,0,0.000530413,16.87923907
14,59,14059,0.003215786,0.000295434,0.004192431,0.054653595,7.32E-05,0.105690053,38.5744017,0.089104141,3.471989594,0,0.936229688,4.5452484,27.08648185,0.106030315,0,28.4264721,,0,0,0,0,0,0,0.001001892,6.31262262
14,60,14060,0.002188257,0.000201035,0.000269033,0.003507183,3.63E-05,0.052375694,12.00597286,0.04415639,3.399656478,0,0.463957377,1.5523644,25.31212491,,0,13.71069921,,0,0,0,0,0,0,0,6.285954933
14,61,14061,0.000818218,7.52E-05,0.000433442,0.005650461,0.000100398,0.144933464,206.9537796,0.122189094,1.632056107,0,1.283857928,6.586416,24.73466432,,0,145.7522624,,0,0,0,0,0,0,0,6.209589933
14,62,14062,0.000304453,2.80E-05,0.000127043,0.00165617,1.95E-05,0.02815092,13.76648962,0.023733204,3.90916463,0,0.249368095,3.2403924,20.51634047,,0,5.321621306,,0,0,0,0,0,0,0,7.5146592
14,63,14063,0.085570358,0.007861344,0.010350296,0.134929108,0.000574063,0.828714711,16.80568187,0.698664732,28.06524922,0,7.340968191,2.2192908,127.8159966,,0,,,0,0,0,0,2.6691,0.2517,0.632401606,25.75473973
14,64,14064,0.009380962,0.000861829,0.002346565,0.030590426,0.000175674,0.253601973,48.24673867,0.213804283,22.06477688,0,2.246471544,10.04532,236.2711316,,0,,,0,0,0,0,0,0,0,34.12571657
14,65,14065,0.002226314,0.000204531,0.000859411,0.0112035,6.94E-05,0.100139294,38.16390331,0.084424461,3.199844563,0,0.887059641,19.0540044,70.26709847,42.30609581,0,16.99031781,,0,0,0,0,0,0,0,25.00258738
14,66,14066,0.038950972,0.003578424,0.003153664,0.041111974,0.000284499,0.410701978,85.18267301,0.346250626,17.29396753,0,3.63810382,4.9387764,148.7759758,,0,,,0,0,0,0,2.554,0.2408,0.160427128,24.71137074
14,67,14067,0.049302379,0.004529407,0.144747214,1.88696166,0.001500643,2.16632116,62.26627785,1.826360957,7.598153574,0,19.18983036,3.101622,44.15845693,,0,8.581941,,0,5.24043,2.689,23.8,0,0,1.473143242,70.01040224
14,68,14068,0.001331982,0.000122369,0.000851938,0.011106078,6.60E-05,0.095265458,75.53324816,0.080315475,2.459325963,0,0.84388594,12.9387864,35.44942924,55.32016451,0,45.18692399,,0,0,0,0,0,0,0,129.4841506
14,69,14069,0.000247368,2.27E-05,0.00023914,0.003117496,4.94E-05,0.071374632,38.375116,0.06017383,3.199844563,0,0.632254857,6.094506,30.90188844,,0,3.11888784,,0,0,0,0,0,0,0,26.03806246
14,70,14070,0.586186447,0.053852919,0.008482012,0.110573674,0.00079082,1.141624057,16.85562139,0.962469298,2.390169183,36.006424,10.11279971,1.7667336,11.4133237,,0.049215822,,,0,0,0,0,0.8513,0.0803,0.110804407,3.596877297
14,71,14071,5.71E-05,5.24E-06,3.74E-05,0.000487109,1.89E-05,0.027320563,28.8906689,0.023033154,2.09766038,0,0.242012576,6.2726292,22.03582458,,0,21.9015823,,0,0,0,0,0,0,0,7.250384819
14,72,14072,0.005385015,0.000494721,0.000739841,0.009644752,3.73E-05,0.053837845,6.790994691,0.045389086,8.101309053,0,0.476909487,3.7053768,37.51133639,,0,,,0,0,0,0,0,0,0,8.079245379
14,73,14073,0.020702813,0.001901966,0.010238199,0.133467782,0.000358063,0.516897466,39.45400617,0.435780884,47.59519069,0,4.578810781,16.2889524,137.0051724,,0,,,0,0,0,0,0,0,0.119538391,40.80636701
14,74,14074,0.006317402,0.000580379,0.001457262,0.018997239,7.73E-05,0.111583785,4.741116121,0.094072971,5.280317508,0,0.988437885,4.1486136,15.22934769,,0,,,0,0,0,0,0,0,0,4.521837632
14,75,14075,0.001370039,0.000125865,0.000306399,0.003994291,2.21E-05,0.031932656,5.138106276,0.026921473,1.463849766,0,0.282867689,3.955992,23.32406197,12.50696719,0,9.6228882,,0,0,0,0,0,0,0,5.700775945
14,76,14076,0.000589878,5.42E-05,0.000164409,0.002143278,1.92E-05,0.027663536,18.44114438,0.023322305,0.289332466,0,0.245050725,2.2948896,10.70664433,,0,,,0,0,0,0,0,0,6.067278757,2.184553816
14,77,14077,0.009951812,0.000914272,0.003243342,0.042281035,0.000143957,0.207814984,29.08963784,0.175202634,15.71347372,0,1.840878614,8.3148324,177.0853229,144.1551287,0,,,0,0,0,0,0,0,0.012140569,42.65251233
14,78,14078,0.049949342,0.004588843,0.00257076,0.033513078,0.000163045,0.235370213,12.66812709,0.198433628,13.45395968,0,2.084969924,17.1101832,38.42423931,,0,,,0,0,0,0,0,0,0.053490339,13.86925683
14,79,14079,0.009209707,0.000846095,0.000665109,0.008670535,7.88E-05,0.11382214,56.4008729,0.095960062,5.586837409,0,1.008265807,3.9725616,32.01533026,0.787390342,0,42.32645409,,0,0,0,0,1.1428,0.1078,1.642689689,9.983994404
14,80,14080,0.00045668,4.20E-05,0.000605324,0.007891161,3.36E-05,0.04854883,39.39453715,0.040930075,1.952994147,0,0.430058027,2.340456,35.47990857,,0,,,0,0,0,0,0,0,0.412838276,10.15397088
14,81,14081,0.000380566,3.50E-05,0.000186828,0.002435543,2.20E-05,0.031734093,12.84282314,0.02675407,0.578664932,0,0.28110876,2.1706176,8.157244264,,0,12.2583882,,0,0,0,0,0,0,0,2.56037258
14,82,14082,0.017353828,0.001594295,0.003004202,0.039163539,0.000225929,0.326149936,25.4134127,0.274967313,7.326008542,0,2.88912007,2.9348904,49.67980161,2.00766097,0,29.8006721,,0,0,0,0,0.8744,0.0824,0,11.92495245
14,83,14083,0.027705235,0.002545279,0.004655765,0.060693743,0.000357437,0.515994903,14.55754735,0.435019961,17.82832154,0,4.570815652,7.0431156,122.840645,425.8269663,0,95.64984152,,0,0,0,0,2.1015,0.1982,0.833768277,27.70350588
14,84,14084,0.004547769,0.000417803,0.00292947,0.038189322,8.53E-05,0.123190737,61.90090476,0.103858447,3.217031997,0,1.091255253,1.594824,42.40670937,,0,241.8248798,,0,0,0,0,0,0,0,16.11558907
14,85,14085,0.021178521,0.00194567,0.003026621,0.039455804,0.000215519,0.311122272,64.51874196,0.262297937,7.739236429,0,2.75600116,10.6904988,109.2425313,178.901724,0.019388051,4.87660102,,0,0,0,0,0,0,0,30.35311397
14,86,14086,0.005936836,0.000545417,0.002772534,0.036143465,0.000101611,0.146684435,112.197458,0.123665286,6.943979188,0,1.299368479,7.570236,59.07250063,,0,19.25416557,,0,0,0,0,0,0,0,10.45428268
14,87,14087,0.005917808,0.000543669,0.001913123,0.024939965,9.63E-05,0.138976553,47.39538101,0.117166999,4.229695629,0,1.231090072,17.2313484,53.23978381,28.29810815,0,109.2555813,,0,0,0,0,0,0,0,19.17145896
14,88,14088,0.005061533,0.000465003,0.001561886,0.020361143,9.07E-05,0.130880568,42.62335649,0.110341516,8.245975286,0,1.159373758,7.2926952,26.3679664,,0,20.07180129,,0,0,0,0,0,0,9.006828727,18.61933143
14,89,14089,0.000190283,1.75E-05,0.000127043,0.00165617,1.84E-05,0.02656241,7.447875721,0.022393978,1.084996748,0,0.235296667,1.1733348,12.68576195,,0,,,0,0,0,0,1.0047,0.0947,0,3.066612466
14,90,14090,0.001598379,0.000146843,0.000590378,0.007696317,4.33E-05,0.06244829,12.66255144,0.052648296,6.365314256,0,0.553183024,5.8552824,31.9666458,,0,6.56641351,,0,0,0,0,0,0,0,17.4729984
14,91,14091,0.008867197,0.000814629,0.002421297,0.031564643,0.000224066,0.3234603,80.33470532,0.272699761,20.9766038,0,2.865294583,7.3703652,123.6143353,,0,,,0,0,0,0,0,0,0.037246794,36.31198645
14,92,14092,0.000856274,7.87E-05,0.000411023,0.005358196,6.08E-05,0.087765164,23.55106354,0.0739922,10.63296813,0,0.777446412,6.4497168,122.4256889,0.207450617,0,,,0,0,0,0,0,0,0,21.90388446
14,93,14093,0.109546042,0.010063989,0.014699663,0.19162856,0.000806057,1.163619502,40.62220374,0.981013003,33.49023296,0,10.30764102,32.6276136,161.2986255,,0,,,0,0,0,0,0,0,0.894041145,65.58638045
14,94,14094,0.031301588,0.002875675,0.005089207,0.066344204,0.000250913,0.362216328,70.9529858,0.305373816,6.437647373,0,3.208605453,5.2463496,42.93549656,0.9750179,0,97.13527563,,0,0,0,0,2.1705,0.2047,0.010608264,17.66004974
14,95,14095,0.000723076,6.64E-05,0.000328818,0.004286557,4.63E-05,0.066852794,2.418673521,0.056361603,7.432716528,0,0.592199257,2.3860224,31.31911497,71.91621387,0,11.74753292,,0,0,0,0,0.8667,0.0817,0,8.607313643
14,96,14096,0.003672466,0.000337389,0.001457262,0.018997239,0.00011569,0.16701014,27.33010998,0.140801283,4.050654527,0,1.4794188,6.0831144,27.24444829,,0,,,0,0,0,0,0,0,0,8.092973918
14,97,14097,0.453635165,0.041675439,0.027598299,0.359778482,0.001683407,2.43015819,60.63965909,2.048794112,43.69156465,141.241277,21.52696668,1.8371544,109.8239377,4.241212613,0.077552204,178.9858038,,0,0,0,0,2.462,0.2322,0.022143913,32.56418103
14,98,14098,0.594615993,0.054627341,0.051303094,0.668800237,0.003809763,5.499754739,81.63414844,4.636679691,7.308821108,113.54106,48.7182429,2.3880936,34.43185277,,0.234148001,,,0,0,0,0,1.1351,0.107,4.231442375,9.465827848
14,99,14099,0.000589878,5.42E-05,0.000156936,0.002045857,5.26E-05,0.0759777,57.56987424,0.06405454,4.19532076,0,0.673030018,3.453726,67.2624479,,0,,,0,0,0,0,0,0,0,12.89882071
14,100,14100,0.002930361,0.000269212,0.002794954,0.03643573,0.000192486,0.277871875,121.6127141,0.234265516,17.79394667,0,2.461460582,38.1597888,92.76349896,,0,55.81218277,,0,0,0,0,0,0,0.097864123,55.23849395
14,101,14101,0.211956464,0.019472429,0.025999048,0.338930229,0.002778378,4.010851761,52.67454825,3.381429861,1.374329214,178.423951,35.52915713,1.0159236,14.05380452,,0.256518829,,,0,0,0,0,0,0,0.256019808,3.958967521
14,102,14102,0.004909307,0.000451018,0.00052312,0.006819522,3.33E-05,0.048124625,15.16901497,0.040572441,2.603992196,0,0.426300316,2.7826572,23.51665283,,0,0.3514,,0,0,0,0,0,0,0,13.55006829
14,103,14103,0.003215786,0.000295434,0.000411023,0.005358196,4.43E-05,0.063982646,13.0301873,0.053941866,1.218421179,0,0.566774745,1.5471864,25.13884311,40.62344081,0,,,0,0,0,0,0.7977,0.0752,0.334872526,6.115292029
14,104,14104,0.000818218,7.52E-05,0.000201775,0.002630387,2.49E-05,0.035958085,14.02591934,0.030315192,3.471989594,0,0.318525967,3.3201336,17.04195253,,0,,,0,0,0,0,0,0,0,4.588764262
14,105,14105,0.004148174,0.000381093,0.001427369,0.018607552,0.000119998,0.173228795,17.01874746,0.146044046,27.70358364,0,1.534505244,4.5110736,136.3259436,,0,,,0,0,0,0,0,0,0,27.36097883
14,106,14106,0.000551821,5.07E-05,0.00011957,0.001558748,2.27E-05,0.032726911,23.72716685,0.027591086,3.688988944,0,0.289903403,1.6559244,23.18092134,,0,,,0,0,0,0,0,0,0,9.220430208
14,107,14107,0.001027529,9.44E-05,0.000777206,0.010131861,3.48E-05,0.050245647,5.983135189,0.042360611,1.446662331,0,0.445088871,5.6864796,9.549162325,,0,,,0,0,0,0,0,0,0,2.961932354
14,108,14108,0.023747344,0.002181667,0.002563286,0.033415656,0.000202896,0.292899538,69.46549049,0.246934892,13.47114711,0,2.594579491,7.6396212,121.4354507,141.9358681,0,6.1291941,,0,0,0,0,3.1063,0.2929,10.72976361,41.38327455
14,109,14109,0.011321851,0.001040138,0.000702475,0.009157643,9.37E-05,0.135203842,29.83869145,0.113986339,11.72431755,0,1.19767043,3.8141148,92.3374384,,0,,,0,0,0,0,1.7104,0.1613,0,17.22931682
14,110,14110,0.003044531,0.000279701,0.001808499,0.023576061,7.90E-05,0.114002652,23.97236264,0.096112246,10.63296813,0,1.009864833,2.1623328,77.62245437,,0,8.494098008,,0,0,0,0,0,0,0,20.52245019
14,111,14111,0.003329956,0.000305923,0.000590378,0.007696317,3.74E-05,0.054000306,2.966694171,0.045526053,5.931315557,0,0.47834861,3.0249876,19.3071427,,0,,,0,0,0,0,0,0,0.024752616,6.994690774
14,112,14112,0.003215786,0.000295434,0.00062027,0.008086004,3.10E-05,0.044740016,7.643538058,0.037718978,0.578664932,0,0.396318579,3.6857004,13.91800276,,0,0.723569063,,0,0,0,0,0,0,0.001237631,4.407461739
14,113,14113,0.004814165,0.000442277,0.000575432,0.007501474,8.09E-05,0.116845724,62.09982495,0.098509155,8.118496488,0,1.035049491,3.562464,114.9656063,,0,47.30918154,,0,0,0,0,0,0,0,26.68484827
14,114,14114,0.00464291,0.000426544,0.002040167,0.026596135,9.12E-05,0.131593593,6.66971287,0.110942645,8.407828954,0,1.165689911,1.8195492,50.04593967,100.8601849,0,,,0,0,0,0,0,0,0.228490221,7.651704344
14,115,14115,0.000742105,6.82E-05,0.000396076,0.005163352,3.08E-05,0.044397043,21.74882361,0.037429827,1.012663632,0,0.39328043,3.9777396,16.21562498,,0,2.214988473,,0,0,0,0,0,0,0,4.206081229
14,116,14116,0.011854644,0.001089086,0.002854739,0.037215104,0.000112377,0.162226559,11.23443332,0.136768388,6.871646072,0,1.437044613,7.66344,53.91837839,,0,,,0,0,0,0,0,0,0.056915302,11.47534279
14,117,14117,0.000627935,5.77E-05,0.000328818,0.004286557,2.39E-05,0.034486908,8.035778942,0.029074887,5.135651275,0,0.305493906,1.9065396,47.3267812,,0,1.14001941,,0,0,0,0,0,0,0,6.476438416
14,118,14118,0.007839668,0.00072023,0.002720222,0.035461513,0.000138373,0.199755102,46.65739163,0.168407587,12.73062851,0,1.769482106,4.0108788,72.65435516,,0,1.66915,,0,0,0,0,0,0,0.13419454,18.68797412
14,119,14119,0.011873672,0.001090834,0.00228678,0.029811052,0.000155642,0.224683875,39.26818154,0.189424294,12.16915101,0,1.990307588,5.2846668,86.44013931,12.22114634,0,,,0,0,0,0,2.1552,0.2032,9.210288538,18.51979952
14,120,14120,1.635503191,0.150253594,0.161539356,2.105868307,0.00771361,11.13532706,96.51140225,9.387863148,17.74515366,730.147307,98.63959291,11.4143832,114.6395566,15.67404661,0.338545199,285.0293615,,0,0,0,0,1.9328,0.1823,21.48987495,32.4336741
14,121,14121,0.021768399,0.001999862,0.002398877,0.031272378,0.000165058,0.238276464,35.37569396,0.200883802,9.209438868,0,2.110714242,3.6908784,96.04182972,245.6482685,0.001491389,0.69873882,,0,0,0,0,1.4189,0.1338,11.64056602,23.64498929
14,122,14122,0.000780161,7.17E-05,0.000313872,0.004091713,3.90E-05,0.056238661,60.45360542,0.047413143,1.518995447,0,0.498176532,4.6374168,41.36219558,18.41700477,0,,,0,0,0,0,0,0,0,8.734680167
14,123,14123,0.031606041,0.002903645,0.000582905,0.007598896,0.000103818,0.149870481,28.94075753,0.126351346,25.67825637,0,1.327591287,1.86408,125.0409206,,0,,,0,0,0,0,0,0,0,29.78063388
14,124,14124,0.042813722,0.003933294,0.005873887,0.076573487,0.000354693,0.512032655,48.5960712,0.431679506,15.18995447,0,4.535717032,2.1550836,104.6046607,,0.019388051,,,0,0,0,0,0,0,0,28.5313368
14,125,14125,0.016364356,0.001503393,0.001113498,0.014515839,0.000127063,0.183427749,45.20518165,0.154642481,2.169993496,0,1.62485021,0,,,0,,,0,0,0,0,0,0,0,0
15,1,15001,0.016916177,0.001554088,0.000500971,0.015879743,0.000361601,1.588619386,503.0087842,0.440087711,11.64563176,0.993696,4.624063215,4.7347632,160.8039056,,0.008926444,7.88508447,,0,0,0,0,0,0,0.001118641,0
15,2,15002,0.06277443,0.005767084,0.001699612,0.053874222,0.000537757,2.362520609,10.46794484,0.654477905,2.853246581,0,6.876691009,0.6348228,37.73444264,,0,2.937642902,,0,0,0,0,1.865,0.1759,2.379853354,0
15,3,15003,0.018057876,0.001658976,0.000387253,0.012275139,0.000265061,1.1644913,239.0080828,0.322593515,10.9223006,0,3.389535238,3.2921724,111.9329612,,0,1.29135233,,0,0,0,0,0,0,0.166957208,0
15,4,15004,0.00203603,0.00018705,0.000356519,0.011300922,8.60E-05,0.377927487,100.983051,0.104695463,1.084996748,0,1.100049896,1.0573476,28.49007743,,0,10.49734013,,0,0,0,0,0,0,0,0
15,5,15005,0.01971334,0.001811064,0.000863636,0.027375509,0.000851692,3.741726581,909.6264945,1.036552809,34.50607293,0,10.89120554,2.0473812,185.7632289,,0,0.902777805,,0,0,0,0,1.2542,0.1183,0.050338857,0
15,6,15006,0.019922652,0.001830293,0.000159819,0.00506593,5.71E-05,0.250779705,5.141888388,0.069472315,1.446662331,0,0.729955342,0.1739808,3.2622981,,0,2.981694645,,0,0,0,0,0,0,0,0
15,7,15007,0.000627935,5.77E-05,0.000221288,0.007014365,0.000128295,0.563636313,247.4611423,0.156141501,3.182657128,0,1.640600615,0.4981236,59.60174229,,0,2.821991725,,0,0,0,0,0,0,0.001677962,0
15,8,15008,0.002816191,0.000258723,0.000451796,0.014320996,0.000163382,0.717784802,223.2170675,0.198844527,0.361665583,1.518774,2.089287294,6.3647976,65.41209927,,0,,,0,0,0,0,0,0,0.006711848,0
15,9,15009,0.007687442,0.000706245,0.00107263,0.034000187,0.000316436,1.390193034,98.80450529,0.385118598,5.951679328,22.025987,4.046495046,1.52751,35.95530971,,0,14.10317867,,0,0,0,0,0.4363,0.0411,0,0
15,10,15010,0.023918599,0.0021974,0.000565513,0.0179256,0.000169409,0.744263622,16.19957333,0.206179829,1.773546003,0,2.166360344,0.7601304,23.24363214,,0,,,0,0,0,0,0.5017,0.0473,5.466993828,0
15,11,15011,0.016078931,0.001477171,0.000547072,0.01734107,0.000297423,1.306663891,18.11274018,0.361978914,1.742347471,0,3.803363151,0.38835,16.05037901,,0,,,0,0,0,0,0,0,0,0
15,12,15012,0.016097959,0.001478919,0.00030427,0.009644752,5.92E-05,0.260146175,7.15782468,0.072067064,1.663661681,0,0.757218734,0.4163112,3.606826973,,0,0.95787105,,0,0,0,0,0,0,0,0
15,13,15013,0.279050323,0.025636339,0.011310256,0.358511999,0.002991365,13.14192775,9.102309236,3.640646058,0.072333117,0,38.25277802,0.3179292,0.224902532,,0,0.1757,,0,0,0,0,0,0,1.147096351,0
15,14,15014,0.139839129,0.012847014,0.002676965,0.084854335,0.000501982,2.205350679,339.0533272,0.610937863,11.73384656,0,6.419209688,5.0651196,89.29421839,,0,3.782482725,,0,0,0,0,0.8943,0.0843,0.186190897,125.3102584
15,15,15015,0.003862749,0.000354871,0.000396474,0.012567404,0.000150571,0.661503573,139.7113791,0.183253205,1.229662981,0,1.925467087,0.54369,22.48701715,,0.00365486,1.81032997,,0,0,0,0,0.12,0.0113,0,0
15,16,15016,0.005251817,0.000482484,0.000267389,0.008475691,0.000146051,0.641644458,29.99829059,0.177751728,18.75464096,0,1.867662299,0.7911984,187.627406,,0,17.6760283,,0,0,0,0,2.094,0.1975,0,0
15,17,15017,0.000513765,4.72E-05,9.84E-05,0.003117496,4.22E-05,0.185241876,4.917232265,0.05131668,5.080505593,0,0.539191547,0.3355344,20.72444799,,0,0.54061582,,0,0,0,0,0.6871,0.0648,0.051457498,0
15,18,15018,0.015584195,0.001431719,0.000562439,0.017828178,0.000257803,1.132601351,52.40576022,0.313759193,14.46662331,0,3.296711782,0.2992884,44.04904797,,0,2.111748,,0,0,0,0,0,0,0.960129796,0
15,19,15019,0.047038009,0.004321379,0.007901812,0.250471291,0.000203434,0.89374261,9.140566691,0.247589286,1.449838668,0,2.601455303,0.3396768,8.543363111,,0,11.05109201,,0,0,0,0,0,0,0.033559238,0
15,20,15020,0.044621412,0.004099367,0.010296021,0.326362825,0.001936371,8.507035385,4.360715866,2.356663757,0,0,24.76179616,0.0217476,0.20102739,,0,1.638030931,,0,0,0,0,0,0,0.041065903,0
15,21,15021,0.003348984,0.000307671,0.000759139,0.024063169,0.000191661,0.842021012,248.4605031,0.233261097,4.484653226,0,2.450907011,1.8123,102.0431995,,0.004987293,12.39542602,,0,0,0,0,0,0,0.00542541,36.09042258
15,22,15022,0.003196758,0.000293686,0.000156745,0.004968509,8.23E-05,0.361419425,4.587780742,0.100122313,0.867997399,0,1.051999166,0.1014888,17.95966009,,0,0.08581941,,0,0,0,0,0,0,0,0
15,23,15023,0.010731973,0.000985946,0.000630055,0.019971456,0.000262148,1.151691372,32.37877727,0.319047611,0.509508153,0,3.352277933,0.165696,5.605448132,,0,,,0,0,0,0,0.6108,0.0576,0.055932063,0
15,24,15024,0.117823362,0.010824426,0.004536396,0.143794487,0.000807082,3.545744852,4.822545754,0.982260918,1.301996098,0,10.32075303,0.9651792,13.37095134,,0,,,0,0,0,0,0.8398,0.0792,0.021991409,0
15,25,15025,0.111068308,0.01020384,0.007493045,0.237514199,0.001759997,7.732172793,180.6084089,2.14200724,4.958073717,0,22.50637007,2.4108768,58.81107163,,0.039629132,12.92611336,,0,0,0,0,1.8105,0.1707,0.17720768,0
15,26,15026,0.004091089,0.000375848,7.38E-05,0.002338122,0.000136723,0.600662714,205.2292619,0.166398749,2.09766038,0,1.748374964,0.9040788,28.36922222,,0,1.89866038,,0,0,0,0,0,0,0.057610025,0
15,27,15027,0.000780161,7.17E-05,9.22E-05,0.002922652,4.50E-05,0.197767127,1.942684398,0.054786491,1.808327914,0,0.575649339,0.2112624,5.106649666,,0.001043835,,,0,0,0,0,0,0,0,0
15,28,15028,0.011968814,0.001099574,0.000411841,0.013054513,0.000152084,0.668150746,12.32461578,0.185094639,0.481078916,26.402578,1.9448153,0.1325568,5.674889718,,0,,,0,0,0,0,0.6653,0.0627,0.004764805,0
15,29,15029,0.049587804,0.004555629,0.003196377,0.101318608,0.00136342,5.989899336,16.91354041,1.659353469,1.973357918,0,17.4350593,0.1004532,31.30063783,,0,,,0,0,0,0,0,0,6.17952565,0
15,30,15030,0.021635201,0.001987625,0.001484471,0.0470547,0.000130083,0.571492063,4.72662288,0.158317742,0.072333117,0,1.663466686,0.15534,1.234285604,,0,,,0,0,0,0,0,0,0,0
15,31,15031,0.108347258,0.009953857,0.01064332,0.337371482,0.003417964,15.0161009,39.32230214,4.159839375,0.36484192,155.025045,43.70801492,0.0507444,2.048354803,,0,,,0,0,0,0,0.6217,0.0586,0.15940638,0
15,32,15032,0.000608906,5.59E-05,0.000230508,0.00730663,0.000194581,0.854848408,379.9713483,0.236814609,1.735994797,0,2.488244266,0.393528,49.13175962,,0,8.722581535,,0,0,0,0,0,0,0.084625212,0
15,33,15033,1.015313135,0.093276765,0.048926077,1.550856661,0.01078322,47.3737969,72.20743721,13.12373878,0,0,137.8929614,0.041424,1.191858663,,0,3.769128448,,0,0,0,0,2.3994,0.2262,6.157354846,0
15,34,15034,0.001389067,0.000127614,0.000202847,0.006429835,5.40E-05,0.237402956,92.64866883,0.065766617,0.07868579,0,0.69101906,0.05178,11.05023481,,0.001095525,1.38123292,,0,0,0,0,0,0,0.057162569,0
15,35,15035,0.090574806,0.008321103,0.000977354,0.030980113,0.000446931,1.963497962,8.209738969,0.543938549,2.169993496,0,5.715238517,0.642072,33.81310225,,0,0.297471646,,0,0,0,0,1.2215,0.1152,0.142609628,0
15,36,15036,0.004890278,0.00044927,0.000316564,0.010034439,0.000241584,1.06135025,43.3966046,0.294020837,12.87529475,0,3.089318117,0.4618776,131.460682,,0,,,0,0,0,0,0,0,0.044745651,0
15,37,15037,0.037124254,0.003410603,0.004926723,0.156167047,0.001499793,6.589023861,35.31678172,1.825326101,0,0,19.17895699,0.1677672,19.18962723,,0,3.907790608,,0,0,0,0,2.3994,0.2262,10.62272509,0
15,38,15038,0.000951416,8.74E-05,0.000178259,0.005650461,5.89E-05,0.258855196,26.17523961,0.07170943,0.650998049,0,0.753461023,0.6255024,10.91528427,,0,1.881078575,,0,0,0,0,0,0,0.282456919,0
15,39,15039,0.189388876,0.017399146,0.008943708,0.28349726,0.003161762,13.89053127,89.05704297,3.848028146,7.604506248,0,40.43177067,1.1060208,80.55670238,,0,34.07786524,,0,0,0,0,0,0,15.32866392,0
15,40,15040,0.006260318,0.000575135,0.0034945,0.110768517,0.000190292,0.836005595,86.22844454,0.231594674,0.940330515,0,2.433397677,1.2416844,14.15540115,,0,1.91538551,,0,0,0,0,0,0,0.007103372,0
15,41,15041,0.000266396,2.45E-05,7.99E-05,0.002532965,4.04E-05,0.177331191,68.13707656,0.049125221,0.037551206,0,0.516165574,1.5130116,11.88702648,,0,0.96766741,,0,0,0,0,0,0,0.000559321,0
15,42,15042,0.050215738,0.004613317,0.002541734,0.080567778,0.00083905,3.68618698,944.7252597,1.021166936,34.30308468,0,10.72954401,5.4824664,170.5277746,,0,0.42909705,,0,0,0,0,3.3155,0.3126,0.029367695,0
15,43,15043,0.006374487,0.000585624,0.000851343,0.026985822,0.000131821,0.579128071,60.84293545,0.160433109,2.386992846,0,1.685693147,0.191586,31.05939968,,0,3.277595395,,0,0,0,0,0,0,0.083898095,0
15,44,15044,0.008524688,0.000783163,0.00029505,0.009352487,0.00017116,0.751954566,1.328313044,0.208310415,0.14784257,0,2.188746708,0.315858,2.922197398,,0,,,0,0,0,0,0,0,0,0
15,45,15045,0.097729455,0.0089784,0.00134924,0.042768143,0.000465969,2.047136977,379.5758773,0.56710867,10.70847759,0,5.958690217,4.4147628,95.17648083,,0.011406809,0.26355,,0,0,0,0,1.1452,0.108,0.03741594,45.05873574
15,46,15046,0.001541294,0.000141599,0.000175186,0.005553039,8.62E-05,0.378916322,21.88443546,0.104969396,0.36484192,0,1.102928143,0.476376,15.17796436,,0,4.264305515,,0,0,0,0,0,0,1.761524396,0
15,47,15047,0.00283522,0.000260471,0.000270463,0.008573113,0.000397326,1.745569575,675.7641413,0.483566879,15.93869633,0,5.080904927,4.0119144,112.7331233,,0.009192069,1.774953265,,0,0,0,0,0,0,0,0
15,48,15048,0.101516091,0.009326278,0.000430281,0.013639043,0.000363783,1.598205598,233.1127441,0.442743334,28.01010354,0,4.651966218,3.4516548,122.8043647,,0,1.6505181,,0,0,0,0,0.4253,0.0401,0.344276995,0
15,49,15049,0.002911333,0.000267464,0.000193627,0.00613757,7.11E-05,0.312554464,47.52772313,0.086585484,0.940330515,0,0.909765809,0.2102268,20.30830741,,0,24.05702754,,0,0,0,0,0,0,0,0
15,50,15050,0.004585825,0.0004213,0.000614688,0.019484348,0.000140687,0.618077208,11.364557,0.171223004,10.99463371,0,1.799064086,0.8719752,109.9025336,,0,,,0,0,0,0,0,0,0,0
15,51,15051,0.487201123,0.044759142,0.002175995,0.068974591,0.000693743,3.047811173,109.7518668,0.844320707,9.199011148,0,8.871395919,2.009064,60.86352545,,0,11.36373225,,0,0,0,0,0.3708,0.035,0.541920252,0
15,52,15052,0.003368013,0.000309419,0.001822549,0.057771091,0.000150384,0.660679544,178.0096618,0.183024928,0.578664932,0,1.923068548,1.6186428,25.7597434,,0,2.25364115,,0,0,0,0,0,0,0,0
15,53,15053,0.006926309,0.00063632,0.000731479,0.023186374,0.000238859,1.049374352,6.141921051,0.290703211,1.808327914,0,3.054459352,0.6358584,5.369590546,,0,,,0,0,0,0,0,0,0,0
15,54,15054,0.060186578,0.005529338,0.015742155,0.498994146,0.001338424,5.880083645,22.6067501,1.628931748,4.773985692,0,17.11541401,1.7543064,26.72772929,,0,,,0,0,0,0,0,0,2.792444709,0
15,55,15055,0.003158701,0.00029019,0.000335005,0.01061897,6.67E-05,0.293134831,2.215824038,0.081205755,0.95751795,0,0.853240242,0.3148224,4.569581138,,0.001437248,,,0,0,0,0,0,0,0,0
15,56,15056,0.009380962,0.000861829,0.000417988,0.013249356,0.000170828,0.750498781,358.2864224,0.207907126,3.185833465,0,2.184509289,2.3373492,85.20116115,,0,2.199989135,,0,0,0,0,0,0,0.000559321,0
15,57,15057,1.003781973,0.092217398,0.039352314,1.247387944,0.005057912,22.22086722,37.53530529,6.155741695,0.07868579,0,64.67924013,0,12.54797289,,0,5.18571522,,0,0,0,0,0.9379,0.0884,37.64136498,0
15,58,15058,0.315394415,0.028975269,0.041101101,1.302820914,0.006913236,30.37183937,12.79287382,8.41376694,0.21699935,0,88.40462762,0.2309388,,,0,,,0,0,0,0,2.0177,0.1903,1.045767877,0
15,59,15059,0.007344932,0.000674779,0.000347299,0.011008656,0.00015271,0.670897512,7.843274947,0.185855563,2.968834115,0,1.95281043,0.6721044,24.91145786,,0,,,0,0,0,0,0.7853,0.074,0,0
15,60,15060,0.064448922,0.005920919,0.004760757,0.150906273,0.002055838,9.031887366,68.31850622,2.502061018,2.314659729,0,26.28950554,0.9548232,62.95682505,,0,38.7167006,,0,0,0,0,0,0,0.39311271,0
15,61,15061,0.005955864,0.000547165,0.000104497,0.003312339,5.50E-05,0.241440701,4.468098172,0.066885175,2.893324662,0,0.702771901,0.9568944,64.39794202,,0,,,0,0,0,0,1.1561,0.109,0.068237117,0
15,62,15062,0.083667526,0.007686531,0.005983986,0.189680126,0.000359913,1.581203118,38.5156594,0.438033218,1.739171134,0,4.602476365,0.2651136,29.13746172,,0,7.56304381,,0,0,0,0,1.5378,0.145,0.224068027,0
15,63,15063,0.002416597,0.000222013,0.001087997,0.034487296,0.000168834,0.741736598,203.4057269,0.20547978,2.965657778,0,2.159004825,1.8371544,61.34160331,,0.003932689,17.33731435,,0,0,0,0,0,0,0,0
15,64,15064,0.003139673,0.000288442,0.000387253,0.012275139,0.000210192,0.923435146,238.148936,0.255814869,2.531659079,0,2.687882655,1.688028,59.25767728,,0,0.478098525,,0,0,0,0,1.287,0.1214,0.00218135,0
15,65,15065,0.010408491,0.000956228,0.000906665,0.028739413,0.000193243,0.848970329,65.23566043,0.235186233,5.982877861,0,2.471134689,1.24272,82.26159106,,0,2.16579115,,0,0,0,0,2.4321,0.2293,0.77722223,0
15,66,15066,0.000551821,5.07E-05,4.61E-05,0.001461326,2.89E-05,0.126873106,43.53727624,0.035147056,0.506331816,0,0.369295041,2.9959908,9.332768729,,0,,,0,0,0,0,0,0,0,0
15,67,15067,0.016231158,0.001491156,0.000614688,0.019484348,0.00046455,2.040901819,225.0199911,0.565381373,3.471989594,0,5.940541272,1.1298396,35.55646669,,0,,,0,0,0,0,0,0,0.060476376,0
15,68,15068,0.009438047,0.000867073,0.000839049,0.026596135,0.000154579,0.679110341,30.69988002,0.188130724,2.607168532,0,1.976715868,1.4384484,21.05082311,,0,,,0,0,0,0,0.4799,0.0452,0,0
15,69,15069,0.003539268,0.000325152,0.000199774,0.006332413,2.44E-05,0.107343602,1.283702997,0.02973689,0.220175686,1.518774,0.312449669,0.0973464,2.817789875,,0,,,0,0,0,0,0,0,0.014172242,0
15,70,15070,0.203070238,0.018656052,0.008295212,0.262941273,0.001531873,6.729960407,25.20400632,1.864369085,0.144666233,0,19.58918709,0.3438192,6.050806563,,0,,,0,0,0,0,1.0361,0.0977,0.118448175,0
15,71,15071,0.009761529,0.000896791,0.000316564,0.010034439,8.23E-05,0.36136449,9.583830093,0.100107095,9.698990291,0,1.051839264,3.0198096,55.20636962,,0.002117823,,,0,0,0,0,1.6032,0.1512,0,0
15,72,15072,0.019694312,0.001809315,0.000150599,0.004773665,7.59E-05,0.333374948,7.314326202,0.092353284,3.97832141,2.105958,0.970368892,0.9237552,10.14590888,,0,,,0,0,0,0,0,0,0.132223397,0
15,73,15073,0.0227769,0.002092513,0.000267389,0.008475691,7.53E-05,0.330600715,6.595039265,0.091584752,2.025327263,0,0.962293811,0.1895148,11.5652826,,0,,,0,0,0,0,0,0,2.144826825,0
15,74,15074,0.008087036,0.000742956,0.000897444,0.028447148,0.000622355,2.73418547,1494.038401,0.757438463,9.113972685,0,7.95851201,2.8592916,158.1140675,,0,0.34733882,,0,0,0,0,0.7089,0.0668,0.096318939,0
15,75,15075,0.019789454,0.001818056,0.000731479,0.023186374,0.00014255,0.62626257,16.19059056,0.173490556,0.21699935,0,1.822889572,0.9517164,5.364608169,,0,0.17163882,,0,0,0,0,0.698,0.0658,0,0
15,76,15076,0.223849165,0.020565011,0.004358137,0.138144026,0.0004475,1.965997519,37.78140027,0.54463099,0.867997399,0,5.722514085,1.1774772,2.802307295,,0,,,0,0,0,0,0.2181,0.0206,0.033597987,0
15,77,15077,0.000380566,3.50E-05,5.22E-05,0.00165617,3.52E-05,0.154780245,48.47926416,0.042878039,0.21699935,0,0.450525559,1.5989664,6.5609223,,0,13.49390431,,0,0,0,0,0,0,0,0
15,78,15078,0.000285425,2.62E-05,1.84E-05,0.00058453,5.74E-05,0.251960814,63.06669218,0.069799512,0.072333117,0,0.733393248,2.8313304,9.390848018,,0,4.63538751,,0,0,0,0,0,0,0,0
15,79,15079,0.010027925,0.000921265,0.000242802,0.007696317,7.03E-05,0.308654057,26.02870659,0.085504973,3.261342918,0.146796,0.898412725,2.1861516,31.04268662,,0.001852198,,,0,0,0,0,0,0,0.004586429,0
15,80,15080,0.001217813,0.00011188,0.000261242,0.008280848,0.000152291,0.669057179,243.2255971,0.185345744,0,1.761552,1.947453693,3.5893896,30.45770635,,0,7.249328485,,0,0,0,0,0,0,0.011410141,0
15,81,15081,0.095769538,0.008798343,0.008501133,0.26946853,0.002020788,8.877903684,44.00619954,2.459403647,7.624870019,0,25.84129857,0.341748,98.53782585,,0,,,0,0,0,0,0,0,7.693798701,0
15,82,15082,0.009533189,0.000875814,0.002160628,0.068487482,0.000389105,1.709449607,364.3088304,0.473560735,0.867997399,0,4.975768971,4.7772228,52.37883678,,0,12.1378606,,0,0,0,0,0,0,0.257399355,30.28997501
15,83,15083,0.000818218,7.52E-05,0.000132158,0.004189135,6.87E-05,0.30181461,0.999626129,0.083610273,1.956170483,19.042076,0.878504852,0.1108092,6.708004395,,0,0.88687,,0,0,0,0,0,0,0.090149507,0
15,84,15084,0.006051006,0.000555906,0.00027661,0.008767956,0.000223341,0.981199628,28.49801348,0.27181709,12.00729735,0,2.856020233,0.9600012,163.8396025,,0,,,0,0,0,0,0.9379,0.0884,0,0
15,85,15085,0.04294692,0.003945531,0.000513264,0.01626943,0.000363427,1.596639941,419.1215174,0.442309608,7.377977888,35.319494,4.647408994,4.085442,108.7949538,,0.008800092,8.25449727,,0,0,0,0,2.5303,0.2386,0,0
15,86,15086,0.000589878,5.42E-05,0.000341152,0.010813813,0.000190579,0.837269108,346.8255964,0.231944699,6.932737386,0.293592,2.437075436,4.4665428,46.81555608,,0,21.89019539,,0,0,0,0,0,0,0.201858816,0
15,87,15087,0.00962833,0.000884554,0.000537852,0.017048804,0.000524583,2.304646257,821.8331109,0.638445247,13.74329214,0,6.708233627,1.9396788,74.67269874,,0,2.2704901,,0,0,0,0,0,0,0,0
15,88,15088,0.032272032,0.00296483,0.003174863,0.100636656,0.000514092,2.258555529,168.2059601,0.625676951,2.390169183,0,6.57407535,1.600002,34.18520427,,0,16.4330161,,0,0,0,0,0,0,0.000381795,0
15,89,15089,0.002340483,0.00021502,0.000178259,0.005650461,6.33E-05,0.277972685,4.901508748,0.077005457,3.110324011,9.208626,0.809107126,1.6900992,13.52963396,,0,,,0,0,0,0,1.0361,0.0977,0.032216868,0
15,90,15090,0.045477686,0.004178033,0.00279683,0.088653782,0.000447763,1.967151161,213.1308667,0.544950577,10.9223006,0,5.72587204,2.1354072,75.3106227,,0.01034718,9.87640907,,0,0,0,0,0,0,0.200740175,0
15,91,15091,0.030312115,0.002784772,0.001441443,0.045690796,0.000489721,2.151486604,13.53255226,0.596016153,2.748658429,0,6.262425194,1.2665388,15.25682315,,0.011604951,,,0,0,0,0,0.469,0.0442,0.005593206,0
15,92,15092,0.031301588,0.002875675,0.0021176,0.067123578,0.000304456,1.337565004,12.35054309,0.370539304,1.380681888,0,3.89330836,1.2706812,18.4786999,,0,,,0,0,0,0,0,0,0,0
15,93,15093,0.007040479,0.000646808,0.000132158,0.004189135,0.00017201,0.755690168,31.06884713,0.209345271,4.297546658,21.349408,2.199620084,4.825896,21.76500974,,0,3.472009457,,0,0,0,0,0,0,0,0
15,94,15094,0.001978945,0.000181806,0.000854416,0.027083243,0.000107856,0.473844544,35.65968816,0.131266912,1.229662981,0,1.379239825,0.3873144,13.93732388,,0,,,0,0,0,0,0.9707,0.0915,0,0
15,95,15095,0.205125297,0.01884485,0.002981236,0.094499087,0.000449176,1.973358851,24.79578855,0.546670265,3.350863469,0,5.743941033,0.642072,39.61497144,,0,0.811089558,,0,0,0,0,0,0,0.244501712,0
15,96,15096,0.00997084,0.000916021,0.000817535,0.025914183,0.000207698,0.912475551,33.53092641,0.252778784,6.454834807,0,2.655982088,1.3266036,42.14063297,,0,,,0,0,0,0,1.396,0.1316,0,0
15,97,15097,0.001959917,0.000180057,0.00030427,0.009644752,9.85E-05,0.432752929,183.7059833,0.119883496,1.825515348,5.632826,1.259632685,2.500974,85.53713695,,0,5.833204075,,0,0,0,0,0,0,0,0
15,98,15098,0.00249271,0.000229005,0.000307344,0.009742174,3.08E-05,0.135278209,8.449007019,0.037475482,1.229662981,0,0.393760138,0.2009064,7.623250795,,0,,,0,0,0,0,0,0,0.013983016,0
15,99,15099,0.102258195,0.009394455,0.010099321,0.320127834,0.001343007,5.900217438,70.28036556,1.634509317,14.99478244,25.375006,17.17401831,3.9052476,67.14829393,,0,21.763626,,0,0,0,0,1.5269,0.144,8.245508289,50.00256865
15,100,15100,0.01234938,0.001134537,0.000414914,0.013151935,0.00018212,0.800105368,8.414355372,0.221649404,1.663661681,0,2.328901331,0.1584468,4.661192017,,0,,,0,0,0,0,0,0,0,0
15,101,15101,0.160161375,0.014714017,0.002474118,0.0784245,0.000432595,1.900514626,191.8944116,0.526490574,6.437647373,0,5.531910193,1.4477688,52.86236342,,0,7.87222761,,0,0,0,0,0,0,0.013535559,0
15,102,15102,0.009704444,0.000891547,0.000150599,0.004773665,9.17E-05,0.402813184,98.51504847,0.11158943,1.522171784,0.589066,1.172485771,0.7228488,26.26272158,,0.002395652,0.60885823,,0,0,0,0,0,0,0.005593206,0
15,103,15103,0.021235606,0.001950914,0.000977354,0.030980113,0.000283962,1.247526026,14.87454226,0.345596232,1.976534255,0,3.631228009,0.1273788,22.65599436,,0,7.75430509,,0,0,0,0,0,0,0.037754143,0
15,104,15104,1.204587841,0.110665423,0.034133615,1.081965832,0.004187333,18.39616084,13.55655393,5.096201388,0.003176337,0,53.54650173,0,0.60517723,,0,5.667174761,,0,0,0,0,1.8432,0.1738,14.82061894,0
15,105,15105,0.001065586,9.79E-05,0.000132158,0.004189135,0.000203321,0.893248192,300.625016,0.24745232,0.506331816,1.470783,2.60001618,9.5399472,68.66679772,,0,11.82166407,,0,0,0,0,0,0,0,0
15,106,15106,1.163144159,0.106857994,0.035768684,1.133794197,0.004985956,21.90474196,843.355992,6.06816701,23.4391061,0,63.75908065,2.3332068,139.288743,,0,13.15746142,,0.10926234,7.56405,3.229,0,2.563,0.2417,14.80488492,122.9932967
15,107,15107,0.002321455,0.000213272,0.000915885,0.029031678,6.74E-05,0.296183741,13.37253219,0.08205038,2.025327263,0,0.862114836,1.3245324,14.49539729,,0.001974242,0.52303882,,0,0,0,0,0,0,0.00676778,0
15,108,15108,0.042090645,0.003866865,0.001788742,0.056699452,0.000744929,3.272688878,8.033545642,0.906617513,1.518995447,0,9.525957188,0.1335924,6.965785892,,0,,,0,0,0,0,0.7853,0.074,0,0
15,109,15109,0.530795006,0.04876411,0.009469266,0.300156377,0.003145919,13.82092823,22.44250354,3.828746345,0.072333117,0,40.22917408,0.1636248,4.675346219,,0,4.657183014,,0,0,0,0,0.5999,0.0566,5.299179059,0
15,110,15110,0.011626304,0.001068108,0.004438046,0.140676991,0.000334686,1.470371124,167.9618635,0.407329955,2.676325312,0,4.279872882,0.2557932,32.04135107,,0,35.46425353,,0,0,0,0,0,0,0.147362103,52.28084192
15,111,15111,0.001750606,0.000160828,0.000362666,0.011495765,0.00027292,1.199018145,617.4800569,0.332158323,4.773985692,0,3.490034018,0.8688684,148.4637337,,0,18.404436,,0,0,0,0,0,0,0,0
15,112,15112,0.008125093,0.000746452,0.000510191,0.016172009,0.000260935,1.146362647,360.9892347,0.317571419,3.203020899,0,3.336767382,1.5078336,42.63240305,,0,15.83647484,,0,0,0,0,0,0,0.030042998,0
15,113,15113,0.004795137,0.000440529,0.000839049,0.026596135,0.000332923,1.462625245,227.4880078,0.40518415,6.871646072,0,4.257326616,0.5757936,37.1975996,,0.008335607,17.27972017,,0,0,0,0,0,0,0.048101574,0
15,114,15114,0.009818613,0.000902036,0.000417988,0.013249356,0.000506652,2.225869018,1136.855327,0.616621961,16.05795187,0,6.478933307,0.2661492,163.2029897,,0,3.14959433,,0,0,0,0,0,0,0.038481259,0
15,115,15115,0.012178125,0.001118804,0.000799094,0.025329652,0.000298992,1.313558273,112.471039,0.363888832,1.735994797,0,3.823430927,0.9672504,11.46102476,,0,0.128729115,,0,0,0,0,0,0,0.139830158,0
15,116,15116,0.000418623,3.85E-05,0.000184406,0.005845304,2.47E-05,0.108607114,15.18426074,0.030086915,0,0,0.316127428,2.6635632,6.751942353,,0,,,0,0,0,0,0,0,14.02714618,0
15,117,15117,0.001503237,0.000138102,0.00028583,0.009060222,8.21E-05,0.360567928,121.4705225,0.099886427,1.157329865,0,1.049520676,1.6393548,30.13702861,,0,2.914492265,,0,0,0,0,0,0,2.43692276,0
15,118,15118,0.046581329,0.004279424,0.003104174,0.098395956,0.000911131,4.002861592,330.3745045,1.108893805,8.10448539,0,11.65130252,1.403238,84.40199801,,0,12.61302725,,0,0,0,0,0,0,1.367528122,0
15,119,15119,0.000551821,5.07E-05,0.000178259,0.005650461,0.000103499,0.454699587,160.4197545,0.125963275,0.723331165,0,1.323513771,1.9655688,18.92849097,,0,1.9174161,,0,0,0,0,0,0,0,0
15,120,15120,0.035411705,0.003253271,0.002781462,0.088166674,0.000873712,3.838467668,33.67541025,1.063352534,11.57329865,0,11.172794,0.6296448,154.2406778,,0,0.134588115,,0,0,0,0,0.3817,0.036,0.492481816,88.04390096
15,121,15121,0.628410291,0.057732021,0.018191686,0.576639272,0.003279353,14.40714295,14.57127763,3.991142637,1.012663632,0,41.93549466,0.3272496,26.08905928,,0,,,0,0,0,0,1.8214,0.1717,2.727140226,0
15,122,15122,0.095122575,0.008738906,0.008538014,0.27063759,0.002133752,9.374189303,0,2.596887304,0.654174386,0,27.2858586,0,0.224902532,,0,,,0,0,0,0,0,0,0.008054217,0
15,123,15123,0.003044531,0.000279701,0.00029505,0.009352487,0.000175937,0.772939856,125.1856332,0.214123871,3.182657128,0,2.249829499,5.0661552,69.86931004,,0,5.356264595,,0,0,0,0,0,0,0,0
15,124,15124,0.002169229,0.000199287,0.000239728,0.007598896,0.000538957,2.367794399,383.4888819,0.655938878,13.96029149,0,6.892041658,6.0302988,185.4607578,,0,15.58826342,,0,0,0,0,0,0,0,0
15,125,15125,0.001788662,0.000164324,7.38E-05,0.002338122,5.66E-05,0.248692163,40.27827729,0.068894013,2.459325963,0,0.723879043,0.1304856,4.30146399,,0,,,0,0,0,0,0,0,0,0
16,1,16001,0.003995947,0.000367107,0.00062027,0.008086004,6.30E-05,0.42044794,84.30431945,0.076731525,3.041167232,0,0.806228879,3.3688068,17.28011674,,0.000453021,3.18750171,,0,0,0,0,0,0,0,5.188171835
16,2,16002,0.005784609,0.000531432,0.001307799,0.017048804,9.70E-05,0.646599231,64.22030884,0.118004015,5.207984391,0,1.239884714,3.6484188,84.83159201,,0.000743772,77.92805812,,0,0,0,0,0,0,0,15.05530269
16,3,16003,0.001693521,0.000155584,0.000328818,0.004286557,0.000112496,0.750210212,35.36354947,0.136912964,21.80216086,0,1.438563688,1.5005844,110.9042624,,0.000880952,,,0,0,0,0,0,0,0,19.71795241
16,4,16004,0.002302427,0.000211524,0.000657636,0.008573113,7.26E-05,0.484324005,29.0855853,0.088388873,13.61581335,0,0.928714266,1.7739828,102.1500858,,0.000582311,,,0,0,0,0,1.1963,0.1128,0,15.45035036
16,5,16005,0.003558296,0.0003269,0.000553012,0.007209209,6.32E-05,0.421406914,86.48519645,0.076906537,0.433998699,0,0.808067759,0.4359876,7.567849893,,0.000406687,2.778662943,,0,0,0,0,0.4524,0.0427,0,0.233766737
16,6,16006,0.031472842,0.002891408,0.018690319,0.243651769,0.00071138,4.744048691,212.4674155,0.865786359,25.10276778,0,9.096938528,12.6415692,211.0700742,,0.005338928,24.68821975,,0,0,0,0,0.3393,0.032,0.215185703,51.37975412
16,7,16007,0.001027529,9.44E-05,8.22E-05,0.001071639,1.63E-05,0.108781106,23.24186135,0.019852494,0.940330515,0,0.208592934,0.2319744,12.10490451,,0.000114317,2.278399365,,0,0,0,0,0.6607,0.0623,0,0.951376253
16,8,16008,0.000532793,4.89E-05,0.000567959,0.007404052,0.000132359,0.882673828,251.2038559,0.161087503,1.229662981,0,1.692568958,5.10033,68.26361741,,0.000874073,,,0,0,0,0,0,0,3.806021472,4.584727469
16,9,16009,0.006355459,0.000583876,0.002510974,0.032733704,0.000200383,1.336310637,207.4823179,0.243875979,19.32247113,0,2.56243907,1.1111988,53.12958813,,0.001488555,113.0449908,,0,0,0,0,0,0,0,0
16,10,16010,0.003900806,0.000358367,0.002256888,0.029421365,0.000128814,0.859033012,149.8582584,0.156773067,1.088173085,0,1.647236573,9.7688148,59.17633244,,0.000952376,12.8281552,,0,0,0,0,4.7259,0.4456,0,0
16,11,16011,0.003425098,0.000314664,0.000747314,0.009742174,5.94E-05,0.396056622,10.49949633,0.072280123,14.03262461,0,0.759457371,0.5757936,106.5243263,0.184400548,0.000460507,,,0,0,0,0,0,0,0,17.73002907
16,12,16012,0.005499185,0.00050521,0.003273235,0.042670722,0.000237777,1.585685798,107.9714451,0.289386813,29.73843991,0,3.040627778,8.222664,161.4715606,7.053320976,0.001835958,1.0542,,0,0,0,0,0,0,0.015015346,50.85785629
16,13,16013,0.001503237,0.000138102,0.000478281,0.006234991,5.56E-05,0.370664635,81.02138315,0.067646098,1.084996748,0,0.710767031,3.3522372,57.27270946,,0.000432788,,,0,0,0,0,0,0,0,8.37211103
16,14,16014,0.002587852,0.000237746,0.001203175,0.0156849,6.93E-05,0.462142499,61.68146485,0.08434076,5.283493845,0,0.886180176,1.574112,48.86114594,,0.000589797,,,0,0,0,0,0,0,0,10.21868703
16,15,16015,0.005480156,0.000503462,0.001076132,0.01402873,0.000109213,0.728320568,82.51642224,0.132918116,1.319183532,0,1.396589257,5.5849908,55.13414442,,0.00081823,145.3941945,,0,0,0,0,0,0,0.004223066,6.636075886
16,16,16016,0.01326274,0.001218447,0.000418496,0.005455617,0.000114928,0.766429395,88.47011031,0.139872956,14.75424298,0,1.469664742,5.685444,47.99703574,,0.001014491,25.9373032,,0,0,0,0,0.7321,0.069,0.044878455,18.38421351
16,17,16017,0.003577324,0.000328649,0.000358711,0.004676243,0.000196981,1.313628796,218.0159868,0.239736555,11.43816142,0,2.518945564,2.6086764,128.017887,,0.001381117,,,0,0,0,0,1.6547,0.156,0.055033924,12.75569038
16,18,16018,0.000475708,4.37E-05,0.000149463,0.001948435,4.82E-05,0.321256582,29.2340776,0.058629155,3.471989594,0,0.616024744,0.5499036,7.66717321,,0.000381395,,,0,0,0,0,0,0,0,2.368473835
16,19,16019,0.011245738,0.001033145,0.00202522,0.026401291,0.000107944,0.719856572,32.27148567,0.131373441,6.874822409,0,1.380359143,3.930102,24.90230319,90.67896967,0.000908672,7.26803479,,0,0,0,0,0,0,0,3.747516366
16,20,16020,0.011474077,0.001054123,0.002750115,0.0358512,0.000158568,1.057457422,69.3287863,0.192985416,6.00682501,0,2.027724795,1.0894512,22.04839862,,0.001178987,3.4936941,,0,0,0,0,0,0,0.104895417,5.083067411
16,21,16021,0.0173348,0.001592547,0.000560485,0.00730663,6.74E-05,0.449759215,127.4769929,0.082080817,1.449838668,0,0.862434641,1.24272,22.51982479,,0.000468398,37.77761978,,0,0,0,0,0,0,0,6.375126971
16,22,16022,0.003748579,0.000344382,0.000478281,0.006234991,0.000120192,0.801536215,86.7023999,0.146279932,6.368490593,0,1.536983734,2.0825916,40.25783029,,0.0007636,3.94769286,,0,0,0,0,0.6904,0.0651,0.072395417,8.828771632
16,23,16023,0.002663965,0.000244738,0.000455861,0.005942726,5.73E-05,0.381922166,8.640881134,0.069700592,11.21163306,0,0.732353881,0.4204536,74.10175601,,0.000519183,,,0,0,0,0,0.7797,0.0735,0.005496689,3.591671875
16,24,16024,0.011531162,0.001059367,0.001360111,0.017730756,9.78E-05,0.652061218,187.0201067,0.119000825,2.603992196,0,1.250358334,0.9620724,18.16197627,,0.000629454,27.06353467,,0,0,0,0,0,0,0,3.031718994
16,25,16025,0.05337444,0.004903507,0.001517047,0.019776613,0.000191086,1.274310827,260.9837507,0.232561047,2.242326613,0,2.443551491,0.8792244,29.65784211,,0.001286021,85.89145056,,0,0,0,0,0,0,0.006074953,0.791907472
16,26,16026,0.000532793,4.89E-05,0.000201775,0.002630387,3.16E-05,0.210557526,63.16177324,0.038426636,0.726507502,0,0.40375405,5.467968,51.95397188,,0.00024381,,,0,0,0,0,0,0,0,3.194812066
16,27,16027,0.00045668,4.20E-05,0.000179355,0.002338122,3.20E-05,0.213184283,20.57227509,0.038906018,3.402832814,0,0.408790982,0.8295156,11.77675301,,0.000299046,,,0,0,0,0,0,0,0,2.045911981
16,28,16028,0.001997974,0.000183554,0.000433442,0.005650461,3.18E-05,0.212016836,8.31712323,0.03869296,12.94762786,0,0.406552345,0.952752,29.07994894,,0.000320696,,,0,0,0,0,0,0,0,6.458485652
16,29,16029,0.002911333,0.000267464,0.000911723,0.011885452,8.35E-05,0.556997622,136.3418703,0.101651769,0.871173735,0,1.068069377,5.1200064,64.11601504,,0.000570576,,,0,0,0,0,0,0,0,12.01814726
16,30,16030,0.003025503,0.000277953,0.000597851,0.007793739,7.32E-05,0.488284988,12.52250418,0.08911175,19.80167946,0,0.93630964,0.8429784,115.5432882,,0.000656769,,,0,0,0,0,0.9226,0.087,0,6.947764868
16,31,16031,0.001084614,9.96E-05,0.000269033,0.003507183,0.000100091,0.667488205,121.1210815,0.121816242,12.07963046,0,1.279940314,2.0370252,77.88280803,,0.000742962,,,0,0,0,0,0,0,0.010457116,5.353077053
16,32,16032,0.00306356,0.000281449,0.000313872,0.004091713,7.90E-05,0.526769067,113.1530345,0.096135074,4.787589749,0,1.010104687,0.8326224,54.24263722,,0.000576646,29.90319249,,0,0,0,0,1.2499,0.1179,0,0
16,33,16033,0.003653438,0.000335641,0.001890704,0.0246477,0.00012732,0.849068013,76.73844145,0.15495446,6.292981139,0,1.628128213,5.8480332,61.24227434,10.64913167,0.000973013,,,0,0,0,0,0.994,0.0937,0,20.42287691
16,34,16034,0.114588547,0.010527244,0.009206906,0.120023582,0.000689085,4.595365892,528.5732748,0.838651827,10.41596878,0,8.811832203,4.442724,67.9701683,,0.004651405,27.74265512,,0,0,0,0,0,0,0.074808932,15.28182085
16,35,16035,0.006222261,0.000571639,0.003288181,0.042865565,0.000194418,1.296534027,276.7186505,0.236616769,6.255022892,0,2.486165533,11.9342544,118.5547855,,0.001437162,,,0,0,0,0,1.857,0.1751,0.472949875,10.6898448
16,36,16036,0.002625908,0.000241242,0.00076226,0.009937017,6.59E-05,0.439669131,9.538566663,0.080239382,2.603992196,0,0.843086427,1.5606492,14.59691771,,0.000585953,,,0,0,0,0,0,0,0.000140709,2.930238861
16,37,16037,0.00192186,0.000176561,0.000216721,0.00282523,4.45E-05,0.296906959,30.80471756,0.054185362,1.956170483,0,0.569333186,2.3031744,21.93182804,,0.000454639,,,0,0,0,0,0,0,0,10.65360189
16,38,16038,0.009590274,0.000881058,0.004655765,0.060693743,0.000248343,1.656149604,152.2645738,0.30224642,8.17364217,0,3.17574547,12.2739312,129.5481712,,0.002078352,0.005022,,0,0,0,0,0,0,0.93195693,14.45004618
16,39,16039,0.000399595,3.67E-05,0.000134516,0.001753591,4.67E-05,0.311666833,39.17989114,0.056879031,2.242326613,0,0.597635945,0.7425252,11.75906884,,0.000316852,2.99595734,,0,0,0,0,0.2857,0.0269,0.047727349,1.612809268
16,40,16040,0.009342905,0.000858332,0.001539466,0.020068878,9.09E-05,0.606405676,55.72206973,0.110668713,14.77949588,0,1.162811664,2.5382556,69.94225688,,0.000646248,0.34327764,,0,0,0,0,0.7083,0.0668,0.144656769,12.34433341
16,41,16041,0.006716997,0.00061709,0.000478281,0.006234991,6.73E-05,0.448591767,36.44336894,0.081867759,4.852671482,0,0.860196005,0.7083504,22.69232316,,0.000497736,,,0,0,0,0,0.5535,0.0522,0.063156941,0.878890444
16,42,16042,0.001883804,0.000173065,0.000582905,0.007598896,7.69E-05,0.512718,12.0320519,0.093570762,10.72884136,0,0.9831611,1.123626,79.04597375,,0.000659197,,,0,0,0,0,0,0,0.081478361,7.020250678
16,43,16043,0.060091437,0.005520597,0.005193831,0.067708108,0.000399415,2.663615249,22.53123391,0.486108364,7.03349974,0,5.10760866,0.533334,21.28084205,,0.002733907,,,0,0,0,0,0,0,0.919528339,3.914233728
16,44,16044,0.00192186,0.000176561,0.000553012,0.007209209,7.61E-05,0.507547875,27.93559786,0.092627217,8.245975286,0,0.973247139,5.5994892,72.58373044,,0.000707352,3.14635528,,0,0,0,0,0.4583,0.0432,0.108335733,12.576288
16,45,16045,0.017886621,0.001643243,0.004827647,0.062934443,0.000189948,1.266722417,30.54533984,0.231176166,2.893324662,0,2.429000355,2.1064104,50.73205015,,0.00160874,,,0,0,0,0,0,0,0.074563978,10.44339304
16,46,16046,0.001255869,0.000115377,0.000530593,0.006916943,7.28E-05,0.485157896,36.24568197,0.088541058,0.072333117,0,0.930313292,1.7377368,8.507719412,,0.000544475,0.34327764,,0,0,0,0,0,0,0,3.174878469
16,47,16047,0.003158701,0.00029019,0.000657636,0.008573113,0.00011449,0.763510776,98.41604453,0.13934031,0.378853017,0,1.464068151,1.5451152,30.28326803,,0.000810946,8.293291065,,0,0,0,0,0,0,1.167342584,5.492612236
16,48,16048,0.000989473,9.09E-05,0.000201775,0.002630387,2.89E-05,0.192920727,15.00676302,0.03520793,0.578664932,0,0.369934651,0.5602596,10.1725483,,0.000242191,0.34327764,,0,0,0,0,0.619,0.0584,0,2.120209936
16,49,16049,0.001331982,0.000122369,0.00076226,0.009937017,9.50E-05,0.633757307,136.3713819,0.115660371,1.305172435,0,1.215259715,1.8236916,57.02299102,,0.000654139,36.12692833,,0,0,0,0,0,0,0,17.69197402
16,50,16050,0.017715367,0.00162751,0.00433442,0.056504609,0.000444843,2.966567919,251.7675657,0.541397065,23.58377233,0,5.688534784,4.9149576,138.3411889,,0.003049747,0.34495164,,0,0,0,0,2.8212,0.266,0.058732223,19.98977419
16,51,16051,0.009818613,0.000902036,0.001128444,0.014710683,6.62E-05,0.441378608,9.701234831,0.080551361,3.037990895,0,0.84636443,7.9078416,10.88231893,,0.000561471,,,0,0,0,0,0,0,0,3.200248502
16,52,16052,0.15296867,0.014053224,0.031514224,0.410827473,0.001007927,6.72166335,253.8181574,1.22669998,7.311997445,0,12.8891085,6.4020792,21.603746,,0.008138795,,,0,0,0,52.5,2.1487,0.2026,11.35878519,5.122934607
16,53,16053,0.393772068,0.03617582,0.120205428,1.567028669,0.004475565,29.84663358,361.5359474,5.446994727,9.302542797,607.308226,57.23233647,3.6422052,108.8171734,,0.032992014,90.13748429,,0.084301497,2.33181,1.016,0,2.6129,0.2464,14.50290016,39.66061082
16,54,16054,0.00192186,0.000176561,0.00023914,0.003117496,4.98E-05,0.331847,47.60891199,0.060561901,2.538011753,0,0.636332373,1.7822676,17.33901782,,0.000431978,0.34327764,,0,0,0,0,0,0,0,8.564198426
16,55,16055,0.009000396,0.000826866,0.005036895,0.065662252,0.000244948,1.633509458,103.8657609,0.298114606,8.321484739,0,3.132331915,4.1879664,83.01542567,,0.001854168,,,0,0,0,0,2.4344,0.2295,0.27512974,21.32170095
16,56,16056,0.030426285,0.002795261,0.000717421,0.009352487,0.000162119,1.081139932,335.6853797,0.197307462,3.130687783,0,2.073137132,1.1992248,31.64842609,,0.000952578,8.57575566,,0,0,0,0,0,0,0,6.681379517
16,57,16057,0.001065586,9.79E-05,0.000388603,0.00506593,4.62E-05,0.308331269,66.88065732,0.056270292,0.144666233,0,0.591239842,3.2486772,37.28173066,,0.000348415,,,0,0,0,0,0,0,0,0.869829717
16,58,16058,0.035906441,0.003298723,0.00395329,0.0515361,0.000101786,0.678787431,61.29685357,0.123878345,8.324661076,0,1.301607116,0.838836,13.18494307,,0.000704317,3.32779046,,0,0,0,0,0,0,0.003701256,0
16,59,16059,0.000285425,2.62E-05,0.00026156,0.003409761,4.65E-05,0.310040746,55.57825481,0.056582271,1.952994147,0,0.594517845,2.4378024,14.23938421,29.87288884,0.000371683,17.4181919,,0,0,0,0,1.5416,0.1454,0,10.52675173
16,60,16060,0.001465181,0.000134606,0.000463335,0.006040148,5.84E-05,0.389385493,12.99392621,0.071062645,5.207984391,0,0.746665163,1.0832376,55.22015483,,0.000443107,,,0,0,0,0,0,0,0.091600312,8.411978226
16,61,16061,0.003919834,0.000360115,0.000411023,0.005358196,0.000139142,0.927912425,288.908693,0.169343523,1.301996098,0,1.779316116,0.4411656,20.11910623,,0.000832798,7.973311163,,0,0,0,0,0.6904,0.0651,0.069311909,0.251888189
16,62,16062,0.00452874,0.000416055,0.001673983,0.02182247,0.000110514,0.736993036,30.44299246,0.134500836,24.39344771,0,1.413219126,1.0480272,153.7620163,,0.00086942,,,0,0,0,0,0,0,0,24.55638021
16,63,16063,0.002245342,0.000206279,0.000538066,0.007014365,9.41E-05,0.627628206,59.18770747,0.114541813,2.462502299,0,1.203506874,2.7795504,60.99746333,,0.000799817,3.44902112,,0,0,0,0,0.8333,0.0786,0.018434018,1.395351838
16,64,16064,0.002625908,0.000241242,0.00116581,0.015197791,0.000138836,0.925869392,105.8043618,0.168970671,11.28396618,0,1.775398502,6.0334056,149.7697981,,0.001053946,23.26250932,,0,0,0,0,0.625,0.0589,0,29.63763548
16,65,16065,0.044202789,0.004060908,0.003744042,0.048808291,0.000198651,1.324761244,226.6573838,0.241768221,2.135211586,0,2.540292561,0.6327516,31.99748087,,0.001358253,38.51615009,,0,0,0,0,0,0,0.037638914,6.251901094
16,66,16066,0.041405626,0.003803933,0.013862671,0.180717326,0.000512529,3.417953222,351.1149745,0.623774642,6.01635402,0,6.554087526,1.263432,42.34843737,,0.003428714,37.81344087,,0,0,0,0,2.1903,0.2065,0.896040316,0
16,67,16067,0.001940889,0.000178309,0.000425969,0.005553039,9.72E-05,0.648100235,42.43725862,0.118277948,14.99649523,0,1.242762961,1.506798,171.0042573,,0.000804876,,,0,0,0,0,0,0,0,26.65846869
16,68,16068,0.003196758,0.000293686,0.002055113,0.026790978,0.000134072,0.894098137,63.08052628,0.163172434,8.535307752,0,1.714475614,1.5099048,52.37949672,49.64984765,0.000932547,13.37982623,,0,0,0,0,0,0,0.012166452,9.087908402
16,69,16069,0.060243663,0.005534582,0.010559544,0.137656917,0.000579759,3.866294822,31.99461804,0.705596745,16.41961746,0,7.413803823,4.4706852,53.8028309,,0.004438552,,,0,0,0,0,1.0476,0.0988,0.330451764,13.45880273
16,70,16070,0.021540059,0.001978884,0.001180756,0.015392635,9.26E-05,0.617663207,7.883133153,0.112723206,3.833655177,0,1.184398514,0.8937228,22.12218665,,0.000755304,43.9291871,,0,0,0,0,0,0,0,0.043491486
16,71,16071,0.014651807,0.001346061,0.004663238,0.060791165,0.000382152,2.548496569,107.3916147,0.465099266,30.10776392,0,4.886863129,4.5390348,279.2726972,,0.003028906,1.757,,0,0,0,0,0,0,0.278674402,54.11790559
16,72,16072,0.00272105,0.000249983,0.000926669,0.012080296,7.41E-05,0.494455783,51.2137613,0.090237917,9.840480187,0,0.948142432,1.6269276,38.36522949,,0.000552568,4.21733463,,0,0,0,0,0,0,0,12.27003545
16,73,16073,0.065019772,0.005973363,0.003893505,0.050756726,0.00014265,0.951303073,105.0471939,0.173612304,0.474726242,0,1.824168793,0.528156,25.48111895,,0.001043223,10.49086233,,0,0,0,0,0,0,0,0
16,74,16074,0.00272105,0.000249983,0.000567959,0.007404052,5.72E-05,0.38158861,22.79275768,0.069639718,2.748658429,0,0.73171427,1.284144,14.82390249,,0.000473052,,,0,0,0,0,0,0,0,3.765637818
16,75,16075,0.019694312,0.001809315,0.005672112,0.0739431,0.00031074,2.072261309,149.8602119,0.378186585,5.93766823,0,3.973659414,3.6794868,75.45434086,111.1935307,0.00245044,35.19225148,,0,0,0,0,0.2381,0.0224,0.004588333,9.600745506
16,76,16076,0.058854596,0.005406969,0.008616528,0.112327265,0.00038908,2.594694142,27.13785731,0.473530298,2.893324662,0,4.975449166,1.9842096,41.60462801,0.32270096,0.002901842,,,0,0,0,0,0,0,0.445777992,5.052260942
16,77,16077,0.003120645,0.000286693,0.001016347,0.013249356,9.75E-05,0.649934796,64.17026273,0.118612754,2.896500999,0,1.246280818,3.427836,76.75429358,,0.000893092,,,0,0,0,0,0,0,0,11.70645828
16,78,16078,0.002321455,0.000213272,0.000478281,0.006234991,7.10E-05,0.473608503,14.90439693,0.086433299,10.27130255,0,0.908166783,1.517154,39.51121795,,0.000559447,,,0,0,0,0,0,0,0,1.533074877
16,79,16079,0.020988238,0.001928188,0.00295189,0.038481587,0.00023687,1.579640087,337.3563429,0.288283474,7.220764101,0,3.02903484,1.2365064,54.04467818,1.613504798,0.001505955,91.59165873,,0,0,0,0,0.869,0.0819,0,0
16,80,16080,0.000399595,3.67E-05,5.23E-05,0.000681952,9.83E-05,0.655396783,128.5329167,0.119609564,4.918651925,0,1.256754438,0.2578644,47.05812781,,0.000676395,1.805332905,,0,0,0,0,0.6488,0.0612,0.05506744,4.521302385
16,81,16081,0.000266396,2.45E-05,8.97E-05,0.001169061,4.57E-05,0.304995704,73.17139049,0.055661553,0.003176337,0,0.584843738,1.8216204,17.48187661,,0.00033405,0.17163882,,0,0,0,0,0,0,0,2.401092449
16,82,16082,0.01257772,0.001155514,0.004969637,0.064785456,0.000376763,2.512555859,393.3022535,0.458540106,12.62668982,0,4.817945111,1.60518,48.65188513,147.9998801,0.002607045,24.39590841,,0,0,0,0,0,0,0.112816192,24.31536489
16,83,16083,0.00306356,0.000281449,0.001307799,0.017048804,0.0001608,1.07234238,249.5740977,0.195701913,34.57522971,0,2.056267408,1.5502932,55.95519315,,0.001105743,55.52456266,,0,0,0,0,0,0,0,32.85238114
16,84,16084,0.006697969,0.000615342,0.001120971,0.014613261,0.000146264,0.975402528,136.065311,0.178010442,4.556986342,0,1.870380643,1.5471864,36.97369321,,0.001046865,23.39721334,,0,0,0,0,0,0,0,0.574450043
16,85,16085,0.017201602,0.00158031,0.002107425,0.02747293,0.000180926,1.206557167,83.51465434,0.22019604,12.84051283,0,2.313630634,1.8288696,60.79190674,,0.001535496,5.17098133,,0,0,0,0,0,0,0.070232088,4.958029389
16,86,16086,0.002302427,0.000211524,0.000874357,0.011398343,8.99E-05,0.599734546,14.89048486,0.109451235,14.10495773,0,1.150019457,0.80259,116.4879013,,0.000681858,,,0,0,0,0,0.3274,0.0309,0,20.09669076
16,87,16087,0.006869224,0.000631075,0.000343764,0.0044814,7.39E-05,0.492621222,56.23638596,0.089903111,0.505924775,0,0.944624574,0.8481564,17.90275015,97.6861905,0.000603353,2.97065528,,0,0,0,0,0.8511,0.0803,0.00502746,4.544860274
16,88,16088,0.00985667,0.000905532,0.001076132,0.01402873,0.000347378,2.316591429,93.7183064,0.422776702,11.51049454,0,4.442174015,3.1409748,62.48324435,,0.002542299,,,0,0,0,0,0,0,0.734726282,15.32712448
16,89,16089,0.007839668,0.00072023,0.003011675,0.039260961,0.000134066,0.894056443,54.02266575,0.163164824,19.02360965,0,1.714395662,16.554066,251.8528455,70.07220838,0.001134272,10.053402,,0,0,0,0,0,0,0.371870634,47.27162085
16,90,16090,0.013795532,0.001267395,0.001711349,0.022309578,8.24E-05,0.549450907,113.6283612,0.100274498,5.596366419,0,1.053598192,0.9558588,25.63374055,,0.000506436,26.42271117,,0,0,0,0,0.4524,0.0427,0.010054919,4.713389781
16,91,16091,0.00804898,0.000739459,0.001061186,0.013833887,7.46E-05,0.497499486,37.61285657,0.090793391,13.96029149,0,0.953978876,1.9231092,20.08746777,18.20955415,0.000627633,41.42988869,,0,0,0,0,1.738,0.1639,0,1.513141279
16,92,16092,0.001236841,0.000113629,0.000822045,0.010716391,8.16E-05,0.543863836,111.0941966,0.09925486,0.867997399,0,1.042884719,7.596126,45.72665084,,0.000608816,,,0,0,0,0,0,0,0,2.718217867
16,93,16093,0.02074087,0.001905463,0.00088183,0.011495765,0.000161894,1.079638928,261.7270607,0.197033529,2.459325963,0,2.070258885,1.1671212,20.76580382,,0.001132855,0.570381165,,0,0,0,0,0,0,0,0.143159474
16,94,16094,0.001503237,0.000138102,0.000194302,0.002532965,3.96E-05,0.264093341,16.69727633,0.048196894,2.751834765,0,0.506411515,2.6438868,16.70858798,,0.000398796,,,0,0,0,0,0,0,0,3.174878469
16,95,16095,0.009057481,0.00083211,0.000814572,0.01061897,5.89E-05,0.392846141,10.43115267,0.071694211,2.025327263,0,0.753301121,1.5813612,19.87512881,55.96556643,0.000533954,7.3471582,,0,0,0,0,0.869,0.0819,0,3.424954512
16,96,16096,0.000494736,4.55E-05,0.000149463,0.001948435,5.02E-05,0.335057481,83.36736785,0.061147812,1.591328564,0,0.642488623,5.9433084,61.34979117,,0.000355699,13.30703055,,0,0,0,0,0,0,0,3.165817742
16,97,16097,0.005632383,0.000517447,0.002219522,0.028934256,0.000188553,1.25742453,298.4274562,0.229479307,4.339986993,0,2.411171216,5.2287444,42.23581811,71.54741277,0.001432306,7.81314162,,0,0,0,0,0,0,0.002010984,12.50742648
16,98,16098,0.003196758,0.000293686,0.001531993,0.019971456,0.000154116,1.027770895,108.3653205,0.187567641,2.824167882,0,1.970799472,2.4315888,44.42810647,,0.001126179,18.32852815,,0,0,0,0,0.2738,0.0258,0.069010261,8.645744962
16,99,16099,0.000951416,8.74E-05,0.000612797,0.007988583,9.11E-05,0.607656512,135.5061868,0.11089699,1.663661681,0,1.165210203,5.1862848,84.81275905,,0.000709982,4.11933168,,0,0,0,0,0,0,0,13.31020682
16,100,16100,0.030578511,0.002809246,0.00088183,0.011495765,7.72E-05,0.515011201,80.24544571,0.09398927,1.808327914,0,0.987558421,0.4390944,22.02513319,,0.000517565,15.86457845,,0,0,0,0,0,0,0.427401092,0
16,101,16101,0.00011417,1.05E-05,5.23E-05,0.000681952,5.64E-05,0.376126623,100.7823715,0.068642908,0.723331165,0,0.721240651,2.4357312,34.36498007,,0.000400415,1.11565233,,0,0,0,0,0,0,0,8.745412951
16,102,16102,0.186896166,0.017170141,0.045070497,0.587550507,0.001801692,12.01512125,510.9349148,2.192753228,27.5336645,0,23.03956527,0.9020076,62.42318065,11.0640329,0.012824596,80.94192505,,0,0,0.09,0,0.5535,0.0522,1.890653456,34.20605364
16,103,16103,0.006964365,0.000639816,0.002017747,0.026303869,0.000127976,0.853445941,19.62642189,0.15575343,32.55307878,0,1.636523099,1.4322348,114.3547299,,0.001076203,,,0,0,0,0,0,0,0.05815459,19.73607386
16,104,16104,0.001312954,0.000120621,0.000418496,0.005455617,9.04E-05,0.602778249,35.49060449,0.110006709,7.019488642,0,1.155855901,1.1733348,91.77257666,0.737602194,0.000797187,,,0,0,0,0,1.1011,0.1038,0,17.35129072
16,105,16105,0.000608906,5.59E-05,0.000919196,0.011982874,0.000107644,0.717855233,13.75873344,0.131008198,18.87894342,0,1.376521481,53.9195496,164.4472683,,0.000834821,,,0,0,0,0,0.8452,0.0797,0,31.18883181
16,106,16106,0.020436416,0.001877493,0.002249415,0.029323943,0.000161869,1.079472149,24.2205176,0.197003092,12.5308166,0,2.06993908,4.8290028,73.82408734,,0.001170085,,,0,0,0,0,1.7261,0.1628,0.002440993,11.14469325
16,107,16107,0.075409235,0.006927843,0.005687058,0.074137943,0.000446856,2.979993567,96.49870589,0.543847238,11.37218098,0,5.714279102,2.6387088,78.6551562,,0.003400994,128.4944164,,0,0,0,0,1.113,0.105,0.610575376,22.65181556
16,108,16108,0.120068704,0.011030706,0.017853327,0.232740534,0.00109689,7.314935239,50.42210156,1.334971784,21.30666381,0,14.0267355,11.2642212,104.4504025,,0.008227618,,,0,0,0,0,1.5594,0.147,0.924793563,12.5962216
16,109,16109,0.002359512,0.000216768,0.000209248,0.002727809,1.86E-05,0.124124704,5.377249995,0.022652692,4.849495145,0,0.238015011,1.6714584,27.52847071,,0.000186348,,,0,0,0,0,0,0,0,4.291159939
16,110,16110,0.009989868,0.000917769,0.002742642,0.035753778,0.000246536,1.644099876,138.75033,0.300047351,32.14897286,0,3.152639545,1.8361188,84.92250654,,0.00206601,7.70696755,,0,0,0,0,1.2797,0.1207,0.115229372,20.06769644
16,111,16111,0.002530767,0.000232501,0.000978981,0.012762248,9.07E-05,0.604862977,81.82801371,0.110387171,2.896500999,0,1.159853466,0.559224,12.22505578,17.42585182,0.000597486,55.55643878,,0,0,0,0,1.6547,0.156,0.004021968,5.200856852
16,112,16112,0.04045421,0.003716526,0.011575891,0.150906273,0.000858081,5.722369839,736.5183873,1.044329447,2.555199187,0,10.97291576,4.0823352,61.91103121,,0.005905052,7.963823925,,0,0,0,0,1.0595,0.0999,0.201656295,16.09728621
16,113,16113,0.003919834,0.000360115,0.001561886,0.020361143,0.00014165,0.944631943,37.24421113,0.172394826,23.50826288,0,1.811376586,2.309388,215.3060337,,0.001180403,,,0,0,0,0,0.6607,0.0623,0,33.12057864
17,1,17001,0.002093115,0.000192294,0,0.017146226,9.28E-05,0,50.60197757,0.112898219,2.462502299,0,1.186237394,1.196118,25.40884959,8.66221576,0,,,0,0,0,0,0.6186,0.0583,0.05521699,3.14058679
17,2,17002,0.002226314,0.000204531,0,0.014320996,8.83E-05,0,19.03867749,0.107442397,5.731503642,0,1.128912314,0.5095152,17.7581208,,0,,,0,0,0,0,0.4164,0.0393,0.149317004,3.914711609
17,3,17003,0.011702417,0.0010751,0,0.028447148,0.000191311,0,87.25411806,0.232834979,10.72248868,0,2.446429738,1.3058916,79.19231562,45.17813435,0,,,0,0,0,0,0.579,0.0546,0.010343403,11.26176559
17,4,17004,0.059786984,0.005492627,0,0.047931496,0.000440123,0,157.3382054,0.535652092,17.4558212,0,5.628171555,1.620714,96.45391404,67.82252169,0,,,0,0,0,0,0.4362,0.0411,0.029051125,18.06550584
17,5,17005,0.001084614,9.96E-05,0,0.011885452,4.88E-05,0,39.42252924,0.059420516,1.663661681,0,0.624339679,0.8098392,14.47053871,,0,,,0,0,0,0,0,0,0.009501178,1.993014821
17,6,17006,0.080622995,0.00740683,0,0.464604273,0.0010355,0,72.04787585,1.260256706,9.330972034,0,13.24169372,1.4260212,61.09250751,69.05800537,0,,,0,0,0,0,0.5472,0.0516,0.382152452,11.16451373
17,7,17007,0.185678353,0.017058261,0,1.335359774,0.002247855,0,60.98303759,2.735755841,0.302037813,0,28.74496977,0.6907452,9.459727408,,0.15361302,4.969232187,,0.047248144,0,0,0,0.809,0.0763,9.290668786,1.527502576
17,8,17008,0.037314537,0.003428085,0,0.071799822,0.000476029,0,46.53591286,0.579351929,1.088173085,49.184188,6.087331854,0.6555348,6.362814883,6.836650331,0,,,0,0,0,0,0.6147,0.058,7.169488998,0.317689415
17,9,17009,0.004490684,0.000412559,0,0.051730943,9.49E-05,0,49.98913275,0.115454921,2.242326613,2.838056,1.21310103,0.18123,15.67276578,,0,31.17794042,,0,0,0,0,0.7336,0.0692,0,1.81018132
17,10,17010,0.00532793,0.000489477,0,0.015490056,8.71E-05,0,23.68632651,0.106034689,5.283493845,0,1.114121324,0.5157288,51.79694734,5.439816177,0,,,0,0,0,0,0,0,0,5.386456451
17,11,17011,0.312483082,0.028707805,0,0.272488604,0.001175799,0,60.3893131,1.431007938,0.289332466,0,15.03580082,0.445308,2.347088229,2.959628802,0.062638319,1.30353587,,0,0,0,0,0.3807,0.0359,2.12653756,0.457732096
17,12,17012,0.017163545,0.001576814,0,0.163278834,0.000317248,0,38.87338229,0.386107798,4.071018298,0,4.056888714,1.2965712,21.51725568,67.71649138,0.07158665,,,0,0,0,0,0,0,0.095440576,4.612331631
17,13,17013,0.003786636,0.000347878,0,0.015295213,8.58E-05,0,41.40835124,0.104383485,4.632495796,0,1.096771893,0.3955992,80.41615435,,0,,,0,0,0,0,0.23,0.0217,0,7.533777559
17,14,17014,0.001940889,0.000178309,0,0.009060222,5.42E-05,0,25.19438685,0.065972067,1.88066103,0,0.693177745,0.88026,12.95466618,17.44890189,0,,,0,0,0,0,0,0,0.002721948,2.234199438
17,15,17015,0.00724979,0.000666038,0,0.016756539,0.00014053,0,120.0337996,0.171032773,1.952994147,0,1.797065303,1.387704,40.2029138,20.51917102,0,,,0,0,0,0,0,0,0.04282415,7.077342154
17,16,17016,0.003710523,0.000340886,0,0.004968509,9.76E-05,0,113.174122,0.118802985,5.135651275,0,1.248279601,0.5602596,31.12710888,,0,1.90355856,,0,0,0,0,0,0,0,6.810223707
17,17,17017,0.016859092,0.001548844,0,0.089725421,0.000365928,0,206.8597971,0.445353302,5.307033953,0,4.679389513,1.3504224,49.92842727,26.73807952,0,,,0,0,0,0,1.1103,0.1047,1.175990929,5.650981515
17,18,17018,0.029817379,0.002739321,0,0.135318795,0.000643056,0,152.2817383,0.782632639,0.657350722,0,8.223230754,1.0542408,10.81697752,,0.02087944,4.77692407,,0,1.73979,0.496,0,0,0,0.561197151,0.929727799
17,19,17019,0.006222261,0.000571639,0,0.037897056,0.000142262,0,108.239721,0.173140531,8.318308403,0,1.819211813,1.304856,106.263003,5.384496013,0,,,0,0,0,0,0.4005,0.0378,0,14.71226165
17,20,17020,0.007497158,0.000688764,0,0.086900191,0.00024089,0,109.8953178,0.293176212,3.182657128,0,3.080443524,0.5012304,16.83072878,,0,24.9563408,,0,0,0,0,0.7653,0.0722,0.025038666,3.039444853
17,21,17021,0.00237854,0.000218516,0,0.013833887,3.95E-05,0,11.32842321,0.048128411,0.940330515,0,0.505691954,0.7000656,5.926172153,3.061049103,0,,,0,0,0,0,0,0,0,0.880453522
17,22,17022,0.004604854,0.000423048,0,0.011982874,0.000112414,0,188.1890569,0.136814044,0.378853017,0,1.437524321,0.2216184,16.68102682,,0,1.607251805,,0,0,0,0,0,0,0,4.443761737
17,23,17023,0.000818218,7.52E-05,0,0.001363904,3.68E-05,0,54.81888098,0.04475752,1.591328564,0,0.470273529,0.1170228,42.06573286,,0,18.22776031,,0,0,0,0,0,0,0,6.592379537
17,24,17024,0.010484605,0.00096322,0,0.062934443,0.000281392,0,85.61153922,0.342468836,2.902853672,0,3.598368026,1.0159236,14.16903603,126.3143756,0,0.86631646,,0,0,0,0,1.269,0.1197,0.083764344,5.985527919
17,25,17025,0.005917808,0.000543669,0,0.02523223,0.000184033,0,104.3394313,0.22397783,2.486042408,18.503824,2.353366428,1.76052,24.00253421,77.44823032,0,,,0,0,0,0,0.1943,0.0183,0.009980477,8.427197995
17,26,17026,0.004890278,0.00044927,0,0.034292452,9.48E-05,0,43.65650174,0.115409266,2.09766038,0,1.212621322,0.429774,14.88170174,5.532016451,0,1.3852941,,0,0,0,0,0.464,0.0437,0,3.406408545
17,27,17027,0.002759106,0.000253479,0,0.007111787,6.80E-05,0,55.67690701,0.082758039,2.169993496,0,0.869550307,0.3686736,23.79176003,0.461001371,0,0.52303882,,0,0,0,0,0.5314,0.0501,0,4.994855621
17,28,17028,0.025478921,0.002340747,0,0.082029104,0.000365909,0,98.6793697,0.445330474,1.374329214,12.259348,4.679149659,0.6141108,7.825020127,18.8641761,0.016405274,,,0,0,0,0,0,0,0.542573301,1.747940129
17,29,17029,0.030997134,0.002847705,0,0.245210517,0.000538745,0,67.75785816,0.655680164,10.27130255,0,6.889323314,0.6607128,29.48167134,67.30620016,0.025353605,3.312361911,,0,0,0,0,0.7376,0.0696,0.29814604,6.484754143
17,30,17030,0.045858253,0.004212995,0,0.027083243,0.00026106,0,95.69082255,0.317723604,7.381154224,0,3.338366408,1.014888,167.8812258,,0.002982777,,,0,0,0,0,0,0,0.000190536,14.00037802
17,31,17031,0.033432759,0.003071466,0,0.070825604,0.000212087,0,16.07088716,0.258120467,0.506331816,0,2.712107898,0.4898388,0.975440116,24.48378281,0,,,0,0,0,0,0.349,0.0329,1.027854385,0.857113075
17,32,17032,0.003368013,0.000309419,0,0.014418417,4.94E-05,0,43.97664389,0.060158611,4.446694979,0,0.632094954,0.2029776,32.59666624,,0,,,0,0,0,0,0,0,0,2.78399663
17,33,17033,0.022225079,0.002041817,0,0.007696317,7.98E-05,0,70.56178207,0.097086228,2.24550295,0,1.020098599,0.4370232,42.0113058,,0,,,0,0,0,0,0,0,0,3.965282577
18,1,18001,0,0.000900287,0,0.047736652,0.000215025,0,96.99496991,0.261696807,18.44494472,0,2.749685008,5.555994,185.0496205,,0.013629252,2.67258525,,0,0,0,0,2.0013,0.1887,0,55.53684205
18,2,18002,0,0.00040207,0,0.016659117,8.42E-05,0,31.0929554,0.102465957,8.683150322,0,1.076624166,3.5738556,28.22691747,22.58906718,0.006026799,,,0,0,0,0,1.0278,0.0969,0,20.55612044
18,3,18003,0,8.92E-05,0,0.006527257,6.19E-05,0,32.72804611,0.07529338,8.972482788,0,0.791118084,2.6418156,27.84406425,,0.004329238,62.22398683,,0,0,0,0,0,0,0,19.59022531
18,4,18004,0,0.001688694,0,0.280964295,0.000384191,0,134.7439378,0.467579877,34.56081157,0,4.912927252,11.54694,117.0670779,45.81201124,0.025775805,123.5638086,,0,0,0,0,1.5236,0.1437,0,85.99445126
18,5,18005,0,5.24E-05,0,0.00389687,6.94E-05,0,131.8653645,0.084424461,0.356776454,0,0.887059641,3.5811048,10.93723117,,0.003215309,,,0,0,0,0,0,0,0,9.684481498
18,6,18006,0,0.000816377,0,0.066441626,0.000160812,0,26.75113328,0.195717131,5.497316857,0,2.056427311,4.0409112,20.29414797,,0.01009546,7.93140171,,0,0,0,0,1.439,0.1357,0,12.70130812
18,7,18007,0,0.000606601,0,0.016561696,9.99E-05,0,104.6599339,0.1215347,1.887013704,0,1.276982116,1.8060864,16.73600122,,0.005645838,32.28540355,,0,0,0,0,0,0,0,16.14363919
18,8,18008,0,0.000756941,0,0.047152122,0.000281136,0,80.44812171,0.342156858,4.085029396,0,3.595090023,2.56311,68.85402904,346.0944742,0.016480362,33.26891923,,0,0,0.018,0,0.9734,0.0918,0,39.82296236
18,9,18009,0,4.02E-05,0,0.004968509,0.00020404,0,117.5570463,0.248327382,0.078278749,0,2.609210579,3.836898,25.88619405,,0.008303421,75.4813224,,0,0,0,0,0,0,0,5.489007527
18,10,18010,0,0.000143347,0,0.023673483,0.000196175,0,141.011281,0.238754964,43.39180446,0,2.508631847,8.1750264,230.7079355,,0.012969428,18.80096926,,0,0,0,0,2.5514,0.2406,0,75.66320299
18,11,18011,0,0.000575135,0,0.035266669,0.000126701,0,94.82403987,0.154201146,1.666838017,0,1.620213034,8.937228,77.33776647,,0.008047415,0.8785,,0,0,0,0,0.5744,0.0542,0,18.19031564
18,12,18012,0,0.000660793,0,0.068779748,0.000225097,0,179.0106871,0.273955285,26.02232748,0,2.878486547,11.9725716,94.42554451,15.81234702,0.015654439,13.9880292,,0,0,0,1,0,0,0,59.51956379
18,13,18013,0,8.39E-05,0,0.003604604,4.29E-05,0,12.05465285,0.052199352,5.85898244,0,0.548465898,8.2630524,61.88237454,89.43426596,0.003075115,12.01877858,,0,0,0,0,1.2636,0.1192,0,22.92618028
18,14,18014,0,0.000166072,0,0.015587478,0.000129414,0,82.97050497,0.157503554,15.06247568,0,1.654911897,4.9304916,125.4282779,538.0808002,0.008051987,98.57005438,,0,0,0,0,0,0,0,62.20875198
18,15,18015,0,0.001167751,0,0.108527817,0.000505289,0,154.6551746,0.614963148,67.53070162,0,6.461503924,14.7976884,392.1701049,121.0128599,0.034996579,8.97747935,,0,0,0,0,2.1403,0.2018,0,220.8538347
18,16,18016,0,0.000540172,0,0.050074774,0.000224097,0,73.44378956,0.272737807,36.7452232,0,2.86569434,5.5435668,498.5745841,,0.015463959,,,0,0,0,0,0,0,0,144.8672483
18,17,18017,0,0.017175386,0,0.806457154,0.002211204,0,252.9758877,2.691150506,11.58559695,120.272974,28.27629527,15.8477868,79.4204365,391.735915,0.1323351,74.61182688,,0.014043033,0,0,0,3.5249,0.3324,0,55.43046594
18,18,18018,0,0.000828614,0,0.066636469,0.000167577,0,21.20897249,0.203950324,18.58961095,0,2.142934614,4.1351508,193.5250841,,0.012187697,,,0,0,0,0,0,0,0,97.72560921
18,19,18019,0,0,0,0.000292265,7.18E-05,0,129.2423768,0.087376845,6.365314256,0,0.918080744,19.3201536,24.15927832,,0.003792845,61.78783668,,0,0,0,0,0,0,0,9.254721994
18,20,18020,0,0.001713168,0,1.251869344,0.000585111,0,81.29990746,0.71211025,13.74329214,0,7.482242133,7.9254468,43.99023573,,0.032771768,,,0,0,0,0,0,0,0,44.12906749
19,1,19001,0,0,0,0.000292265,1.74E-05,0.491303784,0.066475696,0.02118411,0,0,0.222584411,0,0.272013554,,0,,,0,0,0,0,0.3641,0.0343,1.176584778,0.005399581
19,2,19002,0.001331982,0.000122369,0,0.002143278,2.11E-05,0.594894057,0.18975692,0.025650731,4.990985042,0,0.269515822,8.0735376,30.69160561,,0,,,0,0,0,0,0,0,0.145504667,11.26738341
19,3,19003,3.81E-05,3.50E-06,0,0.000194843,9.89E-06,0.279181963,0.429169395,0.01203781,2.386992846,0,0.126482952,6.922986,7.617982484,,0,,,0,0,0,0,1.1833,0.1116,0,3.056163009
19,4,19004,0.01008501,0.000926509,0,0.034876983,0.000191292,5.399400347,7.224896388,0.232812152,6.148314906,0,2.446189884,1.0179948,10.13875029,,0,,,0,0,0,0,0,0,0.023692828,2.039498989
19,5,19005,0.019351802,0.001777849,0,0.0179256,0.000111708,3.153062034,3.275390699,0.1359542,17.14294862,0,1.428489824,7.9202688,129.4710285,,0,,,0,0,0,0,3.767,0.3552,0,18.11459244
19,6,19006,1.289796661,0.118493553,0,0.272098917,0.003055381,86.2411085,5.164854273,3.718557014,2.676325312,153.398056,39.07139935,2.2948896,1.17208592,,0.021210859,,,0,11.84274,3.303,0,1.1133,0.105,1.607392173,2.579457118
19,7,19007,0.00192186,0.000176561,0,0.006429835,9.02E-05,2.545814793,130.6454471,0.109770823,3.254990245,0,1.153377411,0.72492,33.39768783,,0,18.29003587,,0,0,0,0,0,0,0,4.940393181
19,8,19008,0.001236841,0.000113629,0,0.003507183,2.06E-05,0.581482028,0.670847257,0.025072429,1.591328564,0,0.263439524,0.8864736,27.79037044,,0,,,0,0,0,0,1.4144,0.1334,0,0.864010143
19,9,19009,0.126614446,0.011632063,0,0.09469393,0.000461168,13.01690316,11.68144963,0.561264777,38.62588424,0,5.897287621,8.0870004,127.7912682,,0,,,0,0,0,0,3.1158,0.2938,0.413914723,24.95222107
19,10,19010,0.058512086,0.005375502,0,0.004383978,4.53E-05,1.279436937,2.951087911,0.055166953,0.578664932,0,0.579646904,1.1381244,5.12650974,,0,,,0,0,0,0,0.8472,0.0799,0.017469001,0.272293171
19,11,19011,0.001179756,0.000108384,0,0.010813813,4.82E-05,1.360791479,0.659500243,0.05867481,4.122987643,0,0.616504451,6.8391024,46.16689683,,0,,,0,0,0,0,0,0,5.8418396,3.788191958
19,12,19012,0.042452183,0.00390008,0,0.011690609,9.95E-05,2.807525824,1.381825884,0.121055318,1.952994147,0,1.271945185,1.2333996,0.505911508,,0,,,0,0,0,0,0,0,0.025269707,0.148102801
19,13,19013,0.006716997,0.00061709,0,0.013931309,6.52E-05,1.840977396,1.417158949,0.079379539,10.9223006,0,0.834051931,22.8681192,29.50982197,,0,,,0,0,0,0,0,0,0.001479976,22.71680985
19,14,19014,0.015679336,0.00144046,0,0.013736465,0.000204534,5.773172407,229.4378159,0.248928511,9.040491612,0,2.615526731,1.4425908,119.7513282,,0,1.57723882,,0,0,0,0,0,0,0.046606933,21.22883952
19,15,19015,1.90E-05,1.75E-06,0,0,9.68E-06,0.273181845,1.207660401,0.011779096,4.339986993,0,0.123764608,6.840138,33.54226147,,0,,,0,0,0,0,1.4214,0.134,0,6.66231194
19,16,19016,0.004376514,0.00040207,0,0.005455617,1.96E-05,0.55201086,1.005562331,0.023801687,4.484653226,0,0.250087657,3.3926256,6.112205768,,0,,,0,0,0,0,0,0,0,2.679735056
19,17,19017,0.001693521,0.000155584,0,0.009449909,0.000242529,6.845605271,202.1171097,0.295169832,17.26927946,0,3.101390763,1.3245324,221.3867022,,0,23.94681123,,0,0,0,0,0,0,2.909733672,21.93059224
19,18,19018,0.18310953,0.016822263,0,0.035656356,0.000402553,11.36245884,19.53612879,0.4899282,1.084996748,0,5.147744211,1.0117812,7.837723728,,0.011931108,,,0,0,0,0,3.4729,0.3275,12.1583773,0.537644023
19,19,19019,0.204478334,0.018785414,0,0.580536142,0.000751838,21.22135869,0.696512794,0.915025718,0.072333117,98.040908,9.614303371,0,,,0.007954072,0.000274622,,0,0,0,0,0,0,11.03191353,0
19,20,19020,0.002055059,0.000188798,0,0.012177717,3.28E-05,0.926841764,1.534904245,0.039963702,7.305644771,0,0.419904212,20.1879864,32.10272758,,0,,,0,0,0,0,0,0,0,16.55434486
19,21,19021,0.337638522,0.031018834,0,0.195720273,0.002086973,58.90686483,742.4811509,2.539955008,0.361665583,407.380543,26.687663,0,4.552948367,,0.022536538,,,0,0,0,0,1.4144,0.1334,8.636954541,0.165072914
19,22,19022,0.002797163,0.000256975,0,0.01061897,8.46E-05,2.386635191,6.531215688,0.102907293,36.67289009,0,1.081261341,13.9743864,312.3574748,,0,,,0,0,0,0,0,0,0,32.15682067
19,23,19023,0.00011417,1.05E-05,0,0.000681952,8.92E-06,0.25165201,0.038856566,0.010850769,1.663661681,0,0.11401055,3.225894,14.98298253,,0,,,0,0,0,0,0,0,0.00020702,2.688991481
19,24,19024,0.001160728,0.000106636,0,0.003214917,3.68E-05,1.037667474,64.88634055,0.044742301,0.21699935,0,0.470113627,0.2910036,10.58141309,,0,21.4565265,,0,0,0,0,0,0,0,1.548522776
19,25,19025,0.160637083,0.014757721,0,0.012762248,4.70E-05,1.327261407,1.551820888,0.057229056,3.110324011,0,0.601313705,1.0366356,2.009290148,,0,,,0,0,0,0,0,0,0,2.157518409
19,26,19026,0.85480925,0.078531282,0,0.682926389,0.004398263,124.145266,13.22142129,5.352914146,0.072333117,1023.799531,56.24381863,0,,,0,,,0,0,0,0,1.1133,0.105,4.278944268,0.553842766
19,27,19027,0.000380566,3.50E-05,0,0.002435543,1.10E-05,0.311300242,0.416745555,0.01342269,2.459325963,0,0.141034088,2.3166372,18.04522503,,0,,,0,0,0,0,1.5754,0.1486,0,0.742828111
19,28,19028,0.000665991,6.12E-05,0,0.001169061,9.24E-06,0.260828661,0.258286228,0.011246449,0.723331165,0,0.118168017,3.329454,,,0,,,0,0,0,0,0,0,0,0.544586341
19,29,19029,0.003082588,0.000283197,0,0.005455617,4.09E-05,1.155022724,8.972081,0.049802443,3.547499047,0,0.523281239,0.300324,9.848924025,,0,,,0,0,0,0,0,0,0,3.212365182
19,30,19030,0.001008501,9.27E-05,0,0.001169061,2.23E-05,0.628600603,28.56454552,0.027104095,0.289332466,0,0.28478652,0.2868612,2.28272662,,0,0.08581941,,0,0,0,0,0,0,0,0.148102801
19,31,19031,0.093333913,0.008574582,0,0.112814374,0.001156392,32.64028923,33.6005748,1.407388873,2.965657778,727.970774,14.787632,1.056312,0.621993093,,0,,,0,0,0,0,0.6302,0.0594,0.08647728,0.475934522
19,32,19032,0.00180769,0.000166072,0,0.00506593,2.66E-05,0.750367704,1.292052073,0.032354467,1.663661681,0,0.339952915,5.3250552,1.580331044,,0,,,0,0,0,0,5.2794,0.4978,5.681708592,0.710044939
19,33,19033,0.112609602,0.010345438,0,0.056991717,0.000448751,12.66642567,107.7550808,0.546152837,15.8080412,0,5.738504345,10.3156116,84.49341715,,0.002651357,0.8581941,,0,0,0,0,2.2476,0.2119,12.67700457,27.4136742
19,34,19034,0.001579351,0.000145095,0,0.002922652,3.63E-05,1.024078972,0.417192247,0.04415639,1.229662981,0,0.463957377,1.0500984,1.179502847,,0,,,0,0,0,0,0,0,0,1.608303855
19,35,19035,7.61E-05,6.99E-06,0,0.000487109,6.32E-06,0.178415275,0.142088681,0.007692937,0.072333117,0,0.080830761,1.4684808,2.001453751,,0,,,0,0,0,0,0,0,0,0.226011045
19,36,19036,0.000133198,1.22E-05,0,0.000779374,4.34E-05,1.224906452,56.26693676,0.0528157,1.663661681,0,0.554941953,0.4639488,21.15262872,,0,,,0,0,0,0,0,0,0,3.471159399
19,37,19037,0.000761133,6.99E-05,0,0.001558748,3.49E-05,0.984725256,6.639303302,0.042459531,2.135776421,0,0.446128237,5.633664,2.296680128,,0,,,0,0,0,0,1.5334,0.1446,1.357997935,0.405354281
19,38,19038,0.043917364,0.004034686,0,0.060791165,0.000339537,9.58377679,33.58962674,0.413234721,37.99524996,0,4.341915088,8.82849,126.3990564,,0,,,0,0,0,0,3.921,0.3697,0.246079763,15.60941813
19,39,19039,1.487443828,0.136651388,0,3.278923464,0.007136189,201.4259041,19.33966401,8.685112257,2.676325312,658.115639,91.25569088,0,,,0.094123188,0.561831071,,0.070835025,0,0,0,1.9885,0.1875,76.05289697,0
19,40,19040,1.90E-05,1.75E-06,0,0.000876796,5.66E-06,0.159885499,0.098461154,0.006893967,2.820991545,0,0.072435875,0.9641436,,,0,,,0,0,0,0,0,0,0.03523752,0.438523137
19,41,19041,0.024375279,0.002239356,0,0.003799448,8.10E-05,2.285868502,6.798547026,0.09856242,10.9223006,0,1.035609151,3.4568328,67.64205272,,0,,,0,0,0,0,2.0725,0.1954,0,10.02933656
19,42,19042,0.000646963,5.94E-05,0,0.001363904,3.69E-05,1.041020481,4.816039187,0.044886877,16.92594927,0,0.471632701,5.8066092,190.4867339,,0,,,0,0,0,0,2.5346,0.239,0,13.11789705
19,43,19043,0.00034251,3.15E-05,0,0.002143278,1.61E-05,0.454420705,21.24621949,0.01959378,2.404180281,0,0.20587459,0.2620068,38.96257137,,0,0.34327764,,0,0,0,0,0,0,0,1.631444918
19,44,19044,0.044335987,0.004073145,0,0.046372748,0.000198719,5.609051531,1.698369711,0.241851923,7.326008542,0,2.541172025,7.3071936,10.30447319,,0,,,0,0,0,0,0,0,0.817822669,2.32907082
19,45,19045,0.027438838,0.002520805,0,0.009449909,0.000204847,5.78199611,7.516937826,0.249308973,5.862158777,0,2.619524296,4.3723032,20.01340179,,0,7.68612702,,0,0,0,0,3.3539,0.3162,0.041844556,2.289036782
19,46,19046,0.929457352,0.085389199,0,0.653017915,0.002934432,82.8272178,1.97838864,3.571356365,0,170.723748,37.52474151,0,,,0,0.17163882,,0,0,0,0,0,0,7.286041244,0
19,47,19047,0.004281372,0.000393329,0,0.006916943,0.000101267,2.858350354,1.559407303,0.123246778,0.21699935,0,1.294971158,0.9952116,0.06739466,,0,,,0,0,0,0,0.4831,0.0456,0.291967503,0.0123419
19,48,19048,0.686675009,0.063084798,0,0.182860604,0.001733944,48.94225702,12.06975231,2.110299558,0.072333117,0,22.17321301,0,0.21803901,,0.018559502,0.858468722,,0,0,0,0,0.9382,0.0885,33.39886081,0.217525989
19,49,19049,0.019066377,0.001751627,0,0.124894669,0.000242053,6.832193242,19.77854685,0.29459153,0.723331165,16.444916,3.095314465,1.4374128,1.547310988,,0,552.1311063,,0,0,0,0,0,0,0.564997435,0.755170012
19,50,19050,0,0,0,0.00165617,1.12E-05,0.315888568,0.267630425,0.013620531,4.990985042,0,0.143112822,2.5455048,2.876716351,,0,,,0,0,0,0,0,0,0,3.045595257
19,51,19051,0.000856274,7.87E-05,0,0.003799448,2.56E-05,0.722661277,0.92238048,0.031159817,2.607168532,0,0.327400561,2.5827864,10.78350328,,0,0.643645575,,0,0,0,0,1.3583,0.1281,1.105178442,0.479521387
20,1,20001,5.71E-05,5.24E-06,0,0.000292265,6.43E-06,0.001455902,13.92548355,0.007829903,0.072333117,0,0.082269885,0,0.735246912,,0,0.77237469,,0,0,0,0,0,0,0,0.000140231
20,2,20002,0.016059903,0.001475422,0,0.029031678,0.000256052,0.057944603,389.2514185,0.311628607,10.47347672,0,3.274325419,0,128.0844525,691.5020564,0,14.32794962,,0,0,0,0,1.2693,0.1197,0.000383656,16.4195287
20,3,20003,3.81E-05,3.50E-06,0,0.001071639,1.26E-05,0.00284389,24.63096229,0.015294562,0,0,0.160702107,8.59548,3.607974012,,0,7.57465055,,0,0,0,0,0,0,0,0.000894578
20,4,20004,0.000247368,2.27E-05,0,0.001169061,4.41E-06,0.000997484,7.113387269,0.005364511,0.003176337,0,0.056365664,0,0.448844308,,0,,,0,0,0,0,0,0,0,0.135235983
20,5,20005,0.005137647,0.000471995,0,0.010716391,9.27E-05,0.020978284,65.32194756,0.112822126,1.166858875,0,1.185437881,0,29.37848029,,0,,,0,0,0,0,0.5652,0.0533,0,5.117305416
20,6,20006,0.009590274,0.000881058,0,0.045301109,9.10E-05,0.020601928,52.04386726,0.11079807,2.475207646,0,1.164170836,0,41.38441895,,0,,,0,0,0,0,0,0,0.068469104,2.405327579
20,7,20007,0.000875303,8.04E-05,0,9.74E-05,1.92E-05,0.004349312,36.61492825,0.023390788,0.289332466,0,0.245770287,0,3.551471335,,0,,,0,0,0,0,0,0,0,0.521645806
20,8,20008,0.000152227,1.40E-05,0,9.74E-05,4.26E-06,0.000964942,7.363404782,0.005189498,0,0,0.054526785,0,2.883720947,,0,,,0,0,0,0,0,0,0,0
20,9,20009,0.000589878,5.42E-05,0,0.003312339,4.40E-05,0.009964932,92.44803174,0.053591842,0.650998049,0,0.563096985,0,12.13268056,,0,,,0,0,0,0,0,0,0,6.794767128
20,10,20010,0.013567193,0.001246417,0,0.005942726,8.64E-05,0.019556339,51.74398133,0.105174845,0.14784257,0,1.105086828,0,1.731945473,,0,,,0,0,0,0,0.6671,0.0629,3.559443092,1.221110615
20,11,20011,7.61E-05,6.99E-06,0,0.000194843,6.23E-06,0.001409211,10.36156475,0.007578798,0.072333117,0,0.079631492,29.1718164,2.870859308,,0,,,0,0,0,0,0,0,0,0.234115246
20,12,20012,0.000152227,1.40E-05,0,0.00165617,5.35E-05,0.01211695,118.2100645,0.065165488,0,0,0.684702908,0,7.412667761,,0,4.06627178,,0,0,0,0,0,0,0,1.28977945
20,13,20013,0.001084614,9.96E-05,0,0.001363904,1.46E-05,0.003313627,10.8050577,0.017820828,2.459325963,0,0.187245938,0,9.541742926,,0,,,0,0,0,0,0,0,0.000402838,1.683780113
20,14,20014,0.011283794,0.001036642,0,0.073553413,0.000156924,0.035511832,65.51878816,0.190984187,0.292508803,0,2.006697604,59.3429868,16.57980717,,0,,,0,0,0,0,1.3017,0.1227,0.035910165,1.873552857
20,15,20015,5.71E-05,5.24E-06,0,9.74E-05,2.90E-05,0.006560754,57.66301349,0.035284022,0.21699935,0,0.370734164,0,6.43322478,,0,,,0,0,0,0,0,0,0,1.3409242
20,16,20016,0.000380566,3.50E-05,0,0.001558748,5.43E-05,0.012296639,105.7400542,0.066131861,0,0,0.694856723,0,16.91162418,,0,,,0,0,0,0,0,0,0,0.520837565
20,17,20017,0.00011417,1.05E-05,0,0,1.99E-05,0.004510607,44.58491465,0.024258241,0.361665583,0,0.254884735,0,11.8613622,,0,14.37513295,,0,0,0,0,0,0,0,2.961601998
20,18,20018,9.51E-05,8.74E-06,0,0,5.01E-06,0.001133311,8.611806287,0.006094997,0.292508803,0,0.064040989,0,5.454752931,,0,,,0,0,0,0,0,0,0,0.426365177
20,19,20019,7.61E-05,6.99E-06,0,0.000194843,1.82E-05,0.004118688,36.54624352,0.022150483,0,0,0.232738226,0,5.65561996,,0,,,0,0,0,0,0,0,0,0.08418614
20,20,20020,0.000513765,4.72E-05,0,0.000779374,2.51E-05,0.00567363,36.66415199,0.030513032,0.29568514,0,0.320604701,0,3.510817805,,0,,,0,0,0,0,0,0,0,0
20,21,20021,0.008144121,0.0007482,0,0.016172009,8.90E-05,0.020139265,84.78538186,0.10830985,0.723331165,0,1.138026762,0,66.02225177,368.8010968,0,3.91209345,,0,0,0,0,0.3104,0.0293,0.12962917,8.55949501
20,22,20022,0.000133198,1.22E-05,0,0.000389687,6.66E-06,0.001508252,11.71491993,0.008111444,0.003176337,0,0.085228083,0,1.184025692,,0,,,0,0,0,0,0,0,0,0.218691183
20,23,20023,0.003101616,0.000284945,0,0.012469983,0.000101135,0.022886944,63.101368,0.123086984,0.795664282,0,1.293292181,0,16.43624119,,0,,,0,0,0,0,0,0,0,3.115150965
20,24,20024,0.000190283,1.75E-05,0,0.000194843,2.30E-05,0.005202479,46.65821905,0.027979157,0,0,0.293980919,0,1.12504758,,0,,,0,0,0,0,0,0,0,0.022529574
20,25,20025,0.002568823,0.000235998,0,0.019484348,6.37E-05,0.014404796,65.71457251,0.077469621,1.229662981,0,0.813984155,0,15.8493956,,0,,,0,0,0,0,0,0,0,3.168498067
20,26,20026,0.001217813,0.00011188,0,0.015782322,4.50E-05,0.010191312,80.80480759,0.054809319,0.795664282,0,0.575889193,0,17.41077959,,0,,,0,0,0,0,0,0,0,1.85198931
20,27,20027,5.71E-05,5.24E-06,0,0.000292265,1.48E-05,0.003351828,26.32610088,0.018026278,0,0,0.189404623,5.276382,1.085604081,,0,,,0,0,0,0,0,0,0,0.045185365
20,28,20028,0.005689468,0.000522691,0,0.018315287,0.000101504,0.022970421,159.9482354,0.123535929,1.95934682,0,1.298009307,0,26.38177235,,0,16.97002115,,0,0,0,0,0,0,0,5.442574695
20,29,20029,0.000323481,2.97E-05,0,0.000974217,2.56E-05,0.005788235,45.90492159,0.03112938,0,0,0.327080756,0,2.663294266,,0,,,0,0,0,0,0,0,0,0.104443825
20,30,20030,0.002093115,0.000192294,0,0.018997239,5.42E-05,0.012262682,97.58661746,0.065949239,0.361665583,0,0.692937891,0,14.68076676,,0,,,0,0,0,0,0.1853,0.0175,0,1.436224869
20,31,20031,0.000418623,3.85E-05,0,0.003994291,4.39E-05,0.009939465,78.09703221,0.053454875,0,0,0.561657862,0,5.1319573,,0,1.28729115,,0,0,0,0,0,0,0,0.001112177
20,32,20032,3.81E-05,3.50E-06,0,0.000389687,4.83E-06,0.00109228,9.197901062,0.005874329,0,0,0.061722401,0,1.435530875,,0,,,0,0,0,0,0,0,0,0.291955483
20,33,20033,0.005632383,0.000517447,0,0.001071639,1.55E-05,0.003514538,2.699328784,0.01890134,0.072333117,0,0.198599022,0,2.353098562,,0,,,0,0,0,0,0.1436,0.0135,0,0.755124373
20,34,20034,0.000171255,1.57E-05,0,0.000194843,6.63E-06,0.001499763,5.531617366,0.008065789,0,0,0.084748375,0,2.590743349,,0,,,0,0,0,0,0,0,0.001496257,0.181783603
20,35,20035,0.000152227,1.40E-05,0,0.000974217,2.75E-06,0.000622543,1.342787609,0.003348063,0,0,0.035178571,0,0.55403449,,0,,,0,0,0,0,0,0,0.035843025,0.000117988
20,36,20036,0.000133198,1.22E-05,0,0.000292265,3.31E-05,0.007494569,55.07561408,0.040306117,0,0,0.42350202,0,9.482999973,,0,,,0,0,0,0,0,0,0,4.63951039
20,37,20037,0.000247368,2.27E-05,0,0.001558748,2.37E-05,0.005356699,37.95939106,0.028808563,0.144666233,0,0.302695611,0,7.610587945,,0,51.6976641,,0,0,0,0,0,0,0,0
20,38,20038,0.002511738,0.000230753,0,0.000876796,1.16E-05,0.002634489,18.71318282,0.014168395,0,0,0.148869315,0,0.617694247,,0,,,0,0,0,0,0,0,0,0.000127659
20,39,20039,0.019313745,0.001774353,0,0.152172756,0.000348847,0.078944109,77.41248247,0.424564872,1.019016305,0,4.460962569,0,13.41866404,,0,13.62268565,,0,0,0,0,0,0,0.424528081,1.159834471
20,40,20040,0.000532793,4.89E-05,0,0.000292265,3.44E-05,0.007790276,65.86729731,0.041896447,0,0,0.440211841,0,8.696530848,,0,,,0,0,0,0,0,0,0,0.193804825
20,41,20041,0.006393516,0.000587372,0,0.031564643,0.000205047,0.04640209,307.8663265,0.249552469,0,0,2.622082738,0,10.64066589,,0,1.7163882,,0,0,0,0,0,0,0,0.637265102
20,42,20042,0.003691494,0.000339137,0,0.009839596,4.45E-05,0.010072462,73.05018943,0.054170143,0.151018907,0,0.569173284,0,9.273681451,,0,0.77237469,,0,0,0,0,0,0,0.032888877,0.003350072
20,43,20043,0.074172394,0.006814214,0,0.194551212,0.000572957,0.129660139,151.4595731,0.697317898,1.77672234,0,7.326816812,0,53.01429888,,0,,,0,0,0,0,1.4778,0.1393,0.135535933,9.562290045
20,44,20044,0.009209707,0.000846095,0,0.058745309,0.000235607,0.053317977,179.049822,0.286746409,6.024012445,0,3.012884678,0,37.83037918,147.5204387,0,,,0,0,0,0,0.8014,0.0756,0.030126556,8.96005609
20,45,20045,0.011531162,0.001059367,0,0.003214917,4.56E-05,0.010328554,10.16915399,0.055547415,0.292508803,0,0.583644468,0,4.778307498,,0,,,0,0,0,0,0,0,0,1.197892285
20,46,20046,0.000799189,7.34E-05,0,0.003604604,2.08E-05,0.004707274,28.68191809,0.025315925,0.816028053,0,0.265997965,0,19.16466336,,0,,,0,0,0,0,0,0,0.000115097,1.994937324
20,47,20047,7.61E-05,6.99E-06,0,0,6.38E-07,0.000144317,1.260007307,0.000776142,0.020363771,0,0.008155032,0,2.795575486,,0,,,0,0,0,0,0,0,0,0.14707946
20,48,20048,3.81E-05,3.50E-06,0,0,6.80E-06,0.001537964,1.381491737,0.008271238,0,0,0.08690706,0,2.818828206,,0,,,0,0,0,0,0,0,0,0.526904333
20,49,20049,1.90E-05,1.75E-06,0,0.000194843,6.40E-06,0.001447412,11.82089673,0.007784247,0.289332466,0,0.081790177,0,3.988445288,,0,,,0,0,0,0,0,0,0,0.584748122
20,50,20050,0.001198784,0.000110132,0,0.000292265,2.07E-05,0.004676147,46.25556808,0.025148521,0.003176337,0,0.264239037,0,2.559944559,,0,,,0,0,0,0,0,0,0,0.258903919
20,51,20051,0.000399595,3.67E-05,0,0.000681952,2.88E-05,0.006511234,66.70581701,0.035017699,0.21699935,0,0.367935869,0,3.953295359,,0,0.8581941,,0,0,0,0,0,0,0,0.892897761
20,52,20052,0.001541294,0.000141599,0,0.005358196,3.79E-05,0.008579774,45.819498,0.046142401,0.433998699,0,0.484824665,0,14.10031078,,0,,,0,0,0,0,0,0,0.330674942,1.732273198
20,53,20053,0.000361538,3.32E-05,0,0.001266483,7.61E-06,0.001721897,6.746601778,0.009260439,0.092696888,0,0.097300728,0,5.540645371,,0,,,0,0,0,0,0,0,0,0.58073749
20,54,20054,9.51E-05,8.74E-06,0,0,2.53E-06,0.000571608,4.407001497,0.003074131,0.144666233,0,0.032300324,0,5.035063014,,0,,,0,0,0,0,0,0,0,0.369075799
20,55,20055,0.001331982,0.000122369,0,0.005942726,1.84E-05,0.004172453,21.16864029,0.022439634,0.21699935,0,0.235776375,0,5.002127547,,0,,,0,0,0,0,0,0,0,0.5156044
20,56,20056,0.00034251,3.15E-05,0,0.000681952,7.42E-06,0.001679451,13.19727278,0.009032162,0,0,0.09490219,41.0522196,2.77014267,,0,,,0,0,0,0,0,0,0,0.2150584
20,57,20057,0.008676914,0.000797148,0,0.081639417,0.000231981,0.052497352,474.409876,0.282333053,2.173169833,0,2.966512925,0,7.283896782,,0,,,0,0,0,0,1.6862,0.159,0.014981751,10.89273266
20,58,20058,0.000190283,1.75E-05,0,0.00058453,8.12E-05,0.018380582,167.2542752,0.098851571,0,0,1.0386473,0,9.963751325,,0,,,0,0,0,0,0,0,0,0.218480073
20,59,20059,0.011131568,0.001022657,0,0.0560175,0.000193511,0.043791654,225.6472376,0.23551343,1.594504901,0,2.474572595,0,38.47006642,,0,5.27997923,,0,0,0,0,0,0,0.006234404,0
20,60,20060,9.51E-05,8.74E-06,0,0.000389687,1.48E-05,0.003351828,29.26934575,0.018026278,0,0,0.189404623,0,2.892279605,,0,3.4327764,,0,0,0,0,0,0,0,0.000611214
20,61,20061,0.000323481,2.97E-05,0,0.000974217,1.22E-05,0.002767487,20.02687236,0.014883664,0.21699935,0,0.156384737,0,3.768092167,,0,,,0,0,0,0,0,0,0,0
20,62,20062,0.000190283,1.75E-05,0,0.000194843,3.26E-06,0.000737147,2.833099273,0.003964411,0,0,0.041654626,0,0.112148028,,0,,,0,0,0,0,0,0,1.166777347,2.32E-05
20,63,20063,0.001427124,0.00013111,0,0.005942726,2.34E-05,0.005297275,1.918335807,0.028488976,0.220175686,0,0.299337656,0,2.543326873,,0,,,0,0,0,0,0,0,0.025030256,0.989654645
20,64,20064,0.000171255,1.57E-05,0,9.74E-05,4.37E-05,0.009881455,71.75157645,0.053142897,0.506331816,0,0.558379859,0,14.1569953,,0,,,0,0,0,0,0,0,0,0
20,65,20065,0.000399595,3.67E-05,0,0.000194843,7.58E-06,0.001716238,12.84645558,0.009230002,0.003176337,0,0.096980923,0,2.129204987,,0,,,0,0,0,0,0,0,0,0.266065091
20,66,20066,0.001408096,0.000129362,0,0.004968509,3.09E-05,0.007002194,36.78083566,0.037658104,3.110324011,0,0.395678969,0,63.84016247,,0,,,0,0,0,0,0,0,0,4.60330304
20,67,20067,0.112133894,0.010301735,0,1.173347423,0.001645913,0.372470295,975.9422731,2.00316153,0.144666233,78.835098,21.04749875,0,1.791322323,,0.060566668,2.45167764,,0.061008421,2.12823,0.907,0,0.6624,0.0625,6.252943736,0.377562187
20,68,20068,0.011131568,0.001022657,0,0.030298161,0.000123881,0.028034242,90.48326572,0.150769381,3.258166581,0,1.584154999,0,15.70396327,,0,,,0,0,0,0,0.1482,0.014,0.583273856,4.263613104
20,69,20069,1.90E-05,1.75E-06,0,0,1.35E-05,0.00306178,28.51736035,0.016466384,0.072333117,0,0.173014607,0,8.251456687,,0,,,0,0,0,0,0,0,0,1.597540282
20,70,20070,0.000723076,6.64E-05,0,0.001071639,4.39E-05,0.009936635,91.91788226,0.053439657,0,0,0.561497959,0,5.039805824,,0,,,0,0,0,0,0,0,0,0.264921498
20,71,20071,1.90E-05,1.75E-06,0,0.001169061,2.01E-05,0.004553053,45.77941765,0.024486518,0,0,0.257283274,0,2.3342463,,0,,,0,0,0,0,0,0,0,1.426617495
20,72,20072,0.000171255,1.57E-05,0,0.000194843,4.00E-05,0.009045267,70.51127024,0.048645839,0.723331165,0,0.511128642,0,11.78663571,,0,,,0,0,0,0,0,0,0,1.938292785
20,73,20073,0.005461128,0.000501714,0,0.041696504,0.00018911,0.042795585,264.1144732,0.230156529,0.663703396,0,2.418286881,0,28.08610138,,0,6.9061646,,0,0,0,0,0,0,0,0
20,74,20074,0.000589878,5.42E-05,0,9.74E-05,2.93E-06,0.000662159,5.843532028,0.003561122,0,0,0.037417207,0,1.1838746,,0,0.43746705,,0,0,0,0,0,0,0,0
20,75,20075,0.000951416,8.74E-05,0,0.004676243,1.71E-05,0.00388099,11.54614207,0.020872131,1.232839318,0,0.219306408,0,18.56934931,,0,,,0,0,0,0,0.3706,0.0349,0,2.594860057
20,76,20076,0.000133198,1.22E-05,0,0.001363904,1.84E-05,0.004163964,27.13251938,0.022393978,0.075509453,0,0.235296667,0,2.729505632,,0,,,0,0,0,0,0,0,0,0
20,77,20077,0.000761133,6.99E-05,0,0.001071639,2.33E-05,0.005278882,15.71093065,0.028390055,0.723331165,0,0.298298289,0,4.057522909,,0,,,0,0,0,0,0,0,0.16143367,0.978085887
20,78,20078,0.000190283,1.75E-05,0,0.000389687,5.74E-06,0.001298851,1.304705943,0.006985278,0.433998699,0,0.073395291,0,1.435449945,,0,,,0,0,0,0,0,0,0,0.703590816
20,79,20079,0.079405182,0.00729495,0,0.185393569,0.000481987,0.109073775,61.13050046,0.586603529,1.019016305,0,6.16352544,0,3.857628335,,0,,,0,0,0,47.4,0.2085,0.0197,2.769083792,0.369172977
20,80,20080,0.00045668,4.20E-05,0,9.74E-05,8.67E-06,0.00196101,16.47713602,0.0105464,0.14784257,0,0.110812498,0,4.056654884,,0,,,0,0,0,0,0,0,0,0.997016582
20,81,20081,0.000380566,3.50E-05,0,0.000681952,9.87E-06,0.00223408,16.95586183,0.012014982,0.21699935,0,0.126243098,0,1.942690282,,0,,,0,0,0,0,0,0,0,0.204093408
20,82,20082,0.00022834,2.10E-05,0,0.001851013,2.84E-05,0.006429171,54.87350651,0.034576363,0.075509453,0,0.363298694,0,7.838149473,,0,,,0,0,0,0,0,0,0,0.755559159
20,83,20083,0.003215786,0.000295434,0,0.010424126,3.71E-05,0.0084015,12.17175923,0.045183637,0.075509453,0,0.474750802,0,1.072994787,,0.001160616,,,0,0,0,0,0,0,0,0.185100125
20,84,20084,0.001217813,0.00011188,0,0.006332413,1.98E-05,0.004469576,3.252855532,0.024037573,0,0,0.252566147,0,0.759905767,,0,,,0,0,0,0,0,0,0,0.22822004
20,85,20085,5.71E-05,5.24E-06,0,0.001363904,0.0001071,0.02423673,236.9780502,0.130346194,0,0,1.369565718,0,21.16956703,,0,6.81289666,,0,0,0,0,0,0,0,2.442149905
20,86,20086,0.000380566,3.50E-05,0,0.000779374,5.68E-06,0.001286117,8.584601511,0.006916795,0,0,0.072675729,0,1.403499475,,0,,,0,0,0,0,0,0,0,0.150384617
20,87,20087,0.003786636,0.000347878,0,0.01178803,1.90E-05,0.004292717,7.944135302,0.023086419,0.21699935,0,0.242572235,0,0.69787881,,0.000672084,,,0,0,0,0,0,0,0,0.181945009
20,88,20088,0.001408096,0.000129362,0,0.001169061,1.48E-05,0.003341924,26.17949169,0.017973013,0.020363771,0,0.188844964,0,3.264228262,,0,38.33872252,,0,0,0,0,0,0,0,0
20,89,20089,0.003786636,0.000347878,0,0,1.26E-05,0.002859453,22.25291889,0.015378264,0.144666233,0,0.161581571,0,3.5076527,,0,,,0,0,0,0,0,0,0,0.481037973
20,90,20090,0.001103643,0.000101392,0,0.00506593,3.44E-05,0.007781787,67.27917729,0.041850792,0.292508803,0,0.439732134,0,5.076317061,,0,,,0,0,0,0,0,0,0,0.36293484
20,91,20091,0.001141699,0.000104888,0,0.005650461,2.96E-05,0.006703656,5.99387137,0.036052555,0.003176337,0,0.378809245,0,3.586389962,,0.001058015,0.109304853,,0,0,0,0,0,0,0,0.812968162
20,92,20092,0.000247368,2.27E-05,0,0,7.90E-06,0.001788396,11.37252293,0.009618073,0.144666233,0,0.101058439,0,3.010828276,,0,,,0,0,0,0,0,0,0,0.738297089
20,93,20093,7.61E-05,6.99E-06,0,0.000487109,3.31E-06,0.000748466,5.954269282,0.004025285,0.003176337,0,0.042294236,0,4.303408818,,0,,,0,0,0,0,0,0,0,0.502383775
20,94,20094,0.000152227,1.40E-05,0,0.000292265,1.25E-05,0.002831156,26.78012032,0.015226079,0.003176337,0,0.159982545,0,3.8279601,,0,,,0,0,0,0,0,0,0,0.49770147
20,95,20095,0.000913359,8.39E-05,0,0.00058453,2.72E-05,0.006144782,59.07004959,0.033046907,0,0,0.347228483,0,2.213256415,,0,,,0,0,0,0,0,0,0,0
20,96,20096,0.000190283,1.75E-05,0,0.000779374,3.67E-06,0.000830529,1.430055478,0.004466621,2.607168532,0,0.046931411,0,13.7228329,,0,,,0,0,0,0,0,0,0,1.001462393
20,97,20097,0.000266396,2.45E-05,0,0.000292265,1.03E-05,0.002341611,20.16526026,0.012593284,0,0,0.132319397,0,1.019133804,,0,,,0,0,0,0,0,0,0,0.000281429
20,98,20098,0.000152227,1.40E-05,0,0.000194843,2.73E-05,0.006181569,63.7040539,0.033244747,0,0,0.349307217,0,7.273879108,,0,,,0,0,0,0,0,0,0,0.197149552
20,99,20099,0.000475708,4.37E-05,0,0,2.87E-06,0.000649426,3.94798832,0.003492639,0.072333117,0,0.036697645,0,0.68591484,,0,,,0,0,0,0,0,0,0,0.030848127
20,100,20100,9.51E-05,8.74E-06,0,0.001169061,2.06E-06,0.000466907,4.057178486,0.002511048,0,0,0.026383928,0,0.576915615,,0,,,0,0,0,0,0,0,0,0.000157639
20,101,20101,0.00011417,1.05E-05,0,0.000292265,4.35E-06,0.00098475,9.312600949,0.005296028,0,0,0.055646103,0,1.593098715,,0,,,0,0,0,0,0,0,0,0.423837218
20,102,20102,0.000399595,3.67E-05,0,0.001169061,2.62E-05,0.005928307,12.41444934,0.031882694,0.14784257,0,0.334995935,0,8.285890518,,0,0.571025,,0,0,0,0,0,0,0,0.726728331
20,103,20103,0.002625908,0.000241242,0,0.006624678,3.08E-05,0.006975311,8.643780735,0.037513528,0.144666233,0,0.394159894,0,6.142448079,,0,,,0,0,0,0,0,0,0,1.646970429
20,104,20104,0.000247368,2.27E-05,0,0.000974217,1.64E-05,0.003722524,32.72222376,0.020019897,0.017187435,0,0.210351863,0,4.67209495,,0,,,0,0,0,0,0,0,0,0.862398309
20,105,20105,0,0,0,0.000194843,4.09E-05,0.009263157,94.28580625,0.049817661,0.072333117,0,0.523441142,0,13.97242838,,0,,,0,0,0,0,0,0,0,1.200873496
20,106,20106,5.71E-05,5.24E-06,0,0,1.95E-06,0.00044144,3.869567983,0.002374081,0,0,0.024944805,0,1.553677185,,0,,,0,0,0,0,0,0,0,0.129451959
20,107,20107,0.017239659,0.001583807,0,0.02075083,9.17E-05,0.020756149,25.325764,0.111627476,0,0,1.172885528,0,1.165575263,,0.002982963,,,0,0,0,0,0,0,0.041281343,0.179841599
20,108,20108,0.000209312,1.92E-05,0,0.000487109,2.60E-05,0.005883031,48.89436044,0.031639199,0.003176337,0,0.332437493,0,14.27809403,,0,,,0,0,0,0,0,0,0,1.493421462
20,109,20109,7.61E-05,6.99E-06,0,0,7.73E-06,0.00174878,7.373735091,0.009405014,0.451186134,0,0.098819803,0,2.5712461,13.46124003,0,,,0,0,0,0,0.7829,0.0738,0,0.024485924
20,110,20110,1.90E-05,1.75E-06,0,0.000292265,8.20E-06,0.00185631,17.55686875,0.009983316,0,0,0.104896102,0,1.788353791,,0,,,0,0,0,0,0,0,0,0.09199352
20,111,20111,0.000266396,2.45E-05,0,0.000681952,2.54E-05,0.0057373,53.85308824,0.030855448,0,0,0.324202509,0,4.295005447,,0,,,0,0,0,0,0,0,0,0.287569242
20,112,20112,0.004034004,0.000370604,0,0.001753591,1.68E-05,0.003797512,34.85784635,0.020423187,0.006352674,0,0.214589281,0,15.63408083,,0,,,0,0,0,0,0,0,0,2.175978173
20,113,20113,0.00022834,2.10E-05,0,0.001461326,1.75E-05,0.003953148,40.87498146,0.021260202,0,0,0.223383924,0,3.114424136,,0,0.48768705,,0,0,0,0,0,0,0,0.294991611
20,114,20114,0.000152227,1.40E-05,0,0.000194843,4.15E-06,0.000938059,7.189074912,0.005044923,0,0,0.05300771,0,0.56699262,,0,,,0,0,0,0,0,0,0,0.00011702
20,115,20115,0.006012949,0.000552409,0,0.011106078,5.83E-05,0.013192252,8.428776605,0.070948506,0.509508153,0,0.745465894,0,4.637628056,,0.001886355,,,0,0,0,0,0,0,0,0.943379614
20,116,20116,0.000494736,4.55E-05,0,0.000779374,2.37E-05,0.005360944,54.04237855,0.028831391,0,0,0.302935464,0,5.056705043,,0,,,0,0,0,0,0,0,0,0.132526908
20,117,20117,0.000266396,2.45E-05,0,0.001753591,1.72E-05,0.003885234,38.90570981,0.020894959,0,0,0.219546262,0,3.848648353,,0,9.68208973,,0,0,0,0,0,0,0,0.445342174
20,118,20118,0.000951416,8.74E-05,0,0.000681952,1.41E-05,0.003191948,27.84177461,0.017166434,0.506331816,0,0.180370126,0,2.496817412,,0,,,0,0,0,0,0,0,0,0.6804533
20,119,20119,0.000475708,4.37E-05,0,0,2.26E-06,0.000512183,4.411035239,0.002754543,0.003176337,0,0.02894237,0,1.478153316,,0,65.2906319,,0,0,0,0,0,0,0,0.107417583
20,120,20120,9.51E-05,8.74E-06,0,0.001071639,2.18E-06,0.00049379,0,0.002655623,0,0,0.027903003,0,0.103797503,,0,,,0,0,0,0,0,0,0,2.13E-05
20,121,20121,3.81E-05,3.50E-06,0,0,4.07E-06,0.000921081,9.180310342,0.004953612,0.581841269,0,0.052048294,0,7.57297523,,0,,,0,0,0,0,0,0,0,0.475391664
20,122,20122,0.000133198,1.22E-05,0,0.000389687,4.01E-06,0.000906932,8.415695684,0.00487752,0,0,0.051248781,0,1.589816533,,0,,,0,0,0,0,0,0,0,0
20,123,20123,0.000304453,2.80E-05,0,0.000779374,1.38E-05,0.003131108,28.51792484,0.016839237,0.037551206,0,0.17693222,0,9.989176625,,0,,,0,0,0,0,0,0,0,1.439784494
20,124,20124,0.029608067,0.002720092,0,0.022601843,0.000112189,0.025388435,66.52247696,0.136540111,0,0,1.434646074,0,33.84043051,,0,,,0,0,0,0,0,0,0,3.108862433
20,125,20125,7.61E-05,6.99E-06,0,0.000194843,6.08E-05,0.013748296,127.4102175,0.073938936,0.144666233,0,0.776886753,0,20.24541148,,0,,,0,0,0,0,0,0,0,0
20,126,20126,0.01077003,0.000989442,0,0.001363904,2.48E-05,0.005607131,54.23715741,0.030155398,0,0,0.31684699,0,7.557476861,,0,,,0,0,0,0,0,0,0,0
20,127,20127,0.001065586,9.79E-05,0,0,7.44E-06,0.001683696,18.08770255,0.00905499,0.075509453,0,0.095142043,0,1.517094863,,0,0.69670823,,0,0,0,0,0,0,0,0.134409694
20,128,20128,0.000190283,1.75E-05,0,0.001169061,6.73E-06,0.001522401,0,0.008187537,0,0,0.086027596,0,1.144974971,,0,,,0,0,0,0,0,0,0,0.000315278
20,129,20129,0.000323481,2.97E-05,0,0.000292265,1.44E-06,0.00032542,2.133847725,0.001750124,0.361665583,0,0.018388798,0,5.038979586,,0,,,0,0,0,0,0,0,0,0.274465697
20,130,20130,0.000704048,6.47E-05,0,0.001363904,3.35E-05,0.007575216,56.94406598,0.040739844,0.075509453,0,0.428059244,0,9.040675907,,0,,,0,0,0,0,0.8107,0.0764,0,0.641083073
20,131,20131,0.012197154,0.001120552,0,0.003409761,5.63E-05,0.012749397,98.04232167,0.068566816,0.361665583,0,0.720441138,0,20.77591668,,0,,,0,0,0,0,0,0,0,1.029619445
20,132,20132,0.000152227,1.40E-05,0,0.000194843,6.84E-06,0.001547868,6.524476247,0.008324503,1.012663632,0,0.087466719,0,3.495317098,,0,,,0,0,0,0,0,0,0,0.954948372
20,133,20133,0.000152227,1.40E-05,0,0.002143278,2.44E-05,0.005519409,55.23801122,0.029683625,0.017187435,0,0.31189001,0,5.140460861,,0,,,0,0,0,0,0,0,0,0.550583972
20,134,20134,0.001788662,0.000164324,0,0.005747883,0.000171116,0.038723588,370.7215062,0.208257151,0,0,2.188187049,60.2481012,31.00557912,,0,,,0,0,0,0,0,0,0,11.36602926
20,135,20135,0.000494736,4.55E-05,0,0.001851013,3.84E-05,0.00868306,63.59178656,0.046697875,0.072333117,0,0.49066111,0,6.796410642,,0,3.84759523,,0,0,0,0,0,0,0,1.523920914
20,136,20136,0.00057085,5.24E-05,0,0.0044814,7.43E-05,0.016810075,189.3754263,0.09040532,0,0,0.94990136,0,26.51510283,,0,,,0,0,0,0,0,0,0,8.537772608
20,137,20137,0,0,0,0.000681952,1.97E-05,0.004465331,40.33225032,0.024014745,0.017187435,0,0.252326293,0,6.596864401,,0,,,0,0,0,0,0,0,0,0
20,138,20138,0.000171255,1.57E-05,0,0.000389687,2.19E-06,0.00049662,3.625046158,0.002670841,0.017187435,0,0.028062905,0,0.553713387,,0,,,0,0,0,0,0,0,0,0.000129593
20,139,20139,1.90E-05,1.75E-06,0,9.74E-05,1.28E-05,0.002906144,24.50327122,0.015629369,0,0,0.164219964,0,2.274672605,,0,,,0,0,0,0,0,0,0,0.065443049
20,140,20140,3.81E-05,3.50E-06,0,0,4.05E-06,0.000916836,6.714405046,0.004930784,0.433998699,0,0.05180844,0,7.625939693,,0,,,0,0,0,0,0,0,0,0.531028464
20,141,20141,0.001331982,0.000122369,0,0.002630387,4.80E-05,0.010854886,80.16199208,0.05837805,0.940330515,0,0.613386351,0,35.10894253,,0,,,0,0,0,0,0,0,0,2.206518484
20,142,20142,0,0,0,0,7.67E-06,0.001736046,14.18077093,0.009336531,0,0,0.098100241,0,2.058391876,,0,2.25567174,,0,0,0,0,0,0,0,0.030544297
20,143,20143,0.001541294,0.000141599,0,0.007014365,5.59E-05,0.01266026,62.80546882,0.068087434,1.666838017,0,0.715404206,0,20.00588636,,0,,,0,0,0,0,0.8987,0.0847,0,4.147516404
20,144,20144,0.000799189,7.34E-05,0,0.000292265,5.12E-06,0.001158779,7.547112339,0.006231963,0.292508803,0,0.065480112,0,7.271925377,,0,,,0,0,0,0,0,0,0,0.420856583
20,145,20145,0.001046558,9.61E-05,0,0.002922652,1.17E-05,0.002654297,0.773533601,0.014274925,0.361665583,0,0.149988633,0,1.99633322,,0,,,0,0,0,0,0,0,0,0.470112249
20,146,20146,0.00226437,0.000208028,0,0.000487109,1.59E-05,0.003595186,33.95336425,0.019335066,0,0,0.203156246,0,2.282959168,,0,,,0,0,0,0,0,0,0,0
20,147,20147,3.81E-05,3.50E-06,0,0,2.06E-06,0.000466907,3.433393735,0.002511048,0.072333117,0,0.026383928,0,1.867518358,,0,,,0,0,0,0,0,0,0,0.165257821
20,148,20148,3.81E-05,3.50E-06,0,0.000487109,1.14E-05,0.002589213,21.84345891,0.0139249,0,0,0.146310874,0,1.741404626,,0,4.80966115,,0,0,0,0,0,0,0,0
20,149,20149,0.000285425,2.62E-05,0,0.000487109,8.19E-06,0.00185348,11.40543737,0.009968098,0.003176337,0,0.104736199,0,3.756082409,,0,8.94205518,,0,0,0,0,0,0,0,0
20,150,20150,0.005385015,0.000494721,0,0.018802396,6.65E-05,0.015059881,37.27948334,0.080992697,0.21699935,0,0.851001606,0,5.716621814,,0,6.04474937,,0,0,0,0,0.8941,0.0843,0,2.55774718
20,151,20151,0.000513765,4.72E-05,0,0,2.36E-06,0.000534821,5.158372377,0.002876291,0,0,0.03022159,0,3.061358896,,0,,,0,0,0,0,0,0,0,0.258903919
20,152,20152,0.000209312,1.92E-05,0,0.000389687,7.10E-06,0.001605878,13.34932069,0.008636482,0.144666233,0,0.090744722,0,4.676270764,,0,,,0,0,0,0,0,0,0,0.332168219
20,153,20153,0.001598379,0.000146843,0,0.005942726,2.46E-05,0.005561856,46.05590271,0.029911902,0,0,0.314288549,0,4.914098075,,0,,,0,0,0,0,0,0,0,0.931602539
20,154,20154,0.000190283,1.75E-05,0,9.74E-05,1.33E-05,0.003005185,26.43114845,0.016162015,0,0,0.169816555,0,3.991717195,,0,,,0,0,0,0,0,0,0,0
20,155,20155,0,0,0,0.000681952,4.92E-06,0.001113503,11.13079651,0.005988468,0,0,0.062921671,0,2.138170205,,0,,,0,0,0,0,0,0,0,0
20,156,20156,0.000304453,2.80E-05,0,0.004286557,1.84E-05,0.004159719,30.36854338,0.022371151,0,0,0.235056813,0,4.769745821,,0,,,0,0,0,0,0,0,0,0.001441962
20,157,20157,0.0075923,0.000697504,0,0.027375509,6.54E-05,0.01478964,1.012260917,0.079539333,0,0,0.835730908,0,0.652774678,,0.002252518,,,0,0,0,0,0,0,0.039324699,0.148290441
20,158,20158,5.71E-05,5.24E-06,0,0.000876796,1.29E-05,0.002911803,22.82820556,0.015659805,0,0,0.164539769,0,5.385446013,,0,,,0,0,0,0,0,0,0,0
20,159,20159,1.90E-05,1.75E-06,0,0.000389687,3.17E-05,0.007171978,59.93888768,0.038571212,0,0,0.405273125,0,7.241854899,,0,9.22661975,,0,0,0,0,0,0,0,0
20,160,20160,0.00180769,0.000166072,0,0.00058453,1.03E-05,0.002340196,16.9798597,0.012585675,0.072333117,0,0.132239445,0,1.549696961,,0,,,0,0,0,0,0,0,0,0.165257821
20,161,20161,0.000361538,3.32E-05,0,0,1.77E-05,0.004012572,38.6273019,0.02157979,0.085038464,0,0.226741878,0,11.52232052,,0,10.6364764,,0,0,0,0,0.6624,0.0625,0,0.049430147
20,162,20162,0.000190283,1.75E-05,0,0.00058453,1.20E-05,0.002712307,23.76652924,0.014586903,0,0,0.153266636,0,3.123951093,,0,,,0,0,0,0,0,0,0,1.210512748
20,163,20163,0.000589878,5.42E-05,0,0.001363904,9.37E-06,0.002120891,16.6658574,0.011406243,0,0,0.119846994,0,1.116428009,,0,,,0,0,0,0,0,0,0,0.040767801
20,164,20164,0.000304453,2.80E-05,0,0.000779374,1.77E-05,0.004008328,30.57128478,0.021556963,0.21699935,0,0.226502025,0,2.004954092,,0,,,0,0,0,0,0,0,0,0.308205835
20,165,20165,0.0043004,0.000395078,0,0.000292265,8.79E-06,0.001989308,13.90637745,0.010698584,0.072333117,0,0.112411524,0,3.137758437,,0,,,0,0,0,0,0,0,0,0.34979572
20,166,20166,0.002454653,0.000225509,0,0.005845304,6.20E-05,0.014038344,121.6071192,0.075498829,1.446662331,0,0.793276769,0,27.74019226,123.5483674,0,2.15385525,,0,0,0,0,0,0,0,12.28532128
20,167,20167,0.000133198,1.22E-05,0,0,1.19E-05,0.002692498,23.33047479,0.014480374,0,0,0.152147318,0,5.075362597,,0,,,0,0,0,0,0,0,0,0
20,168,20168,9.51E-05,8.74E-06,0,0.002532965,5.97E-06,0.001351201,11.02518102,0.007266819,0.075509453,0,0.076353489,0,0.787875154,,0,,,0,0,0,0,0,0,0,0.220767915
20,169,20169,9.51E-05,8.74E-06,0,0.000876796,2.23E-05,0.005045428,53.14313082,0.027134532,0.144666233,0,0.285106325,0,3.4955231,,0,,,0,0,0,0,0,0,0,0.861944884
20,170,20170,0.001503237,0.000138102,0,0.000779374,2.39E-05,0.005417539,51.14763496,0.029135761,0,0,0.306133516,0,1.666833861,,0,,,0,0,0,0,0,0,0,0
20,171,20171,0.000437651,4.02E-05,0,0.003312339,0.000112277,0.025408243,268.8287799,0.136646641,0,0,1.435765392,0,23.63780365,,0,,,0,0,0,0,0,0,0,1.132663304
20,172,20172,0.000247368,2.27E-05,0,9.74E-05,2.38E-06,0.000539066,4.448011581,0.002899119,0,0,0.030461444,0,1.139473841,,0,,,0,0,0,0,0,0,0,0.117883912
20,173,20173,3.81E-05,3.50E-06,0,9.74E-05,7.63E-06,0.001727557,15.28496338,0.009290876,0.020363771,0,0.097620534,0,1.76209221,,0,,,0,0,0,0,0,0,0,0.000256284
20,174,20174,0.000380566,3.50E-05,0,0.006040148,2.05E-05,0.004640775,3.610296457,0.024958291,0.292508803,0,0.262240254,29.5477392,3.63970322,,0.000673026,,,0,0,0,0,0,0,0,0.690970353
20,175,20175,1.90E-05,1.75E-06,0,0.000194843,8.12E-06,0.001836502,18.42894751,0.009876787,0.14784257,0,0.103776784,0,4.691298484,,0,,,0,0,0,0,0,0,0,0.540576501
20,176,20176,0.000380566,3.50E-05,0,0.002630387,1.75E-05,0.003954563,34.08940449,0.021267812,0.361665583,0,0.223463875,0,16.70458689,,0,,,0,0,0,0,0,0,0,0.894871099
20,177,20177,0.000894331,8.22E-05,0,0.012080296,5.82E-05,0.01315971,97.76939965,0.070773494,0.289332466,0,0.743627014,0,11.47925736,1.75180521,0,3.593485,,0,0,0,0,1.1581,0.1092,0,0.218669398
20,178,20178,0.000894331,8.22E-05,0,0.000292265,3.38E-05,0.007660108,27.0016598,0.041196398,0.144666233,0,0.432856322,0,2.75333929,,0,0.043925,,0,0,0,0,0,0,0,0.941276203
20,179,20179,0.000418623,3.85E-05,0,0.000194843,8.23E-06,0.001861969,16.65469523,0.010013753,0.003176337,0,0.105215907,0,3.404717868,,0,26.21508874,,0,0,0,0,0,0,0,1.137945086
20,180,20180,0.000247368,2.27E-05,0,0.000194843,1.28E-05,0.002904729,17.30752277,0.015621759,0.506331816,0,0.164140013,0,1.290367526,,0,,,0,0,0,0,0,0,0,0.230664408
20,181,20181,0,0,0,0,2.58E-06,0.000584341,4.443738345,0.003142614,0.144666233,0,0.033019886,0,0.789698456,,0,,,0,0,0,0,0,0,0,0.127799381
20,182,20182,0,0,0,0.000194843,1.44E-05,0.003257032,35.61810409,0.017516459,0,0,0.184047886,0,3.822092295,,0,,,0,0,0,0,0,0,0,0.107788552
20,183,20183,5.71E-05,5.24E-06,0,0.000194843,8.83E-06,0.001997797,18.20544494,0.01074424,0,0,0.112891231,0,1.01496858,,0,,,0,0,0,0,0,0,0,0.162503524
20,184,20184,0.093067516,0.008550108,0,0.271027277,0.00092201,0.208650939,601.5540876,1.122133874,12.59190791,66.890044,11.79041777,0,155.9935601,700.7220838,0,,,0,0,0,0,1.2739,0.1201,0.967243734,60.78101664
20,185,20185,0.001255869,0.000115377,0,0.003214917,5.30E-05,0.011993856,91.07456965,0.064503484,0.020363771,0,0.677747145,0,5.818461689,,0,,,0,0,0,0,0,0,0,0.404423983
20,186,20186,5.71E-05,5.24E-06,0,0.00058453,3.23E-06,0.000731488,5.413020926,0.003933974,0.072333117,0,0.041334821,0,1.622095904,,0,,,0,0,0,0,0,0,0,0.104663286
20,187,20187,0.000152227,1.40E-05,0,9.74E-05,1.21E-05,0.002749093,24.72648965,0.014784743,0,0,0.15534537,0,4.770211623,,0,11.62178223,,0,0,0,0,0,0,0,0.15221662
20,188,20188,0.00034251,3.15E-05,0,0.000779374,5.46E-05,0.012354648,107.6093552,0.066443839,0,0,0.698134726,0,6.049562579,,0,,,0,0,0,0,0,0,0,0.394146856
20,189,20189,3.81E-05,3.50E-06,0,0.000292265,1.57E-05,0.003559814,28.3972508,0.019144835,0,0,0.201157463,0,2.968050739,,0,,,0,0,0,0,0,0,0,2.839552298
20,190,20190,0.01461375,0.001342564,0,0.011398343,0.000141462,0.032012858,247.3763675,0.172166549,3.399656478,0,1.808978047,0,18.55390936,,0,26.41705991,,0,0,0,0,0,0,0,0.02582863
20,191,20191,9.51E-05,8.74E-06,0,0,1.66E-06,0.000374941,2.741869662,0.002016447,0.003176337,0,0.021187094,0,1.099096877,,0,,,0,0,0,0,0,0,0,0.000193422
20,192,20192,0.000418623,3.85E-05,0,0.002338122,8.00E-06,0.001811034,2.398523226,0.009739821,0.220175686,0,0.10233766,0,4.792258911,,0,,,0,0,0,0,0,0,0,0.741452205
20,193,20193,0.000285425,2.62E-05,0,0.000974217,1.31E-05,0.002965568,14.07816449,0.015948956,0.382029354,0,0.167577919,0,3.334780806,,0,13.16287078,,0,0,0,0,0,0,0,1.133738265
20,194,20194,0.005061533,0.000465003,0,0.000487109,7.11E-06,0.001608708,9.782863701,0.0086517,0.003176337,0,0.090904625,0,3.65469841,,0,4.19564723,,0,0,0,0,0,0,0,1.183168412
20,195,20195,9.51E-05,8.74E-06,0,0,7.77E-06,0.001757269,20.51473139,0.00945067,0,0,0.099299511,0,1.813108803,,0,,,0,0,0,0,0,0,0,0.170766415
20,196,20196,5.71E-05,5.24E-06,0,0.000487109,2.49E-06,0.000564533,4.40009227,0.003036085,0,0,0.031900568,0,0.47455951,,0,,,0,0,0,0,0,0,0,7.45E-05
20,197,20197,0.000989473,9.09E-05,0,0.00282523,1.77E-05,0.003998424,20.33421442,0.021503698,0.21699935,0,0.225942365,0,1.099622759,,0,,,0,0,0,0,0.5235,0.0494,0,0.295529177
20,198,20198,0.003025503,0.000277953,0,0.0044814,0.000179019,0.040511984,364.533591,0.217875224,0.506331816,0,2.289245488,0,34.42871714,,0,26.9958715,,0,0,0,0,1.033,0.0974,0,17.47395091
20,199,20199,7.61E-05,6.99E-06,0,0.000292265,4.30E-06,0.000972016,6.759192112,0.005227544,0,0,0.054926541,0,1.381098799,,0,,,0,0,0,0,0,0,0,0.160850945
20,200,20200,0.000418623,3.85E-05,0,0.000487109,2.23E-05,0.005042598,42.87866847,0.027119313,0,0,0.284946423,0,4.297272613,,0,11.36922523,,0,0,0,0,0,0,0,0
20,201,20201,9.51E-05,8.74E-06,0,9.74E-05,1.26E-05,0.00284106,24.98037236,0.015279344,0,0,0.160542204,0,1.744921782,,0,2.85291401,,0,0,0,0,0,0,0,0.000657635
20,202,20202,0.00022834,2.10E-05,0,0.001948435,2.45E-05,0.005553366,43.88712426,0.029866247,0,0,0.313808841,0,4.362019416,,0,,,0,0,0,0,0,0,0,0.88992308
20,203,20203,3.81E-05,3.50E-06,0,9.74E-05,2.18E-05,0.004922334,44.61155686,0.026472528,0,0,0.278150562,0,2.744014155,,0,,,0,0,0,0,0,0,0,0.654160669
20,204,20204,1.90E-05,1.75E-06,0,0,4.08E-06,0.00092391,7.440245389,0.00496883,0,0,0.052208197,0,1.990910282,,0,,,0,0,0,0,0,0,0,0
20,205,20205,0,0,0,0.000194843,0.000103743,0.023476945,226.0396576,0.126260035,0.289332466,0,1.326631872,0,21.68305707,,0,,,0,0,0,0,0,0,0,12.47039614
20,206,20206,0.000418623,3.85E-05,0,0.000487109,1.57E-05,0.00354991,25.12947855,0.01909157,0.072333117,0,0.200597804,0,2.246980386,,0,,,0,0,0,0,0,0,0,0.047015498
20,207,20207,1.90E-05,1.75E-06,0,0.001169061,9.77E-05,0.02211018,190.5941848,0.118909514,0.578664932,0,1.249398919,0,15.69571038,,0,,,0,0,0,0,0,0,0.705439876,0.020210683
20,208,20208,0.000532793,4.89E-05,0,0.00165617,4.27E-05,0.009663565,84.6359924,0.051971075,0.144666233,0,0.546067359,0,24.30607508,,0,2.5762563,,0,0,0,0,0,0,0,1.273036078
20,209,20209,0,0,0,0.000194843,5.77E-06,0.001305925,12.58055586,0.007023324,0.003176337,0,0.073795047,0,0.926911945,,0,6.1388023,,0,0,0,0,0,0,0,0
20,210,20210,1.90E-05,1.75E-06,0,0.000292265,3.39E-05,0.007665768,77.49578143,0.041226835,0.072333117,0,0.433176127,0,15.12243637,,0,,,0,0,0,0,0,0,0,1.25265428
20,211,20211,0.000209312,1.92E-05,0,0.000292265,1.71E-05,0.00388099,35.45536733,0.020872131,0,0,0.219306408,0,2.456316655,,0,8.41458217,,0,0,0,0,0,0,0,0
20,212,20212,0.000247368,2.27E-05,0,0.000194843,1.82E-05,0.004115858,44.76438912,0.022135264,0,0,0.232578323,0,3.547370705,,0,,,0,0,0,0,0,0,0,0.989672603
20,213,20213,0,0,0,0.000389687,2.48E-05,0.005612791,43.94294613,0.030185835,0.003176337,0,0.317166795,0,3.475919795,,0,9.3890417,,0,0,0,0,0,0,0,0.266444036
20,214,20214,0.000266396,2.45E-05,0,0.001558748,1.45E-05,0.003289574,26.2947602,0.017691471,0,0,0.185886766,0,1.289687467,,0,,,0,0,0,0,0,0,0,0.000366535
20,215,20215,0.000190283,1.75E-05,0,0,4.07E-06,0.000921081,5.012402326,0.004953612,1.594504901,0,0.052048294,0,10.84850161,,0,,,0,0,0,0,0,0,0,0.722727535
20,216,20216,0.000247368,2.27E-05,0,0.000779374,6.56E-06,0.001484199,12.74699364,0.007982087,0,0,0.083868911,0,0.847519826,,0,,,0,0,0,0,0,0,0,0.000200192
20,217,20217,0,0,0,0.000292265,1.94E-05,0.004396002,37.55525189,0.023641893,0.437175036,0,0.24840868,0,11.44740899,,0,,,0,0,0,0,0,0,0,1.255959437
20,218,20218,0.000361538,3.32E-05,0,0,3.11E-06,0.000703191,5.605876274,0.00378179,0.003176337,0,0.039735795,0,1.220225511,,0,8.6093,,0,0,0,0,0,0,0,0.115680474
20,219,20219,0.000380566,3.50E-05,0,0.000487109,1.50E-05,0.00338437,26.52198317,0.01820129,0.433998699,0,0.191243503,0,2.467160564,,0,,,0,0,0,0,0,0,0,0.612092458
20,220,20220,3.81E-05,3.50E-06,0,0.000194843,1.84E-05,0.004173868,36.3141594,0.022447243,0,0,0.235856326,0,3.279971354,,0,,,0,0,0,0,0,0,0,0.054462248
20,221,20221,0.000247368,2.27E-05,0,0,8.08E-06,0.001828013,17.16281581,0.009831132,0.21699935,0,0.103297076,0,8.580368698,,0,,,0,0,0,0,0,0,0,0.329964782
20,222,20222,0.000627935,5.77E-05,0,0.000779374,9.29E-06,0.002102497,22.19094035,0.011307323,0,0,0.118807627,0,1.059749132,,0,,,0,0,0,0,0,0,0,0.000484523
20,223,20223,1.90E-05,1.75E-06,0,0.00058453,3.76E-06,0.000851752,7.111742109,0.004580759,0,0,0.048130681,0,1.166259923,,0,,,0,0,0,0,0,0,0,0.000323015
20,224,20224,3.81E-05,3.50E-06,0,0,3.89E-06,0.000880049,3.971183881,0.004732944,1.177693636,0,0.049729707,0,11.43611375,,0,,,0,0,0,0,0,0,0,0.738702458
20,225,20225,0.000627935,5.77E-05,0,0.000681952,3.76E-05,0.008507616,92.83215804,0.04575433,0.072333117,0,0.480747149,0,6.123189448,,0,1.02983292,,0,0,0,0,0,0,0,0.409562546
20,226,20226,0.002340483,0.00021502,0,0.001363904,1.51E-05,0.003422572,27.61874683,0.018406739,0.017187435,0,0.193402188,0,6.746968756,,0,,,0,0,0,0,0,0,0,1.776856028
20,227,20227,0.003025503,0.000277953,0,0.009644752,7.49E-05,0.016952977,13.48468725,0.091173853,0.650998049,0,0.957976441,0,5.772126461,,0.002579148,,,0,0,0,0,0,0,0,0.53426627
20,228,20228,0.000152227,1.40E-05,0,0,4.78E-06,0.001080961,8.962120208,0.005813455,0,0,0.061082791,0,0.691780564,,0,,,0,0,0,0,0,0,0,0.008077831
20,229,20229,0.000171255,1.57E-05,0,0.000487109,4.30E-05,0.009728649,80.64517167,0.052321099,0.017187435,0,0.549745118,0,6.790980439,,0,,,0,0,0,0,0,0,0,0
20,230,20230,0.00011417,1.05E-05,0,9.74E-05,5.33E-06,0.001206884,9.357652419,0.006490677,0.220175686,0,0.068198456,0,1.327530125,,0,,,0,0,0,0,0,0,0,0.150935476
20,231,20231,9.51E-05,8.74E-06,0,0.000194843,1.52E-05,0.003435305,26.78494196,0.018475222,0,0,0.194121749,0,1.349533886,,0,,,0,0,0,0,0,0,0,0.000599609
20,232,20232,0.000913359,8.39E-05,0,0.01510037,0.000127288,0.028805347,292.5826895,0.154916414,0.072333117,0,1.627728456,0,42.77438953,19.36205758,0,,,0,0,0,0,0,0,0,19.86035706
20,233,20233,0.000285425,2.62E-05,0,0.001169061,1.00E-05,0.002272282,21.54737882,0.012220431,0.506331816,0,0.128401783,0,3.086644177,,0,,,0,0,0,0,0,0,0,0.82453692
20,234,20234,1.90E-05,1.75E-06,0,0.000779374,4.81E-05,0.010888843,95.25436031,0.058560672,0,0,0.615305182,0,8.457844193,,0,,,0,0,0,0,0,0,0,0.113089628
20,235,20235,0.002702022,0.000248235,0,9.74E-05,2.10E-05,0.004753965,43.73588168,0.025567029,0.072333117,0,0.268636358,0,23.39332733,,0,,,0,0,0,0,0,0,0,0
20,236,20236,0.000247368,2.27E-05,0,0.000681952,8.40E-06,0.001901586,16.63866744,0.010226812,0,0,0.107454543,0,1.355059318,,0,,,0,0,0,0,0,0,0,0
20,237,20237,0.000380566,3.50E-05,0,0.001169061,1.25E-05,0.002826911,12.12764962,0.015203251,0.003176337,0,0.159742691,0,2.982337785,,0,,,0,0,0,0,0,0,0,0.341808259
20,238,20238,0,0,0,0.000389687,4.88E-06,0.001105014,9.027605377,0.005942812,0,0,0.062441963,0,1.940116753,,0,,,0,0,0,0,0,0,0,0.394389471
20,239,20239,1.90E-05,1.75E-06,0,0,6.13E-06,0.001387988,14.58428638,0.007464659,0.072333117,0,0.078432222,0,3.266813067,,0,,,0,0,0,0,0,0,0,0.280387436
20,240,20240,0.000133198,1.22E-05,0,0,1.64E-05,0.003714035,35.59125635,0.019974242,0,0,0.209872155,0,3.148473594,,0,,,0,0,0,0,0,0,0,0.334371657
20,241,20241,0.000266396,2.45E-05,0,0.000194843,5.55E-06,0.001256405,10.11767946,0.006757001,0.072333117,0,0.070996752,0,4.151633746,,0,0.8785,,0,0,0,0,0,0,0,0.143031915
20,242,20242,0.00022834,2.10E-05,0,0.000779374,8.93E-05,0.020210009,184.1603995,0.108690312,0.072333117,0,1.142024327,0,12.97077649,,0,,,0,0,0,0,0,0,0,0.410390255
20,243,20243,0.004148174,0.000381093,0,0.000389687,9.73E-06,0.002202953,10.47820535,0.011847579,0.21699935,0,0.124484169,0,4.158179676,,0,,,0,0,0,0,0,0,0,1.067480834
20,244,20244,0.000266396,2.45E-05,0,0.000487109,2.43E-05,0.005503846,40.53127657,0.029599924,0.144666233,0,0.311010545,0,4.267841407,7.14552125,0,,,0,0,0,0,0,0,0,0.071943178
20,245,20245,1.90E-05,1.75E-06,0,0.000389687,6.95E-06,0.001571921,13.07843887,0.00845386,0.289332466,0,0.088825891,0,1.853421614,,0,,,0,0,0,0,0,0,0,0.370728378
20,246,20246,0.000932388,8.57E-05,0,0,3.36E-06,0.000759785,5.261339655,0.004086159,0,0,0.042933847,0,0.604166208,,0,1.9190901,,0,0,0,0,0,0,0,0.000124757
20,247,20247,0.000380566,3.50E-05,0,0.003994291,8.08E-06,0.001828013,4.105064799,0.009831132,0.003176337,0,0.103297076,0,1.826208758,,0,1.6271556,,0,0,0,0,0,0,0,0.000227271
20,248,20248,0.003596353,0.000330397,0,0.007988583,8.85E-05,0.020020416,169.2340093,0.107670674,0.072333117,0,1.131310853,0,6.133199527,,0,,,0,0,0,0,0,0,0,0.576477802
20,249,20249,0.000608906,5.59E-05,0,0.000487109,2.22E-05,0.005032694,42.05534546,0.027066049,0,0,0.284386764,0,1.411874614,,0,,,0,0,0,0,0,0,0,0.057617651
20,250,20250,0.000285425,2.62E-05,0,0,6.75E-06,0.00152806,9.278180102,0.008217974,0.21699935,0,0.086347401,0,8.310109363,,0,,,0,0,0,0,0,0,0,0.789381523
20,251,20251,0.000894331,8.22E-05,0,0.000194843,6.72E-06,0.001520986,13.27481919,0.008179928,0,0,0.085947644,0,1.598923106,,0,,,0,0,0,0,0,0,0,0.102184419
20,252,20252,0.00034251,3.15E-05,0,0.000974217,1.07E-05,0.002423673,20.14137871,0.013034619,0,0,0.136956572,0,2.831967349,,0,,,0,0,0,0,0,0,0,0.30407439
20,253,20253,0.000418623,3.85E-05,0,0.001363904,1.55E-05,0.003511708,30.5679507,0.018886121,0,0,0.198439119,0,3.315798749,,0,0.89524,,0,0,0,0,0,0,0,1.243532379
20,254,20254,0.001065586,9.79E-05,0,0.001753591,1.68E-05,0.003807416,32.3036512,0.020476451,0,0,0.21514894,0,5.750019911,,0,,,0,0,0,0,0,0,0,0
20,255,20255,0.000494736,4.55E-05,0,0.000487109,1.15E-05,0.002603362,19.55251281,0.014000992,0.003176337,0,0.147110387,0,5.543640284,,0,,,0,0,0,0,0,0,0,0.641200344
20,256,20256,0.000152227,1.40E-05,0,0,1.41E-06,0.000318346,3.146265963,0.001712078,0.003176337,0,0.017989042,0,1.614656995,,0,,,0,0,0,0,0,0,0,0.095298677
20,257,20257,0.00034251,3.15E-05,0,0.000389687,5.51E-06,0.001247916,10.84937914,0.006711345,0,0,0.070517044,0,1.180559465,,0,,,0,0,0,0,0,0,0,0.000289166
20,258,20258,0.000285425,2.62E-05,0,0.001071639,4.92E-06,0.001113503,10.34501453,0.005988468,0.075509453,0,0.062921671,0,2.365466825,,0,,,0,0,0,0,0,0,0,0.152588054
20,259,20259,0.001864775,0.000171317,0,0.001851013,1.37E-05,0.003097151,26.51141284,0.016656615,0.072333117,0,0.175013389,0,3.269665932,,0,,,0,0,0,0,0,0,0,0.183160751
20,260,20260,0.000247368,2.27E-05,0,0.000292265,1.56E-05,0.003537176,34.20552076,0.019023087,0.017187435,0,0.199878243,0,2.09826978,,0,,,0,0,0,0,0,0,0,0.000475819
20,261,20261,0.000913359,8.39E-05,0,0.000292265,3.82E-05,0.008639199,75.2951747,0.046461988,0,0,0.48818262,0,11.4867077,,0,,,0,0,0,0,0,0,0,1.176635683
20,262,20262,0.00272105,0.000249983,0,0.003020074,6.05E-06,0.001369595,11.65852924,0.007365739,0,0,0.077392856,0,0.687113996,,0,,,0,0,0,0,0,0,0,0.000149902
20,263,20263,0.001484209,0.000136354,0,0.00165617,1.74E-05,0.003948903,32.00074767,0.021237375,0,0,0.22314407,0,6.272155463,,0,,,0,0,0,0,0,0,0,0
20,264,20264,3.81E-05,3.50E-06,0,0.000194843,1.20E-05,0.002710892,25.18054842,0.014579294,0,0,0.153186685,0,6.248277567,,0,,,0,0,0,0,0,0,0,0.490264868
20,265,20265,0.000152227,1.40E-05,0,0.000389687,4.42E-05,0.010005964,74.22214881,0.053812509,0.072333117,0,0.565415573,0,19.31409098,,0,77.39534909,,0,0,0,0,0,0,0,5.778267034
20,266,20266,0.00057085,5.24E-05,0,0.003604604,4.56E-05,0.01031582,101.31038,0.055478932,0.144666233,0,0.582924907,0,9.752095554,,0,5.1491646,,0,0,0,0,0,0,0,1.451358726
20,267,20267,0.000152227,1.40E-05,0,0.000292265,1.64E-06,0.000370696,1.716341519,0.00199362,0,0,0.02094724,0,0.201352905,,0,,,0,0,0,0,0,0,0,3.87E-05
20,268,20268,0.000380566,3.50E-05,0,0.000292265,4.54E-06,0.001027196,6.804868973,0.005524305,0.578664932,0,0.058044642,0,2.637814087,,0,,,0,0,0,0,0,0,0,0.987551234
20,269,20269,0.000437651,4.02E-05,0,0.002532965,1.79E-05,0.0040437,37.93876896,0.021747193,0.650998049,0,0.228500807,0,7.869977394,,0,,,0,0,0,0,0,0,0,0.717494371
20,270,20270,0.000856274,7.87E-05,0,0.000194843,7.35E-06,0.001662473,14.25657995,0.008940851,0,0,0.093942774,0,5.35614993,,0,,,0,0,0,0,0,0,0,0.396618769
20,271,20271,5.71E-05,5.24E-06,0,0.000389687,1.58E-05,0.003576792,37.18792498,0.019236146,0.017187435,0,0.202116879,0,10.77893916,,0,,,0,0,0,0,0,0,0,1.832070554
20,272,20272,0,0,0,0.001461326,3.38E-05,0.007654449,69.36624367,0.041165961,0,0,0.432536517,0,4.447821153,,0,12.74526773,,0,0,0,0,0,0,0,0.863088359
20,273,20273,0.000152227,1.40E-05,0,0.001363904,2.00E-05,0.004516266,43.80333026,0.024288678,0.292508803,0,0.25520454,0,7.936769076,,0,0.308068565,,0,0,0,0,0,0,0,4.756862868
20,274,20274,0.000133198,1.22E-05,0,0,8.89E-06,0.002011946,14.98329689,0.010820332,0.003176337,0,0.113690744,0,4.445524668,,0,,,0,0,0,0,0,0,0,0.523316432
20,275,20275,0.000171255,1.57E-05,0,0.001461326,4.09E-05,0.009261742,72.4495559,0.049810052,0,0,0.52336119,0,6.23002441,,0,2.7269186,,0,0,0,0,0,0,0,0.002672127
20,276,20276,0.000152227,1.40E-05,0,0.000194843,4.90E-06,0.001107844,9.274331258,0.005958031,0,0,0.062601866,0,0.896920987,,0,,,0,0,0,0,0,0,0,0.013126475
20,277,20277,0.000627935,5.77E-05,0,0.008865378,7.18E-05,0.016241297,157.631716,0.087346408,0.41958056,0,0.917760939,0,27.46671365,,0,34.03358303,,0,0,0,0,0,0,0,0
20,278,20278,0.002093115,0.000192294,0,0.018315287,0.000220883,0.049985957,460.9890925,0.268826661,2.317429025,0,2.824599373,0,100.6891539,470.2213984,0,,,0,0,0,0,0,0,0,13.97271741
20,279,20279,0.001312954,0.000120621,0,0.000681952,1.75E-05,0.003951733,35.7457808,0.021252593,0,0,0.223303973,0,1.390367918,,0,1.40082564,,0,0,0,0,0,0,0,0
20,280,20280,0.000399595,3.67E-05,0,0.00389687,1.32E-05,0.002995281,21.40506777,0.01610875,0,0,0.169256896,0,2.172370797,,0,,,0,0,0,0,0,0,0,0.000615083
20,281,20281,5.71E-05,5.24E-06,0,0,1.31E-06,0.000295708,1.792682192,0.00159033,0.003176337,0,0.016709821,0,2.397067642,,0,,,0,0,0,0,0,0,0,0.165257821
20,282,20282,0,0,0,0,4.13E-06,0.000935229,7.721476873,0.005029704,0,0,0.052847807,0,3.873370047,,0,,,0,0,0,0,0,0,0,0.601325983
20,283,20283,0.001617407,0.000148591,0,0,5.98E-06,0.001352616,11.86943995,0.007274429,0.020363771,0,0.07643344,0,8.221284134,,0,,,0,0,0,0,0,0,0,0.369075799
20,284,20284,0.001978945,0.000181806,0,0.000389687,2.31E-05,0.005218042,50.77109233,0.028062858,0,0,0.294860383,0,2.271025848,,0,,,0,0,0,0,0,0,0,0.417526986
20,285,20285,0.000608906,5.59E-05,0,0.001363904,1.96E-05,0.004435619,34.2762408,0.023854951,0.21699935,0,0.250647316,0,2.447758252,,0,22.3880705,,0,0,0,0,0,0,0,0.367692769
20,286,20286,0.000627935,5.77E-05,0,0.000389687,1.95E-05,0.00441864,30.02202156,0.023763641,0,0,0.249687901,0,1.677647761,,0,,,0,0,0,0,0,0,0,0.179580165
20,287,20287,5.71E-05,5.24E-06,0,0,2.01E-06,0.000454173,4.414651604,0.002442564,0.072333117,0,0.025664366,0,1.887778061,,0,,,0,0,0,0,0,0,0,0.083730629
20,288,20288,0,0,0,0,4.20E-06,0.000950793,8.12230552,0.005113406,0,0,0.053727272,0,0.395044231,,0,,,0,0,0,0,0,0,0,0.000245646
20,289,20289,0.000133198,1.22E-05,0,9.74E-05,6.41E-06,0.001450242,12.11042837,0.007799466,0,0,0.081950079,0,3.07749413,,0,,,0,0,0,0,0,0,0,0
20,290,20290,0.000152227,1.40E-05,0,0.000389687,5.53E-06,0.001250745,4.285050639,0.006726564,0.144666233,0,0.070676947,0,1.034122351,,0,,,0,0,0,0,0,0,0,0.135786843
20,291,20291,7.61E-05,6.99E-06,0,0.001071639,2.43E-05,0.005495357,43.83945062,0.029554268,0.003176337,0,0.310530838,0,6.865200423,,0,16.5817492,,0,0,0,0,0,0,0,0
20,292,20292,0,0,0,0,7.65E-06,0.001730387,17.64285254,0.009306094,0,0,0.097780436,0,4.409970176,,0,0.62586835,,0,0,0,0,0.4725,0.0446,0,1.047498434
20,293,20293,0.001750606,0.000160828,0,0.005455617,9.09E-05,0.020569386,15.95739259,0.110623057,0.017187435,0,1.162331956,0,1.737409278,,0.00310439,0.61291941,,0,0,0,0,0.2131,0.0201,0,0.627868037
20,294,20294,0.001484209,0.000136354,0,0.007404052,3.85E-05,0.008715602,10.76000655,0.046872887,0.072333117,0,0.49249999,0,4.524668499,,0,5.596346,,0,0,0,0,0.1992,0.0188,0,1.729003439
20,295,20295,0.003539268,0.000325152,0,0.011495765,4.89E-05,0.011071361,38.21610295,0.059542263,5.569649974,0,0.625618899,0,20.71787396,,0,,,0,0,0,0,0,0,0,2.909016735
20,296,20296,0.000247368,2.27E-05,0,0.001071639,5.63E-06,0.001273383,10.15817161,0.006848311,0.017187435,0,0.071956167,0,0.836403938,,0,,,0,0,0,0,0,0,0,0.000158606
20,297,20297,0.000209312,1.92E-05,0,0.000681952,1.58E-05,0.003566888,31.00614956,0.019182881,0,0,0.20155722,0,6.796302892,,0,,,0,0,0,0,0,0,0,0.540943933
20,298,20298,0.027610093,0.002536538,0,0.018899817,6.92E-05,0.01566403,58.13858785,0.08424184,0.14784257,0,0.885140809,0,6.761599385,,0,,,0,0,0,0,0,0,2.273159453,1.770019944
20,299,20299,0.006716997,0.00061709,0,0.000779374,6.11E-06,0.001382328,10.50634505,0.007434223,0,0,0.078112417,0,0.636148073,,0,,,0,0,0,0,0,0,0,0.000238876
20,300,20300,0.003577324,0.000328649,0,0.002630387,3.35E-05,0.007572386,62.03277131,0.040724625,0,0,0.427899342,0,4.557402705,,0,,,0,0,0,0,0,0,0,0
20,301,20301,0.000894331,8.22E-05,0,0.001948435,9.17E-06,0.0020742,14.91311424,0.011155138,0.650998049,0,0.117208601,0,4.361122131,,0,,,0,0,0,0,0,0,0,1.674314766
20,302,20302,0.000418623,3.85E-05,0,0.002143278,2.10E-05,0.004745475,44.24268052,0.025521374,0,0,0.26815665,0,4.239893063,,0,,,0,0,0,0,0,0,0,0.260544204
20,303,20303,0.001255869,0.000115377,0,0.000487109,5.74E-06,0.001298851,8.392106942,0.006985278,0,0,0.073395291,0,0.419903975,,0,,,0,0,0,0,0,0,0,8.99E-05
20,304,20304,0,0,0,0.000292265,5.29E-06,0.00119698,11.59137276,0.006437413,0.144666233,0,0.067638797,0,4.050866901,,0,,,0,0,0,0,0,0,0,0.363567205
20,305,20305,0.002245342,0.000206279,0,0.00389687,2.48E-05,0.00562128,15.96948831,0.03023149,1.157329865,0,0.317646503,0,19.8927239,,0,,,0,0,0,0,0.4864,0.0459,0,2.076597994
20,306,20306,0.000190283,1.75E-05,0,0.000779374,2.39E-05,0.005413294,47.51163687,0.029112933,0,0,0.305893662,0,3.939375768,,0,4.4420686,,0,0,0,0,0,0,0,0.270250379
20,307,20307,0.000589878,5.42E-05,0,0.002045857,5.37E-05,0.012141003,92.36148497,0.065294845,0.151018907,0,0.68606208,0,13.33121502,,0,0.1757,,0,0,0,0,0,0,0.981691234,1.786229249
20,308,20308,0.001274897,0.000117125,0,0.004286557,1.73E-05,0.003923436,28.72353017,0.021100408,0.21699935,0,0.221704947,0,7.409328639,,0,,,0,0,0,0,0,0,0.099087665,0.7035585
20,309,20309,0.001465181,0.000134606,0,0.00613757,7.11E-05,0.016081417,161.8367462,0.086486564,0,0,0.908726442,0,8.929838887,,0,,,0,0,0,0,0,0,0,3.73277744
20,310,20310,0.002740078,0.000251731,0,0.00282523,3.75E-05,0.008476489,44.48657409,0.045586926,0.650998049,0,0.478988221,0,5.10918037,,0,,,0,0,0,0,0,0,0,1.249425843
20,311,20311,0.002112144,0.000194043,0,0.000194843,1.56E-06,0.000352303,3.196730204,0.001894699,0.017187435,0,0.019907873,0,1.880875622,,0,,,0,0,0,0,0.5652,0.0533,0,0.013568231
20,312,20312,0.000723076,6.64E-05,0,0.000974217,6.74E-05,0.015256548,136.4325031,0.08205038,0,0,0.862114836,0,5.615918225,,0,,,0,0,0,0,0,0,0,0.342951538
20,313,20313,0.009076509,0.000833858,0,0,4.95E-06,0.001119162,10.56649414,0.006018905,0,0,0.063241476,0,1.907907266,,0,,,0,0,0,0,0,0,0,0.016597417
20,314,20314,0.000532793,4.89E-05,0,0.005845304,1.00E-05,0.002273697,14.54955565,0.012228041,0.003176337,0,0.128481734,0,3.363334177,,0,3.97949155,,0,0,0,0,0,0,0,0.108480786
20,315,20315,9.51E-05,8.74E-06,0,9.74E-05,1.06E-05,0.00240245,21.33327509,0.012920481,0.289332466,0,0.135757302,0,3.607228292,,0,,,0,0,0,0,0,0,0,1.30884719
20,316,20316,5.71E-05,5.24E-06,0,0,4.38E-06,0.000991824,9.272822191,0.005334074,0,0,0.056045859,0,2.525868692,,0,,,0,0,0,0,0,0,0,0
20,317,20317,0,0,0,9.74E-05,8.25E-06,0.001866214,21.38165348,0.010036581,0.072333117,0,0.105455761,0,3.030594792,,0,,,0,0,0,0,0,0,0,0.254497044
20,318,20318,0.010408491,0.000956228,0,0.186367786,0.000219133,0.049589793,129.876082,0.266696075,2.025327263,0,2.80221301,0,23.25995842,,0,40.58057485,,0,0.14976,0.05,0,0,0,0.123556287,0.076317185
20,319,20319,0.000266396,2.45E-05,0,0.000876796,6.46E-06,0.001462976,15.14669643,0.007867949,0,0,0.082669641,0,,,0,,,0,0,0,0,0,0,0,0
20,320,20320,0.000285425,2.62E-05,0,0.000389687,4.40E-06,0.000994654,8.839963018,0.005349292,0.144666233,0,0.056205762,0,1.632887055,,0,,,0,0,0,0,0,0,0,0.136613132
20,321,20321,3.81E-05,3.50E-06,0,0,4.98E-06,0.001126237,10.47016095,0.006056951,0,0,0.063641232,0,2.090096282,,0,,,0,0,0,0,0,0,0,0.196656807
20,322,20322,0.000171255,1.57E-05,0,9.74E-05,5.80E-06,0.001313,11.44618135,0.00706137,0,0,0.074194804,0,1.261936549,,0,,,0,0,0,0,0,0,0,0.026000517
20,323,20323,5.71E-05,5.24E-06,0,0.000292265,1.52E-05,0.003445209,27.1437945,0.018528487,0,0,0.194681408,0,3.274416987,,0,5.80928055,,0,0,0,0,0,0,0,0.000911986
20,324,20324,0.004928335,0.000452766,0,0.073358569,0.000247249,0.055952465,375.3718751,0.300914804,0,0,3.161753993,0,17.80823991,,0,7.24538106,,0,0,0,0,0,0,0,1.393502307
20,325,20325,0.004680967,0.00043004,0,0.0044814,6.39E-05,0.01446422,122.7842595,0.077789209,0,0,0.81734211,0,10.02595434,,0,,,0,0,0,0,0,0,0,1.000171697
20,326,20326,5.71E-05,5.24E-06,0,0.000487109,3.03E-05,0.006855047,73.61113917,0.036866743,0,0,0.387364034,0,7.104528393,,0,,,0,0,0,0,0,0,0,0.175566599
20,327,20327,0.001674492,0.000153836,0,0.01626943,8.77E-05,0.019840728,88.59048163,0.106704301,5.431336414,0,1.121157038,0,44.32586652,,0,,,0,0,0,0,1.7279,0.1629,0,16.98976636
20,328,20328,0.00452874,0.000416055,0,0,7.03E-06,0.001591729,14.68999923,0.008560389,0.072333117,0,0.089945209,0,3.020250105,,0,,,0,0,0,0,0,0,0,1.15687578
20,329,20329,0.000380566,3.50E-05,0,0.001071639,8.02E-06,0.001815279,14.47067724,0.009762648,0.075509453,0,0.102577514,0,4.634028569,,0,,,0,0,0,0,0,0,0,0.546452527
20,330,20330,0.000171255,1.57E-05,0,0.000487109,2.65E-05,0.005987732,59.87101982,0.032202282,0,0,0.338353889,0,3.812514478,,0,,,0,0,0,0,0,0,0,0.091380458
20,331,20331,5.71E-05,5.24E-06,0,0.000487109,3.84E-06,0.00086873,9.683362286,0.00467207,0.144666233,0,0.049090096,0,3.387786693,,0,,,0,0,0,0,0,0,0,0.330515641
20,332,20332,3.81E-05,3.50E-06,0,0,2.28E-06,0.000515013,4.592681091,0.002769762,0.289332466,0,0.029102272,0,3.137109395,,0,,,0,0,0,0,0,0,0,0.153138914
20,333,20333,0.00068502,6.29E-05,0,0.004578822,1.57E-05,0.003556984,22.21843603,0.019129617,0.072333117,0,0.200997561,0,5.001180403,,0,,,0,0,0,0,0,0,0,1.327252032
20,334,20334,0.0054421,0.000499965,0,0.043839782,0.000243516,0.055107788,431.7505958,0.296372091,13.03714841,0,3.114023068,0,57.59412748,,0,6.9467764,,0,0,0,0,0,0,0,5.497692045
20,335,20335,5.71E-05,5.24E-06,0,0,5.76E-06,0.001304511,11.29682897,0.007015715,0,0,0.073715096,0,1.115386652,,0,,,0,0,0,0,0,0,0,0.000458411
20,336,20336,0.000247368,2.27E-05,0,0.000876796,1.74E-05,0.003938999,35.47889547,0.02118411,0.017187435,0,0.222584411,0,1.379278843,,0,,,0,0,0,0,0,0,0,0.000528043
20,337,20337,0.000894331,8.22E-05,0,0.010034439,2.59E-05,0.005863223,44.53974432,0.03153267,0,0,0.331318175,0,3.973870639,,0,2.5745823,,0,0,0,0,0,0,0,0.000969045
20,338,20338,0.00713562,0.000655549,0,0.028836835,4.63E-05,0.010472871,7.223027993,0.056323557,0,0,0.591799501,0,0.880536669,,0,,,0,0,0,0,0.139,0.0131,0,0.464853723
20,339,20339,0.005118618,0.000470247,0,0.010229283,2.21E-05,0.005001567,32.01386237,0.026898645,0.446704046,0,0.282627835,0,7.419855514,,0,,,0,0,0,0,0,0,2.422768037,0.650564954
20,340,20340,0.000475708,4.37E-05,0,0.000194843,1.03E-05,0.002340196,17.14039223,0.012585675,0.14784257,0,0.132239445,0,4.11056336,,0,,,0,0,0,0,0,0,0,0.576474364
20,341,20341,3.81E-05,3.50E-06,0,0.000681952,1.61E-06,0.000363622,2.647087677,0.001955573,0.072333117,0,0.020547483,0,1.318000339,,0,,,0,0,0,0,0,0,0,0.159749227
20,342,20342,0.000171255,1.57E-05,0,0.000487109,1.15E-05,0.002600532,15.45264556,0.013985774,0.289332466,0,0.146950484,0,2.155639522,,0,,,0,0,0,0,0,0,0,0.335493976
20,343,20343,0.000133198,1.22E-05,0,0,8.89E-06,0.002011946,3.45047778,0.010820332,0.433998699,0,0.113690744,0,2.001969805,,0,,,0,0,0,0,0,0,0,0.61840269
20,344,20344,0.000266396,2.45E-05,0,0.000194843,1.64E-05,0.003702716,32.1093015,0.019913368,0,0,0.209232544,0,5.331568647,,0,16.7837187,,0,0,0,0,0,0,0,0
20,345,20345,0.000323481,2.97E-05,0,0.001266483,2.03E-05,0.004592669,33.85553331,0.024699577,0,0,0.25952191,0,2.693181469,,0,,,0,0,0,0,0,0,0,0.22647743
20,346,20346,0.000532793,4.89E-05,0,0.000389687,8.30E-06,0.001877533,15.91273686,0.010097455,0,0,0.106095371,0,3.517719506,,0,,,0,0,0,0,0,0,0,0.445094397
20,347,20347,0.001826719,0.000167821,0,0.00058453,1.91E-05,0.00431394,42.26420814,0.023200557,0,0,0.243771505,0,2.511059671,,0,0.043746705,,0,0,0,0,0,0,0,0
20,348,20348,0.001331982,0.000122369,0,0.004286557,3.89E-05,0.008811813,61.70949932,0.047390315,0.433998699,0,0.497936678,0,15.08357004,,0,,,0,0,0,0,0,0,0,1.01330587
20,349,20349,0.001427124,0.00013111,0,0.000389687,1.15E-05,0.002606191,16.69503678,0.014016211,0.289332466,0,0.147270289,0,2.464647103,,0,,,0,0,0,0,0,0,0,0.525852627
20,350,20350,0.004243316,0.000389833,0,0.028057461,9.93E-05,0.022479461,1.665819755,0.120895524,0,0,1.270266207,0,0.55155096,,0.003704936,,,0,0,0,0,0,0,0.101419359,0.149342146
20,351,20351,9.51E-05,8.74E-06,0,0.000487109,1.09E-05,0.002477438,17.88658431,0.01332377,0.072333117,0,0.139994721,0,2.667511292,,0,2.18609705,,0,0,0,0,0,0,0,0
20,352,20352,0.002074087,0.000190546,0,0.00058453,1.71E-05,0.003873915,33.95309562,0.020834085,0,0,0.218906651,0,1.990611814,,0,,,0,0,0,0,0,0,0,0.209877432
20,353,20353,3.81E-05,3.50E-06,0,0.000292265,1.02E-05,0.002318973,17.44296365,0.012471536,0.075509453,0,0.131040176,0,3.39522653,,0,,,0,0,0,0,0,0,0,0
20,354,20354,1.90E-05,1.75E-06,0,9.74E-05,3.86E-06,0.000872975,7.310325876,0.004694898,0,0,0.04932995,0,0.669551205,,0,,,0,0,0,0,0,0,0,0.01779647
20,355,20355,5.71E-05,5.24E-06,0,0,4.82E-06,0.001090865,9.001674404,0.00586672,0,0,0.06164245,0,0.487243714,,0,,,0,0,0,0,0,0,0,0.015461473
20,356,20356,0.005727525,0.000526187,0,0.002922652,1.11E-05,0.00250998,17.38177927,0.013498783,0.14784257,0,0.141833601,0,2.360396014,,0,,,0,0,0,0,0,0,0,0.484836123
20,357,20357,0.000475708,4.37E-05,0,0.00058453,6.43E-06,0.001455902,12.27115508,0.007829903,0.072333117,0,0.082269885,0,1.803157454,,0,,,0,0,0,0,0,0,0,0
20,358,20358,0.001160728,0.000106636,0,0.00058453,9.87E-06,0.00223408,17.1353186,0.012014982,0.506331816,0,0.126243098,0,9.814961487,,0,21.11540683,,0,0,0,0,0,0,0,1.03067115
20,359,20359,3.81E-05,3.50E-06,0,9.74E-05,5.31E-06,0.00120264,11.03207659,0.00646785,0.003176337,0,0.067958602,0,0.67468261,,0,,,0,0,0,0,0,0,0,0.000125724
20,360,20360,0.00057085,5.24E-05,0,0.000876796,1.91E-05,0.004319599,31.09023015,0.023230994,0.795664282,0,0.24409131,0,9.597351347,,0,,,0,0,0,0,0,0,0,0.849777846
20,361,20361,0.000437651,4.02E-05,0,0.000194843,6.45E-06,0.001460146,12.82425797,0.00785273,0.072333117,0,0.082509739,0,1.507323216,,0,12.2058405,,0,0,0,0,0,0,0,0
20,362,20362,0.000361538,3.32E-05,0,0.000974217,7.77E-06,0.001757269,13.12541999,0.00945067,0.075509453,0,0.099299511,0,2.449276359,,0,,,0,0,0,0,0,0,0,0
20,363,20363,0.000532793,4.89E-05,0,0.003312339,1.56E-05,0.003535761,29.09348671,0.019015478,0.092696888,0,0.199798291,0,3.140708248,,0,1.962356395,,0,0,0,0,0,0,0,0.000555122
20,364,20364,0.00180769,0.000166072,0,0.03643573,9.27E-05,0.020966965,164.477049,0.112761252,0,0,1.184798271,0,13.5402861,,0,72.25494005,,0,0,0,0,0,0,0,2.402754251
20,365,20365,5.71E-05,5.24E-06,0,0.002532965,6.35E-06,0.001437508,13.60099602,0.007730983,0.020363771,0,0.081230518,0,2.491072105,,0,0.34327764,,0,0,0,0,0,0,0,0.000593806
20,366,20366,0.000190283,1.75E-05,0,0.001266483,2.65E-05,0.005999051,60.46532018,0.032263156,0,0,0.338993499,0,2.87342703,,0,,,0,0,0,0,0,0,0,0.228190285
20,367,20367,0.001103643,0.000101392,0,0.002727809,2.89E-05,0.006535286,69.11618097,0.035147056,0.003176337,0,0.369295041,0,4.319643728,,0,,,0,0,0,0,0,0,0,0.26815689
20,368,20368,0.000951416,8.74E-05,0,0.001461326,1.07E-05,0.002413769,17.98843849,0.012981355,0.072333117,0,0.136396913,0,1.97905929,,0,,,0,0,0,0,0,0,0,0.439612797
20,369,20369,0.000133198,1.22E-05,0,0.000389687,9.08E-06,0.002054392,5.58912224,0.011048609,0.361665583,0,0.116089283,0,5.666215729,,0,4.640989,,0,0,0,0,0,0,0,0.49430147
20,370,20370,0.00011417,1.05E-05,0,0.000389687,3.56E-06,0.000805061,6.879282707,0.004329655,0.144666233,0,0.045492288,0,2.325112528,,0,,,0,0,0,0,0,0,0,0.203542549
20,371,20371,0.000133198,1.22E-05,0,0.00165617,6.09E-06,0.001378084,12.04324038,0.007411395,0.072333117,0,0.077872563,0,1.431818058,,0,,,0,0,0,0,0,0,0,0.187843056
20,372,20372,0.000133198,1.22E-05,0,0.001558748,1.19E-05,0.002700988,23.76303303,0.014526029,0,0,0.152627026,0,4.238200899,,0,11.31718755,,0,0,0,0,0,0,0,0.435178928
20,373,20373,0.000494736,4.55E-05,0,0,2.41E-06,0.000544725,4.339160314,0.002929555,0,0,0.030781249,0,1.171813077,,0,,,0,0,0,0,0,0,0,0.142672585
20,374,20374,0.000171255,1.57E-05,0,0,8.52E-06,0.001928468,16.85138298,0.010371387,0,0,0.108973618,0,0.818477997,,0,1.5609941,,0,0,0,0,0,0,0,0.027262678
20,375,20375,0.00180769,0.000166072,0,0.008767956,6.12E-05,0.013841677,3.832540733,0.074441145,0,0,0.782163539,0,0.278073584,,0.001998369,,,0,0,0,0,0,0,0,0.075722778
20,376,20376,0,0,0,0.000876796,2.25E-06,0.000509353,3.973514124,0.002739325,0,0,0.028782467,0,0.217824307,,0,,,0,0,0,0,0,0,0,0.05508594
20,377,20377,0.000970444,8.92E-05,0,0.00282523,6.50E-05,0.014707578,117.8705104,0.079097997,0.185393776,0,0.831093733,0,5.065023921,,0,55.1246115,,0,0,0,0,0,0,0,0
20,378,20378,0.000437651,4.02E-05,0,0.000487109,1.77E-05,0.004006913,33.51231688,0.021549353,0.361665583,0,0.226422073,0,9.670176241,,0,,,0,0,0,0,0,0,0,1.469232241
20,379,20379,5.71E-05,5.24E-06,0,0.000389687,1.71E-05,0.00387816,41.07888418,0.020856913,0,0,0.219146505,0,2.921098536,,0,,,0,0,0,0,0,0,0,0.343185407
20,380,20380,0.000418623,3.85E-05,0,0.000974217,1.16E-05,0.002614681,12.21695768,0.014061866,0.361665583,0,0.147749997,0,2.253590052,,0,,,0,0,0,0,0,0,0,0.543731617
20,381,20381,0.000761133,6.99E-05,0,0.000681952,1.44E-05,0.003254202,12.88669848,0.01750124,0.07868579,0,0.183887983,0,3.050290345,,0,,,0,0,0,0,0,0,0.000249376,0.482277406
20,382,20382,3.81E-05,3.50E-06,0,0.000779374,7.35E-06,0.001662473,13.27707071,0.008940851,0,0,0.093942774,0,1.906975769,,0,,,0,0,0,0,0,0,0,0.231360949
20,383,20383,1.90E-05,1.75E-06,0,0,3.34E-06,0.000755541,8.533010815,0.004063331,0.072333117,0,0.042693993,0,3.938277794,,0,,,0,0,0,0,0,0,0,0.179029306
20,384,20384,0.011017398,0.001012168,0,0.000681952,2.44E-05,0.005517995,38.55975629,0.029676016,0.220175686,0,0.311810058,0,3.532967465,,0,,,0,0,0,0,0,0,0,0
20,385,20385,0.016440469,0.001510385,0,0.053289691,0.000441085,0.099817693,49.5607678,0.536823915,1.301996098,0,5.640484055,0,2.808849745,,0.014543004,,,0,0,0,0,0.366,0.0345,0.000920773,0.500611701
20,386,20386,0.000304453,2.80E-05,0,0.000779374,0.000112821,0.025531337,216.4055902,0.137308644,0.020363771,0,1.442721155,0,23.88180986,,0,30.715129,,0,0,0,0,0,0,0,0
20,387,20387,0.000551821,5.07E-05,0,0.002045857,1.54E-05,0.003483411,17.79442379,0.018733936,1.449838668,0,0.196840093,0,17.89350389,,0,,,0,0,0,0,0,0,0,2.133909962
20,388,20388,3.81E-05,3.50E-06,0,0,1.45E-05,0.00327967,33.03242735,0.017638207,0,0,0.185327107,0,6.491689308,,0,,,0,0,0,0,0,0,0,0.993861466
20,389,20389,0.000190283,1.75E-05,0,9.74E-05,5.62E-06,0.001271968,12.12436559,0.006840702,0.289332466,0,0.071876216,0,2.739436362,,0,,,0,0,0,0,0,0,0,0.383872418
20,390,20390,0.029094302,0.002672892,0,0.109209769,0.000283055,0.064055428,6.013886256,0.344492893,0.072333117,27.942054,3.619635071,0,0.185382389,,0.010235639,,,0,0,0,0,0.1621,0.0153,0.657038996,0.048378442
20,391,20391,5.71E-05,5.24E-06,0,0.000779374,2.02E-05,0.004561542,39.56808466,0.024532173,0,0,0.257762982,0,2.179391314,,0,3.71861062,,0,0,0,0,0,0,0,0
20,392,20392,0.000190283,1.75E-05,0,0.001558748,3.98E-05,0.008995746,72.23959692,0.048379516,0,0,0.508330347,0,18.6123676,,0,,,0,0,0,0,0,0,0,0
20,393,20393,0.000399595,3.67E-05,0,9.74E-05,2.28E-05,0.005158618,45.28424651,0.027743271,0.650998049,0,0.291502429,0,5.217142508,,0,,,0,0,0,0,0,0,0,0.958103487
20,394,20394,1.90E-05,1.75E-06,0,0.000292265,1.58E-05,0.003576792,27.50974531,0.019236146,0,0,0.202116879,0,6.517133409,,0,,,0,0,0,0,0,0,0,0.001917781
20,395,20395,0.000551821,5.07E-05,0,0,9.61E-06,0.002174656,18.95887536,0.011695394,0.072333117,0,0.122885144,0,8.418890845,,0,,,0,0,0,0,0,0,0,0.554164558
20,396,20396,0.000361538,3.32E-05,0,0.001169061,2.04E-05,0.004608233,40.26694093,0.024783278,0,0,0.260401374,0,2.117033612,,0,1.74887764,,0,0,0,0,0,0,0,0.104254501
20,397,20397,0.010503633,0.000964968,0,0.051925787,0.000227304,0.051439029,253.1201334,0.276641345,1.663661681,0,2.906709355,0,12.80517327,,0,40.68099563,,0,0,0,0,0,0,0.038039453,1.310769947
20,398,20398,0.001617407,0.000148591,0,0.004091713,2.55E-05,0.005774086,38.14406384,0.031053288,1.663661681,0,0.326281243,0,13.01891839,,0,4.89170637,,0,0,0,0,0,0,0,1.942499606
20,399,20399,0.023519004,0.00216069,0,0.014223574,0.000135122,0.030578179,37.73906391,0.164450785,0.36484192,0,1.727907432,0,2.992570007,,0.004154875,,,0,0,0,0,0,0,0,0.493249765
20,400,20400,0.000418623,3.85E-05,0,0.000779374,7.70E-06,0.001741705,9.753140558,0.009366968,0.21699935,0,0.098420047,0,1.139714907,,0,,,0,0,0,0,0,0,0,0.134960553
20,401,20401,0.001141699,0.000104888,0,0.084951756,0.000126694,0.028670934,176.3665901,0.154193536,6.07598179,0,1.620133083,0,36.40865231,,0,,,0,0,0,0,0,0,0,1.965786033
20,402,20402,5.71E-05,5.24E-06,0,0.000292265,5.98E-06,0.001352616,9.631594446,0.007274429,0.144666233,0,0.07643344,0,1.251759031,,0,,,0,0,0,0,0,0,0,0.208777934
20,403,20403,0.006260318,0.000575135,0,0.003312339,1.35E-05,0.003044801,3.2327431,0.016375074,0.578664932,0,0.172055191,0,1.088814468,,0.000478178,,,0,0,0,0,0,0,0,0.200875704
20,404,20404,0.000152227,1.40E-05,0,0,4.45E-06,0.001007388,5.747863936,0.005417775,1.157329865,0,0.056925323,0,10.02930227,,0,,,0,0,0,0,0,0,0,0.711159488
20,405,20405,0.003120645,0.000286693,0,0.00058453,1.03E-05,0.002334536,13.37236389,0.012555238,0.220175686,0,0.13191964,0,1.730812224,,0,,,0,0,0,0,0,0,0,0.165257821
20,406,20406,0.000475708,4.37E-05,0,0.003994291,0.000129051,0.02920434,286.4354727,0.157062218,0.072333117,0,1.650274722,0,21.08186178,,0,1.7163882,,0,0,0,0,0,0,0,0.941382801
20,407,20407,0.000266396,2.45E-05,0,0.00058453,5.66E-05,0.012805992,134.6624305,0.068871185,0,0,0.723639189,0,7.878751535,,0,215.4240407,,0,0,0,0,0,0,0,6.606776387
20,408,20408,0,0,0,0,2.79E-06,0.000631032,6.528498292,0.003393719,0,0,0.035658278,0,1.314112801,,0,0.875934525,,0,0,0,0,0,0,0,0.102184419
20,409,20409,0.010789058,0.00099119,0,0.026693556,5.28E-05,0.01195424,5.136510883,0.064290426,0.14784257,0,0.675508509,0,3.118977484,,0.0019626,,,0,0,0,0,0,0,0.037885991,0.562662311
20,410,20410,0.000285425,2.62E-05,0,0.000389687,2.44E-05,0.005532143,41.74006356,0.029752109,0,0,0.312609571,0,7.216835608,,0,,,0,0,0,0,0,0,0,0
20,411,20411,0.000380566,3.50E-05,0,0.000487109,4.18E-06,0.000946548,2.675020442,0.005090578,0.144666233,0,0.053487418,0,0.710462882,,0,,,0,0,0,0,0,0,0,0.189306946
20,412,20412,0.000475708,4.37E-05,0,0.0022407,1.86E-05,0.004212069,34.82127332,0.022652692,0,0,0.238015011,0,6.010524906,,0,,,0,0,0,0,0,0,0,3.31190757
20,413,20413,0.008733999,0.000802392,0,0.310775347,0.000225185,0.050959388,154.644521,0.274061814,0,0,2.879605865,0,10.65263422,,0,13.46445575,,0,0.90909,0.366,3.4,0,0,0.028250203,1.277979786
20,414,20414,0.001902832,0.000174813,0,0.002143278,6.42E-05,0.014537793,117.3662263,0.078184889,4.19532076,0,0.821499577,0,21.46185872,,0,,,0,0,0,0,0,0,0,1.316423854
20,415,20415,0.000190283,1.75E-05,0,0.001266483,2.56E-05,0.005788235,47.20714659,0.03112938,0.14784257,0,0.327080756,0,10.95440356,,0,,,0,0,0,0,0,0,0,0
20,416,20416,0.003919834,0.000360115,0,0,3.60E-06,0.00081355,7.557698094,0.00437531,0,0,0.045971996,0,1.051775796,,0,,,0,0,0,0,0.2316,0.0218,0,0.008772019
20,417,20417,0.00022834,2.10E-05,0,0.003020074,5.41E-05,0.012238629,119.7237797,0.065819882,0.726507502,0,0.691578719,0,13.38691633,13.83004113,0,,,0,0,0,0,0,0,0,10.29033595
20,418,20418,0.002587852,0.000237746,0,0.018607552,7.21E-05,0.016324775,77.82617068,0.087795353,0.595852367,0,0.922478065,0,19.1111448,,0,,,0,0,0,0,0,0,0,2.053879657
20,419,20419,0.000247368,2.27E-05,0,9.74E-05,3.43E-06,0.000776764,5.844002844,0.00417747,0,0,0.043893262,0,0.747742914,,0,,,0,0,0,0,0,0,0,0.00012379
20,420,20420,9.51E-05,8.74E-06,0,0.000876796,1.05E-05,0.002385472,23.03162324,0.01282917,0,0,0.134797887,0,3.638547094,,0,,,0,0,0,0,0,0,0,0
20,421,20421,0.001027529,9.44E-05,0,0.004091713,2.71E-05,0.006143367,25.45056961,0.033039298,0.654174386,0,0.347148532,0,7.195435508,,0,,,0,0,0,0,0,0,0,1.297075055
20,422,20422,9.51E-05,8.74E-06,0,0,3.65E-06,0.000824869,8.70864647,0.004436184,0.075509453,0,0.046611606,0,4.408747536,,0,2.77464938,,0,0,0,0,0,0,0,0.206572276
20,423,20423,0,0,0,0,3.56E-06,0.000806476,8.167511595,0.004337264,0.023540108,0,0.045572239,0,2.032636092,,0,,,0,0,0,0,0,0,0,0.170766415
20,424,20424,0.000209312,1.92E-05,0,0.000487109,2.55E-05,0.005775501,51.73440912,0.031060897,0,0,0.326361195,0,3.013841714,,0,2.463933025,,0,0,0,0,0,0,0,0
20,425,20425,3.81E-05,3.50E-06,0,0.000876796,1.33E-05,0.003013674,26.24176606,0.01620767,0,0,0.170296263,0,3.35421959,,0,,,0,0,0,0,0,0,0,0.050170901
20,426,20426,1.90E-05,1.75E-06,0,0.000681952,5.21E-05,0.011780211,108.510226,0.06335449,0,0,0.665674499,0,15.10195784,,0,,,0,0,0,0,0,0,0,4.985082909
20,427,20427,0.001959917,0.000180057,0,0.008475691,8.75E-05,0.019795452,37.00330689,0.106460806,0.14784257,0,1.118598597,0,7.807893113,,0,,,0,0,0,0,0.2594,0.0245,0,2.016962359
20,428,20428,0.000209312,1.92E-05,0,0,1.02E-05,0.002314728,19.65098408,0.012448708,0,0,0.130800322,0,3.938027556,,0,20.80188714,,0,0,0,0,0,0,0,0
20,429,20429,0.000361538,3.32E-05,0,0.000389687,8.93E-06,0.00202185,17.78270962,0.010873597,0.072333117,0,0.114250403,0,7.605186193,,0,,,0,0,0,0,0,0,0,0
20,430,20430,0.000190283,1.75E-05,0,0.000194843,2.05E-06,0.000464077,3.333108241,0.002495829,0.003176337,0,0.026224025,0,0.994092267,,0,43.721941,,0,0,0,0,0,0,0,0.165257821
20,431,20431,0.00022834,2.10E-05,0,0.000681952,9.87E-06,0.00223408,12.71888137,0.012014982,0.21699935,0,0.126243098,0,2.290893134,1.75180521,0,,,0,0,0,0,0.9358,0.0882,0,0.044806716
20,432,20432,3.81E-05,3.50E-06,0,0.000194843,5.56E-06,0.00125782,0,0.00676461,0,0,0.071076703,0,1.176925372,,0,,,0,0,0,0,0,0,0,0.000244679
20,433,20433,0,0,0,9.74E-05,1.82E-05,0.004118688,36.71389959,0.022150483,0,0,0.232738226,0,2.813094577,,0,,,0,0,0,0,0,0,0,0.234090117
20,434,20434,3.81E-05,3.50E-06,0,0.000194843,2.77E-05,0.006266461,54.65555415,0.033701301,0,0,0.354104295,0,3.785475114,,0,,,0,0,0,0,0,0,0,0.058501164
20,435,20435,9.51E-05,8.74E-06,0,0.000487109,1.40E-05,0.003159406,27.48273016,0.016991422,0,0,0.178531246,0,1.903169074,,0,,,0,0,0,0,0,0,0,0.000444871
20,436,20436,0.006012949,0.000552409,0,0,5.43E-06,0.001229522,12.44570488,0.006612425,0,0,0.069477677,0,1.726315065,,0,,,0,0,0,0,0,0,0,0.012874042
20,437,20437,0.002397568,0.000220264,0,0.005747883,5.93E-05,0.01342995,111.1281207,0.072226858,0,0,0.758897711,0,6.053465317,,0,3.02398525,,0,0,0,0,0,0,0,0.001330745
20,438,20438,0.000152227,1.40E-05,0,0.000194843,1.01E-05,0.002287845,19.64908403,0.012304133,0,0,0.129281247,0,0.886284885,,0,,,0,0,0,0,0,0,0,0.02170917
20,439,20439,0.001008501,9.27E-05,0,0.032344017,0.000131971,0.029865085,276.9565681,0.160615731,3.995508845,0,1.687611978,0,32.94325283,,0,7.06914643,,0,0,0,0,0,0,0,2.191597353
20,440,20440,7.61E-05,6.99E-06,0,0.000292265,5.27E-06,0.001192736,10.67845042,0.006414585,0,0,0.067398943,0,2.132559696,,0,,,0,0,0,0,0,0,0,0.44371752
20,441,20441,0.013129541,0.00120621,0,0.009157643,5.26E-05,0.011900475,75.89990628,0.064001275,0.578664932,0,0.672470359,0,10.13439547,,0,,,0,0,0,0,0,0,0,1.534907645
20,442,20442,5.71E-05,5.24E-06,0,9.74E-05,1.73E-06,0.000391919,0,0.002107758,0,0,0.022146509,0,0.160663534,,0,,,0,0,0,0,0,0,0,4.16E-05
20,443,20443,0.000171255,1.57E-05,0,0,2.42E-06,0.000547555,4.883053591,0.002944774,0,0,0.030941152,0,0.499544228,,0,,,0,0,0,0,0,0,0,0.000114119
20,444,20444,0,0,0,0.000292265,2.62E-06,0.000592831,4.875449247,0.003188269,0,0,0.033499593,0,0.917058764,,0,,,0,0,0,0,0,0,0,0.099154692
20,445,20445,0.000190283,1.75E-05,0,0,7.72E-06,0.001747365,15.21185666,0.009397405,0,0,0.098739852,0,4.386355789,,0,,,0,0,0,0,0,0,0,0.300218374
20,446,20446,0.00011417,1.05E-05,0,0.000292265,3.94E-05,0.008909439,77.86903908,0.047915352,0,0,0.503453317,0,5.491953276,,0,1.587659085,,0,0,0,0,0,0,0,1.465286009
20,447,20447,0.001845747,0.000169569,0,0.00730663,8.16E-05,0.018475378,149.8943622,0.09936139,0.072333117,0,1.044004037,0,17.44627109,,0,,,0,0,0,0,0,0,0,0
20,448,20448,0,0,0,0,1.24E-05,0.002811348,25.09092706,0.01511955,0,0,0.158863227,0,2.93566075,,0,,,0,0,0,0,0,0,0,0
20,449,20449,0.001293926,0.000118873,0,0.00165617,1.86E-05,0.004212069,33.17587292,0.022652692,0.21699935,0,0.238015011,0,9.499696323,,0,,,0,0,0,0,0,0,0,2.228563435
20,450,20450,0.000133198,1.22E-05,0,0.001071639,7.77E-05,0.017586839,141.0729512,0.09458279,0,0,0.993794622,0,5.217805425,,0,,,0,0,0,0,0,0,0,0
20,451,20451,0.00011417,1.05E-05,0,0.000487109,4.75E-06,0.001075302,9.888486753,0.005783019,0,0,0.060762986,0,5.289015879,,0,,,0,0,0,0,0,0,0,0.493570024
20,452,20452,0.003425098,0.000314664,0,0.002435543,2.27E-05,0.005138809,38.58562881,0.027636741,0.578664932,0,0.290383111,0,8.818808112,,0,,,0,0,0,0,0.2779,0.0262,0,1.212616159
20,453,20453,0.000780161,7.17E-05,0,0.003604604,2.62E-05,0.005935381,42.49011732,0.03192074,0,0,0.335395691,0,10.88343805,,0,3.42411941,,0,0,0,0,0,0,0.01837083,0.778812991
20,454,20454,0.000266396,2.45E-05,0,0.000487109,2.18E-05,0.004927994,43.39178944,0.026502965,0,0,0.278470368,0,3.549027083,,0,,,0,0,0,0,0,0,0,0.001204053
20,455,20455,0.001274897,0.000117125,0,0.00058453,1.41E-05,0.003200437,28.67001053,0.017212089,0.072333117,0,0.180849834,0,2.623177355,,0,,,0,0,0,0,0,0,0,0.260556497
20,456,20456,0.004110117,0.000377596,0,0.000779374,9.93E-06,0.002246814,13.12143669,0.012083465,0,0,0.12696266,0,0.808020932,,0,,,0,0,0,0,0,0,0,0.11017188
20,457,20457,7.61E-05,6.99E-06,0,0,1.94E-05,0.004380439,42.40721069,0.023558191,0,0,0.247529216,0,6.843322883,,0,,,0,0,0,0,0,0,0,0.002000952
20,458,20458,5.71E-05,5.24E-06,0,9.74E-05,8.13E-06,0.001840746,17.83879707,0.009899615,0.003176337,0,0.104016637,0,1.295353765,,0,,,0,0,0,0,0,0,0,0.00052901
20,459,20459,0.002435625,0.000223761,0,0.007209209,2.66E-05,0.006023103,32.52150207,0.032392513,0.075509453,0,0.340352671,0,5.706251504,,0,,,0,0,0,0,0,0,0.000527526,0.986726904
20,460,20460,0.00022834,2.10E-05,0,0.001266483,3.21E-05,0.007255455,59.09371648,0.039020157,0.144666233,0,0.409990251,0,7.441549118,,0,1.28729115,,0,0,0,0,0,0,0,3.577245047
20,461,20461,7.61E-05,6.99E-06,0,0.000389687,3.21E-06,0.000727243,5.146424545,0.003911147,0.29568514,0,0.041094967,0,1.814518124,,0,,,0,0,0,0,0,0,0,0.203267119
20,462,20462,0.000951416,8.74E-05,0,0.00282523,2.37E-05,0.005372263,27.35634958,0.028892265,0.654174386,0,0.303575075,0,5.016368946,,0,,,0,0,0,0,0,0,0,0.501282056
20,463,20463,9.51E-05,8.74E-06,0,0,3.57E-06,0.000807891,7.525898881,0.004344873,0.14784257,0,0.045652191,0,5.215994711,,0,,,0,0,0,0,0.6393,0.0603,0,0.448950413
20,464,20464,0.00034251,3.15E-05,0,0,2.48E-06,0.000561704,4.147685521,0.003020866,0.237363121,0,0.031740665,0,6.682164449,,0,,,0,0,0,0,0,0,0,0.290853764
20,465,20465,5.71E-05,5.24E-06,0,0.000974217,1.01E-05,0.002276526,17.23077853,0.012243259,0,0,0.128641637,0,2.698984596,,0,,,0,0,0,0,0,0,0,0.001104441
20,466,20466,1.90E-05,1.75E-06,0,9.74E-05,7.72E-05,0.017480724,126.6236851,0.094012097,0.003176337,0,0.987798275,0,13.71683862,,0,4.28662233,,0,0,0,0,0,0,0,0.657926451
20,467,20467,0.002549795,0.00023425,0,0.016756539,0.00010423,0.023587305,186.0360135,0.126853555,3.97832141,0,1.332868073,0,38.53661735,,0,,,0,0,0,0,0,0,0,3.531430219
20,468,20468,0.000152227,1.40E-05,0,0.000487109,8.00E-05,0.018097607,206.4337286,0.097329724,1.518995447,0,1.02265704,0,16.07821776,,0,,,0,0,0,0,0,0,0,7.719272527
20,469,20469,0.003158701,0.00029019,0,0.031272378,0.000230155,0.05208421,375.897105,0.280111156,0.399216789,0,2.943167147,0,17.8883014,,0,37.7595101,,0,0,0,0,0,0,0,0.988241767
20,470,20470,7.61E-05,6.99E-06,0,0.001461326,2.58E-05,0.005832096,47.26339473,0.031365266,0,0,0.329559246,0,14.70372753,,0,24.1803032,,0,0,0,0,0,0,0,5.899668147
20,471,20471,0.000190283,1.75E-05,0,0.000292265,2.49E-06,0.000564533,4.485967147,0.003036085,0,0,0.031900568,0,0.308612036,,0,,,0,0,0,0,0,0,0,0.000149902
20,472,20472,0.000304453,2.80E-05,0,0.003799448,1.72E-05,0.003889479,19.35243772,0.020917787,0.003176337,0,0.219786116,0,9.282418013,,0,,,0,0,0,0,0,0,0,1.431255233
20,473,20473,0.00022834,2.10E-05,0,0,7.72E-06,0.001747365,17.07287367,0.009397405,0.017187435,0,0.098739852,0,1.129772287,,0,,,0,0,0,0,0,0,0,0.000264988
20,474,20474,0.000304453,2.80E-05,0,0.000681952,1.82E-05,0.004125762,28.58418632,0.022188529,1.160506202,0,0.233137982,0,3.577365615,,0,,,0,0,0,0,0,0,0,0.381395606
20,475,20475,0.006755054,0.000620586,0,0.0067221,5.50E-05,0.012440956,85.96589542,0.066908003,2.09766038,0,0.703011755,0,6.158803391,,0,0.51897764,,0,0,0,0,0,0,0,2.029791142
20,476,20476,0.000209312,1.92E-05,0,0.000292265,1.54E-06,0.000349473,2.661788854,0.001879481,0,0,0.01974797,0,0.457545148,,0,,,0,0,0,0,0,0,0,0.0732643
20,477,20477,0,0,0,0.000292265,9.02E-06,0.002041658,15.37983917,0.010980126,0,0,0.115369722,0,5.399523527,,0,4.78098525,,0,0,0,0,0,0,0,0
20,478,20478,9.51E-05,8.74E-06,0,0,1.17E-05,0.002647223,25.47438098,0.014236879,0.07868579,0,0.149588877,0,5.191832164,,0,0.5271,,0,0,0,0,0,0,0,0.084880329
20,479,20479,3.81E-05,3.50E-06,0,0,1.16E-06,0.000263166,2.946988307,0.001415318,0,0,0.014870941,0,1.434263556,,0,,,0,0,0,0,0,0,0,0.109070162
20,480,20480,0,0,0,0,5.21E-06,0.001180002,11.73618068,0.006346102,0,0,0.066679382,0,4.170082612,,0,,,0,0,0,0,0,0,0,0.21153001
20,481,20481,0.000190283,1.75E-05,0,0.000974217,1.29E-05,0.002925952,24.04544519,0.015735898,0,0,0.165339282,0,5.98850035,,0,2.06133984,,0,0,0,0,0,0,0,1.39091999
20,482,20482,0.010123067,0.000930006,0,0.0649803,0.000271076,0.061344536,297.5207357,0.329913599,6.07598179,0,3.466448386,0,47.68878234,,0,,,0,0,0,0,0,0,0,3.422093006
20,483,20483,0.000989473,9.09E-05,0,0.004871087,5.49E-05,0.012426807,49.08986743,0.06683191,0.52351925,0,0.702212242,0,5.149698335,,0,4.0207941,,0,0,0,0,0.8014,0.0756,0,1.95932689
20,484,20484,0.00022834,2.10E-05,0,0.002435543,2.34E-05,0.005285956,34.35941827,0.028428102,0,0,0.298698046,0,5.747919999,,0,,,0,0,0,0,0,0,0,0.62605171
20,485,20485,0,0,0,0.000974217,1.70E-05,0.003845618,35.60758103,0.020681901,0.075509453,0,0.217307625,0,3.866096146,,0,,,0,0,0,0,0,0,0,0.321065063
20,486,20486,0.000437651,4.02E-05,0,0.002630387,1.34E-05,0.003033482,23.71829412,0.0163142,1.015839968,0,0.171415581,0,21.5830135,,0,,,0,0,0,0,0,0,0,0.766796288
20,487,20487,0.000608906,5.59E-05,0,0.000389687,1.16E-05,0.002634489,19.91648559,0.014168395,0,0,0.148869315,0,3.443277539,,0,,,0,0,0,0,0,0,0,1.120066097
20,488,20488,0.000152227,1.40E-05,0,0,7.00E-07,0.000158465,1.477909014,0.000852234,0,0,0.008954545,0,1.469219433,,0,,,0,0,0,0,0,0,0,0.063348831
20,489,20489,3.81E-05,3.50E-06,0,0.000292265,2.86E-05,0.006468788,59.41261872,0.034789422,0.003176337,0,0.36553733,0,5.723219033,,0,,,0,0,0,0,0,0,0,0.390150195
20,490,20490,3.81E-05,3.50E-06,0,0.000194843,1.83E-05,0.004135666,36.06618829,0.022241794,0,0,0.233697641,0,3.09400712,,0,,,0,0,0,0,0,0,0,0.05118063
20,491,20491,0.000437651,4.02E-05,0,0.000487109,2.69E-05,0.006082528,57.78148563,0.032712101,0.034374869,0,0.343710626,0,4.940776829,,0,4.01673292,,0,0,0,0,0,0,0,0
20,492,20492,9.51E-05,8.74E-06,0,0,2.02E-05,0.004579936,40.91149746,0.024631093,0.14784257,0,0.258802349,0,8.132720813,,0,1.757,,0,0,0,0,0,0,0,0.842814885
20,493,20493,0.000152227,1.40E-05,0,0,2.86E-06,0.000648011,1.431731381,0.00348503,1.03620374,0,0.036617694,0,9.433883553,,0,,,0,0,0,0,0,0,0,0.710608629
20,494,20494,0,0,0,9.74E-05,2.78E-05,0.006282025,62.40673552,0.033785003,0,0,0.354983759,0,6.125818165,,0,,,0,0,0,0,0,0,0,2.368440234
20,495,20495,0.000171255,1.57E-05,0,0.001753591,1.73E-05,0.003923436,34.93534987,0.021100408,0,0,0.221704947,0,2.408781227,,0,13.9795805,,0,0,0,0,0,0,0,0
20,496,20496,0.000171255,1.57E-05,0,0.000487109,1.03E-05,0.002340196,14.4739435,0.012585675,0.037551206,0,0.132239445,0,2.320769407,,0,,,0,0,0,0,0,0,0,0.000347193
20,497,20497,3.81E-05,3.50E-06,0,0.000389687,2.50E-05,0.005663726,47.53904237,0.030459767,0,0,0.320045042,0,3.281268286,,0,,,0,0,0,0,0,0,0,0.253121834
20,498,20498,0.000133198,1.22E-05,0,9.74E-05,3.31E-05,0.00748042,64.21177935,0.040230025,2.09766038,0,0.422702507,0,21.66628899,,0,200.7883291,,0,0,0,0,0,0,0,18.15558301
20,499,20499,0.001408096,0.000129362,0,0.003507183,1.28E-05,0.002901899,13.82852808,0.015606541,0.144666233,0,0.16398011,0,2.278260712,,0,,,0,0,0,0,0,0,0,0.165257821
20,500,20500,0.000742105,6.82E-05,0,0.004676243,4.52E-05,0.010223854,91.70687137,0.054984332,0.017187435,0,0.577728072,0,10.70076995,,0,,,0,0,0,0,0,0,0,0.824636525
20,501,20501,0.000209312,1.92E-05,0,0.000292265,4.26E-06,0.000963527,7.525882819,0.005181889,0,0,0.054446833,0,0.862028109,,0,,,0,0,0,0,0,0,0,0.118434771
20,502,20502,0.000437651,4.02E-05,0,0.000681952,3.13E-05,0.007081426,57.65824883,0.038084221,0,0,0.400156242,0,6.70198758,,0,,,0,0,0,0,0,0,0,0.002999978
20,503,20503,0.00045668,4.20E-05,0,9.74E-05,2.66E-06,0.000602735,4.598617231,0.003241534,0,0,0.034059253,0,0.234555536,,0,,,0,0,0,0,0,0,0,4.93E-05
20,504,20504,0.000418623,3.85E-05,0,0.000389687,8.72E-06,0.001973744,16.87477372,0.010614883,0.092696888,0,0.111532059,0,1.688563414,,0,18.07954005,,0,0,0,0,0,0,0,0.000258219
20,505,20505,0.001712549,0.000157332,0,0.005455617,4.68E-05,0.01058606,25.95426931,0.056932296,4.846318809,0,0.598195604,0,71.01409334,,0,,,0,0,0,0,0,0,0,4.584844392
20,506,20506,0.003310928,0.000304175,0,0.000876796,4.53E-06,0.001024366,8.662616363,0.005509086,0,0,0.057884739,0,2.25278304,,0,,,0,0,0,0,0,0,0,0.65836749
20,507,20507,0.000418623,3.85E-05,0,0.001363904,1.81E-05,0.004088975,32.15977495,0.021990689,0.361665583,0,0.231059248,0,4.246901129,,0,,,0,0,0,0,0,0,0,0.323539186
20,508,20508,0.000266396,2.45E-05,0,0.001558748,8.57E-06,0.001938372,9.145838349,0.010424652,0.092696888,0,0.109533277,0,11.75497712,,0,,,0,0,0,0,0,0,0,1.892721454
20,509,20509,0.00034251,3.15E-05,0,0.002143278,5.62E-05,0.012714026,118.836421,0.068376585,0.21699935,0,0.718442355,0,22.00367083,,0,,,0,0,0,0,0,0,0,0.943973155
20,510,20510,9.51E-05,8.74E-06,0,0.000487109,1.25E-05,0.002825496,23.2005796,0.015195642,0,0,0.15966274,0,0.796482594,,0,,,0,0,0,0,0,0,0,0.099980981
20,511,20511,7.61E-05,6.99E-06,0,0.000389687,2.06E-05,0.004660583,44.03345498,0.02506482,0,0,0.263359572,0,8.228410384,,0,,,0,0,0,0,0,0,0,0.937562702
20,512,20512,0.000152227,1.40E-05,0,0.000292265,5.83E-06,0.001320074,12.87723617,0.007099416,0,0,0.07459456,0,1.341680498,,0,,,0,0,0,0,0,0,0,0
20,513,20513,0.001008501,9.27E-05,0,0.003409761,4.95E-05,0.011202944,72.46640505,0.060249922,0.072333117,0,0.63305437,0,3.091168161,,0,45.3962565,,0,0,0,0,0,0,0,5.986281807
20,514,20514,0,0,0,0,5.28E-06,0.001194151,10.29614676,0.006422194,0,0,0.067478895,0,1.102203715,,0,,,0,0,0,0,0,0,0,0.000372338
20,515,20515,0.016516582,0.001517378,0,0.085828552,0.000376275,0.085151146,294.8867051,0.457946585,1.531700795,0,4.81170891,0,52.92985806,,0,31.219882,,0,0,0,0,1.0053,0.0948,0.068890613,7.720684849
20,516,20516,0.000190283,1.75E-05,0,0.002045857,2.36E-05,0.005338306,46.62947203,0.028709643,0.003176337,0,0.301656244,0,4.72836421,,0,,,0,0,0,0,0,0,0,0
20,517,20517,0.000209312,1.92E-05,0,0.001169061,2.31E-05,0.005230776,43.0910516,0.028131342,0,0,0.295579945,0,3.49183616,,0,,,0,0,0,0,0,0,0,0.000803669
20,518,20518,9.51E-05,8.74E-06,0,0,9.07E-07,0.000205156,1.366470551,0.001103339,0.072333117,0,0.011592938,0,0.619297541,,0,,,0,0,0,0,0,0,0,0.165257821
20,519,20519,0.001541294,0.000141599,0,0.000876796,1.19E-05,0.002702402,13.57801803,0.014533639,0,0,0.152706977,0,1.761029895,,0.000554423,,,0,0,0,0,0,0,0,0.309201345
20,520,20520,0.001636436,0.000150339,0,0.004968509,3.92E-05,0.008878312,34.38577007,0.047747949,0.867997399,0,0.501694389,0,7.254638756,,0,,,0,0,0,0,0,0,1.361967417,1.08712103
20,521,20521,0,0,0,0,1.79E-06,0.000404653,4.590486089,0.002176241,0,0,0.022866071,0,1.286352897,,0,,,0,0,0,0,0,0,0,0.094472387
20,522,20522,0.001617407,0.000148591,0,0.000389687,5.63E-06,0.001274798,11.84601429,0.006855921,0,0,0.072036119,0,0.769904925,,0,,,0,0,0,0,0,0,0,0.00018085
20,523,20523,0.000285425,2.62E-05,0,0.000779374,8.90E-06,0.002013361,11.859036,0.010827941,1.229662981,0,0.113770696,0,14.25320179,,0,,,0,0,0,0,0,0,0,0.999809815
20,524,20524,0.002283398,0.000209776,0,0,2.51E-06,0.000567363,4.603321759,0.003051303,0,0,0.03206047,0,1.370096997,,0,,,0,0,0,0,0,0,0,0.231085519
20,525,20525,0.002987446,0.000274457,0,0.017146226,6.92E-05,0.015656956,89.17934996,0.084203794,1.591328564,0,0.884741053,0,39.85026927,,0,,,0,0,0,0,0.3011,0.0284,0,9.406101478
20,526,20526,0.002454653,0.000225509,0,0.009157643,9.30E-05,0.021040538,195.0127415,0.113156933,0,0,1.188955738,0,14.0721544,,0,,,0,0,0,0,0,0,0,1.708096587
20,527,20527,0.000970444,8.92E-05,0,9.74E-05,1.74E-05,0.003936169,37.4358348,0.021168892,0,0,0.222424508,0,1.308724524,,0,17.4887764,,0,0,0,0,0,0,0,0.018743091
20,528,20528,0.000437651,4.02E-05,0,0.000292265,6.58E-06,0.001488444,11.14997016,0.008004915,0.072333117,0,0.084108764,0,2.566314669,,0,,,0,0,0,0,0,0,0,0.199686533
20,529,20529,0,0,0,0,8.26E-06,0.001869044,16.9291176,0.010051799,0,0,0.105615663,0,1.030897508,,0,,,0,0,0,0,0,0,0,0.088137504
20,530,20530,0.00475708,0.000437033,0,0.000681952,1.73E-05,0.003910702,30.46943745,0.021031925,0.361665583,0,0.220985385,0,13.22320827,,0,5.44263882,,0,0,0,0,0,0,0,1.918310385
20,531,20531,0.003387041,0.000311167,0,0.00165617,1.13E-05,0.002553841,18.06297951,0.013734669,0.075509453,0,0.144312091,0,6.896509362,,0,,,0,0,0,0,0,0,0,1.466077125
20,532,20532,0,0,0,0.001461326,2.35E-05,0.005317083,51.2456307,0.028595505,0.072333117,0,0.300456974,0,8.070489566,,0,,,0,0,0,0,0,0,0,0.772855741
20,533,20533,9.51E-05,8.74E-06,0,0.000779374,1.23E-05,0.002784465,19.47547014,0.014974974,0.144666233,0,0.157344153,0,1.409180176,,0,,,0,0,0,0,0,0,0,0
20,534,20534,0.000894331,8.22E-05,0,0.000779374,2.04E-05,0.004620967,38.52403926,0.024851761,0,0,0.261120936,0,7.749171923,,0,,,0,0,0,0,0,0,0,2.046618426
20,535,20535,0.000361538,3.32E-05,0,0.00165617,1.94E-05,0.004397417,44.62154419,0.023649502,0.020363771,0,0.248488631,0,4.887080849,,0,,,0,0,0,0,0,0,0,0
20,536,20536,0.000361538,3.32E-05,0,0,2.83E-06,0.000639521,6.241609317,0.003439374,0,0,0.036137986,0,1.526292401,,0,,,0,0,0,0,0,0,0,0.2578022
20,537,20537,0.001065586,9.79E-05,0,0.003604604,3.89E-05,0.00879342,67.50772999,0.047291395,0.220175686,0,0.496897311,0,10.37015126,,0,,,0,0,0,0,0,0,0,1.128986344
20,538,20538,0.000532793,4.89E-05,0,9.74E-05,4.35E-06,0.000983335,9.633910979,0.005288418,0.072333117,0,0.055566151,0,3.152025754,,0,,,0,0,0,0,0,0,0,0
20,539,20539,0.001217813,0.00011188,0,0.003117496,2.65E-05,0.005987732,4.524390128,0.032202282,0.003176337,0,0.338353889,0,7.13167055,,0,,,0,0,0,0,0,0,0,1.794209165
20,540,20540,0.005118618,0.000470247,0,0.016366852,4.34E-05,0.009823445,36.12786363,0.052830918,1.084996748,0,0.555101855,0,8.556086812,,0,,,0,0,0,0,0,0,0,0.945137019
20,541,20541,0.000285425,2.62E-05,0,0.000389687,9.45E-06,0.002137869,17.29032692,0.011497554,0,0,0.12080641,0,0.466362356,,0,,,0,0,0,0,0,0,0,0.00033462
20,542,20542,0.000190283,1.75E-05,0,0.000292265,4.14E-06,0.000936644,8.211839893,0.005037314,0,0,0.052927759,0,3.528803708,,0,,,0,0,0,0,0,0,0,0.435405976
20,543,20543,0.000133198,1.22E-05,0,0.000779374,3.34E-05,0.007552578,69.11421941,0.040618096,0,0,0.426780024,0,8.823370749,,0,12.3407854,,0,0,0,0,0,0,0,1.63330194
20,544,20544,0.000171255,1.57E-05,0,0.001363904,6.86E-06,0.001552113,8.670668867,0.008347331,0.017187435,0,0.087706573,0,1.195259537,,0,0.60885823,,0,0,0,0,0,0,0,0.000238876
20,545,20545,0.001978945,0.000181806,0,0.017146226,5.91E-05,0.013384674,43.14865491,0.071983362,0.072333117,0,0.75633927,0,3.108031213,7.744823032,0,,,0,0,0,0,0.0973,0.0092,0,0.05118063
20,546,20546,0.023804429,0.002186912,0,0.004189135,3.39E-05,0.007682746,21.15299732,0.041318146,0.144666233,0,0.434135543,0,4.398989107,,0,0.653798525,,0,0,0,0,0,0,0,0.609989048
20,547,20547,0.000475708,4.37E-05,0,0.000292265,5.78E-06,0.001308755,9.764204447,0.007038542,0.723331165,0,0.07395495,0,4.145996611,,0,,,0,0,0,0,0,0,0,0.444543537
20,548,20548,0.000627935,5.77E-05,0,0.001266483,8.79E-06,0.001989308,16.08523431,0.010698584,0.144666233,0,0.112411524,0,17.83095842,,0,,,0,0,0,0,0,0,0,0.586114404
20,549,20549,0.002321455,0.000213272,0,0.006040148,6.54E-05,0.014796715,122.393218,0.079577379,1.012663632,0,0.836130664,0,27.9623911,,0,,,0,0,0,0,0,0,0,3.282571177
20,550,20550,0.003672466,0.000337389,0,0.001851013,2.81E-05,0.006368332,21.99807745,0.034249166,0.36484192,0,0.359860788,0,3.74380056,,0,,,0,0,0,0,0,0,0,0.991758055
20,551,20551,0.011797559,0.001083841,0,0.037702213,0.000104499,0.023648144,55.31325156,0.127180752,2.24550295,0,1.336305979,0,18.45112352,,0,,,0,0,0,0,0.1992,0.0188,0.012171474,4.961945393
20,552,20552,0.00045668,4.20E-05,0,9.74E-05,2.89E-06,0.000655085,6.09472515,0.003523076,0.072333117,0,0.037017451,0,6.631537629,,0,,,0,0,0,0,0,0,0,0.235216965
20,553,20553,0.014537637,0.001335572,0,0.020263722,5.71E-05,0.012930501,59.77102178,0.069540798,0.234186784,0,0.730674904,0,5.367045011,,0.001760221,0.653798525,,0,0,0,0,0.1436,0.0135,0,1.131634854
20,554,20554,0.00022834,2.10E-05,0,0.002630387,2.87E-05,0.006499915,53.04775697,0.034956825,0,0,0.367296259,0,6.715359468,,0,1.7163882,,0,0,0,0,0,0,0,0.001893603
20,555,20555,3.81E-05,3.50E-06,0,0.000194843,1.78E-05,0.004028136,32.85138574,0.021663492,0.867997399,0,0.227621343,0,5.65166581,,0,,,0,0,0,0,0,0,0,1.477645883
20,556,20556,0,0,0,0,1.38E-06,0.000312686,2.44421813,0.001681641,0.072333117,0,0.017669237,0,1.556660994,,0,,,0,0,0,0,0,0,0,0.130002819
20,557,20557,0.003501211,0.000321656,0,0.011106078,8.57E-05,0.019403533,36.71726051,0.104353048,0.650998049,0,1.096452088,0,25.55726704,,0,,,0,0,0,0,0,0,0.007510058,2.376906012
20,558,20558,0.000133198,1.22E-05,0,0.000487109,9.60E-06,0.002171826,18.35948179,0.011680176,0,0,0.122725241,0,0.989835676,,0,2.11805316,,0,0,0,0,0,0,0,0.019058631
20,559,20559,0.002416597,0.000222013,0,0.017730756,0.000127313,0.028811006,288.9344589,0.154946851,0.22652836,0,1.628048262,0,23.70745467,,0,,,0,0,0,0,0,0,0,9.986222327
20,560,20560,0.000875303,8.04E-05,0,0.002338122,3.47E-05,0.007845456,63.717757,0.042193208,0.095873225,0,0.443329942,0,4.159029522,,0,94.99783483,,0,0,0,0,0,0,0,1.13478997
20,561,20561,0.003824692,0.000351374,0,0.00165617,1.59E-05,0.003603675,30.54174159,0.019380721,0.003176337,0,0.203635954,0,8.314951415,,0,,,0,0,0,0,0,0,0,2.033997963
20,562,20562,0.000627935,5.77E-05,0,0,7.37E-06,0.001668132,15.42910902,0.008971288,0.075509453,0,0.094262579,0,2.482203386,,0,,,0,0,0,0,0,0,0,0.213733448
20,563,20563,0.000589878,5.42E-05,0,0,7.00E-06,0.00158324,13.14620562,0.008514734,0.072333117,0,0.089465501,0,2.441682442,,0,,,0,0,0,0,0,0,0,0.733038563
20,564,20564,0.004661939,0.000428292,0,0.000779374,7.38E-06,0.001669547,0,0.008978897,0.003176337,0,0.094342531,0,5.477048288,,0,,,0,0,0,0,0,0,0,0.651666673
20,565,20565,0.013605249,0.001249914,0,0.035753778,0.000197969,0.044800457,93.80041936,0.240938815,0.940330515,0,2.531577869,0,15.75016374,,0,1.3852941,,0,0,0,0,0.3104,0.0293,0,1.831018849
20,566,20566,0.000152227,1.40E-05,0,0.000681952,2.13E-05,0.004817634,44.78361021,0.025909445,0.003176337,0,0.272234166,0,14.33067638,,0,11.80898525,,0,0,0,0,0,0,0,0
20,567,20567,0.000247368,2.27E-05,0,0.001169061,1.85E-05,0.004178112,28.62623703,0.022470071,0.361665583,0,0.23609618,0,9.15904866,,0,5.271,,0,0,0,0,0,0,0,0.539566784
20,568,20568,0.004148174,0.000381093,0,0.000292265,8.13E-06,0.001840746,11.43810134,0.009899615,0.144666233,0,0.104016637,0,2.059957828,,0,7.50958015,,0,0,0,0,0,0,0,0.18398704
20,569,20569,9.51E-05,8.74E-06,0,0.000974217,9.95E-06,0.002251059,20.568925,0.012106293,0,0,0.127202514,0,5.80262183,,0,,,0,0,0,0,0,0,0,0.661306712
20,570,20570,0.006165176,0.000566394,0,0.029616209,0.000116497,0.02636328,126.4542236,0.141782874,2.624355967,0,1.489732518,0,39.38112859,,0,,,0,0,0,0,0,0,0,2.982636103
21,1,21001,0.026867989,0.002468361,0.000731479,0.023186374,0.000342395,1.254303294,276.2363707,0.416712141,5.280317508,0,4.378452831,0.3034308,55.33832604,,0.002778032,0.56899441,,0,0,0,0,1.8079,0.1705,0,7.404120579
21,2,21002,0.001465181,0.000134606,0.000153672,0.004871087,5.12E-05,0.187742387,112.0040216,0.062372899,1.012663632,0,0.655360782,2.7091296,16.42285225,,0.000588692,,,0,0,0,0,0,0,0,0
21,3,21003,0.009209707,0.000846095,0.001542866,0.048905713,0.000196394,0.719453931,167.2995031,0.239021287,1.735994797,0,2.511430143,0.6089328,26.70402039,,0.002184491,,,0,0,0,0,0,0,0.019546828,5.486682342
21,4,21004,0.010865171,0.000998183,0.001177127,0.037312526,0.000308827,1.131332832,225.4356138,0.375858159,4.773985692,0,3.949194317,1.1867976,38.07063559,,0.002386426,,,0,0,0,0,0,0,0,0
21,5,21005,0.020816983,0.001912455,2.46E-05,0.000779374,1.75E-05,0.064153523,39.56850705,0.021313467,1.88066103,0,0.223943583,0.3686736,29.90390727,,0.00019509,,,0,0,0,0,0,0,0,1.272440104
21,6,21006,0.000742105,6.82E-05,8.91E-05,0.00282523,9.06E-05,0.331944665,167.3277757,0.110280642,0,0,1.158734148,1.0677036,4.932805113,,0.000782641,,,0,0,0,0,0,0,0,0
21,7,21007,0.00034251,3.15E-05,6.15E-06,0.000194843,2.03E-05,0.074345711,44.8925321,0.024699577,0.506331816,0,0.25952191,1.0645968,7.364830782,,0.000207639,,,0,0,0,0,0,0,0,0.366389472
21,8,21008,0.000799189,7.34E-05,0.000138305,0.004383978,6.30E-05,0.23093894,74.32066911,0.076723916,2.114847814,0,0.806148928,0.8295156,14.65196926,,0.000610368,0.08581941,,0,0,0,0,0.1873,0.0177,9.709618197,1.1449671
21,9,21009,0.000209312,1.92E-05,1.54E-05,0.000487109,1.18E-05,0.043082034,17.51919254,0.014312971,0.220175686,0,0.15038839,0.497088,7.522897044,,0.000147458,,,0,0,0,0,0,0,0,0.296928135
21,10,21010,0.098737956,0.009071051,0.000918958,0.0291291,0.000370486,1.357210034,620.9613782,0.450900434,0.940330515,0,4.737674008,1.770876,37.4414284,13.46124003,0.00280855,0.87211355,,0,0,0,0,0,0,0,0.442720612
21,11,21011,0.000209312,1.92E-05,2.46E-05,0.000779374,1.03E-05,0.037837065,10.12567618,0.012570456,0.144666233,0,0.132079543,0.4225248,4.001674602,,0.000118081,,,0,0,0,0,0,0,0,0.374022586
21,12,21012,0.000704048,6.47E-05,9.22E-05,0.002922652,3.62E-05,0.13268167,24.00155496,0.044080298,7.016312305,0,0.463157864,0.4753404,27.12535173,,0.000386472,0.8785,,0,0,0,0,0,0,0,3.979142328
21,13,21013,0.023366778,0.002146705,0.000814461,0.025816761,0.000113865,0.41712387,67.72752772,0.138579386,2.603992196,0,1.456073022,0.1118448,15.94303895,0.184400548,0.000966892,,,0,0,0,0,0.7203,0.0679,0.007962188,0.68698026
21,14,21014,0.000875303,8.04E-05,3.38E-05,0.001071639,3.30E-05,0.120817506,58.66946837,0.040138714,0,0,0.421743092,0.95793,1.802364297,,0.000321442,0.989191,,0,0,0,0,0,0,0,0
21,15,21015,0.052213712,0.004796871,0.001887092,0.059816948,0.000546272,2.001173065,63.42088802,0.664841683,3.254990245,0,6.985584676,0.2185116,28.64711342,,0.004589457,2.697726113,,0,0,0,0,1.2749,0.1202,0.364041429,3.969219279
21,16,21016,0.000989473,9.09E-05,3.69E-05,0.001169061,4.71E-05,0.172373943,87.18640273,0.057267102,1.88066103,0,0.601713461,1.1122344,22.73898939,,0.000484587,,,0,0,0,0,0,0,0.000773028,0.044272061
21,17,21017,0.00816315,0.000749948,0.000387253,0.012275139,0.000154923,0.567533075,273.5859112,0.188549232,0.072333117,0,1.981113189,0.093204,3.827141381,,0.001243554,0.019327,,0,0,0,0,0.2017,0.019,0.030355229,0
21,18,21018,0.000209312,1.92E-05,3.07E-05,0.000974217,2.31E-05,0.084492091,31.71628822,0.028070468,0.437175036,0,0.294940335,0.2682204,13.81568607,,0.000240725,,,0,0,0,0,0,0,0,0.095413925
21,19,21019,0.044393072,0.004078389,0.006171466,0.195622852,0.00075297,2.758372446,238.5674619,0.916402989,18.59278729,0,9.628774556,0.6462144,55.17254173,,0.008101928,1.961203022,,0,0,0,0,2.1753,0.2051,0.00098131,6.411815759
21,20,21020,0.007459102,0.000685267,9.22E-05,0.002922652,4.04E-05,0.148164634,31.75892245,0.049224141,2.893324662,0,0.517204941,1.0366356,8.737312221,,0.000347397,,,0,0,0,0,0,0,0,0.838115917
21,21,21021,0.000190283,1.75E-05,6.15E-06,0.000194843,7.40E-06,0.027095187,8.405600056,0.009001725,0.506331816,0,0.094582384,0.1563756,3.291743014,19.30904242,8.84E-05,,,0,0,0,0,0,0,0,0.352649867
21,22,21022,0.002397568,0.000220264,7.68E-05,0.002435543,6.56E-05,0.240283687,119.3463351,0.079828484,3.764498397,0,0.838769057,0.2920392,33.79979469,,0.00067169,,,0,0,0,0,0,0,0,2.570832795
21,23,21023,0.000723076,6.64E-05,7.68E-05,0.002435543,4.91E-05,0.180023809,54.2027485,0.059808586,2.820991545,0,0.628417195,0.4670556,21.27146321,,0.000415279,0.34327764,,0,0,0,0,0,0,0,3.22270073
21,24,21024,3.81E-05,3.50E-06,6.15E-06,0.000194843,5.45E-06,0.019972107,5.32648804,0.006635253,0.144666233,0,0.069717531,0.2651136,3.173803142,,7.67E-05,,,0,0,0,0,0,0,0,0.219070372
21,25,21025,0.001674492,0.000153836,0.000178259,0.005650461,5.05E-05,0.185154259,105.1882818,0.061513055,0.361665583,0,0.646326285,3.0736608,9.278224498,,0.000497422,,,0,0,0,0,0,0,0.6184224,0
21,26,21026,0.001541294,0.000141599,0.000169039,0.005358196,8.06E-05,0.295184078,101.5602275,0.09806782,2.531659079,0,1.030412316,0.3127512,17.32492261,,0.000820575,0.478517025,,0,0,0,0,0,0,0,2.2899342
21,27,21027,5.71E-05,5.24E-06,3.07E-06,9.74E-05,2.79E-05,0.102311241,52.48192083,0.033990452,0.072333117,0,0.357142444,1.9355364,17.38863539,,0.000322583,,,0,0,0,0,0,0,0,0.049615241
21,28,21028,7.61E-05,6.99E-06,3.07E-06,9.74E-05,1.43E-05,0.052564204,27.83888791,0.017463194,0,0,0.183488227,0.9030432,1.43733257,,0.000144891,,,0,0,0,0,0,0,0,0
21,29,21029,0.000837246,7.69E-05,3.69E-05,0.001169061,2.41E-05,0.088271216,39.44337549,0.029325991,0,0,0.308132299,0.3407124,3.61854071,,0.000231027,,,0,0,0,0,0,0,0,0
21,30,21030,0,0,0,0,4.31E-06,0.015780713,7.495010365,0.005242763,0.072333117,0,0.055086444,0.4059552,0.941704668,,4.99E-05,,,0,0,0,0,0,0,0,0
21,31,21031,0.001351011,0.000124117,5.53E-05,0.001753591,1.89E-05,0.069100742,31.49754549,0.022957062,2.09766038,0,0.241213063,1.2727524,9.992224975,,0.0002219,,,0,0,0,0,0,0,0,1.380067011
21,32,21032,9.51E-05,8.74E-06,9.22E-06,0.000292265,8.03E-06,0.029431373,14.04860587,0.009777867,0.578664932,0,0.102737417,0.7269912,6.844251026,,9.78E-05,,,0,0,0,0,0,0,0,0.660264361
21,33,21033,0.014138042,0.001298861,1.54E-05,0.000487109,2.79E-05,0.102265434,58.49357513,0.033975234,1.301996098,0,0.356982541,0.1988352,18.80203906,,0.000266394,,,0,0,0,0,0,0,0,1.195345652
21,34,21034,0.072669157,0.006676112,0.000829829,0.026303869,0.000195581,0.716476438,147.9072173,0.238032087,2.603992196,0,2.501036474,0.2578644,12.14384612,,0.001606353,,,0,0,0,0,0,0,0,1.9082785
21,35,21035,0.009419019,0.000865325,0.000328858,0.010424126,0.000129477,0.474314639,128.976013,0.157579646,0.220175686,0,1.65571141,0.2547576,24.32973779,60.66778042,0.001189078,,,0,0,0,0,1.4406,0.1358,0,0
21,36,21036,0.000532793,4.89E-05,8.91E-05,0.00282523,8.21E-05,0.3007497,166.1167836,0.099916864,0,0,1.049840481,0.2029776,15.51842872,,0.000744421,0.38774982,,0,0,0,0,0,0,0,0
21,37,21037,0.001065586,9.79E-05,1.54E-05,0.000487109,1.35E-05,0.049426384,14.5924579,0.016420729,0.578664932,0,0.172534899,0.2661492,16.53090454,,0.000179688,,,0,0,0,0,0,0,0,0.27250217
21,38,21038,0.004034004,0.000370604,0.000273536,0.008670535,4.69E-05,0.171824252,29.27531034,0.05708448,0.940330515,0,0.59979463,0.1698384,8.583518086,,0.000389324,,,0,0,0,0,0.6195,0.0584,0,0.559507256
21,39,21039,0.000513765,4.72E-05,7.07E-05,0.0022407,5.30E-05,0.194315776,95.91253324,0.064556749,0.072333117,0,0.678306804,1.0014252,5.501185201,,0.00058698,,,0,0,0,0,0,0,0,0
21,40,21040,0.010922256,0.001003427,4.61E-05,0.001461326,5.10E-05,0.186849139,70.18799879,0.062076138,1.952994147,0,0.652242681,0.1253076,20.797416,,0.000478312,,,0,0,0,0,0,0,0,2.59525876
21,41,21041,0.582133415,0.053480567,0.002034617,0.064493191,0.000377882,1.38430522,21.73195506,0.459902159,1.157329865,0,4.832256393,0.2495796,12.5326092,,0.003701,,,0,0,0,0,0,0,0.499274106,2.13727192
21,42,21042,0.000285425,2.62E-05,3.07E-05,0.000974217,1.94E-05,0.071070468,40.48180676,0.023611456,0.506331816,0,0.248088875,0.305502,18.94872445,,0.000231598,,,0,0,0,0,0,0,0,1.133517429
21,43,21043,0.011055454,0.001015664,0.001401488,0.044424313,0.000295066,1.080921585,481.4998408,0.359110233,0.072333117,0,3.773221512,0.4805184,16.27953709,,0.002590928,,,0,0,0,0,0,0,0.004019746,0
21,44,21044,0.000970444,8.92E-05,6.45E-05,0.002045857,9.16E-05,0.335426042,125.4689558,0.111437245,15.40695382,0,1.170886745,0.455664,190.4928545,,0.000875052,2.363351768,,0,0,0,0,1.4478,0.1365,0,6.059165892
21,45,21045,0.01314857,0.001207958,0.001290844,0.04091713,0.000261016,0.95618753,181.4576984,0.31767034,10.95667547,0,3.337806749,0.5115864,88.07178943,,0.002517342,11.72594441,,0,0,0,0,1.2173,0.1148,0.06366002,12.5480761
21,46,21046,0.015260713,0.001402001,0.000199774,0.006332413,4.21E-05,0.154211235,35.35405954,0.051232979,0.21699935,0,0.538312083,1.3814904,5.174714488,,0.000352531,,,0,0,0,0,1.0372,0.0978,0.10381766,0.019082785
21,47,21047,0.005784609,0.000531432,0.000977354,0.030980113,0.000111151,0.407183624,108.6152632,0.135276978,1.536182882,0,1.421374159,1.791588,61.76926807,5.993017822,0.001240702,0.01757,,0,0,0,0,0,0,0.227424838,5.532481026
21,48,21048,0.004795137,0.000440529,0.000165966,0.005260774,0.00010488,0.38421112,99.24509093,0.127644916,1.88066103,0,1.341183008,0.3862788,8.968876679,,0.000993703,0.22266663,,0,0,0,0,0,0,0,1.45029166
21,49,21049,0.000475708,4.37E-05,3.69E-05,0.001169061,9.13E-05,0.33432666,195.9984353,0.111072002,0,0,1.167049083,0.5985768,4.585897602,,0.000792909,0.727256677,,0,0,0,0,0,0,0,0
21,50,21050,0.000190283,1.75E-05,1.54E-05,0.000487109,0.000158562,0.580863082,312.1844397,0.192977807,0.072333117,0,2.027644844,0.4546284,13.24188727,,0.001090962,,,0,0,0,0,0,0,0,2.48076205
21,51,21051,0.027324669,0.002510316,0.001462957,0.046372748,0.000195919,0.717713243,112.1631062,0.238442986,6.774060055,0,2.505353844,0.274434,75.26568689,174.0257125,0.00234564,,,0,0,0,0,1.419,0.1338,1.826665165,6.108781133
21,52,21052,0.008125093,0.000746452,3.38E-05,0.001071639,7.27E-06,0.026637111,12.59186436,0.00884954,0.144666233,0,0.092983358,0.05178,0.583813009,,9.61E-05,,,0,0,0,0,0,0,0,0
21,53,21053,0.02469876,0.002269074,0.001376901,0.043644939,0.000337549,1.236552855,500.6375698,0.410814984,11.34147412,0,4.316490576,1.7677692,164.7312191,,0.003308254,18.98691519,,0,0,0,0,0,0,0.499015187,0.050378552
21,54,21054,0.027629122,0.002538286,0.000365739,0.011593187,0.000182433,0.668309762,228.3531574,0.222029866,0.440351373,0,2.332898896,0.1387704,24.17209238,,0.001420675,21.34331329,,0,0,0,0,0.2737,0.0258,0.09874529,0
21,55,21055,0.001978945,0.000181806,3.69E-05,0.001169061,2.75E-05,0.100753783,36.34158522,0.033473024,0.943506852,0,0.351705756,0.3282852,8.927472183,,0.00032515,,,0,0,0,0,0,0,0,0.691560128
21,56,21056,9.51E-05,8.74E-06,1.54E-05,0.000487109,7.16E-06,0.026224842,5.663900002,0.008712574,0.21699935,0,0.091544235,0.2889324,6.015291791,,9.73E-05,,,0,0,0,0,0,0,0.01600168,0.122129824
21,57,21057,0.000247368,2.27E-05,2.46E-05,0.000779374,4.05E-05,0.148393672,79.72000314,0.049300233,0.578664932,0,0.518004453,0.6027192,12.92304994,,0.000438952,,,0,0,0,0,0,0,0.288803261,0.561033879
21,58,21058,0.001312954,0.000120621,0.00020592,0.006527257,0.000120211,0.440371219,277.2194549,0.14630276,0,0,1.537223588,0.4691268,23.363311,,0.000854801,1.946869493,,0,0,0,0,0,0,0,5.085943858
21,59,21059,0.00045668,4.20E-05,3.07E-05,0.000974217,1.35E-05,0.049288962,6.112063915,0.016375074,0.072333117,0,0.172055191,0.1926216,6.425909655,,0.00016286,0.08581941,,0,0,0,0,0,0,0.000171729,0.26715899
21,60,21060,0.001122671,0.00010314,0.000104497,0.003312339,3.57E-05,0.130643233,56.14089333,0.043403076,0.075509453,0,0.456042198,0.1584468,4.504848295,,0.000327431,,,0,0,0,0,0,0,0,0.61064912
21,61,21061,0.000627935,5.77E-05,4.30E-05,0.001363904,7.41E-05,0.271547364,157.1597883,0.090215089,0,0,0.947902578,0.3386412,19.22083683,,0.000655148,,,0,0,0,0,0,0,0,0
21,62,21062,0.000247368,2.27E-05,4.92E-05,0.001558748,2.53E-05,0.092508418,27.24014979,0.0307337,1.088173085,0,0.322923289,0.4535928,14.44832515,29.8599808,0.000294916,,,0,0,0,0,0,0,0,1.390753371
21,63,21063,0.00260688,0.000239494,0.000362666,0.011495765,8.50E-05,0.311468675,36.38142737,0.103477986,2.676325312,0,1.087257688,0.4732692,27.40373799,,0.000890739,,,0,0,0,0,1.491,0.1406,0,4.49819408
21,64,21064,0.002017002,0.000185302,0.000221288,0.007014365,0.000101692,0.372530185,199.1575583,0.123764206,1.229662981,0,1.300407846,3.2269296,16.51564154,,0.001109216,,,0,0,0,0,0,0,0,0.335857016
21,65,21065,0.002321455,0.000213272,0.0001967,0.006234991,0.000119673,0.438401493,151.8381725,0.145648366,2.314659729,0,1.530347777,0.4981236,32.61673331,,0.000998837,15.00229733,,0,0,0,0,0,0,0.000580608,0.43050763
21,66,21066,0.000799189,7.34E-05,0.00010757,0.003409761,3.76E-05,0.137743408,51.27418121,0.045761939,1.084996748,0,0.4808271,0.2599356,28.31451766,,0.000444941,,,0,0,0,0,0,0,0,4.76000989
21,67,21067,0.008277319,0.000760437,0.00038418,0.012177717,9.76E-05,0.357596913,108.4333106,0.118802985,4.267653876,0,1.248279601,0.4339164,50.66242428,,0.000903859,20.73901391,,0,0,0,0,0,0,0,1.749509729
21,68,21068,0.00057085,5.24E-05,4.61E-05,0.001461326,4.69E-05,0.171732636,77.6677294,0.057054043,0.072333117,0,0.599474825,0.5623308,1.946087159,,0.000472037,,,0,0,0,0,0,0,0,0
21,69,21069,0.002112144,0.000194043,0.000184406,0.005845304,0.000151334,0.554386298,148.3336877,0.184181531,12.07963046,0,1.935221145,0.12945,76.34884995,,0.001572697,0.919379115,,0,0,0,0,0.6987,0.0659,0.000400702,4.198212699
21,70,21070,0.00498542,0.00045801,1.84E-05,0.00058453,3.96E-05,0.144889392,77.21700714,0.04813602,0.723331165,0,0.505771905,0.2143692,15.02037898,,0.000434959,,,0,0,0,0,0,0,0.662484996,0.025952588
21,71,21071,0.016155044,0.001484163,0.003737302,0.118464834,0.000600791,2.200894135,469.8284639,0.731194211,0.382029354,0,7.682759986,8.2972272,10.82910909,,0.005854118,8.228713802,,0,0,0,0,0,0,0.174746755,0.022899342
21,72,21072,0.001579351,0.000145095,0.000242802,0.007696317,9.83E-05,0.36011633,250.2629291,0.119640001,0,0,1.257074243,0.5312628,9.79134545,,0.000861361,,,0,0,0,0,0,0,0,0
21,73,21073,0.001522266,0.00013985,0.00027661,0.008767956,4.96E-05,0.181581267,71.93765923,0.060326014,1.374329214,0,0.633853883,0.9827844,25.73847307,2.53550754,0.000537067,,,0,0,0,0,0,0,0,2.134218674
21,74,21074,0.131371526,0.012069095,0.001383048,0.043839782,0.000401071,1.469255387,142.3212509,0.488124811,8.318308403,0,5.128795754,0.9662148,22.52911564,,0.003422627,0.438904305,,0,2.21013,0.799,0,0.8716,0.0822,0.113161383,3.816556999
21,75,21075,0.004224287,0.000388085,7.68E-05,0.002435543,7.50E-05,0.274868414,123.8874817,0.091318428,0,0,0.959495516,0.2154048,5.325857902,,0.00064545,,,0,0,0,0,0,0,0,0
21,76,21076,0.012330352,0.001132789,0.00027661,0.008767956,0.000159418,0.584000902,295.4735475,0.194020272,1.012663632,0,2.038598172,3.3014928,13.34272701,,0.001670242,,,0,0,0,0,0,0,0,0
21,77,21077,0.000475708,4.37E-05,9.22E-06,0.000292265,2.82E-05,0.103204489,51.80261497,0.034287213,0,0,0.360260544,0.3137868,7.535078889,,0.00027324,,,0,0,0,0,0,0,0,0
21,78,21078,0.000646963,5.94E-05,3.38E-05,0.001071639,7.97E-05,0.292137874,143.3245689,0.097055791,0,0,1.019778794,0.3200004,7.449936755,,0.000709625,,,0,0,0,0,0,0,0,0
21,79,21079,0.001579351,0.000145095,0.000101423,0.003214917,3.09E-05,0.11323635,20.27604545,0.037620057,0.795664282,0,0.395279213,0.662784,11.47764351,,0.000304329,,,0,0,0,0,0,0,0,1.489220541
21,80,21080,0.000494736,4.55E-05,2.15E-05,0.000681952,2.04E-05,0.074895402,39.36760963,0.024882198,0,0,0.261440741,0.1418772,4.115766037,,0.000180829,,,0,0,0,0,0,0,0,0
21,81,21081,0.00034251,3.15E-05,5.22E-05,0.00165617,2.14E-05,0.078560008,34.47125996,0.026099676,0.361665583,0,0.274232949,0.4960524,19.88433845,,0.00024044,,,0,0,0,0,0,0,0.009276336,1.093061925
21,82,21082,0.001522266,0.00013985,0.000273536,0.008670535,4.85E-05,0.177504392,18.69948297,0.058971571,2.169993496,0,0.619622552,0.507444,19.97223989,,0.000494855,,,0,0,0,0,0,0,0.080163004,0.561033879
21,83,21083,0.001274897,0.000117125,6.45E-05,0.002045857,0.000153291,0.561555185,337.728132,0.186563222,2.465678636,0,1.960245901,1.2696456,60.7046989,,0.001535618,0.829991252,,0,0,0,0,0,0,0,0.026715899
21,84,21084,0.001331982,0.000122369,4.00E-05,0.001266483,4.36E-05,0.159662338,81.99013875,0.053043977,0,0,0.557340492,0.3231072,5.239924242,,0.000391035,,,0,0,0,0,0,0,0,0
21,85,21085,0.021140464,0.001942173,0.004176804,0.132396143,0.000419697,1.537485785,142.9712397,0.510792722,4.776754988,0,5.366970667,1.2696456,84.51528381,215.886942,0.004716094,,,0,0,0,0,1.5054,0.142,2.072351355,8.671980814
21,86,21086,0.000171255,1.57E-05,0,0,7.46E-05,0.273242245,161.744231,0.090778173,0.21699935,0,0.953818974,2.397414,4.219691982,,0.000762105,,,0,0,0,0,0,0,0,0.22899342
21,87,21087,0.006755054,0.000620586,0.000175186,0.005553039,7.02E-05,0.257140879,127.7603146,0.08542888,1.012663632,0,0.897613212,0.4670556,31.58711351,1.014203016,0.000760964,,,0,0,0,0,0,0,1.215200016,1.709817536
21,88,21088,0.001065586,9.79E-05,0.000110644,0.003507183,2.91E-05,0.106433924,50.70225717,0.035360115,0,0,0.371533677,0.7466676,5.21128585,,0.00030661,0.043925,,0,0,0,0,0,0,0,0
21,89,21089,0.001351011,0.000124117,0.000113717,0.003604604,8.02E-05,0.293649524,128.0242821,0.097558001,0.144666233,0,1.025055579,0.5726868,7.203430573,,0.000766954,,,0,0,0,0,0,0,0,0
21,90,21090,0.050615333,0.004650028,0.000362666,0.011495765,9.27E-05,0.339640339,46.8816445,0.112837345,1.157329865,0,1.185597784,0.4214892,10.50225943,,0.000838544,,,0,0,0,0,0,0,0.009732744,1.5266228
21,91,21091,0.001940889,0.000178309,0.000547072,0.01734107,6.24E-05,0.228671465,18.83174976,0.075970601,0,0,0.79823375,0.528156,0.373273423,,0.000674257,0.469932682,,0,0,0,0,0,0,0.163959239,0
21,92,21092,0.00464291,0.000426544,1.54E-05,0.000487109,3.04E-05,0.11124372,41.87703726,0.036958054,0.433998699,0,0.38832345,0.2081556,16.74133895,,0.000338555,,,0,0,0,0,0,0,0,0.269448924
21,93,21093,0,0,0,0,4.71E-05,0.172625884,99.96911188,0.057350804,1.102184183,0,0.602592926,0.471198,20.98909381,,0.000481164,17.80093275,,0,0,0,0,0,0,0,1.632723084
21,94,21094,0.008106065,0.000744704,0.00096506,0.030590426,0.000186271,0.682372691,175.8675437,0.226701936,9.186305801,0,2.381988993,0.5250492,102.8620823,,0.001683932,2.39883407,,0,0,0,0,2.1897,0.2065,0,6.514099487
21,95,21095,0.00034251,3.15E-05,6.15E-06,0.000194843,2.49E-06,0.009138613,5.104029723,0.003036085,0.003176337,0,0.031900568,0.15534,1.006445352,,2.62E-05,,,0,0,0,0,0,0,0,0
21,96,21096,0.000723076,6.64E-05,6.15E-05,0.001948435,1.54E-05,0.056366233,13.34782523,0.018726327,4.267653876,0,0.196760142,0.5115864,9.095833721,,0.000153448,,,0,0,0,0,1.0948,0.1032,0,1.284653086
21,97,21097,0.000494736,4.55E-05,1.23E-05,0.000389687,1.37E-05,0.050182209,10.68722017,0.016671834,0.072333117,0,0.175173292,0.0538512,5.133954585,,0.000121218,,,0,0,0,0,0,0,0,0.179378179
21,98,21098,0.000418623,3.85E-05,4.92E-05,0.001558748,3.41E-05,0.124985996,52.68295388,0.041523595,1.518995447,0,0.436294228,0.269256,16.09537947,,0.000379626,,,0,0,0,0,0,0,0,0.731252321
21,99,21099,0.002188257,0.000201035,0.000169039,0.005358196,0.000112195,0.411008557,82.53295069,0.136547721,1.81150425,0,1.434726025,0.512622,26.8613079,,0.001165404,,,0,0,0,0,1.8944,0.1786,0,3.692900553
21,100,21100,0.000209312,1.92E-05,2.46E-05,0.000779374,6.30E-05,0.230618287,127.5523087,0.076617386,0,0,0.80502961,0.5550816,4.387676594,,0.000576427,0.327914558,,0,0,0,0,0,0,0,0
21,101,21101,0.000799189,7.34E-05,2.46E-05,0.000779374,2.16E-05,0.078972277,35.74889377,0.026236642,0,0,0.275672072,0.1946928,3.727423095,,0.000237587,,,0,0,0,0,0,0,0,0
21,102,21102,0.006888252,0.000632823,0.000353445,0.0112035,6.29E-05,0.230595383,41.77167571,0.076609777,0.289332466,0,0.804949659,0.2526864,12.13703358,,0.000562166,0.312746,,0,0,0,0,0,0,0.170684582,1.75561622
21,103,21103,0.003805664,0.000349626,0.000150599,0.004773665,3.54E-05,0.129520947,47.19873372,0.043030223,0.433998699,0,0.452124585,0.2868612,4.461511359,,0.000314882,26.24748132,,0,0,0,0,0,0,0,0
21,104,21104,0.008905254,0.000818125,0.000307344,0.009742174,0.000172367,0.631434656,98.63195831,0.209778998,9.692637617,0,2.204177308,0.5178,56.72801054,,0.001287478,,,0,0,0,0,2.3193,0.2187,0,4.889009516
21,105,21105,0.000152227,1.40E-05,1.54E-05,0.000487109,2.74E-05,0.100318611,35.9903382,0.033328449,1.735994797,0,0.350186681,0.4805184,35.28166789,,0.000310889,0.23088342,,0,0,0,0,0,0,0,0.845749031
21,106,21106,0.024508477,0.002251593,0.000470236,0.014905526,0.000123556,0.452624748,70.3833861,0.150373701,2.259514048,0,1.579997532,0.4908744,4.283916322,,0.001196493,0.63993705,,0,0,0,0,0,0,1.718722987,0.3816557
21,107,21107,0.000875303,8.04E-05,7.07E-05,0.0022407,7.66E-05,0.28045694,166.282339,0.093175082,0,0,0.979003632,0.2765052,10.21705612,,0.00068367,,,0,0,0,0,0,0,0,0
21,108,21108,0.005137647,0.000471995,0.000344225,0.010911235,9.38E-05,0.343465273,54.44261612,0.114108087,4.270830213,0,1.19894965,0.4515216,43.59279109,,0.000854231,0.227191646,,0,0,0,0,0.3673,0.0346,1.69733758,4.047840354
21,109,21109,0.020893096,0.001919448,0.0001967,0.006234991,0.000111595,0.408809793,190.7774694,0.135817234,0,0,1.427050701,0.626538,1.95068369,,0.001177669,10.01596926,,0,0,0,0,0,0,0.002319084,0
21,110,21110,0.014157071,0.001300609,0.00047331,0.015002948,0.000260879,0.955683647,271.2747811,0.317502936,5.85898244,0,3.33604782,2.532042,115.9496909,,0.00225437,0.26355,,0,0,0,0,0,0,0,3.697480421
21,111,21111,0.001636436,0.000150339,0.0001967,0.006234991,0.00011369,0.416482563,277.3722451,0.138366328,0.795664282,0,1.453834385,2.5724304,11.43756836,,0.001199631,,,0,0,0,0,0,0,0.017933438,0.320590788
21,112,21112,0.002663965,0.000244738,0.000233581,0.007404052,5.48E-05,0.200889164,93.05316564,0.0667406,0.798840619,0,0.701252826,0.7280268,22.84133184,0.691502056,0.00062577,,,0,0,0,0,0,0,0.01159542,2.683039571
21,113,21113,0.000285425,2.62E-05,8.61E-05,0.002727809,2.38E-05,0.087355065,34.21277816,0.029021622,0.506331816,0,0.304934247,0.5861496,15.80538458,,0.000327146,,,0,0,0,0,0,0,0.004174351,0.84498572
21,114,21114,1.239847319,0.113904709,0.095691527,3.033225839,0.00979183,35.87066015,354.5711974,11.91716523,2.693512747,0,125.2153241,0.683496,47.17008834,,0.105517869,4.567006873,,0.100523587,0,0,0,1.6711,0.1576,34.31863357,6.106491199
21,115,21115,0.016611724,0.001526118,0.000288903,0.009157643,0.000282524,1.034976577,280.981795,0.343846108,3.688988944,0,3.61283921,0.3893856,54.0491733,,0.002396409,0.194108968,,0,0,0,0,0,0,0,3.574587286
21,116,21116,0.000494736,4.55E-05,3.69E-05,0.001169061,0.00012742,0.466779292,286.5081011,0.155076208,0,0,1.629407434,0.4442724,11.24486881,,0.000989139,17.03376209,,0,0,0,0,0,0,0,3.263919546
21,117,21117,0.062222609,0.005716388,0.000562439,0.017828178,7.84E-05,0.28728227,37.40233337,0.095442634,0.361665583,0,1.002829119,0.497088,5.23141842,,0.000776081,,,0,0,0,0,0,0,0,0.736595501
21,118,21118,0.002397568,0.000220264,0.000291977,0.009255065,0.000159062,0.582695386,54.83710116,0.193586546,1.518995447,0,2.034040948,0.217476,28.13911044,,0.001284911,,,0,0,0,0,0,0,0,1.954077184
21,119,21119,0.060985768,0.005602759,0.0038879,0.1232385,0.000579027,2.121166034,104.8819148,0.704706465,2.676325312,0,7.404449521,0.5416188,7.724626351,,0.005265711,0.307475,,0,0,0,0,0,0,0.181027138,1.1449671
21,120,21120,0.001103643,0.000101392,1.54E-05,0.000487109,2.88E-05,0.105678099,58.25613132,0.03510901,0,0,0.368895285,0.2236896,1.359246898,,0.000241295,,,0,0,0,0,0,0,0,0.030532456
21,121,21121,0.00057085,5.24E-05,0,0,7.95E-06,0.029133624,12.16582135,0.009678947,0.075509453,0,0.10169805,0.2723628,2.215389196,,8.64E-05,,,0,0,0,0,0,0,0.398418631,0.217543749
21,122,21122,0.000475708,4.37E-05,4.30E-05,0.001363904,5.39E-05,0.197384884,51.876186,0.065576387,1.157329865,0,0.689020278,0.3945636,11.18161929,,0.000535356,0.9460441,,0,0,0,0,0,0,0,1.5266228
21,123,21123,5.71E-05,5.24E-06,3.07E-06,9.74E-05,2.71E-05,0.09940246,48.49592106,0.03302408,0,0,0.346988629,0.4794828,1.404845217,,0.000261261,,,0,0,0,0,0,0,0,0
21,124,21124,0.017886621,0.001643243,0.000479457,0.015197791,8.43E-05,0.308949257,80.02468446,0.10264097,0.581841269,0,1.078463046,0.139806,10.27094039,1.982305895,0.000797187,,,0,0,0,0,0,0,0,0.672477343
21,125,21125,0.016802007,0.0015436,0.000252022,0.007988583,4.41E-05,0.161540449,0.030408656,0.053667934,3.544322711,0,0.563896498,1.1329464,5.917850187,,0.000467759,0.1757,,0,0,0,0,0,0,0,0.3816557
21,126,21126,0.000266396,2.45E-05,2.15E-05,0.000681952,3.27E-05,0.119626508,45.92442062,0.039743034,2.169993496,0,0.417585624,0.1895148,10.1487634,,0.000297769,,,0,0,0,0,0,0,0.02264972,1.45029166
21,127,21127,0.00057085,5.24E-05,3.38E-05,0.001071639,2.31E-05,0.084675321,43.3318984,0.028131342,0,0,0.295579945,0.4639488,3.937823713,,0.000300621,,,0,0,0,0,0,0,0,0.509128704
21,128,21128,0.000951416,8.74E-05,9.53E-05,0.003020074,4.93E-05,0.1805735,45.77687119,0.059991208,8.17364217,0,0.630336026,0.5064084,33.20994272,,0.000458917,,,0,0,0,0,1.1381,0.1073,0,3.088357924
21,129,21129,0.003558296,0.0003269,4.61E-05,0.001461326,7.51E-05,0.275028741,98.63699854,0.091371693,1.301996098,0,0.960055175,0.2009064,9.466064562,9.127827145,0.000761249,,,0,0,0,0,0,0,0,0.357229735
21,130,21130,0.000171255,1.57E-05,6.15E-05,0.001948435,1.98E-05,0.072559215,16.67248072,0.024106056,5.659170525,0,0.253285709,0.4732692,15.24481891,,0.000225038,0.86631646,,0,0,0,0,0.6483,0.0611,0,5.378292124
21,131,21131,0.003577324,0.000328649,9.22E-06,0.000292265,4.87E-06,0.017842054,8.665084343,0.005927594,0.072333117,0,0.06228206,0.07767,1.109794691,,5.39E-05,,,0,0,0,0,0,0,0,0
21,132,21132,0.15001928,0.013782264,0.005590586,0.177210143,0.00085206,3.121374653,54.72076302,1.037001754,4.629319459,0,10.89592266,0.9196128,25.02928812,,0.007940209,,,0,0,0,0,0.8283,0.0781,0.4358494,3.816556999
21,133,21133,7.61E-05,6.99E-06,1.54E-05,0.000487109,4.51E-06,0.016513634,2.346196163,0.005486258,0.578664932,0,0.057644885,0.6089328,5.366637292,0.852852536,5.56E-05,,,0,0,0,0,0,0,0,0.492335853
21,134,21134,0.010332378,0.000949235,0.000242802,0.007696317,0.000108926,0.399029873,16.64205164,0.132568091,3.327323361,0,1.392911497,0.3438192,21.7067352,,0.001019372,,,0,0,0,0,0,0,0,2.6715899
21,135,21135,0.004014976,0.000368856,1.23E-05,0.000389687,3.49E-06,0.01280322,6.978539929,0.004253562,0,0,0.044692775,0.2785764,4.257106717,,4.96E-05,,,0,0,0,0,0,0,0,0.41982127
21,136,21136,0.040834776,0.003751489,0.000654643,0.02075083,7.11E-05,0.260645159,3.523387515,0.086593093,0.433998699,0,0.90984576,0.0548868,1.958283682,,0.00063176,,,0,0,0,0,0,0,0,0.30532456
21,137,21137,0.001541294,0.000141599,0.000141378,0.0044814,5.41E-05,0.19832394,43.64372604,0.065888365,10.56063502,0,0.692298281,0.4774116,42.54810616,,0.000478312,1.708835525,,0,0,0,0,0,0,3.400704779,2.116662512
21,138,21138,0.003425098,0.000314664,0.000184406,0.005845304,6.08E-05,0.222556152,107.0073819,0.073938936,0.220175686,0,0.776886753,0.0445308,10.11838354,,0.000562452,9.864018775,,0,0,0,0,0,0,0,1.22129824
21,139,21139,0.000761133,6.99E-05,6.76E-05,0.002143278,2.01E-05,0.073589885,33.55038631,0.024448472,0.21699935,0,0.256883517,0.2185116,6.177766495,,0.000222471,,,0,0,0,0,0,0,0,1.006807736
21,140,21140,0.210776708,0.019364045,0.005833387,0.18490646,0.000745536,2.731139836,115.6561345,0.907355609,3.182657128,0,9.533712464,0.227832,22.80957753,,0.007322995,,,0,0,0,0,1.599,0.1508,0.488188734,3.4349013
21,141,21141,0.000837246,7.69E-05,7.38E-05,0.002338122,1.92E-05,0.070200124,26.93224162,0.023322305,0.578664932,0,0.245050725,0.4287384,5.7680956,0.461001371,0.000230742,,,0,0,0,0,0,0,0,0.951849316
21,142,21142,0.024889043,0.002286555,0.000743772,0.023576061,0.000168303,0.616547191,93.04274964,0.204832995,8.607640869,0,2.152208965,0.4836252,66.63101411,,0.001458609,8.378412871,,0,0,0,0,0.5906,0.0557,0.654522808,8.610152591
21,143,21143,0.010180152,0.00093525,0.000470236,0.014905526,0.000154992,0.567785017,57.26012449,0.188632934,5.369838059,0,1.981992654,0.3096444,27.33592957,,0.0013816,11.66715545,,0,0,0,0,0,0,0,3.816556999
21,144,21144,0.010161123,0.000933502,0.000949693,0.030103317,8.24E-05,0.301826178,31.37827761,0.100274498,0.144666233,0,1.053598192,0.0600648,10.94361695,,0.000636609,,,0,0,0,0,0,0,0,0.579353353
21,145,21145,0.000209312,1.92E-05,2.46E-05,0.000779374,8.08E-05,0.295939903,189.8418903,0.098318924,0.072333117,0,1.033050709,2.7225924,13.51578029,,0.000721319,,,0,0,0,0,0,0,0,0
21,146,21146,0.003995947,0.000367107,1.23E-05,0.000389687,5.13E-06,0.01878111,9.908817175,0.006239573,0,0,0.065560064,0.0248544,0.767137016,,7.19E-05,,,0,0,0,0,0,0,0,0
21,147,21147,0.007630357,0.000701,0.000110644,0.003507183,3.40E-05,0.124642439,55.27387593,0.041409456,0.795664282,0,0.435094958,2.2959252,18.30768191,,0.000404726,,,0,0,0,0,0,0,0,0
21,148,21148,0.000209312,1.92E-05,3.38E-05,0.001071639,5.68E-05,0.20798934,35.64453023,0.069099462,4.412320109,0,0.726037728,0.2009064,15.14585735,,0.00052138,,,0,0,0,0,0,0,0.24157125,1.1449671
21,149,21149,0.032386202,0.002975319,0.000227434,0.007209209,0.000132359,0.484873288,68.06387744,0.161087503,1.446662331,0,1.692568958,0.2412948,14.52182543,,0.001041049,0.26151941,,0,0,0,0,0.8571,0.0808,0.523108048,0.137396052
21,150,21150,0.000742105,6.82E-05,5.53E-05,0.001753591,3.88E-05,0.141957706,67.96866184,0.047162038,0.433998699,0,0.495538139,1.70874,17.88040139,,0.00042412,,,0,0,0,0,0,0,0,1.508303326
21,151,21151,0.004205259,0.000386337,0.000116791,0.003702026,4.69E-05,0.171801348,16.96688556,0.057076871,1.735994797,0,0.599714679,0.2910036,7.542806569,,0.000439237,,,0,0,0,0,0,0,0,0.375549209
21,152,21152,0.00260688,0.000239494,0.000159819,0.00506593,6.91E-05,0.253132715,135.7663273,0.084097264,5.207984391,0,0.883621735,0.4898388,27.25714062,,0.000642598,0.069074028,,0,0,0,0,0,0,0,4.202792568
21,153,21153,0.018857066,0.001732398,0.000181333,0.005747883,0.000117591,0.43077453,54.26189876,0.14311449,1.539359219,0,1.503723995,0.2133336,21.50736664,,0.00115913,0.043925,,0,0,0,0,0,0,0.2981569,2.59525876
21,154,21154,0.038418179,0.003529476,0.001997735,0.06332413,0.000421654,1.544654672,208.0980271,0.513174412,8.917337106,0,5.391995423,8.7435708,80.60491042,,0.003715546,,,0,0,0,0,1.0948,0.1032,0.44115257,7.450682574
21,155,21155,0.000818218,7.52E-05,0.000230508,0.00730663,2.96E-05,0.10840365,36.1151387,0.036014509,0.292508803,0,0.378409489,0.2972172,21.99107642,,0.000327431,,,0,0,0,0,0,0,0,0.75262504
21,156,21156,0.308677418,0.028358178,0.011445487,0.362798555,0.001740971,6.37774426,187.1959116,2.118852338,4.708005249,0,22.26307827,3.2859588,47.5190053,,0.01693915,0.186780125,,0,0,0.016,0,1.9376,0.1827,4.342300192,1.313658919
21,157,21157,0.002892305,0.000265716,0.000362666,0.011495765,6.14E-05,0.224915243,78.02430738,0.074722687,0.867997399,0,0.785121737,0.6068616,34.18405901,,0.000698786,,,0,0,0,0,0,0,0.001236845,1.135044052
21,158,21158,0.000475708,4.37E-05,9.22E-05,0.002922652,4.18E-05,0.153111853,67.3562413,0.050867735,0.433998699,0,0.534474421,3.3998748,13.66352065,,0.000498563,,,0,0,0,0,0,0,0,0
21,159,21159,0.016116988,0.001480667,2.46E-05,0.000779374,2.53E-05,0.092554226,50.11568239,0.030748918,0.309696238,0,0.323083191,0.5167644,10.75927488,,0.000304043,,,0,0,0,0,0,0,0,1.202215455
21,160,21160,0.00022834,2.10E-05,9.22E-06,0.000292265,1.75E-05,0.06419933,24.33319544,0.021328685,0.723331165,0,0.224103486,0.2526864,10.30922639,,0.00020165,,,0,0,0,0,0,0,0.164886872,0.715222782
21,161,21161,0.045572828,0.004186773,0.000190553,0.006040148,0.000107969,0.395525593,82.06736636,0.131403878,5.641983091,0,1.380678949,0.9310044,31.59844214,,0.001045327,,,0,0,0,0,0.7203,0.0679,0,4.211188993
21,162,21162,0.001370039,0.000125865,3.38E-05,0.001071639,2.67E-05,0.097730483,48.1447945,0.032468605,0,0,0.341152184,0.7062792,0.870851437,,0.000250707,,,0,0,0,0,0,0,0,0
21,163,21163,0.004281372,0.000393329,0.000239728,0.007598896,9.27E-05,0.339480013,22.02550783,0.11278408,0.867997399,0,1.185038125,0.2143692,11.24105927,,0.000814585,3.301896048,,0,0,0,0,0,0,0,1.5266228
21,164,21164,0.030521426,0.002804002,0.002624717,0.083198165,0.00043342,1.587759609,224.46949,0.527494993,8.10448539,0,5.542463764,0.7311336,52.47094736,,0.003742642,0.08785,,0,0,0,0,1.6063,0.1515,2.997944555,5.724835499
21,165,21165,0.003596353,0.000330397,3.07E-06,9.74E-05,7.33E-06,0.026866149,16.9260247,0.008925633,0.072333117,0,0.093782871,0.23301,6.483048267,,6.33E-05,,,0,0,0,0,0,0,0,0.555690699
21,166,21166,0.001122671,0.00010314,0.000264316,0.00837827,4.43E-05,0.162410793,16.2662967,0.053957085,2.169993496,0,0.566934647,0.4100976,18.5572454,36.5509547,0.000479453,,,0,0,0,0,0.8427,0.0795,0,1.891485649
21,167,21167,0.000532793,4.89E-05,1.84E-05,0.00058453,6.08E-05,0.22260196,116.3762878,0.073954154,0,0,0.777046656,0.6089328,3.935942945,,0.000551328,0.08581941,,0,0,0,0,0,0,0,0
21,168,21168,0.007154649,0.000657297,0.00018748,0.005942726,3.85E-05,0.141201881,78.52278122,0.046910933,2.242326613,0,0.492899746,0.7011012,60.80314019,,0.000380197,,,0,0,0,0,0,0,0.040197456,4.064633204
21,169,21169,0.003329956,0.000305923,0.000230508,0.00730663,0.000121142,0.443783884,128.3761567,0.147436536,1.663661681,0,1.549136331,2.2089348,60.88165836,,0.001220166,,,0,0,0,0,0,0,1.05379177,0.403028419
21,170,21170,0.007877725,0.000723726,7.99E-05,0.002532965,0.000103505,0.379172285,131.8148696,0.125970884,10.99463371,0,1.323593722,0.4825896,93.70577679,,0.000968033,1.48735823,,0,0,0,0,1.6063,0.1515,0.807968866,8.349100092
21,171,21171,0.00567044,0.000520943,6.76E-05,0.002143278,1.87E-05,0.068413628,7.205277861,0.022728785,0.361665583,0,0.238814524,1.6186428,6.733065487,,0.000190811,,,0,0,0,0,0,0,0,0.648051379
21,172,21172,0.00294939,0.00027096,0.000433355,0.013736465,0.000154185,0.564830428,277.9849343,0.187651342,0.361665583,0,1.971678936,1.37217,16.96291459,,0.001657977,7.5551,,0,0,0,0,0,0,0.012832265,0.051141864
21,173,21173,0.00475708,0.000437033,0.000215141,0.006819522,3.56E-05,0.130460002,18.58943671,0.043342202,0.289332466,0,0.455402588,0.3655668,1.767398446,,0.000375063,,,0,0,0,0,0,0,0.067481409,0
21,174,21174,0.227445517,0.020895408,0.004244419,0.134539421,0.00058728,2.15139904,174.8720521,0.714750655,0.017187435,0,7.509985233,1.1940468,3.596048322,,0.006043503,0.107274263,,0,0,0,0,0.1657,0.0156,0.132713982,0
21,175,21175,0.001541294,0.000141599,0.000119864,0.003799448,5.87E-05,0.215089516,62.52003782,0.071458325,0.433998699,0,0.75082263,0.2392236,12.74264688,,0.000581561,1.469342074,,0,0,0,0,0,0,0.050865242,1.1449671
21,176,21176,0.00034251,3.15E-05,9.84E-05,0.003117496,4.95E-05,0.181398037,33.68591084,0.060265141,3.536257245,0,0.633214273,0.186408,23.79143827,51.17115218,0.000568156,,,0,0,0,0,0,0,0,3.082251433
21,177,21177,0.028447339,0.002613456,0.000433355,0.013736465,0.00028952,1.060605921,316.7437999,0.352360842,7.884309703,0,3.702304712,1.9541772,65.46462153,,0.002510211,0.08785,,0,0,0,0,1.2533,0.1182,0,6.686607863
21,178,21178,0.000818218,7.52E-05,5.84E-05,0.001851013,0.000104893,0.384256927,233.2732499,0.127660134,0,0,1.34134291,0.8554056,5.935480434,,0.001059018,,,0,0,0,0,0,0,0,0
21,179,21179,0.003501211,0.000321656,0.000267389,0.008475691,0.000174323,0.638603543,230.6104923,0.212160688,10.00233385,0,2.229202064,0.4929456,83.09506653,,0.001487987,1.845687,,0,0,0,0,0,0,0,11.65347514
21,180,21180,0.006260318,0.000575135,0.000298124,0.009449909,0.000222146,0.813794652,165.9705742,0.270363726,7.449903963,0,2.840749535,0.8875092,64.59515635,,0.001991398,27.35860456,,0,0,0,0,0,0,0,7.633113999
21,181,21181,0.001617407,0.000148591,4.30E-05,0.001363904,3.64E-05,0.133414591,14.66000657,0.044323793,1.374329214,0,0.465716305,0.0807768,10.97744049,,0.00035139,,,0,0,0,0,0,0,0,1.5266228
21,182,21182,0.002093115,0.000192294,7.68E-05,0.002435543,3.07E-05,0.112595044,11.3038594,0.037406999,0.361665583,0,0.393040576,0.4753404,4.819217935,,0.000238728,,,0,0,0,0,0,0,0,0.608359186
21,183,21183,0.000989473,9.09E-05,6.15E-05,0.001948435,0.000125256,0.45885458,211.2841346,0.152443412,0,0,1.601744285,0.5944344,5.960500158,,0.001106079,0.392279115,,0,0,0,0,0,0,0,0
21,184,21184,0.000589878,5.42E-05,1.23E-05,0.000389687,3.74E-05,0.13714791,69.73329158,0.045564099,0,0,0.478748367,0.579936,3.489604783,,0.000382193,,,0,0,0,0,0,0,0,0
21,185,21185,0.000818218,7.52E-05,8.91E-05,0.00282523,4.76E-05,0.174435284,39.79900165,0.057951933,3.254990245,0,0.608909078,0.1739808,26.78548544,7.606522621,0.000515105,,,0,0,0,0,0,0,0.005411196,3.61504279
21,186,21186,0.015508081,0.001424727,0.000894371,0.028349726,0.000302037,1.106459313,441.5205983,0.36759453,3.092729536,0,3.862367209,1.4778012,55.94795049,,0.002987383,1.73079153,,0,0,0,0,0.7491,0.0706,0.015414743,0
21,187,21187,0.00045668,4.20E-05,5.22E-05,0.00165617,3.21E-05,0.117771301,53.86786105,0.039126686,0,0,0.411109569,0.5892564,2.917512743,,0.000344544,,,0,0,0,0,0,0,0,0
21,188,21188,0.002530767,0.000232501,0.000126011,0.003994291,8.89E-05,0.325737737,190.8417079,0.108218539,1.102184183,0,1.137067346,0.1128804,27.73292868,,0.000884179,1.171812366,,0,0,0,0,0,0,0,2.2899342
21,189,21189,0.00747813,0.000687015,0.000414914,0.013151935,0.000116628,0.427247346,55.53759862,0.141942668,6.292981139,0,1.491411495,4.6332744,26.95473429,,0.001098378,,,0,0,0,0,0,0,0,2.063230714
21,190,21190,0.000266396,2.45E-05,1.23E-05,0.000389687,6.95E-06,0.025446113,12.43719677,0.00845386,0.072333117,0,0.088825891,0.2257608,2.000840157,,9.38E-05,,,0,0,0,0,0,0,0,0.217543749
21,191,21191,0.002454653,0.000225509,0.000602394,0.019094661,5.00E-05,0.183092917,40.76643285,0.060828224,0.506331816,0,0.639130669,0.2972172,13.29241214,,0.000603238,,,0,0,0,0,0,0,0,0.87780811
21,192,21192,0.001046558,9.61E-05,2.77E-05,0.000876796,3.65E-05,0.133620726,55.61593711,0.044392277,0,0,0.466435867,0.4287384,5.683482156,,0.000377915,,,0,0,0,0,0,0,0,0
21,193,21193,0.004604854,0.000423048,2.15E-05,0.000681952,3.45E-05,0.126222801,60.11275186,0.041934494,0.437175036,0,0.440611598,0.2060844,17.69201267,,0.000390179,,,0,0,0,0,0,0,0,1.98460964
21,194,21194,0.008277319,0.000760437,0.000894371,0.028349726,0.000172692,0.632625653,223.6260525,0.210174678,2.242326613,0,2.208334775,2.853078,12.93595469,,0.001794312,,,0,0,0,0,0,0,0,0.427454384
21,195,21195,0.001293926,0.000118873,9.84E-05,0.003117496,0.000128708,0.471497473,289.2230637,0.15664371,0.072333117,0,1.645877401,0.9641436,23.52222219,,0.001129467,0.911086473,,0,0,0,0,0,0,0,0
21,196,21196,0.000266396,2.45E-05,4.00E-05,0.001266483,7.90E-06,0.028950394,14.87107517,0.009618073,0,0,0.101058439,0.134628,0.966363225,,0.000105246,,,0,0,0,0,0,0,0,0.138922675
21,197,21197,0.026182969,0.002405428,0.002950502,0.093524869,0.000459855,1.684596844,388.5117906,0.559666838,0.21699935,0,5.880497848,1.853724,7.8478115,,0.004451696,,,0,0,0,0,0,0,0.256993716,0
21,198,21198,5.71E-05,5.24E-06,0,0,7.43E-06,0.027232609,12.91435725,0.00904738,0.072333117,0,0.095062092,0.357282,4.056023467,,7.44E-05,,,0,0,0,0,0,0,0.002241781,0.335857016
21,199,21199,0.02197771,0.002019091,0.000264316,0.00837827,0.000234232,0.858067683,297.366517,0.285072377,0.361665583,0,2.995295392,0.2806476,18.4513023,,0.001871321,7.769922259,,0,0,0,0,0,0,0.00193257,0
21,200,21200,0.002473682,0.000227257,0.000101423,0.003214917,2.37E-05,0.086667951,38.90122544,0.028793345,0,0,0.302535708,0.144984,5.566132552,,0.000266109,,,0,0,0,0,0,0,0,0
21,201,21201,0.000247368,2.27E-05,1.54E-05,0.000487109,1.83E-05,0.066993593,22.1427861,0.022257012,0.650998049,0,0.233857544,0.331392,7.225720779,2.328056923,0.000203932,,,0,0,0,0,0,0,0.115490383,0.761021466
21,202,21202,0.002968418,0.000272708,7.38E-05,0.002338122,7.58E-05,0.277685581,124.079646,0.092254364,0,0,0.969329525,0.7135284,6.389448393,,0.000718466,0.26355,,0,0,0,0,0,0,0,0
21,203,21203,0.003158701,0.00029019,7.68E-05,0.002435543,3.45E-05,0.126383127,38.50200799,0.041987758,1.518995447,0,0.441171257,0.3334632,19.41348528,,0.000363939,,,0,0,0,0,0,0,0,2.318940033
21,204,21204,0.001845747,0.000169569,9.22E-05,0.002922652,4.72E-05,0.173038153,60.29026572,0.05748777,0,0,0.604032049,0.2775408,4.614483966,,0.000425832,,,0,0,0,0,0,0,0,0
21,205,21205,0.005841694,0.000536676,0.000162892,0.005163352,0.000136529,0.500150117,101.5675015,0.166162863,2.09766038,0,1.745896473,0.8885448,25.22037198,,0.001199916,,,0,0,0,0,0.5906,0.0557,0.003710534,3.291398756
21,206,21206,0.00068502,6.29E-05,2.77E-05,0.000876796,2.33E-05,0.085385339,33.52519658,0.028367228,0.581841269,0,0.298058435,1.6652448,20.29374918,,0.000271528,,,0,0,0,0,0,0,0,0.440430678
21,207,21207,0.013224683,0.001214951,0.001493691,0.047346965,0.000327883,1.201143592,511.8006107,0.399051107,1.029851066,0,4.19288587,0.9796776,14.65243378,,0.003025887,0.03164274,,0,0,0,0,0,0,0.119461137,0
21,208,21208,0.020778926,0.001908959,0.002252831,0.071410135,0.000448138,1.641675137,525.6267001,0.545407132,4.122987643,0,5.730669118,1.6476396,61.0186441,,0.004409484,8.6785181,,0,0,0,0,0,0,0.154695323,0.042745438
21,209,21209,0.001503237,0.000138102,0.000119864,0.003799448,4.64E-05,0.169969044,36.17676936,0.056468132,0.14784257,0,0.593318575,2.3943072,12.7216851,,0.000517958,,,0,0,0,0,0,0,1.224321747,0.03816557
21,210,21210,0.001160728,0.000106636,0.000119864,0.003799448,3.27E-05,0.119809739,51.94661325,0.039803908,0,0,0.418225235,0.4494504,5.431684554,,0.000333136,,,0,0,0,0,0,0,0,0
21,211,21211,0.006964365,0.000639816,0.00068845,0.02182247,9.25E-05,0.338769995,51.86440749,0.112548194,1.084996748,0,1.182559634,1.1194836,11.5172732,,0.000947212,,,0,0,0,0,0.8788,0.0829,0,0
21,212,21212,0.029703209,0.002728832,0.000162892,0.005163352,0.000116747,0.427682518,231.65063,0.142087244,0.723331165,0,1.49293057,0.2412948,21.26230508,,0.001106935,1.67907805,,0,0,0,0,0,0,0,0
21,213,21213,0.000399595,3.67E-05,5.84E-05,0.001851013,7.50E-05,0.274891318,168.4879104,0.091326038,0.089520551,0,0.959575467,0.8916516,6.380412665,,0.000724741,0.43925,,0,0,0,0,0,0,0,0
21,214,21214,0.013814561,0.001269143,0.000338078,0.010716391,9.48E-05,0.34731311,112.7183844,0.115386438,0.650998049,0,1.212381468,0.2454372,12.15268111,1.42910425,0.000891024,,,0,0,0,0,0.6122,0.0577,0,0.741938681
21,215,21215,0.001598379,0.000146843,7.38E-05,0.002338122,2.77E-05,0.101303474,30.57918516,0.033655646,0,0,0.353624587,0.2133336,5.002100393,,0.000261546,,,0,0,0,0,0,0,0,0
21,216,21216,0.000171255,1.57E-05,2.15E-05,0.000681952,1.61E-05,0.059023073,29.28945897,0.019608998,0,0,0.206034492,0.497088,3.886868835,,0.000179403,,,0,0,0,0,0,0,0,0
21,217,21217,0.001845747,0.000169569,0.000122938,0.00389687,0.000119104,0.436317248,244.5179627,0.144955925,0,0,1.523072209,0.3562464,9.988304231,,0.001050461,,,0,0,0,0,0,0,0,0
22,1,22001,0.035659073,0.003275997,0.002122371,0.027667774,0.000357375,5.01467785,493.5024822,0.434943868,18.66194407,0,4.570016139,3.329454,153.9194108,,0,44.28219466,,0,0,0,0,0,0,0.02202635,20.50394045
22,2,22002,0.00068502,6.29E-05,0.000463335,0.006040148,0.000155817,2.186420598,267.2640962,0.189637353,0,0,1.992546225,1.4353416,8.412365719,,0,16.40579155,,0,0,0,0,0,0,0,0
22,3,22003,0.000513765,4.72E-05,0.000440915,0.005747883,7.66E-05,1.074172771,97.69955618,0.093167472,0.650998049,0,0.978923681,1.8309408,13.50853145,,0,0.51491646,,0,0,0,0,0,0,0,1.228972341
22,4,22004,0.016516582,0.001517378,0.002525921,0.032928548,0.000368785,5.174786092,282.336871,0.448830722,6.513156826,0,4.715927256,2.9038224,51.83779801,,0,5.833724345,,0,0,0,0,0,0,2.50692525,9.042895533
22,5,22005,0.028314141,0.002601219,0.000859411,0.0112035,0.000340006,4.770962401,172.2841087,0.413805414,14.04215362,0,4.347911435,1.0842732,99.75016909,,0,4.47019705,,0,0.945945,0.342,0,1.3356,0.1259,8.119453841,16.21658266
22,6,22006,0.124616472,0.011448509,0.007973838,0.103948995,0.000744829,10.45142734,26.26711265,0.906495766,10.12981265,0,9.524677967,6.7334712,38.55994014,,0.044610518,23.92036903,,0,0,0,0,0,0,0.250160446,4.350562089
22,7,22007,0.033394703,0.00306797,0.005403079,0.070435917,0.000240934,3.380784213,85.7816848,0.293229477,7.667310354,0,3.081003183,40.3138368,26.73261269,,0,,,0,0,0,0,0,0,2.189148301,3.569872039
22,8,22008,0.000589878,5.42E-05,0.000627744,0.008183426,0.000216263,3.03459949,121.1482009,0.263203436,8.613993542,0,2.765515364,1.32039,66.54207601,,0,11.0734285,,0,0,0,0,0,0,0.030324349,9.309758099
22,9,22009,0.003482183,0.000319908,0.002862212,0.037312526,0.000135041,1.894892003,137.4464963,0.164351865,1.446662331,0,1.726868065,2.3332068,14.12025401,,0,50.37643039,,0,0,0,0,0,0,0,0.936359879
22,10,22010,0.000133198,1.22E-05,0.000171882,0.0022407,0.000116172,1.630121224,156.4797076,0.141387194,1.301996098,0,1.48557505,1.2862152,16.27592277,,0,43.58087185,,0,0,0,0,0,0,0,1.287494834
22,11,22011,0.398947772,0.036651311,0.004424098,0.057673669,0.000526872,7.393052877,121.553195,0.641230227,23.94543791,0,6.737495801,1.1453736,142.7257151,,0.030365266,104.1773304,,0,0.945945,0.342,0,5.1987,0.4902,1.733981881,15.76947082
22,12,22012,0.036705631,0.003372144,0.004005602,0.052218052,0.000376838,5.287783031,63.84642439,0.458631416,24.66559274,0,4.818904526,3.5666064,155.061231,,0,8.2375941,,0,0,0,0,2.1165,0.1996,0.07555574,17.53802054
22,13,22013,0.000894331,8.22E-05,0.00023914,0.003117496,0.0001068,1.498613139,125.531732,0.129980951,0.289332466,0,1.365728056,0.590292,10.19187343,,0,,,0,0,0,0,0,0,0,1.24067684
22,14,22014,1.061685153,0.09753696,0.138581875,1.806588725,0.004851915,68.08197211,159.3906674,5.905032623,12.59231495,0,62.0450048,26.9297424,80.85006303,,0.31576792,34.81254038,,0.106500672,0,0,0,3.0617,0.2887,23.79110502,9.361257892
22,15,22015,0.000951416,8.74E-05,0.000672582,0.008767956,4.80E-05,0.673682841,57.13676202,0.058431315,0.21699935,0,0.61394601,0.4898388,2.710789608,,0,,,0,0,0,0,0,0,0,0.351134955
22,16,22016,0.46638414,0.042846687,0.026103672,0.340294134,0.001384628,19.42906929,99.03925396,1.685163994,26.76023458,0,17.7062541,15.1736112,220.1520131,,0,21.14192578,,0,0,0,0,6.8117,0.6423,7.164948079,28.76965729
22,17,22017,0.059140021,0.005433191,0.008354969,0.108917504,0.000360676,5.060999577,33.62141654,0.438961544,11.73832865,0,4.612230423,3.4091952,62.64243805,,0,1.80220761,,0,0,0,0,2.0445,0.1928,0.012856414,7.144425878
22,18,22018,0.001674492,0.000153836,0.000829518,0.010813813,0.000158943,2.23028587,166.5051066,0.19344197,0.943506852,0,2.032521873,0.8409072,8.416435912,,0,,,0,0,0,0,0,0,1.463514324,0.644917867
23,1,23001,0,0.00138452,0,0.630221229,0.000490815,0,6.002736773,0.597347769,0,176.160846,6.276416671,0.0900972,0.017386909,,0.026595984,,,0,1.73862,0.372,100,0,0,26.900194,0
23,2,23002,0,0.00115027,0,0.063518974,0.000411913,0,801.9901208,0.501319224,1.470202439,0,5.267431303,5.6626608,27.90127659,,0.018781262,897.3266243,,0,0,0,14.5,0,0,0.339831851,0.78451004
23,3,23003,0,0.000407314,0,0.152659865,9.09E-05,0,0,0.110615448,0,0,1.162252005,0.0849192,0.019432428,,0.004778606,8.35796277,,0,0,0,9.3,0,0,0,0
23,4,23004,0,0.006317745,0,0.441807586,0.001377557,0,948.6845279,1.676557949,29.32757428,251.273348,17.61582918,11.4671988,296.9595425,1058.505248,0.076049264,2464.773009,,0,1.16766,0.833,2.3,0,0,9.179064228,68.49610476
23,5,23005,0,0.01413189,0,4.395571435,0.004065434,0,99.17097218,4.947844134,0.289332466,230.557233,51.98769129,0.1014888,0.087347472,,0.206191015,255.2305479,,0.002560237,8.75394,5.828,0,0,0,33.15098214,0
23,6,23006,0,0.000423048,0,0.024160591,0.000205459,0,427.3200112,0.250054678,0.151018907,0,2.627359523,4.6022064,15.99507135,,0.009433148,10.65373244,,0,0,0,4.8,0,0,0.154447386,2.132648652
23,7,23007,0,0.000176561,0,0.011008656,0.000141249,0,293.8845151,0.171907835,0.268561654,68.647832,1.806259703,1.0024608,5.464091036,,0.00702851,165.2743107,,0,0,0,0,0,0,0.108019566,0.276736551
23,8,23008,0,0.002190408,0,3.392322368,0.000946256,0,0,1.151642487,0.237363121,0,12.1004689,0.3955992,3.867177496,,0.041367872,161.0981216,,0,0,0,0.3,0,0,3.575460827,0
23,9,23009,0,0,0,0,0.000192492,0,91.31047796,0.234273125,0,0,2.461540533,0,,,0.00797453,,,0,0,0,0,0,0,0,0
24,1,24001,0.002702022,0.000248235,0.000635217,0.008280848,0.000104624,1.462013402,95.15656151,0.127332937,3.547499047,0,1.337905005,1.222008,22.82231146,,0,,,0,0,0,0,2.0448,0.1928,0,2.372053826
24,2,24002,0.000190283,1.75E-05,7.47E-05,0.000974217,4.65E-05,0.649929347,47.99024084,0.056605099,3.254990245,0,0.594757699,0.6596772,22.28946144,,0,,,0,0,0,0,0.8913,0.084,0,2.098908234
24,3,24003,0.000475708,4.37E-05,0.000298926,0.00389687,0.000290933,4.065487608,716.5740682,0.354080529,1.466619061,0,3.720373705,0.5364408,37.7685965,92.66127556,0,0.8581941,,0,0,0,0,0,0,0.042004867,3.876750597
24,4,24004,7.61E-05,6.99E-06,1.49E-05,0.000194843,2.73E-05,0.381185877,38.2261106,0.033199092,1.377505551,0,0.348827509,1.817478,13.52915815,,0,,,0,0,0,0,0,0,0.152015283,3.023769625
24,5,24005,0.006051006,0.000555906,0.001531993,0.019971456,0.000108275,1.513036219,25.78449411,0.13177673,3.97832141,0,1.384596562,0.574758,26.90284512,,0,,,0,0,0,0,1.3501,0.1273,0.011205736,2.964667947
24,6,24006,0.000913359,8.39E-05,0.000866884,0.011300922,5.61E-05,0.784563186,59.05727359,0.06833093,1.594504901,0,0.717962647,0.4287384,30.42552464,,0,,,0,0,0,0,2.4904,0.2348,0,2.459907672
24,7,24007,0.008087036,0.000742956,0.000971508,0.012664826,0.000107519,1.502464711,47.85012885,0.130856013,6.335579268,0,1.374922455,0.2733984,63.30021801,,0,,,0,0,0,0,1.2649,0.1193,0,6.063512676
24,8,24008,0.007611328,0.000699252,0.002518448,0.032831126,0.000123818,1.730232665,47.05521058,0.150693288,12.09999423,0,1.583355487,4.3370928,140.9154292,,0,4.80535233,,0,0,0,0,0.6554,0.0618,0,12.29314899
24,9,24009,7.61E-05,6.99E-06,7.47E-06,9.74E-05,2.02E-05,0.281936013,4.530199995,0.024555001,0.509508153,0,0.258002836,0.3427836,5.98029275,,0,12.60166584,,0,0,0,0,0,0,0,0.894511881
24,10,24010,0.00306356,0.000281449,0.001457262,0.018997239,0.000183633,2.566080771,182.5569825,0.223490839,4.270830213,0,2.348249545,11.5873284,82.85950274,,0,103.5342194,,0,0,0,0,1.5991,0.1508,0,10.82199641
24,11,24011,0.011512134,0.001057619,0.00242877,0.031662065,0.000248068,3.46649371,133.1751134,0.301911614,19.42917911,0,3.172227613,2.0463456,87.48646841,,0,,,0,0,0,0,0.7996,0.0754,0,19.60578361
24,12,24012,0.000913359,8.39E-05,0.000508173,0.006624678,0.000133422,1.864429664,282.5656885,0.162381073,0.119413333,0,1.706160679,0.4774116,10.94922485,16.82655004,0,,,0,0,0,0,0,0,0.042714934,0.745959015
24,13,24013,0.073411261,0.006744289,0.023458181,0.305806838,0.001013173,14.15804552,457.2628716,1.233084128,26.63617454,0,12.95618764,2.7277704,288.6846731,1234.331171,0.112714978,48.50026563,,0,0,0,0,2.8509,0.2688,1.195782548,49.93612573
24,14,24014,0.000856274,7.87E-05,0.000313872,0.004091713,0.000108738,1.519501439,263.2452564,0.132339814,0,0,1.390512958,0.2257608,7.136239391,,0,,,0,0,0,0,0,0,0,0
24,15,24015,0.017544112,0.001611777,0.001629144,0.021237939,0.00012505,1.747444129,80.38742525,0.152192308,2.703041757,1.565824,1.599105892,1.025244,51.09421996,,0,,,0,0,0,0,3.0147,0.2843,4.640725207,12.17175095
24,16,24016,0.01541294,0.001415986,0.003467536,0.045203687,0.000233538,3.263450855,126.836888,0.284227752,21.78497343,0,2.986420798,4.4178696,553.0958487,0.461001371,0.026415266,,,0,0,0,0,1.6384,0.1545,0.081141732,97.87557316
24,17,24017,0.000418623,3.85E-05,0.000201775,0.002630387,0.000150178,2.09857547,178.5098644,0.182773823,8.489691081,0,1.920430155,3.9290664,107.9516061,,0,0.128729115,,0,0,0,0,0.7144,0.0674,0.024441673,13.02313458
24,18,24018,0.003938862,0.000361863,6.73E-05,0.000876796,9.47E-05,1.323011172,204.8416333,0.115226644,0.144666233,0,1.210702491,0.2288676,4.993563047,,0,,,0,0,0,0,0,0,0,0
24,19,24019,1.90E-05,1.75E-06,7.47E-06,9.74E-05,3.36E-05,0.469427394,43.67873778,0.040884419,1.102184183,0,0.429578319,1.429128,20.09300529,,0,,,0,0,0,0,0,0,0,2.697911726
24,20,24020,0.111886526,0.010279009,0.008773464,0.114373121,0.000526121,7.352003572,66.01723825,0.640317119,6.236529707,0,6.727901646,0.792234,78.43698372,,0.05394087,,,0,0,0,0,0.4915,0.0463,0.212211139,15.4175512
24,21,24021,0.001331982,0.000122369,0.000298926,0.00389687,0.000291589,4.074661231,210.0287734,0.354879498,10.2840079,0,3.728768591,1.3089984,56.49275215,,0,9.00996879,,0,0,0,0,2.2152,0.2089,0,8.189575735
24,22,24022,0.004148174,0.000381093,0.000687529,0.0089628,0.000110389,1.542566549,69.95993311,0.134348652,7.453487341,0.195728,1.4116201,2.1509412,54.57597006,,0,1.0542,,0,0,0,0,1.3304,0.1255,0,8.889211813
24,23,24023,0.002169229,0.000199287,0.000545539,0.007111787,8.68E-05,1.213277167,66.6322325,0.105669445,5.948502991,0,1.110283662,1.5492576,85.49734802,,0,0.42909705,,0,0,0,0,1.2714,0.1199,0,10.11916565
24,24,24024,0.016535611,0.001519126,0.010634276,0.138631134,0.000515818,7.208021374,301.9525468,0.6277771,20.3383111,0,6.596141908,6.2312052,133.20382,,0.057266206,15.07996428,,0,0,0,0,3.408,0.3214,0.200722806,19.04671369
24,25,24025,0.010351406,0.000950983,0.001838392,0.023965748,0.000164764,2.302404636,39.80024968,0.200526168,36.13177636,0,2.106956531,0.9972828,239.7846717,,0,,,0,0,0,0,2.556,0.241,0.0150977,40.97822819
24,26,24026,9.51E-05,8.74E-06,3.74E-05,0.000487109,6.00E-05,0.838905981,156.8471795,0.073063874,0.14784257,0,0.767692354,0.2195472,7.559005339,,0,,,0,0,0,0,0,0,0,0
24,27,24027,0.002169229,0.000199287,0.000567959,0.007404052,5.90E-05,0.823878713,41.39770315,0.071755085,3.327323361,0,0.753940731,1.2344352,27.79607682,,0,,,0,0,0,0,0,0,0.002291821,0.589419436
24,28,24028,1.492581475,0.137123383,0.123545921,1.610576187,0.004789662,66.93057863,110.8878156,5.829267471,13.61133126,0,61.24892973,3.2455704,80.03495483,,0.50579753,10.45211941,,0.054192497,0,0,0,2.8837,0.2719,22.14476802,15.02460491
24,29,24029,0.000913359,8.39E-05,0.000164409,0.002143278,0.000136535,1.907938847,326.3333236,0.166170472,2.399698193,0,1.745976425,0.7124928,9.56941508,,0,,,0,0,0,0,0,0,0,0.167720978
24,30,24030,3.81E-05,3.50E-06,7.47E-05,0.000974217,3.26E-05,0.45623485,33.20474647,0.039735425,1.449838668,0,0.417505673,1.6186428,19.06855402,,0,,,0,0,0,0,0,0,0,0.303495102
24,31,24031,0,0,7.47E-06,9.74E-05,6.68E-05,0.932913775,135.83318,0.081251411,0.795664282,0,0.85371995,0.5136576,10.40879407,,0,2.85380253,,0,0,0,0,0,0,0,1.114945165
24,32,24032,0.006869224,0.000631075,0.003161137,0.041209396,0.000223509,3.123312842,179.349819,0.272022539,2.479689734,14.103708,2.858178918,2.7888708,24.71836177,,0,12.00559538,,0,0,0,0,0,0,0.077895413,4.606736185
24,33,24033,0.000247368,2.27E-05,5.98E-05,0.000779374,6.66E-05,0.930467475,30.99987951,0.081038352,41.61190578,0,0.851481313,3.6670596,254.4165822,,0,,,0,0,0,0,0,0,0,53.66272612
24,34,24034,0.002131172,0.000195791,0.000612797,0.007988583,8.34E-05,1.165836431,169.5606942,0.101537631,2.327365077,0,1.066870108,8.4950268,37.51780561,119.8603564,0,,,0,0,0,0,0,0,0.021845638,9.165552091
24,35,24035,0.088005983,0.008085105,0.014639878,0.190849186,0.00157537,22.01416152,28.28849982,1.917306533,6.604547963,119.354558,20.14540827,2.2897116,47.52012273,,0.002982777,5.734884395,,0,0.28665,0.083,0,0,0,2.508885936,7.700788886
24,36,24036,0.01687812,0.001550592,0.001980382,0.025816761,0.000162657,2.272961675,188.4955515,0.197961856,4.936488822,0,2.080012944,0.3955992,108.7232055,562.7904737,0,72.0479529,,0,0,0,0,0,0,0,20.49071144
24,37,24037,0.008714971,0.000800644,0.005313401,0.069266856,0.000615484,8.600752081,1223.375548,0.749075913,0.902372268,0,7.870645534,0.2340456,24.87126491,,0.004474166,,,0,0,0,0,0,0,0.069096108,0.052712307
24,38,24038,0.000513765,4.72E-05,0.000171882,0.0022407,0.00010121,1.414310562,226.458752,0.123178295,0.654174386,0,1.294251596,0.3707448,6.637356745,,0,,,0,0,0,0,0,0,0,0
24,39,24039,0.000723076,6.64E-05,0.000254087,0.003312339,8.88E-05,1.240798036,207.756525,0.108066354,3.616655827,2.969796,1.135468321,0.9196128,12.03173551,5.900817548,0,,,0,0,0,0,0,0,0,0.538304471
24,40,24040,0.017639253,0.001620517,0.004431571,0.057771091,0.00022446,3.136592754,205.5083647,0.273179143,15.25739846,0,2.870331515,111.5879712,192.7040801,119.9986569,0,1.28729115,,0,0,0,0,4.2796,0.4035,0.937190911,43.25444145
24,41,24041,0.000989473,9.09E-05,0.000463335,0.006040148,0.000127101,1.77610078,316.0864693,0.154688137,1.311525108,0,1.625329917,2.2866048,21.72404082,47.16044025,0,,,0,0,0,0,0,0,0,1.88486432
24,42,24042,0.003767607,0.00034613,0.001210648,0.015782322,8.42E-05,1.176233204,122.6642839,0.10244313,0.654174386,0,1.076384312,0.8315868,6.308997415,,0,,,0,0,0,0,0,0,0.013341483,0.059101678
24,43,24043,0.002245342,0.000206279,0.000545539,0.007111787,5.36E-05,0.749266579,37.69897952,0.065256799,0.144666233,0,0.685662323,1.8609732,7.53529906,,0,,,0,0,0,0,0,0,0.022057119,1.282666143
24,44,24044,0.001122671,0.00010314,0.000134516,0.001753591,4.32E-05,0.603012818,53.85570751,0.052518939,3.492353366,0,0.551823852,0.8875092,44.67986744,,0,,,0,0,0,0,5.4069,0.5098,0,10.65747012
24,45,24045,0.009894727,0.000909028,0.000680056,0.008865378,8.59E-05,1.200259359,77.2683642,0.104535669,7.126196627,0,1.098370919,0.916506,60.5181564,,0,,,0,0,0,0,3.6898,0.3479,0,14.38247317
24,46,24046,0.007173677,0.000659045,0.000463335,0.006040148,9.37E-05,1.30894495,67.49097609,0.114001558,31.24790635,0,1.197830332,3.5914608,331.8533363,,0,0.7028,,0,0,0,0,0,0,0,46.52739653
24,47,24047,0.000266396,2.45E-05,6.73E-05,0.000876796,5.54E-05,0.774603252,61.89655252,0.067463477,6.151491243,0,0.7088482,1.1215548,55.92250463,,0,,,0,0,0,0,0,0,0,25.14217321
24,48,24048,0.001560322,0.000143347,0.000194302,0.002532965,3.06E-05,0.427053992,10.87255464,0.03719394,0.220175686,0,0.39080194,0.0631716,3.090463879,,0,0.08785,,0,0,0,0,0,0,6.761227278,1.130918592
24,49,24049,0.008429546,0.000774422,0.000844465,0.011008656,0.000213168,2.978806438,111.7324931,0.259436865,108.7166742,0,2.725939472,3.1254408,578.7014548,,0,,,0,0,0,0,0,0,0,126.6532982
24,50,24050,0.049644889,0.004560873,0.002271834,0.029616209,0.000264868,3.701251091,201.2536707,0.322357628,8.206711288,0,3.387056748,2.8820748,66.36933315,,0,2.484434395,,0,0,0,0,3.0147,0.2843,0.119214425,11.78838871
24,51,24051,0.002511738,0.000230753,0.000433442,0.005650461,8.35E-05,1.166448006,66.92364883,0.101590895,9.051168578,0,1.067429767,3.3512016,49.29943679,,0,30.55555528,,0,0,0,0,2.4577,0.2317,0,6.684878965
24,52,24052,0.001179756,0.000108384,0.000515647,0.0067221,5.77E-05,0.806579881,50.26089694,0.070248457,9.044815905,0,0.738110374,1.3908108,79.74773591,,0,,,0,0,0,0,0.9896,0.0933,0,8.71829615
24,53,24053,0.002340483,0.00021502,0.001569359,0.020458565,0.000215044,3.00501679,455.5354124,0.261719635,0.729683839,0,2.749924862,0.28479,8.792020095,,0,,,0,0,0,0,0,0,0,0.460034681
24,54,24054,0.003158701,0.00029019,0.001606725,0.020945674,0.000324751,4.538060244,639.420098,0.39523888,0,0,4.152830271,0.3821364,12.17147877,,0,2.24134866,,0,0,0,0,0,0,0,0
24,55,24055,0.003196758,0.000293686,0.000216721,0.00282523,0.000143794,2.009372907,130.3915415,0.175004794,0.960694287,0,1.838799881,1.4933352,9.141029489,,0,4.014380846,,0,0,0,0,0,0,9.544122224,0.94243216
24,56,24056,0.002511738,0.000230753,0.000470808,0.00613757,9.08E-05,1.26893048,61.46205448,0.110516528,6.654646722,0,1.161212638,1.0583832,30.10136003,,0,3.60441522,,0,0,0,0,0,0,0,4.681811289
24,57,24057,0.00306356,0.000281449,0.000926669,0.012080296,0.00019625,2.742389068,0,0.238846275,0.21699935,0,2.509591263,0.2526864,8.219928133,,0,,,0,0,0,0,0,0,0,0
24,58,24058,0.012729947,0.0011695,0.001487155,0.019386926,0.00011147,1.557681185,0,0.135665049,12.33735736,0,1.425451675,0.5820072,94.73273478,493.2714669,0,60.02733003,,0,0,0,0,0,0,0,17.71772461
25,1,25001,0.241107851,0.022150566,0,0.618140933,0.002533811,0,141.3682315,3.083779418,150.3805493,0,32.40170225,21.395496,1691.025234,614.0538261,0.172014621,,,0,3.49245,1.028,38.8,2.2978,0.2167,5.851937273,472.4723014
25,2,25002,0.006812139,0.000625831,0,0.036143465,0.000263198,0,31.06192188,0.320325963,106.0435252,0,3.365709751,5.845962,568.0988329,,0.019048338,,,0,0,0,0,0,0,0,0
25,3,25003,0.000704048,6.47E-05,0,0.011398343,0.000194043,0,398.5198425,0.236160215,5.662346862,0,2.481368455,10.5144468,266.9563026,,0.012756025,56.28096842,,0,0,0,0,0,0,0.007246202,0
25,4,25004,0.005499185,0.00050521,0,0.011690609,0.000169916,0,162.0746029,0.206796177,11.77457411,0,2.1728364,1.3700988,150.9203592,,0.01195027,28.46094271,,0,0,0,0,0,0,0.295181636,0
25,5,25005,0.002454653,0.000225509,0,0.018899817,0.000114271,0,150.8371136,0.139073987,0.650998049,0,1.461269856,1.4270568,92.08219754,,0.006370061,66.88191917,,0,0,0,0,0,0,0,0
25,6,25006,0.410003226,0.037666975,0,1.283433987,0.005075156,0,737.3678539,6.176727965,180.9630395,571.618919,64.89974581,140.2792692,2060.595606,465.3347838,0.342120875,1.54474938,,0.048088803,9.63261,2.9,0,8.8851,0.8378,18.71987001,410.9027737
25,7,25007,0.002112144,0.000194043,0,0.015977165,0.000203315,0,337.8078439,0.24744471,0.723331165,0,2.599936228,12.2677176,94.99481211,,0.012964532,150.3537725,,0,0,0,0,3.7624,0.3548,0,0
25,8,25008,0.005993921,0.000550661,0,0.043450096,0.000288864,0,230.8030767,0.351561872,28.81399108,0,3.693909826,2.2078992,622.1670628,2.489407403,0.019240942,0.69873882,,0,0,0,0,2.7144,0.2559,0.194143731,114.1068972
25,9,25009,0.011911729,0.00109433,0,0.057089139,0.000313397,0,185.8284485,0.38142051,35.82208012,28.76637,4.007638715,1.7636268,219.9107305,,0.021244728,,,0,0,0,0,3.9446,0.372,0.000988118,0
25,10,25010,0.024413335,0.002242852,0,0.078034813,0.000586549,0,408.7389729,0.713860374,44.20823956,0,7.500630931,15.6800196,429.2594848,,0.038766372,,,0,0,0,0,10.0698,0.9495,1.168296414,0
25,11,25011,0.09710152,0.008920712,0,0.29470076,0.001649345,0,414.4267614,2.007339,207.4672599,0,21.09139201,25.6994496,1711.686529,,0.114180474,,,0,0,0,0,0,0,0.598624237,322.5731291
25,12,25012,0.229196123,0.021056236,0,1.492501039,0.002629901,0,140.064882,3.20072575,45.58256877,0,33.63047373,20.9180844,688.8930343,,0.189322457,,,0,3.40821,1.281,64.7,5.0968,0.4806,5.091676496,211.3857027
25,13,25013,0.003120645,0.000286693,0,0.017438491,0.000265418,0,260.7403255,0.323027241,84.20845301,9.94637,3.394092462,13.7538036,1055.643304,,0.019154359,,,0,0,0,0,2.0699,0.1952,6.200782234,0
25,14,25014,0.007154649,0.000657297,0,0.036727996,0.000294415,0,152.7173911,0.358318872,36.47177242,0,3.764906577,2.423304,301.6906958,,0.021027386,25.93869021,,0,0,0,0,3.0659,0.2891,0.214899592,0
25,15,25015,0.024489449,0.002249844,0,0.114373121,0.000484076,0,26.43693017,0.589145014,36.09740149,0,6.190229173,9.377358,563.4371921,,0.033998986,,,0,0,0,0,3.3783,0.3186,0.886163527,313.069196
25,16,25016,0.001864775,0.000171317,0,0.014320996,0.000140387,0,151.1328336,0.170857761,16.86314517,0,1.795226424,1.5202608,185.8265602,,0.009962387,120.1054415,,0,0,0,0,2.0374,0.1921,0,0
25,17,25017,0.009476104,0.000870569,0,0.030493004,0.000521326,0,541.9773694,0.634480836,78.94849927,0,6.666579001,11.0778132,1355.189174,,0.033794014,16.97944631,,0,0,0,0,3.1505,0.2971,0.005578752,0
25,18,25018,0.035525875,0.00326376,0,0.0851466,0.000830465,0,295.5125903,1.010719456,123.5449631,0,10.61977088,59.5697832,718.5826893,192.1453714,0.057030159,,,0,0,0,0,1.1001,0.1037,0.576611772,0
26,1,26001,0.001788662,0.000164324,0.002633693,0.001071639,1.48E-05,0.150580817,4.609838808,0.01800345,2.607168532,0,0.189164769,2.2089348,7.660652077,,0,,,0,0,0,0,0,0,0,0
26,2,26002,0.146898636,0.01349557,0.247327726,0.100636656,0.000458166,4.663868494,8.404161429,0.557612344,3.078718438,0,5.858910998,16.5758136,7.582696023,,0,558.2984401,,0,0,0,0,1.821,0.1717,0.174723372,4.879399186
26,3,26003,0.005175703,0.000475492,0.066560608,0.027083243,0.000150947,1.536548042,259.7450223,0.183709759,6.694068514,0,1.930264164,3.7426584,300.5034261,,0,180.0739681,,0,0,0,0,0,0,0,0
26,4,26004,0.001065586,9.79E-05,0.043336223,0.017633335,5.64E-05,0.573874568,2.627119472,0.068612471,2.303417927,0,0.720920845,5.0236956,59.79517091,,0,,,0,0,0,0,0,0,0,0
26,5,26005,0.000133198,1.22E-05,0.00143656,0.00058453,7.58E-06,0.077136074,7.078224068,0.009222393,0.223352023,0,0.096900972,5.2784532,5.254417817,,0,,,0,0,0,0,0,0,0,0
26,6,26006,0.000646963,5.94E-05,0.00502796,0.002045857,1.78E-05,0.180747895,13.72470002,0.021610227,2.820991545,0,0.227061684,8.497098,16.96230151,,0,,,0,0,0,0,0,0,0,0
26,7,26007,0.000152227,1.40E-05,0,0,4.39E-06,0.044677825,0.362008459,0.005341683,0.867997399,0,0.056125811,0.3821364,3.748681773,,0,,,0,0,0,0,0,0,0,0
26,8,26008,1.90E-05,1.75E-06,0.001915413,0.000779374,7.70E-06,0.078408946,4.75095815,0.009374577,0.289332466,0,0.098499998,3.1026576,9.383102373,,0,0.8785,,0,0,0,0,0,0,0,0
26,9,26009,9.51E-05,8.74E-06,0.00215484,0.000876796,4.24E-06,0.043150378,3.100193812,0.005159061,0.723331165,0,0.054206979,4.5058956,4.783250303,,0,,,0,0,0,0,0,0,0,0
26,10,26010,0.000133198,1.22E-05,0.00143656,0.00058453,8.26E-06,0.084073229,13.06001985,0.010051799,2.025327263,0,0.105615663,1.7750184,8.244253161,,0,,,0,0,0,0,0,0,0,0
26,11,26011,3.81E-05,3.50E-06,0.001915413,0.000779374,8.85E-06,0.090119373,5.570204458,0.010774677,2.025327263,0,0.113211037,0.9869268,64.19631589,,0,,,0,0,0,0,0,0,0,0
26,12,26012,0.006184204,0.000568143,0.032322597,0.013151935,0.000126582,1.288528835,21.9684709,0.15405657,37.66982983,0,1.61869396,5.3033076,454.7439638,,0,,,0,0,0,0,0,0,0,0
26,13,26013,0.001427124,0.00013111,0.003112546,0.001266483,9.00E-06,0.091583177,0.703919733,0.010949689,0.433998699,0,0.115049916,2.6749548,10.26666517,,0,,,0,0,0,0,0,0,0,0
26,14,26014,0.000418623,3.85E-05,0.004070253,0.00165617,2.06E-05,0.210087607,2.867817117,0.025118084,1.88066103,0,0.263919232,7.3600092,11.92299434,,0,,,0,0,0,0,0,0,0.042064955,0
26,15,26015,0,0,0.000478853,0.000194843,7.58E-06,0.077199717,6.456658063,0.009230002,2.314659729,0,0.096980923,3.0622692,17.57714607,,0,,,0,0,0,0,0,0,0,0
26,16,26016,0.000646963,5.94E-05,0.009816493,0.003994291,3.18E-05,0.32356419,3.496229114,0.03868535,2.0285036,0,0.406472394,0.8067324,1.586200778,,0,,,0,0,0,0,20.4159,1.9251,0,0
26,17,26017,0.029132359,0.002676388,0.227934167,0.092745495,0.000433683,4.414640058,21.19037141,0.52781458,31.35029004,0,5.545821719,22.016856,187.0701497,,0,,,0,0,0,2,4.5572,0.4297,8.173956653,90.47750156
26,18,26018,0.457764311,0.042054784,1.414772053,0.575665055,0.002392393,24.35316952,90.93076667,2.911666134,101.1326895,0,30.59328386,20.7316764,1355.662783,,0,,,0,0.13221,0.11,0,2.1542,0.2031,5.333252951,315.4776818
26,19,26019,0.017011319,0.001562829,0.090742699,0.036922839,0.000201489,2.051043107,8.248691336,0.245222814,0.578664932,0,2.57659045,5.7392952,4.960198665,,0,3.514,,0,0,0,0,1.99,0.1876,13.51853159,0
26,20,26020,0.000665991,6.12E-05,0.004070253,0.00165617,2.82E-05,0.286650888,2.730529555,0.034271994,3.905988293,0,0.360100642,6.1214316,28.13787211,,0,,,0,0,0,0,2.173,0.2049,0.001984196,0
26,21,26021,5.71E-05,5.24E-06,0.00143656,0.00058453,1.04E-05,0.105966636,2.058389488,0.012669376,3.058354666,0,0.13311891,11.72817,28.0262442,,0,,,0,0,0,0,2.0416,0.1925,0.601716448,0
26,22,26022,0.000247368,2.27E-05,0.00071828,0.000292265,4.76E-06,0.048496442,1.535202147,0.005798237,0.654174386,0,0.060922888,1.8578664,12.86594955,,0,,,0,0,0,0,0,0,0,0
26,23,26023,0.007040479,0.000646808,0.007661653,0.003117496,3.49E-05,0.35551329,3.674933862,0.042505186,6.368490593,0,0.446607945,7.2968376,14.60974295,,0,4.3925,,0,0,0,0,0,0,0,0
26,24,26024,3.81E-05,3.50E-06,0.000478853,0.000194843,4.05E-06,0.041241069,0.599228581,0.004930784,0.292508803,0,0.05180844,1.7688048,2.721223276,,0,,,0,0,0,0,0,0,0,0
26,25,26025,0.180540707,0.016586265,0.130487522,0.053094848,0.000314585,3.202292642,19.8362456,0.382866264,5.063318158,0,4.022829462,3.075732,64.01305678,,0,,,0,0,0,0,1.8586,0.1753,0.16705848,0
26,26,26026,0.005689468,0.000522691,0.078053087,0.031759487,0.000347565,3.538012765,172.9884022,0.423004979,47.80094823,0,4.444572554,3.6380628,913.5671073,,0,,,0,0,0,0,0,0,0,0
26,27,26027,0.000437651,4.02E-05,0.017956998,0.00730663,4.57E-05,0.464789394,9.863206332,0.055570243,3.471989594,0,0.583884322,9.0014352,18.21865001,,0,3.514,,0,0,0,0,3.1023,0.2925,0,0
26,28,26028,0.00011417,1.05E-05,0.002633693,0.001071639,5.53E-06,0.056324608,0.52636721,0.006734173,0.795664282,0,0.070756898,2.0649864,3.733952634,,0,,,0,0,0,0,0,0,0,0
26,29,26029,0.125644001,0.011542908,0.655310731,0.266643299,0.000852661,8.679590309,138.7271557,1.03773224,15.99197143,0,10.90359799,26.0784792,364.1362569,,0,,,0,0,0.009,22.9,5.0359,0.4749,0.850805746,18.85034209
26,30,26030,0.781131593,0.071762519,2.933455271,1.193611144,0.00470512,47.89539196,130.1392743,5.726375396,67.56694707,0,60.16782829,61.219494,916.1587227,,0.638314295,,,0.030170041,7.38738,2.455,0,2.6329,0.2483,28.81002391,111.469747
26,31,26031,0.00011417,1.05E-05,0.00287312,0.001169061,8.07E-06,0.082100276,13.26110136,0.009815913,0.289332466,0,0.103137173,4.3764456,3.192736499,,0,70.28,,0,0,0,0,0,0,0,0
26,32,26032,7.61E-05,6.99E-06,0.003351973,0.001363904,5.26E-06,0.053524289,0.279701031,0.006399367,1.374329214,0,0.067239041,2.9504244,4.858923088,,0,17.57,,0,0,0,0,0,0,0,0
26,33,26033,0.032100777,0.002949097,0.122347016,0.049782509,0.000465582,4.739349833,160.3482816,0.566636897,37.46855437,0,5.953733236,14.5646784,414.180809,,0,,,0,0,0,0,2.5625,0.2416,0.112742828,0
26,34,26034,7.61E-05,6.99E-06,0.00215484,0.000876796,6.28E-06,0.0638982,0.405256766,0.007639672,0.21699935,0,0.080271102,2.1975432,9.416268479,,0,,,0,0,0,0,0,0,0,0
26,35,26035,0.011873672,0.001090834,0.030407184,0.012372561,6.78E-05,0.690533333,4.553037184,0.082560199,4.994161378,0,0.867471573,2.1302292,17.66783438,,0,50.6016,,0,0,0,0,1.6051,0.1514,0.044409913,0
26,36,26036,0.055924234,0.005137757,0.108460271,0.044132048,0.000162138,1.650470131,6.191612552,0.197330289,1.594504901,0,2.073376986,4.3723032,25.53633485,,0,0.8785,,0,0,0,0,1.1123,0.1049,0.027222546,14.41047103
26,37,26037,0.000380566,3.50E-05,0.007661653,0.003117496,8.24E-06,0.083882298,1.311715254,0.010028972,0.36484192,0,0.105375809,3.5738556,16.78078065,,0,,,0,0,0,0,0,0,0,6.322198032
26,38,26038,0.00192186,0.000176561,0.017956998,0.00730663,2.77E-05,0.282259477,1.462088068,0.033746957,3.399656478,0,0.354584002,3.5293248,4.513584496,,0,,,0,0,0,0,0,0,0.010317819,8.013425818
26,39,26039,0.004129146,0.000379344,0.028012918,0.011398343,3.97E-05,0.404200663,0.659170727,0.048326251,0.433998699,0,0.507770687,1.6642092,0.48077231,,0,,,0,0,0,0,2.0791,0.1961,0,0
26,40,26040,0.000665991,6.12E-05,0.000957707,0.000389687,1.04E-05,0.105966636,14.74296235,0.012669376,0.871173735,0,0.13311891,5.56635,7.178192298,,0,69.30358764,,0,0,0,0,0,0,0,0
26,41,26041,0.038265953,0.003515491,0.039505397,0.016074587,7.13E-05,0.725982832,2.527944126,0.086798543,0.433998699,0,0.912004445,3.562464,,,0,5.271,,0,0,0,0,1.1592,0.1093,15.12480881,0
26,42,26042,0.200996151,0.018465506,0.4762196,0.193771839,0.000926243,9.428612133,323.0575993,1.127285326,34.46680893,0,11.8445448,19.9135524,1003.466344,,0,,,0,0,0,0,4.7074,0.4439,1.783365811,165.6718458
26,43,26043,0.73730937,0.067736574,0.824345943,0.335423047,0.001306088,13.29521693,15.82453799,1.589576784,0.680890831,0,16.7019059,4.7295852,2.958175145,,0,8.785,,0,0.53937,0.144,0,2.7456,0.2589,1.289880848,0
26,44,26044,0,0,0.001915413,0.000779374,2.33E-06,0.023675429,1.472839551,0.002830635,0.144666233,0,0.029741882,2.1944364,5.535008287,,0,,,0,0,0,0,0,0,0,0
26,45,26045,0.005879751,0.000540172,0.00143656,0.00058453,1.60E-05,0.162800393,7.045948021,0.019464423,1.735994797,0,0.204515418,5.364408,18.69275398,,0,,,0,0,0,0,1.347,0.127,0,0
26,46,26046,3.81E-05,3.50E-06,0,0,2.63E-06,0.026793966,0.117076546,0.003203488,0.506331816,0,0.033659496,0.1366992,1.725414118,,0,,,0,0,0,0,0,0,0,0
26,47,26047,0.007782583,0.000714986,0.021787825,0.008865378,5.74E-05,0.584757628,4.321083508,0.06991365,1.956170483,0,0.734592517,6.5853804,17.05930974,,0,,,0,0,0,0,1.8539,0.1748,4.05E-05,0
26,48,26048,0.021235606,0.001950914,0.693618994,0.282230777,0.000329753,3.356692077,1.125944128,0.401326268,0,0,4.216791308,0.1159872,0.3553137,,0,,,0,0,0,2.4,6.3125,0.5952,1.524622686,0
26,49,26049,0.000323481,2.97E-05,0.001675987,0.000681952,1.86E-05,0.189276141,39.55832811,0.022629865,4.129340317,0,0.237775157,16.2454572,56.34459273,,0,13.1775,,0,0,0,0,0,0,0,0
26,50,26050,0.000551821,5.07E-05,0.00215484,0.000876796,9.64E-06,0.09813847,2.326023696,0.01173344,2.820991545,0,0.1232849,4.4447952,26.98274227,,0,,,0,0,0,0,0,0,0.026653163,0
26,51,26051,0.000780161,7.17E-05,0.007661653,0.003117496,3.18E-05,0.323309616,44.47554858,0.038654913,2.100836717,0,0.406152589,15.5505696,57.43021735,,0,8.785,,0,0,0,0,0,0,0,0
26,52,26052,0.001141699,0.000104888,0.011253052,0.004578822,3.52E-05,0.358059035,18.15752294,0.042809556,1.548888229,0,0.449805997,17.3173032,9.271444162,,0,44.4521,,0,0,0,0,0,0,0,1.702375238
26,53,26053,1.90E-05,1.75E-06,0,0,1.86E-06,0.0189658,0.111763048,0.002267552,0.795664282,0,0.023825487,0.6803892,4.205897709,,0,,,0,0,0,0,0,0,0,0
26,54,26054,0,0,0,0,1.46E-06,0.014892608,0.934802305,0.001780561,0.289332466,0,0.018708604,1.149516,0.565245543,,0,,,0,0,0,0,0,0,0.016162178,0
26,55,26055,0.131790149,0.012107554,0.637832586,0.259531512,0.001018794,10.37072872,16.93707043,1.239924831,40.04411733,0,13.02806385,1.6134648,402.7265807,,0,,,0,0,0,0,6.1013,0.5753,0.584070658,0
26,56,26056,0.000285425,2.62E-05,0.004070253,0.00165617,3.98E-05,0.405473536,25.03562934,0.048478436,6.151491243,0,0.509369713,1.2965712,31.28972814,,0,,,0,0,0,0,0.7979,0.0752,0,0
26,57,26057,0.000361538,3.32E-05,0.00215484,0.000876796,8.63E-06,0.087828203,2.447994441,0.010500744,0.361665583,0,0.11033279,8.5840884,10.81594802,,0,,,0,0,0,0,0,0,0,0
26,58,26058,0.020436416,0.001877493,0.07350398,0.029908474,9.34E-05,0.950772116,5.831303851,0.113674361,4.050654527,0,1.194392426,2.8965732,22.8731497,,0,,,0,0,0,0,1.3235,0.1248,0.006060817,0
26,59,26059,0.000209312,1.92E-05,0.003112546,0.001266483,1.18E-05,0.120350095,4.260535136,0.014389063,1.518995447,0,0.151187903,1.6652448,4.961565137,,0,31.626,,0,0,0,0,2.5579,0.2412,0,0
26,60,26060,3.81E-05,3.50E-06,0.001915413,0.000779374,1.63E-05,0.166173505,3.84332955,0.019867712,1.81150425,0,0.208752837,1.7791608,5.956775755,,0,,,0,0,0,0,0,0,0,0
26,61,26061,0,0,0,0,7.16E-06,0.072871951,5.622734284,0.008712574,0.654174386,0,0.091544235,5.3136636,9.563715814,,0,,,0,0,0,0,0,0,0.002749013,0
26,62,26062,0.000209312,1.92E-05,0.001915413,0.000779374,6.81E-06,0.069371551,1.846960536,0.008294066,0.437175036,0,0.087146914,3.3822696,4.162207846,,0,48.3175,,0,0,0,0,0,0,0,0
26,63,26063,1.90E-05,1.75E-06,0.00071828,0.000292265,6.87E-06,0.069944344,1.066534714,0.008362549,0.289332466,0,0.087866475,0.9610368,1.331886038,,0,,,0,0,0,0,0,0,0,0
26,64,26064,7.61E-05,6.99E-06,0.003830826,0.001558748,1.03E-05,0.104693763,3.552957249,0.012517191,1.808327914,0,0.131519884,1.3400664,52.38747251,,0,,,0,0,0,0,2.6611,0.2509,0.200923292,0
26,65,26065,5.71E-05,5.24E-06,0.000239427,9.74E-05,1.06E-05,0.107494083,4.736715766,0.012851998,0.867997399,0,0.135037741,0.8253732,15.25111602,,0,,,0,0,0,0,0,0,0,0
26,66,26066,0.001978945,0.000181806,0.011492479,0.004676243,5.10E-05,0.519268337,4.508936951,0.062083748,6.167372927,0,0.652322633,8.8460952,49.95922383,,0,,,0,0,0,0,0,0,0,17.01101244
26,67,26067,5.71E-05,5.24E-06,0.003830826,0.001558748,9.35E-06,0.09514722,1.423041633,0.011375806,0.437175036,0,0.119527189,3.4578684,8.645579998,,0,17.0429,,0,0,0,0,0,0,0,0
26,68,26068,0,0,0,0,8.32E-06,0.084646021,0.910140879,0.010120282,1.166858875,0,0.106335225,4.9284204,19.91538739,,0,,,0,0,0,0,0,0,0,0
26,69,26069,0.001674492,0.000153836,0.015083879,0.00613757,3.87E-05,0.394335901,72.33547381,0.04714682,0.457538807,0,0.495378236,8.8160628,8.173504556,,0,3.867074,,0,0,0,0,0,0,0,0
26,70,26070,0.002169229,0.000199287,0.080926206,0.032928548,7.92E-05,0.806301087,3.687104204,0.096401397,6.640228583,0,1.012902982,1.097736,34.12614512,,0,,,0,0,0,0,0,0,0,0
26,71,26071,0.004091089,0.000375848,0.04357565,0.017730756,0.000125525,1.277773062,44.65799498,0.15277061,21.66832939,0,1.605182191,0.9444672,443.3777432,,0,,,0,0,0,0,0,0,0.011850846,0
26,72,26072,0.001103643,0.000101392,0.014126172,0.005747883,8.32E-05,0.846587502,29.58811821,0.101218043,22.94189625,0,1.063512153,3.8120436,505.4501198,,0,,,0,0,0,0,0,0,0,0
27,1,27001,0.009247764,0.000849592,0,0.040819709,0.000329584,8.117360457,459.3300819,0.401120819,9.258638918,0.97864,4.214632623,51.1669248,126.6906024,4.978814806,0.004511455,,,0,0,0,2.6,2.5678,0.2421,0.060093426,48.78918304
27,2,27002,0.057693868,0.005300333,0,0.282133356,0.00137188,33.78817606,1085.392584,1.669648764,9.520598651,53.303886,17.5432334,22.3938144,211.9417049,755.0953515,0.017040815,,,0,0,0,0,0,0,4.592296307,59.3939821
27,3,27003,0.008296348,0.000762185,0,0.060596322,0.000597015,14.70394826,710.6377638,0.726598233,5.063318158,12.49648,7.634469403,10.526874,12.91023689,,0.007108196,86.16006431,,0,0,0,0,0,0,0.003605421,1.815342592
27,4,27004,0.23602729,0.021683815,0,1.465417796,0.003598671,88.63205987,556.9825616,4.379769092,2.824167882,132.522912,46.01884726,24.7932996,6.560453842,,0.048678853,,,0.030700172,0.63063,0.311,0,0,0,41.8715021,7.000766537
27,5,27005,0.026011714,0.002389695,0,0.1613304,0.001115271,27.46813764,1233.227737,1.357342935,4.270830213,32.790086,14.26179232,7.8923076,10.69778975,3.070269131,0.013540149,,,0,0,0,0,0,0,1.374232789,4.202236767
27,6,27006,0.009571245,0.00087931,0,0.053874222,0.000720746,17.75132687,768.437648,0.877184993,2.603992196,58.769214,9.216705571,9.3162576,26.09324235,93.03007666,0.008906175,,,0,0,0,0,0,0,0.21985923,3.079863451
27,7,27007,0.008372461,0.000769178,0,0.049685087,0.000165095,4.066148539,100.8470717,0.200929457,2.827344219,13.278451,2.11119395,8.8823412,77.30727173,2.074506169,0.002314945,,,0,0,0,0,0.3149,0.0297,0.095507819,19.91546318
27,8,27008,0.031244503,0.002870431,0,0.095181039,0.00102921,25.34852336,1341.481623,1.252601816,12.24335472,6.76579,13.16126271,47.539218,107.075756,256.7233655,0.012296913,34.15495425,,0,0,0,0,4.3711,0.4122,4.354176924,31.07404538
27,9,27009,0.002435625,0.000223761,0,0.018802396,0.000213256,5.252301012,235.9145452,0.259543394,0.795664282,2.826764,2.727058791,14.0406648,7.000538694,,0.002782903,,,0,0,0,0,0,0,4.257302203,1.513279061
27,10,27010,0.006964365,0.000639816,0,0.033025969,0.000474897,11.69629798,510.386131,0.577974657,0.940330515,33.206008,6.072860669,4.3847304,4.167153364,,0.005483786,,,0,0,0,0,0,0,0.004432895,0.189530059
27,11,27011,0.001408096,0.000129362,0,0.018802396,0.000182558,4.496230826,322.6592806,0.22218205,1.446662331,0.146796,2.334497922,18.3819,14.38696156,,0.002260152,,,0,0,0,0,0,0,0.659365339,5.860624779
27,12,27012,0.039864332,0.003662334,0,0.106384539,0.000929969,22.90430706,1001.254787,1.13182043,3.547499047,18.847289,11.89219578,32.5706556,10.96380657,,0.011244603,13.26535,,0,0,0,0,1.5552,0.1466,2.099842441,1.96341295
27,13,27013,0.006355459,0.000583876,0,0.055920078,0.000563284,13.87319497,307.2243134,0.685546411,0.650998049,6.793079,7.203132155,7.3051224,3.704544614,,0.006768203,,,0,0,0,0,0,0,0.109569333,1.184562866
27,14,27014,0.008296348,0.000762185,0,0.096544943,0.000520657,12.82331992,372.1335881,0.633666647,0.506331816,20.393352,6.658024212,1.4633028,1.110769989,,0.006276762,,,0,0,0,106.1,0,0,0.980012517,0.459018111
27,15,27015,0.004699995,0.000431788,0,0.025134809,0.000276997,6.822186051,490.2529512,0.337119544,1.229662981,0.102569,3.542162264,13.2805344,27.72833707,,0.003142635,,,0,0,0,0,1.2694,0.1197,13.21368139,2.514234683
27,16,27016,0.009837642,0.000903784,0,0.056991717,0.000321344,7.914407198,244.6860566,0.391091847,2.314659729,25.036246,4.109256814,4.913922,1.449692706,,0.003976791,,,0,0,0,0,0.9012,0.085,15.96194907,19.36464145
27,17,27017,0.013472051,0.001237677,0,0.068292639,0.000343895,8.469833911,380.7769129,0.418538358,5.211160728,7.690793,4.397641142,34.1261268,66.76679191,168.1272,0.004736755,34.92849987,,0,0,0,0,1.9859,0.1873,0.570570806,7.687813
28,1,28001,0,0,0,0.007209209,7.12E-05,3.445439029,12.4199429,0.086615921,20.5426051,0,0.910085614,4.2935976,300.648572,,0.011021179,,,0,0,0,0,0,0,0,56.09783872
28,2,28002,0,0,0,0.026790978,0.000169566,8.209061926,86.14934041,0.20637006,37.99394421,0,2.168359127,18.4989228,206.6521515,,0.026817957,0.8581941,,0,0,0,0,0,0,7.766285741,35.65072932
28,3,28003,0.16056097,0.014750728,0,0.134734265,0.0011272,54.57039068,194.3823966,1.371861355,36.40074506,0,14.41433939,22.7811288,715.4617223,0.138300411,0.153868072,,,0,0,0,95.2,3.6916,0.3481,4.16774119,125.8422865
28,4,28004,0.001427124,0.00013111,0,0.005650461,5.16E-05,2.500463131,58.92003289,0.06285989,6.227000696,0,0.660477665,1.2717168,61.56592226,145.6764332,0.008542891,3.48963292,,0,0,0,0,0,0,2.747666943,10.26171307
28,5,28005,0.001731577,0.00015908,0,0.002143278,2.88E-05,1.395670681,7.042728189,0.035086182,5.714316207,0,0.368655431,6.9913356,100.1044008,,0.005034138,,,0,0,0,0,0,0,0,10.48503125
28,6,28006,0.000304453,2.80E-05,0,0.00058453,4.50E-05,2.177500516,71.46938802,0.054740836,0.650998049,0,0.575169631,2.1561192,76.11055709,,0.005961187,15.83793132,,0,0,0,0,0,0,0,16.07326076
28,7,28007,0.016821035,0.001545348,0,0.015295213,0.000112746,5.458280067,1.297323862,0.137217333,22.78493171,0,1.441761739,5.3354112,122.0562609,,0.018681342,,0.020948333,0,0,0,0,2.7794,0.2621,2.714452717,19.14573199
28,8,28008,0,0,0,0.002045857,2.50E-05,1.209218037,30.61123636,0.030398894,18.59596363,0,0.319405432,8.0331492,452.5957511,,0.003889176,2.580406755,,0,0,0,0,1.2734,0.1201,0,49.58166772
28,9,28009,0.131067073,0.012041125,0,0.344093582,0.001233925,59.73718715,30.31426944,1.501750995,0,0,15.77910803,0,,,0.197915855,,,0,0,0,0,0,0,11.21246386,0
28,10,28010,5.71E-05,5.24E-06,0,0.00165617,1.40E-05,0.675890833,3.087208137,0.016991422,4.339986993,0,0.178531246,5.2722396,117.5805992,,0.002493062,,,0,0,0,0,0,0,0.012036049,5.258746324
28,11,28011,0.004243316,0.000389833,0,0.0089628,5.19E-05,2.513781177,50.49173617,0.063194696,7.236487991,0,0.663995522,0.6928164,72.84976588,245.2527293,0.008398848,,,0,0,0,0,0,0,0,20.46853392
28,12,28012,0.013662334,0.001255158,0,0.041696504,0.000247762,11.99471649,123.0652611,0.301538762,52.69606005,0,3.168309999,23.5267608,1761.353928,200.5355964,0.038537193,,,0,0,0,0,4.2916,0.4047,0.078664177,224.717316
28,13,28013,0.003919834,0.000360115,0,0.001851013,9.06E-05,4.385572001,86.43183966,0.110250205,16.29213866,0,1.158414343,3.4920432,343.2801573,,0.013333263,2.05838323,,0,0,0,0,0.2877,0.0271,0,42.9391245
28,14,28014,0.000380566,3.50E-05,0,0.008865378,2.32E-05,1.125374884,0.2384953,0.028291135,3.185833465,0,0.297258922,8.2816932,1.129644734,,0.004232665,,,0,0,0,0,0,0,0,0.624881893
28,15,28015,0.011055454,0.001015664,0,0.019094661,9.10E-05,4.405246387,1.214132991,0.110744805,21.69993496,0,1.163611177,2.0732712,91.00267297,,0.01564904,,,0,0,0,0,1.0469,0.0987,0,18.38370069
28,16,28016,0.011264766,0.001034893,0,0.014808104,0.000144632,7.001962669,112.6316999,0.176024431,15.86131629,0,1.849513354,5.5653144,226.7276521,,0.022969408,,,0,0,0,0,2.6692,0.2517,0,41.87357914
28,17,28017,0.006869224,0.000631075,0,0.011885452,9.11E-05,4.407970533,133.651018,0.110813288,0.440351373,0,1.164330739,4.800006,43.34180336,,0.012690607,0.990984395,,0,0,0,0,0,0,0,9.416239753
28,18,28018,0.001959917,0.000180057,0,0.009937017,5.08E-05,2.460508993,7.712128478,0.061855471,9.6203045,0,0.649924094,4.4106204,172.5353653,,0.007852221,,,0,0,0,0,0,0,0,19.44924605
28,19,28019,0.001731577,0.00015908,0,0.009644752,0.000107656,5.211896217,113.3572523,0.131023416,14.75913211,0,1.376681384,6.1649268,185.0863539,,0.017854015,0.394309705,,0,0,0,0,2.4488,0.2309,1.054766581,24.81860458
28,20,28020,3.81E-05,3.50E-06,0,0.000292265,1.48E-05,0.718569117,16.74496939,0.018064324,3.327323361,0,0.189804379,1.1205192,109.8307029,,0.002559543,,,0,0,0,0,0,0,0,5.987504688
28,21,28021,0.040092672,0.003683312,0,0.178671469,0.000685458,33.18463568,118.1446802,0.834238471,33.94459543,0,8.765460451,11.9011152,644.3801299,627.8377671,0.114928296,,,0,0,0,0,3.4712,0.3273,13.71915657,114.2651889
28,22,28022,1.164723509,0.107003089,0,0.705528233,0.003036393,146.9988404,26.88192658,3.695447768,99.89521029,0,38.82858726,5.2328868,2361.184733,,0.443724348,,0.038592926,0,0.20358,0.091,0,2.7121,0.2557,28.63256273,236.6556278
28,23,28023,0.000304453,2.80E-05,0,0.001851013,2.87E-05,1.391130438,1.898957092,0.034972044,21.12127003,0,0.367456161,9.1060308,1006.490061,,0.004838386,,,0,0,0,0,0,0,0,90.90327326
28,24,28024,0.002930361,0.000269212,0,0.012275139,4.06E-05,1.963503732,0.4325596,0.049361107,4.773985692,0,0.518644064,5.3468028,11.41530486,,0.006984266,,,0,0,0,0,0,0,0.001326422,2.522575166
28,25,28025,0.00555627,0.000510454,0,0.061862804,0.000144988,7.019215592,1.6981867,0.176458158,11.13929995,0,1.854070578,2.9069292,62.50205667,,0.02411437,,0.022626322,0,0,0,0,0,0,16.00775713,8.712638971
28,26,28026,0.000285425,2.62E-05,0,0.000876796,2.22E-05,1.075129529,38.87856511,0.027028002,0.578664932,0,0.283987007,1.16505,39.13428954,,0.003128331,50.25096615,,0,0,0,0,0,0,0,7.344391085
28,27,28027,0.412762332,0.037920454,0,0.543808146,0.002371992,114.8336406,8.594079953,2.8868372,2.968834115,0,30.33240278,3.4671888,1.489479952,,0.327813601,,0.132130904,0,0.75816,0.195,0,1.604,0.1512,11.14583291,1.697731066
28,28,28028,0.000437651,4.02E-05,0,0.002338122,1.84E-05,0.890492983,19.49041829,0.022386369,3.833655177,0,0.235216716,0.8895804,28.91334805,94.68968159,0.002910419,3.06459705,,0,0,0,0,0,0,0,6.400089045
28,29,28029,0.001636436,0.000150339,0,0.010034439,7.53E-05,3.646117767,107.4486523,0.091660844,9.117149021,0,0.963093324,3.1192272,71.93756415,278.8136292,0.012734928,7.93140171,,0,0,0,0,0,0,0,22.23362238
28,30,28030,0.001674492,0.000153836,0,0.021919891,7.64E-05,3.696665805,24.77226735,0.092931586,17.07696818,0,0.976445191,2.8882884,221.6211512,,0.011996243,,,0,0,0,0,0,0,0,29.7158121
28,31,28031,0.000285425,2.62E-05,0,0.001169061,9.60E-06,0.464618195,12.65557711,0.011680176,0.289332466,0,0.122725241,1.4415552,9.835495009,,0.001795004,0.69467764,,0,0,0,0,0,0,0,1.941191544
28,32,28032,2.005527915,0.184247746,0,0.862377232,0.003601841,174.3734786,21.7206162,4.383626974,38.65129493,0,46.05938256,16.191606,1338.45599,,0.497988144,,0.126302556,0.026837743,1.10682,0.201,0,2.9753,0.2806,17.49502451,146.9093274
28,33,28033,0.064829489,0.005955882,0,0.125284356,0.000674373,32.64797896,11.06488301,0.820747297,68.80598127,0,8.623706801,0.9455028,2340.581523,,0.100575648,,0.036210662,0,0,0,0,1.5611,0.1472,2.041092828,260.8402937
28,34,28034,0.000323481,2.97E-05,0,0.001558748,5.67E-05,2.746544298,61.46527339,0.069046198,9.692637617,0,0.725478069,6.0862212,340.46835,,0.009396072,,,0,0,0,0,0,0,0,35.3110208
28,35,28035,0.015470025,0.00142123,0,0.050367039,0.000364865,17.66396652,18.31273825,0.444059732,109.5295259,0,4.665797792,7.4542488,3359.386809,,0.054917532,,,0,0,0,0,0,0,0.035616879,327.6604727
28,36,28036,0,0,0,0,6.60E-06,0.319633103,8.18168227,0.008035352,0.072333117,0,0.08442857,0.4722336,4.323635428,,0.000912276,0.17163882,,0,0,0,0,0,0,0,0
28,37,28037,0.002625908,0.000241242,0,0.023868326,0.000138892,6.7240998,39.30795531,0.169039154,45.93152901,0,1.776118064,44.2273692,246.8334904,,0.021813366,,,0,0,0,0,0,0,0,31.63656919
28,38,28038,0.11772822,0.010815686,0,0.796325293,0.001919315,92.91849332,19.63545347,2.335905764,0.654174386,0,24.54368902,0,,,0.30875553,,,0,3.61881,1.119,80.7,1.3346,0.1258,11.48366797,0
28,39,28039,0.004053032,0.000372352,0,0.0201663,0.000154654,7.487163298,173.8764369,0.188222035,5.207984391,0,1.977675283,7.8167088,142.6863731,,0.021322141,29.839049,,0,0,0,0,0,0,0.004359997,29.74275506
28,40,28040,0.068882521,0.006328234,0,0.073845678,0.000401665,19.44555785,6.559635862,0.488847688,56.56767347,0,5.136391127,0.6607128,998.0962319,,0.060535231,,,0,0,0,0,0,0,0.335498723,98.0040091
28,41,28041,0.153387293,0.014091683,0,0.430604086,0.001929275,93.40066712,119.0790358,2.348027275,9.6203045,0,24.67105143,3.0229164,188.6317949,,0.277040092,40.95655335,,0.026837743,0.29718,0.092,0,2.9325,0.2765,17.90140401,22.22063782
28,42,28042,0.000190283,1.75E-05,0,0.000974217,3.90E-05,1.889649113,36.25062057,0.047504454,8.969306452,0,0.499135947,6.2995548,108.0408568,,0.006703566,,,0,0,0,0,2.5223,0.2378,0,15.43344662
28,43,28043,0.019732369,0.001812812,0,0.022601843,0.000135554,6.562467152,62.72562104,0.164975822,8.223898723,0,1.733424071,1.8236916,132.8759283,368.8010968,0.022433862,,,0,0,0,0,2.8406,0.2679,0.034622063,31.4775895
29,1,29001,0,0.000173065,0.00010757,0.003409761,4.99E-05,0.152105049,14.28613391,0.060676039,0.289332466,0,0.637531643,0.2506152,5.0454127,,0,,,0,0,0,0,0,0,0.012901512,1.057049386
29,2,29002,0,0.001311098,0.000507117,0.016074587,7.76E-05,0.236665079,12.98462322,0.094407778,0.144666233,0,0.991955742,0.1325568,6.09659608,,0,,,0,0,0,0,0,0,0.240289389,1.371307312
29,3,29003,0,1.57E-05,5.84E-05,0.001851013,3.40E-05,0.10361608,14.94067753,0.041333364,5.803836758,0,0.434295446,1.6548888,68.79209594,,0,,,0,0,0,0,0.3997,0.0377,0.906726695,7.631978192
29,4,29004,0,0.000379344,9.53E-05,0.003020074,9.38E-05,0.286126879,99.59288468,0.114138524,9.909636967,0,1.199269456,2.6842752,56.37702161,,0,0.8785,,0,0,0,0,0,0,0,9.943338433
29,5,29005,0,0.00459234,0.005455354,0.172923586,0.00047566,1.451216454,14.12265806,0.578902984,2.335023501,0,6.082614727,2.4616212,52.27940582,,0,,,0,0,0,0,0.3712,0.035,0.270113266,5.580458921
29,6,29006,0,0.003709534,0.001515205,0.048028917,0.000268325,0.81864715,21.53963548,0.326565535,14.53895643,0,3.431269815,2.4419448,221.5190173,,0,2.53140528,,0,0,0,0,1.3762,0.1298,0.312775896,19.90708322
29,7,29007,0,0.000643312,0.000559366,0.017730756,9.29E-05,0.283322835,54.35692357,0.113019966,1.012663632,0,1.187516615,0.4546284,9.875906905,,0,,,0,0,0,0,0.4111,0.0388,0,1.427084692
29,8,29008,0,0.000325152,0.000248949,0.007891161,8.52E-05,0.259860431,64.56382613,0.103660607,8.535307752,0,1.08917652,1.8827208,82.15829044,,0,,,0,0,0,0,0.8108,0.0765,0,11.88738421
29,9,29009,0,4.55E-05,6.15E-06,0.000194843,2.76E-05,0.084292978,16.46783597,0.033625209,1.157329865,0,0.353304782,0.424596,8.552787819,,0,0.3514,,0,0,0,0,0,0,0.052178995,1.854257803
29,10,29010,0,0.006898124,0.002809123,0.089043469,0.000411156,1.254418387,49.4294809,0.500398507,0.723331165,0,5.257757196,0.988998,22.8426879,,0,5.61021646,,0,0,0,0,0.1142,0.0108,0.156802996,5.109752244
29,11,29011,0,2.80E-05,4.30E-05,0.001363904,2.46E-05,0.075022468,7.252832857,0.029927121,6.799312955,0,0.314448451,1.8195492,69.18299955,,0,,,0,0,0,0,0.9879,0.0931,0,6.432084295
29,12,29012,0,0.000152087,2.77E-05,0.000876796,5.31E-05,0.162024114,55.61582401,0.064632841,6.513156826,0,0.679106317,0.911328,83.35063916,,0,4.6357441,,0,0,0,0,0.9707,0.0915,0.474346918,8.864522264
29,13,29013,0,0.010265024,0.002160628,0.068487482,0.000518981,1.583387997,299.009721,0.631627372,22.06160055,0,6.636597264,13.6046772,168.4855427,,0,17.82330778,,0,0,0,0,2.1584,0.2035,1.127473604,32.27605751
29,14,29014,0,0.000419551,0.000239728,0.007598896,7.68E-05,0.234185313,28.05922965,0.093418577,13.96029149,0,0.981562074,1.4280924,134.1524804,,0,2.0880941,,0,0,0,0,0.4226,0.0398,0.007093038,13.7688505
29,15,29015,0,0.003494514,0.000611614,0.019386926,0.000208273,0.635430572,62.26667423,0.253478834,6.148314906,0,2.663337607,1.5026556,41.63017819,,0,0.5271,,0,0,0,0,0.434,0.0409,0,7.64150116
29,16,29016,0,0.000333893,7.99E-05,0.002532965,4.08E-05,0.124388892,29.91511654,0.049619821,3.327323361,0,0.521362408,0.4235604,10.75259347,,0,5.625748,,0,0,0,0,0.2798,0.0264,0,2.027031641
29,17,29017,0,0.000409063,0.000202847,0.006429835,5.40E-05,0.164828157,106.7077566,0.065751399,0.144666233,0,0.690859158,0.0548868,3.305794091,,0,0.78861941,,0,0,0,0,0,0,0,0.677491112
29,18,29018,0,0.003681564,0.000307344,0.009742174,0.000213162,0.65034732,144.6999053,0.259429255,0.144666233,0,2.725859521,0.326214,11.44524062,,0,5.04367114,,0,0,0,0,0.2284,0.0215,0.018058025,2.610653503
29,19,29019,0,0.002087268,0.000433355,0.013736465,0.000108207,0.330133193,16.90108944,0.131693029,1.229662981,0,1.383717098,1.0014252,13.65749658,,0,,,0,0,0,0,0,0,0,2.76574183
29,20,29020,0,0.000157332,8.30E-05,0.002630387,4.83E-05,0.147469793,12.81256635,0.058826995,6.148314906,0,0.618103477,3.49515,63.9099264,,0,,,0,0,0,0,0.0914,0.0086,0,6.572207959
29,21,29021,0,0.0010751,0.000494824,0.0156849,0.000100154,0.305564431,20.25838465,0.121892334,6.148314906,0,1.280739827,1.594824,97.27504291,,0,7.05448669,,0,0,0,0,0.7081,0.0668,0,10.78680126
29,22,29022,0,0.000274457,5.22E-05,0.00165617,3.35E-05,0.102204521,7.621516925,0.040770281,0.21699935,0,0.42837905,0.093204,4.335814358,,0,5.465242625,,0,0,0,0,0.0857,0.0081,0.180181233,0.854346222
29,23,29023,0,0.000363611,0.000448722,0.014223574,0.000137279,0.418832525,39.88566039,0.167075971,4.990985042,0,1.755490629,1.6642092,26.79004611,,0,,,0,0,0,0,0,0,0.206659515,5.830776922
29,24,29024,0,0.000520943,0.000202847,0.006429835,0.000137567,0.419709981,52.90127327,0.167425996,3.110324011,0,1.759168389,0.2992884,16.26301155,,0,,,0,0,0,0,0,0,0.003447906,3.605123389
29,25,29025,0,0.003805681,0.000958913,0.030395583,0.00043694,1.333084203,189.2540456,0.531778992,1.446662331,0,5.587476345,0.4163112,11.62138535,,0,,,0,0,0,0,0,0,0.113485439,2.624257742
29,26,29026,0,0.000662542,0.000479457,0.015197791,0.00010308,0.31449159,25.70185651,0.125453456,0.144666233,0,1.318157034,0.3251784,11.83886348,,0,0.43925,,0,0,0,0,0.3597,0.0339,0,2.719487417
29,27,29027,0,0.000321656,0.000184406,0.005845304,6.61E-05,0.2017576,32.56287285,0.080482878,0.506331816,0,0.845644869,0.144984,4.461272299,,0,0.1757,,0,0,0,0,0.0228,0.0022,0,1.023038788
29,28,29028,0,0.003008533,0.000227434,0.007209209,0.000128339,0.391555096,42.4907253,0.156194765,0.220175686,0,1.641160274,0.4204536,22.20108229,,0,6.65223292,,0,0,0,0,0.217,0.0205,0,5.138321147
29,29,29029,0,8.22E-05,8.30E-05,0.002630387,5.68E-05,0.173316588,8.225241047,0.069137509,0.506331816,0,0.726437485,0.0600648,4.584231191,,0,,,0,0,0,0,0,0,0,1.125070582
29,30,29030,0,0.00010314,8.30E-05,0.002630387,8.42E-05,0.256884712,91.59089062,0.102473567,5.641983091,0,1.076704117,1.06149,98.52939102,,0,,,0,0,0,0,0,0,0,10.60178361
29,31,29031,0,0.012128532,0.000470236,0.014905526,0.000165864,0.506043998,26.68386548,0.201865393,5.142003948,0,2.121027959,2.2192908,97.25467242,,0,3.85727764,,0,0,0,0,0.9821,0.0926,0.082161024,10.71197795
29,32,29032,0,0.0003269,0.000110644,0.003507183,7.33E-05,0.223617693,11.97536178,0.089203061,2.386992846,0,0.937269055,2.6469936,15.51403283,,0,,,0,0,0,0,0,0,0,3.04326831
29,33,29033,0,0.004260195,0.006626335,0.210041269,0.000554663,1.692249736,27.72997959,0.675053276,1.663661681,0,7.092879317,0.2702916,11.73226875,,0.095448867,,,0.018878947,0,0,0,0,0,1.000516888,2.893621678
29,34,29034,0,0.002548775,0.000488677,0.015490056,0.000237727,0.725293487,153.8647121,0.289325939,22.5711087,0,3.039988167,3.567642,412.6253933,,0,11.5809518,,0,0,0,0,1.3876,0.1308,0.131478968,42.56766446
29,35,29035,0,0.000104888,9.22E-06,0.000292265,3.26E-05,0.099324177,9.20153419,0.039621286,0.21699935,0,0.416306404,0.279612,11.49750598,,0,0.43721941,,0,0,0,0,0,0,0,1.354982225
29,36,29036,0,0.000919517,0.000568586,0.018023022,0.000132384,0.403896702,14.2660248,0.16111794,0.144666233,0,1.692888763,0.1211652,1.561651512,,0,,,0,0,0,0,0,0,0.085250582,0.348268524
29,37,29037,0,0.000199287,7.07E-05,0.0022407,5.25E-05,0.160097526,81.04308844,0.063864309,1.883837367,0,0.671031236,0.476376,28.0956031,,0,6.978765755,,0,0,0,0,0,0,0,5.834858194
29,38,29038,0,0.001863507,0.0001967,0.006234991,8.91E-05,0.271954061,13.49006936,0.108484862,1.735994797,0,1.139865642,0.6027192,25.43329464,,0,,,0,0,0,0,0.5368,0.0506,0.005319779,4.339752305
29,39,29039,0,0.002583737,0.000215141,0.006819522,0.000132546,0.404392655,64.20167322,0.16131578,2.169993496,0,1.694967497,0.771522,23.21931864,,0,,,0,0,0,0,0.4168,0.0393,0,4.075830065
29,40,29040,0,1.75E-05,8.30E-05,0.002630387,5.63E-05,0.171771503,39.32893266,0.06852116,3.833655177,0,0.71996143,1.0935936,118.9049476,,0,1.22583882,,0,0,0,0,0,0,0.926528093,13.5416597
29,41,29041,0,0.006576468,0.000845196,0.026790978,0.000158781,0.484431881,67.19372629,0.19324413,0.506331816,0,2.03044314,1.879614,13.57222364,,0,0.913287345,,0,0,0,0,0.1656,0.0156,0.028851915,3.108568658
29,42,29042,0,0.001186981,0.000288903,0.009157643,6.71E-05,0.204580718,12.28707601,0.081609045,0.437175036,0,0.857477661,0.3634956,4.192736717,,0,,,0,0,0,0,0.0742,0.007,0,0.956378016
29,43,29043,0,0.001438712,0.000550146,0.017438491,0.000195606,0.596784369,20.73794217,0.238062524,1.952994147,0,2.501356279,0.4525572,34.79170585,,0,,,0,0,0,0,0,0,0.145702823,3.429628703
29,44,29044,0,0.001625762,0.001343093,0.0425733,0.000228886,0.69832126,36.12162247,0.278566481,3.110324011,0,2.926937033,0.4898388,10.1724063,,0,,,0,0,0,0,0,0,0,2.244699468
29,45,29045,0,9.44E-05,2.15E-05,0.000681952,3.38E-05,0.103081977,0,0.041120306,2.982845213,0,0.432056809,1.1867976,47.25353342,,0,,,0,0,0,0,0.6567,0.0619,0,4.936978406
29,46,29046,0,0.000451018,4.61E-05,0.001461326,2.51E-05,0.076510327,0,0.030520641,0.003176337,0,0.320684652,0.2930748,5.971658725,,0,,,0,0,0,0,0,0,0,0.374116578
29,47,29047,0,6.47E-05,4.30E-05,0.001363904,1.65E-05,0.050434631,0,0.020118817,0.940330515,0,0.211391229,0.4163112,8.074876851,,0,0.8785,,0,0,0,0,0,0,0,1.134593549
29,48,29048,0,0.00285295,0.000239728,0.007598896,9.85E-05,0.300547673,0,0.119891105,0.072333117,0,1.259712636,0.144984,3.55165038,,0,,,0,0,0,0,0.2627,0.0248,0.008287252,0.8189752
29,49,29049,0,0.00013111,2.15E-05,0.000681952,2.80E-05,0.08534211,0,0.034043717,1.229662981,0,0.357702103,1.108092,4.324028688,,0,,,0,0,0,0,0,0,0,0.904681907
29,50,29050,0,0.000302427,0.000301197,0.00954733,6.46E-05,0.197236795,0,0.078679489,0.072333117,0,0.826696411,0.3096444,4.858818551,,0,1.180898525,,0,0,0,0,0,0,0,1.12098931
29,51,29051,0,7.87E-05,6.45E-05,0.002045857,1.85E-05,0.05634792,0,0.02247768,0.506331816,0,0.236176131,0.4204536,1.929139661,,0,,,0,0,0,0,0,0,0.015368249,0.412208448
29,52,29052,0,0.00021502,5.53E-05,0.001753591,3.30E-05,0.100678511,0,0.040161542,3.544322711,0,0.421982946,0.80259,15.90490985,,0,0.5271,,0,0,0,0,0,0,0,1.680123541
29,53,29053,0,0.003066221,6.15E-05,0.001948435,4.42E-05,0.134899286,0,0.053812509,0.289332466,0,0.565415573,0.0248544,1.269021751,,0,,,0,0,0,0,0,0,0,0.412208448
29,54,29054,0,0.000281449,6.76E-05,0.002143278,3.07E-05,0.09360164,0,0.037338516,0.072333117,0,0.392321015,0.0787056,3.003092073,,0,,,0,0,0,0,0,0,0,0.706060015
29,55,29055,0,5.59E-05,6.45E-05,0.002045857,1.57E-05,0.047954865,0,0.019129617,0.578664932,0,0.200997561,0.445308,39.53980569,,0,,,0,0,0,0,0,0,0,4.655370655
29,56,29056,0,0.000113629,3.38E-05,0.001071639,3.85E-05,0.117445546,0,0.046850059,0.650998049,0,0.492260136,0.20712,2.383517319,,0,,,0,0,0,0,0,0,0,0.495194307
29,57,29057,0,7.34E-05,1.54E-05,0.000487109,2.35E-05,0.071836922,0,0.028656379,0.795664282,0,0.301096585,0.4370232,3.519995519,,0,,,0,0,0,0,0,0,0,0.582261438
29,58,29058,0,0.000246486,0.000153672,0.004871087,4.39E-05,0.134040905,0,0.053470094,0.21699935,0,0.561817764,0.0486732,2.453858541,,0,0.653798525,,0,0,0,0,0.1599,0.0151,0,0.633957547
29,59,29059,0,0.005258378,5.22E-05,0.00165617,3.44E-05,0.10502764,0,0.041896447,0.072333117,0,0.440211841,0.0952752,1.028100936,,0,,,0,0,0,0,0,0,0,0.236713762
29,60,29060,0,0.00275855,9.84E-05,0.003117496,2.89E-05,0.088050778,0,0.035124228,0.361665583,0,0.369055187,0.0279612,0.640971013,,0,,,0,0,0,0,0.0971,0.0092,0,0.145565359
30,1,30001,0,0,0,0.000779374,4.84E-05,1.250771435,70.95523588,0.058948743,0.361665583,0,0.619382698,1.1381244,1.884936452,,0,0.881322953,,0,0,0,0,0.5868,0.0553,0.085887804,0.363930919
30,2,30002,0.004680967,0.00043004,0,0.00165617,1.76E-05,0.454972751,8.482059507,0.021442824,0.072333117,0,0.225302755,0.212298,1.949002823,0.691502056,0,,,0,0,0,0,0,0,0,0.389925985
30,3,30003,0.019561114,0.001797079,0,0.130739974,0.000508615,13.1341495,410.1142856,0.619011261,8.249151623,0,6.504038014,13.8242244,65.89804273,120.5891996,0,0.77237469,,0,0,0,0,0,0,5.877341525,9.961742418
30,4,30004,0.001503237,0.000138102,0,0.009060222,0.000225729,5.829076013,156.6541296,0.274723818,7.95664282,0,2.886561628,5.6150232,104.1163522,272.9842668,0,,,0,0,0,0,0,0,0,17.66862951
30,5,30005,0.001046558,9.61E-05,0,0.004286557,2.94E-05,0.758018831,8.755166184,0.035725358,0.578664932,0,0.37537134,1.5627204,15.94825284,90.24332337,0,,,0,0,0,0,0,0,0,2.502458322
30,6,30006,0.000818218,7.52E-05,0,0.003507183,0.000123187,3.181095853,166.0904888,0.149924756,0.723331165,0,1.575280406,0.3893856,21.40173914,,0,0.1757,,0,0,0,0,2.1627,0.2039,0,4.302183369
30,7,30007,0.000304453,2.80E-05,0,0.002727809,3.55E-05,0.917372311,55.73887649,0.043235673,0.685372918,0,0.45428327,2.2617504,21.97179623,134.0591987,0,,,0,0,0,0,1.266,0.1194,0,4.310631766
30,8,30008,0.000152227,1.40E-05,0,0.000974217,5.94E-05,1.53299016,106.460279,0.072249686,0,0,0.759137565,0.1667316,10.09346719,,0,0.399060257,,0,0,0,0,0,0,0,1.921035353
30,9,30009,0.004224287,0.000388085,0,0.023283796,0.000156073,4.030335268,144.8702396,0.189949331,0.506331816,0,1.995824228,8.2506252,25.61035824,6.915020564,0,11.84307858,,0,0,0,0,0,0,0,8.492120045
30,10,30010,0.0249271,0.002290051,0,0.030980113,0.00037867,9.778523649,587.5664451,0.460860922,4.343163329,0,4.842330256,0.7694508,36.06679068,0.230500685,0,,,0,0,0,0,0,0,0,8.278033349
30,11,30011,0.006564771,0.000603105,0,0.095083617,0.000302581,7.813648425,50.41726973,0.368256533,1.739171134,0,3.869322971,11.5189788,5.78300864,6.085218097,0,0.42909705,,0,0,0,0,2.5254,0.2381,2.980306806,0.796748763
30,12,30012,0.001008501,9.27E-05,0,0.003214917,4.53E-05,1.168592183,5.355324097,0.055075642,2.314659729,0,0.578687488,1.9562484,29.87792677,177.0531085,0,,,0,0,0,0,0,0,0,4.373193224
30,13,30013,0.008543716,0.000784911,0,0.057771091,0.000167321,4.320788064,100.0946045,0.203638345,2.459325963,0,2.139656611,3.8617524,1.949450276,,0,,,0,0,0,0,0,0,0.060069317,1.022905834
30,14,30014,0.035050167,0.003220057,0,0.028934256,0.000241972,6.248529245,182.9918309,0.29449261,1.645660163,0,3.094275098,0.0227832,16.99086585,99.16139489,0,0.17163882,,0,0,0,0,1.3715,0.1293,0.124237707,4.296984356
30,15,30015,0.004186231,0.000384589,0,0.028154883,0.000210186,5.427705446,197.1119004,0.25580726,2.210721039,0,2.687802704,6.0416904,56.19523106,299.6508911,0.001491389,,,0,0,0,0,0,0,0,9.48733247
30,16,30016,0.020493501,0.001882737,0,0.083880117,0.000167627,4.32869923,27.25592633,0.204011198,0.67136182,0,2.143574225,2.3756664,24.18098553,106.3991164,0.004474166,,,0,0,0,0,1.3055,0.1231,1.222847547,3.028858402
30,17,30017,0.000494736,4.55E-05,0,0.002143278,2.21E-05,0.570734093,36.23310131,0.026898645,0.361665583,0,0.282627835,0.3344988,6.784602504,,0,1.244381445,,0,0,0,0,0.4088,0.0385,0,1.967003295
30,18,30018,0.000133198,1.22E-05,0,0,9.82E-06,0.253641658,21.57198273,0.011954108,0.072333117,0,0.125603488,0.1543044,2.185777361,,0,,,0,0,0,0,0,0,0,0.448848134
30,19,30019,5.71E-05,5.24E-06,0,0.001266483,2.89E-05,0.745425547,58.30468791,0.035131838,0,0,0.369135138,0.0849192,5.84590673,,0,,,0,0,0,0,0,0,0,1.229566606
30,20,30020,0.000742105,6.82E-05,0,0.004383978,6.15E-05,1.589175582,118.8303273,0.074897699,0,0,0.786960617,0.005178,4.489010426,,0,0.77237469,,0,0,0,0,0,0,0,0.957051668
30,21,30021,0.021901597,0.002012099,0,0.030785269,0.000131433,3.394051516,101.1257438,0.159961337,0,0,1.680736166,0.150162,22.77207038,127.3746788,0,0.08581941,,0,0,0,0,0.5143,0.0485,0,5.498822893
30,22,30022,0.00249271,0.000229005,0,0.006624678,0.000117716,3.039825038,119.3856793,0.143266675,0.289332466,0,1.505323021,0.1263432,25.38023355,138.3004113,0,,,0,0,0,0,0,0,0,3.972912537
30,23,30023,0.005537241,0.000508706,0,0.006819522,0.000267844,6.916619111,542.056488,0.325979624,0.798840619,0,3.425113565,1.63107,53.59715439,4.029151982,0,0.9899691,,0,0,0,0,0,0,0.00765086,19.67609846
30,24,30024,0.000951416,8.74E-05,0,0.00165617,8.76E-05,2.261140305,175.4437507,0.106567335,0.220175686,0,1.119717915,0.8015544,25.65633458,106.3069161,0,0.17163882,,0,0,0,0,0,0,0,7.307680873
30,25,30025,0.003843721,0.000353122,0,0.002630387,0.000162701,4.20147477,337.6492424,0.19801512,1.591328564,0,2.080572603,0.0538512,31.57611423,,0,2.232790528,,0,0,0,0,0,0,0,5.462429801
30,26,30026,0.003919834,0.000360115,0,0.028836835,0.0001253,3.235666751,11.29365826,0.152496677,0,0,1.602303944,0.3117156,0.063582654,0.138300411,0.002982777,,,0,0,0,0,0.4616,0.0435,0.518667901,0.045924616
30,27,30027,0.000723076,6.64E-05,0,0.002532965,0.000107831,2.784568857,280.7655249,0.131236475,0.075509453,0,1.37892002,3.655668,51.786104,,0,,,0,0,0,0,0,0,0.064941707,10.99851229
30,28,30028,0.028466368,0.002615204,0,0.820193619,0.000911587,23.54023848,16.5455834,1.109449279,0.361665583,0,11.65713896,0.3945636,0.108060424,,0,,,0,0,0,0,0.2637,0.0249,3.488318981,0.015597039
30,29,30029,0.000209312,1.92E-05,0,0.000292265,8.59E-05,2.217548167,199.9172006,0.104512842,0,0,1.098131065,0.1253076,9.516202613,,0,0.386187345,,0,0,0,0,0,0,0,1.910637327
30,30,30030,0.011036426,0.001013916,0,0.068584904,0.000243529,6.288730883,30.43311195,0.296387309,0,0,3.114182971,0.1253076,0.931194935,,0,2.548624536,,0,0,0,0,0.3033,0.0286,0.02442235,0.20189501
30,31,30031,0.000133198,1.22E-05,0,0.000876796,8.62E-05,2.226912404,137.2428802,0.104954177,0.306519901,0,1.10276824,0.7363116,30.4322398,131.15489,0,,,0,0,0,0,0,0,0.079895632,4.738900473
30,32,30032,0.011207681,0.001029649,0,0.072968882,0.000297423,7.680450228,383.1049993,0.361978914,1.157329865,0,3.803363151,4.2076428,15.0570857,4.149012339,0,,,0,0,0,0,0,0,0.215318728,3.94605097
30,33,30033,0.001408096,0.000129362,0,0.008183426,0.000145826,3.76571485,247.1505404,0.177477795,5.283493845,0,1.864784052,3.8979984,37.3203703,,0,,,0,0,0,0,0,0,0,8.666754896
30,34,30034,0.00521376,0.000478988,0,0.0358512,0.000158193,4.085067618,100.8878372,0.192528862,0.578664932,0,2.022927718,1.2189012,2.373393792,,0,,,0,0,0,0,0,0,9.06E-05,0.501271516
30,35,30035,0.003215786,0.000295434,0,0.007988583,7.05E-05,1.820698266,149.8798303,0.085809342,0.289332466,0,0.901610777,1.237542,1.164719222,,0,,,0,0,0,0,0,0,0,0.233089089
30,36,30036,0.001674492,0.000153836,0,0.007111787,5.54E-05,1.430306459,57.88947934,0.067410212,0.21699935,0,0.70828854,0.2682204,3.878898504,,0,0.68655528,,0,0,0,0,0,0,0,0.655075655
30,37,30037,0.002074087,0.000190546,0,0.003604604,4.83E-05,1.246735126,116.4122389,0.058758512,0.21699935,0,0.617383916,0.5322984,9.816535855,,0,,,0,0,0,0,0,0,0,1.292821266
30,38,30038,0.065114913,0.005982104,0,0.093622291,0.000515655,13.31594486,184.0484636,0.627579259,0.382029354,0,6.594063174,1.5906816,26.61483732,137.9099431,0,1.072742625,,0,0,0,0,0.1714,0.0162,0.280544953,11.33467181
30,39,30039,0.33427051,0.030709414,0,0.719654385,0.001808589,46.7038086,118.8486612,2.201146214,0.433998699,0,23.12775155,6.3751536,4.285031101,,0.099923032,,,0,0,0,37.1,1.233,0.1163,12.11589171,1.7416694
30,40,30040,0.004034004,0.000370604,0,0.025719339,0.000286732,7.404366692,184.8035793,0.348967123,2.09766038,0,3.666646433,9.5834424,23.42668604,,0,,,0,0,0,0,0,0,0.067398036,5.125360449
30,41,30041,0.000437651,4.02E-05,0,0.00058453,1.28E-05,0.330815886,29.39706798,0.015591322,0,0,0.163820208,0.020712,1.814996158,5.439816177,0,,,0,0,0,0,0,0,0,0.718330315
30,42,30042,0.000780161,7.17E-05,0,0.003507183,3.47E-05,0.896706409,59.89831066,0.042261691,0.072333117,0,0.444049504,1.70874,2.311258412,,0,,,0,0,0,0,0,0,0,0.911560303
30,43,30043,0.001331982,0.000122369,0,0.00282523,0.00010745,2.774720263,221.4987788,0.130772311,1.921388573,0,1.374042991,2.3673816,30.44814527,32.73109734,0,,,0,0,0,0,0,0,0,8.421916038
30,44,30044,0.124901897,0.011474731,0,0.462850681,0.001197325,30.91893424,224.4962263,1.457206534,0.654174386,0,15.31107314,0.1045956,43.77882212,229.348182,0.026844994,0.25745823,,0,0,0,0,0.7912,0.0746,2.926130373,7.783789166
30,45,30045,0.013605249,0.001249914,0,0.086900191,0.000343783,8.877619479,93.9035601,0.418401391,12.50874003,0,4.396202019,3.1772208,165.9766723,853.5993585,0,,,0,0,0,0,2.5188,0.2375,0.012805123,17.62560768
30,46,30046,0.003158701,0.00029019,0,0.00613757,9.21E-05,2.377386004,215.7157465,0.112045984,0.144666233,0,1.177282849,0.7052436,2.654347565,4.794414258,0,3.94769286,,0,0,0,0,0,0,0,3.945305778
30,47,30047,0.011702417,0.0010751,0,0.0380919,0.000316173,8.164645856,461.4642691,0.38479901,0.795664282,0,4.043137091,1.6538532,28.28829936,,0,,,0,0,0,0,0,0,0.03499968,5.348051512
30,48,30048,0.026011714,0.002389695,0,0.085925974,0.00068966,17.8093255,414.9361311,0.839351877,0.509508153,0,8.819187722,3.1389036,11.80400765,,0.022370828,,,0,0.85995,0.171,0,0.2506,0.0236,0.469521193,2.437903909
30,49,30049,0.005365986,0.000492973,0,0.004871087,0.000117316,3.029492087,153.1114506,0.142779684,7.959819157,0,1.500206138,14.0303088,23.51482059,7.376021935,0,,,0,0,0,0,0,0,0.19973908,6.094109897
30,50,30050,0.001940889,0.000178309,0,0.004383978,9.81E-05,2.532703175,228.1088925,0.119366068,0.723331165,0,1.254195997,0.7725576,11.99005211,,0,,,0,0,0,0,0,0,0,3.180929537
30,51,30051,0.005917808,0.000543669,0,0.012664826,0.000132709,3.426987798,291.0923367,0.16151362,0.723331165,0,1.697046231,1.853724,23.28411704,,0,,,0,0,0,0,0,0,0,3.549192967
30,52,30052,0.021083379,0.001936929,0,0.007014365,6.59E-05,1.702838043,67.7565109,0.080254601,0.361665583,0,0.84324633,0.0352104,31.25430584,179.7905347,0,,,0,0,0,0,0.7385,0.0696,0,4.544803982
30,53,30053,0.016193101,0.001487659,0,0.032636283,0.000137573,3.552597734,52.01505748,0.167433605,0.885184833,0,1.75924834,1.1474448,24.67074986,128.0661809,0,0.815284395,,0,0,0,0,0,0,0,3.661838252
30,54,30054,0.00283522,0.000260471,0,0.014320996,6.98E-05,1.801969792,40.74100732,0.084926671,6.529937219,0,0.892336426,1.8154068,48.96586691,268.3885441,0,,,0,0,0,0,0.811,0.0765,0,6.234457256
30,55,30055,0.000494736,4.55E-05,0,0.000194843,8.48E-05,2.190101266,175.2942602,0.103219272,1.377505551,0,1.084539344,6.612306,19.33781174,,0,,,0,0,0,0,0,0,0,3.543993954
30,56,30056,0.00045668,4.20E-05,0,0.000389687,4.51E-05,1.164232969,116.3705728,0.054870193,0.946683189,0,0.576528803,4.86732,8.748456863,,0,,,0,0,0,0,0,0,0,1.543240399
30,57,30057,0.000837246,7.69E-05,0,0.001558748,7.83E-05,2.022998073,124.0619337,0.095343714,0,0,1.001789752,0.5985768,9.309106819,,0,,,0,0,0,0,0,0,0,3.136304674
30,58,30058,0.001522266,0.00013985,0,0.014710683,0.000345958,8.9338049,821.1020162,0.421049405,3.544322711,0,4.42402507,28.01298,97.09549069,,0,,,0,0,0,0,0,0,0,24.66151881
30,59,30059,0.008543716,0.000784911,0,0.009157643,8.89E-05,2.29569111,106.5068247,0.108195711,0.946683189,0,1.136827493,3.6587748,4.885868298,,0,,,0,0,0,0,0.8572,0.0808,1.449107022,1.581366495
30,60,30060,0.004547769,0.000417803,0,0.007891161,9.14E-05,2.360272054,156.234648,0.111239405,1.88066103,0,1.168808011,2.5662168,3.053862443,,0,,,0,0,0,0,0,0,0,1.095258767
30,61,30061,0.009647359,0.000886302,0,0.071799822,0.000421716,10.89012315,445.462506,0.513250505,2.534835416,0,5.392794936,69.9485664,77.56487045,,0,0.34327764,,0,0,0,0,2.3671,0.2232,0.034086594,21.01007858
30,62,30062,0.001370039,0.000125865,0,0.008865378,0.000107069,2.764871669,100.8771654,0.130308148,0.072333117,0,1.369165962,0.0248544,21.70863383,110.8708297,0,,,0,0,0,0,0,0,0.001036893,4.043965717
30,63,30063,0.001788662,0.000164324,0,0.004286557,9.26E-05,2.390302193,212.6740054,0.112654723,3.76132206,0,1.183678953,9.2572284,3.935139294,,0,,,0,0,0,0,0,0,0,1.835901513
30,64,30064,0.000285425,2.62E-05,0,0.000487109,2.16E-05,0.55684919,52.96656379,0.026244251,0,0,0.275752023,0.217476,5.650068708,,0,,,0,0,0,0,0,0,0,0.938421871
30,65,30065,0.008543716,0.000784911,0,0.031564643,0.000325207,8.397944516,182.3855194,0.395794354,1.374329214,0,4.158666715,3.6639528,29.85044295,23.21602904,0,39.41216628,,0,0,0,0,2.5781,0.2431,0.021452609,10.25693372
30,66,30066,0.002321455,0.000213272,0,0.012275139,0.000161894,4.180647415,336.3748994,0.197033529,3.695341617,0,2.070258885,2.8800036,24.74960871,,0,,,0,0,0,0,0,0,0,4.868009299
30,67,30067,0.001160728,0.000106636,0,0.00389687,0.000105387,2.721440984,267.3856782,0.128261264,0,0,1.347659063,0.2350812,3.28265439,,0,,,0,0,0,0,0,0,0,0.697534262
30,68,30068,0.022110909,0.002031328,0,0.082029104,0.000348172,8.990959035,93.49041214,0.423743074,0.220175686,0,4.452327829,0.1170228,10.38594892,57.62517137,0,,,0,0,0,0,0.3956,0.0373,0.359459547,3.24158469
30,69,30069,0.005423071,0.000498217,0,0.033123391,0.000149096,3.850154434,144.8689512,0.181457425,6.654646722,0,1.90659858,2.2586436,27.02587689,,0.001491389,,,0,0,0,0,0,0,0,9.312732278
30,70,30070,0.00237854,0.000218516,0,0.009352487,0.000105549,2.725638745,208.5888415,0.128459104,1.446662331,0,1.349737797,32.0611404,47.81860528,,0,5.1897764,,0,0,0,0,0,0,0,9.326379688
30,71,30071,0.017525083,0.001610029,0,0.082516213,0.000320012,8.263777605,325.1230457,0.38947108,0.795664282,0,4.092227188,1.4177364,17.02536255,48.40514395,0.011931108,,,0,0,0,0,0,0,0.22262145,9.416686546
30,72,30072,0.001084614,9.96E-05,0,0.007696317,0.000127069,3.281357769,214.2574478,0.154650091,0.396040452,0,1.624930161,1.5244032,20.10066297,,0,8.810272915,,0,0,0,0,0,0,3.335642629,5.92514197
30,73,30073,0.009228736,0.000847843,0,0.023965748,0.000239759,6.191375109,393.5895501,0.291798941,4.294370321,0,3.065972339,15.2792424,129.6490436,328.1725849,0,,,0,0,0,0,0,0,0,19.2295119
30,74,30074,0.002797163,0.000256975,0,0.001461326,3.99E-05,1.031357677,11.30362741,0.048607793,0,0,0.510728885,0.0289968,0.19041986,,0,,,0,0,0,0,0.1978,0.0187,0.089882586,0.077985197
30,75,30075,0.001826719,0.000167821,0,0.022017313,0.000105875,2.734034268,143.0753653,0.128854784,1.735994797,0,1.353895264,11.6049336,5.589407086,,0,,,0,0,0,0,0,0,0,0.608717788
30,76,30076,9.51E-05,8.74E-06,0,0.00058453,8.74E-05,2.256942543,215.4923678,0.106369495,0,0,1.117639181,1.0697748,12.70050371,,0,0.34327764,,0,0,0,0,0,0,0,3.336033428
30,77,30077,0.00736396,0.000676527,0,0.058550465,0.000235245,6.074806505,167.9296261,0.286305073,14.46979965,0,3.008247502,6.8981316,62.24659737,13.83004113,0,,,0,0,0,0,1.5429,0.1455,0,12.22201338
30,78,30078,0.001484209,0.000136354,0,0.002045857,8.10E-05,2.092099684,199.3164284,0.098600466,0.361665583,0,1.036008907,4.19418,19.97347174,,0,,,0,0,0,0,0,0,0,3.646241212
30,79,30079,0.001046558,9.61E-05,0,0.001363904,6.53E-05,1.685239736,139.0256076,0.079425194,0,0,0.834531638,0.4308096,3.149531821,,0,0.25745823,,0,0,0,0,0,0,0,1.215485946
30,80,30080,0.005993921,0.000550661,0,0.007111787,0.000122712,3.168825474,215.8718968,0.149346454,0.144666233,0,1.569204107,0.093204,7.127442757,,0,1.54474938,,0,0,0,0,0,0,0,6.757928559
30,81,30081,0.004091089,0.000375848,0,0.007111787,0.000111426,2.877403964,74.50554153,0.135611785,0,0,1.424892016,0.0994176,2.960332952,13.83004113,0,0.472006755,,0,0,0,0,0,0,0,0.452314143
30,82,30082,0.003881777,0.000356619,0,0.009742174,9.14E-05,2.358980435,67.24603473,0.111178531,0.072333117,0,1.168168401,3.9383868,7.404660473,,0,,,0,0,0,0,0.4616,0.0435,0,1.478252735
30,83,30083,0.001560322,0.000143347,0,0.003409761,0.000314222,8.114272719,819.0970127,0.382424929,2.965657778,0,4.018192286,16.067334,62.10952108,,0,,,0,0,0,0,0,0,0,14.63435547
30,84,30084,0.000437651,4.02E-05,0,0.001169061,3.43E-05,0.886857815,19.64257587,0.041797527,5.442171176,0,0.439172475,4.5545688,35.74456615,204.1885712,0,,,0,0,0,0,0,0,0,4.350490866
30,85,30085,0.104788962,0.009626957,0,0.052997426,0.000395476,10.21250759,251.7196075,0.481314546,0.578664932,0,5.057239343,0.0238188,53.8958021,280.1966333,0,2.564162035,,0,0,0,0,0.5275,0.0497,2.357892574,8.54544459
30,86,30086,0.033927496,0.003116917,0,0.010326704,0.000257953,6.661201478,427.3517343,0.313941814,3.412361825,0,3.298630613,0.170874,31.56017103,,0,0.77440528,,0,0,0,0,0,0,0,7.927611199
30,87,30087,0.120201902,0.011042943,0,0.987369323,0.002636522,68.08381449,167.5408232,3.20878393,0.581841269,0,33.71514216,0.1460196,5.026677491,23.37276951,0,,,0,0,0,0,1.0616,0.1001,9.05776136,2.551814287
30,88,30088,0.001731577,0.00015908,0,0.012469983,3.10E-05,0.800965159,50.85188574,0.037749414,0,0,0.396638385,0.300324,6.928011529,2.212806581,0,,,0,0,0,0,0,0,0,2.827621934
30,89,30089,0.014004844,0.001286624,0,0.054166487,0.000235138,6.072061815,215.7359105,0.286175716,1.808327914,0,3.00688833,4.2998112,18.90372748,,0,,,0,0,0,0,0.8242,0.0777,6.279500556,4.476350309
30,90,30090,0.001027529,9.44E-05,0,0.007793739,6.07E-05,1.568025322,60.56516614,0.07390089,1.374329214,0,0.776486997,1.9117176,6.053397216,0.691502056,0,,,0,0,0,0,0,0,0,1.152014661
30,91,30091,0.002816191,0.000258723,0,0.015977165,0.000144969,3.743595876,227.0817629,0.17643533,7.667310354,0,1.853830724,37.4131212,38.23703013,,0,,,0,0,0,0,1.9253,0.1815,0,5.764839065
30,92,30092,0.011264766,0.001034893,0,0.033025969,0.000217063,5.605303042,284.4793608,0.264177418,0.306519901,0,2.775749131,1.11327,3.619571812,1.383004113,0,0.08749341,,0,0,0,0,0,0,0.000946291,3.73853236
30,93,30093,0.006070034,0.000557654,0,0.004383978,8.61E-05,2.22384481,52.86037401,0.104809602,0.075509453,0,1.101249165,0.2040132,7.123286362,34.96234397,0,,,0,0,0,0,0.4747,0.0448,0,1.995901143
30,94,30094,0.005042505,0.000463255,0,0.039163539,0.000217932,5.62774492,245.6979429,0.265235102,11.93496423,0,2.786862361,9.6352224,38.4584442,,0,,,0,0,0,0,3.277,0.309,0,11.71857561
30,95,30095,0.003558296,0.0003269,0,0.01285967,9.61E-05,2.480876967,163.8539097,0.116923504,0.072333117,0,1.22853163,1.7377368,5.052483688,,0,,,0,0,0,0,0,0,0,5.119294934
30,96,30096,0.000152227,1.40E-05,0,0.000292265,9.02E-06,0.232975756,8.955446566,0.010980126,0,0,0.115369722,0.1667316,1.43418115,,0,,,0,0,0,0,0,0,0,0.305008771
30,97,30097,0.023538033,0.002162438,0,0.037604791,0.000113977,2.943276527,11.25223786,0.138716353,0.330060009,0,1.457512145,0.9972828,16.84415032,101.4203016,0,,,0,0,0,0,0,0,0,2.470397741
30,98,30098,0,0,0,0.00058453,1.84E-05,0.474508487,35.72555816,0.022363541,0,0,0.234976862,0,1.104300844,,0,0.8581941,,0,0,0,0,0,0,0,0.331870338
30,99,30099,0.006678941,0.000613594,0,0.007014365,9.24E-05,2.386911693,90.48649903,0.112494929,0.234186784,0,1.181999975,0.1325568,10.28948932,,0,16.44604713,,0,0,0,0,1.655,0.1561,0,2.018950101
30,100,30100,0.002702022,0.000248235,0,0.006916943,0.000127813,3.3005706,122.1462594,0.15555559,2.893324662,0,1.634444365,8.533344,36.31129122,78.96953484,0,,,0,0,0,0,1.1209,0.1057,0,5.328555212
30,101,30101,0.002454653,0.000225509,0,0.016853961,0.000193174,4.988393573,119.197205,0.235102531,0.726507502,0,2.470255225,0.393528,50.00976367,208.3726197,0,1.160592625,,0,0,0,0,0,0,0.302604706,6.150432539
30,102,30102,0.027286612,0.00250682,0,0.13337036,0.000625744,16.15879802,421.0027383,0.761562668,11.42863241,0,8.001845613,7.2916596,90.70663265,32.40839638,0.058164153,,,0,0,0,0,0,0,0.09726659,32.109729
30,103,30103,0.000380566,3.50E-05,0,0.002143278,7.58E-05,1.95777132,193.8396819,0.092269583,0,0,0.969489428,0.409062,8.19848243,,0,,,0,0,0,0,0,0,0,1.442726145
30,104,30104,0.00192186,0.000176561,0,0.004286557,8.34E-05,2.154904652,179.4674635,0.101560459,0.650998049,0,1.067109962,6.4497168,18.69376501,,0,1.63056879,,0,0,0,0,0,0,0,5.586339614
30,105,30105,0.011588247,0.001064612,0,0.035266669,0.000256696,6.628749553,104.0403674,0.312412358,6.582313606,0,3.282560402,6.6972252,11.19686574,1.567404661,0,,,0,0,0,0,2.4396,0.23,0,2.670126496
30,106,30106,0.003272871,0.000300679,0,0.001071639,2.55E-05,0.658564177,33.49650555,0.031038069,0,0,0.326121341,0.1791588,2.460199655,,0,,,0,0,0,0,0,0,0,0.540480741
30,107,30107,3.81E-05,3.50E-06,0,0.000389687,1.92E-05,0.496466008,35.76214544,0.023398397,0,0,0.245850238,0.0911328,2.052166941,,0,,,0,0,0,0,0,0,2.137208152,0.636012607
30,108,30108,0.149581629,0.013742057,0,0.339027651,0.000953096,24.6121207,501.3096261,1.15996699,1.232839318,0,12.18793562,68.5763964,74.39279215,,0,,,0,0,0,0,0,0,0.743663585,14.15777927
30,109,30109,0.015565166,0.001429971,0,0.071215291,0.000359432,9.281734736,375.0388455,0.437447306,3.995508845,0,4.596320115,4.2656364,33.70950215,27.22305296,0,,,0,0,0,0,0,0,0,13.20480016
30,110,30110,0.00011417,1.05E-05,0,0.000389687,6.59E-05,1.700900615,130.3117014,0.08016329,0,0,0.842286914,0.0248544,5.038694651,,0,2.531672595,,0,0,0,0,0,0,0,1.321415839
30,111,30111,0.002644937,0.00024299,0,0.015392635,9.72E-05,2.510422749,101.7312688,0.118315994,0.506331816,0,1.243162718,4.2397464,6.560138319,,0,,,0,0,0,0,1.0088,0.0951,0,1.325748349
30,112,30112,0.010979341,0.001008671,0,0.015490056,0.000118942,3.071469701,77.82543903,0.144758085,0.289332466,0,1.520993475,1.2313284,12.4102627,59.856418,0,5.74990047,,0,0,0,0,0,0,0.00026174,2.096068796
30,113,30113,0.000551821,5.07E-05,0,0.001851013,2.87E-05,0.742035048,66.63266036,0.034972044,0,0,0.367456161,0.005178,1.20969491,2.351106992,0,,,0,0,0,0,0,0,0,1.051067155
30,114,30114,0.00068502,6.29E-05,0,0.008183426,6.19E-05,1.5972482,65.4436768,0.075278161,7.233311654,0,0.790958182,6.8494584,10.14097784,19.69904958,0.001491389,,,0,0,0,0,0,0,0,2.77861257
30,115,30115,0.009495132,0.000872317,0,0.036727996,0.00019685,5.083327561,316.9973579,0.239576762,0.378853017,0,2.517266587,0.2009064,5.16536547,,0,1.403703068,,0,0,0,0,0.4616,0.0435,0,1.044135138
30,116,30116,0.005175703,0.000475492,0,0.022212156,8.60E-05,2.219647048,88.24648981,0.104611762,0.723331165,0,1.099170432,2.0422032,2.553167664,,0,,,0,0,0,0,0.6,0.0566,0.032002742,0.376928452
30,117,30117,0.001883804,0.000173065,0,0.0089628,0.000131759,3.402447039,199.211456,0.160357017,3.416843912,0,1.684893634,0.18123,106.646997,621.3376478,0,0.128729115,,0,0,0,0,0.6462,0.0609,0,13.73665921
30,118,30118,0.124540359,0.011441516,0,0.431480881,0.000734382,18.96419423,13.36543056,0.893780734,0.144666233,0,9.39107935,0.1056312,,,0.008948331,0.789538572,,0,0,0,0,0.3956,0.0373,5.655722168,0
30,119,30119,0.001560322,0.000143347,0,0.016464274,3.52E-05,0.908653883,12.42006485,0.042824774,2.572386622,0,0.4499659,0.1584468,21.78172035,112.7093032,0,,,0,0,0,0,0.178,0.0168,0,2.973055661
30,120,30120,0.003272871,0.000300679,0,0.012275139,8.34E-05,2.154258842,99.48809357,0.101530022,0.072333117,0,1.066790156,0.5581884,1.645090143,,0,,,0,0,0,0,0,0,0,0.372595941
30,121,30121,0.006888252,0.000632823,0,0.010131861,0.0001442,3.723737236,186.4355239,0.175499394,26.26009764,0,1.843996715,43.0768176,45.04455327,62.23518508,0,,,0,0,0,0,2.9144,0.2748,0,4.858911026
30,122,30122,0.004547769,0.000417803,0,0.01061897,9.55E-05,2.466184802,190.8994217,0.116231063,0.433998699,0,1.221256062,3.57282,12.80017487,,0,,,0,0,0,0,0,0,0,2.753743957
30,123,30123,0.047228292,0.004338861,0,0.080860043,0.000559771,14.45515271,264.2908565,0.681270021,57.43395808,0,7.158199526,41.0936436,316.8871011,553.2016451,0,,,0,0,0,0,2.8353,0.2673,0.145084465,37.46408865
30,124,30124,0.023766373,0.002183415,0,0.088653782,0.000917677,23.69749307,1333.385253,1.116860674,20.18093952,0,11.73501153,17.4042936,149.5165535,,0,,,0,0,0,0,0,0,0.683402996,31.24433594
30,125,30125,0.01438541,0.001321587,0,0.028739413,0.000170266,4.396832126,148.9790569,0.207222295,4.404254644,0,2.177313672,0.8036256,82.14179943,459.8488675,0,,,0,0,0,0,1.0945,0.1032,0,10.91186207
30,126,30126,0.003539268,0.000325152,0,0.013054513,0.000181751,4.693420111,132.6327918,0.221200459,5.114880462,0,2.324184205,1.3814904,63.04247794,159.5986746,0.002982777,,,0,0,0,0,0,0,0,13.41237076
30,127,30127,0.000780161,7.17E-05,0,0.003702026,0.00012535,3.23695837,236.2355631,0.152557551,0,0,1.602943554,0.0735276,16.80847936,,0,0.68655528,,0,0,0,0,0,0,0,1.968692974
30,128,30128,0.031891465,0.002929867,0,0.070923026,0.000414264,10.69767194,251.1542742,0.504180297,10.08101964,0,5.29749299,0.150162,88.98790651,,0,11.29570508,,0,0,0,0,1.7869,0.1685,1.188637397,17.22259751
30,129,30129,0.003691494,0.000339137,0,0.013833887,0.000114009,2.944083788,195.7653732,0.138754399,3.616655827,0,1.457911901,9.2344452,23.73920576,,0,,,0,0,0,0,0,0,0,4.832482709
30,130,30130,0.008791084,0.000807636,0,0.042281035,0.00022581,5.831174894,404.4598743,0.274822738,5.85898244,0,2.887600995,39.1394664,77.64127245,,0,,,0,0,0,0,0,0,0,15.56671183
30,131,30131,0.084352546,0.007749464,0,0.462460994,0.001229186,31.74169547,93.49737504,1.495983195,0.723331165,0,15.71850495,0.0600648,,,0,,,0,0,0.011,0,0,0,6.208139283,0
30,132,30132,0.004452627,0.000409063,0,0.004286557,9.98E-05,2.576779669,158.4349113,0.121443389,0.144666233,0,1.276022701,0.326214,6.73013661,,0,1.21402674,,0,0,0,0,1.2264,0.1156,0,1.413265071
30,133,30133,0.040435181,0.003714778,0,0.040527443,0.000343389,8.86744798,79.73271103,0.41792201,2.893324662,0,4.391165087,3.769584,5.97061595,16.64214949,0,,,0,0,0,0,1.6154,0.1523,0,0.397724505
30,134,30134,0.000646963,5.94E-05,0,0.009742174,0.000127238,3.285716983,147.2211587,0.15485554,5.827376866,0,1.627088846,1.7273808,65.93398519,212.7751828,0,0.128729115,,0,0,0,0,1.3385,0.1262,1.717756084,13.22758917
30,135,30135,0.002283398,0.000209776,0,0.013541622,0.000121155,3.128623836,133.3747407,0.147451754,0,0,1.549296234,0.0176052,4.571167366,3.411410145,0,3.77605404,,0,0,0,0,0,0,0,0.796315512
30,136,30136,0.001331982,0.000122369,0,0.002338122,4.02E-05,1.039268843,20.78643236,0.048980645,0,0,0.514646499,0.1905504,1.653570794,,0,,,0,0,0,0,0.5143,0.0485,0,0.228323327
30,137,30137,0.00034251,3.15E-05,0,9.74E-05,3.32E-05,0.857957842,64.70766796,0.040435474,0,0,0.424861192,0.010356,2.647556489,,0,0.08581941,,0,0,0,0,0,0,0,0.764254931
30,138,30138,0.011512134,0.001057619,0,0.057673669,0.000249318,6.438235768,13.83090493,0.303433461,0,0,3.188217872,0.1201296,0.941981635,5.532016451,0,0.729464985,,0,0,0,0,0.2967,0.028,0.04672058,0.15423739
30,139,30139,0.000494736,4.55E-05,0,0.005260774,3.64E-05,0.940459998,16.06346132,0.044323793,1.015839968,0,0.465716305,1.8568308,10.04220916,57.62517137,0,,,0,0,0,0,0,0,0,1.894173786
30,140,30140,0.00011417,1.05E-05,0,0.00058453,1.68E-05,0.434629754,27.46562431,0.02048406,0,0,0.215228892,0,1.120420055,,0,1.7163882,,0,0,0,0,0,0,0,0.233955591
30,141,30141,0.036819801,0.003382633,0,0.120900378,0.000962999,24.86786123,1543.483152,1.172020018,2.210721039,0,12.31457848,11.3315352,107.5388137,27.66008226,0,0.08581941,,0,0,0,0,0,0,0.285205938,23.08361832
30,142,30142,0.003710523,0.000340886,0,0.014320996,0.000190867,4.928817653,286.7509904,0.232294724,8.101309053,0,2.440753196,26.6625576,47.15383581,,0,,,0,0,0,0,2.499,0.2356,17.6337649,7.590125926
30,143,30143,0.004852222,0.000445773,0,0.029031678,0.000352848,9.111725401,587.3913643,0.429434782,1.863066554,0,4.5121314,8.5550916,43.11322232,34.57510282,0,,,0,0,0,92.7,0,0,0.002969742,8.792397714
30,144,30144,0.004110117,0.000377596,0,0.026011604,0.000182576,4.714731823,296.5525083,0.222204878,5.280317508,0,2.334737776,15.803256,43.79398792,,0,,,0,0,0,0,2.044,0.1927,0,4.351140743
30,145,30145,0.001769634,0.000162576,0,0.008767956,8.18E-05,2.111473967,147.5097973,0.099513574,0.506331816,0,1.045603063,2.2607148,4.970891933,,0,,,0,0,0,0,0,0,0.918876534,1.806657064
30,146,30146,0.000247368,2.27E-05,0,0.000292265,2.07E-05,0.533277146,51.05443018,0.025133303,0,0,0.264079134,0.0227832,3.001366813,16.73434977,0,,,0,0,0,0,0,0,0,1.202453753
30,147,30147,0.007287847,0.000669534,0,0.002532965,0.000132971,3.433768797,288.6427429,0.161833208,0.072333117,0,1.700404185,0,6.11643972,,0,4.707904474,,0,0,0,0,0,0,0,1.259027681
30,148,30148,0.004034004,0.000370604,0,0.023868326,0.000166627,4.302866852,204.5398888,0.20279372,1.95934682,0,2.130782017,4.8714624,28.15333494,19.50035799,0,,,0,0,0,0,0.6791,0.064,0,6.035187748
30,149,30149,0.001160728,0.000106636,0,0.012177717,0.000185015,4.777698243,445.8086527,0.22517248,0.36484192,0,2.365918782,1.926216,67.83493665,,0,5.67979115,,0,0,0,0,0,0,0,14.99785314
30,150,30150,0.007325903,0.00067303,0,0.007891161,7.15E-05,1.846369191,120.8965524,0.087019211,1.663661681,0,0.914323033,6.6930828,3.838594273,,0,,,0,0,0,0,0,0,0,0.95401891
30,151,30151,0.000932388,8.57E-05,0,0.015295213,0.00014712,3.799135488,233.4595449,0.179052907,3.503752962,0,1.881333971,12.8611164,27.92427836,,0,,,0,0,0,0,0,0,0,5.983414242
30,152,30152,0.000551821,5.07E-05,0,0.009060222,7.46E-05,1.92628811,82.99033445,0.090785782,10.56063502,0,0.953898925,15.513288,14.51610123,,0,,,0,0,0,0,1.3517,0.1275,0,1.892440781
30,153,30153,0.000399595,3.67E-05,0,0.001266483,3.66E-05,0.945142117,79.02665873,0.044544461,0.726507502,0,0.468034893,3.3429168,10.35271167,,0,,,0,0,0,0,0,0,0,0.831192225
30,154,30154,0.00237854,0.000218516,0,0.000681952,8.43E-05,2.176377816,167.2867097,0.102572487,3.475165931,0,1.077743484,5.6781948,4.778209501,,0,,,0,0,0,0,0,0,0,2.435304403
30,155,30155,0.01019918,0.000936998,0,0.053387113,0.000640436,16.53821107,1407.120943,0.77944437,11.36582831,0,8.189731161,15.6002784,72.0224937,,0,,,0,0,0,0,0,0,0.197221048,13.74619073
30,156,30156,0.00057085,5.24E-05,0,0.000194843,3.54E-05,0.913336002,65.95669692,0.043045442,0,0,0.452284487,0.0403884,6.287301226,,0,0.816958395,,0,0,0,0,0,0,0.269647757,0.969832575
30,157,30157,0.001997974,0.000183554,0,0.006624678,0.000111264,2.873206202,222.3540299,0.135413945,2.896500999,0,1.422813282,16.4898588,43.94783518,,0,,,0,0,0,0,0,0,0.003020076,14.07892757
30,158,30158,0.004262344,0.000391581,0,0.136585278,0.000147852,3.818025414,165.4934268,0.179943187,6.220648023,0,1.890688272,6.1949592,28.35525783,0.472987407,0,,,0,0,0,0,0,0,0,10.09886639
30,159,30159,0.00057085,5.24E-05,0,0.003507183,0.00014008,3.617340131,274.3258156,0.170484908,0.072333117,0,1.79130881,0.056958,9.441465105,,0,,,0,0,0,0,0,0,0,1.990355529
30,160,30160,0.024165967,0.002220126,0,0.10365673,0.000636516,16.43698044,1252.27824,0.77467338,58.3855304,0,8.139601697,16.6555548,127.8442644,,0,,,0,0,0,0,0,0,0.358130713,52.01872592
30,161,30161,0.008867197,0.000814629,0,0.026498713,0.000200539,5.178584454,317.0325001,0.24406621,11.71796488,0,2.564437852,33.3328572,30.51765505,73.76021935,0,,,0,0,0,0,0,0,0,4.772694058
30,162,30162,0.00022834,2.10E-05,0,0.002532965,3.50E-05,0.902680146,73.00099952,0.042543232,0,0,0.447007702,0.0372816,2.793414736,,0,,,0,0,0,0,0,0,0,2.851589384
30,163,30163,0.00045668,4.20E-05,0,0.000974217,3.01E-05,0.777716019,47.47700737,0.036653685,0,0,0.385125398,0.4784472,1.581518345,,0,,,0,0,0,0,0,0,0,0.970482452
30,164,30164,0.003501211,0.000321656,0,0.010521548,9.13E-05,2.357043007,107.3634661,0.111087221,0.072333117,0,1.167208985,0.5840784,2.60373591,4.886614532,0,,,0,0,0,0,0,0,0,2.942641435
30,165,30165,0.000418623,3.85E-05,0,0.001071639,4.84E-05,1.248672554,101.4857125,0.058849823,0,0,0.618343331,0.0942396,3.157177095,1.42910425,0,0.08581941,,0,0,0,0,0,0,0,2.965170491
30,166,30166,0.001255869,0.000115377,0,0.000389687,5.25E-05,1.355069659,79.81744571,0.063864309,0,0,0.671031236,0.7684152,8.781765068,31.11759254,0,,,0,0,0,0,0,0,0,1.705709559
30,167,30167,0,0,0,0.008475691,8.72E-05,2.252260425,198.9692186,0.106148827,1.377505551,0,1.115320594,2.7764436,6.725486463,,0,,,0,0,0,0,0,0,0,1.729321744
30,168,30168,0.000418623,3.85E-05,0,0.003409761,7.99E-05,2.062553902,149.7942751,0.097207976,0,0,1.02137782,0.005178,9.80464574,,0,,,0,0,0,0,0,0,0,3.166198999
30,169,30169,0.006070034,0.000557654,0,0.02523223,0.000137242,3.544040759,132.5666885,0.167030316,9.186305801,0,1.755010921,5.7237612,87.04326318,221.3728583,0,,,0,0,0,0,1.3121,0.1237,0,16.99990645
30,170,30170,9.51E-05,8.74E-06,0,0.000876796,6.53E-05,1.685562641,158.966898,0.079440413,0,0,0.834691541,1.3949532,11.6625557,,0,0.17163882,,0,0,0,0,0,0,0,3.695631837
30,171,30171,0.000361538,3.32E-05,0,0.00058453,3.05E-05,0.788533327,57.57605442,0.037163503,0,0,0.390482135,0.0227832,4.404384398,,0,0.68655528,,0,0,0,0,0,0,0,0.976547967
30,172,30172,0.003215786,0.000295434,0,0.005358196,0.00011329,2.925516767,209.7394946,0.137879337,3.547499047,0,1.448717502,8.6192988,86.07864819,,0,,,0,0,0,0,0.7583,0.0715,0,10.55313016
30,173,30173,0.020988238,0.001928188,0,0.034097609,0.00029576,7.6375039,606.604756,0.359954858,2.817408167,0,3.782096106,0.6047904,104.4450997,470.2213984,0,0.986923215,,0,0,0,0,1.0484,0.0989,0,29.06075042
30,174,30174,0.018305245,0.001681702,0,0.099857282,0.00051443,13.2843002,306.0493756,0.626087849,26.58380498,0,6.57839272,22.7562744,155.1242061,589.0804598,0,,,0,0,0,0,3.3298,0.314,0.530107662,26.35325169
30,175,30175,0.015374883,0.00141249,0,0.049782509,0.000494098,12.75925712,625.0818165,0.601342617,13.83916537,0,6.318391102,18.112644,48.84661954,,0.023862217,,,0,0,0,0,0,0,0.013268202,18.90772764
30,176,30176,0.000989473,9.09E-05,0,0.009255065,2.74E-05,0.706515528,16.23224138,0.033298012,4.939015696,0,0.349866876,0.383172,45.61227393,167.2849505,0,,,0,0,0,0,0,0,0,5.146156502
30,177,30177,0.000475708,4.37E-05,0,0.00165617,6.25E-05,1.615169412,101.6054952,0.076122786,0,0,0.799832776,0.1739808,6.038936549,,0,0.216222525,,0,0,0,0,0,0,0.516924738,1.153314414
30,178,30178,0.004243316,0.000389833,0,0.023965748,8.35E-05,2.155873366,19.58365139,0.101606114,2.531659079,0,1.067589669,9.4747044,33.87956632,124.0997251,0,6.0073587,,0,0,0,0,0,0,0,3.909441252
30,179,30179,0.000856274,7.87E-05,0,0.00058453,2.21E-05,0.571056998,40.74163744,0.026913864,0.723331165,0,0.282787738,0.4121688,11.44308504,59.14647589,0,,,0,0,0,0,0,0,0,2.288839538
30,180,30180,0.000608906,5.59E-05,0,0.002045857,6.70E-05,1.730769301,168.5243743,0.081570998,0.144666233,0,0.857077904,8.1356736,17.31790837,,0,,,0,0,0,0,0,0,0,5.741443506
30,181,30181,0.005251817,0.000482484,0,0.029908474,0.000214519,5.539591931,187.4921355,0.261080459,13.30929344,0,2.743208953,13.1583336,38.33328478,20.88889412,0,,,0,0,0,0,1.9649,0.1853,0,6.956877461
30,182,30182,0.000875303,8.04E-05,0,0.003702026,9.58E-05,2.473934516,172.0571888,0.116596307,0.072333117,0,1.225093724,0.1470552,2.096553133,,0,,,0,0,0,0,0,0,0,0.642520038
30,183,30183,0.014080957,0.001293617,0,0.070435917,0.000349297,9.02002046,248.8906521,0.425112737,1.160506202,0,4.466719063,0.8875092,20.64859136,4.507671405,0,,,0,0,0,0,0,0,0.000463078,9.085882005
30,184,30184,0.000209312,1.92E-05,0,0.002630387,4.21E-05,1.087220194,86.80866007,0.051240588,0,0,0.538392034,0.0590292,4.651790973,,0,,,0,0,0,0,0,0,0,0.990412002
30,185,30185,0.001617407,0.000148591,0,0.010911235,3.10E-05,0.801126611,43.57950755,0.037757024,0,0,0.396718336,0.005178,0.282522904,0.875902605,0,1.072742625,,0,0,0,0,0,0,0,0.1187108
30,186,30186,0.001940889,0.000178309,0,0.005358196,3.84E-05,0.992609111,34.27184149,0.046781576,0.072333117,0,0.491540574,0.0486732,13.47000499,73.76021935,0,,,0,0,0,0,0,0,0,2.24220439
30,187,30187,0.000380566,3.50E-05,0,0,3.48E-05,0.898320932,61.69751296,0.042337783,0,0,0.444849017,0.2620068,3.22890218,,0,,,0,0,0,0,0,0,0,0.695368007
30,188,30188,0.001674492,0.000153836,0,0.004676243,9.57E-05,2.471835635,223.7476173,0.116497387,0.433998699,0,1.224054358,0.6410364,18.51760068,89.89526734,0,,,0,0,0,0,0,0,0,7.419043734
30,189,30189,0.027857461,0.002559264,0,0.203806278,0.000877313,22.65515664,382.5077756,1.067735454,18.25783815,0,11.21884595,25.9200324,41.42532467,,0,,,0,0,0,43.4,0,0,1.630589522,12.73411617
30,190,30190,0.000894331,8.22E-05,0,0.004091713,1.28E-05,0.330977338,9.715663657,0.015598932,1.084996748,0,0.163900159,0.5405832,6.906201158,39.09937028,0,,,0,0,0,0,0,0,0,1.288081499
30,191,30191,0.018514556,0.001700931,0,0.033513078,0.000161244,4.16385637,15.46482168,0.196242169,1.180055891,0,2.061943951,0.5354052,57.32699451,319.1858242,0,,,0,0,0,0,0,0,0,7.044229547
30,192,30192,0.006393516,0.000587372,0,0.034779561,0.000112496,2.905012317,61.10620798,0.136912964,3.399656478,0,1.438563688,5.9795544,4.831192759,5.703969963,0,,,0,0,0,0,0,0,0.00078522,1.546793058
30,193,30193,0.256920386,0.023603263,0,1.300775057,0.003384965,87.41111508,143.1419598,4.119677833,2.820991545,0,43.28603197,9.3235068,6.69726487,4.379513024,0,,,0.083951005,0,0,144.3,3.0331,0.286,13.81843792,1.038936125
30,194,30194,0.006146148,0.000564646,0,0.001169061,6.75E-05,1.743201133,105.7263696,0.082156909,1.084996748,0,0.863234154,0.212298,7.465906944,,0,0.214548525,,0,0,0,0,0.4352,0.041,1.439120068,1.48431825
30,195,30195,0.00237854,0.000218516,0,0.001266483,3.10E-05,0.801288064,60.93916517,0.037764633,0,0,0.396798287,0.0289968,8.186683318,,0,1.204904516,,0,0,0,0,0,0,0,1.48431825
30,196,30196,0.002283398,0.000209776,0,0.0156849,8.48E-05,2.188809647,38.0875868,0.103158398,1.170933921,0,1.083899734,0.1273788,37.49435433,226.0289722,0,0.8581941,,0,0,0,0,0,0,0.179765172,4.738900473
30,197,30197,0.001636436,0.000150339,0,0.005845304,6.70E-05,1.731253659,86.11849072,0.081593826,0,0,0.857317758,0.8305512,2.681105254,,0,,,0,0,0,0,0,0,0,2.992898561
30,198,30198,0.000304453,2.80E-05,0,0.001169061,4.08E-05,1.054768269,81.10910483,0.049711132,0.034374869,0,0.522321824,1.8402612,5.226345176,,0,4.149745893,,0,0,0,0,0,0,0.960145756,1.682747251
30,199,30199,0.00226437,0.000208028,0,0.00954733,6.68E-05,1.723988302,137.6809814,0.081251411,0,0,0.85371995,0.9765708,3.121608157,,0,,,0,0,0,0,0,0,0,0.684969981
30,200,30200,0.000361538,3.32E-05,0,0.001363904,7.34E-05,1.895450709,143.4298422,0.089332418,1.301996098,0,0.938628227,0.7622016,38.62785223,198.2305895,0,,,0,0,0,0,0,0,0,8.233070551
30,201,30201,0.003234815,0.000297182,0,0.019386926,0.000246449,6.364129135,539.648559,0.299940822,0,0,3.151520227,0.2671848,36.92232759,,0.016405274,0.150183968,,0,0,0,0,0,0,0.015029913,12.89528558
30,202,30202,0.00068502,6.29E-05,0,0.001948435,8.77E-05,2.265660971,245.0817143,0.106780394,0,0,1.121956551,1.744986,17.40124541,,0,,,0,0,0,0,0,0,0,4.039633206
30,203,30203,0.001141699,0.000104888,0,0.003604604,8.00E-05,2.065782949,147.8702984,0.097360161,0,0,1.022976846,0.3541752,4.832193935,,0,,,0,0,0,0,0,0,0,1.558837438
30,204,30204,0.006355459,0.000583876,0,0.051146413,0.000281392,7.266486376,122.2840778,0.342468836,2.169993496,0,3.598368026,4.68609,6.496023385,,0.004474166,,,0,0,0,0,0,0,0.004389178,2.049277677
30,205,30205,0.014328325,0.001316343,0,0.016659117,0.00011671,3.013831208,80.48606332,0.142041588,3.544322711,0,1.492450862,7.7069352,83.13815201,433.8483902,0,,,0,0,0,0,0,0,0,11.8338204
30,206,30206,0.004776108,0.000438781,0,0.053094848,0.000169409,4.374713152,12.97790125,0.206179829,0,0,2.166360344,0.3334632,1.100998527,,0,,,0,0,0,0,0.666,0.0628,3.637248639,0.149904879
30,207,30207,0.03501211,0.003216561,0,0.058160778,0.000256027,6.611474151,125.771684,0.31159817,22.69011499,0,3.274005614,2.2234332,204.3033476,936.6625855,0,,,0,0,0,0,2.5715,0.2425,0,20.0199092
30,208,30208,0.035982554,0.003305715,0,0.034876983,0.000135035,3.487048076,64.05494683,0.164344256,6.37166693,0,1.726788113,2.40777,49.48812444,302.1951577,0,,,0,0,0,0,0,0,0,4.8525509
30,209,30209,0.000932388,8.57E-05,0,0.006916943,7.81E-05,2.016055622,37.03371243,0.095016516,0.072333117,0,0.998351846,2.8385796,11.44132091,,0,,,0,0,0,0,0,0,0,2.71128535
30,210,30210,0.000513765,4.72E-05,0,0.007988583,0.000163132,4.212614983,77.38316847,0.198540158,0.361665583,0,2.086089242,16.890636,46.54866444,,0,0.25745823,,0,0,0,0,0,0,0,13.29474309
30,211,30211,0.014366382,0.001319839,0,0.020361143,0.000178331,4.60510567,84.59298307,0.217038208,19.31294212,0,2.280450845,0,,,0,,,0,0,0,0,0,0,0,0
30,212,30212,0.001579351,0.000145095,0,0.003312339,4.77E-05,1.233011675,22.6496726,0.058111727,0.289332466,0,0.610588055,0,,,0,,,0,0,0,0,0,0,0,0
31,1,31001,0.000513765,4.72E-05,0,0.02182247,3.93E-05,0.69975888,72.4154043,0.047877306,0,0,0.503053561,0.7497744,0.661256076,,0,1.170745575,,0,0,0,0,0,0,0,0.075028176
31,2,31002,0.030959078,0.002844209,0,0.016172009,9.29E-05,1.651862468,153.9098084,0.113019966,0,0,1.187516615,0.4370232,0.91136595,,0,36.17847758,,0,0,0,0,0.8724,0.0823,0,0.070909186
31,3,31003,0.019903623,0.001828545,0,0.020653409,6.17E-05,1.09835008,131.3788773,0.075148804,0,0,0.78959901,0.3251784,1.641236367,,0,,,0,0,0,0,0.4464,0.0421,0,0.192706141
31,4,31004,0.018038848,0.001657228,0,0.00730663,3.43E-05,0.609564276,43.88167494,0.041706217,0.433998699,0,0.438213059,0.398706,0.088145596,,0,,,0,0,0,0,0,0,0,0.10923143
31,5,31005,0.000780161,7.17E-05,0,0.001948435,1.22E-05,0.216422565,19.43357139,0.014807571,0,0,0.155585224,0.0590292,0.310429345,,0,,,0,0,0,0,0.2688,0.0253,0,0.045934554
31,6,31006,0.001997974,0.000183554,0,0.012957091,5.35E-05,0.951102661,105.3595749,0.065074177,0,0,0.683743492,8.9082312,1.371555973,,0,,,0,0,0,0,0,0,0,1.775310538
31,7,31007,0.00306356,0.000281449,0,0.010034439,4.02E-05,0.714772779,66.24835322,0.048904553,0,0,0.513846986,0.2526864,0.282920079,,0,,,0,0,0,0,0.6543,0.0617,0,0.055814915
31,8,31008,0.000932388,8.57E-05,0,0.001266483,2.39E-05,0.425393788,51.80379838,0.029105324,0.144666233,0,0.305813711,0.1325568,2.330062372,,0,0.008581941,,0,0,0,0,0.7507,0.0708,0,0.692902668
31,9,31009,0.001408096,0.000129362,0,0.005650461,2.94E-05,0.523262163,45.79098093,0.03580145,0,0,0.376170853,0.44013,0.73840003,,0,,,0,0,0,0,0,0,0.00014769,0.180453451
31,10,31010,0.005632383,0.000517447,0,0.00058453,1.49E-05,0.265579181,36.01685276,0.018170853,0,0,0.190923697,0.0911328,1.888588329,,0,,,0,0,0,0,0,0,0,0.093381141
31,11,31011,0.002816191,0.000258723,0,0.031077535,4.02E-05,0.715884919,46.75791834,0.048980645,0,0,0.514646499,0.1636248,0.05333525,,0,2.217112795,,0,0,0,0,0,0,0.266374243,0.053567719
31,12,31012,0.000665991,6.12E-05,0,0.0022407,2.21E-05,0.392696854,40.95081733,0.026868209,0,0,0.28230803,2.2658928,1.447330761,,0,,,0,0,0,0,0,0,0,1.433799385
31,13,31013,0.003862749,0.000354871,0,0.01061897,5.60E-05,0.995477072,47.80170915,0.068110262,0,0,0.71564406,0.2361168,0.052689903,,0,18.87187749,,0,0,0,0,0,0,0.193996133,0.036338872
31,14,31014,0.000780161,7.17E-05,0,0.000974217,1.00E-05,0.178053714,22.52674717,0.012182385,0,0,0.128002027,0.046602,1.115834433,,0,,,0,0,0,0,0,0,0.340462073,0.066373084
31,15,31015,0.002968418,0.000272708,0,0.0022407,3.14E-05,0.558961877,58.83914153,0.038244015,0,0,0.401835219,0.1511976,0.203978412,,0,,,0,0,0,0,0,0,0,0.042887544
31,16,31016,0.007154649,0.000657297,0,0.002143278,1.68E-05,0.299610684,41.27053189,0.020499279,0,0,0.215388794,0.0341748,0.833815953,,0,,,0,0,0,0,0,0,0,0.059542861
31,17,31017,5.71E-05,5.24E-06,0,0,2.85E-05,0.506357626,69.48568108,0.034644847,0,0,0.364018255,0.0900972,3.272200707,,0,,,0,0,0,0,0,0,0,0.184685061
31,18,31018,0.001826719,0.000167821,0,0.001169061,1.87E-05,0.332752475,39.5007983,0.022766831,0,0,0.239214281,0.3148224,1.245110549,,0,,,0,0,0,0,0.4869,0.0459,0,0.080554921
31,19,31019,0.005423071,0.000498217,0,0.012177717,0.000206835,3.67918361,483.7868362,0.25172871,0,0,2.644948809,0.5395476,12.52977042,,0,4.83871051,,0,0,0,0,0,0,0,0.600955352
31,20,31020,0.001312954,0.000120621,0,0.003312339,2.52E-05,0.448192671,38.96195903,0.030665217,0,0,0.322203727,0.289968,0.073464139,,0,0.279928378,,0,0,0,0,0,0,0,0.025662869
31,21,31021,0.001769634,0.000162576,0,0.001558748,4.98E-05,0.885931221,115.092962,0.060615165,0,0,0.636892032,0.1460196,3.581269903,,0,,,0,0,0,0,0,0,0,0.164915997
31,22,31022,0.001503237,0.000138102,0,0.000974217,2.74E-05,0.487451235,67.62907511,0.033351277,0,0,0.350426535,0.056958,4.782165908,,0,,,0,0,0,0,0,0,0,0.203029684
31,23,31023,0.002074087,0.000190546,0,0.005455617,2.81E-05,0.499795996,26.04070283,0.034195902,0,0,0.359301129,0.6068616,0.628432972,,0,,,0,0,0,0,0.6239,0.0588,0,0.059230026
31,24,31024,0.020208077,0.001856515,0,0.004676243,1.84E-05,0.326746915,40.84440288,0.022355932,0,0,0.234896911,0.279612,1.349395778,,0,,,0,0,0,0,0,0,0,0.065799554
31,25,31025,0.008657886,0.0007954,0,0.0089628,2.91E-05,0.517812674,62.92996095,0.035428598,0,0,0.372253239,0.2009064,1.48366775,,0,,,0,0,0,0,0,0,0,0.159284973
31,26,31026,0.001351011,0.000124117,0,0.005942726,2.08E-05,0.369897971,30.09470599,0.025308315,0.072333117,0,0.265918014,0.1926216,0.091385085,,0,,,0,0,0,0,0,0,0,0.065791211
31,27,31027,0.003025503,0.000277953,0,0.016951383,5.21E-05,0.926746781,52.12419239,0.063407755,0,0,0.666234158,1.2178656,0.443206034,,0,3.89030171,,0,0,0,0,0,0,0,0.176543018
31,28,31028,0.001198784,0.000110132,0,0.008280848,1.36E-05,0.242669084,9.929589624,0.016603351,0,0,0.17445373,1.8288696,0.65425545,,0,,,0,0,0,0,0,0,0.016413304,0.346047256
31,29,31029,0.00192186,0.000176561,0,0.009449909,3.66E-05,0.650824693,68.57392157,0.044529243,0,0,0.46787499,4.9802004,1.709608371,,0,0.17163882,,0,0,0,0,0,0,0,1.118227437
31,30,31030,0.001312954,0.000120621,0,0.00506593,2.17E-05,0.386246438,48.99910379,0.026426873,0,0,0.277670855,0.0455664,1.011513612,,0,,,0,0,0,0,1.0195,0.0961,0,0.15886786
31,31,31031,0.000856274,7.87E-05,0,0.00506593,1.75E-05,0.311621803,35.04680721,0.021321076,0,0,0.224023534,1.1484804,1.093003219,,0,,,0,0,0,0,0.4311,0.0407,0,0.33937345
31,32,31032,0.014404439,0.001323335,0,0.00837827,9.70E-05,1.724596465,212.1227244,0.117996406,0,0,1.239804763,1.1981892,3.497407457,,0,,,0,0,0,0,1.2681,0.1196,0,1.251703552
31,33,31033,0.005156675,0.000473743,0,0.013541622,0.000117697,2.093604723,208.3476834,0.143243847,0,0,1.505083167,0.5012304,2.841592528,,0,,,0,0,0,0,0.3094,0.0292,0,0.172434456
31,34,31034,0.001293926,0.000118873,0,0.0067221,3.82E-05,0.679073065,70.79675738,0.046461988,0,0,0.48818262,0.2599356,0.458673999,,0,,,0,0,0,0,0.4413,0.0416,0,0.089183943
31,35,31035,0.002321455,0.000213272,0,0.004968509,3.50E-05,0.622465107,52.44819655,0.042588888,0,0,0.44748741,0.1201296,0.579012851,,0,,,0,0,0,0,0,0,0,0.069402366
31,36,31036,0.003938862,0.000361863,0,0.007696317,4.63E-05,0.823873774,86.14640826,0.056369212,0,0,0.592279208,0.238188,0.553872324,,0,,,0,0,0,0,0,0,0,0.065799554
31,37,31037,0.006108091,0.00056115,0,0.003702026,2.87E-05,0.51058376,56.88214731,0.034933998,0,0,0.367056405,0.3811008,0.745431913,,0,,,0,0,0,0,0.7913,0.0746,0,0.066347014
31,38,31038,0.013795532,0.001267395,0,0.028836835,0.000183033,3.255791675,218.2819466,0.222760352,0,0,2.340574221,0.3448548,0.572563692,,0,1.92863882,,0,0,0,0,0,0,0,0.115724835
31,39,31039,0.010789058,0.00099119,0,0.005650461,2.37E-05,0.421501296,38.42126245,0.028839,0,0,0.303015416,0.144984,0.050861375,,0,1.45892997,,0,0,0,0,0,0,0,0.011207823
31,40,31040,0.044088619,0.004050419,0,0.038968696,0.000156348,2.781130057,223.3323572,0.190284138,0.144666233,0,1.999342085,1.5968952,1.763718971,,0,7.13950339,,0,0,0,0,1.1717,0.1105,0,0.441425325
31,41,31041,0.038817774,0.003566187,0,0.0739431,0.000367353,6.534493447,239.6778792,0.447088207,0.361665583,0,4.697618409,0.2599356,0.129106004,,0,,,0,0,0,0,0.5427,0.0512,5.827766071,0.032326247
31,42,31042,0.001046558,9.61E-05,0,0.002143278,3.44E-05,0.611899771,67.31987475,0.041866011,0,0,0.439892036,0.1594824,1.268530834,,0,,,0,0,0,0,0,0,0,0.067103031
31,43,31043,0.000152227,1.40E-05,0,0.00282523,1.71E-05,0.304504103,38.87215693,0.020834085,0,0,0.218906651,0.0507444,1.319735789,,0.017896662,,,0,0,0,0,0,0,0,0.070439934
31,44,31044,0.001940889,0.000178309,0,0.008767956,3.88E-05,0.690305685,65.11299549,0.047230521,0,0,0.496257701,1.045956,0.959387865,,0,,,0,0,0,0,0,0,0,0.085617628
31,45,31045,0.000285425,2.62E-05,0,0.002630387,1.40E-05,0.2491195,26.25794967,0.017044686,0,0,0.179090905,0.5996124,0.340285459,,0,,,0,0,0,0,0.6746,0.0636,0,0.031961273
31,46,31046,0.010370435,0.000952731,0,0.00282523,1.66E-05,0.294717265,37.13631578,0.020164473,0,0,0.211870937,0.2785764,1.409448269,,0,,,0,0,0,0,0,0,8.62E-05,0.068510787
31,47,31047,0.010046953,0.000923013,0,0.006819522,2.96E-05,0.527154655,62.78081521,0.036067774,0,0,0.378969148,0.5291916,2.2331722,,0,,,0,0,0,0,0,0,0,0.182017624
31,48,31048,0.022110909,0.002031328,0,0.02299153,0.000137217,2.440815026,243.0438993,0.166999879,0,0,1.754691116,1.6766364,3.525652252,,0.016405274,,,0,0,0,0,0.5275,0.0497,0,0.217628634
31,49,31049,0.014823062,0.001361794,0,0.006040148,2.06E-05,0.366227907,49.66263286,0.025057211,0,0,0.263279621,0.1066668,2.490823083,,0,,,0,0,0,0,0,0,0,0.095570984
31,50,31050,0.704599687,0.064731537,0,2.127398511,0.005094519,90.62144412,695.0123487,6.200293766,0,550.533932,65.14735497,1.0532052,0.788178497,,0.210285784,104.453034,,0.0204649,3.93588,1.291,0,2.7898,0.2631,20.94787931,0.140358477
31,51,31051,0.000418623,3.85E-05,0,0.002435543,1.89E-05,0.336644967,21.71224305,0.023033154,0,0,0.242012576,0.1491264,0.101436114,,0,0.25745823,,0,0,0,0,0,0,0.124467554,0.028379838
31,52,31052,0.072840412,0.006691845,0,0.066149361,0.000203284,3.616014023,256.9362503,0.247406664,0,0,2.599536472,0.522978,1.06260154,,0.077552204,2.41512702,,0,0,0,0,0,0,0.005005048,0.363903858
31,53,31053,0.008543716,0.000784911,0,0.0268884,7.30E-05,1.299202676,108.0072189,0.088891082,0.21699935,0,0.933991052,1.0003896,2.723029321,,0,1.135108225,,0,0,0,0,0,0,0,0.221565137
31,54,31054,0.000970444,8.92E-05,0,0.002922652,1.67E-05,0.29649669,29.98745315,0.02028622,0,0,0.213150158,0.2506152,0.093817194,,0,,,0,0,0,0,0,0,0,0.03386435
31,55,31055,0.001255869,0.000115377,0,0.005845304,3.63E-05,0.646153702,70.6222388,0.044209655,0.003176337,0,0.464517036,0.2257608,2.323169448,,0,,,0,0,0,0,0,0,0.262156936,0.148648595
31,56,31056,0.016649781,0.001529614,0,0.0627396,0.000168696,3.00077783,283.4313247,0.205312377,0.746871274,0,2.157245897,1.1557296,8.662157222,,0,,,0,0,0,0,0.3855,0.0364,0,0.583332334
31,57,31057,0.003729551,0.000342634,0,0.012275139,4.67E-05,0.830657832,84.24388855,0.056833376,0.072333117,0,0.597156238,4.4665428,0.467979373,,0,,,0,0,0,0,0,0,0,2.816632792
31,58,31058,0.016440469,0.001510385,0,0.032246596,0.000143313,2.549248737,297.1479121,0.174418883,0.21699935,0,1.832643631,0.6172176,10.04023536,,0.065621096,,,0,0,0,0,0,0,0.715061538,0.757460268
31,59,31059,0.014651807,0.001346061,0,0.182860604,0.000313916,5.583946856,54.81682345,0.382052076,0,0,4.014274673,0.5209068,0.052665294,,0.113345529,118.6508641,,0,0,0,68.2,0.7101,0.067,1.72470001,0.021220617
31,60,31060,0.000133198,1.22E-05,0,0.000292265,5.99E-06,0.106543072,13.98590616,0.007289647,0,0,0.076593343,0.0600648,0.536152612,,0,,,0,0,0,0,0.4159,0.0392,0,0.110899882
31,61,31061,0.00521376,0.000478988,0,0.009060222,2.13E-05,0.37890631,10.51729666,0.025924663,0,0,0.272394069,0.31068,0.055935857,,0,,,0,0,0,0,0,0,0.2544632,0.66161399
31,62,31062,0.001084614,9.96E-05,0,0.006332413,2.80E-05,0.497238073,48.27045836,0.034020889,0,0,0.357462249,0.3200004,1.742911384,,0,,,0,0,0,0,0,0,0,0.119633182
31,63,31063,0.000932388,8.57E-05,0,0.002727809,3.12E-05,0.554846957,56.46945499,0.037962473,0.21699935,0,0.398877021,0.3334632,0.53219643,,0,,,0,0,0,0,0,0,0,0.066715116
31,64,31064,0.000209312,1.92E-05,0,0.000194843,9.78E-06,0.173938793,17.84957135,0.011900843,0,0,0.125043829,0.1977996,0.060661652,,0,,,0,0,0,0,0.3398,0.032,0,0.014286115
31,65,31065,0.00057085,5.24E-05,0,0.0089628,1.16E-05,0.206190872,6.159456183,0.014107522,0,0,0.148229705,0.8989008,0.227511604,,0,,,0,0,0,0,0,0,0,1.095599064
31,66,31066,0.000970444,8.92E-05,0,0.013054513,2.30E-05,0.409712606,51.15923099,0.028032421,0.289332466,0,0.294540578,0.0859548,1.242790886,,0,,,0,0,0,0,0,0,0,0.044917841
31,67,31067,0.002473682,0.000227257,0,0.006234991,5.84E-05,1.038739342,97.28601843,0.071070254,0,0,0.746745114,0.1926216,0.742063832,,0,,,0,0,0,0,0.7253,0.0684,0,0.119919947
31,68,31068,0.001389067,0.000127614,0,0.004968509,1.85E-05,0.328971196,26.16445249,0.022508117,0.003176337,0,0.236495937,0.2889324,0.298459002,,0,48.77378012,,0,0,0,0,0,0,0.000113981,0.100615964
31,69,31069,0.000951416,8.74E-05,0,0.004383978,5.25E-05,0.933753267,111.8719458,0.063887136,0,0,0.67127109,0.3438192,4.699530483,,0,,,0,0,0,0,0.3754,0.0354,0,0.227430787
31,70,31070,0.001636436,0.000150339,0,0.006624678,2.29E-05,0.406598612,46.27628123,0.027819363,0.144666233,0,0.292301942,4.5245364,0.610664187,,0,,,0,0,0,0,0,0,0,1.271203578
31,71,31071,0.000304453,2.80E-05,0,9.74E-05,9.94E-06,0.176830359,21.52618085,0.012098684,0,0,0.127122562,0.5571528,0.572685393,,0,,,0,0,0,0,0,0,0,0.112672611
31,72,31072,0.000894331,8.22E-05,0,0.002532965,1.09E-05,0.19329004,19.3138091,0.01322485,0,0,0.138955354,0.3748872,0.212848543,,0,,,0,0,0,0,0,0,0,0.103548267
31,73,31073,0.014328325,0.001316343,0,0.000876796,2.70E-05,0.480667177,66.82736454,0.032887113,0,0,0.345549506,0.0289968,1.633940631,,0,,,0,0,0,0,0,0,0,0.131286273
31,74,31074,0.001693521,0.000155584,0,0.003702026,2.18E-05,0.387358579,37.2234414,0.026502965,0,0,0.278470368,0.1004532,0.225446571,,0,,,0,0,0,0,0,0,0,0.083036742
31,75,31075,0.019903623,0.001828545,0,0.005260774,3.76E-05,0.668507729,83.65842789,0.045739111,0,0,0.480587246,0.3500328,1.441525123,,0,,,0,0,0,0,0,0,0,0.081701981
31,76,31076,0.007535215,0.00069226,0,0.006429835,0.000100035,1.779424997,177.1148048,0.121747759,0,0,1.279220753,0.5271204,1.693393198,,0,0.017163882,,0,0,0,0,1.2732,0.1201,0,0.131234133
31,77,31077,0.000913359,8.39E-05,0,0.002532965,1.59E-05,0.28226129,32.67111707,0.019312238,0,0,0.202916392,0.6648552,0.366962102,,0,,,0,0,0,0,0.629,0.0593,0,0.139263556
31,78,31078,0.002055059,0.000188798,0,0.005163352,2.34E-05,0.415606951,39.79798992,0.028435711,0,0,0.298777997,0.196764,0.304384964,,0,,,0,0,0,0,0.563,0.0531,0,0.103496128
31,79,31079,0.043612911,0.004006716,0,0.05884273,0.000242647,4.316217759,496.2814579,0.295314407,2.76152157,0,3.102909838,1.910682,14.77002838,,0.031319159,5.54523758,,0,0,0,0,0.2029,0.0191,0.166754608,1.344286965
31,80,31080,0.028656651,0.002632685,0,0.008280848,5.95E-05,1.058424231,117.402062,0.072417089,0,0,0.760896494,1.7719116,1.073915681,,0,,,0,0,0,0,0,0,0,0.09463248
31,81,31081,0.003938862,0.000361863,0,0.002630387,1.93E-05,0.343095382,45.36079896,0.02347449,0,0,0.246649751,0.046602,1.371947256,,0,0.51491646,,0,0,0,0,0,0,0,0.096665905
31,82,31082,0.001046558,9.61E-05,0,0.0067221,2.16E-05,0.384467013,27.05450304,0.026305125,0,0,0.276391634,0.1988352,0.21339468,,0,,,0,0,0,0,0,0,0.092438815,0.075598577
31,83,31083,0.000856274,7.87E-05,0,0.026303869,1.04E-05,0.185838698,10.717927,0.012715032,0,0,0.133598617,0.098382,0.031305098,,0,,,0,0,0,0,0,0,0,0.009645735
31,84,31084,0.005118618,0.000470247,0,0.005845304,4.35E-05,0.773271375,89.46557928,0.05290701,0,0,0.555901368,1.2385776,1.356474866,,0,,,0,0,0,0,0.1116,0.0105,0,0.479940484
31,85,31085,0.024565562,0.002256837,0,0.00730663,9.37E-05,1.66587544,212.5055615,0.11397873,0,0,1.197590478,0.1688028,4.270464048,,0,1.7163882,,0,0,0,0,0,0,0.199182281,1.867401237
31,86,31086,0.000951416,8.74E-05,0,0.000681952,1.30E-05,0.231436464,23.28176663,0.015834818,0,0,0.166378649,0.1750164,0.239159311,,0,,,0,0,0,0,0,0,0,0.082588346
31,87,31087,0.000932388,8.57E-05,0,0.002630387,2.86E-05,0.508248265,47.69459042,0.034774204,0,0,0.365377427,0.2682204,0.337626398,,0,,,0,0,0,0,0,0,0,0.038210666
31,88,31088,0.000361538,3.32E-05,0,0.001461326,1.24E-05,0.22120477,21.68984534,0.015134768,0,0,0.15902313,0.186408,0.239830338,,0,,,0,0,0,0,0,0,0,0.052217316
31,89,31089,0.037904415,0.003482277,0,0.084951756,0.000232287,4.131936058,320.2899916,0.282705905,0,0,2.970430539,2.2503588,1.839071242,,0.016405274,,,0,0,0,0,1.1058,0.1043,0.247510342,0.191976194
31,90,31090,0.000494736,4.55E-05,0,0.000389687,4.13E-05,0.735458594,76.40833424,0.050319871,0,0,0.528717927,0.093204,0.528799698,,0,19.36773494,,0,0,0,0,0,0,0,0.035115689
31,91,31091,0.005765581,0.000529684,0,0.052412895,6.40E-05,1.137608644,130.3137819,0.077834864,0,0,0.817821817,0.1574112,3.454176561,,0,,,0,0,0,0,0.7203,0.0679,0.006325961,0.211006968
31,92,31092,0.001560322,0.000143347,0,0.001558748,4.20E-05,0.747469713,99.68904762,0.051141668,0,0,0.537352667,0.1719096,4.608766364,,0,,,0,0,0,0,0,0,0,0.220131312
31,93,31093,0.032728712,0.003006785,0,0.020848252,0.000103811,1.846598291,103.3287164,0.126343737,0,0,1.327511336,0.2961816,0.234383558,,0,15.53577186,,0,0,0,0,0.5884,0.0555,0,0.12031099
31,94,31094,0.00487125,0.000447521,0,0.001461326,2.82E-05,0.501019351,66.1322722,0.034279603,0.003176337,0,0.360180593,0.02589,1.994191764,,0,,,0,0,0,0,0,0,0,0.14604164
31,95,31095,0.003710523,0.000340886,0,0.003312339,3.18E-05,0.565078651,42.78118642,0.038662523,0,0,0.40623254,0.248544,0.242054519,,0,11.13327778,,0,0,0,0,0.3754,0.0354,0.8321773,0.039314973
31,96,31096,0.036134781,0.0033197,0,0.108625239,0.000457022,8.129525529,776.6740748,0.556219854,4.701652575,0,5.844279911,63.3238332,8.414618131,,0.208794396,259.9648614,,0,0,0,0,0.2942,0.0277,0.30723837,11.67746502
31,97,31097,0.001103643,0.000101392,0,0.002922652,2.06E-05,0.365894265,38.77048481,0.025034383,0,0,0.263039767,0.4214892,1.161902269,,0,,,0,0,0,0,1.3695,0.1291,0,0.453792722
31,98,31098,0.010922256,0.001003427,0,0.015197791,8.89E-05,1.580796682,179.8620018,0.108157665,1.380681888,0,1.136427736,0.5789004,4.810694541,,0,,,0,0,0,0,0,0,0.02057362,0.659976822
31,99,31099,0.004148174,0.000381093,0,0.001558748,1.91E-05,0.338869248,44.83163325,0.023185339,0,0,0.243611602,0.072492,2.226181237,,0,,,0,0,0,0,0.3703,0.0349,0.05265935,0.117599757
31,100,31100,0.000875303,8.04E-05,0,0.002143278,1.96E-05,0.34932337,32.14426329,0.023900607,0,0,0.251127024,0.139806,0.126813131,,0,1.195981395,,0,0,0,0,0,0,0.27503682,0.021950564
31,101,31101,0.148002278,0.013596962,0,0.059427261,0.00034544,6.144688158,224.9303308,0.420417839,0.072333117,0,4.417389113,0.4577352,14.06313365,,0.156595797,38.3044121,,0,0,0,0,0.9942,0.0937,0.130793515,0.101254147
31,102,31102,0.04486878,0.004122093,0,0.124017874,0.000469996,8.360294708,616.5547048,0.572009017,0.072333117,0,6.010178852,2.3684172,,,0.492158218,4.251957651,,0,0,0,0,0.6949,0.0655,1.178215781,0.650956756
31,103,31103,0.001217813,0.00011188,0,0.00282523,1.88E-05,0.334087043,32.49494672,0.022858142,0,0,0.240173696,0.1335924,0.670360266,,0,,,0,0,0,0,0,0,0,0.035246037
31,104,31104,0.000380566,3.50E-05,0,0.001363904,8.98E-05,1.596477865,208.0177827,0.109230567,0,0,1.147700869,0.434952,10.783583,,0,,,0,0,0,0,0,0,0,0.717173423
31,105,31105,0.001141699,0.000104888,0,0.003604604,1.74E-05,0.310064806,24.6303987,0.021214547,0,0,0.222904216,0.0973464,0.095650633,,0,,,0,0,0,0,0,0,0,0.039515708
31,106,31106,0.000856274,7.87E-05,0,0.004773665,1.29E-05,0.229768253,20.99731551,0.015720679,0,0,0.16517938,0.5561172,0.53995296,,0,0.34327764,,0,0,0,0,0,0,0,0.123986797
32,1,32001,0.000951416,8.74E-05,0,0.006819522,3.43E-05,0,15.36373953,0.041797527,2.390169183,0,0.439172475,1.5109404,24.93507357,,0.001176048,,,0,0,0,0,0,0,0,2.814414997
32,2,32002,0.000589878,5.42E-05,0,0.002045857,2.91E-05,0,27.55793729,0.035360115,2.09766038,0,0.371533677,1.651782,24.1972573,,0.000843687,,,0,0,0,0,0,0,0,3.674375135
32,3,32003,0.000551821,5.07E-05,0,0.002045857,1.61E-05,0,10.86032031,0.019639435,7.811976587,0,0.206354298,4.4292612,11.10939475,,0.000646129,,,0,0,0,0,0,0,0,1.759009373
32,4,32004,0.001408096,0.000129362,0,0.006040148,2.33E-05,0,19.74362637,0.0283444,4.19532076,0,0.297818581,4.0419468,8.997121757,,0.000751493,,,0,0,0,0,0,0,0,1.774043641
32,5,32005,0.089946872,0.008263414,0,0.042865565,0.000240765,0,10.06244701,0.293024028,36.16655827,0,3.078844498,2.9348904,163.7669869,,0.00654574,,,0,0,0,0,0.4738,0.0447,0.205063086,30.28954003
32,6,32006,0.001141699,0.000104888,0,0.007404052,4.78E-05,0,7.734860679,0.058142164,27.50377172,0,0.610907861,1.2882864,117.5662303,,0.001526229,,,0,0,0,0,1.6109,0.1519,0,23.78421221
32,7,32007,0.001560322,0.000143347,0,0.016756539,7.66E-05,0,31.51658934,0.093274002,2.321012403,0,0.980042999,2.6190324,53.64084815,,0.002274623,,,0,0,0,0,1.1466,0.1081,0.115474263,4.807958953
32,8,32008,0.001940889,0.000178309,0,0.009157643,7.18E-05,0,17.06618298,0.0874225,9.186305801,0,0.918560452,1.884792,49.2158389,,0.001901201,7.14851748,,0,0,0,0,0.6728,0.0634,0,5.35219946
32,9,32009,0.001084614,9.96E-05,0,0.007598896,6.22E-05,0,20.02951327,0.075696669,26.32925442,0,0.795355503,6.5491344,181.1471415,,0.001991845,52.14410795,,0,0,0,0,0.4501,0.0424,4.35E-05,23.31063276
32,10,32010,0.111011223,0.010198595,0,0.228064291,0.001288382,0,158.8750764,1.568027431,281.5535587,0,16.47548383,18.8054604,1258.504372,,0.035680442,,,0,0,0,0,2.2884,0.2158,6.785427833,231.783312
32,11,32011,0.001103643,0.000101392,0,0.005358196,1.76E-05,0,7.894995908,0.021419996,1.301996098,0,0.225062901,1.9148244,10.88403973,,0.000653102,,,0,0,0,0,0,0,0,1.398186937
32,12,32012,0.000513765,4.72E-05,0,0.00282523,4.51E-05,0,25.29138231,0.054931067,6.437647373,0,0.577168413,1.0552764,80.99488768,,0.001218659,,,0,0,0,0,0.5212,0.0491,0,8.74994406
32,13,32013,0.00057085,5.24E-05,0,0.003507183,3.60E-05,0,0.686520391,0.043783538,12.15196358,0,0.460039763,0.4939812,130.8243282,,0.001082305,,,0,0,0,0,0.4975,0.0469,0,23.00243026
32,14,32014,0.001769634,0.000162576,0,0.005845304,0.000124712,0,17.37040828,0.151781409,83.07914534,0,1.594788522,6.6910116,412.3682491,,0.003851985,,,0,0,0,0,1.8099,0.1707,0.029834055,74.33092514
32,15,32015,0.00011417,1.05E-05,0,0.000389687,9.46E-06,0,5.709020326,0.011512772,3.258166581,0,0.120966312,2.8157964,18.88019186,,0.000403637,,,0,0,0,0,0,0,0,2.758788205
32,16,32016,0.002188257,0.000201035,0,0.006332413,0.000129495,0,31.06604333,0.157602474,21.77226808,0,1.655951264,2.20065,170.8789564,,0.003848886,,,0,0,0,0,0,0,0.000491749,29.13490824
32,17,32017,0.079747692,0.007326416,0,0.172826165,0.000882671,0,25.0108064,1.074256568,64.33085705,0,11.28736421,3.1451172,228.4497021,,0.024126037,,,0,0,0,0,1.0708,0.101,1.945554344,50.31368177
32,18,32018,0.000266396,2.45E-05,0,0.0022407,2.50E-05,0,17.09918692,0.030459767,4.19532076,0,0.320045042,1.5782544,33.53868421,,0.000859956,,,0,0,0,0,0,0,0,0.518682251
32,19,32019,0.008087036,0.000742956,0,0.032344017,0.00014003,0,54.4281583,0.170424035,7.305644771,0,1.7906692,3.7716552,63.47694557,,0.004425289,,,0,0,0,0,0,0,0.020193929,6.565464899
32,20,32020,0.032100777,0.002949097,0,0.113886013,0.000318905,0,56.36627954,0.388124246,51.31407241,0,4.078075808,5.447256,247.4428317,,0.010805236,,,0,0,0,0,0,0,0.079373034,26.43325025
32,21,32021,0.000399595,3.67E-05,0,0.000681952,2.94E-05,0,48.47647392,0.035732967,3.688988944,0,0.375451291,5.6119164,48.84673884,,0.000767763,,,0,0,0,0,0,0,0,6.539906643
32,22,32022,0.006812139,0.000625831,0,0.033318235,0.000111608,0,4.428169371,0.135832453,31.17557323,0,1.427210603,2.5040808,343.9735529,,0.003355379,,,0,0,0,0,0,0,0,63.26871063
32,23,32023,0.003976919,0.000365359,0,0.021725048,6.97E-05,0,26.95877252,0.08483536,2.459325963,0,0.891377011,3.3429168,24.48353838,,0.002567473,,,0,0,0,0,0,0,0,2.964757678
32,24,32024,0.008543716,0.000784911,0,0.045593374,0.000285156,0,27.33451353,0.347049596,19.68413671,0,3.646498707,2.1996144,194.4678273,,0.007016004,,,0,0,0,0,0.5591,0.0527,0,13.58195784
32,25,32025,0.01031335,0.000947487,0,0.016366852,6.64E-05,0,3.881936745,0.080802466,15.05799359,0,0.849002823,2.9649228,54.78357108,,0.001905849,,,0,0,0,0,0.2274,0.0214,0.010847407,8.792040011
32,26,32026,0.000171255,1.57E-05,0,0.004091713,9.44E-05,0,132.5870358,0.114899447,7.744283352,0,1.207264585,4.3971576,199.6637531,,0.00284173,,,0,0,0,0,2.2837,0.2153,1.234491722,20.902143
32,27,32027,9.51E-05,8.74E-06,0,0.000487109,1.56E-05,0,25.73981888,0.018931776,0.361665583,0,0.198918827,0.8450496,11.79538534,,0.000443149,,,0,0,0,0,0,0,0,1.280919646
32,28,32028,0.000247368,2.27E-05,0,0.00165617,1.46E-05,0,22.14251626,0.017798,0.361665583,0,0.187006084,2.4264108,10.19108138,,0.000501254,,,0,0,0,0,0,0,0,1.285429926
32,29,32029,0.015736421,0.001445704,0,0.017048804,0.0001256,0,5.894836882,0.15286192,97.36037487,0,1.606141606,7.5194916,526.5110845,,0.003511876,,,0,0,0,0,0,0,0,80.43333458
32,30,32030,0.000723076,6.64E-05,0,0.004676243,1.61E-05,0,5.976016317,0.019563343,3.833655177,0,0.205554785,2.651136,8.887635484,,0.000586475,51.47595306,,0,0,0,0,0,0,0,1.127570111
32,31,32031,0.001560322,0.000143347,0,0.019874035,5.31E-05,0,16.00584741,0.064610014,18.58961095,0,0.678866463,6.1431792,67.51423213,,0.001900426,34.40837292,,0,0,0,0,0,0,0.001916375,8.91983129
32,32,32032,0.006374487,0.000585624,0,0.009742174,7.03E-05,0,1.428426226,0.085565847,19.52994147,0,0.899052335,1.325568,78.0693211,,0.002006565,,,0,0,0,0,0.578,0.0545,2.542258863,20.13990561
32,33,32033,0.000532793,4.89E-05,0,0.007404052,2.72E-05,0,20.7658954,0.033084953,2.603992196,0,0.34762824,6.5222088,16.34101466,,0.001001733,,,0,0,0,0,0,0,0.000737624,2.820428704
32,34,32034,0.00724979,0.000666038,0,0.032344017,0.000155617,0,64.80749865,0.189393857,10.4883019,0,1.989987783,7.0016916,77.39316351,,0.005198475,0.26151941,,0,0,0,0,0,0,0,9.862479903
32,35,32035,0.000152227,1.40E-05,0,0.001753591,7.96E-05,0,25.48848864,0.096880779,18.90525282,0,1.017939914,1.361814,90.34113411,,0.002266101,,,0,0,0,0,0.6917,0.0652,0,10.70289549
32,36,32036,0.010389463,0.000954479,0,0.029616209,0.00023013,0,48.57571256,0.280080719,32.84558758,0,2.942847341,4.8290028,193.5014243,,0.006342759,,,0,0,0,0,0.2795,0.0264,0.033091196,31.00066091
32,37,32037,0.006355459,0.000583876,0,0.003702026,9.68E-05,0,14.61399999,0.117844221,49.55136117,0,1.238205737,0.3324276,228.1662515,,0.00269453,,,0,0,0,0,0,0,0,37.00685104
32,38,32038,0.003425098,0.000314664,0,0.013736465,0.000416614,0,281.2190101,0.507041369,105.3545689,0,5.327554678,12.6571032,811.4606828,,0.011191054,,,0,0,0,0,2.4684,0.2328,0.009224336,72.6861762
32,39,32039,0.014975288,0.001375779,0,0.062447335,0.000346609,0,18.45757626,0.421840766,111.3582176,0,4.432340005,8.88027,602.6407024,,0.010796713,,,0,0,0,0,2.4874,0.2345,0.024789941,114.4859519
32,40,32040,0.001465181,0.000134606,0,0.004383978,0.000116691,0,64.02235918,0.142018761,59.75668328,0,1.492211008,3.6598104,317.7115497,,0.003146201,,,0,0,0,0,1.4308,0.1349,0,46.5415839
32,41,32041,0.000285425,2.62E-05,0,0.000292265,1.79E-05,0,22.65393566,0.02178524,0.723331165,0,0.228900563,0.4515216,25.41895254,,0.000534567,,,0,0,0,0,1.3029,0.1229,0,2.865531508
32,42,32042,0.011550191,0.001061115,0,0.054166487,0.000352279,0,91.95950363,0.428742342,206.4007564,0,4.504855832,15.1114752,1728.674398,,0.010941589,,,0,0,0,0,2.8759,0.2712,2.008018146,229.9791998
32,43,32043,0.000266396,2.45E-05,0,0.000779374,7.40E-06,0,4.093770485,0.009009334,0.144666233,0,0.094662336,1.2768948,3.473767985,,0.000245591,2.43865064,,0,0,0,0,0,0,0.000121831,0.353305301
32,44,32044,0.01801982,0.00165548,0,0.012567404,8.96E-05,0,42.32774469,0.109055555,4.629319459,0,1.145861989,2.733984,31.89061928,,0.002729393,,,0,0,0,0,0,0,0,3.391730894
32,45,32045,0.001788662,0.000164324,0,0.012567404,4.72E-05,0,35.19447232,0.057434505,10.70530125,0,0.60347239,11.9311476,29.00682062,,0.001626944,,,0,0,0,0,0,0,0,4.698208795
32,46,32046,0.000589878,5.42E-05,0,0.006040148,4.19E-05,0,22.13209288,0.050997092,7.601329911,0,0.535833593,4.3660896,75.48500854,,0.001527778,0.86631646,,0,0,0,0,0,0,0,9.500154041
32,47,32047,0.002226314,0.000204531,0,0.009157643,3.15E-05,0,17.77552277,0.038312498,4.434554467,0,0.402554781,17.6279832,14.7770509,,0.001107872,,,0,0,0,0,0,0,0,4.653105991
32,48,32048,0.009666387,0.00088805,0,0.057186561,0.000130177,0,66.41484879,0.15843188,10.9223006,0,1.664665956,1.7833032,41.56370172,,0.004193643,,,0,0,0,0,0,0,0.010912491,5.446915349
32,49,32049,0.007573272,0.000695756,0,0.027083243,0.000196044,0,106.2749466,0.23859517,36.32841194,0,2.50695287,20.9108352,331.8318503,,0.006198658,,,0,0,0,0,0,0,0.035861527,27.753259
32,50,32050,0.000646963,5.94E-05,0,0.001169061,5.51E-05,0,3.27744693,0.067044969,11.06696683,0,0.704450878,0.3686736,99.33992804,,0.001445656,,,0,0,0,0,0,0,0.083413524,16.38584885
32,51,32051,0.003881777,0.000356619,0,0.01402873,0.00018816,0,54.14785804,0.228999925,94.15971622,0,2.406134284,2.1105528,946.4070975,,0.005499847,,,0,0,0,0,2.0468,0.193,0.114286042,108.3910596
32,52,32052,0.002663965,0.000244738,0,0.007598896,0.000108082,0,37.10365508,0.131540844,4.701652575,0,1.382118072,1.0573476,80.20262374,,0.002795246,,,0,0,0,0,0,0,0,10.59915904
32,53,32053,0.001389067,0.000127614,0,0.004091713,7.18E-05,0,8.762310855,0.087376845,12.25101314,0,0.918080744,0.6928164,90.65752992,,0.002100308,,,0,0,0,0,0,0,0,14.43139399
32,54,32054,0.001084614,9.96E-05,0,0.007404052,0.000107688,0,43.05231224,0.131061462,10.85632016,0,1.37708114,0.2910036,96.07404578,,0.002865746,,,0,0,0,0,0.3364,0.0317,0,11.29825251
32,55,32055,0.005499185,0.00050521,0,0.023868326,0.000172817,0,61.2552034,0.210326862,25.05397477,0,2.209933801,9.0728916,236.2078909,,0.005681135,,,0,0,0,0,0,0,0.001005193,30.53610203
32,56,32056,0.053735978,0.004936721,0,0.460512559,0.000859501,0,10.23789413,1.046056743,21.2691126,0,10.99106471,4.722336,92.49591059,,0.025065791,,,0.004736733,1.28934,0.503,0,0.8433,0.0795,4.835567979,13.77890675
32,57,32057,0.0021502,0.000197539,0,0.00954733,0.00010378,0,36.92175418,0.12630569,8.535307752,0,1.32711158,1.11327,51.56063611,,0.002354421,,,0,0,0,0,0,0,0,12.66637091
32,58,32058,0.000875303,8.04E-05,0,0.003799448,1.53E-05,0,10.88590065,0.018619798,2.242326613,0,0.195640824,1.0055676,9.419396022,,0.000533793,,,0,0,0,0,0,0,0,0