CVE ESTADO,CVE MUNICIPIO,Emisiones de PM25,,,,,,,,,,,,,,,,,,,,,,,,,
,,Comb_ind_LPG,Comb_ind_Diesel,Comb_comer_NG,Comb_comer_LPG,Comb_res_GN,Comb_res_lena,Comb_res_keroseno,Comb_res_LPG,Comb_agricola,Construccion,Asados_al_carbon,Ganaderia,Labranza,Qmas_agricolas,Incend_cosntruc,Incend_forest,Cruces_front,Terminales de autobuses,,Aviacion,Equipo basico aeropouertos,Embarcaciones marinas,Locomotoras de arrastre,Locomotoras de patio,Maq Contruc,Maq Agricola
25,Mg_per_year,2102007000,2102004000,2103006000,2103007000,2104006000,2104008000,2104011000,2104007000,2801000000,2311010000,2302002000,2805020000,2801000002,2801500250,2810030000,2810001000,2222222222,2801500002,2275000000,2275050000,2280000000,2285000000,2285002010,2260002000,2270005000,
1,1,1001,0.897642,0.020616581,0.120885484,1.575894047,11.10189366,25.82310966,0.003648241,5.814414244,66.20068332,123.8354229,48.76219484,2.756887537,44.82823441,,0.023676145,134.4144148,,0.010696458,1.43442,0.661,0,3.1953,0.3023,28.20626143,33.92309756
1,2,1002,0.002093115,4.81E-05,0.001427369,0.018607552,0.600420424,38.29178318,0.000197307,0.314459242,31.46808203,5.466652458,2.637191332,0.19667556,34.96696235,,0,,,0,0,0,0,1.5808,0.1495,0,22.6073281
1,3,1003,0.03954085,0.000908154,0.004461464,0.058160778,0.706989747,52.49304913,0.000232327,0.370272981,9.981970083,14.84034783,3.105269501,0.561169892,10.19456292,,0,65.43527447,,0,0,0,0,0,0,0.295698996,3.994786948
1,4,1004,0.007116592,0.00016345,0.000336291,0.004383978,0.205467397,7.402721272,6.75E-05,0.1076098,16.92594927,1.657598554,0.902462368,0.928620863,11.22685078,,0,,,0,0,0,0,1.0336,0.0978,0.59302148,7.039764413
1,5,1005,0.268013897,0.006155606,0.007988785,0.104143839,1.336802092,10.74102589,0.000439292,0.700125705,18.31746592,36.72886339,5.87155724,1.39754365,17.08575222,,0,107.0633001,,0,0,0,0,0,0,0.290836874,13.26194772
1,6,1006,0.021730342,0.000499091,0.003108825,0.040527443,0.595131913,5.690250753,0.000195569,0.311689481,20.90427068,8.141107044,2.613962913,0.454139597,12.4632015,,0,2.310763416,,0,0,0,0,0.6012,0.0569,0.469483989,9.516718558
1,7,1007,0.042528297,0.000976768,0.003960763,0.051633522,0.682784635,14.62145059,0.000224373,0.357595995,32.55307878,8.562792293,2.998954814,0.423272296,19.2723008,,0,2.89538781,,0,0,0,0,0.8242,0.078,0.866537235,13.45749673
1,8,1008,0.003044531,6.99E-05,0.000807099,0.010521548,0.113020144,9.594232662,3.71E-05,0.059192238,4.629319459,0.595757545,0.496411735,1.257517274,7.256282309,,0,0.856463415,,0,0,0,0,0,0,0,4.994880464
1,9,1009,0.006317402,0.000145095,0.000799626,0.010424126,0.252497376,5.596264532,8.30E-05,0.132240894,18.87894342,1.256841098,1.10902938,0.170302349,23.20919227,,0,0.849570735,,0,0,0,0,0,0,0,12.28606503
1,10,1010,0.005251817,0.000120621,0.000567959,0.007404052,0.256943213,0,8.44E-05,0.13456932,35.22940409,3.331235229,1.128556568,0.211222219,36.36547938,,0,0.574203654,,0,0,0,0,0,0,0,29.13680271
1,11,1011,0.11228612,0.00257893,0.002458662,0.032051752,0.482692924,0,0.00015862,0.252801612,14.32195708,12.10936864,2.120103751,0.078528305,9.448881777,,0,,,0,0,0,0,1.3984,0.1323,0,7.186891764
2,1,2001,0.396531175,0.009107325,1.88476656,0.766903928,55.58075542,44.69593543,0.00212528,3.387182443,81.46891655,21.53430777,28.40637823,1.050197818,165.939716,,0,1076.153357,,0,0,0,241.2,0,0,4.920861606,96.27851418
2,2,2002,1.386289275,0.031839581,3.262188056,1.327371192,113.4641976,57.54073297,0.004338609,6.914694396,213.17628,0,57.98962049,29.86535523,470.069267,,0.672681075,,0.241949986,0.004335386,0.01872,0.015,0,4.5049,0.4262,53.28589006,218.7064452
2,3,2003,0.216237836,0.00496644,0.451798082,0.183834821,12.73494912,8.527183337,0.000486955,0.776088697,5.214337065,0,6.508615776,0.186859522,4.164005287,,0,68.7716468,,0,0,0,0,1.5092,0.1428,1.02992711,3.862269139
2,4,2004,3.216794697,0.073881691,5.820222346,2.368225049,192.2949473,32.39929584,0.007352915,11.71876965,14.24962396,294.4763437,98.27867515,0.998752316,6.344045327,,1.465135591,30.90901107,0.518179928,0.004335386,7.36749,2.188,0,2.6426,0.25,47.29018755,2.115246976
2,5,2005,0.125453718,0.002881357,0.648367358,0.263818069,10.41752875,0,0.000398342,0.634861297,4.215684531,0,5.324221662,0.819816585,3.571871514,,0.208907166,,,0,0,0,8.6,0,0,0.425333672,1.517904503
3,1,3001,0.033889439,0.000778355,0,0.100539234,0,21.73539323,0.000299503,0.477334916,57.4040653,8.462456239,4.003137237,1.203942994,63.68566655,,0,,,0,0,0,28.2,0,0,0.154343098,79.29040964
3,2,3002,0.049549747,0.001138033,0,0.090504795,0,6.516265351,0.000266602,0.424899678,6.220648023,0,3.563392634,0.304770245,3.75925466,,0,0.550570722,,0,0,0,95.5,0,0,8.560230031,7.643158569
3,3,3003,0.078777248,0.001809315,0,0.540982916,0,48.33464319,0.001087025,1.732455389,20.64800733,116.052631,14.52912085,0.939028229,3.850509615,,0.376386625,1.981671326,,0.006997048,2.93319,0.927,6.5,0,0,5.784986871,9.90136451
3,8,3008,0.050596305,0.00116207,0,2.282396498,0,24.37910202,0.000923292,1.471504286,6.096345561,25.55596458,12.34067194,0.874810051,1.283001733,,0.279273434,2.08202619,,0,1.21212,0.969,25.4,0,0,0,5.096420448
3,9,3009,0.004129146,9.48E-05,0,0.075794113,0,0,5.68E-05,0.090489022,1.229662981,0,0.758880108,0.263377313,0.510028449,,0.019806444,,,0,0.01872,0.015,3.7,0,0,0,1.012806837
4,1,4001,0.06469629,0.001485911,0,0.061375695,127.6726233,453.9539778,0.000245289,0.390932053,0.072333117,0.570331255,3.278525429,0.249776778,5.875643965,,0.004084815,,,0,0,0,0,1.4444,0.1366,0.014238663,6.047228784
4,2,4002,0.141627791,0.003252834,0,0.539716433,618.4105416,292.9006399,0.001188113,1.89356572,13.46348869,25.33338675,15.88026183,1.22251068,22.58333704,,0.0231074,10.2674835,,0.007672604,0,0.034,59.7,3.3155,0.3137,8.782397114,24.81375728
4,3,4003,0.041234371,0.00094705,0,0.914205597,536.2344612,427.0348713,0.001030234,1.641943539,19.91066507,37.43845248,13.7700493,2.360579779,16.34654557,,0.01875918,0.93320505,,0,0.00702,0.013,12.6,0,0,10.44708505,10.62395211
4,4,4004,0.047989425,0.001102196,0,0.111937578,196.9810448,680.4440836,0.000378447,0.603153615,8.864062011,1.58953433,5.058307316,0.843114892,39.83672508,421.7422211,0.006758877,,,0,0,0,0,4.3754,0.4139,1.412928903,86.46866518
4,5,4005,0.014004844,0.000321656,0,0.026985822,70.24777554,231.3218382,0.000134963,0.215097853,17.80982835,0.357728349,1.803903707,0.118975113,11.49059232,,0.002208749,,,0,0,0,0,1.4069,0.1331,0.090543296,18.59314298
4,6,4006,0.004281372,9.83E-05,0,0.027667774,92.6133472,429.5077086,0.000177932,0.283580967,59.26623314,0.875837914,2.378232749,0.882970372,60.63855042,,0.002627752,111.3624693,,0,0,0,0,0,0,0.226723333,61.28360119
4,7,4007,0.001503237,3.45E-05,0,0.013931309,20.69560898,59.50189552,3.98E-05,0.063369708,3.616655827,0,0.531445807,1.666361177,13.46586439,,0.000763171,,,0,0,0,0,0,0,0,16.13793865
4,8,4008,0.014366382,0.00032996,0,0.0089628,23.38693277,90.34488842,4.49E-05,0.07161051,3.189009802,0.285556801,0.600556735,0.07285156,6.007442124,,0.000732792,,,0,0,0,0,0.952,0.0901,0.493241906,8.932625477
4,9,4009,0.013205655,0.000303301,0,0.076865752,119.4942793,0,0.000229577,0.365890061,5.145180285,0,3.068512443,2.861789053,16.87123037,,0.004255232,111.8880934,,0,0,0,0,2.5652,0.2427,3.368721735,25.20959968
4,10,4010,0.000989473,2.27E-05,0,0.022796687,60.87411595,69.9399445,0.000116954,0.186395819,0.616216138,0,1.563196024,0.141209031,13.14577781,,0.001816791,3.7328202,,0,0,0,0,2.0634,0.1952,0,3.02606796
4,11,4011,0.003406069,7.82E-05,0,0.028934256,88.52044759,101.7035746,0.000170069,0.271048557,9.988322757,0,2.273130534,2.527334162,11.94149517,,0.003128259,82.27757858,,0,0,0,0,0,0,0,3.112760718
5,1,5001,0.000209312,4.81E-06,0,0,0.063363432,0.300403617,4.41E-06,0.007030933,3.037990895,0,0.058964448,0.115663679,9.809618636,,0,,,0,0,0,0,0.749,0.0709,0,0
5,2,5002,0.315070934,0.007236388,0,0.145255813,9.155124482,8.384458876,0.000637406,1.015870908,3.347687132,0,8.519533195,1.742760703,3.077532621,,0,148.5491723,0.035961301,0,0,0,0,0.6568,0.0621,0.483216111,113.3444689
5,3,5003,0.015470025,0.000355308,0,0.01851013,1.357719259,0.575897471,9.45E-05,0.150655242,2.820991545,0,1.263460078,0.161432435,16.26880935,,0,11.4807,,0,0,0,0,0,0,0.020335025,0
5,4,5004,0.046638414,0.001071167,0,0.018120443,1.374657319,47.02677522,9.57E-05,0.152534723,17.35823518,0,1.27922222,0.166636118,37.22066844,,0,118.9916126,,0,0,0,0,0,0,0.259089874,0
5,5,5005,0.000380566,8.74E-06,0,0.001169061,0.115137665,2.957418666,8.02E-06,0.012775905,1.739171134,0,0.107144274,0.258291896,4.182846149,,0,7.5696366,,0,0,0,0,0,0,0,0
5,6,5006,0.037790245,0.000867947,0,0.011690609,1.680708183,17.493373,0.000117016,0.186494739,3.429549259,0,1.56402561,0.623495821,13.7304414,,0,13.67253538,,0,0,0,0,3.192,0.302,0.122726025,0
5,7,5007,0.013643306,0.000313352,0,0.016561696,0.843885711,19.40513246,5.88E-05,0.093639245,5.217513402,0,0.785299243,0.367332705,19.74496269,,0,7.710568803,,0,0,0,0,6.2169,0.5881,0.054659025,0
5,8,5008,0,0,0,0,0.183507083,4.03620158,1.28E-05,0.020362313,2.965657778,0,0.170767168,0.260775472,5.154790847,,0,0.66922683,,0,0,0,0,1.4001,0.1325,0,0
5,9,5009,0.020093907,0.000461507,0,0.044424313,3.733710817,21.04066825,0.000259952,0.414300014,22.04270032,0,3.474499261,3.133326687,40.74467589,,0,,,0,0,0,0,0,0,0.000378255,0
5,10,5010,0.24531311,0.005634226,0,0.053387113,4.940770487,2.872810349,0.000343991,0.548237767,2.265866721,0,4.597759239,0.031103832,6.836351544,,0,,,0,0,0,0,0.6626,0.0627,0.080005815,68.53954467
5,11,5011,0.001236841,2.84E-05,0,0.00837827,0.776064895,55.87841522,5.40E-05,0.086113712,9.714871974,0,0.722186863,0.256990975,30.37011988,,0,,,0,0,0,0,4.2176,0.399,0.024063113,0
5,12,5012,0.001579351,3.63E-05,0,0.001461326,0.125286786,0.52516832,8.72E-06,0.013902072,3.113500348,0,0.116588796,2.26975186,5.528217698,,0,652.9707452,,0,0,0,0,0,0,0,0
5,13,5013,0.00034251,7.87E-06,0,0.002338122,0.107662975,0.395510204,7.50E-06,0.011946499,1.301996098,0,0.100188511,0.860263392,1.831484626,,0,,,0,0,0,0,0,0,0.500400694,0
5,14,5014,0.002625908,6.03E-05,0,0.00389687,0.6709392,2.267381658,4.67E-05,0.074448754,4.19532076,0,0.624359483,0.999107113,10.86626899,,0,50.11246548,,0,0,0,0,2.7944,0.2644,0,0
5,15,5015,1.90E-05,4.37E-07,0,9.74E-05,0.091410666,0.340025833,6.36E-06,0.01014311,0.877526409,0,0.085064513,0.102063144,2.823354283,,0,,,0,0,0,0,0,0,0,0
5,16,5016,0.000742105,1.70E-05,0,0.00058453,0.115274816,0.722605975,8.03E-06,0.012791124,1.157329865,0,0.107271902,0.022115652,1.961706373,,0,,,0,0,0,0,0,0,0,0
5,17,5017,0.075846886,0.001742012,0,0.045983061,7.079903501,16.31765186,0.000492923,0.785600241,31.26696437,0,6.588383698,6.370963562,47.54317709,,0,,,0,0,0,0,0,0,0.293576535,0
5,18,5018,0.28599566,0.006568602,0,0.292265217,13.92390851,8.188672159,0.000969422,1.545024714,3.423196586,0,12.95724607,0.253916071,5.220133366,,0,1.11652683,,0,0,0,0,0.3572,0.0338,7.900035472,0
5,19,5019,0.002816191,6.47E-05,0,0.00506593,0.493809606,0.873644219,3.44E-05,0.054794101,1.374329214,0,0.459527048,0.259356285,15.33177106,,0,32.01949764,,0,0,0,0,0,0,0.097376455,0
5,20,5020,0.013738448,0.000315538,0,0.046762435,4.275248723,2.196614339,0.000297655,0.474390142,5.489251392,0,3.978441088,1.20193248,5.850020002,,0,210.7433395,,0,0,0,0,2.8809,0.2725,5.896952691,0
5,21,5021,0.000418623,9.61E-06,0,0.000974217,0.39773583,4.21000639,2.77E-05,0.044133563,2.820991545,0,0.37012316,0.19218147,9.88588505,,0,55.30242456,,0,0,0,0,0.6914,0.0654,0,0
5,22,5022,0.010579746,0.00024299,0,0.009255065,1.859415006,1.188103223,0.000129458,0.206324405,4.921828262,0,1.730325775,0.544967516,18.98689967,,0,30.69437565,,0,0,0,0,2.6043,0.2464,7.878838071,0
5,23,5023,0.010960313,0.000251731,0,0.004676243,0.671076351,15.74155007,4.67E-05,0.074463973,3.275354016,0,0.624487112,1.278805068,3.021323708,,0,328.2727862,,0,0,0,0,3.6644,0.3467,0.032176373,0
5,24,5024,0.066675236,0.001531363,0,0.042378456,3.14307311,92.63936428,0.00021883,0.348761673,12.00249284,0,2.924866368,0.313521894,43.19693601,,0,0.355772196,,0,0,0,0,12.3531,1.1686,0,0
5,25,5025,0.250469785,0.005752662,0,0.247451217,10.42527328,3.82183477,0.000725837,1.156809158,3.544322711,0,9.701502363,0.232628278,6.170564649,,0.08774101,,0.013436883,0,0,0,0,0.6395,0.0605,0.421630057,0
5,26,5026,0,0,0,0.000194843,0.224172143,1.50731691,1.56E-05,0.024874589,1.033027403,0,0.208609071,0.103718861,1.401119765,,0,,,0,0,0,0,0.9103,0.0861,0.609912411,0
5,27,5027,0.589021667,0.013528348,0,0.060206635,4.55414383,44.93722288,0.000317072,0.5053369,8.472503646,0,4.237974001,0.323692728,27.63371327,,0.034817861,7.395904428,,0,0,0,0,10.567,0.9997,0.599288849,0
5,28,5028,0.093162658,0.002139712,0,0.073261148,3.621179008,2.001465205,0.000252117,0.401813259,2.242326613,0,3.369779933,0.306544228,4.997235842,,0.057101292,0.2982,,0,0,0,0,2.6446,0.2502,2.037394044,35.73514647
5,29,5029,0.000646963,1.49E-05,0,0.000876796,0.144693552,1.164926488,1.01E-05,0.016055486,0.14784257,0,0.134648253,0.03855456,4.082331974,,0,,,0,0,0,0,0,0,0,0
5,30,5030,0.73493083,0.016879514,0,0.903391784,47.3175345,113.1721356,0.003294381,5.250448189,10.07482477,0,44.03253136,0.220919991,48.92803436,,0,48.0880426,,0.03975297,0,0,0,12.7852,1.2095,11.66560003,192.0777999
5,31,5031,0.003653438,8.39E-05,0,0.00837827,1.328574823,2.918094459,9.25E-05,0.147421317,6.082334463,0,1.236338984,1.488016773,11.12877369,,0,49.23764658,,0,0,0,0,0,0,0.001154163,0
5,32,5032,0.020531558,0.000471558,0,0.050561882,2.750343265,1.436716948,0.000191487,0.305183585,2.341376174,0,2.559401654,0.160013249,9.502732817,,0,148.8609373,,0,0,0,0,0,0,0.9110318,0
5,33,5033,0.103019328,0.002366095,0,0.053484535,6.581567936,87.38564242,0.000458227,0.730303931,24.97528898,0,6.124644904,1.438818316,71.4839152,,0.030639718,367.781258,,0,0,0,0,2.6792,0.2535,0.525818996,0
5,34,5034,0.000380566,8.74E-06,0,0.003020074,0.346373048,6.993852963,2.41E-05,0.038434246,1.666838017,0,0.322326221,0.57548002,0.850499226,,0,14.7721464,,0,0,0,0,6.3897,0.6045,2.716029605,0
5,35,5035,0.851726662,0.019562021,0,1.03091684,41.34347376,36.25032364,0.00287845,4.58755447,9.120325358,0,38.47321768,3.937532223,15.61785637,,0.412243474,,,0,2.9952,1.124,0,1.1581,0.1096,10.68791359,0
5,36,5036,0.002245342,5.16E-05,0,0.001071639,1.345444308,32.41534501,9.37E-05,0.149293189,6.246058717,0,1.252037312,1.563233643,15.00481634,,0,,,0,0,0,0,2.5755,0.2436,0,0
5,37,5037,0.003044531,6.99E-05,0,0.004189135,0.418034072,1.464684526,2.91E-05,0.046385896,2.893324662,0,0.389012204,0.745309307,15.04151305,,0,,,0,0,0,0,1.3425,0.127,0,0
5,38,5038,0.029417784,0.000675653,0,0.00837827,0.844365737,1.529948747,5.88E-05,0.09369251,7.03349974,0,0.785745944,2.242787321,26.94516254,,0,215.2035266,,0,0,0,0,1.8956,0.1793,0.015396925,0
6,1,6001,0.012558692,0.000288442,0,0.075988956,0,90.76598731,0.000114232,0.182058555,15.98561876,5.600433863,1.526821851,0.084559847,16.15477428,1.100314593,0,1.01957562,,0,0,0,0,1.4733,0.1394,0.05110733,11.30376769
6,2,6002,0.098338361,0.002258585,0,0.506690464,0,64.7784618,0.000644458,1.027109748,11.57329865,57.15810546,8.613786972,1.7705531,10.117526,65.09461132,0.088907511,0.254893905,,0.002911019,0,0.006,0,0.9496,0.0898,2.874814711,10.69353038
6,3,6003,0.006774082,0.000155584,0,0.059914369,0,83.61065158,9.41E-05,0.14997802,4.846318809,2.021781268,1.257780602,0.344743991,6.77861841,25.57131114,0.009749001,,,0,0,0,0,0,0,0.009235954,5.860195224
6,4,6004,0.004795137,0.000110132,0,0.02182247,0,60.30784398,8.11E-05,0.129258074,7.811976587,1.599118086,1.08401416,0.302168404,13.00788196,9.00057337,0,2.521141485,,0,0,0,0,1.5222,0.144,0.430272946,7.540744067
6,5,6005,0.00939999,0.000215894,0,0.026011604,0,33.43656684,0.000120878,0.19265061,10.5398642,2.886079559,1.61565141,0.878831079,10.56678886,242.5533489,0,0.95708781,,0,0,0,0,1.8084,0.1711,1.296822448,6.664047104
6,6,6006,0.000285425,6.56E-06,0,0.00165617,0,27.85160197,2.18E-05,0.034819859,3.189009802,0.061023097,0.292014411,0.175506032,3.263063246,,0,0.036413415,,0,0,0,0,0,0,0,4.805219505
6,7,6007,0.04260441,0.000978516,0,0.675912024,0,159.7811995,0.000711729,1.134323868,14.68362266,33.77061228,9.512930995,0.659685071,11.34530424,,0.093655465,6.958408605,,0,0.60255,0.285,146.6,1.8224,0.1724,1.502760675,15.96138006
6,8,6008,0.001465181,3.37E-05,0,0.009449909,0,43.28324443,3.44E-05,0.054847365,1.012663632,0.447893887,0.459973748,0.194901577,1.953216809,,0,28.82749409,,0,0,0,0,0,0,2.12636437,5.133022379
6,9,6009,0.041386597,0.000950546,0,0.224167421,0,224.1215087,0.000474666,0.756502527,29.44275477,15.72929006,6.34435767,0.56176122,42.36716801,9.198629997,0.061178756,0.837508545,,0,0,0,0,1.6897,0.1599,0.340174437,30.43582583
6,10,6010,0.025650176,0.00058912,0,0.156069626,0,36.96078823,0.000534857,0.852432151,4.50184066,71.81010315,7.148865029,0.152917317,5.234586694,30.2806576,0.068226303,0.254893905,,0,0,0,0,0,0,1.130527129,4.546427763
7,1,7001,0.002226314,5.11E-05,0,0.008280848,2.517251946,143.9702505,7.03E-05,0.112007938,0.289332466,0,0.939347055,0.084441581,1.020174348,,0,0.36413415,,0,0,0,0,0,0,0,1.410225845
7,2,7002,0.004738052,0.000108821,0,0.020361143,4.558585946,221.5804084,0.000127271,0.202839375,2.534835416,0,1.701098808,0.149605883,5.59305329,,0,20.8395366,,0,0,0,0,0,0,0,2.785713908
7,3,7003,0.0043004,9.88E-05,0,0.024355435,4.015290468,171.0646488,0.000112103,0.178664836,1.663661681,0,1.498360656,0.645729739,2.658685803,31.13230109,0,0.7458555,,0,0,0,0,1.089,0.103,0.020981464,5.207437459
7,4,7004,0.002930361,6.73E-05,0,0.013931309,4.36483279,243.5061726,0.000121862,0.194218112,0.003176337,0,1.628797163,0.122404813,2.69212148,,0,11.48850006,,0,0,0,0,0,0,0,1.231971554
7,5,7005,0.000608906,1.40E-05,0,0.004091713,3.491490012,284.3055221,9.75E-05,0.155357749,0,0,1.302897339,0.24551922,2.449142227,,0,,,0,0,0,0,0,0,0,1.281441208
7,6,7006,0.000837246,1.92E-05,0,0.002922652,4.306518733,247.0585976,0.000120234,0.191623363,0,0,1.607036474,0.094967213,1.948561929,,0,6.53972196,,0,0,0,0,0,0,0,1.559588768
7,7,7007,0.016840064,0.000386774,0,0.001948435,1.583714013,107.685965,4.42E-05,0.070469125,0,0,0.590984584,0.024954025,1.110650519,,0,1.4984418,,0,0,0,0,0,0,0,0.414291319
7,8,7008,0.004014976,9.22E-05,0,0.026011604,5.310854377,290.0553963,0.000148274,0.2363124,0.21699935,0,1.981818081,1.797517638,1.092459253,,0,2.89194147,,0,0,0,0,0,0,0,2.099121443
7,9,7009,0.012044927,0.000276642,0,0.053484535,6.554773579,137.2441888,0.000183003,0.291661975,2.531659079,0,2.446003576,0.364612598,5.228445598,,0,12.36886101,,0,0,0,0,1.4331,0.1356,0.604826474,0.415245279
7,10,7010,0,0,0,0.000974217,1.114294408,72.92832225,3.11E-05,0.049581775,0,0,0.415814226,0.009934304,1.201968724,,0,,,0,0,0,0,0,0,0,0.301519587
7,11,7011,9.51E-05,2.19E-06,0,0.003702026,2.910059536,243.3086969,8.12E-05,0.129486351,0,0,1.08592859,0.02164259,1.907734015,,0,,,0,0,0,0,0,0,0,1.202979338
7,12,7012,0.027857461,0.000639816,0,0.031077535,6.268333565,201.4519956,0.000175006,0.278916506,0.650998049,0,2.339114559,0.166990914,1.322176657,,0,0.2982,,0,0,0,0,0,0,0.047481053,0.515411108
7,13,7013,0.003234815,7.43E-05,0,0.024550278,4.915481653,233.3080089,0.000137235,0.218719849,0,0,1.834279332,0.154336504,3.132738946,,0,,,0,0,0,0,0,0,0,0.936516429
7,14,7014,0.001008501,2.32E-05,0,0.003312339,2.596429096,150.092911,7.25E-05,0.115531014,0.017187435,0,0.968893094,0.103837127,2.7029521,,0,1.32833196,,0,0,0,0,0,0,0,1.223931031
7,15,7015,0.004053032,9.31E-05,0,0.020458565,6.965195092,310.744687,0.000194461,0.309924138,0.072333117,0,2.599157987,0,0.631766887,,0,,,0,0,0,0,0,0,0,1.243078377
7,16,7016,0.000932388,2.14E-05,0,0.006429835,2.730500124,182.1470608,7.62E-05,0.121496654,1.308348771,0,1.018923535,1.298791941,12.46566579,,0,,,0,0,0,0,0,0,0,1.650118235
7,17,7017,0.021140464,0.000485543,0,0.075988956,13.4594315,445.1375616,0.000375774,0.598892444,11.00098639,0,5.022571287,0.482641587,16.45463835,,0,388.4866535,,0,0,0,0,0,0,0.057541665,2.448475323
7,18,7018,0.002816191,6.47E-05,0,0.005553039,1.366190611,76.11599737,3.81E-05,0.060790178,0.017187435,0,0.509812746,0.060788477,1.32389822,,0,,,0,0,0,0,0,0,0,0.598269372
7,19,7019,0.065876046,0.001513007,0,0.245210517,21.77149319,555.5869979,0.000607838,0.968746916,2.468854973,0,8.124331,0.125597982,4.987795353,,0.041781433,3.01762809,,0,0.10881,0.032,0,0,0,4.409513176,2.218639037
7,20,7020,0.00203603,4.68E-05,0,0.013249356,6.944331998,408.9712218,0.000193879,0.308995812,9.909636967,0,2.591372638,2.26975186,8.008086521,,0,237.9171596,,0,0,0,0,0,0,0,4.245838689
7,21,7021,0.002416597,5.55E-05,0,0.017730756,3.469771874,162.5243435,9.69E-05,0.154391377,0,0,1.294792918,0.134467896,0.907904609,,0,,,0,0,0,0,0,0,0,0.798055909
7,22,7022,0.00022834,5.24E-06,0,0.0022407,2.425249123,153.3960295,6.77E-05,0.10791417,0,0,0.905014942,0.018685952,2.364317017,,0,,,0,0,0,0,0,0,0,1.142708128
7,23,7023,0.001446152,3.32E-05,0,0.007793739,12.13975533,917.575459,0.00033893,0.540171978,0,0,4.53011604,0.025663618,4.8299802,,0,0.036413415,,0,0,0,0,0,0,0,1.233334354
7,24,7024,0.000209312,4.81E-06,0,0.00058453,1.707011476,120.5051726,4.77E-05,0.075955383,0,0,0.636994722,0.019513811,1.080425669,,0,,,0,0,0,0,0,0,0,0.390714872
7,25,7025,0.000304453,6.99E-06,0,0.001461326,1.240841041,85.86775887,3.46E-05,0.055212609,0,0,0.463036837,0.346754505,0.515175838,,0,,,0,0,0,0,0,0,0,0.306084968
7,26,7026,0.00045668,1.05E-05,0,0.004091713,5.573866163,349.7170741,0.000155617,0.248015403,0.017187435,0,2.079964533,0.052036829,2.252832206,,0,,,0,0,0,0,0,0,0,1.539214902
7,27,7027,0.019884595,0.000456699,0,0.059719526,13.74672656,436.9193411,0.000383795,0.611675958,4.122987643,0,5.129779375,0.178226139,8.470371923,,0.002785429,4.45096863,,0,0,0,0,0,0,4.671456948,2.907057655
7,28,7028,0.001084614,2.49E-05,0,0.002532965,0.826315313,43.82200798,2.31E-05,0.036767823,0,0,0.308350881,0.027082804,1.640407358,,0,,,0,0,0,0,0,0,0,0.578508766
7,29,7029,0.000970444,2.23E-05,0,0.006234991,0.933708942,36.86708132,2.61E-05,0.041546423,0,0,0.348426285,0.051682032,0.336484538,,0,,,0,0,0,0,0,0,0,0.205782859
7,30,7030,0.001845747,4.24E-05,0,0.013541622,5.148224853,295.1527014,0.000143733,0.229076017,2.242326613,0,1.921130646,1.59894983,3.308733682,,0,68.04206232,,0,0,0,0,0,0,0,2.284053456
7,31,7031,0.001274897,2.93E-05,0,0.0156849,18.07239829,1349.489094,0.000504563,0.804151556,0.072333117,0,6.743963054,1.488726366,9.35386034,,0,2.13610245,,0,0,0,0,0,0,0,5.069787806
7,32,7032,0.004947363,0.000113629,0,0.029421365,4.579107021,196.8172768,0.000127844,0.203752484,0.578664932,0,1.708756529,0.213114467,1.602379748,,0,0.36413415,,0,0,0,0,0,0,0,3.235833249
7,33,7033,0.00022834,5.24E-06,0,0.000487109,1.207323284,97.96888099,3.37E-05,0.053721199,0,0,0.450529226,0.58340381,0.698047659,,0,,,0,0,0,0,0,0,0,0.222817864
7,34,7034,0.007991895,0.000183554,0,0.0560175,10.15656437,506.0949763,0.000283561,0.451927681,6.437647373,0,3.790061163,1.617872314,7.017352646,,0,3.98434392,,0,0,0,0,0,0,0.013050471,3.990824666
7,35,7035,0.000723076,1.66E-05,0,0.007793739,1.801921451,83.51794004,5.03E-05,0.080178508,3.833655177,0,0.67241168,0.083495457,2.297921624,,0,,,0,0,0,0,0,0,0,1.180866539
7,36,7036,0.000285425,6.56E-06,0,0.003507183,1.18817028,73.57105808,3.32E-05,0.052868964,0,0,0.44338202,0.010052569,0.820150317,,0,,,0,0,0,0,0,0,0,0.34662828
7,37,7037,0.003425098,7.87E-05,0,0.022017313,5.084951536,277.4222971,0.000141967,0.2262606,1.391516649,0,1.89751934,0.186268194,2.578527078,47.55339608,0,,,0,0,0,0,0.7057,0.0668,0,3.626276924
7,38,7038,9.51E-05,2.19E-06,0,0.001363904,3.258746813,224.1229631,9.10E-05,0.145001581,0,0,1.216046025,0.050854174,1.643900398,,0,1.7892,,0,0,0,0,0,0,0,0.618983938
7,39,7039,0.000399595,9.18E-06,0,0.003507183,3.470626919,274.3355704,9.69E-05,0.154429423,0,0,1.29511199,0.147240572,2.937743902,,0,,,0,0,0,0,0,0,0,2.361187958
7,40,7040,0.023043296,0.000529247,0,0.085049178,8.110100104,267.9357127,0.000226426,0.360867966,3.258166581,0,3.02639498,0.170184083,12.41208811,338.8440795,0,,,0,0,0,0,0.4269,0.0404,0.086338724,2.344704887
7,41,7041,0.002625908,6.03E-05,0,0.009157643,6.679781132,443.4905489,0.000186493,0.297224325,2.118024151,0,2.492651857,0.824192409,6.219132985,,0,2.788389225,,0,0,0,0,0,0,0,3.758194639
7,42,7042,0.000266396,6.12E-06,0,0.003312339,1.502997782,94.60669811,4.20E-05,0.066877566,0,0,0.560864217,0.106084171,0.515815825,,0,,,0,0,0,0,0,0,0,0.402571236
7,43,7043,0.001046558,2.40E-05,0,0.007014365,1.707182485,95.59858022,4.77E-05,0.075962992,0.072333117,0,0.637058536,0.421143517,0.229771799,,0,,,0,0,0,0,0,0,0,0.162990927
7,44,7044,0.001427124,3.28E-05,0,0.004383978,4.016487531,212.477452,0.000112136,0.178718101,0.003176337,0,1.498807357,0.121931751,2.614715151,,0,84.92770497,,0,0,0,0,0,0,0,1.34314881
7,45,7045,0.00022834,5.24E-06,0,0.001363904,0.857438944,65.62628333,2.39E-05,0.038152704,0.072333117,0,0.319965091,0.285847762,0.173607139,,0,,,0,0,0,0,0,0,0,0.114066393
7,46,7046,0.002169229,4.98E-05,0,0.011398343,6.195654755,240.6999811,0.000172976,0.275682581,18.75333521,0,2.311993466,0.121813486,13.49227639,,0,75.47281142,,0,0,0,0,0,0,0,3.341859119
7,47,7047,0.003025503,6.95E-05,0,0.006332413,2.783683911,155.0153721,7.77E-05,0.123863126,0,0,1.038769794,0.077582181,1.4211712,,0,2.99968539,,0,0,0,0,0,0,0,0.581779487
7,48,7048,0.002340483,5.38E-05,0,0.015782322,3.429755776,153.5972307,9.58E-05,0.152610816,1.808327914,0,1.279860363,1.092655139,1.604495801,,0,,,0,0,0,0,1.0672,0.101,0,0.825720757
7,49,7049,0.001959917,4.50E-05,0,0.00730663,2.925108324,194.4844534,8.17E-05,0.130155963,0,0,1.091544252,0.021524325,2.488022403,,0,,,0,0,0,0,0,0,0,0.913893942
7,50,7050,0.000380566,8.74E-06,0,0.001169061,0.902927328,57.12766644,2.52E-05,0.04017676,1.88066103,0,0.336939705,1.456912941,4.643435884,,0,,,0,0,0,0,0,0,0,0.737340426
7,51,7051,0.014004844,0.000321656,0,0.050464461,6.314334976,252.5782927,0.00017629,0.28096339,3.254990245,0,2.356280616,1.319843203,1.985272017,,0,,,0,0,0,0,1.0236,0.0968,0,10.69808528
7,52,7052,0.008429546,0.000193605,0,0.022601843,17.41760497,1232.699103,0.000486282,0.775015795,0.743694937,0,6.499617954,4.038649242,13.42268568,,0,0.36413415,,0,0,0,0,0,0,0.035343276,6.387445434
7,53,7053,0.000247368,5.68E-06,0,0.000779374,1.139261716,63.96339565,3.18E-05,0.050692723,0,0,0.42513112,0.011116959,0.589081484,,0,0.036413415,,0,0,0,0,0,0,0,0.197864989
7,54,7054,0.003310928,7.60E-05,0,0.022212156,4.097032753,197.7408879,0.000114385,0.18230205,13.81562526,0,1.52886391,0.300276155,13.30526885,35.81524,0,,,0,0,0,0,0,0,0,3.003388563
7,55,7055,0.000646963,1.49E-05,0,0.007014365,0.81690982,43.77191299,2.28E-05,0.036349315,0.940330515,0,0.304841093,0.027674132,1.036190198,,0,,,0,0,0,0,0,0,0,0.41810716
7,56,7056,0.00011417,2.62E-06,0,9.74E-05,1.729242641,121.1496186,4.83E-05,0.076944584,0,0,0.645290586,0.008278586,0.734919674,,0,,,0,0,0,0,0,0,0,0.283462481
7,57,7057,0.012634805,0.00029019,0,0.062252491,9.889619381,500.1303547,0.000276108,0.440049665,0,0,3.690446981,0.128672886,5.490687426,,0,0.182067075,,0,0,0,0,0,0,0.091993228,3.65714299
7,58,7058,0,0,0,0,0.717724621,0,2.00E-05,0.031935959,0,0,0.267828777,0.040801604,1.421965015,,0,,,0,0,0,0,0,0,0,0.59118281
7,59,7059,0.011359907,0.000260909,0,0.092842917,30.34365951,2294.084978,0.000847164,1.350175035,1.907377475,0,11.32315232,1.39754365,21.40644581,,0,14.91088479,,0,0,0,0,0,0,0.013637952,9.163660623
7,60,7060,0.000913359,2.10E-05,0,0.002630387,1.953264384,117.9023071,5.45E-05,0.086912681,0,0,0.728887369,0.091182716,0.709447993,,0,,,0,0,0,0,0,0,0,0.41701692
7,61,7061,0.040530323,0.00093088,0,0.055725235,13.09005214,615.1704017,0.000365461,0.582456496,8.610817206,0,4.884732317,0.821354036,11.13398355,,0.034817861,3.93086322,,0,0,0,0,0,0,0.059702756,5.67769899
7,62,7062,0.000646963,1.49E-05,0,0.006332413,2.713570236,181.8483512,7.58E-05,0.12074334,0.144666233,0,1.012605915,3.265784069,2.218314621,,0,,,0,0,0,0,0,0,0,1.041724619
7,63,7063,0.000418623,9.61E-06,0,0.00730663,0.619565476,21.75775007,1.73E-05,0.027568258,0,0,0.231199347,0.085624236,0.840066839,,0,,,0,0,0,0,0,0,0,0.470166135
7,64,7064,0.001312954,3.02E-05,0,0.00506593,7.486430413,487.4740512,0.000209014,0.333117086,0,0,2.793664089,0.025308821,2.983067775,,0,,,0,0,0,0,0,0,0,1.375338155
7,65,7065,0.014309297,0.000328649,0,0.18042506,17.93986635,992.7299435,0.000500863,0.798254399,5.865335114,0,6.694506942,4.308885956,20.66845863,,0,,,0,0,-0.002,0,3.2844,0.3107,0.432936534,6.263917118
7,66,7066,0.001103643,2.53E-05,0,0.009157643,3.504144675,202.2191434,9.78E-05,0.155920833,0,0,1.3076196,0.056412653,1.017639882,,0,,,0,0,0,0,0,0,0,0.745179254
7,67,7067,0.000513765,1.18E-05,0,0.002143278,1.809274836,103.0229554,5.05E-05,0.080505705,0,0,0.675155696,0.075453402,0.501415863,,0,0.1491,,0,0,0,0,0,0,0,0.219410863
7,68,7068,0.003767607,8.65E-05,0,0.030882691,5.025269408,222.8586799,0.0001403,0.223604977,0.14784257,0,1.875248137,3.498175816,0.650906239,,0,,,0,0,0,0,1.5551,0.1471,3.801065736,0.922343305
7,69,7069,0.007630357,0.00017525,0,0.046372748,7.842300067,327.8557612,0.000218949,0.348951904,5.871687787,0,2.926461726,2.407649456,4.161456258,,0,5.09397807,,0,0,0,0,2.8444,0.2691,0.011015269,1.110409759
7,70,7070,0.000399595,9.18E-06,0,0.005455617,2.275958298,143.1681144,6.35E-05,0.101271308,0,0,0.849305024,0.016793704,1.709027805,,0,,,0,0,0,0,0,0,0,0.397324454
7,71,7071,0.002625908,6.03E-05,0,0.015490056,4.515662696,279.7977409,0.000126073,0.200929457,3.905988293,0,1.685081409,0.242444316,3.161416667,66.89912725,0,0.29647683,,0,0,0,0,0.8015,0.0758,0.020089752,2.058216989
7,72,7072,0.002778135,6.38E-05,0,0.007891161,5.165325749,297.3892653,0.000144211,0.229836941,0.072333117,0,1.927512079,0.142509952,2.986909281,,0,0.109240245,,0,0,0,0,0,0,0,1.299702733
7,73,7073,0.00192186,4.41E-05,0,0.006624678,1.476491393,73.74059525,4.12E-05,0.065698134,0,0,0.550972994,0.053692546,0.370040194,,0,0.14737683,,0,0,0,0,0,0,0,0.168305848
7,74,7074,0.037809273,0.000868384,0,0.049003135,5.935037095,80.62087803,0.0001657,0.264086107,2.676325312,0,2.214740415,1.906085386,1.572615947,,0,,,0,0,0,0,0,0,0.192441987,0.537897314
7,75,7075,0.005023477,0.000115377,0,0.018802396,4.538577897,255.3277792,0.000126712,0.201949095,0.578664932,0,1.693632531,0.039027622,4.169061796,62.49786888,0,,,0,0,0,0,0,0,0.006294439,0.903264099
7,76,7076,0.000513765,1.18E-05,0,0.002045857,4.246323578,355.5888546,0.000118553,0.188944912,0,0,1.584573827,0.119566441,3.343315575,,0,,,0,0,0,0,0,0,0,1.908601948
7,77,7077,0.001579351,3.63E-05,0,0.014710683,9.679107346,754.3108934,0.000270231,0.430682697,0.072333117,0,3.611891531,1.253259715,10.91253833,,0,,,0,0,0,0,0.893,0.0845,0,4.103246158
7,78,7078,0.056495084,0.00129755,0,0.461291933,30.94766317,305.9139656,0.000864027,1.377050853,0.220175686,0,11.54854456,0.090236592,3.870801672,,0.013927144,2.579754075,,0,0,0.001,0,0,0,3.719819019,1.095010114
7,79,7079,0.003938862,9.05E-05,0,0.020068878,5.338557829,220.4139537,0.000149047,0.237545096,0.006352674,0,1.992156004,0.149014555,1.789728444,,0,,,0,0,0,0,0,0,0,0.923297265
7,80,7080,0.000932388,2.14E-05,0,0.013639043,6.510311249,391.9636995,0.000181761,0.289683573,0,0,2.429411848,0.08526944,4.244522544,,0,7.68171519,,0,0,0,0,0,0,0,2.505268666
7,81,7081,0.002568823,5.90E-05,0,0.0134442,5.588572934,305.3958336,0.000156027,0.248669797,0,0,2.085452566,0.125479717,5.890728289,,0,,,0,0,0,0,0,0,0,3.314194271
7,82,7082,5.71E-05,1.31E-06,0,0.001363904,1.96865519,104.6877551,5.50E-05,0.087597512,0,0,0.734630659,0.058777963,0.862647625,,0,0.07282683,,0,0,0,0,0,0,0,0.594044691
7,83,7083,0.001255869,2.88E-05,0,0.003409761,2.760597701,179.4830088,7.71E-05,0.122835879,1.608515999,0,1.030154858,0.304415448,8.605147699,182.7842602,0,,,0,0,0,0,0,0,0,1.839644248
7,84,7084,0.000646963,1.49E-05,0,0.002435543,1.380384355,92.0341282,3.85E-05,0.061421744,0,0,0.515109336,0.836728554,0.353840421,,0,,,0,0,0,0,0,0,0,0.251027832
7,85,7085,0.001179756,2.71E-05,0,0.003507183,1.631083496,82.18033971,4.55E-05,0.072576883,0,0,0.608661156,0.029448114,1.176706087,,0,2.54893905,,0,0,0,0,0,0,0,0.554659759
7,86,7086,0.004091089,9.40E-05,0,0.0089628,3.385464455,137.4313172,9.45E-05,0.150640024,1.157329865,0,1.263332449,0.216071105,3.429703078,,0,25.24587825,,0,0,0,0,0,0,0.250261129,1.088196112
7,87,7087,0.003558296,8.17E-05,0,0.038286743,5.787798377,156.775892,0.000161589,0.257534556,3.113500348,0,2.15979627,0.160841107,2.183442425,,0,,0.038983155,0,0,0,0,0.6229,0.0589,0,1.791083582
7,88,7088,0.000190283,4.37E-06,0,0.000389687,0.370918442,27.65511915,1.04E-05,0.016504431,0,0,0.138413299,0.5810385,0.229079682,,0,,,0,0,0,0,0,0,0,0.121561795
7,89,7089,0.062717345,0.00144046,0,0.577126381,48.75722069,927.5758134,0.001361252,2.169507015,24.82744641,9.760957336,18.19442498,0.47306208,18.11439887,23.13521463,0,0.43696098,,0,1.09044,0.268,1.3,2.2825,0.2159,5.855643445,8.542121434
7,90,7090,0.000304453,6.99E-06,0,0.001948435,0.69805859,41.35945498,1.95E-05,0.031060897,0,0,0.260490128,0.055939591,0.227732956,,0,,,0,0,0,0,0,0,0,0.154269004
7,91,7091,0.002740078,6.29E-05,0,0.013541622,1.674177755,60.97128496,4.67E-05,0.07449441,0,0,0.624742369,0.052628156,0.355747757,,0,,,0,0,0,0,0,0,0,0.324346493
7,92,7092,0.003634409,8.35E-05,0,0.032149174,6.376240221,419.4517563,0.000178018,0.283717933,0,0,2.379381407,1.404639581,2.778543648,,0,,,0,0,0,0,0,0,0.010490732,1.210166747
7,93,7093,0.001103643,2.53E-05,0,0.00282523,6.890293166,456.2380607,0.00019237,0.306591293,0,0,2.571207307,0.016557173,3.180278055,,0,,,0,0,0,0,0,0,0,1.446885175
7,94,7094,0.006926309,0.00015908,0,0.018997239,6.100915789,350.3462221,0.000170331,0.271467065,0.144666233,0,2.276640323,0.056057856,1.967930371,,0,3.2802,,0,0,0,0,0,0,0,0.966770598
7,96,7096,0.004909307,0.000112754,0,0.01958177,11.30266645,936.3113972,0.000315559,0.502924773,0,0,4.217744856,0.121458689,6.605616399,,0,,,0,0,0,0,0,0,0,3.768415642
7,97,7097,0.016840064,0.000386774,0,0.121972017,13.40847083,427.2011176,0.000374351,0.596624892,5.651512101,0,5.003554614,1.521012853,2.273584089,,0,18.57338061,,0,0,0,0,3.2147,0.3041,0,0.59077397
7,98,7098,0.00057085,1.31E-05,0,0.000194843,1.032039096,60.68259449,2.88E-05,0.045921733,0.144666233,0,0.38511953,0.042575587,2.324500057,,0,,,0,0,0,0,0,0,0.324970944,0.943739271
7,99,7099,0.003596353,8.26E-05,0,0.011885452,10.12441469,667.0397507,0.000282663,0.450497144,10.13298899,0,3.778064067,1.697228478,13.59364899,,0,,,0,0,0,0,0,0,0,5.247054066
7,100,7100,0.00045668,1.05E-05,0,0.003507183,5.337018749,423.2671341,0.000149004,0.237476613,0,0,1.991581675,0.074862074,2.952002259,,0,,,0,0,0,0,0,0,0,1.6023807
7,101,7101,0.196771864,0.004519355,0,1.203743005,90.97198044,208.1443346,0.002539845,4.04789992,0.729683839,3.879269583,33.94744102,0.114126227,1.82105611,,0.13787873,9.32092686,,0.039841244,1.54323,0.517,0,0,0,0,0.615713217
7,102,7102,0.00283522,6.51E-05,0,0.01402873,5.872105796,370.5970179,0.000163943,0.261285909,2.09766038,0,2.191256738,0.017621562,3.097813165,,0,,,0,0,0,0,0,0,24.36356583,1.65919176
7,103,7103,0.003729551,8.57E-05,0,0.003214917,4.29215398,285.9137517,0.000119833,0.190984187,0.144666233,0,1.60167607,0.068594002,1.136630658,16.20103207,0,1.97059041,,0,0,0,0,0.3398,0.0321,1.413791115,1.482781338
7,104,7104,0.001883804,4.33E-05,0,0.002727809,2.225510654,129.0588121,6.21E-05,0.099026583,0.974705384,0,0.830479795,0.402694096,4.375720257,82.47958189,0,2.11197807,,0,0,0,0,0,0,0.737047501,0.983124202
7,105,7105,0.000951416,2.19E-05,0,0.006624678,2.234232111,129.2017322,6.24E-05,0.099414654,0,0,0.833734326,0,0.260031588,,0,0.036413415,,0,0,0,0,0,0,0,0.622433185
7,106,7106,0.025003213,0.000574261,0,0.052023209,9.992566777,502.9068331,0.000278982,0.444630424,2.352210936,0,3.728863212,0.355506153,23.65748121,338.0606555,0,3.35302683,,0,0,0,0,0,0,0,5.870210899
7,107,7107,0.014119014,0.000324278,0,0.039650648,11.52651718,464.7076534,0.000321809,0.512885261,13.16462721,0,4.301277824,3.153786622,6.002710904,,0,235.4149574,,0,0,0,0,0,0,0.085111308,6.543486079
7,108,7108,0.036039639,0.00082774,0,0.091576435,16.43225132,513.0387155,0.000458772,0.731171384,22.79128439,0,6.131919739,2.704141115,9.487777963,,0.002785429,10.09462103,,0,0,0,0,0,0,0.151764781,5.60744663
7,109,7109,0.005727525,0.000131547,0,0.034292452,5.859109115,212.483772,0.00016358,0.260707607,0,0,2.186406849,0.064336443,1.413043673,,0,,,0,0,0,0,0,0,0.102861627,0.876689492
7,110,7110,0.000608906,1.40E-05,0,0.0044814,1.042299634,62.94364327,2.91E-05,0.046378287,0,0,0.38894839,0.027437601,1.411422099,,0,,,0,0,0,0,0,0,0.234121665,0.605287794
7,111,7111,0.005004448,0.00011494,0,0.002922652,5.458606122,388.967072,0.000152399,0.242886779,0,0,2.036953669,0.015374518,4.152165348,,0,14.22844415,,0,0,0,0,0,0,0,1.367297633
7,112,7112,0.00045668,1.05E-05,0,0.00165617,4.661020315,299.0508082,0.000130131,0.207397307,0,0,1.739323597,0.02956638,2.450868174,,0,,,0,0,0,0,0,0,0,1.206896026
7,113,7113,5.71E-05,1.31E-06,0,0.000487109,0.926184547,23.19530165,2.59E-05,0.041211616,0,0,0.345618455,0.002720107,0.354329875,,0.020890717,,,0,0,0,0,0,0,0,0
7,114,7114,0.001959917,4.50E-05,0,0.014223574,2.793089404,46.6332917,7.80E-05,0.124281634,0.506331816,0,1.042279583,0.384244674,3.382163928,,0,,,0,0,0,0,0,0,0,1.612188774
7,115,7115,0.000494736,1.14E-05,0,0.006527257,1.963866939,32.78863172,5.48E-05,0.087384454,0.072333117,0,0.732843858,0.293061959,1.265379782,,0,,,0,0,0,0,0,0,0,0
7,116,7116,0.001160728,2.67E-05,0,0.00389687,1.553103408,25.93054278,4.34E-05,0.069107072,0.506331816,0,0.579561818,0.329842535,3.623739724,,0,,,0,0,0,0,0,0,0,1.534649521
7,117,7117,0.000266396,6.12E-06,0,0.003117496,1.24922048,31.28539116,3.49E-05,0.055585461,0,0,0.466163739,0.201287915,0.185409847,,0,1.12593975,,0,0,0,0,0,0,0,0
7,118,7118,0,0,0,0.000194843,0.56603967,14.17585828,1.58E-05,0.025186568,0,0,0.211225459,0.038318028,0.750246775,,0,,,0,0,0,0,0,0,0,0
7,119,7119,0.000171255,3.93E-06,0,0.000292265,0.541756397,13.56770968,1.51E-05,0.024106056,0,0,0.202163823,0.00449409,0.249763136,,0,,,0,0,0,0,0,0,0,0
8,1,8001,0.006260318,0.000143784,0,0.020068878,1.156405532,2.773081064,5.55E-05,0.088457356,27.82617331,0,0.741841679,1.74548081,145.6228532,,0,,,0,0,0,0,9.6557,0.9134,0,33.62465464
8,2,8002,0.021730342,0.000499091,0,0.027862617,1.991007029,6.209128547,9.56E-05,0.152298837,28.58746272,0,1.277243975,0.261248534,80.75765326,,0,,,0,0,0,0,9.4814,0.897,0.007577375,21.45436295
8,3,8003,0,0,0,0.004968509,0.797397569,4.741903867,3.83E-05,0.060995627,15.01368267,0,0.511535733,0.326531101,65.42867861,,0,,,0,0,0,0,2.3123,0.2187,0,14.95383286
8,4,8004,0.005632383,0.000129362,0,0.002143278,0.654351448,0.278148305,3.14E-05,0.050053547,0.547059359,0,0.419770715,0.010525631,,,0,,,0,0,0,0,0,0,0,0
8,5,8005,0.015603223,0.000358367,0,0.019289504,2.227460874,4.345325613,0.000106908,0.170385988,43.85740873,0,1.428930657,0.460762466,72.22467444,,0.013927144,,,0,0,0,0,5.9724,0.565,5.666437004,63.44644317
8,6,8006,0.000285425,6.56E-06,0,0.000681952,0.560645297,13.78995615,2.69E-05,0.042885648,37.32388814,0,0.359657609,2.083838462,90.17267727,,0,,,0,0,0,0,0,0,0,51.12119916
8,7,8007,0.000780161,1.79E-05,0,0.004189135,1.574601562,215.7203187,7.56E-05,0.12044658,7.676839364,0,1.010117156,1.979173477,23.11740602,,0,76.40762549,,0,0,0,0,0,0,0,19.62293848
8,8,8008,0.002778135,6.38E-05,0,0.003117496,1.341330941,199.2726025,6.44E-05,0.102602924,0.092696888,0,0.860472534,0.189579629,3.927222501,,0,3.6413415,,0,0,0,0,0,0,0,0.201624713
8,9,8009,0.007516187,0.000172628,0,0.037312526,3.078674821,424.5774646,0.000147763,0.235498212,2.603992196,0,1.974989947,0.305125042,18.85674555,,0,137.2604162,,0,0,0,0,3.695,0.3496,0,3.638579307
8,10,8010,0.03194855,0.000733778,0,0.023088952,2.061037953,10.16936559,9.89E-05,0.157655738,68.87831439,0,1.322169269,1.94002759,124.090424,,0.004178143,,,0,0,0,0,0,0,0.00514179,49.85917781
8,11,8011,0.053869176,0.00123724,0,0.060304056,4.736736533,9.807408596,0.000227342,0.362328939,24.15754813,12.27620423,3.038647333,4.196178915,83.77309302,,0.026461574,,,0,0,0,0,4.9382,0.4672,1.719102724,20.97643771
8,12,8012,0.000399595,9.18E-06,0,0.002045857,0.837983673,109.5823685,4.02E-05,0.064100195,17.30480229,0,0.537571983,2.797570876,41.81568246,,0,,,0,0,0,0,0,0,0,22.85266767
8,13,8013,0.001389067,3.19E-05,0,0.003020074,0.801376599,38.3734089,3.85E-05,0.061299997,20.03944962,0,0.514088307,0.663233036,20.16772699,,0.001392714,69.04336851,,0,0,0,0,3.0036,0.2841,0,20.41823596
8,14,8014,0.000285425,6.56E-06,0,0.000681952,0.195768265,3.684759276,9.40E-06,0.014974974,7.95664282,0,0.125586617,0.058777963,10.93281304,,0,,,0,0,0,0,0,0,0,4.18371279
8,15,8015,0.000133198,3.06E-06,0,0.002630387,0.138470237,2.372961097,6.65E-06,0.010592055,7.294402969,0,0.088829558,0.369816281,10.3775137,,0,,,0,0,0,0,0,0,0,0.246430204
8,16,8016,0.000361538,8.30E-06,0,0.001461326,0.330060521,2.970209803,1.58E-05,0.025247441,9.203493236,0,0.211735973,0.335401015,19.96561049,,0,,,0,0,0,0,1.2026,0.1138,0,4.467480904
8,17,8017,0.11772822,0.002703921,0,0.175846239,13.65662708,57.95813959,0.000655458,1.044641426,287.5964714,24.30812048,8.760815207,6.279307784,273.4030345,,0,,,0,0,0,0,3.1837,0.3012,0.473480447,206.2658149
8,18,8018,0,0,0,0.000194843,0.457986328,9.452303036,2.20E-05,0.035032918,86.22107492,0,0.293801212,3.22510073,143.4803806,,0,,,0,0,0,0,0,0,0.006765513,85.64196364
8,19,8019,1.303059401,0.029928,0,1.3099327,79.60158511,43.12032028,0.003820525,6.088993486,48.90353946,138.8629473,51.06493523,0.642891367,61.36980285,,0.611401639,,,0.012080995,5.616,1.83,0,12.607,1.1926,20.9759487,44.20061758
8,20,8020,0.00011417,2.62E-06,0,0.002045857,0.788345276,110.2558722,3.78E-05,0.060303187,0.144666233,0,0.505728629,0.16947449,4.288699316,,0,17.66269299,,0,0,0,0,0,0,0,0.028003432
8,21,8021,0.192699804,0.00442583,0,0.139800195,13.13318571,8.831710809,0.000630335,1.004601631,32.11590375,48.41126594,8.42502416,1.235165091,45.51555152,,0.132307872,,,0,0,0,0,1.0632,0.1006,1.191857989,28.66244643
8,22,8022,0.00011417,2.62E-06,0,0.000389687,0.239637069,4.48177615,1.15E-05,0.018330647,9.420492585,0,0.15372874,0.072969826,15.3774895,,0,,,0,0,0,0,0,0,0,10.6749084
8,23,8023,0.003139673,7.21E-05,0,0.000389687,0.362589089,2.53792189,1.74E-05,0.027735661,15.84095252,0,0.232603262,0.584822996,36.0425556,,0,,,0,0,0,0,0,0,0,9.722791704
8,24,8024,0.00068502,1.57E-05,0,0.003604604,0.357217399,1.60391171,1.71E-05,0.027324763,16.41961746,0,0.229157288,0.098633444,35.91638233,,0,,,0,0,0,0,0,0,0,19.42318066
8,25,8025,0.018305245,0.000420425,0,0.010521548,0.721298624,35.3553981,3.46E-05,0.055174562,25.96758884,0,0.462717765,0.252615151,48.66776812,,0,,,0,0,0,0,0,0,0,47.28846272
8,26,8026,0.000285425,6.56E-06,0,0.000194843,0.288977038,4.052654478,1.39E-05,0.022104827,19.16827588,0,0.185380652,0.089645264,17.90258451,,0,,,0,0,0,0,0,0,0,13.09253806
8,27,8027,0.006260318,0.000143784,0,0.021919891,4.79313928,621.1417345,0.00023005,0.366643375,7.504235562,0,3.074830062,1.521249384,43.60976315,,0,101.5752074,,0,0,0,0,0,0,0,36.37832549
8,28,8028,0.000589878,1.35E-05,0,0.003214917,0.876182359,1.900606626,4.21E-05,0.067022141,8.752307102,0,0.562076689,1.182536934,10.55839762,,0.020890717,,,0,0,0,0,0,0,0,7.687875621
8,29,8029,0.005385015,0.00012368,0,0.012275139,5.322250766,802.9255715,0.000255445,0.407116896,3.198538812,0,3.414258526,0.700959737,35.90409559,,0,247.3676809,,0,0,0,0,0,0,0,34.16978812
8,30,8030,0.000646963,1.49E-05,0,0.005747883,0.803863493,111.598545,3.86E-05,0.061490227,0.072333117,0,0.515683665,0.298620438,6.571937943,,0,62.31148277,,0,0,0,0,2.4866,0.2352,0,0.186689549
8,31,8031,0.008220235,0.000188798,0,0.019484348,3.642403866,206.2253144,0.000174819,0.278619746,138.4455851,0.417382338,2.3366258,0.601143638,178.731239,,0,30.98216371,,0,0,0,0,7.9012,0.7475,0,119.1004646
8,32,8032,0.104827019,0.002407613,0,0.195233165,10.37760811,29.11090825,0.000498079,0.793818215,9.988322757,26.33928992,6.657303183,0.270709775,10.49377788,,0,,,0,0,0,0,1.8359,0.1737,0.715578265,5.723901568
8,33,8033,0,0,0,0,0.098381511,3.925413034,4.72E-06,0.007525533,1.374329214,0,0.06311238,0.170657145,4.548893343,,0,,,0,0,0,0,0,0,0,1.786618982
8,34,8034,0.015013345,0.000344819,0,0.002143278,0.629780939,48.76798158,3.02E-05,0.048174066,31.17557323,0,0.404008574,0.320263028,17.19415268,,0,,,0,0,0,0,0,0,0,33.40622787
8,35,8035,0.000152227,3.50E-06,0,0.006429835,0.771334924,12.24943982,3.70E-05,0.059002008,57.43249454,0,0.494816377,0.940092618,69.69040276,,0,3.31167075,,0,0,0,0,0,0,0,56.09274185
8,36,8036,0.03263357,0.000749511,0,0.048126339,4.135704084,10.67963635,0.000198496,0.316353942,28.11868211,5.125157817,2.653081102,0.68002674,155.3702553,,0,,,0,0,0,0,0,0,0.140896878,39.12826254
8,37,8037,4.391546131,0.100862779,0,1.73907546,137.6845771,28.66809595,0.006608252,10.53195727,11.37983941,0,88.32555286,0.013245738,13.42994243,,1.201912562,,0.046243831,0,5.70609,1.83,0,5.647,0.5342,20.13674757,6.578939701
8,38,8038,0.00034251,7.87E-06,0,0.001266483,0.431326829,1.878042323,2.07E-05,0.032993643,16.27812756,0,0.27669897,0.671984685,15.79244438,,0,,,0,0,0,0,0,0,0,8.679197126
8,39,8039,0.000608906,1.40E-05,0,0.003604604,0.382086335,3.119347547,1.83E-05,0.029227071,10.79033971,0,0.245110872,0.086925157,30.38068679,,0,,,0,0,0,0,0.9005,0.0852,0,8.092991942
8,40,8040,0.010960313,0.000251731,0,0.024745122,3.086931308,298.6434824,0.000148159,0.236129778,64.59624237,0,1.980286537,0.615926828,40.54114944,,0,363.8623187,,0,0,0,0,5.7806,0.5469,0,59.41581582
8,41,8041,0.000133198,3.06E-06,0,0.000681952,0.226705222,35.19517031,1.09E-05,0.017341446,0.072333117,0,0.145432876,0.049908049,2.588239666,,0,15.87075147,,0,0,0,0,0,0,0,0.108279938
8,42,8042,0.00011417,2.62E-06,0,0.001558748,0.15498321,5.384783014,7.44E-06,0.011855188,2.459325963,0,0.099422739,0.339067246,0.486778022,,0,,,0,0,0,0,0,0,0,0.423785276
8,43,8043,0.009932783,0.000228131,0,0.002045857,0.308275333,23.92852078,1.48E-05,0.023581019,11.21163306,0,0.197760633,0.11377143,21.32504232,,0,,,0,0,0,0,1.6151,0.1528,0,12.98985881
8,44,8044,0.002968418,6.82E-05,0,0.001948435,0.418196031,6.560185444,2.01E-05,0.031989224,9.912813303,0,0.268275477,0.523088395,17.03538125,,0,,,0,0,0,0,1.1213,0.1061,0.27489633,13.13921045
8,45,8045,0.080832306,0.001856515,0,0.023576061,4.18325349,4.683511094,0.000200778,0.319991156,58.51749128,2.688145666,2.683584356,0.702970251,51.35843128,,0,,,0,0,0,0,0,0,0,34.28366875
8,46,8046,3.81E-05,8.74E-07,0,0.001071639,0.676037161,99.20002525,3.24E-05,0.051712361,0,0,0.433682241,0.12169522,3.589434004,,0,,,0,0,0,0,0,0,0,0
8,47,8047,0.000190283,4.37E-06,0,0.0022407,0.511902182,77.55791613,2.46E-05,0.039157123,0.179041102,0,0.328388583,0.193482391,4.882750898,,0,12.59895,,0,0,0,0,0,0,0,0.186689549
8,48,8048,0.002816191,6.47E-05,0,0.012372561,1.935897467,28.19092836,9.29E-05,0.148083321,198.9332579,0,1.241890832,0.54697803,304.1176626,,0,,,0,0,0,0,0,0,0.004601499,229.2416977
8,49,8049,0.000323481,7.43E-06,0,0.000292265,0.273657774,27.96654081,1.31E-05,0.020933005,1.735994797,0,0.175553244,0.169711021,9.142139484,,0,4.51526346,,0,0,0,0,0,0,0,5.320652142
8,50,8050,0.080318542,0.001844715,0,0.080470356,5.394271205,11.60393749,0.000258901,0.412625982,36.60055697,8.289361877,3.460460107,0.587070041,38.45504677,,0,,,0,0,0,0,3.4974,0.3309,0.192397878,24.55154257
8,51,8051,1.90E-05,4.37E-07,0,0.001948435,0.601927731,90.01326439,2.89E-05,0.046043481,0.52351925,0,0.386140559,0.193955453,4.661776132,,0,67.91778129,,0,0,0,0,0,0,0.03415231,0.470457663
8,52,8052,0.015850591,0.000364048,0,0.04539853,2.019854995,6.949864924,9.69E-05,0.154505515,28.02598522,12.29067765,1.295750133,0.451537755,63.58884254,,0,,0.011772747,0,0,0,0,4.2992,0.4067,0.070067026,31.30410355
8,53,8053,0.00452874,0.000104014,0,0.004773665,0.821470699,1.48610778,3.94E-05,0.062837062,12.38615036,0,0.526978803,0.390039685,16.07568054,,0,,,0,0,0,0,0,0,0,11.12856401
8,54,8054,0.000399595,9.18E-06,0,9.74E-05,0.735623132,17.62246389,3.53E-05,0.056270292,113.8523254,0,0.47190703,4.19842596,151.2350936,,0,,,0,0,0,0,1.2898,0.122,0,95.73440065
8,55,8055,0.000951416,2.19E-05,0,0.001948435,1.630208503,4.431705156,7.82E-05,0.124700142,37.54088749,0,1.045789371,0.338239387,34.26209578,,0,,,0,0,0,0,1.8126,0.1715,0,20.03738928
8,56,8056,3.81E-05,8.74E-07,0,0,0.197658305,12.006303,9.49E-06,0.01511955,5.352650624,0,0.12679909,0.207201191,8.70380284,,0,,,0,0,0,0,0,0,0,4.310661683
8,57,8057,0.000171255,3.93E-06,0,0.000876796,0.215563939,6.91886853,1.03E-05,0.016489212,4.050654527,0,0.13828567,0.093074964,9.951363559,,0,,,0,0,0,0,0,0,0,0.05787376
8,58,8058,0,0,0,0.000487109,0.257343751,1.510290709,1.24E-05,0.019685091,7.95664282,0,0.165087692,0.307135555,12.31861484,,0,,,0,0,0,0,0,0,0,3.15318648
8,59,8059,0.000951416,2.19E-05,0,0.003702026,0.458682659,4.255613573,2.20E-05,0.035086182,2.100836717,0,0.294247913,0.145111793,2.44618593,,0,,,0,0,0,0,0,0,0,1.26202135
8,60,8060,0.001845747,4.24E-05,0,0.010521548,0.967302141,7.147478078,4.64E-05,0.0739922,4.201673433,0,0.620530623,0.136951472,11.18982389,,0,9.83416101,,0,0,0,0,1.6732,0.1583,10.24615315,3.373480148
8,61,8061,0.000247368,5.68E-06,0,0.000681952,0.362788041,15.1902844,1.74E-05,0.02775088,16.13028499,0,0.232730891,0.259947613,25.81428351,,0,,,0,0,0,0,0,0,0,16.04596672
8,62,8062,0.018571641,0.000426544,0,0.017243648,2.745033174,3.857869379,0.000131749,0.209976838,40.79587773,1.212051709,1.760956657,0.535151478,68.38626614,,0,,,0,0,0,0,1.0341,0.0978,20.68519755,27.20626795
8,63,8063,0.000380566,8.74E-06,0,0.002338122,0.607199945,81.75390681,2.91E-05,0.04644677,19.10229544,0,0.389522719,0.600434045,38.80332272,,0,348.6764678,,0,0,0,0,1.8533,0.1753,0,22.24966043
8,64,8064,9.51E-05,2.19E-06,0,0.000194843,0.171396708,4.337037718,8.23E-06,0.013110712,2.682677986,0,0.109952104,0.094257619,5.568010606,,0,,,0,0,0,0,0,0,0,3.758060618
8,65,8065,0.001160728,2.67E-05,0,0.016464274,2.043629698,273.3231949,9.81E-05,0.156324122,0.092696888,0,1.31100176,0.217372026,10.08278145,,0,106.5526334,,0,0,0,0,3.0908,0.2924,0,0.138150266
8,66,8066,0.00022834,5.24E-06,0,0.001363904,0.775910808,122.7110179,3.72E-05,0.059352032,0.109884323,0,0.497751836,0.221038257,4.596629253,,0,110.1207654,,0,0,0,0,0,0,0,0
8,67,8067,0.000837246,1.92E-05,0,0.006916943,0.410834825,11.15864534,1.97E-05,0.03142614,16.49512691,0,0.263553216,0.382234161,22.08258028,,0,,,0,0,0,0,0,0,0,13.08320358
9,2,9002,1.014114351,0.023291658,0.13,0.87,0.55,0,0,4.45,0,2.152237697,4,0,,,1,,,0,0,0,0,0.937,0.0886,0,0
9,3,9003,0.438774047,0.010077537,0.26,1.74,0.77,0,0,6.23,0,5.249746641,6,0,,,1,,,0.25,0,0,0,0,0,0.599559001,0
9,4,9004,0.106330256,0.002442139,,,0.22,0,0,1.78,0,3.646130058,2,0.0102891,0.108618571,,0.036241013,1.992815859,,0,0,0,0,0,0,3.132101397,0.038202007
9,5,9005,0.646620394,0.014851246,0.39,2.61,1.54,0,0,12.46,0,3.105528004,12,0,,,2,3.75941946,,0.25,0,0,0,1.446,0.1368,3.019551791,0
9,6,9006,0.644926873,0.01481235,0.13,0.87,0.44,0,0,3.56,0,2.046620798,4,0,,,1,,,0,0,0,0,0,0,0.846856708,0
9,7,9007,1.399666185,0.032146815,0.65,4.35,2.31,0,0,18.69,0,8.236749014,19,0,,,3,1.422345,,0,0,0,0,0,0,0.44301206,0
9,8,9008,0.03320442,0.000762622,0.13,0.87,0.33,0,0,2.67,0,1.680091042,2,0.01584758,0.598504937,3,0.050541381,1.543439855,,0,0,0,0,0.937,0.0886,20.53262316,0.09770898
9,9,9009,0.028827906,0.000662105,,,0.11,0,0,0.89,0,0.010170516,1,0.1142,19.75407119,6,0.023197185,135.0053902,,0,0,0,0,0,0,0.148533771,6.661842327
9,10,9010,0.32135028,0.007380608,0.26,1.74,0.88,0,0,7.12,0,4.33087962,8,0.009934304,0.092448889,1,1,1.332696327,,0.25,0,0,0,1.0642,0.1007,0,0.047752509
9,11,9011,0.19250952,0.00442146,0.13,0.87,0.44,0,0,3.56,0,1.193275372,4,0.1142,5.804718899,2,1,2.78270163,,0,0,0,0,0.3817,0.0361,5.311346796,3.316228084
9,12,9012,0.296975001,0.00682077,0.26,1.74,0.77,0,0,6.23,0,5.294340443,6,1,20.12519056,10,1,59.71595376,,0,0,0,0,4.257,0.4027,0.050749385,4.961118354
9,13,9013,0.280572589,0.006444047,0.13,0.87,0.55,0,0,4.45,0,1.620437052,4,0.1142,2.390684102,1,1,6.683905412,,0,0,0,0,0,0,14.17275848,0.864687739
9,14,9014,0.434854213,0.009987509,0.13,0.87,0.44,0,0,3.56,0,15.26653158,4,0,,,0.105608895,,,0,0,0,0,0,0,0.408736155,0
9,15,9015,0.776831192,0.01784186,0.13,0.87,0.66,0,0,5.34,0,4.224284786,5,0,,,1,,,0,0,0,0,0.347,0.0328,21.15245895,0
9,16,9016,0.795536031,0.018271464,0.13,0.87,0.44,0,0,3.56,0,5.746732827,4,0,,,0.091616832,,,0,0,0,0,1.2725,0.1204,7.483113514,0
9,17,9017,0.291038165,0.006684415,0.13,0.87,0.66,0,0,5.34,0,2.005743147,4,0,,,1,,,0.25,29.79756,19.478,0,0,0,58.64991882,0
10,1,10001,0.007858696,0.000180495,0,0.019192083,2.491149257,82.70311891,0.000135378,0.215759856,63.25669507,0,1.809455554,1.18714929,70.43130699,,0,40.7440245,,0,0,0,0,3.0169,0.2854,0,86.47688108
10,2,10002,0.001103643,2.53E-05,0,0.002727809,0.351422925,51.57163629,1.91E-05,0.03043694,0.289332466,0,0.255257352,0.369934547,7.019189896,,0,22.00656159,,0,0,0,0,0,0,0,1.243455513
10,3,10003,0,0,0,0.000876796,0.363634871,32.13036122,1.98E-05,0.031494623,8.535307752,0,0.264127545,0.584349934,5.653715905,,0,,,0,0,0,0,0,0,0,5.474318457
10,4,10004,0.008334404,0.00019142,0,0.023868326,2.689703209,24.30867986,0.000146168,0.232956727,77.37753448,0,1.953675958,1.41339123,105.388657,,0,,,0,0,0,0,2.7336,0.2586,3.271012255,1.939701623
10,5,10005,0.389757093,0.008951741,0,0.853804119,47.79808625,496.1623905,0.00259752,4.139819478,92.75882836,76.79854576,34.71831822,3.505035216,120.2741584,,0.359514308,1578.66819,,0.006817213,1.95624,0.791,0,12.5732,1.1894,9.462943395,113.6037862
10,6,10006,0.000551821,1.27E-05,0,0.001461326,0.80985413,21.79927088,4.40E-05,0.070141928,13.53264547,0,0.588240568,0.829632623,25.7647043,,0,,,0,0,0,0,0,0,0,34.17167011
10,7,10007,0.464728676,0.01067365,0,0.338540542,28.45972198,46.32650695,0.001546604,2.464912733,30.45224207,16.04633635,20.67182521,11.91371369,57.43237389,,0.209568603,,,0,0,0,0,3.2214,0.3047,5.22815113,51.06620431
10,8,10008,0.008619829,0.000197976,0,0.039845491,2.72528478,19.52311522,0.000148102,0.236038467,76.33180173,0,1.979520765,0.869961165,92.73584391,,0,,,0,0,0,0,1.2112,0.1146,0.029072879,109.5797951
10,9,10009,0.000551821,1.27E-05,0,0.002435543,0.874779515,129.1090594,4.75E-05,0.075765152,7.396221826,0,0.635399363,0.923298915,12.2216699,,0,1.68880245,,0,0,0,0,0,0,0.163734463,1.041032522
10,10,10010,5.71E-05,1.31E-06,0,0.000292265,0.352740761,9.791334825,1.92E-05,0.030551078,18.22794537,0,0.256214567,1.212103314,44.30536933,,0,,,0,0,0,0,0,0,0,11.00424763
10,11,10011,0.000380566,8.74E-06,0,0.001169061,0.396405059,16.39173183,2.15E-05,0.034332868,24.30392716,0,0.287930293,1.215296484,23.91639882,,0,,,0,0,0,0,0,0,0.164707419,0.413743695
10,12,10012,0.09008007,0.002068913,0,0.0851466,12.27775057,51.01698493,0.000667217,1.063382971,12.03401379,0,8.917989921,3.507400527,29.79643469,,0.085492876,,,0,0,0,0,2.9725,0.2812,0.309946878,35.02585064
10,13,10013,0.00567044,0.000130236,0,0.0268884,2.048268516,44.86052578,0.00011131,0.177401703,21.02237826,0,1.487767476,1.260119116,20.14891229,,0,,,0,0,0,0,7.5839,0.7175,0,24.50430399
10,14,10014,0.000818218,1.88E-05,0,0.002532965,2.527609385,370.6379978,0.000137359,0.218917689,1.962523157,0,1.835938504,1.566190281,22.9628372,,0,10.93345614,,0,0,0,0,0,0,0,7.293900943
10,15,10015,0.000894331,2.05E-05,0,0.005942726,1.03994829,17.28394922,5.65E-05,0.090070514,11.59366242,0,0.755370319,0.81307545,19.36347492,,0,,,0,0,0,0,0,0,0,15.36635185
10,16,10016,0.002188257,5.03E-05,0,0.0112035,1.483883299,32.73866157,8.06E-05,0.128519978,32.3329031,0,1.077824169,0.523324926,33.07999631,,0,,,0,0,0,0,0,0,0,34.16277239
10,17,10017,0.001712549,3.93E-05,0,0.0089628,0.781828152,31.92568309,4.25E-05,0.067714582,26.03992196,0,0.567883794,1.442129751,40.97228741,,0,18.5513415,,0,0,0,0,0.7945,0.0752,0,2.135451328
10,18,10018,0.002093115,4.81E-05,0,0.013736465,0.878733023,34.16836542,4.78E-05,0.076107568,9.554324058,0,0.638271009,1.425809109,16.78217665,,0,11.0963415,,0,0,0,0,0,0,0.008425649,1.579344211
10,19,10019,5.71E-05,1.31E-06,0,0.000779374,0.386477361,58.02303207,2.10E-05,0.033473024,0.746871274,0,0.280719273,0.391931933,3.804127701,,0,,,0,0,0,0,0,0,1.245319497,1.40806322
10,20,10020,0.005879751,0.000135043,0,0.007501474,0.988991966,10.9230097,5.37E-05,0.085657158,30.97127923,0,0.718358003,0.505585098,40.55942677,,0,,,0,0,0,0,1.1945,0.113,0,55.86429652
10,21,10021,0.003558296,8.17E-05,0,0.004871087,0.843063596,15.83338723,4.58E-05,0.073018218,19.99831504,0,0.612362387,0.582102889,32.64835402,,0,,,0,0,0,0,2.2446,0.2123,0,45.61413014
10,22,10022,0.003767607,8.65E-05,0,0.015197791,1.968671224,22.66464421,0.000106985,0.170507736,42.68289144,0,1.429951686,0.535506275,75.51407521,,0,,,0,0,0,0,0,0,0,67.97186066
10,23,10023,0.033565958,0.000770926,0,0.045203687,4.339458129,587.6807413,0.000235822,0.375842941,1.769306337,0,3.151981597,1.473943176,13.93010732,,0,117.4012374,,0,0,0,0,0,0,0,0.789672106
10,24,10024,0.001978945,4.55E-05,0,0.013249356,0.943043418,24.33600697,5.12E-05,0.081677528,4.990985042,0,0.684983104,1.994429729,10.35756257,,0,,,0,0,0,0,0,0,0,14.85695773
10,25,10025,0.00011417,2.62E-06,0,9.74E-05,0.316017065,25.72161859,1.72E-05,0.027370418,7.450311004,0,0.229540174,0.888292321,15.48663964,,0,,,0,0,0,0,0,0,0,2.4224026
10,26,10026,0.000818218,1.88E-05,0,0.009449909,1.650545621,223.8489644,8.97E-05,0.142954696,2.294696173,0,1.198879968,1.180408155,16.67955405,,0,210.2408325,,0,0,0,0,0,0,3.321049952,7.38510251
10,27,10027,0.000380566,8.74E-06,0,0.003117496,0.494276343,41.20778244,2.69E-05,0.042809556,2.40287453,0,0.359019466,0.527345954,2.991245752,,0,,,0,0,0,0,2.4669,0.2334,0,9.467167555
10,28,10028,0.000704048,1.62E-05,0,0.007501474,0.886464327,35.01242231,4.82E-05,0.07677718,13.74646848,0,0.64388667,0.962563067,24.10592833,,0,,,0,0,0,0,0,0,0,28.1701621
10,29,10029,0.000152227,3.50E-06,0,0.001461326,0.170088696,3.464693534,9.24E-06,0.014731479,4.556986342,0,0.123544558,0.463955635,4.143790799,,0,,,0,0,0,0,0,0,0,9.665141688
10,30,10030,3.81E-05,8.74E-07,0,0.000194843,0.122998024,3.515430027,6.68E-06,0.010652929,5.063318158,0,0.089340073,2.464653437,7.555080227,,0,,,0,0,0,0,0,0,0,8.833205442
10,31,10031,0.000665991,1.53E-05,0,0.001948435,0.538907055,2.139274005,2.93E-05,0.046675047,42.02554071,0,0.391437149,0.410144823,29.91128222,,0,,,0,0,0,0,0,0,0,39.98855055
10,32,10032,0.027020215,0.000620586,0,0.056114922,3.544451618,145.5585511,0.000192618,0.306986974,43.08170118,0,2.574525652,1.707635843,66.0571387,,0,259.6974629,,0,0,0,0,3.6447,0.3448,3.876969338,57.44808958
10,33,10033,0.001312954,3.02E-05,0,0.0022407,0.589863379,28.03993477,3.21E-05,0.051088403,8.755483439,0,0.428449465,0.248357592,18.71291206,,0,4.42992075,,0,0,0,0,0,0,0,17.22152519
10,34,10034,0.002625908,6.03E-05,0,0.005845304,2.28670897,341.532692,0.000124268,0.198053167,1.108129815,0,1.66095959,2.662984714,15.40040825,,0,,,0,0,0,0,0,0,0,0
10,35,10035,0.004376514,0.000100518,0,0.013346778,0.979152124,73.06994761,5.32E-05,0.084804923,9.171887662,0,0.711210797,0.715151599,17.31528075,,0,270.8728988,,0,0,0,0,1.0723,0.1014,0,13.44667008
10,36,10036,0.029246529,0.000671719,0,0.008183426,1.751140433,10.15859055,9.52E-05,0.15166727,8.390641519,0,1.271947385,0.841932237,18.53337933,,0,,,0,0,0,0,0,0,0.038985085,18.02454387
10,37,10037,0.000475708,1.09E-05,0,0.004286557,0.679827648,96.240013,3.69E-05,0.05888026,0.234186784,0,0.493795347,0.390631013,7.303641156,,0,21.44165139,,0,0,0,0,0,0,0.01252206,2.146573471
10,38,10038,0.008106065,0.000186176,0,0.030200739,1.828102054,13.13819695,9.93E-05,0.15833296,20.07064815,0,1.327848745,0.153035583,41.05627626,,0,3.68442075,,0,0,0,0,0,0,0,35.55081576
10,39,10039,0.020074878,0.00046107,0,0.020458565,2.044139297,44.76904502,0.000111086,0.177044069,143.1264668,0,1.484768202,1.140907471,75.56583661,,0,386.6487825,,0,0,0,0,0,0,0,78.92049758
11,1,11001,0,0,0.005545069,0.07228693,4.105743921,193.9894727,0.000356036,0.567435867,68.32188381,3.519780953,4.758762813,0.426110669,141.6334881,,0,4.61865366,,0,0,0,0,0.9091,0.086,0.072883396,77.45210433
11,2,11002,0.028789849,0.00066123,0.008070989,0.105215478,5.380709216,131.6672302,0.000466597,0.74364292,73.39603673,9.701498934,6.236511439,0.820171381,72.93215416,,0.02506886,,,0,0,0,0,3.0712,0.2905,0.631769787,33.12016354
11,3,11003,0.073772799,0.001694376,0.027605773,0.359875903,7.793932166,324.7139683,0.000675864,1.077163296,36.28784219,27.17503253,9.033557687,1.112405481,47.4332197,,0.054315863,0.37102683,,0,0,0,0,2.9532,0.2794,0.135934754,28.62102793
11,4,11004,0.016592696,0.000381093,0.004028021,0.052510317,3.144165613,89.72788899,0.000272651,0.434540579,19.31611845,5.37707368,3.6442454,0.209684767,35.86337805,,0.020890717,,,0,0,0,0,0,0,0.013265817,42.93068329
11,5,11005,0.099308806,0.002280874,0.00397571,0.051828365,4.228301798,70.48163595,0.000366664,0.584374024,26.25692131,10.59963375,4.90081353,0.198449543,29.31400641,,0,,,0,0,0,0,1.9459,0.1841,0.55125714,25.88376757
11,6,11006,3.81E-05,8.74E-07,8.97E-05,0.001169061,0.270607351,44.50713874,2.35E-05,0.03739939,0,0,0.313647471,0.043639977,1.565011619,,0,,,0,0,0,0,0,0,0,0
11,7,11007,0.57199132,0.013137203,0.051512342,0.671528046,23.67139867,112.3566086,0.002052704,3.271514462,54.68383611,42.72770766,27.43633648,0.935953325,71.11274029,,0.057101292,,,0,0,0,0,2.511,0.2375,5.208813068,48.08236528
11,8,11008,0.019351802,0.000444462,0.001830919,0.023868326,1.79542334,88.83464767,0.000155693,0.248137151,42.92212514,0,2.080985562,0.815559026,91.28563512,,0.002785429,,,0,0,0,0,0,0,0.002804961,50.96387274
11,9,11009,0.011302822,0.000259597,0.003034094,0.039553226,3.838550132,257.3734724,0.000332866,0.53050825,7.73964347,0,4.449071831,0.191471877,26.61986915,,0,,,0,0,0,0,0.8648,0.0818,0.313453866,32.6273193
11,10,11010,0.00249271,5.73E-05,0.000993927,0.012957091,0.611247774,63.36479754,5.30E-05,0.084477726,2.965657778,1.171369645,0.70846678,0.175860828,3.374628189,,0,,,0,0,0,0,0,0,0.004846808,5.103599629
11,11,11011,0.056342858,0.001294054,0.006875287,0.089628,4.554131768,68.21719206,0.000394919,0.629405476,26.85595001,13.0812397,5.278466782,0.592037193,38.12335033,,0,,,0,0,0,0,0,0,0.021218707,30.06349889
11,12,11012,0.005289873,0.000121495,0.001726295,0.022504422,1.269844953,55.49980282,0.000110117,0.175499394,22.28495257,3.543251375,1.471813892,0.07285156,45.04938833,,0,,,0,0,0,0,0,0,0.002557465,15.44302539
11,13,11013,0.010503633,0.000241242,0.000254087,0.003312339,1.199206248,86.92527534,0.000103991,0.165736746,7.911026148,0.93568749,1.389940096,0.519303898,17.98026746,,0,,,0,0,0,0,0,0,0,19.27931125
11,14,11014,0.071927052,0.001651984,0.009236799,0.120413269,7.445418528,344.6752857,0.000645642,1.028996839,45.35489245,0,8.629612928,0.803969005,56.01610775,,0.020890717,7.80879513,,0,0,0,0,3.0515,0.2887,0.460420675,36.70401698
11,15,11015,0.03478377,0.000798896,0.026768781,0.348964669,8.834352738,132.155641,0.000766085,1.220955008,3.571039156,0,10.23945723,0.270236713,8.650532972,,0.038996004,41.77291909,,0.006817213,0,0,0,0,0,20.7203041,7.971369273
11,16,11016,0.002093115,4.81E-05,0.000769733,0.010034439,0.968570604,31.79031963,8.40E-05,0.133861661,11.74150499,1.517362782,1.122621834,0.341787353,47.11660623,,0,,,0,0,0,0,0,0,0.000235122,15.66283049
11,17,11017,0.48609748,0.011164438,0.050645458,0.660227124,26.34135449,322.9994955,0.002284234,3.640516701,97.51139378,0,30.53094899,1.09289167,188.4027807,,0,25.89859758,,0,0,0,0,2.3832,0.2255,3.94268276,90.58889342
11,18,11018,0.019104434,0.000438781,0.00216721,0.028252304,1.698136831,30.475212,0.000147257,0.234691633,24.61044706,2.454810554,1.968225627,0.168764897,37.92467855,,0,,,0,0,0,0,0,0,0.061874146,23.65480649
11,19,11019,0.003425098,7.87E-05,0.00166651,0.021725048,2.419169154,212.5376119,0.000209782,0.334342173,23.65928178,0,2.803938197,0.354323498,43.93967935,,0,,,0,0,0,0,0,0,0.009650442,47.31133021
11,20,11020,2.109898254,0.048459061,0.152661267,1.990131281,75.29502261,170.4949657,0.006529331,10.40617662,61.14371784,111.2159638,87.27070185,2.502734934,62.35384391,,0.307789891,10.05563415,,0,0,0,0,1.4299,0.1353,22.64409584,58.6639201
11,21,11021,0.086731086,0.001991995,0.007480611,0.097519161,2.534349333,22.97646269,0.00021977,0.350260693,3.037990895,0,2.937437793,0.220801726,4.142205447,,0.030639718,,,0,0,0,0,0,0,0.020843337,2.538061996
11,22,11022,0.002740078,6.29E-05,0.000769733,0.010034439,1.100047787,61.02426846,9.54E-05,0.152032514,31.33612115,3.685638601,1.275010473,0.318962107,69.65553544,,0,11.54663415,,0,0,0,0,0,0,0,25.32910314
11,23,11023,0.053774034,0.001235054,0.006045769,0.078814187,7.481756443,373.2796699,0.000648793,1.034018934,120.8186968,4.104585634,8.671730391,0.770736394,315.7569142,,0,49.12328049,,0,0,0,0,3.6756,0.3477,0.994785677,106.1023251
11,24,11024,0.002644937,6.07E-05,0.001046239,0.013639043,0.518200689,20.46230754,4.49E-05,0.071618119,14.82828889,2.189790373,0.600620549,0.483469446,16.69731746,,0,,,0,0,0,0,0,0,0,7.001135831
11,25,11025,0.129297439,0.002969637,0.003086406,0.040235178,3.430629509,20.17579868,0.000297493,0.474131428,31.25108268,0,3.976271401,0.573824303,39.54608629,,0,,,0,0,0,0,0.5012,0.0474,0.108411753,29.09669991
11,26,11026,0.011397964,0.000261783,0.002234468,0.0291291,2.691428228,168.5292761,0.000233392,0.37196984,42.32122585,5.091125706,3.119500099,0.448699383,63.39481148,,0,9.09165366,,0,0,0,0,0,0,0,50.1189969
11,27,11027,0.166516834,0.003824473,0.022471727,0.292947169,13.05885557,203.5608016,0.00113242,1.804803994,98.40928396,0,15.13586757,1.118200492,174.3243721,,0,0.1491,,0,0,0,0,1.0909,0.1032,1.512113572,82.96096961
11,28,11028,0.035487818,0.000815066,0.009580563,0.124894669,4.930284244,101.5005498,0.000427538,0.681391769,70.5451524,6.665404261,5.714446339,0.498843963,65.98781484,,0.020890717,12.01158297,,0,0,0,0,0.8452,0.08,0.136448934,48.1836817
11,29,11029,0.005822666,0.000133732,0.001106024,0.014418417,1.863309171,163.2658981,0.00016158,0.257519337,17.15263543,0,2.159668641,0.466557476,27.10776152,,0,53.2109207,,0,0,0,0,1.6904,0.1599,0,12.1699901
11,30,11030,0.015279742,0.000350937,0.003594579,0.046859856,5.224015723,403.5840676,0.000453009,0.721987037,55.53439682,5.475062692,6.054895833,0.615690297,125.9498345,,0.023676145,8.41553415,,0,0,0,0,2.8648,0.271,0.031790936,64.51107916
11,31,11031,0.267309849,0.006139436,0.011486213,0.149737213,5.825903731,67.19182668,0.000505203,0.805171193,42.68606777,17.38884449,6.752514176,0.553246103,56.80514407,,0.022283431,2.90572683,,0,0,0,0,0,0,2.62135867,35.24437375
11,32,11032,0.124007566,0.002848142,0.006957492,0.090699639,3.388510562,87.46729382,0.00029384,0.468310363,21.05211325,19.46715035,3.927453432,0.457096235,28.96891033,,0,,,0,0,0,0,1.312,0.1241,9.689438657,31.41667403
11,33,11033,0.023823458,0.000547165,0.006770663,0.088264095,5.596149006,225.4471838,0.000485279,0.773417856,26.43929654,0,6.486216943,1.080355525,32.29497509,,0.009749001,10.34027713,,0,0,0,0,3.1842,0.3012,1.567089077,34.58839291
11,34,11034,0.000989473,2.27E-05,0.000411023,0.005358196,0.246547247,32.68809124,2.14E-05,0.034074154,0.361665583,0,0.285760606,0.074389012,1.106301317,,0,,,0,0,0,0,0,0,0,0.750428344
11,35,11035,0.059197106,0.001359609,0.004782808,0.062349913,3.971348694,135.7754934,0.000344382,0.548861724,23.54581408,0,4.602992014,0.460880731,49.58688388,,0,,,0,0,0,0,0,0,0.204783265,32.6273193
11,36,11036,0.001845747,4.24E-05,0.000246614,0.003214917,0.333207668,12.57533918,2.89E-05,0.04605109,7.450311004,1.711776111,0.386204374,0.088817406,6.390863176,,0.001392714,,,0,0,0,0,0,0,0,5.575837145
11,37,11037,0.274730894,0.006309878,0.012629604,0.164642739,8.536436894,249.9979818,0.000740251,1.179781438,42.06365675,22.07041133,9.89415785,1.211748518,52.36850626,,0.013927144,6.25875366,,0,4.17573,1.673,0,1.9459,0.1841,0.635103276,31.9988141
11,38,11038,0.002968418,6.82E-05,0.000440915,0.005747883,0.540554012,15.40524823,4.69E-05,0.074707468,9.692637617,0,0.62652917,0.207674253,12.03078433,,0,,,0,0,0,0,0.4668,0.0442,0.148468344,6.439602493
11,39,11039,0.006850195,0.000157332,0.002040167,0.026596135,1.725280152,43.51452942,0.00014961,0.238442986,28.93642295,0,1.999686096,0.175860828,28.46053352,,0.005570858,3.7102683,,0,0,0,0,0.5847,0.0553,0.030390027,25.6467902
11,40,11040,0.001293926,2.97E-05,0.00038113,0.004968509,0.940986823,185.2359521,8.16E-05,0.130049434,0.506331816,0,1.090650851,0.15575569,1.182361095,,0,,,0,0,0,0,0,0,0.014140305,1.138521721
11,41,11041,0.058074435,0.001333824,0.006583835,0.085828552,2.87834826,24.88273829,0.000249601,0.397803193,4.632495796,29.46398543,3.336149776,0.255926585,3.231736578,,0,,,0,0,0,0,0,0,0.038725493,2.026328251
11,42,11042,0.03739065,0.000858769,0.007465665,0.097324317,6.913453477,302.9721461,0.000599511,0.955476411,90.50909257,15.2334774,8.013038794,0.772865173,159.7966653,,0,,,0,0,0,0,0,0,0.422602288,91.48185163
11,43,11043,0.001693521,3.89E-05,0.0005007,0.006527257,1.099497212,149.593359,9.53E-05,0.151956421,0.457538807,0,1.27437233,0.601143638,5.944383761,,0,,,0,0,0,0,0,0,0,1.844302154
11,44,11044,0.091354968,0.002098194,0.004140119,0.053971643,2.835678739,31.42196968,0.000245901,0.391906035,21.8446012,0,3.286693664,0.252733416,49.43780812,,0,,,0,0,0,0,0.8943,0.0846,0.819237084,28.17111437
11,45,11045,0.000399595,9.18E-06,0.000343764,0.0044814,0.566541127,110.3787384,4.91E-05,0.078299027,0,0,0.656649538,0.096386399,4.85693261,,0.001392714,,,0,0,0,0,0,0,0,0.338293784
11,46,11046,0.0173348,0.000398137,0.00395329,0.0515361,3.335820586,180.4284919,0.000289271,0.461028325,38.70139369,4.367845534,3.866383111,0.530657388,42.43737132,,0,,,0,0,0,0,0,0,0.139600447,22.25526622
12,1,12001,0.149867054,0.00344207,0,2.897419935,0,1459.094733,0.003402727,5.423124557,2.55202285,0,45.48067014,0.43557191,27.93515708,,0.182239294,74.63071482,,0.015423814,3.80835,1.183,28,0,0,9.01711315,1.66334261
12,2,12002,0.001274897,2.93E-05,0,0.004286557,0,297.2377183,0.000116491,0.185657723,0.161853668,0,1.557006033,0.041747729,6.316573281,,0,,,0,0,0,0,0,0,0,0.447204764
12,3,12003,0.005308901,0.000121932,0,0.022017313,0,316.4026626,0.000172289,0.274586851,1.990545353,0,2.302804201,1.226768239,23.2234574,,0,24.86260992,,0,0,0,0,0,0,0.034666273,1.321461286
12,4,12004,0.000627935,1.44E-05,0,0.003994291,0,190.9299828,8.09E-05,0.128908049,0.578664932,0,1.0810787,0.024480963,4.393604129,,0,0.66660015,,0,0,0,0,0,0,0,0.315730402
12,5,12005,0.000723076,1.66E-05,0,0.005260774,0,39.29638296,2.66E-05,0.042398657,0.650998049,0,0.355573491,0.011708286,0.884827325,,0,,,0,0,0,0,0,0,0,0.056380429
12,6,12006,0.002816191,6.47E-05,0,0.008086004,0,92.14289029,5.68E-05,0.090511849,0.361665583,0,0.759071551,0.445269683,4.20251858,,0,,,0,0,0,0,0,0,0.000325903,0.299416065
12,7,12007,0.00702145,0.000161265,0,0.037215104,0,154.472889,0.000145218,0.231442489,1.739171134,0,1.940976905,1.352721018,13.16321394,,0,,,0,0,0,0,0,0,0,0.557566454
12,8,12008,0.001731577,3.98E-05,0,0.00954733,0,66.38199182,3.49E-05,0.0556996,0.506331816,0,0.467120954,0.26373211,3.816225102,,0,42.8276124,,0,0,0,0,0,0,0,0.221443131
12,9,12009,7.61E-05,1.75E-06,0,0.000681952,0,57.91957041,2.58E-05,0.041059432,0,0,0.344342168,0.024717494,1.894319872,,0,,,0,0,0,0,0,0,0,0.13819203
12,10,12010,0.000646963,1.49E-05,0,0.004286557,0,280.7680537,0.000116409,0.185528366,0,0,1.555921189,0.062089398,3.840213087,,0,24.36234147,,0,0,0,0,0,0,0,0.284541228
12,11,12011,0.011188653,0.000256975,0,0.048710869,0,435.2818497,0.000275005,0.438291932,1.229662981,0,3.675705869,0.373364247,17.39174608,,0,98.03115729,,0,0,0,0,0,0,0,1.109374907
12,12,12012,0.00498542,0.000114503,0,0.037994478,0,555.5018651,0.000276461,0.440612748,0.289332466,0,3.695169242,0.287976541,11.69167897,,0,85.56530718,,0,0,0,0,0,0,0,0.748300245
12,13,12013,0.001579351,3.63E-05,0,0.00506593,0,124.6158216,6.09E-05,0.097048182,0.361665583,0,0.813888067,0.194191984,2.884308766,,0,,,0,0,0,0,0,0,0.004265092,0.333244322
12,14,12014,0,0,0,0.014905526,0,73.7149266,6.66E-05,0.106125999,1.449838668,0,0.890018572,0.300039624,5.821130981,,0,,,0,0,0,0,0,0,0,0.112760858
12,15,12015,0.013624278,0.000312915,0,0.011300922,0,25.7787849,5.54E-05,0.088366045,0.795664282,0,0.741075907,0.248002795,1.773922813,,0,2.29291479,,0,0,0,0,1.3168,0.1246,0.171694761,0.09356752
12,16,12016,0.000399595,9.18E-06,0,0.003702026,0,125.4879971,6.10E-05,0.097177539,0,0,0.814972911,0.547332827,9.528417387,,0,,,0,0,0,0,0,0,0,0.431610177
12,17,12017,0.002017002,4.63E-05,0,0.004773665,0,82.26713248,6.22E-05,0.099201596,2.09766038,0,0.831947525,0.413811054,5.190695133,,0,21.71735859,,0,0,0,0,1.4905,0.141,0,0.345959908
12,18,12018,0.001503237,3.45E-05,0,0.016172009,0,110.8532224,5.49E-05,0.087468155,0.650998049,0,0.733545815,0.1272537,5.501691962,,0,,,0,0,0,0,0,0,0.023160443,0.225521716
12,19,12019,0.052384967,0.001203151,0,0.004383978,0,169.2657353,6.87E-05,0.109512109,0,0,0.918415953,0.103718861,3.207228902,,0,,,0,0,0,0,0,0,0,0.246874303
12,20,12020,0.000551821,1.27E-05,0,0.001948435,0,204.1774766,9.01E-05,0.143593872,0,0,1.204240372,0.038791091,3.486608634,,0,12.6289149,,0,0,0,0,0,0,0.011753801,0.256950806
12,21,12021,0.007877725,0.000180932,0,0.047152122,0,556.7575477,0.000330111,0.526117721,2.0285036,0,4.412250958,0.431314351,21.96579967,,0,101.8983487,,0,0,0,0,0,0,0.077019631,1.435661644
12,22,12022,0.004281372,9.83E-05,0,0.028349726,0,236.2623618,0.000193735,0.308767535,5.465711284,0,2.589458207,1.295953568,22.97789518,,0,40.43613744,,0,0,0,0,0,0,0.743911444,1.59832518
12,23,12023,0.007440073,0.00017088,0,0.034389874,0,207.5871074,0.000107901,0.171968709,3.471989594,0,1.442204039,0.796045215,9.234630593,,0,,,0,0,0,0,0,0,0,0.320048903
12,24,12024,0.000894331,2.05E-05,0,0.001461326,0,77.16707604,3.38E-05,0.053888602,0.072333117,0,0.451933142,0.013009207,2.194546606,,0,,,0,0,0,0,0,0,0,0.166022369
12,25,12025,0.001331982,3.06E-05,0,0.005650461,0,174.1804367,7.07E-05,0.112700378,0,0,0.94515416,0.042575587,8.20469864,,0,6.31090245,,0,0,0,0,0,0,0,0.509343194
12,26,12026,0.000818218,1.88E-05,0,0.004091713,0,86.51867691,4.07E-05,0.06494482,0.072333117,0,0.544655375,0.334691422,2.660080857,,0,,,0,0,0,0,0,0,0,0.206568295
12,27,12027,0.002283398,5.24E-05,0,0.023283796,0,91.16423593,9.22E-05,0.146949545,4.560162679,0,1.232382495,0.877884955,16.68194893,,0,,,0,0,0,0,0,0,0,0.772052001
12,28,12028,0.064905602,0.001490719,0,0.081152308,0,1056.338977,0.000552169,0.880023237,0.723331165,0,7.380255819,0.148423228,10.70176605,,0,0.29130732,,0,0,0,0,0,0,0.063232473,1.069308815
12,29,12029,0.067112887,0.001541414,0,0.520426929,0,454.2700099,0.00106395,1.695679956,1.544406142,3.898437094,14.22070615,0.540828223,10.09334274,,0.049227219,326.8230525,,0,0,0,0,0,0,3.050585531,0.746620828
12,30,12030,0.003710523,8.52E-05,0,0.024063169,0,181.8158514,8.68E-05,0.138267408,0.867997399,0,1.159570336,0.213350998,8.12724609,,0,,,0,0,0,0,0,0,0,0.285260978
12,31,12031,0.000875303,2.01E-05,0,0.002922652,0,62.90689006,2.87E-05,0.045799985,0,0,0.3840985,0.218791212,3.38348296,,0,,,0,0,0,0,0,0,0,0.240156635
12,32,12032,0.002682993,6.16E-05,0,0.012469983,0,385.4091746,0.000167113,0.266338441,0,0,2.233629459,0.270354979,13.7864255,,0,0.74145132,,0,0,0,0,0,0,0,1.017966637
12,33,12033,0.001370039,3.15E-05,0,0.010424126,0,87.12796492,6.28E-05,0.100145141,1.449838668,0,0.839860502,0.020341669,2.886424967,,0,37.35172686,,0,0,0,0,0,0,0,0.189534208
12,34,12034,0.016231158,0.000372789,0,0.036046043,0,152.6533954,0.00016063,0.2560051,6.978354058,0,2.146969588,0.639225136,11.25758392,,0,28.156683,,0,0,0,0,0,0,0.083764429,0.723348907
12,35,12035,0.063687789,0.001462748,0,0.32441439,0,116.3849236,0.000600376,0.956853682,5.289846518,0,8.024589189,0.591091069,8.616605419,,0,0.2982,,0,0,0,0,0.823,0.0779,0.274240209,0.490389773
12,36,12036,0.002359512,5.42E-05,0,0.010131861,0,119.8176887,5.13E-05,0.08175362,0.361665583,0,0.685621247,0.042457322,4.432661999,,0,,,0,0,0,0,0,0,0.055297417,0.284061395
12,37,12037,0.003995947,9.18E-05,0,0.003994291,0,57.81255683,2.77E-05,0.044118344,0.072333117,0,0.369995532,0.136714941,1.928193526,,0,,,0,0,0,0,0,0,0.010315572,0.135073113
12,38,12038,0.034574459,0.000794088,0,0.82974095,0,155.3954839,0.000508511,0.810444393,2.784903884,17.37652251,6.796737512,0.632720532,11.8047721,,0.028071343,50.50145865,,0,1.38177,0.579,0,0,0,0.325576799,0.575320291
12,39,12039,0.003995947,9.18E-05,0,0.025524496,0,184.6365184,0.000109186,0.174015593,0.14784257,0,1.459370096,0.098042116,6.079956197,,0,3.5784,,0,0,0,0,0,0,0.156122215,0.426811842
12,40,12040,0.051414522,0.001180862,0,0.01734107,0,199.3469327,0.000107959,0.17206002,0.309696238,0,1.442969811,0.057240512,7.833492516,,0,9.27632271,,0,0,0,0,0,0,0,0.616585967
12,41,12041,0.00045668,1.05E-05,0,0.003117496,0,290.7711015,0.000130847,0.208538692,0.017187435,0,1.748895747,0.035597922,4.925266355,,0,1.56404415,,0,0,0,0,0,0,0,0.422733258
12,42,12042,0.013985816,0.000321219,0,0.005747883,0,177.5217704,7.79E-05,0.124228369,0.726507502,0,1.041832882,0.039618949,3.706756545,,0,11.1462792,,0,0,0,0,0,0,0,0.267267225
12,43,12043,0.000551821,1.27E-05,0,0.004091713,0,210.2710154,8.50E-05,0.135497646,0.072333117,0,1.136341917,0.011944818,2.490474366,,0,16.3837683,,0,0,0,0,0,0,0,0.368751997
12,44,12044,0.000780161,1.79E-05,0,0.005553039,0,103.5493254,5.32E-05,0.084751659,0.144666233,0,0.710764097,0.217017229,4.083835362,,0,50.29906653,,0,0,0,0,0,0,0,0.2296003
12,45,12045,0.009323877,0.000214146,0,0.012372561,0,220.7792817,0.000105619,0.168331495,0.795664282,0,1.411700785,0.047897536,5.274246618,,0,,,0,0,0,0,0,0,0,0.383386916
12,46,12046,0.025193497,0.000578631,0,0.060596322,0,574.2655321,0.000283074,0.451151539,0.506331816,0,3.7835521,0.575598286,12.83071013,,0,,,0,0,0,0,0,0,0.040867762,0.823154262
12,47,12047,0.000475708,1.09E-05,0,0.001363904,0,77.32293849,3.22E-05,0.051263416,0,0,0.429917195,0.279224893,3.290212582,,0,,,0,0,0,0,0,0,0,0.235598218
12,48,12048,0.010294321,0.000236435,0,0.075696691,0,252.1355778,0.000206536,0.329167894,4.519028095,0,2.760544448,0.636268498,19.2062173,,0,76.87730595,,0,0,0,0.4,0,0,0.139105269,0.763414999
12,49,12049,0.005784609,0.000132858,0,0.010229283,0,59.38236289,5.22E-05,0.083191765,3.037990895,0,0.697682157,0.080184023,3.144271909,,0,,,0,0,0,0,0,0,0.08946775,0.241596136
12,50,12050,0.014823062,0.000340448,0,0.124894669,0,36.88851438,0.000175975,0.280461181,1.446662331,6.353443235,2.35206887,0.761393418,2.817380633,,0.008479766,,,0,0,0,0,0,0,0.002586201,0.130994528
12,51,12051,0.002093115,4.81E-05,0,0.013931309,0,378.0030632,0.000167381,0.266764558,0.578664932,0,2.237203062,0.199277401,9.532978383,,0,16.08382995,,0,0,0,0,0,0,0,0.688321066
12,52,12052,0.012159097,0.000279264,0,0.024258013,0,476.1106141,0.000219135,0.349248664,0.512684489,0,2.928950486,0.274730803,19.98671915,,0,40.09364964,,0,0,0,0,0,0,0,1.327459204
12,53,12053,0.009038452,0.000207591,0,0.054069065,0,422.2072363,0.000205418,0.327387333,2.242326613,0,2.745611893,0.500499681,28.92074318,,0,0.89115366,,0,0,0,0,0,0,0,1.545543501
12,54,12054,0.002169229,4.98E-05,0,0.007696317,0,291.0443279,0.000129042,0.205662401,1.012663632,0,1.724773928,0.773574766,13.35317659,,0,15.66711237,,0,0,0,0,0,0,0.019837639,0.850744684
12,55,12055,0.147678797,0.003391811,0,0.200981047,0,293.5432854,0.000463842,0.739252391,0.81920439,3.468732785,6.199690566,0.267634872,6.543615565,,0.024452411,8.05110087,,0,0,0,0,0,0,5.177524441,0.517500362
12,56,12056,0.002511738,5.77E-05,0,0.008183426,0,460.5181073,0.00020475,0.32632204,0.144666233,0,2.736677885,0.229553374,9.425125504,,0,17.0603415,,0,0,0,0,0,0,0,0.591634628
12,57,12057,0.031720211,0.000728534,0,0.079788404,0,334.0947599,0.000271677,0.432988295,5.899709983,0,3.631227275,0.572878179,22.55728677,,0,14.5368498,,0,0,0,0,0,0,0,0.796283589
12,58,12058,0.010123067,0.000232501,0,0.055043282,0,405.2112259,0.000238075,0.379434499,1.305172435,0,3.182101964,0.320381294,10.23969728,,0,,,0,0,0,0,0,0,0.047957491,0.731985909
12,59,12059,0.003672466,8.43E-05,0,0.015879743,0,160.2166471,0.000133526,0.212807473,1.739171134,0,1.784695591,0.469395849,7.418795646,,0,17.64295614,,0,0,0,0,0,0,0.079251366,0.489909939
12,60,12060,0.003368013,7.74E-05,0,0.003994291,0,125.6185044,5.90E-05,0.09408819,0.161853668,0,0.789064289,0.046360084,2.236921414,,0,,,0,0,0,0,0,0,0,0.185935457
12,61,12061,0.025516978,0.000586061,0,0.049197978,0,264.8376302,0.000189362,0.301797475,1.084996748,0,2.531004274,0.147240572,3.487697667,,0,4.88950026,,0,0,0,0,0,0,0.545212565,0.210646879
12,62,12062,0.007649385,0.000175687,0,0.00613757,0,218.3728885,9.60E-05,0.152998887,0.144666233,0,1.283114894,0.086806892,7.128748449,,0,33.6584922,,0,0,0,0,0,0,0,0.523738197
12,63,12063,3.81E-05,8.74E-07,0,0.001266483,0,95.82250125,4.13E-05,0.065835101,0,0,0.552121652,0.020459935,1.558487118,,0,,,0,0,0,0,0,0,0,0.115160025
12,64,12064,0.004014976,9.22E-05,0,0.011982874,0,59.41441374,5.13E-05,0.081715574,1.88066103,0,0.685302176,0.561406423,19.76628385,,0,,,0,0,0,0,0,0,0,0.313091318
12,65,12065,0.000723076,1.66E-05,0,0.005455617,0,66.59807862,2.93E-05,0.046690265,0,0,0.391564778,0.016557173,1.773133713,,0,,,0,0,0,0,0,0,0,0.144429865
12,66,12066,0.009761529,0.000224198,0,0.079106452,0,518.3823642,0.000337731,0.53826206,0.292508803,0,4.514098642,0.184021149,4.925683463,,0,26.70313905,,0,0,0,0,0,0,0.121108783,0.426332009
12,67,12067,0.008981367,0.000206279,0,0.026109026,0,105.2576446,9.65E-05,0.153851121,1.229662981,0,1.2902621,0.448699383,8.668482868,,0,,,0,0,0,0,0,0,0,0.395622669
12,68,12068,0.001674492,3.85E-05,0,0.043839782,0,208.9065444,0.000116514,0.185695769,4.947238956,0,1.557325105,0,7.325461158,,0,,,0,0,0,0,0,0,0,0.435688761
12,69,12069,0.000266396,6.12E-06,0,0.000876796,0,143.1736985,6.03E-05,0.0960742,0,0,0.805719832,0.02270698,1.359721837,,0,,,0,0,0,0,0,0,0,0.098365855
12,70,12070,0.001427124,3.28E-05,0,0.00389687,0,55.75867682,3.22E-05,0.051347117,0.289332466,0,0.430619153,0.040210277,1.017137791,,0,,,0,0,0,0,0,0,0,0.068136348
12,71,12071,0.01790565,0.000411248,0,0.009839596,0,298.1694051,0.000130374,0.207785378,0,0,1.742578128,0.042693853,6.818250566,,0,,,0,0,0,0,0,0,0,0.494468357
12,72,12072,1.90E-05,4.37E-07,0,0.000876796,0,103.1526435,4.64E-05,0.073931327,0,0,0.620020108,0.027319335,1.717827358,,0,,,0,0,0,0,0,0,0,0.117319275
12,73,12073,0.00180769,4.15E-05,0,0.011885452,0,137.647092,9.16E-05,0.145952735,1.374329214,0,1.224022817,1.508240177,23.06341049,,0,,,0,0,0,0,0,0,0.007290332,0.969263543
12,74,12074,0.054078487,0.001242047,0,0.004578822,0,249.6048447,0.0001019,0.162403901,0.144666233,0,1.361989416,0.03855456,5.442652149,,0,3.7275,,0,0,0,0,0,0,0,0.37067133
12,75,12075,0.043023033,0.000988131,0,0.062155069,0,269.5580387,0.000190756,0.304019372,0.949859525,0,2.549638061,0.04434957,7.015692058,,0,34.63868646,,0,0,0,0,0,0,3.027025259,0.497347358
12,76,12076,7.61E-05,1.75E-06,0,0.002532965,0,0,0.000152365,0.242833514,0,0,2.036506969,0.041274666,3.886443542,,0,,,0,0,0,0,0,0,0,0.294137897
12,77,12077,0.003520239,8.09E-05,0,0.020458565,0,47.24572304,6.32E-05,0.100731052,0.361665583,0,0.844774206,0.166163056,5.768968458,,0,,,0,0,0,0,0,0,0,0
12,78,12078,1.90E-05,4.37E-07,0,0.001266483,0,79.06788386,8.81E-05,0.140481695,0,0,1.178140308,0.010880428,2.571726569,,0,13.70818395,,0,0,0,0,0,0,0,0
12,79,12079,0.001408096,3.23E-05,0,0.000974217,0,70.40819037,7.85E-05,0.125095822,0,0,1.049107717,0.011116959,4.852941947,,0,,,0,0,0,0,0,0,0,0
12,80,12080,0.000894331,2.05E-05,0,0.002922652,0,25.2395946,3.38E-05,0.053812509,0.072333117,0,0.451294998,0.175742563,4.194709266,,0,,,0,0,0,0,0,0,0,0
12,81,12081,0.000323481,7.43E-06,0,0.002435543,0,45.60257975,5.08E-05,0.081023133,0,0,0.679495071,0.009461242,1.180322476,,0,14.48404905,,0,0,0,0,0,0,0,0
13,1,13001,0.002283398,5.24E-05,0.000147525,0.004676243,1.510591886,50.09898896,8.18E-05,0.130407068,11.751034,0,1.093650125,0.47542739,10.03179203,,0,0.341551464,,0,0,0,0,0,0,0.026572556,7.5601666
13,2,13002,0.00475708,0.000109258,0.000411841,0.013054513,3.065872188,376.153412,0.000166068,0.264672018,1.591328564,0,2.219654119,0.166990914,6.867893112,,0,7.70989856,,0,0,0,0,0,0,0,1.770129642
13,3,13003,0.04996837,0.001147648,0.002766095,0.087679565,4.299166719,78.42695407,0.000232871,0.371140433,7.377977888,0,3.112544336,0.377148743,9.173704852,,0,,,0,0,0,0,0,0,0.003152922,7.941600987
13,4,13004,0.001351011,3.10E-05,0.000165966,0.005260774,0.761377798,93.14959891,4.12E-05,0.065728571,0.867997399,0,0.551228252,0.295900331,2.070721784,,0,0.0110205,,0,0,0,0,0,0,0.302901197,3.019498563
13,5,13005,0.034498345,0.00079234,0.000365739,0.011593187,1.475422895,28.33995626,7.99E-05,0.127370983,8.17364217,0,1.068188204,0.183784618,10.21388023,,0,,,0,0,0,0,1.3768,0.1302,0.01999583,17.58024239
13,6,13006,0.003672466,8.43E-05,0.000178259,0.005650461,1.411960055,121.2445688,7.65E-05,0.121892334,8.082408826,0,1.02224188,0.285611231,16.22738879,,0,,,0,0,0,0,0,0,0.007743409,18.17637637
13,7,13007,0.00260688,5.99E-05,5.53E-05,0.001753591,0.966574315,39.83373367,5.24E-05,0.08344287,11.93496423,0,0.699788031,0.224349691,38.09087514,,0,11.35146796,,0,0,0,0,0.5072,0.048,0.001432427,29.32019898
13,8,13008,0.023804429,0.000546728,0.00135846,0.043060409,3.46718651,34.94032079,0.000187806,0.299316865,26.27410874,0,2.5102008,0.108449482,86.62577672,,0,0.73171464,,0,0,0,0,1.2898,0.122,0.032060541,59.15202254
13,9,13009,0.001370039,3.15E-05,0.000335005,0.01061897,1.31103651,27.79278376,7.10E-05,0.11317976,2.820991545,0,0.949174463,0.167700507,2.501847912,,0,0.29130732,,0,0,0,0,0,0,0.009341914,3.677301579
13,10,13010,0.182938275,0.004201632,0.000500971,0.015879743,2.367163944,18.33328663,0.000128221,0.204353613,4.563339016,0,1.713797861,0.165335197,3.69716035,,0,,,0,0,0,0,0.3841,0.0363,0,4.268867485
13,11,13011,0.001370039,3.15E-05,0.000353445,0.0112035,1.750340394,290.5662177,9.48E-05,0.151104187,0.006352674,0,1.267225124,0.147950166,3.248201433,,0,,,0,0,0,0,0,0,0.002636496,0.137042295
13,12,13012,0.009361934,0.00021502,0.000700744,0.022212156,1.996170757,88.58917116,0.000108126,0.172326343,3.501882376,0,1.445203313,0.251195964,7.074433798,,0,,,0,0,0,0,0,0,0.00015134,13.69052526
13,13,13013,0.03739065,0.000858769,0.00077758,0.0246477,2.460242777,12.75881314,0.000133263,0.212388965,2.888435533,0,1.781185802,0.189934425,3.143206394,,0,,,0,0,0,0,0.4927,0.0466,1.17613129,4.8490132
13,14,13014,0.001902832,4.37E-05,0.000202847,0.006429835,1.416543482,178.5974231,7.67E-05,0.122288014,0.072333117,0,1.025560226,0.090709654,2.839181121,,0,,,0,0,0,0,0,0,0,0
13,15,13015,0.000989473,2.27E-05,0.00010757,0.003409761,1.332631504,114.9840262,7.22E-05,0.115044023,1.594504901,0,0.964808976,0.132930444,5.625220509,,0,3.27720735,,0,0,0,0,0,0,0.024911771,3.263890656
13,16,13016,0.020379331,0.000468062,0.000639275,0.020263722,4.00247794,176.0362764,0.000216801,0.345527749,11.79982701,0,2.897745274,0.166636118,39.35782237,,0,5.558673369,,0,0,0,0,1.3406,0.1268,0,24.60822808
13,17,13017,0.002968418,6.82E-05,0.000119864,0.003799448,1.025894443,87.93477502,5.56E-05,0.088563885,1.817856924,0,0.74273508,0.368751891,4.929269524,,0,,,0,0,0,0,0.7319,0.0692,0.014697945,6.059553471
13,18,13018,0.001845747,4.24E-05,0.000408767,0.012957091,1.762856676,242.9007568,9.55E-05,0.152184698,0,0,1.27628676,0.470578504,2.4304721,,0,,,0,0,0,0,0,0,0.006227943,0
13,19,13019,0.000285425,6.56E-06,8.61E-05,0.002727809,1.291028087,88.84197675,6.99E-05,0.111452464,7.160978538,0,0.934688609,0.19324586,3.818188713,,0,,,0,0,0,0,0,0,0,10.93140705
13,20,13020,0.00011417,2.62E-06,6.15E-06,0.000194843,0.199819804,22.5788877,1.08E-05,0.017250136,0.168206341,0,0.144667104,0.088935671,1.02843485,,0,,,0,0,0,0,0,0,6.23E-05,1.279061419
13,21,13021,0.005689468,0.000130673,0.000417988,0.013249356,1.105487422,3.077408086,5.99E-05,0.095435024,5.931315557,0,0.800359427,0.085032909,9.343607292,,0,,,0,0,0,0,1.1087,0.1049,0,6.769889366
13,22,13022,0.001940889,4.46E-05,6.45E-05,0.002045857,0.994515594,32.41692051,5.39E-05,0.085854998,2.534835416,0,0.720017176,0.085742502,31.69573214,,0,5.830777575,,0,0,0,0,0,0,0.058272784,22.155171
13,23,13023,0.006317402,0.000145095,0.000783727,0.024842543,2.569716177,38.40220383,0.000139193,0.221839635,10.84996748,0,1.86044321,0.118975113,7.593563802,,0,,,0,0,0,0,0,0,0.021984638,15.14088954
13,24,13024,0.000418623,9.61E-06,0.000507117,0.016074587,1.29860837,74.00536034,7.03E-05,0.112106858,4.849495145,0,0.940176642,0.163916011,7.313690992,,0.011141716,0.0603855,,0,0,0,0,0,0,0,13.02130205
13,25,13025,0.002625908,6.03E-05,0.000224361,0.007111787,2.021732179,322.2291782,0.00010951,0.174533021,0.324272171,0,1.463709471,0.310683521,6.089798674,,0,,,0,0,0,0,0,0,0.003383849,1.073497976
13,26,13026,0.000266396,6.12E-06,2.46E-05,0.000779374,1.118708847,174.6788772,6.06E-05,0.09657641,0,0,0.809931578,0.101826613,2.19781388,,0,,,0,0,0,0,0,0,0,0
13,27,13027,0.001560322,3.58E-05,0.000215141,0.006819522,2.009832896,319.6956373,0.000108866,0.173505775,0,0,1.455094535,0.369816281,3.721599034,,0,,,0,0,0,0,0,0,0,0
13,28,13028,0.031206446,0.000716734,0.003934002,0.124699826,10.87532726,1406.095266,0.000589079,0.938850232,0.328754258,0,7.873604466,0.469395849,11.68249025,,0,,,0,0,0,0,0,0,0.642146654,2.512442072
13,29,13029,0.029094302,0.000668223,0.00126011,0.039942913,3.438099375,113.3068503,0.00018623,0.296805817,11.28094764,0,2.489142068,0.521314412,14.14935174,,0,,,0,0,0,0,2,0.1892,3.656360426,22.73303268
13,30,13030,0.032614542,0.000749074,0.004785345,0.151685647,6.219358353,155.7156621,0.000336881,0.536907616,19.46078469,0,4.502739689,0.484297304,19.33684657,,0,,,0,0,0,0,0,0,0.000195481,25.79364393
13,31,13031,0.001331982,3.06E-05,0.00048253,0.015295213,1.016992016,82.60140295,5.51E-05,0.087795353,0.220175686,0,0.736289832,0.365322191,2.234123621,,0,,,0,0,0,0,0,0,0.011293336,2.626643985
13,32,13032,0.009837642,0.000225946,0.000301197,0.00954733,0.934490324,148.0620456,5.06E-05,0.080673109,0.14784257,0,0.676559611,0.040801604,0.702795602,,0,,,0,0,0,0,0,0,0,0
13,33,13033,3.81E-05,8.74E-07,3.69E-05,0.001169061,0.239484079,27.10974782,1.30E-05,0.020674291,0,0,0.173383556,0.063390319,0.528618775,,0,,,0,0,0,0,0,0,0,0
13,34,13034,0.00011417,2.62E-06,6.15E-06,0.000194843,0.841147063,102.1342894,4.56E-05,0.072614929,0,0,0.608980228,0.115545413,0.811369927,,0,1.056700035,,0,0,0,0,0,0,3.504463389,0
13,35,13035,0.003082588,7.08E-05,2.46E-05,0.000779374,0.783413507,57.04336054,4.24E-05,0.06763088,5.679534297,0,0.567181836,0.38199763,11.44342804,,0,0.73379331,,0,0,0,0,0.7174,0.0679,0.247166288,14.00572253
13,36,13036,0.001103643,2.53E-05,0.00020592,0.006527257,0.729910807,58.82217616,3.95E-05,0.063012074,0.67136182,0,0.528446533,0.06812094,3.00080852,,0,0.269447453,,0,0,0,0,0,0,0,1.715312724
13,37,13037,0.001103643,2.53E-05,0.000230508,0.00730663,1.742231253,165.9849484,9.44E-05,0.150404137,9.988322757,0,1.261354205,0.082076271,11.18837955,,0,0.401969565,,0,0,0,0,0,0,0,13.64027641
13,38,13038,0.000247368,5.68E-06,0.000510191,0.016172009,0.579803561,66.15220638,3.14E-05,0.050053547,0.361665583,0,0.419770715,0.058541432,2.113542072,,0,2.516197298,,0,0,0,0,0,0,0,1.587406582
13,39,13039,0.00317773,7.30E-05,0.001232449,0.039066117,1.009852447,28.09745713,5.47E-05,0.087179005,0,0,0.73112087,0.080302288,0.695773309,,0,0.504182928,,0,0,0,0,0,0,0.415261863,0.605270136
13,40,13040,0.000380566,8.74E-06,9.84E-05,0.003117496,0.844408348,92.87607148,4.57E-05,0.072896471,0,0,0.611341358,0.380105381,1.371115742,,0,,,0,0,0,0,0,0,0,0
13,41,13041,0.019960708,0.000458447,0.000989647,0.0313698,3.372256678,50.0617739,0.000182664,0.291121719,15.06565201,0,2.441472758,0.186031663,15.4040074,,0,,,0,0,0,0,0,0,0.651822691,22.43153963
13,42,13042,0.001255869,2.88E-05,0.000227434,0.007209209,0.913953044,100.911163,4.95E-05,0.078900157,0.289332466,0,0.661690871,0.166990914,1.48141546,,0,,,0,0,0,0,0,0,0.000207598,0
13,43,13043,0.00022834,5.24E-06,4.00E-05,0.001266483,0.526653432,67.02729768,2.85E-05,0.045465179,0.072333117,0,0.38129067,0.102772737,0.613377012,,0,0.597822,,0,0,0,0,0,0,0.048370355,0.137042295
13,44,13044,0.001560322,3.58E-05,0.000119864,0.003799448,1.348144643,103.8806796,7.30E-05,0.116383248,10.1940803,0,0.9760403,0.441248655,7.558963323,,0,,,0,0,0,0,3.0434,0.2879,0,12.22188866
13,45,13045,0.000551821,1.27E-05,7.07E-05,0.0022407,0.640710259,55.43032015,3.47E-05,0.055311529,1.157329865,0,0.463866423,0.101826613,1.934715211,,0,0.337890872,,0,0,0,0,0,0,0,1.187699889
13,46,13046,0.007953838,0.00018268,0.000457942,0.014515839,3.560441628,565.1982107,0.000192857,0.307367435,0.289332466,0,2.577716369,0.641708712,5.672667351,,0,,,0,0,0,0,0,0,0,0.525328797
13,47,13047,0.000133198,3.06E-06,1.23E-05,0.000389687,0.361209333,39.06654504,1.96E-05,0.031182645,0,0,0.261511157,0.064572974,0.575924797,,0,,,0,0,0,0,0,0,0,0.267232475
13,48,13048,0.127337522,0.002924623,0.02226092,0.705625654,25.85432044,20.1200946,0.00140044,2.231963615,2.404180281,0,18.71821307,0.048370598,11.71295998,,0.052923149,0.844226352,,0.023871084,0,0,0,0.8406,0.0795,13.78880545,9.147573182
13,49,13049,0.001103643,2.53E-05,0.000159819,0.00506593,1.526810167,234.8115785,8.27E-05,0.131807167,0,0,1.105391963,0.399264396,1.969816401,,0,,,0,0,0,0,0,0,0,0.27408459
13,50,13050,0.012482578,0.000286693,0.000940472,0.029811052,1.711910118,11.52202829,9.27E-05,0.147786561,3.97832141,0,1.239402073,0.055939591,7.19315506,,0,,,0,0,0,0,0,0,1.842038629,8.894044936
13,51,13051,0.057636783,0.001323772,0.004204465,0.133272939,7.3897189,9.034790673,0.000400276,0.637943037,5.135651275,0,5.350066469,0.192772798,13.29084079,,0.015319859,1.39404879,,0,0,0,0,0.7464,0.0706,2.310543066,8.382420369
13,52,13052,0.006507686,0.000149465,0.000325785,0.010326704,2.552880895,59.05965682,0.000138281,0.220386271,4.343163329,0,1.848254672,0.164270807,9.927012272,,0,0.66233415,,0,0,0,0,1.4348,0.1357,0.033838489,14.16103714
13,53,13053,0.001141699,2.62E-05,0.000313491,0.009937017,1.586482866,240.9828552,8.59E-05,0.136958619,0,0,1.14859427,0.288094807,2.442307406,,0,0.22192683,,0,0,0,0,0,0,0,0
13,54,13054,0.001769634,4.06E-05,0.000150599,0.004773665,2.42207693,80.54807327,0.000131196,0.209094166,13.16462721,0,1.753554194,0.136833207,10.07790897,,0,2.56617075,,0,0,0,0,0,0,0.019431181,13.42557682
13,55,13055,0.001465181,3.37E-05,0.000101423,0.003214917,1.198918825,62.06356254,6.49E-05,0.103500813,3.336852371,0,0.868002625,0.204954146,5.765466056,,0,,,0,0,0,0,0,0,0.000809633,5.228163549
13,56,13056,0.021368804,0.000490788,0.000513264,0.01626943,2.704045855,27.81011956,0.000146469,0.233436109,4.053830863,0,1.957696261,0.158121,4.292435078,,0,6.253471365,,0,0,0,0,0.7681,0.0727,0,2.115019417
13,57,13057,0.008029951,0.000184428,0.000230508,0.00730663,1.116240847,89.7198472,6.05E-05,0.096363351,12.3640738,0,0.808144776,0.109159075,46.06620592,,0,8.154888107,,0,0,0,0,1.6304,0.1542,0.034876479,29.86608413
13,58,13058,0.002321455,5.33E-05,0.000252022,0.007988583,1.2964048,76.25960902,7.02E-05,0.111916627,3.254990245,0,0.938581283,0.218909478,8.193711207,,0,,,0,0,0,0,0,0,0,9.999519448
13,59,13059,0.003158701,7.25E-05,0.000430281,0.013639043,2.661208438,127.948034,0.000144149,0.229738021,4.06653621,0,1.926682493,0.477674435,11.1100715,,0,,,0,0,0,0,1.1811,0.1117,0.028890904,24.52143463
13,60,13060,0.001389067,3.19E-05,0.000282756,0.0089628,1.326725934,156.3126542,7.19E-05,0.114534204,0,0,0.960533416,0.199868729,2.078855961,,0,,,0,0,0,0,0,0,0,1.416103714
13,61,13061,0.132589339,0.003045244,0.002111453,0.066928735,4.363775416,24.27400254,0.000236371,0.376718003,11.51815297,0,3.159320246,0.161314169,30.97356918,,0,9.244001058,,0,0,0,0,1.355,0.1282,0.043667967,20.62943345
13,62,13062,0.000133198,3.06E-06,5.53E-05,0.001753591,2.514274334,403.1216318,0.00013619,0.217053426,0,0,1.820303991,0.172194597,2.172686689,,0,,,0,0,0,0,0,0,0.00759809,0
13,63,13063,0.224001391,0.005144749,0.002169848,0.068779748,6.292340619,70.8638769,0.000340835,0.543208063,3.209373573,0,4.555577961,0.487608739,9.774143961,,0,,,0,0,0,0,0.7898,0.0747,0.040767279,16.85848631
13,64,13064,0.000399595,9.18E-06,5.53E-05,0.001753591,0.796811218,49.28811609,4.32E-05,0.068787484,2.972010452,0,0.576881616,0.106202437,2.368838786,,0,,,0,0,0,0,1.3406,0.1268,0.004567158,6.00930463
13,65,13065,0.00180769,4.15E-05,0.000169039,0.005358196,0.903111475,6.172573346,4.89E-05,0.077964221,3.489177029,0,0.653841707,0.10584764,3.182755304,,0,,,0,0,0,0,0,0,0,3.647609081
13,66,13066,0.009837642,0.000225946,0.00057166,0.018120443,1.053659435,11.97685195,5.71E-05,0.090960794,8.607640869,0,0.762836596,0.210276095,10.34150149,,0,0.36413415,,0,0,0,0,0.8406,0.0795,0.159186217,8.752434565
13,67,13067,0.007382988,0.000169569,0.000525558,0.016659117,3.876786259,140.0342745,0.000209992,0.33467698,11.87981855,0,2.806746028,0.229316843,12.54575768,,0,,,0,0,0,0,0,0,0.007637483,19.83002007
13,68,13068,0.000875303,2.01E-05,5.84E-05,0.001851013,1.22271739,156.9815407,6.62E-05,0.105555307,0,0,0.885232497,0.095203744,1.721383421,,0,0.14565366,,0,0,0,0,0,0,0,0
13,69,13069,0.222193701,0.005103231,0.003608218,0.114373121,5.515273396,14.4800169,0.000298744,0.476125048,6.744167273,0,3.992990757,0.659093743,18.07697169,,0,,,0,0,0,0,1.3782,0.1304,0.030988886,0
13,70,13070,0.005860723,0.000134606,0.000559366,0.017730756,1.448803759,11.30452468,7.85E-05,0.125072994,2.603992196,0,1.048916274,0.115072351,3.712085846,,0,,,0,0,0,0,0,0,0.021553373,5.262424123
13,71,13071,0,0,5.53E-05,0.001753591,0.790464934,87.45363831,4.28E-05,0.068239619,0.144666233,0,0.572286983,0.100525692,1.596802322,,0,,,0,0,0,0,0,0,0,0.591565906
13,72,13072,0.006507686,0.000149465,0.000221288,0.007014365,0.733260234,3.38051151,3.97E-05,0.063301225,3.905988293,0,0.530871478,0.067884408,14.36726567,,0,3.44181588,,0,0,0,0,0.8116,0.0768,0.053933984,9.608948908
13,73,13073,0.001598379,3.67E-05,0.000261242,0.008280848,3.081209041,409.803428,0.000166899,0.265996025,0,0,2.230757814,0.155992221,3.166231271,,0,,,0,0,0,0,0,0,0,0
13,74,13074,0.018153018,0.000416929,0.001014235,0.032149174,2.335520667,36.78728527,0.000126507,0.201621898,3.471989594,0,1.690888514,0.193837187,6.289558879,,0,,,0,0,0,0,0.7391,0.0699,0,9.590676602
13,75,13075,0.011093511,0.00025479,0.000587027,0.018607552,1.068026717,6.600865922,5.79E-05,0.0922011,8.607640869,0,0.773238334,0.098751709,15.94227091,,0,0.43696098,,0,0,0,0,0,0,0,12.21960462
13,76,13076,0.055562696,0.001276136,0.00494209,0.156654156,8.579559013,76.74090657,0.000464725,0.7406601,8.502396428,0,6.211496218,0.413811054,11.4807444,,0,0.96053415,,0,0,0,0,3.1666,0.2996,1.784596783,22.42925559
13,77,13077,0.095693425,0.002197837,0.006989001,0.221537034,11.71903047,71.01372189,0.00063478,1.011685829,10.22250954,0,8.484435309,0.424336686,18.61246272,,0,0.965404395,,0,0,0,0,1.3623,0.1289,0.943196493,10.23477539
13,78,13078,0.000323481,7.43E-06,5.22E-05,0.00165617,1.725484114,313.6475346,9.35E-05,0.148958383,0.165030005,0,1.249229481,0.040801604,4.787338437,,0,,,0,0,0,0,0,0,0.000975711,0.36544612
13,79,13079,0.000247368,5.68E-06,3.07E-05,0.000974217,0.610389124,74.27884431,3.31E-05,0.052693952,0,0,0.441914291,0.067174815,1.774547643,,0,0.036413415,,0,0,0,0,0,0,0.860141174,0
13,80,13080,0.001084614,2.49E-05,3.69E-05,0.001169061,2.122303152,382.1944408,0.000114958,0.183215158,0.003176337,0,1.53652163,0.045295694,4.277244856,,0,,,0,0,0,0,0,0,0.001619265,0.18272306
13,81,13081,0.028542481,0.000655549,0.000697671,0.022114735,2.320271957,76.62548277,0.000125681,0.2003055,0.34089477,0,1.679848634,0.077109119,0.816191029,,0,13.50958167,,0,0,0,0,0,0,0.00015134,0
13,82,13082,0.018476499,0.000424359,0.00028583,0.009060222,1.53280388,3.182682764,8.30E-05,0.132324595,9.98514642,0,1.109731338,0.129855541,20.58293152,,0,0.29130732,,0,0,0,0,0,0,0,16.68033132
13,83,13083,0.005270845,0.000121058,0.000439502,0.013931309,2.568305891,45.13809518,0.000139116,0.221717887,11.98839712,0,1.859422181,0.181537573,58.67976255,,0.001392714,3.85247562,,0,0,0,0,2.1594,0.2043,0.477831303,41.49640688
13,84,13084,0.007040479,0.000161702,0.000882077,0.027960039,2.857590672,132.567442,0.000154786,0.246691396,0.712654198,0,2.068860838,0.092247106,2.024671631,,0,,,0,0,0,0,0,0,2.359844454,3.830332141
14,1,14001,0.019656255,0.000451455,0.000754787,0.009839596,0.161657945,11.81252186,8.55E-05,0.136289007,11.2148094,0,1.142978608,1.240132243,14.91854299,,0,,,0,0,0,0,0,0,0,21.11859485
14,2,14002,0.011074483,0.000254353,0.001860811,0.024258013,0.21281518,4.919349682,0.000112575,0.17941815,4.519028095,0,1.504678276,0.15019721,7.098028486,31.9091232,0,0.81143415,,0,0,0,0,1.3917,0.1317,0.070925784,6.149577683
14,3,14003,0.005822666,0.000133732,0.00190565,0.024842543,0.197643106,20.28790357,0.00010455,0.166627026,16.77769966,0,1.397406374,0.199395667,19.38134682,211.2199103,0,53.47177583,,0,0,0,0,0.8681,0.0821,0,20.42779191
14,4,14004,0.00057085,1.31E-05,0.000231667,0.003020074,0.04407212,14.49851102,2.33E-05,0.037155894,3.76132206,0,0.311605412,0.21938254,5.98593694,,0,,,0,0,0,0,1.1093,0.1049,0,5.504783886
14,5,14005,0.021939654,0.000503899,0.000807099,0.010521548,0.126087962,16.15989589,6.67E-05,0.106301012,6.81650039,0,0.891486302,0.163206418,5.745897796,7.05521717,0,41.59715874,,0,0,0,0,0.6063,0.0574,0,12.58176867
14,6,14006,0.023861514,0.000548039,0.005201304,0.06780553,0.473439088,67.36667017,0.000250441,0.399142418,25.56796501,0,3.3473811,2.942682669,31.18892805,233.8846304,0,18.89441259,,0,0,0,0,0,0,0,36.44651327
14,7,14007,0.001331982,3.06E-05,0.00038113,0.004968509,0.074226729,8.782541444,3.93E-05,0.062578348,9.981970083,0,0.524809116,0.128672886,10.0897582,82.5904936,0,13.56900738,,0,0,0,0,0.7165,0.0678,0,10.76986748
14,8,14008,0.065076857,0.001494652,0.006994857,0.091186748,0.538134758,58.46882955,0.000284664,0.453685414,40.00021345,0,3.804802275,2.232498221,34.15528463,,0,,,0,0,0,0,0,0,0,46.97792889
14,9,14009,0,0,0.001367584,0.017828178,0.136638916,3.420408603,7.23E-05,0.115196207,6.165502341,0,0.966085263,0.241261661,7.366927898,78.17911233,0,28.8564732,,0,0,0,0,1.7362,0.1643,0.051450081,10.22221888
14,10,14010,0.001389067,3.19E-05,0.000291452,0.003799448,0.057682761,56.61863567,3.05E-05,0.04863062,4.267653876,0,0.407837434,0.458042359,5.594622821,,0,5.28045984,,0,0,0,0,0,0,0,5.42571608
14,11,14011,0.000627935,1.44E-05,0.000254087,0.003312339,0.04254679,40.13282494,2.25E-05,0.035869933,7.088645421,0,0.300820789,0.740696952,9.539268782,,0,16.01963415,,0,0,0,0,0,0,0,20.76736733
14,12,14012,0.000837246,1.92E-05,0.000343764,0.0044814,0.035705367,6.171629629,1.89E-05,0.030102133,5.572826311,0,0.252449521,0.571340727,5.488069677,,0,82.31412872,,0,0,0,0,0,0,0,9.686222386
14,13,14013,0.044050562,0.001011731,0.004663238,0.060791165,0.462861057,44.52834988,0.000244845,0.390224395,41.95638393,0,3.272590696,0.529119936,46.54785246,,0,,,0,0,0,0,0,0,0.002730334,50.25216835
14,14,14014,0.005232788,0.000120184,0.000792153,0.010326704,0.068351048,29.02628583,3.62E-05,0.057624736,3.688988944,0,0.483265982,0.250368106,11.04665464,,0,3.03414879,,0,0,0,0,0,0,0,10.63337147
14,15,14015,0.030502398,0.000700563,0.007338622,0.095668148,0.487338548,50.98174953,0.000257794,0.41086064,15.64431695,0,3.44565518,0.704507703,15.4668279,190.5744875,0.047352291,113.2793431,,0,0,0,0,0,0,0.079997818,24.47273441
14,16,14016,0.034498345,0.00079234,0.001718822,0.022407,0.313171089,43.2944008,0.000165662,0.264025233,24.32746727,0,2.2142299,2.382340635,45.50859722,,0,,,0,0,0,0,0,0,0.000455056,36.30627195
14,17,14017,0.003120645,7.17E-05,0.001412423,0.018412709,0.106746051,50.29300771,5.65E-05,0.089994421,7.687674125,0,0.754732176,0.32073609,16.00606573,,0,,,0,0,0,0,0,0,0,21.70119973
14,18,14018,0.021330747,0.000489914,0.004790282,0.062447335,0.525850884,21.72912297,0.000278166,0.443329245,53.67434881,0,3.717950961,0.294954207,80.87309963,,0,20.05316468,,0,0,0,0,1.2471,0.118,0.079118791,75.15603037
14,19,14019,0.000209312,4.81E-06,0.000194302,0.002532965,0.04450535,39.6534703,2.35E-05,0.037521137,0.506331816,0,0.314668501,0.30015789,2.282218632,,0,82.64779837,,0,0,0,0,0,0,0,2.493548915
14,20,14020,0.000875303,2.01E-05,0.001046239,0.013639043,0.082710815,53.92443852,4.38E-05,0.069731029,1.229662981,0,0.584794593,0.588016165,2.783659369,,0,268.9089996,,0,0,0,0,0,0,0,67.92340685
14,21,14021,0.015470025,0.000355308,0.002996728,0.039066117,0.164194145,24.72600548,8.69E-05,0.138427202,13.63300078,0,1.160910437,1.403102129,15.67349713,192.4978374,0,32.80670244,,0,0,0,0,0,0,0.03401422,48.02686737
14,22,14022,0.007306875,0.000167821,0.012375517,0.1613304,0.269342661,35.67759058,0.000142478,0.227074789,6.582313606,0,1.904347475,0.339185511,8.018494103,,0,,,0,0,0,0,0,0,0.11325074,25.57385764
14,23,14023,0.053108043,0.001219758,0.01443063,0.188121378,0.902255493,25.49445588,0.000477277,0.760664778,13.40199033,0,6.379264113,0.458515421,19.3424833,2.820326365,0.004178143,45.56977284,,0,0,0,0,0,0,0.988273017,25.46557636
14,24,14024,0.011721446,0.000269212,0.002921997,0.0380919,0.219494141,30.31098978,0.000116109,0.185048984,11.79347433,0,1.551900886,1.018266127,16.78836841,116.1439269,0,0.260063415,,0,0,0,0,0,0,0.010232849,20.01414244
14,25,14025,0.008391489,0.000192731,0.00228678,0.029811052,0.142668033,18.61853651,7.55E-05,0.120279176,6.220648023,0,1.008713241,0.620775714,4.990622671,,0,21.64063173,,0,0,0,0,0,0,0,6.678316586
14,26,14026,0.004719024,0.000108384,0.000717421,0.009352487,0.045471092,9.624568034,2.41E-05,0.038335326,5.280317508,0,0.321496635,0.666426205,7.033791411,,0,5.60286237,,0,0,0,0,0,0,0.000800335,8.566938524
14,27,14027,0.000894331,2.05E-05,0.000560485,0.00730663,0.147352332,156.3711252,7.79E-05,0.124228369,14.03262461,0,1.041832882,0.474008204,15.5042264,88.74477318,0,135.388,,0,0,0,0,0,0,0,66.55678225
14,28,14028,0.000475708,1.09E-05,0.000306399,0.003994291,0.017256992,11.2519654,9.13E-06,0.014548857,0.95751795,0,0.122013014,0.224941019,3.287723231,,0,1.04025366,,0,0,0,0,0,0,0,3.736994201
14,29,14029,0.001636436,3.76E-05,0.000919196,0.011982874,0.141061472,84.53169859,7.46E-05,0.118924733,27.05576192,0,0.997354289,0.556557537,27.40121798,,0,,,0,0,0,0,0,0,0,39.38533877
14,30,14030,0.015013345,0.000344819,0.010701534,0.13950793,0.390999042,9.686326454,0.000206832,0.329639666,6.148314906,0,2.764500937,0.799829712,7.910805139,,0.082170152,,,0,0,0,0,0,0,0,6.431957948
14,31,14031,0,0,4.48E-05,0.00058453,0.029342302,33.96142752,1.55E-05,0.024737623,1.374329214,0,0.207460413,0.31837078,2.221996618,,0,62.21869117,,0,0,0,0,0,0,0,2.864751457
14,32,14032,0.001978945,4.55E-05,0.000508173,0.006624678,0.044433145,37.91893281,2.35E-05,0.037460264,1.029851066,0,0.314157986,0.378686195,4.700503738,,0,16.51741326,,0,0,0,0,0,0,0,7.9983328
14,33,14033,0.017011319,0.000390707,0.001464735,0.019094661,0.165205015,23.26006829,8.74E-05,0.139279436,18.01729869,0,1.168057643,1.969475705,21.60906099,,0,,,0,0,0,0,0,0,2.395287089,16.47939536
14,34,14034,0.000266396,6.12E-06,0.000149463,0.001948435,0.016182943,4.580776975,8.56E-06,0.013643358,0.650998049,0,0.114419108,0.234757057,3.325919552,,0,,,0,0,0,0,0,0,0,4.805658022
14,35,14035,0.020417388,0.000468936,0.003355439,0.043742361,0.420801651,32.11959938,0.000222597,0.35476536,53.45417313,0,2.975215881,2.346742713,30.13757889,,0,,,0,0,0,0,3.1349,0.2966,0.569097035,52.43943355
14,36,14036,0.005365986,0.000123243,0.001935543,0.02523223,0.158860002,17.65665861,8.40E-05,0.133930144,10.21615687,0,1.123196163,1.976689901,16.54998548,63.34247036,0,5.8950732,,0,0,0,0,0.2963,0.028,0.003727584,13.08364117
14,37,14037,0.010142095,0.000232938,0.00409528,0.053387113,0.19118076,22.38991556,0.000101131,0.161178814,6.220648023,0,1.351715308,0.302996262,7.857873041,148.9825959,0,2.75318049,,0,0,0,0,0,0,0.243702946,10.52017967
14,38,14038,0.000608906,1.40E-05,0.00026156,0.003409761,0.035551932,28.29380426,1.88E-05,0.029972776,4.415496446,0,0.251364677,0.589317086,6.688553956,,0,44.60069213,,0,0,0,0,0,0,0,9.34165321
14,39,14039,2.20909289,0.050737312,0.324491134,4.230149322,14.25303018,26.48428544,0.007539603,12.01630595,0,261.8446337,100.7739434,0,,,0.841199522,,,0.103951867,16.72164,2.969,0,0.6683,0.0632,38.36225737,0
14,40,14040,0.000856274,1.97E-05,0.000201775,0.002630387,0.073369295,43.61448148,3.88E-05,0.061855471,3.199844563,0,0.518746754,0.362247288,6.996779722,,0,4.24463418,,0,0,0,0,2.0187,0.191,0.008575013,5.526423496
14,41,14041,0.007877725,0.000180932,0.000336291,0.004383978,0.044631709,5.721906962,2.36E-05,0.037627667,1.735994797,0,0.315561901,0.390749278,3.46524024,,0,13.419,,0,0,0,0,0,0,0,2.669994966
14,42,14042,0.001655464,3.80E-05,0.000612797,0.007988583,0.067962946,29.68702622,3.60E-05,0.057297539,3.182657128,0,0.480521965,0.574533896,4.649208622,,0,10.0853089,,0,0,0,0,0,0,0,5.101954221
14,43,14043,0.003976919,9.13E-05,0.005335821,0.069559122,0.174754125,47.14329282,9.24E-05,0.147330007,13.18181465,0,1.235573212,1.104008629,13.31087891,22.00629186,0,1.064719056,,0,0,0,0,0,0,0.600250941,67.37742284
14,44,14044,0.056266744,0.001292306,0.001038766,0.013541622,0.220017627,18.50879908,0.000116385,0.18549032,15.55162006,3.482815038,1.555602117,0.941157008,17.22918476,,0.008356287,,,0,0,0,0,0.9508,0.0899,0.219463177,14.92134344
14,45,14045,0.005480156,0.000125865,0.001382531,0.018023022,0.157109031,51.68292305,8.31E-05,0.132453952,23.14659729,0,1.110816182,0.826439454,18.98199695,,0,,,0,0,0,0,0,0,0.17244861,32.905524
14,46,14046,0.020303218,0.000466314,0.00319103,0.041599082,0.251137978,28.32900179,0.000132848,0.211726962,15.55162006,0,1.775633955,0.569803275,11.59642378,,0,,,0,0,0,0,0,0,0.015137862,11.3025348
14,47,14047,0.005289873,0.000121495,0.002436243,0.031759487,0.191577887,6.026318376,0.000101341,0.16151362,24.99247641,0,1.354523138,0.075808198,40.44294018,,0,,,0,0,0,0,0,0,0.037444225,26.2172199
14,48,14048,0.018381358,0.000422174,0.001412423,0.018412709,0.15500606,46.68749118,8.20E-05,0.130681001,18.23112171,0,1.095947441,0.906505211,33.04862596,,0,22.192683,,0,0,0,0,0,0,0.176727147,35.47397925
14,49,14049,0.00034251,7.87E-06,0.000194302,0.002532965,0.074046216,39.67663623,3.92E-05,0.062426163,14.05298838,0,0.523532829,2.78609912,48.93250594,,0,,,0,0,0,0,0,0,0,38.1914149
14,50,14050,0.006888252,0.000158206,0.004805228,0.062642178,0.35051912,27.28115847,0.000185418,0.295512247,9.909636967,0,2.478293631,0.757608921,17.9563084,,0,3.25891962,,0,0,0,0,0,0,0.033373134,19.86016829
14,51,14051,0.005118618,0.000117562,0.000553012,0.007209209,0.1078201,4.940505581,5.70E-05,0.09089992,5.135651275,0.601429564,0.762326082,0.080184023,5.17214187,,0,2.08395366,,0,0,0,0,0,0,0,5.802744671
14,52,14052,0.001902832,4.37E-05,0.000508173,0.006624678,0.045967501,16.54710625,2.43E-05,0.038753833,1.952994147,0,0.325006423,0.368160564,3.959229085,,0,,,0,0,0,0,0,0,0,10.43362123
14,53,14053,0.14084763,0.003234916,0.012338151,0.160843291,1.287351776,126.9408524,0.000680987,1.085328005,54.93708091,0,9.102030472,4.974247771,91.14816488,,0.01253443,14.91,,0,0,0,0,0.7854,0.0743,0.600926783,95.43733877
14,54,14054,0.001084614,2.49E-05,0.000695002,0.009060222,0.046635397,5.987237814,2.47E-05,0.039316917,0.726507502,0,0.329728684,0.130328603,4.426984006,20.06973818,0,,,0,0,0,0,0,0,0,6.8248001
14,55,14055,0.0043004,9.88E-05,0.001823446,0.023770904,0.173373204,28.60055474,9.17E-05,0.146165794,4.739203781,0,1.225809619,0.476728311,8.483042263,31.97954333,0,65.59455705,,0,0,0,0,1.4813,0.1401,0.051450081,9.164374866
14,56,14056,0.000133198,3.06E-06,9.72E-05,0.001266483,0.023313186,19.62741422,1.23E-05,0.019654654,0.795664282,0,0.164832435,1.205243914,10.11360644,,0,,,0,0,0,0,0,0,0,10.1056979
14,57,14057,0.001008501,2.32E-05,0.000366184,0.004773665,0.031517478,8.010958143,1.67E-05,0.026571448,0.723331165,0,0.222839668,0.500026619,3.043180759,,0,,,0,0,0,0,0,0,0.00617401,3.932333297
14,58,14058,0.007402017,0.000170006,0.002473609,0.032246596,0.115329419,25.81776979,6.10E-05,0.097230804,13.91149848,0,0.815419611,0.557858458,14.87637844,,0,57.22889245,,0,0,0,0,0,0,0.000514501,16.3728619
14,59,14059,0.003215786,7.39E-05,0.004192431,0.054653595,0.105690053,37.13557652,5.59E-05,0.089104141,3.471989594,0,0.747265898,0.519067367,6.005073026,0.101228943,0,24.12287999,,0,0,0,0,0,0,0.000971835,6.123243942
14,60,14060,0.002188257,5.03E-05,0.000269033,0.003507183,0.052375694,11.55815007,2.77E-05,0.04415639,3.399656478,0,0.370314603,0.177280014,5.611698093,,0,11.63498192,,0,0,0,0,0,0,0,6.097376285
14,61,14061,0.000818218,1.88E-05,0.000433442,0.005650461,0.144933464,199.2344036,7.67E-05,0.122189094,1.632056107,0,1.02473064,0.752168707,5.48367508,,0,123.6809715,,0,0,0,0,0,0,0,6.023302235
14,62,14062,0.000304453,6.99E-06,0.000127043,0.00165617,0.02815092,13.25299956,1.49E-05,0.023733204,3.90916463,0,0.19903692,0.370052812,4.548472681,,0,4.515857772,,0,0,0,0,0,0,0,7.289219424
14,63,14063,0.085570358,0.001965336,0.010350296,0.134929108,0.828714711,16.17882994,0.000438376,0.698664732,28.06524922,0,5.859304887,0.253443009,28.33680645,,0,,,0,0,0,0,2.3976,0.2268,0.613429558,24.98209754
14,64,14064,0.009380962,0.000215457,0.002346565,0.030590426,0.253601973,46.44713531,0.000134151,0.213804283,22.06477688,0,1.793055269,1.147175544,52.38130987,,0,,,0,0,0,0,0,0,0,33.10194507
14,65,14065,0.002226314,5.11E-05,0.000859411,0.0112035,0.100139294,36.74038971,5.30E-05,0.084424461,3.199844563,0,0.70802008,2.175967302,15.57821573,40.39034808,0,14.41797727,,0,0,0,0,0,0,0,24.25250976
14,66,14066,0.038950972,0.000894606,0.003153664,0.041111974,0.410701978,82.00535931,0.000217254,0.346250626,17.29396753,0,2.903807636,0.564008265,32.98363384,,0,,,0,0,0,0,2.2943,0.217,0.155614314,23.97002962
14,67,14067,0.049302379,0.001132352,0.144747214,1.88696166,2.16632116,59.94374569,0.001145946,1.826360957,7.598153574,0,15.31665359,0.354205232,9.789929902,,0,7.282683,,0,5.24043,2.628,23.3,0,0,1.428948945,67.91009017
14,68,14068,0.001331982,3.06E-05,0.000851938,0.011106078,0.095265458,72.71585801,5.04E-05,0.080315475,2.459325963,0,0.673560338,1.477609407,7.859138461,52.81510046,0,38.34438821,,0,0,0,0,0,0,0,125.599626
14,69,14069,0.000247368,5.68E-06,0.00023914,0.003117496,0.071374632,36.94372417,3.78E-05,0.06017383,3.199844563,0,0.504643785,0.695992585,6.850948666,,0,2.64670992,,0,0,0,0,0,0,0,25.25692059
14,70,14070,0.586186447,0.01346323,0.008482012,0.110573674,1.141624057,16.22690671,0.000603899,0.962469298,2.390169183,7.483935228,8.071684171,0.201760977,2.530333865,,0.045959577,,,0,0,0,0,0.7648,0.0723,0.107480275,3.488970978
14,71,14071,5.71E-05,1.31E-06,3.74E-05,0.000487109,0.027320563,27.81304695,1.45E-05,0.023033154,2.09766038,0,0.193166001,0.716334255,4.88534231,,0,18.5858049,,0,0,0,0,0,0,0,7.032873274
14,72,14072,0.005385015,0.00012368,0.000739841,0.009644752,0.053837845,6.537690589,2.85E-05,0.045389086,8.101309053,0,0.380652526,0.423154031,8.316263278,,0,,,0,0,0,0,0,0,0,7.836868018
14,73,14073,0.020702813,0.000475492,0.010238199,0.133467782,0.516897466,37.98237174,0.00027343,0.435780884,47.59519069,0,3.654647137,1.860198364,30.37404672,,0,,,0,0,0,0,0,0,0.115952239,39.582176
14,74,14074,0.006317402,0.000145095,0.001457262,0.018997239,0.111583785,4.56427249,5.90E-05,0.094072971,5.280317508,0,0.788936661,0.473771673,3.376346383,,0,,,0,0,0,0,0,0,0,4.386182503
14,75,14075,0.001370039,3.15E-05,0.000306399,0.003994291,0.031932656,4.946454912,1.69E-05,0.026921473,1.463849766,0,0.225775128,0.451774286,5.17094454,11.94061396,0,8.1660366,,0,0,0,0,0,0,0,5.529752667
14,76,14076,0.000589878,1.35E-05,0.000164409,0.002143278,0.027663536,17.75328969,1.46E-05,0.023322305,0.289332466,0,0.195590946,0.262076392,2.373663048,,0,,,0,0,0,0,0,0,5.885260394,2.119017202
14,77,14077,0.009951812,0.000228568,0.003243342,0.042281035,0.207814984,28.00459434,0.00010993,0.175202634,15.71347372,0,1.469325132,0.94955386,39.25981609,137.6273493,0,,,0,0,0,0,0,0,0.011776352,41.37293696
14,78,14078,0.049949342,0.001147211,0.00257076,0.033513078,0.235370213,12.19560595,0.000124507,0.198433628,13.45395968,0,1.664150306,1.953982921,8.518653854,,0,,,0,0,0,0,0,0,0.051885629,13.45317912
14,79,14079,0.009209707,0.000211524,0.000665109,0.008670535,0.11382214,54.29712034,6.02E-05,0.095960062,5.586837409,0,0.804762617,0.453666535,7.097798718,0.75173493,0,35.91848367,,0,0,0,0,1.0266,0.0971,1.593408998,9.684474572
14,80,14080,0.00045668,1.05E-05,0.000605324,0.007891161,0.04854883,37.92512091,2.57E-05,0.040930075,1.952994147,0,0.343257324,0.267280075,7.865895729,,0,,,0,0,0,0,0,0,0.400453128,9.849351754
14,81,14081,0.000380566,8.74E-06,0.000186828,0.002435543,0.031734093,12.36378584,1.68E-05,0.02675407,0.578664932,0,0.224371212,0.24788453,1.808461053,,0,10.4025366,,0,0,0,0,0,0,0,2.483561402
14,82,14082,0.017353828,0.000398574,0.003004202,0.039163539,0.326149936,24.46549241,0.000172528,0.274967313,7.326008542,0,2.305994918,0.335164484,11.01401202,1.916748021,0,25.2890223,,0,0,0,0,0.7854,0.0743,0,11.56720388
14,83,14083,0.027705235,0.00063632,0.004655765,0.060693743,0.515994903,14.01455083,0.000272952,0.435019961,17.82832154,0,3.648265704,0.804323802,27.23377099,406.5442358,0,81.16883294,,0,0,0,0,1.8878,0.1786,0.808755229,26.87240071
14,84,14084,0.004547769,0.000104451,0.00292947,0.038189322,0.123190737,59.59200101,6.52E-05,0.103858447,3.217031997,0,0.871001899,0.182128901,9.401567466,,0,205.2088467,,0,0,0,0,0,0,0,15.6321214
14,85,14085,0.021178521,0.000486417,0.003026621,0.039455804,0.311122272,62.11219288,0.000164578,0.262297937,7.739236429,0,2.199744045,1.220854963,24.21906919,170.8005139,0.018105288,4.13831226,,0,0,0,0,0,0,0,29.44252055
14,86,14086,0.005936836,0.000136354,0.002772534,0.036143465,0.146684435,108.0124929,7.76E-05,0.123665286,6.943979188,0,1.037110621,0.864520951,13.09637339,,0,16.3391966,,0,0,0,0,0,0,0,10.1406542
14,87,14087,0.005917808,0.000135917,0.001913123,0.024939965,0.138976553,45.6275333,7.35E-05,0.117166999,4.229695629,0,0.982613177,1.967819987,11.80326007,27.01668439,0,92.71485373,,0,0,0,0,0,0,0,18.59631519
14,88,14088,0.005061533,0.000116251,0.001561886,0.020361143,0.130880568,41.0335053,6.92E-05,0.110341516,8.245975286,0,0.925371715,0.832825792,5.845778152,,0,17.03288645,,0,0,0,0,0,0,8.736623865,18.06075148
14,89,14089,0.000190283,4.37E-06,0.000127043,0.00165617,0.02656241,7.170069957,1.41E-05,0.022393978,1.084996748,0,0.187805597,0.133994834,2.812433424,,0,,,0,0,0,0,0.9026,0.0854,0,2.974614092
14,90,14090,0.001598379,3.67E-05,0.000590378,0.007696317,0.06244829,12.19023827,3.30E-05,0.052648296,6.365314256,0,0.441531405,0.66867325,7.087005374,,0,5.57229513,,0,0,0,0,0,0,0,16.94880844
14,91,14091,0.008867197,0.000203657,0.002421297,0.031564643,0.3234603,77.33822081,0.000171105,0.272699761,20.9766038,0,2.286978245,0.841695706,27.40529815,,0,,,0,0,0,0,0,0,0.03612939,35.22262686
14,92,14092,0.000856274,1.97E-05,0.000411023,0.005358196,0.087765164,22.67260887,4.64E-05,0.0739922,10.63296813,0,0.620530623,0.736557659,27.14177524,0.198056627,0,,,0,0,0,0,0,0,0,21.24676792
14,93,14093,0.109546042,0.002515997,0.014699663,0.19162856,1.163619502,39.10699554,0.000615534,0.981013003,33.49023296,0,8.227199713,3.726073473,35.75990527,,0,,,0,0,0,0,0,0,0.867219911,63.61878903
14,94,14094,0.031301588,0.000718919,0.005089207,0.066344204,0.362216328,68.30643943,0.000191606,0.305373816,6.437647373,0,2.560997013,0.599133124,9.518799587,0.930866146,0,82.42953669,,0,0,0,0,1.9498,0.1845,0.010290016,17.13024825
14,95,14095,0.000723076,1.66E-05,0.000328818,0.004286557,0.066852794,2.328456999,3.54E-05,0.056361603,7.432716528,0,0.472672802,0.272483758,6.94344779,68.6596306,0,9.96902196,,0,0,0,0,0.7785,0.0737,0,8.349094234
14,96,14096,0.003672466,8.43E-05,0.001457262,0.018997239,0.16701014,26.31069687,8.83E-05,0.140801283,4.050654527,0,1.18082051,0.694691664,6.040094186,,0,,,0,0,0,0,0,0,0,7.850184701
14,97,14097,0.453635165,0.01041886,0.027598299,0.359778482,2.43015819,58.3777998,0.001285511,2.048794112,43.69156465,29.35699942,17.18207432,0.209803032,24.347967,4.049157702,0.072421151,151.8857644,,0,0,0,0,2.2116,0.2092,0.021479596,31.5872556
14,98,14098,0.594615993,0.013656835,0.051303094,0.668800237,5.499754739,78.5891947,0.002909274,4.636679691,7.308821108,23.59950932,38.88520305,0.272720289,7.633541759,,0.218656167,,,0,0,0,0,1.0197,0.0965,4.104499104,9.181853013
14,99,14099,0.000589878,1.35E-05,0.000156936,0.002045857,0.0759777,55.42251793,4.02E-05,0.06405454,4.19532076,0,0.537189097,0.394415509,14.9120847,,0,,,0,0,0,0,0,0,0,12.51185609
14,100,14100,0.002930361,6.73E-05,0.002794954,0.03643573,0.277871875,117.0765598,0.000146989,0.234265516,17.79394667,0,1.964652024,4.357847881,20.56566772,,0,47.36248045,,0,0,0,0,0,0,0.094928199,53.58133913
14,101,14101,0.211956464,0.004868107,0.025999048,0.338930229,4.010851761,50.7097876,0.00212167,3.381429861,1.374329214,37.08541822,28.35813459,0.116018475,3.115728462,,0.239546884,,,0,0,0,0,0,0,0.248339213,3.840198495
14,102,14102,0.004909307,0.000112754,0.00052312,0.006819522,0.048124625,14.60321071,2.55E-05,0.040572441,2.603992196,0,0.34025805,0.317779452,5.213641933,,0,0.2982,,0,0,0,0,0,0,0,13.14356624
14,103,14103,0.003215786,7.39E-05,0.000411023,0.005358196,0.063982646,12.54416131,3.38E-05,0.053941866,1.218421179,0,0.452379842,0.176688687,5.573281517,38.78388877,0,,,0,0,0,0,0.7165,0.0678,0.32482635,5.931833268
14,104,14104,0.000818218,1.88E-05,0.000201775,0.002630387,0.035958085,13.50275255,1.90E-05,0.030315192,3.471989594,0,0.254236323,0.379159257,3.778200876,,0,,,0,0,0,0,0,0,0,4.451101334
14,105,14105,0.004148174,9.53E-05,0.001427369,0.018607552,0.173228795,16.38394818,9.16E-05,0.146044046,27.70358364,0,1.224788589,0.515164605,30.2234617,,0,,,0,0,0,0,0,0,0,26.54014946
14,106,14106,0.000551821,1.27E-05,0.00011957,0.001558748,0.032726911,22.84214353,1.73E-05,0.027591086,3.688988944,0,0.23139079,0.189106566,5.139210262,,0,,,0,0,0,0,0,0,0,8.943817302
14,107,14107,0.001027529,2.36E-05,0.000777206,0.010131861,0.050245647,5.759964247,2.66E-05,0.042360611,1.446662331,0,0.35525442,0.64939597,2.117049287,,0,,,0,0,0,0,0,0,0,2.873074384
14,108,14108,0.023747344,0.000545417,0.002563286,0.033415656,0.292899538,66.87442769,0.000154939,0.246934892,13.47114711,0,2.070902897,0.872444741,26.92223942,135.5085835,0,5.2012683,,0,0,0,0,2.7904,0.264,10.4078707,40.14177631
14,109,14109,0.011321851,0.000260034,0.000702475,0.009157643,0.135203842,28.72570826,7.15E-05,0.113986339,11.72431755,0,0.955938783,0.43557191,20.47121009,,0,,,0,0,0,0,1.5364,0.1453,0,16.71243732
14,110,14110,0.003044531,6.99E-05,0.001808499,0.023576061,0.114002652,23.07819351,6.03E-05,0.096112246,10.63296813,0,0.806038903,0.246938406,17.20889813,,0,7.206326142,,0,0,0,0,0,0,0,19.90677668
14,111,14111,0.003329956,7.65E-05,0.000590378,0.007696317,0.054000306,2.856036478,2.86E-05,0.045526053,5.931315557,0,0.381801184,0.345453584,4.280393536,,0,,,0,0,0,0,0,0,0.024010038,6.784850051
14,112,14112,0.003215786,7.39E-05,0.00062027,0.008086004,0.044740016,7.358434089,2.37E-05,0.037718978,0.578664932,0,0.316327673,0.420906986,3.085621212,,0,0.613972716,,0,0,0,0,0,0,0.001200502,4.275237887
14,113,14113,0.004814165,0.000110569,0.000575432,0.007501474,0.116845724,59.78350147,6.18E-05,0.098509155,8.118496488,0,0.82614042,0.406833389,25.48787491,,0,40.14664013,,0,0,0,0,0,0,0,25.88430282
14,114,14114,0.00464291,0.000106636,0.002040167,0.026596135,0.131593593,6.42093258,6.96E-05,0.110942645,8.407828954,0,0.930413048,0.207792519,11.09518483,96.29293129,0,,,0,0,0,0,0,0,0.221635514,7.422153213
14,115,14115,0.000742105,1.70E-05,0.000396076,0.005163352,0.044397043,20.93759249,2.35E-05,0.037429827,1.012663632,0,0.313902729,0.454257862,3.595004057,,0,1.879599546,,0,0,0,0,0,0,0,4.079898792
14,116,14116,0.011854644,0.000272271,0.002854739,0.037215104,0.162226559,10.81538896,8.58E-05,0.136768388,6.871646072,0,1.146998911,0.875164848,11.95370449,,0,,,0,0,0,0,0,0,0.055207843,11.13108251
14,117,14117,0.000627935,1.44E-05,0.000328818,0.004286557,0.034486908,7.736044388,1.82E-05,0.029074887,5.135651275,0,0.243834586,0.217726822,10.49234739,,0,0.96742683,,0,0,0,0,0,0,0,6.282145263
14,118,14118,0.007839668,0.000180057,0.002720222,0.035461513,0.199755102,44.91707092,0.000105667,0.168407587,12.73062851,0,1.412338929,0.458042359,16.10747054,,0,1.41645,,0,0,0,0,0,0,0.130168704,18.1273349
14,119,14119,0.011873672,0.000272708,0.00228678,0.029811052,0.224683875,37.80347837,0.000118854,0.189424294,12.16915101,0,1.58859413,0.603508949,19.16377888,11.66773594,0,,,0,0,0,0,1.936,0.1832,8.933979882,17.96420553
14,120,14120,1.635503191,0.037563398,0.161539356,2.105868307,11.13532706,92.91152695,0.005890393,9.387863148,17.74515366,151.7611178,78.73068425,1.303522561,25.4155897,14.96427846,0.316146178,241.872046,,0,0,0,0,1.7362,0.1643,20.8451787,31.46066388
14,121,14121,0.021768399,0.000499965,0.002398877,0.031272378,0.238276464,34.05618057,0.000126044,0.200883802,9.209438868,0,1.684698523,0.421498313,21.29247365,234.5245733,0.001392714,0.59295366,,0,0,0,0,1.2746,0.1206,11.29134904,22.93563961
14,122,14122,0.000780161,1.79E-05,0.000313872,0.004091713,0.056238661,58.19868594,2.97E-05,0.047413143,1.518995447,0,0.39762714,0.529592999,9.169998761,17.5830272,0,,,0,0,0,0,0,0,0,8.472639762
14,123,14123,0.031606041,0.000725911,0.000582905,0.007598896,0.149870481,27.86126728,7.93E-05,0.126351346,25.67825637,0,1.059637083,0.212877936,27.72157209,,0,,,0,0,0,0,0,0,0,28.88721486
14,124,14124,0.042813722,0.000983324,0.005873887,0.076573487,0.512032655,46.78343775,0.000270856,0.431679506,15.18995447,0,3.620251209,0.246110547,23.19085327,,0.018105288,,,0,0,0,0,0,0,0,27.6753967
14,125,14125,0.016364356,0.000375848,0.001113498,0.014515839,0.183427749,43.51902837,9.70E-05,0.154642481,2.169993496,0,1.296898791,0,,,0,,,0,0,0,0,0,0,0,0
15,1,15001,0.016916177,0.000388522,0.000500971,0.015879743,1.588619386,484.2465566,0.000276132,0.440087711,11.64563176,0.206539714,3.690766053,0.540709957,35.65022587,,0.008335847,6.69134961,,0,0,0,0,0,0,0.001085082,0
15,2,15002,0.06277443,0.001441771,0.001699612,0.053874222,2.362520609,10.0774905,0.000410651,0.654477905,2.853246581,0,5.488735026,0.072496764,8.365725934,,0,2.492911626,,0,0,0,0,1.6753,0.1585,2.308457754,0
15,3,15003,0.018057876,0.000414744,0.000387253,0.012275139,1.1644913,230.0930813,0.000202411,0.322593515,10.9223006,0,2.70540886,0.375966088,24.81553751,,0,1.09584879,,0,0,0,0,0,0,0.161948492,0
15,4,15004,0.00203603,4.68E-05,0.000356519,0.011300922,0.377927487,97.2163832,6.57E-05,0.104695463,1.084996748,0,0.878021477,0.120749096,6.316250166,,0,8.90786061,,0,0,0,0,0,0,0,0
15,5,15005,0.01971334,0.000452766,0.000863636,0.027375509,3.741726581,875.6974262,0.000650383,1.036552809,34.50607293,0,8.692980566,0.233810933,41.18370784,,0,0.766103715,,0,0,0,0,1.1267,0.1066,0.048828691,0
15,6,15006,0.019922652,0.000457573,0.000159819,0.00506593,0.250779705,4.950095951,4.36E-05,0.069472315,1.446662331,0,0.582624906,0.019868607,0.723251489,,0,2.530300635,,0,0,0,0,0,0,0,0
15,7,15007,0.000627935,1.44E-05,0.000221288,0.007014365,0.563636313,238.2308417,9.80E-05,0.156141501,3.182657128,0,1.309470216,0.056885715,13.21370627,,0,2.394768675,,0,0,0,0,0,0,0.001627623,0
15,8,15008,0.002816191,6.47E-05,0.000451796,0.014320996,0.717784802,214.8910708,0.000124765,0.198844527,0.361665583,0.315677176,1.667596281,0.726859886,14.50186241,,0,,,0,0,0,0,0,0,0.006510492,0
15,9,15009,0.007687442,0.000176561,0.00107263,0.034000187,1.390193034,95.11909724,0.000241642,0.385118598,5.951679328,4.578101398,3.229771275,0.174441642,7.971292162,,0,11.9680619,,0,0,0,0,0.3919,0.0371,0,0
15,10,15010,0.023918599,0.00054935,0.000565513,0.0179256,0.744263622,15.59532925,0.000129367,0.206179829,1.773546003,0,1.729113302,0.086806892,5.153113244,,0,,,0,0,0,0,0.4507,0.0426,5.302984013,0
15,11,15011,0.016078931,0.000369293,0.000547072,0.01734107,1.306663891,17.43713497,0.000227123,0.361978914,1.742347471,0,3.035711873,0.04434957,3.558369026,,0,,,0,0,0,0,0,0,0,0
15,12,15012,0.016097959,0.00036973,0.00030427,0.009644752,0.260146175,6.890837819,4.52E-05,0.072067064,1.663661681,0,0.604385595,0.047542739,0.79963354,,0,0.81285615,,0,0,0,0,0,0,0,0
15,13,15013,0.279050323,0.006409085,0.011310256,0.358511999,13.14192775,8.762793102,0.002284315,3.640646058,0.072333117,0,30.53203383,0.036307515,0.049860891,,0,0.1491,,0,0,0,0,0,0,1.11268346,0
15,14,15014,0.139839129,0.003211753,0.002676965,0.084854335,2.205350679,326.4066381,0.000383332,0.610937863,11.73384656,0,5.123589384,0.578436658,19.79652822,,0,3.209841675,,0,0,0,0,0.8034,0.076,0.18060517,121.5509507
15,15,15015,0.003862749,8.87E-05,0.000396474,0.012567404,0.661503573,134.5001447,0.000114982,0.183253205,1.229662981,0,1.536840702,0.062089398,4.985371703,,0.003413045,1.53625611,,0,0,0,0,0.1078,0.0102,0,0
15,16,15016,0.005251817,0.000120621,0.000267389,0.008475691,0.641644458,28.87935435,0.00011153,0.177751728,18.75464096,0,1.490702936,0.090354857,41.59699591,,0,14.99872757,,0,0,0,0,1.8811,0.178,0,0
15,17,15017,0.000513765,1.18E-05,9.84E-05,0.003117496,0.185241876,4.733819502,3.22E-05,0.05131668,5.080505593,0,0.430363895,0.038318028,4.59461012,,0,0.45878466,,0,0,0,0,0.6172,0.0584,0.049913773,0
15,18,15018,0.015584195,0.00035793,0.000562439,0.017828178,1.132601351,50.45102536,0.000196867,0.313759193,14.46662331,0,2.631320413,0.034178735,9.765673935,,0,1.792044,,0,0,0,0,0,0,0.931325902,0
15,19,15019,0.047038009,0.001080345,0.007901812,0.250471291,0.89374261,8.799623554,0.000155349,0.247589286,1.449838668,0,2.07639093,0.038791091,1.894063602,,0,9.378018315,,0,0,0,0,0,0,0.032552461,0
15,20,15020,0.044621412,0.001024842,0.010296021,0.326362825,8.507035385,4.198061164,0.001478683,2.356663757,0,0,19.76400244,0.002483576,0.044567772,,0,1.390042299,,0,0,0,0,0,0,0.039833926,0
15,21,15021,0.003348984,7.69E-05,0.000759139,0.024063169,0.842021012,239.1929263,0.000146359,0.233261097,4.484653226,0,1.956228531,0.20696466,22.62297733,,0.004657321,10.51860768,,0,0,0,0,0,0,0.005262648,35.0077099
15,22,15022,0.003196758,7.34E-05,0.000156745,0.004968509,0.361419425,4.41665652,6.28E-05,0.100122313,0.867997399,0,0.839669059,0.011590021,3.981656643,,0,0.07282683,,0,0,0,0,0,0,0,0
15,23,15023,0.010731973,0.000246486,0.000630055,0.019971456,1.151691372,31.17104887,0.000200186,0.319047611,0.509508153,0,2.675671378,0.018922483,1.242727851,,0,,,0,0,0,0,0.5486,0.0519,0.054254101,0
15,24,15024,0.117823362,0.002706107,0.004536396,0.143794487,3.545744852,4.642664797,0.000616317,0.982260918,1.301996098,0,8.237665264,0.110223465,2.964339913,,0,,,0,0,0,0,0.7544,0.0714,0.021331667,0
15,25,15025,0.111068308,0.00255096,0.007493045,0.237514199,7.732172793,173.8717153,0.001343997,2.14200724,4.958073717,0,17.96379996,0.275322131,13.03841458,,0.037007167,10.96918337,,0,0,0,0,1.6263,0.1539,0.17189145,0
15,26,15026,0.004091089,9.40E-05,7.38E-05,0.002338122,0.600662714,197.5742104,0.000104407,0.166398749,2.09766038,0,1.395491943,0.103245799,6.289456566,,0,1.61121594,,0,0,0,0,0,0,0.055881724,0
15,27,15027,0.000780161,1.79E-05,9.22E-05,0.002922652,0.197767127,1.87022227,3.44E-05,0.054786491,1.808327914,0,0.459463234,0.024126166,1.132144231,,0.000974773,,,0,0,0,0,0,0,0,0
15,28,15028,0.011968814,0.000274894,0.000411841,0.013054513,0.668150746,11.86490761,0.000116137,0.185094639,0.481078916,5.487775837,1.552283772,0.015137987,1.258123051,,0,,,0,0,0,0,0.5976,0.0565,0.004621861,0
15,29,15029,0.049587804,0.001138907,0.003196377,0.101318608,5.989899336,16.28266535,0.001041157,1.659353469,1.973357918,0,13.9160565,0.011471755,6.939351407,,0,,,0,0,0,0,0,0,5.99413988,0
15,30,15030,0.021635201,0.000496906,0.001484471,0.0470547,0.571492063,4.550319847,9.93E-05,0.158317742,0.072333117,0,1.327721116,0.017739828,0.273641118,,0,,,0,0,0,0,0,0,0,0
15,31,15031,0.108347258,0.002488464,0.01064332,0.337371482,15.0161009,37.85558027,0.002610082,4.159839375,0.36484192,32.2219556,34.88621374,0.00579501,0.45412026,,0,,,0,0,0,0,0.5584,0.0528,0.154624189,0
15,32,15032,0.000608906,1.40E-05,0.000230508,0.00730663,0.854848408,365.798417,0.000148589,0.236814609,1.735994797,0,1.986029827,0.044940898,10.89251111,,0,7.402050705,,0,0,0,0,0,0,0.082086455,0
15,33,15033,1.015313135,0.023319191,0.048926077,1.550856661,47.3737969,69.51409981,0.008234459,13.12373878,0,0,110.0613545,0.004730621,0.264235066,,0,3.198503424,,0,0,0,0,2.1554,0.2039,5.972634201,0
15,34,15034,0.001389067,3.19E-05,0.000202847,0.006429835,0.237402956,89.19287348,4.13E-05,0.065766617,0.07868579,0,0.551547323,0.005913276,2.449837058,,0.001023042,1.17212196,,0,0,0,0,0,0,0.055447691,0
15,35,15035,0.090574806,0.002080276,0.000977354,0.030980113,1.963497962,7.903515706,0.000341293,0.543938549,2.169993496,0,4.561704138,0.073324622,7.496364768,,0,0.252436098,,0,0,0,0,1.0973,0.1038,0.138331339,0
15,36,15036,0.004890278,0.000112317,0.000316564,0.010034439,1.06135025,41.77791125,0.000184483,0.294020837,12.87529475,0,2.46578602,0.052746422,29.14483321,,0,,,0,0,0,0,0,0,0.043403281,0
15,37,15037,0.037124254,0.000852651,0.004926723,0.156167047,6.589023861,33.99946576,0.001145297,1.825326101,0,0,15.30797484,0.019159014,4.254340356,,0,3.315870786,,0,0,0,0,2.1554,0.2039,10.30404334,0
15,38,15038,0.000951416,2.19E-05,0.000178259,0.005650461,0.258855196,25.19890317,4.50E-05,0.07170943,0.650998049,0,0.601386321,0.071432374,2.419918522,,0,1.596300225,,0,0,0,0,0,0,0.273983211,0
15,39,15039,0.189388876,0.004349787,0.008943708,0.28349726,13.89053127,85.73521527,0.002414436,3.848028146,7.604506248,0,32.2712298,0.126307575,17.85942092,,0,28.91870381,,0,0,0,0,0,0,14.86880401,0
15,40,15040,0.006260318,0.000143784,0.0034945,0.110768517,0.836005595,83.01212356,0.000145314,0.231594674,0.940330515,0,1.942253191,0.141800358,3.138252434,,0,1.62541113,,0,0,0,0,0,0,0.006890271,0
15,41,15041,0.000266396,6.12E-06,7.99E-05,0.002532965,0.177331191,65.59556361,3.08E-05,0.049125221,0.037551206,0,0.411985366,0.172785925,2.63535377,,0,0.82117083,,0,0,0,0,0,0,0.000542541,0
15,42,15042,0.050215738,0.001153329,0.002541734,0.080567778,3.68618698,909.4870075,0.000640729,1.021166936,34.30308468,0,8.563947974,0.626097663,37.80600764,,0,0.36413415,,0,0,0,0,2.9784,0.2818,0.028486664,0
15,43,15043,0.006374487,0.000146406,0.000851343,0.026985822,0.579128071,58.57349395,0.000100663,0.160433109,2.386992846,0,1.345461502,0.021879121,6.885868908,,0,2.781387885,,0,0,0,0,0,0,0.081381152,0
15,44,15044,0.008524688,0.000195791,0.00029505,0.009352487,0.751954566,1.278766968,0.000130704,0.208310415,0.14784257,0,1.746981317,0.036070984,0.647851163,,0,,,0,0,0,0,0,0,0,0
15,45,15045,0.097729455,0.0022446,0.00134924,0.042768143,2.047136977,365.4176971,0.000355831,0.56710867,10.70847759,0,4.756018797,0.504165912,21.1006258,,0.010652105,0.22365,,0,0,0,0,1.0287,0.0973,0.036293461,43.70697367
15,46,15046,0.001541294,3.54E-05,0.000175186,0.005553039,0.378916322,21.06814602,6.59E-05,0.104969396,0.36484192,0,0.880318793,0.054402139,3.364954698,,0,3.618713445,,0,0,0,0,0,0,1.708678664,0
15,47,15047,0.00283522,6.51E-05,0.000270463,0.008573113,1.745569575,650.5581388,0.000303413,0.483566879,15.93869633,0,4.05540118,0.458160624,24.99293344,,0.008583898,1.506241695,,0,0,0,0,0,0,0,0
15,48,15048,0.101516091,0.00233157,0.000430281,0.013639043,1.598205598,224.4176387,0.000277798,0.442743334,28.01010354,0,3.713037257,0.394178978,27.22572766,,0,1.4006403,,0,0,0,0,0.3821,0.0361,0.333948685,0
15,49,15049,0.002911333,6.69E-05,0.000193627,0.00613757,0.312554464,45.75493906,5.43E-05,0.086585484,0.940330515,0,0.726143352,0.024007901,4.502351753,,0,20.41498871,,0,0,0,0,0,0,0,0
15,50,15050,0.004585825,0.000105325,0.000614688,0.019484348,0.618077208,10.94065903,0.000107433,0.171223004,10.99463371,0,1.435950234,0.099579568,24.3653917,,0,,,0,0,0,0,0,0,0,0
15,51,15051,0.487201123,0.011189786,0.002175995,0.068974591,3.047811173,105.6581222,0.000529767,0.844320707,9.199011148,0,7.080838945,0.229435109,13.49344359,,0,9.643329435,,0,0,0,0,0.3331,0.0315,0.525662645,0
15,52,15052,0.003368013,7.74E-05,0.001822549,0.057771091,0.660679544,171.3699014,0.000114839,0.183024928,0.578664932,0,1.534926272,0.184849008,5.710935112,,0,1.91245245,,0,0,0,0,0,0,0,0
15,53,15053,0.006926309,0.00015908,0.000731479,0.023186374,1.049374352,5.912827396,0.000182401,0.290703211,1.808327914,0,2.437962969,0.072615029,1.190438224,,0,,,0,0,0,0,0,0,0,0
15,54,15054,0.060186578,0.001382334,0.015742155,0.498994146,5.880083645,21.76351832,0.001022069,1.628931748,4.773985692,0,13.66092678,0.200341791,5.925537583,,0,,,0,0,0,0,0,0,2.708671368,0
15,55,15055,0.003158701,7.25E-05,0.000335005,0.01061897,0.293134831,2.133173801,5.10E-05,0.081205755,0.95751795,0,0.681026615,0.035952718,1.013076138,,0.001342156,,,0,0,0,0,0,0,0,0
15,56,15056,0.009380962,0.000215457,0.000417988,0.013249356,0.750498781,344.9223389,0.000130451,0.207907126,3.185833465,0,1.743599157,0.266925279,18.88909743,,0,1.866929505,,0,0,0,0,0,0,0.000542541,0
15,57,15057,1.003781973,0.02305435,0.039352314,1.247387944,22.22086722,36.1352384,0.003862406,6.155741695,0.07868579,0,51.6247146,0,2.781885589,,0,4.40062686,,0,0,0,0,0.8426,0.0797,36.51212403,0
15,58,15058,0.315394415,0.007243817,0.041101101,1.302820914,30.37183937,12.31569963,0.005279198,8.41376694,0.21699935,0,70.56149177,0.026373211,,,0,,,0,0,0,0,1.8125,0.1715,1.014394841,0
15,59,15059,0.007344932,0.000168695,0.000347299,0.011008656,0.670897512,7.550720791,0.000116615,0.185855563,2.968834115,0,1.558665206,0.076754322,5.522870207,,0,,,0,0,0,0,0.7054,0.0667,0,0
15,60,15060,0.064448922,0.00148023,0.004760757,0.150906273,9.031887366,65.77022594,0.001569912,2.502061018,2.314659729,0,20.98336681,0.109040809,13.95752811,,0,32.85527549,,0,0,0,0,0,0,0.381319329,0
15,61,15061,0.005955864,0.000136791,0.000104497,0.003312339,0.241440701,4.301438111,4.20E-05,0.066885175,2.893324662,0,0.560928031,0.10927734,14.27702375,,0,,,0,0,0,0,1.0385,0.0982,0.066190004,0
15,62,15062,0.083667526,0.001921633,0.005983986,0.189680126,1.581203118,37.07902531,0.000274843,0.438033218,1.739171134,0,3.673536181,0.030275973,6.459775264,,0,6.41804403,,0,0,0,0,1.3814,0.1307,0.217345986,0
15,63,15063,0.002416597,5.55E-05,0.001087997,0.034487296,0.741736598,195.8186933,0.000128928,0.20547978,2.965657778,0,1.723242383,0.209803032,13.59943345,,0.003672492,14.71256174,,0,0,0,0,0,0,0,0
15,64,15064,0.003139673,7.21E-05,0.000387253,0.012275139,0.923435146,229.2659807,0.00016051,0.255814869,2.531659079,0,2.145374229,0.192772798,13.13742705,,0,0.405717075,,0,0,0,0,1.1561,0.1094,0.00211591,0
15,65,15065,0.010408491,0.000239057,0.000906665,0.028739413,0.848970329,62.8023703,0.000147567,0.235186233,5.982877861,0,1.972373559,0.141918624,18.23739474,,0,1.83790245,,0,0,0,0,2.1848,0.2067,0.753905563,0
15,66,15066,0.000551821,1.27E-05,4.61E-05,0.001461326,0.126873106,41.91333583,2.21E-05,0.035147056,0.506331816,0,0.294758427,0.342142149,2.069074827,,0,,,0,0,0,0,0,0,0,0
15,67,15067,0.016231158,0.000372789,0.000614688,0.019484348,2.040901819,216.6267455,0.000354747,0.565381373,3.471989594,0,4.741532942,0.129027682,7.882868666,,0,,,0,0,0,0,0,0,0.058662085,0
15,68,15068,0.009438047,0.000216768,0.000839049,0.026596135,0.679110341,29.5547745,0.000118042,0.188130724,2.607168532,0,1.577745693,0.164270807,4.666967483,,0,,,0,0,0,0,0.4311,0.0408,0,0
15,69,15069,0.003539268,8.13E-05,0.000199774,0.006332413,0.107343602,1.235820875,1.87E-05,0.02973689,0.220175686,0.315677176,0.249386433,0.011116959,0.624704015,,0,,,0,0,0,0,0,0,0.013747074,0
15,70,15070,0.203070238,0.004664013,0.008295212,0.262941273,6.729960407,24.26389688,0.001169794,1.864369085,0.144666233,0,15.63540621,0.039264153,1.341463815,,0,,,0,0,0,0,0.9307,0.088,0.114894729,0
15,71,15071,0.009761529,0.000224198,0.000316564,0.010034439,0.36136449,9.226353231,6.28E-05,0.100107095,9.698990291,0,0.839541431,0.344862256,12.23925215,,0.001977702,,,0,0,0,0,1.4402,0.1362,0,0
15,72,15072,0.019694312,0.000452329,0.000150599,0.004773665,0.333374948,7.041501835,5.79E-05,0.092353284,3.97832141,0.43772337,0.77451462,0.105492844,2.249347998,,0,,,0,0,0,0,0,0,0.128256695,0
15,73,15073,0.0227769,0.000523128,0.000267389,0.008475691,0.330600715,6.3490443,5.75E-05,0.091584752,2.025327263,0,0.768069372,0.02164259,2.564023154,,0,,,0,0,0,0,0,0,2.08048202,0
15,74,15074,0.008087036,0.000185739,0.000897444,0.028447148,2.73418547,1438.310769,0.000475253,0.757438463,9.113972685,0,6.352206833,0.326531101,35.05388877,,0,0.29475366,,0,0,0,0,0.6368,0.0602,0.093429371,0
15,75,15075,0.019789454,0.000454514,0.000731479,0.023186374,0.62626257,15.58668154,0.000108856,0.173490556,0.21699935,0,1.454966906,0.108686013,1.189333631,,0,0.14565366,,0,0,0,0,0.627,0.0593,0,0
15,76,15076,0.223849165,0.005141253,0.004358137,0.138144026,1.965997519,36.37215404,0.000341727,0.54463099,0.867997399,0,4.567511242,0.134467896,0.621271527,,0,,,0,0,0,0,0.1959,0.0185,0.032590047,0
15,77,15077,0.000380566,8.74E-06,5.22E-05,0.00165617,0.154780245,46.67098761,2.69E-05,0.042878039,0.21699935,0,0.359593795,0.182601963,1.454556474,,0,11.45105553,,0,0,0,0,0,0,0,0
15,78,15078,0.000285425,6.56E-06,1.84E-05,0.00058453,0.251960814,60.71430456,4.38E-05,0.069799512,0.072333117,0,0.585368922,0.323337932,2.081951006,,0,3.93361713,,0,0,0,0,0,0,0,0
15,79,15079,0.010027925,0.000230316,0.000242802,0.007696317,0.308654057,25.05783584,5.36E-05,0.085504973,3.261342918,0.030511549,0.717081716,0.249658513,6.882163624,,0.001729651,,,0,0,0,0,0,0,0.004448836,0
15,80,15080,0.001217813,2.80E-05,0.000261242,0.008280848,0.669057179,234.1532823,0.000116295,0.185345744,0,0.366138583,1.554389645,0.409908292,6.752473498,,0,6.151848555,,0,0,0,0,0,0,0.011067837,0
15,81,15081,0.095769538,0.002199586,0.008501133,0.26946853,8.877903684,42.3647683,0.001543147,2.459403647,7.624870019,0,20.62562363,0.039027622,21.84583599,,0,,,0,0,0,0,0,0,7.46298474,0
15,82,15082,0.009533189,0.000218953,0.002160628,0.068487482,1.709449607,350.720111,0.000297135,0.473560735,0.867997399,0,3.971485326,0.545558844,11.61238811,,0,10.3002978,,0,0,0,0,0,0,0.249677374,29.38127576
15,83,15083,0.000818218,1.88E-05,0.000132158,0.004189135,0.30181461,0.962340075,5.25E-05,0.083610273,1.956170483,3.957895497,0.701191946,0.012654411,1.487164574,,0,0.75261,,0,0,0,0,0,0,0.087445022,0
15,84,15084,0.006051006,0.000138976,0.00027661,0.008767956,0.981199628,27.43503758,0.000170551,0.27181709,12.00729735,0,2.279575782,0.109632137,36.32323988,,0,,,0,0,0,0,0.8426,0.0797,0,0
15,85,15085,0.04294692,0.000986383,0.000513264,0.01626943,1.596639941,403.4882848,0.000277526,0.442309608,7.377977888,7.341156828,3.709399839,0.466557476,24.11984125,,0.008217856,7.00481601,,0,0,0,0,2.273,0.215,0,0
15,86,15086,0.000589878,1.35E-05,0.000341152,0.010813813,0.837269108,333.8890017,0.000145533,0.231944699,6.932737386,0.061023097,1.945188651,0.510079188,10.37900878,,0,18.57616557,,0,0,0,0,0,0,0.195803051,0
15,87,15087,0.00962833,0.000221139,0.000537852,0.017048804,2.304646257,791.1787359,0.000400591,0.638445247,13.74329214,0,5.354278216,0.221511319,16.55493731,,0,1.9267563,,0,0,0,0,0,0,0,0
15,88,15088,0.032272032,0.000741207,0.003174863,0.100636656,2.258555529,161.9318778,0.00039258,0.625676951,2.390169183,0,5.247197757,0.182720228,7.578859787,,0,13.9451943,,0,0,0,0,0,0,0.000370341,0
15,89,15089,0.002340483,5.38E-05,0.000178259,0.005650461,0.277972685,4.718682472,4.83E-05,0.077005457,3.110324011,1.914012914,0.645801101,0.193009329,2.999519849,,0,,,0,0,0,0,0.9307,0.088,0.031250362,0
15,90,15090,0.045477686,0.001044508,0.00279683,0.088653782,1.967151161,205.1810854,0.000341928,0.544950577,10.9223006,0,4.570191445,0.243863502,16.69636505,,0.009662584,8.38117941,,0,0,0,0,0,0,0.194717969,0
15,91,15091,0.030312115,0.000696193,0.001441443,0.045690796,2.151486604,13.02778806,0.000373969,0.596016153,2.748658429,0,4.998449467,0.144638731,3.382437691,,0.010837138,,,0,0,0,0,0.4213,0.0399,0.00542541,0
15,92,15092,0.031301588,0.000718919,0.0021176,0.067123578,1.337565004,11.88986784,0.000232494,0.370539304,1.380681888,0,3.107503003,0.145111793,4.096727769,,0,,,0,0,0,0,0,0,0,0
15,93,15093,0.007040479,0.000161702,0.000132158,0.004189135,0.755690168,29.90997913,0.000131353,0.209345271,4.297546658,4.437474453,1.755660067,0.551117323,4.825302659,,0,2.946366591,,0,0,0,0,0,0,0,0
15,94,15094,0.001978945,4.55E-05,0.000854416,0.027083243,0.473844544,34.32958179,8.24E-05,0.131266912,1.229662981,0,1.100861145,0.044231304,3.089904705,,0,,,0,0,0,0,0.872,0.0825,0,0
15,95,15095,0.205125297,0.004711213,0.002981236,0.094499087,1.973358851,23.87090564,0.000343007,0.546670265,3.350863469,0,4.584613485,0.073324622,8.782639169,,0,0.688295123,,0,0,0,0,0,0,0.23716666,0
15,96,15096,0.00997084,0.000229005,0.000817535,0.025914183,0.912475551,32.28022285,0.000158605,0.252778784,6.454834807,0,2.119912308,0.151498131,9.34257833,,0,,,0,0,0,0,1.254,0.1186,0,0
15,97,15097,0.001959917,4.50E-05,0.00030427,0.009644752,0.432752929,176.8537502,7.52E-05,0.119883496,1.825515348,1.170782884,1.005394895,0.285611231,18.96358326,,0,4.950106725,,0,0,0,0,0,0,0,0
15,98,15098,0.00249271,5.73E-05,0.000307344,0.009742174,0.135278209,8.133859058,2.35E-05,0.037475482,1.229662981,0,0.314285615,0.022943511,1.690074701,,0,,,0,0,0,0,0,0,0.013563525,0
15,99,15099,0.102258195,0.002348614,0.010099321,0.320127834,5.900217438,67.65890792,0.001025569,1.634509317,14.99478244,5.274194997,13.70770269,0.445979276,14.88677676,,0,18.468738,,0,0,0,0,1.3716,0.1298,7.99814304,48.50249159
15,100,15100,0.01234938,0.000283634,0.000414914,0.013151935,0.800105368,8.100499916,0.000139073,0.221649404,1.663661681,0,1.858847852,0.018094625,1.03338627,,0,,,0,0,0,0,0,0,0,0
15,101,15101,0.160161375,0.003678504,0.002474118,0.0784245,1.900514626,184.73675,0.000330345,0.526490574,6.437647373,0,4.415377861,0.165335197,11.71958597,,0,6.68042343,,0,0,0,0,0,0,0.013129492,0
15,102,15102,0.009704444,0.000222887,0.000150599,0.004773665,0.402813184,94.84043716,7.00E-05,0.11158943,1.522171784,0.122437368,0.935837267,0.082549333,5.822445374,,0.00223715,0.51668049,,0,0,0,0,0,0,0.00542541,0
15,103,15103,0.021235606,0.000487729,0.000977354,0.030980113,1.247526026,14.31972183,0.000216844,0.345596232,1.976534255,0,2.898319603,0.014546659,5.02283395,,0,6.58037667,,0,0,0,0,0,0,0.036621518,0
15,104,15104,1.204587841,0.027666356,0.034133615,1.081965832,18.39616084,13.05089447,0.0031976,5.096201388,0.003176337,0,42.73895092,0,0.134167792,,0,4.809196112,,0,0,0,0,1.6557,0.1566,14.37600037,0
15,105,15105,0.001065586,2.45E-05,0.000132158,0.004189135,0.893248192,289.4117029,0.000155263,0.24745232,0.506331816,0.305702247,2.075242272,1.08946197,15.22342905,,0,10.03194441,,0,0,0,0,0,0,0,0
15,106,15106,1.163144159,0.026714498,0.035768684,1.133794197,21.90474196,811.8988135,0.003807457,6.06816701,23.4391061,0,50.89027538,0.266452217,30.88031432,,0,11.16549515,,0.081187308,7.56405,3.165,0,2.3024,0.2178,14.36073837,119.3034978
15,107,15107,0.002321455,5.33E-05,0.000915885,0.029031678,0.296183741,12.87373674,5.15E-05,0.08205038,2.025327263,0,0.688110007,0.1512616,3.213629579,,0.001843621,0.44385366,,0,0,0,0,0,0,0.006564746,0
15,108,15108,0.042090645,0.000966716,0.001788742,0.056699452,3.272688878,7.73389439,0.000568855,0.906617513,1.518995447,0,7.60328693,0.015256252,1.544314732,,0,,,0,0,0,0,0.7054,0.0667,0,0
15,109,15109,0.530795006,0.012191027,0.009469266,0.300156377,13.82092823,21.60539816,0.002402338,3.828746345,0.072333117,0,32.10952427,0.018685952,1.036524257,,0,3.952111482,,0,0,0,0,0.5388,0.051,5.140203687,0
15,110,15110,0.011626304,0.000267027,0.004438046,0.140676991,1.470371124,161.696886,0.000255578,0.407329955,2.676325312,0,3.416045328,0.029211583,7.103567533,,0,30.09524439,,0,0,0,0,0,0,0.14294124,50.71241667
15,111,15111,0.001750606,4.02E-05,0.000362666,0.011495765,1.199018145,594.4480508,0.000208412,0.332158323,4.773985692,0,2.785623482,0.099224771,32.91440975,,0,15.618168,,0,0,0,0,0,0,0,0
15,112,15112,0.008125093,0.000186613,0.000510191,0.016172009,1.146362647,347.5243362,0.000199259,0.317571419,3.203020899,0,2.663291396,0.172194597,9.451603757,,0,13.43893092,,0,0,0,0,0,0,0.029141708,0
15,113,15113,0.004795137,0.000110132,0.000839049,0.026596135,1.462625245,219.0027051,0.000254232,0.40518415,6.871646072,0,3.398049684,0.065755629,8.246707831,,0.007784102,14.6637164,,0,0,0,0,0,0,0.046658527,0
15,114,15114,0.009818613,0.000225509,0.000417988,0.013249356,2.225869018,1094.450624,0.000386898,0.616621961,16.05795187,0,5.171258694,0.030394239,36.18210281,,0,2.67277479,,0,0,0,0,0,0,0.037326822,0
15,115,15115,0.012178125,0.000279701,0.000799094,0.025329652,1.313558273,108.2758692,0.000228321,0.363888832,1.735994797,0,3.051729272,0.110459996,2.540909189,,0,0.109240245,,0,0,0,0,0,0,0.135635253,0
15,116,15116,0.000418623,9.61E-06,0.000184406,0.005845304,0.108607114,14.61788781,1.89E-05,0.030086915,0,0,0.252321892,0.304178917,1.49690562,,0,,,0,0,0,0,0,0,13.6063318,0
15,117,15117,0.001503237,3.45E-05,0.00028583,0.009060222,0.360567928,116.939672,6.27E-05,0.099886427,1.157329865,0,0.837690815,0.187214318,6.681379243,,0,2.473258695,,0,0,0,0,0,0,2.363815077,0
15,118,15118,0.046581329,0.001069856,0.003104174,0.098395956,4.002861592,318.0515355,0.000695773,1.108893805,8.10448539,0,9.299663477,0.16024978,18.71192296,,0,10.70349675,,0,0,0,0,0,0,1.326502278,0
15,119,15119,0.000551821,1.27E-05,0.000178259,0.005650461,0.454699587,154.4360977,7.90E-05,0.125963275,0.723331165,0,1.056382551,0.224467957,4.196446447,,0,1.6271343,,0,0,0,0,0,0,0,0
15,120,15120,0.035411705,0.000813318,0.002781462,0.088166674,3.838467668,32.41931745,0.000667198,1.063352534,11.57329865,0,8.917734664,0.071905436,34.19515827,,0,0.114217245,,0,0,0,0,0.3429,0.0324,0.477707361,85.40258393
15,121,15121,0.628410291,0.014433005,0.018191686,0.576639272,14.40714295,14.02776898,0.002504233,3.991142637,1.012663632,0,33.47144987,0.037371904,5.783944442,,0,,,0,0,0,0,1.6361,0.1548,2.645326019,0
15,122,15122,0.095122575,0.002184727,0.008538014,0.27063759,9.374189303,0,0.001629411,2.596887304,0.654174386,0,21.77862109,0,0.049860891,,0,,,0,0,0,0,0,0,0.007812591,0
15,123,15123,0.003044531,6.99E-05,0.00029505,0.009352487,0.772939856,120.5162091,0.000134352,0.214123871,3.182657128,0,1.795735471,0.578554924,15.49002604,,0,4.545367485,,0,0,0,0,0,0,0,0
15,124,15124,0.002169229,4.98E-05,0.000239728,0.007598896,2.367794399,369.1847466,0.000411567,0.655938878,13.96029149,0,5.500987379,0.688660123,41.11665001,,0,13.22836115,,0,0,0,0,0,0,0,0
15,125,15125,0.001788662,4.11E-05,7.38E-05,0.002338122,0.248692163,38.77589754,4.32E-05,0.068894013,2.459325963,0,0.577775016,0.014901456,0.953634567,,0,,,0,0,0,0,0,0,0,0
16,1,16001,0.003995947,9.18E-05,0.00062027,0.008086004,0.42044794,81.15976834,4.81E-05,0.076731525,3.041167232,0,0.643503784,0.384717737,3.831001881,,0.000423048,2.70493173,,0,0,0,0,0,0,0,5.03252668
16,2,16002,0.005784609,0.000132858,0.001307799,0.017048804,0.646599231,61.82489132,7.40E-05,0.118004015,5.207984391,0,0.989632754,0.416649427,18.80716395,,0.000694562,66.11329236,,0,0,0,0,0,0,0,14.60364361
16,3,16003,0.001693521,3.89E-05,0.000328818,0.004286557,0.750210212,34.04448908,8.59E-05,0.136912964,21.80216086,0,1.148211384,0.171366738,24.58747499,,0.000822666,,,0,0,0,0,0,0,0,19.12641383
16,4,16004,0.002302427,5.29E-05,0.000657636,0.008573113,0.484324005,28.00069297,5.55E-05,0.088388873,13.61581335,0,0.74126735,0.202588836,22.64667401,,0.000543784,,,0,0,0,0,1.0747,0.1017,0,14.98683985
16,5,16005,0.003558296,8.17E-05,0.000553012,0.007209209,0.421406914,83.25929862,4.83E-05,0.076906537,0.433998699,0,0.644971514,0.049789784,1.677792321,,0.000379779,2.357994609,,0,0,0,0,0.4063,0.0384,0,0.226753734
16,6,16006,0.031472842,0.000722852,0.018690319,0.243651769,4.744048691,204.5423809,0.000543236,0.865786359,25.10276778,0,7.260859192,1.443667203,46.79423545,,0.004985691,20.94978975,,0,0,0,0,0.3048,0.0288,0.208730132,49.8383615
16,7,16007,0.001027529,2.36E-05,8.22E-05,0.001071639,0.108781106,22.37493992,1.25E-05,0.019852494,0.940330515,0,0.166491608,0.026491476,2.683657331,,0.000106754,1.933465995,,0,0,0,0,0.5935,0.0561,0,0.922834966
16,8,16008,0.000532793,1.22E-05,0.000567959,0.007404052,0.882673828,241.8339521,0.000101074,0.161087503,1.229662981,0,1.350949535,0.582457686,15.13404398,,0.000816242,,,0,0,0,0,0,0,3.691840828,4.447185645
16,9,16009,0.006355459,0.000145969,0.002510974,0.032733704,1.336310637,199.7432275,0.000153019,0.243875979,19.32247113,0,2.045249533,0.126898903,11.77882969,,0.001390068,95.89314867,,0,0,0,0,0,0,0,0
16,10,16010,0.003900806,8.96E-05,0.002256888,0.029421365,0.859033012,144.2685454,9.84E-05,0.156773067,1.088173085,0,1.314766806,1.11559865,13.1193929,,0.000889364,10.8813306,,0,0,0,0,4.2453,0.4016,0,0
16,11,16011,0.003425098,7.87E-05,0.000747314,0.009742174,0.396056622,10.10786511,4.54E-05,0.072280123,14.03262461,0,0.606172397,0.065755629,23.61644315,0.176050335,0.000430039,,,0,0,0,0,0,0,0,17.1981282
16,12,16012,0.005499185,0.000126302,0.003273235,0.042670722,1.585685798,103.9441102,0.000181575,0.289386813,29.73843991,0,2.426923089,0.939028229,35.79824499,6.733925309,0.001714487,0.8946,,0,0,0,0,0,0,0.014564885,49.3321206
16,13,16013,0.001503237,3.45E-05,0.000478281,0.006234991,0.370664635,77.99928556,4.24E-05,0.067646098,1.084996748,0,0.567309465,0.382825488,12.69735969,,0.000404153,,,0,0,0,0,0,0,0,8.120947699
16,14,16014,0.002587852,5.94E-05,0.001203175,0.0156849,0.462142499,59.38074621,5.29E-05,0.08434076,5.283493845,0,0.707318122,0.17976359,10.83251606,,0.000550775,,,0,0,0,0,0,0,0,9.912126423
16,15,16015,0.005480156,0.000125865,0.001076132,0.01402873,0.728320568,79.43855969,8.34E-05,0.132918116,1.319183532,0,1.114708856,0.637805949,12.22323982,,0.000764093,123.3507892,,0,0,0,0,0,0,0.004096374,6.436993609
16,16,16016,0.01326274,0.000304612,0.000418496,0.005455617,0.766429395,85.1701752,8.78E-05,0.139872956,14.75424298,0,1.173035161,0.649277705,10.64094282,,0.00094737,22.0105416,,0,0,0,0,0.6576,0.0622,0.043532102,17.8326871
16,17,16017,0.003577324,8.22E-05,0.000358711,0.004676243,1.313628796,209.8839904,0.000150422,0.239736555,11.43816142,0,2.010534533,0.297910845,28.38156556,,0.001289738,,,0,0,0,0,1.4864,0.1406,0.053382906,12.37301967
16,18,16018,0.000475708,1.09E-05,0.000149463,0.001948435,0.321256582,28.1436465,3.68E-05,0.058629155,3.471989594,0,0.491689474,0.062798991,1.699812301,,0.000356161,,,0,0,0,0,0,0,0,2.29741962
16,19,16019,0.011245738,0.000258286,0.00202522,0.026401291,0.719856572,31.06775926,8.24E-05,0.131373441,6.874822409,0,1.101754546,0.448817648,5.520840618,86.57275217,0.000848552,6.16770777,,0,0,0,0,0,0,0,3.635090875
16,20,16020,0.011474077,0.000263531,0.002750115,0.0358512,1.057457422,66.74282257,0.000121088,0.192985416,6.00682501,0,1.61845924,0.124415327,4.888129975,,0.001100982,2.9647683,,0,0,0,0,0,0,0.101748555,4.930575389
16,21,16021,0.0173348,0.000398137,0.000560485,0.00730663,0.449759215,122.722101,5.15E-05,0.082080817,1.449838668,0,0.688365264,0.141918624,4.992645155,,0.000437408,32.05313844,,0,0,0,0,0,0,0,6.183873162
16,22,16022,0.003748579,8.61E-05,0.000478281,0.006234991,0.801536215,83.46840038,9.18E-05,0.146279932,6.368490593,0,1.226766834,0.237831961,8.925160976,,0.000713078,3.35003418,,0,0,0,0,0.6202,0.0587,0.070223555,8.563908483
16,23,16023,0.002663965,6.12E-05,0.000455861,0.005942726,0.381922166,8.318576268,4.37E-05,0.069700592,11.21163306,0,0.584539336,0.048015801,16.42835931,,0.000484833,,,0,0,0,0,0.7004,0.0663,0.005331788,3.483921719
16,24,16024,0.011531162,0.000264842,0.001360111,0.017730756,0.652061218,180.0442567,7.47E-05,0.119000825,2.603992196,0,0.997992432,0.109868668,4.02651014,,0.000587808,22.96627221,,0,0,0,0,0,0,0,2.940767424
16,25,16025,0.05337444,0.001225877,0.001517047,0.019776613,1.274310827,251.2490568,0.00014592,0.232561047,2.242326613,0,1.950357612,0.100407426,6.575143596,,0.001200934,72.88593437,,0,0,0,0,0,0,0.005892705,0.768150248
16,26,16026,0.000532793,1.22E-05,0.000201775,0.002630387,0.210557526,60.80583909,2.41E-05,0.038426636,0.726507502,0,0.322262407,0.624441946,11.51819556,,0.000227679,,,0,0,0,0,0,0,0,3.098967704
16,27,16027,0.00045668,1.05E-05,0.000179355,0.002338122,0.213184283,19.80492923,2.44E-05,0.038906018,3.402832814,0,0.32628271,0.094730682,2.610906143,,0.000279261,,,0,0,0,0,0,0,0,1.984534622
16,28,16028,0.001997974,4.59E-05,0.000433442,0.005650461,0.212016836,8.006894533,2.43E-05,0.03869296,12.94762786,0,0.324495909,0.108804278,6.447024679,,0.000299478,,,0,0,0,0,0,0,0,6.264731082
16,29,16029,0.002911333,6.69E-05,0.000911723,0.011885452,0.556997622,131.2563185,6.38E-05,0.101651769,0.871173735,0,0.852495741,0.584704731,14.21452053,,0.000532825,,,0,0,0,0,0,0,0,11.65760284
16,30,16030,0.003025503,6.95E-05,0.000597851,0.007793739,0.488284988,12.05541477,5.59E-05,0.08911175,19.80167946,0,0.747329712,0.096268133,25.61594698,,0.000613315,,,0,0,0,0,0.8287,0.0784,0,6.739331922
16,31,16031,0.001084614,2.49E-05,0.000269033,0.003507183,0.667488205,116.6032651,7.64E-05,0.121816242,12.07963046,0,1.021603737,0.232628278,17.26661854,,0.000693806,,,0,0,0,0,0,0,0.010143402,5.192484741
16,32,16032,0.00306356,7.04E-05,0.000313872,0.004091713,0.526769067,108.9324263,6.03E-05,0.096135074,4.787589749,0,0.806230346,0.095085478,12.02559267,,0.000538493,25.36921872,,0,0,0,0,1.1228,0.1062,0,0
16,33,16033,0.003653438,8.39E-05,0.001890704,0.0246477,0.849068013,73.87609759,9.72E-05,0.15495446,6.292981139,0,1.299515179,0.667845391,13.57741222,10.16690684,0.000908636,,,0,0,0,0,0.8929,0.0845,0,19.8101906
16,34,16034,0.114588547,0.002631811,0.009206906,0.120023582,4.595365892,508.8574916,0.00052621,0.838651827,10.41596878,0,7.033297263,0.507359081,15.06898631,,0.004343656,23.54181646,,0,0,0,0,0,0,0.072564664,14.82336622
16,35,16035,0.006222261,0.00014291,0.003288181,0.042865565,1.296534027,266.3970448,0.000148465,0.236616769,6.255022892,0,1.984370654,1.362891852,26.28359594,,0.001342076,,,0,0,0,0,1.6682,0.1578,0.458761379,10.36914945
16,36,16036,0.002625908,6.03E-05,0.00076226,0.009937017,0.439669131,9.182778126,5.03E-05,0.080239382,2.603992196,0,0.672922194,0.178226139,3.236136656,,0.000547185,,,0,0,0,0,0,0,0.000136488,2.842331695
16,37,16037,0.00192186,4.41E-05,0.000216721,0.00282523,0.296906959,29.6557016,3.40E-05,0.054185362,1.956170483,0,0.454421901,0.263022516,4.862286277,,0.000424559,,,0,0,0,0,0,0,0,10.33399384
16,38,16038,0.009590274,0.000220264,0.004655765,0.060693743,1.656149604,146.5851052,0.000189644,0.30224642,8.17364217,0,2.53476932,1.401682943,28.72082956,,0.001940843,0.004266,,0,0,0,0,0,0,0.903998222,14.0165448
16,39,16039,0.000399595,9.18E-06,0.000134516,0.001753591,0.311666833,37.7184812,3.57E-05,0.056879031,2.242326613,0,0.477012177,0.084796378,2.606985562,,0.000295888,2.54176482,,0,0,0,0,0.2566,0.0243,0.046295529,1.56442499
16,40,16040,0.009342905,0.000214583,0.001539466,0.020068878,0.606405676,53.64363653,6.94E-05,0.110668713,14.77949588,0,0.928115732,0.28986879,15.50619835,,0.00060349,0.29130732,,0,0,0,0,0.6363,0.0602,0.140317066,11.9740034
16,41,16041,0.006716997,0.000154273,0.000478281,0.006234991,0.448591767,35.08403128,5.14E-05,0.081867759,4.852671482,0,0.686578463,0.080893616,5.030888045,,0.000464805,,,0,0,0,0,0.4972,0.047,0.061262233,0.85252373
16,42,16042,0.001883804,4.33E-05,0.000582905,0.007598896,0.512718,11.58325637,5.87E-05,0.093570762,10.72884136,0,0.784724914,0.128318089,17.52449238,,0.000615583,,,0,0,0,0,0,0,0.07903401,6.809643157
16,43,16043,0.060091437,0.001380149,0.005193831,0.067708108,2.663615249,21.69081888,0.000305008,0.486108364,7.03349974,0,4.076715169,0.060906743,4.717962683,,0.002553024,,,0,0,0,0,0,0,0.891942489,3.796806717
16,44,16044,0.00192186,4.41E-05,0.000553012,0.007209209,0.507547875,26.89360006,5.81E-05,0.092627217,8.245975286,0,0.776811936,0.639461667,16.09181304,,0.000660552,2.67001464,,0,0,0,0,0.4117,0.0389,0.105085661,12.19899936
16,45,16045,0.017886621,0.000410811,0.004827647,0.062934443,1.266722417,29.40599866,0.000145051,0.231176166,2.893324662,0,1.938743403,0.240552068,11.24729552,,0.001502301,,,0,0,0,0,0,0,0.072327059,10.13009125
16,46,16046,0.001255869,2.88E-05,0.000530593,0.006916943,0.485157896,34.89371804,5.56E-05,0.088541058,0.072333117,0,0.742543637,0.198449543,1.886161394,,0.000508451,0.29130732,,0,0,0,0,0,0,0,3.079632115
16,47,16047,0.003158701,7.25E-05,0.000657636,0.008573113,0.763510776,94.74512607,8.74E-05,0.13934031,0.378853017,0,1.168568157,0.176452156,6.713800521,,0.000757291,7.037743095,,0,0,0,0,0,0,1.132322307,5.327833869
16,48,16048,0.000989473,2.27E-05,0.000201775,0.002630387,0.192920727,14.44701076,2.21E-05,0.03520793,0.578664932,0,0.295268942,0.063981646,2.255253959,,0.000226167,0.29130732,,0,0,0,0,0.5561,0.0526,0,2.056603638
16,49,16049,0.001331982,3.06E-05,0.00076226,0.009937017,0.633757307,131.2847294,7.26E-05,0.115660371,1.305172435,0,0.969977938,0.208265581,12.64199711,,0.000610859,30.64925678,,0,0,0,0,0,0,0,17.1612148
16,50,16050,0.017715367,0.000406877,0.00433442,0.056504609,2.966567919,242.3766355,0.000339698,0.541397065,23.58377233,0,4.540390149,0.561288158,30.67024157,,0.002847967,0.29272932,,0,0,0,0,2.5343,0.2398,0.056970256,19.39008097
16,51,16051,0.009818613,0.000225509,0.001128444,0.014710683,0.441378608,9.339378772,5.05E-05,0.080551361,3.037990895,0,0.675538582,0.903075511,2.412610107,,0.000524322,,,0,0,0,0,0,0,0,3.104241047
16,52,16052,0.15296867,0.003513306,0.031514224,0.410827473,6.72166335,244.3507402,0.00076969,1.22669998,7.311997445,0,10.28763706,0.731117445,4.789550488,,0.007600311,,,0,0,0,51.2,1.9302,0.1826,11.01802163,4.969246568
16,53,16053,0.393772068,0.009043955,0.120205428,1.567028669,29.84663358,348.0506566,0.003417704,5.446994727,9.302542797,126.2290148,45.68085572,0.415939834,24.12476735,,0.030809177,76.49118627,,0.062420974,2.33181,0.992,0,2.3472,0.222,14.06781315,38.4707925
16,54,16054,0.00192186,4.41E-05,0.00023914,0.003117496,0.331847,45.83309957,3.80E-05,0.060561901,2.538011753,0,0.507898316,0.20353496,3.84406025,,0.000403398,0.29130732,,0,0,0,0,0,0,0,8.307272473
16,55,16055,0.009000396,0.000206716,0.005036895,0.065662252,1.633509458,99.99156799,0.000187051,0.298114606,8.321484739,0,2.500118134,0.478265763,18.40451987,,0.001731492,,,0,0,0,0,2.1868,0.2069,0.266875848,20.68204992
16,56,16056,0.030426285,0.000698815,0.000717421,0.009352487,1.081139932,323.164315,0.0001238,0.197307462,3.130687783,0,1.654705784,0.136951472,7.016456063,,0.000889553,7.27745058,,0,0,0,0,0,0,0,6.480938131
16,57,16057,0.001065586,2.45E-05,0.000388603,0.00506593,0.308331269,64.38600881,3.53E-05,0.056270292,0.144666233,0,0.47190703,0.370998936,8.265359688,,0.000325363,,,0,0,0,0,0,0,0,0.843734826
16,58,16058,0.035906441,0.000824681,0.00395329,0.0515361,0.678787431,59.01048093,7.77E-05,0.123878345,8.324661076,0,1.038897423,0.095795071,2.923101879,,0.000657717,2.82398298,,0,0,0,0,0,0,0.003590218,0
16,59,16059,0.000285425,6.56E-06,0.00026156,0.003409761,0.310040746,53.5051859,3.55E-05,0.056582271,1.952994147,0,0.474523417,0.278397034,3.15687148,28.52015425,0.000347092,14.77599,,0,0,0,0,1.3848,0.131,0,10.21094917
16,60,16060,0.001465181,3.37E-05,0.000463335,0.006040148,0.389385493,12.50925276,4.46E-05,0.071062645,5.207984391,0,0.595962103,0.123705734,12.24230833,,0.000413789,,,0,0,0,0,0,0,0.088852303,8.159618879
16,61,16061,0.003919834,9.00E-05,0.000411023,0.005358196,0.927912425,278.1323988,0.000106254,0.169343523,1.301996098,0,1.420188092,0.050381112,4.46040585,,0.000777697,6.766318238,,0,0,0,0,0.6202,0.0587,0.067232551,0.244331543
16,62,16062,0.00452874,0.000104014,0.001673983,0.02182247,0.736993036,29.30746884,8.44E-05,0.134500836,24.39344771,0,1.127982239,0.119684706,34.08903902,,0.000811897,,,0,0,0,0,0,0,0,23.8196888
16,63,16063,0.002245342,5.16E-05,0.000538066,0.007014365,0.627628206,56.98000598,7.19E-05,0.114541813,2.462502299,0,0.96059723,0.317424656,13.52313762,,0.000746899,2.92685856,,0,0,0,0,0.7485,0.0708,0.017880998,1.353491283
16,64,16064,0.002625908,6.03E-05,0.00116581,0.015197791,0.925869392,101.8578591,0.00010602,0.168970671,11.28396618,0,1.41706119,0.68901492,33.20396425,,0.000984214,19.74069516,,0,0,0,0,0.5614,0.0531,0,28.74850641
16,65,16065,0.044202789,0.001015227,0.003744042,0.048808291,1.324761244,218.2030634,0.000151697,0.241768221,2.135211586,0,2.027572961,0.072260233,7.093841508,,0.001268388,32.68425717,,0,0,0,0,0,0,0.036509746,6.064344061
16,66,16066,0.041405626,0.000950983,0.013862671,0.180717326,3.417953222,338.018386,0.000391386,0.623774642,6.01635402,0,5.231244172,0.144283934,9.388648566,,0.003201861,32.07688131,,0,0,0,0,1.9676,0.1861,0.869159107,0
16,67,16067,0.001940889,4.46E-05,0.000425969,0.005553039,0.648100235,40.85434888,7.42E-05,0.118277948,14.99649523,0,0.99193007,0.172076332,37.91164385,,0.000751623,,,0,0,0,0,0,0,0,25.85871463
16,68,16068,0.003196758,7.34E-05,0.002055113,0.026790978,0.894098137,60.72762265,0.000102382,0.163172434,8.535307752,0,1.368434664,0.172431128,11.61253442,47.40155266,0.000870847,11.35325678,,0,0,0,0,0,0,0.011801458,8.81527115
16,69,16069,0.060243663,0.001383646,0.010559544,0.137656917,3.866294822,30.80121879,0.000442725,0.705596745,16.41961746,0,5.917439749,0.51055225,11.92808761,,0.004144886,,,0,0,0,0,0.941,0.089,0.320538211,13.05503865
16,70,16070,0.021540059,0.000494721,0.001180756,0.015392635,0.617663207,7.589092287,7.07E-05,0.112723206,3.833655177,0,0.945345603,0.102063144,4.904488781,,0.000705332,37.2528033,,0,0,0,0,0,0,0,0.042186741
16,71,16071,0.014651807,0.000336515,0.004663238,0.060791165,2.548496569,103.3859075,0.000291825,0.465099266,30.10776392,0,3.900523782,0.518357774,61.91475698,,0.002828506,1.491,,0,0,0,0,0,0,0.270314169,52.49436842
16,72,16072,0.00272105,6.25E-05,0.000926669,0.012080296,0.494455783,49.30348801,5.66E-05,0.090237917,9.840480187,0,0.756774234,0.185795132,8.505571378,,0.000516009,3.57885369,,0,0,0,0,0,0,0,11.90193439
16,73,16073,0.065019772,0.001493341,0.003893505,0.050756726,0.951303073,101.1289336,0.000108933,0.173612304,0.474726242,0,1.455987936,0.060315415,5.649164072,,0.0009742,8.90087889,,0,0,0,0,0,0,0,0
16,74,16074,0.00272105,6.25E-05,0.000567959,0.007404052,0.38158861,21.94258782,4.37E-05,0.069639718,2.748658429,0,0.584028821,0.146649245,3.286459183,,0.000441753,,,0,0,0,0,0,0,0,3.652668684
16,75,16075,0.019694312,0.000452329,0.005672112,0.0739431,2.072261309,144.270426,0.000237292,0.378186585,5.93766823,0,3.171636413,0.420197393,16.72822737,106.1583519,0.002288312,29.86295483,,0,0,0,0,0.2139,0.0202,0.004450683,9.312723141
16,76,16076,0.058854596,0.001351742,0.008616528,0.112327265,2.594694142,26.12561523,0.000297115,0.473530298,2.893324662,0,3.971230068,0.226596736,9.223746029,0.308088086,0.002709849,,,0,0,0,0,0,0,0.432404653,4.900693114
16,77,16077,0.003120645,7.17E-05,0.001016347,0.013249356,0.649934796,61.77671193,7.44E-05,0.118612754,2.896500999,0,0.994737901,0.391458871,17.01642689,,0.000834003,,,0,0,0,0,0,0,0,11.35526453
16,78,16078,0.002321455,5.33E-05,0.000478281,0.006234991,0.473608503,14.34846293,5.42E-05,0.086433299,10.27130255,0,0.724867065,0.173258987,8.759637019,,0.000522433,,,0,0,0,0,0,0,0,1.487082631
16,79,16079,0.020988238,0.000482047,0.00295189,0.038481587,1.579640087,324.7729513,0.000180883,0.288283474,7.220764101,0,2.41767001,0.141209031,11.98170515,1.54044043,0.001406317,77.70678969,,0,0,0,0,0.7806,0.0738,0,0
16,80,16080,0.000399595,9.18E-06,5.23E-05,0.000681952,0.655396783,123.7386389,7.50E-05,0.119609564,4.918651925,0,1.003097579,0.029448114,10.43278694,,0.000631643,1.532055015,,0,0,0,0,0.5828,0.0551,0.053415417,4.385663314
16,81,16081,0.000266396,6.12E-06,8.97E-05,0.001169061,0.304995704,70.44209762,3.49E-05,0.055661553,0.003176337,0,0.466801882,0.20802905,3.875732045,,0.000311948,0.14565366,,0,0,0,0,0,0,0,2.329059676
16,82,16082,0.01257772,0.000288879,0.004969637,0.064785456,2.512555859,378.6320794,0.00028771,0.458540106,12.62668982,0,3.845515822,0.183311556,10.78612293,141.2979988,0.002434556,20.69797773,,0,0,0,0,0,0,0.109431706,23.58590395
16,83,16083,0.00306356,7.04E-05,0.001307799,0.017048804,1.07234238,240.2649838,0.000122793,0.195701913,34.57522971,0,1.641240959,0.177043483,12.40526632,,0.001032584,47.11799657,,0,0,0,0,0,0,0,31.86680971
16,84,16084,0.006697969,0.000153836,0.001120971,0.014613261,0.975402528,130.9900749,0.000111692,0.178010442,4.556986342,0,1.492872623,0.176688687,8.197067785,,0.000977601,19.85314331,,0,0,0,0,0,0,0,0.557216541
16,85,16085,0.017201602,0.000395078,0.002107425,0.02747293,1.206557167,80.39955774,0.000138161,0.22019604,12.84051283,0,1.846659313,0.208856908,13.47756572,,0.001433903,4.38813579,,0,0,0,0,0,0,0.068125126,4.809288508
16,86,16086,0.002302427,5.29E-05,0.000874357,0.011398343,0.599734546,14.33506977,6.87E-05,0.109451235,14.10495773,0,0.917905438,0.091655778,25.82536771,,0.000636745,,,0,0,0,0,0.2941,0.0278,0,19.49379004
16,87,16087,0.006869224,0.000157769,0.000343764,0.0044814,0.492621222,54.13876876,5.64E-05,0.089903111,0.505924775,0,0.753966403,0.096859461,3.969039708,93.2626649,0.000563434,2.52091464,,0,0,0,0,0.7646,0.0723,0.004876636,4.408514465
16,88,16088,0.00985667,0.000226383,0.001076132,0.01402873,2.316591429,90.22261357,0.00026527,0.422776702,11.51049454,0,3.545588434,0.358699322,13.85253527,,0.002374093,,,0,0,0,0,0,0,0.712684494,14.86731074
16,89,16089,0.007839668,0.000180057,0.003011675,0.039260961,0.894056443,52.00762031,0.000102377,0.163164824,19.02360965,0,1.36837085,1.890474337,55.83577585,66.89912725,0.001059225,8.531406,,0,0,0,0,0,0,0.360714515,45.85347223
16,90,16090,0.013795532,0.000316849,0.001711349,0.022309578,0.549450907,109.3900233,6.29E-05,0.100274498,5.596366419,0,0.840945346,0.109159075,5.683000279,,0.000472929,22.42184811,,0,0,0,0,0.4063,0.0384,0.009753271,4.571988088
16,91,16091,0.00804898,0.000184865,0.001061186,0.013833887,0.497499486,36.20989702,5.70E-05,0.090793391,13.96029149,0,0.761432681,0.219619071,4.453391604,17.38497057,0.000586107,35.14895307,,0,0,0,0,1.5612,0.1477,0,1.467747041
16,92,16092,0.001236841,2.84E-05,0.000822045,0.010716391,0.543863836,106.9503831,6.23E-05,0.09925486,0.867997399,0,0.832394225,0.867477589,10.13759849,,0.000568535,,,0,0,0,0,0,0,0,2.636671331
16,93,16093,0.02074087,0.000476366,0.00088183,0.011495765,1.079638928,251.9646413,0.000123628,0.197033529,2.459325963,0,1.652408468,0.133285241,4.603778706,,0.001057903,0.484039395,,0,0,0,0,0,0,0,0.13886469
16,94,16094,0.001503237,3.45E-05,0.000194302,0.002532965,0.264093341,16.07446792,3.02E-05,0.048196894,2.751834765,0,0.404200017,0.301931873,3.704293955,,0.000372411,,,0,0,0,0,0,0,0,3.079632115
16,95,16095,0.009057481,0.000208028,0.000814572,0.01061897,0.392846141,10.04207068,4.50E-05,0.071694211,2.025327263,0,0.601258693,0.180591449,4.406316057,53.43127663,0.000498626,6.2348466,,0,0,0,0,0.7806,0.0738,0,3.322205877
16,96,16096,0.000494736,1.14E-05,0.000149463,0.001948435,0.335057481,80.25776503,3.84E-05,0.061147812,1.591328564,0,0.51281202,0.678725819,13.6012487,,0.000332165,11.29242465,,0,0,0,0,0,0,0,3.07084321
16,97,16097,0.005632383,0.000129362,0.002219522,0.028934256,1.25742453,287.2961121,0.000143986,0.229479307,4.339986993,0,1.924512805,0.59712261,9.363680875,68.30752993,0.001337541,6.62809746,,0,0,0,0,0,0,0.001950654,12.13220368
16,98,16098,0.003196758,7.34E-05,0.001531993,0.019971456,1.027770895,104.323294,0.000117689,0.187567641,2.824167882,0,1.573023432,0.277687441,9.849711204,,0.001051668,15.55342934,,0,0,0,0,0.2459,0.0233,0.066939953,8.386372613
16,99,16099,0.000951416,2.19E-05,0.000612797,0.007988583,0.607656512,130.451806,6.96E-05,0.11089699,1.663661681,0,0.930030162,0.592273724,18.80298868,,0.000663008,3.49568784,,0,0,0,0,0,0,0,12.91090062
16,100,16100,0.030578511,0.000702312,0.00088183,0.011495765,0.515011201,77.25229059,5.90E-05,0.09398927,1.808327914,0,0.788234703,0.05014458,4.882972029,,0.000483321,13.46089155,,0,0,0,0,0,0,0.414579059,0
16,101,16101,0.00011417,2.62E-06,5.23E-05,0.000681952,0.376126623,97.02318905,4.31E-05,0.068642908,0.723331165,0,0.575669143,0.278160503,7.618716081,,0.000373922,0.94674879,,0,0,0,0,0,0,0,8.483050562
16,102,16102,0.186896166,0.004292535,0.045070497,0.587550507,12.01512125,491.8770424,0.001375838,2.192753228,27.5336645,0,18.38937778,0.103009268,13.83921915,10.56302009,0.011976088,68.68702365,,0,0,0.088,0,0.4972,0.047,1.833933853,33.17987203
16,103,16103,0.006964365,0.000159954,0.002017747,0.026303869,0.853445941,18.89435635,9.77E-05,0.15575343,32.55307878,0,1.306215685,0.163561214,25.35244361,,0.001004998,,,0,0,0,0,0,0,0.056409952,19.14399164
16,104,16104,0.001312954,3.02E-05,0.000418496,0.005455617,0.602778249,34.16680494,6.90E-05,0.110006709,7.019488642,0,0.922563884,0.133994834,20.34598025,0.704201339,0.000744443,,,0,0,0,0,0.9891,0.0936,0,16.830752
16,105,16105,0.000608906,1.40E-05,0.000919196,0.011982874,0.717855233,13.24553268,8.22E-05,0.131008198,18.87894342,0,1.098691457,6.157612564,36.45795939,,0.000779587,,,0,0,0,0,0.7592,0.0718,0,30.25316685
16,106,16106,0.020436416,0.000469373,0.002249415,0.029323943,1.079472149,23.31709229,0.000123609,0.197003092,12.5308166,0,1.652153211,0.55147212,16.36680016,,0.001092669,,,0,0,0,0,1.5505,0.1467,0.002367764,10.81035246
16,107,16107,0.075409235,0.001731961,0.005687058,0.074137943,2.979993567,92.89930416,0.000341236,0.543847238,11.37218098,0,4.560938366,0.301340545,17.43784813,,0.003175976,109.0412147,,0,0,0,0,0.9998,0.0946,0.592258115,21.97226109
16,108,16108,0.120068704,0.002757676,0.017853327,0.232740534,7.314935239,48.54135717,0.000837625,1.334971784,21.30666381,0,11.19565127,1.286374061,23.15665424,,0.007683258,,,0,0,0,0,1.4008,0.1325,0.897049757,12.21833495
16,109,16109,0.002359512,5.42E-05,0.000209248,0.002727809,0.124124704,5.17667857,1.42E-05,0.022652692,4.849495145,0,0.189975284,0.190880549,6.103061956,,0.000174018,,,0,0,0,0,0,0,0,4.162425141
16,110,16110,0.009989868,0.000229442,0.002742642,0.035753778,1.644099876,133.5749427,0.000188264,0.300047351,32.14897286,0,2.516326976,0.209684767,18.8273197,,0.001929317,6.54017565,,0,0,0,0,1.1495,0.1087,0.111772491,19.46566555
16,111,16111,0.002530767,5.81E-05,0.000978981,0.012762248,0.604862977,78.7758288,6.93E-05,0.110387171,2.896500999,0,0.925754601,0.063863381,2.710294866,16.63675665,0.000557954,47.14097904,,0,0,0,0,1.4864,0.1406,0.003901309,5.044831147
16,112,16112,0.04045421,0.000929132,0.011575891,0.150906273,5.722369839,709.0462515,0.000655262,1.044329447,2.555199187,0,8.758198819,0.46620268,13.72567562,,0.005514359,6.758167275,,0,0,0,0,0.9517,0.09,0.195606606,15.61436762
16,113,16113,0.003919834,9.00E-05,0.001561886,0.020361143,0.944631943,35.85500206,0.000108169,0.172394826,23.50826288,0,1.445777642,0.26373211,47.73334767,,0.001102305,,,0,0,0,0,0.5935,0.0561,0,32.12696128
17,1,17001,0.002093115,4.81E-05,0,0.017146226,0,48.7145238,7.08E-05,0.112898219,2.462502299,0,0.946813333,0.136596676,5.633141954,8.26996448,0,,,0,0,0,0,0.5557,0.0526,0.053560481,3.046369186
17,2,17002,0.002226314,5.11E-05,0,0.014320996,0,18.32853482,6.74E-05,0.107442397,5.731503642,0,0.901058453,0.058186636,3.936975381,,0,,,0,0,0,0,0.374,0.0354,0.144837494,3.797270261
17,3,17003,0.011702417,0.000268775,0,0.028447148,0,83.99953945,0.000146092,0.232834979,10.72248868,0,1.952654929,0.149132821,17.55693637,43.13233204,0,,,0,0,0,0,0.5201,0.0492,0.010033101,10.92391263
17,4,17004,0.059786984,0.001373157,0,0.047931496,0,151.4694903,0.000336094,0.535652092,17.4558212,0,4.492210324,0.185085539,21.38383274,64.75131316,0,,,0,0,0,0,0.3918,0.0371,0.028179591,17.52354067
17,5,17005,0.001084614,2.49E-05,0,0.011885452,0,37.9520689,3.73E-05,0.059420516,1.663661681,0,0.498326165,0.092483637,3.208118431,,0,,,0,0,0,0,0,0,0.009216143,1.933224376
17,6,17006,0.080622995,0.001851708,0,0.464604273,0,69.36049008,0.000790745,1.260256706,9.330972034,0,10.56905829,0.162851621,13.54420891,65.93085041,0,,,0,0,0,0,0.4916,0.0465,0.370687878,10.82957832
17,7,17007,0.185678353,0.004264565,0,1.335359774,0,58.70837029,0.001716544,2.735755841,0.302037813,0,22.94323276,0.078883102,2.097221566,,0.143449587,4.216918581,,0.035157903,0,0,0,0.7267,0.0687,9.011948723,1.481677498
17,8,17008,0.037314537,0.000857021,0,0.071799822,0,44.80012331,0.000363513,0.579351929,1.088173085,10.22293348,4.858696067,0.074862074,1.41063606,6.527066165,0,,,0,0,0,0,0.5521,0.0522,6.954404328,0.308158733
17,9,17009,0.004490684,0.00010314,0,0.051730943,0,48.1245381,7.24E-05,0.115454921,2.242326613,0.58988994,0.96825495,0.020696466,3.474652173,,0,26.45779092,,0,0,0,0,0.659,0.0623,0,1.755875881
17,10,17010,0.00532793,0.000122369,0,0.015490056,0,22.80282653,6.65E-05,0.106034689,5.283493845,0,0.8892528,0.058896229,11.48338323,5.193484879,0,,,0,0,0,0,0,0,0,5.224862757
17,11,17011,0.312483082,0.007176951,0,0.272488604,0,58.13679172,0.000897883,1.431007938,0.289332466,0,12.00105203,0.050854174,0.52034946,2.825607875,0.058494006,1.10618781,,0,0,0,0,0.342,0.0324,2.062741433,0.444000133
17,12,17012,0.017163545,0.000394204,0,0.163278834,0,37.42340513,0.000242262,0.386107798,4.071018298,0,3.238067139,0.148068431,4.770375585,64.65008422,0.066850293,,,0,0,0,0,0,0,0.092577359,4.473961682
17,13,17013,0.003786636,8.70E-05,0,0.015295213,0,39.86381974,6.55E-05,0.104383485,4.632495796,0,0.875405089,0.045177429,17.82826142,,0,,,0,0,0,0,0.2066,0.0195,0,7.307764232
17,14,17014,0.001940889,4.46E-05,0,0.009060222,0,24.25463622,4.14E-05,0.065972067,1.88066103,0,0.55327031,0.100525692,2.872049492,16.65876294,0,,,0,0,0,0,0,0,0.00264029,2.167173455
17,15,17015,0.00724979,0.000166509,0,0.016756539,0,115.5565389,0.000107314,0.171032773,1.952994147,0,1.434354875,0.158475797,8.91298599,19.59000101,0,,,0,0,0,0,0,0,0.041539425,6.865021889
17,16,17016,0.003710523,8.52E-05,0,0.004968509,0,108.9527273,7.45E-05,0.118802985,5.135651275,0,0.996333259,0.063981646,6.900880038,,0,1.61537328,,0,0,0,0,0,0,0,6.605916996
17,17,17017,0.016859092,0.000387211,0,0.089725421,0,199.1439267,0.000279436,0.445353302,5.307033953,0,3.734925575,0.154218238,11.06913233,25.52729856,0,,,0,0,0,0,0.9974,0.0944,1.140711201,5.481452069
17,18,17018,0.029817379,0.00068483,0,0.135318795,0,146.6016294,0.000491061,0.782632639,0.657350722,0,6.563496106,0.120394299,2.398123916,,0.019498002,4.05372441,,0,1.73979,0.488,0,0,0,0.544361236,0.901835965
17,19,17019,0.006222261,0.00014291,0,0.037897056,0,104.2023794,0.000108637,0.173140531,8.318308403,0,1.452031447,0.149014555,23.55850777,5.140669778,0,,,0,0,0,0,0.3598,0.034,0,14.2708938
17,20,17020,0.007497158,0.000172191,0,0.086900191,0,105.7962225,0.000183953,0.293176212,3.182657128,0,2.458702629,0.057240512,3.731372569,,0,21.17791293,,0,0,0,0,0.6875,0.065,0.024287506,2.948261508
17,21,17021,0.00237854,5.46E-05,0,0.013833887,0,10.90587303,3.02E-05,0.048128411,0.940330515,0,0.403625688,0.079947492,1.313832366,2.922435559,0,,,0,0,0,0,0,0,0,0.854039916
17,22,17022,0.004604854,0.000105762,0,0.011982874,0,181.1696051,8.58E-05,0.136814044,0.378853017,0,1.147381797,0.025308821,3.698183645,,0,1.363925715,,0,0,0,0,0,0,0,4.310448885
17,23,17023,0.000818218,1.88E-05,0,0.001363904,0,52.77413672,2.81E-05,0.04475752,1.591328564,0,0.375355936,0.013364004,9.325972975,,0,15.46822353,,0,0,0,0,0,0,0,6.394608151
17,24,17024,0.010484605,0.000240805,0,0.062934443,0,82.4182288,0.000214881,0.342468836,2.902853672,0,2.87209191,0.116018475,3.141275287,120.5944794,0,0.73516098,,0,0,0,0,1.1399,0.1078,0.081251414,5.805962082
17,25,17025,0.005917808,0.000135917,0,0.02523223,0,100.4475705,0.000140534,0.22397783,2.486042408,3.846019818,1.878375039,0.201051384,5.321361835,73.94114065,0,,,0,0,0,0,0.1745,0.0165,0.009681062,8.174382056
17,26,17026,0.004890278,0.000112317,0,0.034292452,0,42.02811422,7.24E-05,0.115409266,2.09766038,0,0.967872064,0.049080191,3.299273277,5.281510046,0,1.1755683,,0,0,0,0,0.4168,0.0394,0,3.304216289
17,27,17027,0.002759106,6.34E-05,0,0.007111787,0,53.60015838,5.19E-05,0.082758039,2.169993496,0,0.69404474,0.042102525,5.274633198,0.440125837,0,0.44385366,,0,0,0,0,0.4773,0.0452,0,4.845009952
17,28,17028,0.025478921,0.000585187,0,0.082029104,0,94.99862921,0.000279422,0.445330474,1.374329214,2.548105482,3.734734132,0.070131453,1.734806962,18.00994926,0.015319859,,,0,0,0,0,0,0,0.526296102,1.695501925
17,29,17029,0.030997134,0.000711926,0,0.245210517,0,65.23049005,0.000411405,0.655680164,10.27130255,0,5.498817691,0.075453402,6.536086537,64.25837223,0.023676145,2.810888793,,0,0,0,0,0.6626,0.0627,0.289201659,6.290211519
17,30,17030,0.045858253,0.001053249,0,0.027083243,0,92.12155487,0.000199355,0.317723604,7.381154224,0,2.664567683,0.11590021,37.21926777,,0.002785429,,,0,0,0,0,0,0,0.00018482,13.58036668
17,31,17031,0.033432759,0.000767866,0,0.070825604,0,15.47144307,0.000161957,0.258120467,0.506331816,0,2.164709974,0.055939591,0.216255074,23.37508321,0,,,0,0,0,0,0.3135,0.0297,0.997018753,0.831399683
17,32,17032,0.003368013,7.74E-05,0,0.014418417,0,42.33631507,3.77E-05,0.060158611,4.446694979,0,0.504516156,0.023180042,7.226680906,,0,,,0,0,0,0,0,0,0,2.700476731
17,33,17033,0.022225079,0.000510454,0,0.007696317,0,67.9298276,6.09E-05,0.097086228,2.24550295,0,0.814207139,0.049908049,9.313906496,,0,,,0,0,0,0,0,0,0,3.8463241
18,1,18001,0,0.000225072,0,0.047736652,0,93.37705753,0.000164201,0.261696807,18.44494472,0,2.194702713,0.634494515,41.02550087,,0.012727506,2.26797075,,0,0,0,0,1.7977,0.1701,0,53.87073679
18,2,18002,0,0.000100518,0,0.016659117,0,29.93318816,6.43E-05,0.102465957,8.683150322,0,0.859323876,0.40813431,6.257907604,21.56616602,0.005628051,,,0,0,0,0,0.9233,0.0873,0,19.93943682
18,3,18003,0,2.23E-05,0,0.006527257,0,31.50728999,4.72E-05,0.07529338,8.972482788,0,0.631442875,0.301695342,6.173029044,,0.004042805,52.80362229,,0,0,0,0,0,0,0,19.00251856
18,4,18004,0,0.000422174,0,0.280964295,0,129.7179889,0.000293382,0.467579877,34.56081157,0,3.921327256,1.318660548,25.95377118,43.73750507,0.024070411,104.8569372,,0,0,0,0,1.3687,0.1295,0,83.41461772
18,5,18005,0,1.31E-05,0,0.00389687,0,126.9467864,5.30E-05,0.084424461,0.356776454,0,0.70802008,0.408962168,2.424784151,,0.003002576,,,0,0,0,0,0,0,0,9.393947053
18,6,18006,0,0.000204094,0,0.066441626,0,25.75331601,0.000122802,0.195717131,5.497316857,0,1.641368588,0.461472059,4.499212605,,0.009427518,6.73063173,,0,0,0,0,1.2926,0.1223,0,12.32026887
18,7,18007,0,0.00015165,0,0.016561696,0,100.7561184,7.63E-05,0.1215347,1.887013704,0,1.019242607,0.206255067,3.710371471,,0.005272295,27.39760365,,0,0,0,0,0,0,0,15.65933002
18,8,18008,0,0.000189235,0,0.047152122,0,77.44740677,0.000214686,0.342156858,4.085029396,0,2.869475523,0.292707162,15.26493824,330.4222716,0.015389979,28.23224349,,0,0,0.018,0,0.8744,0.0827,0,38.62827349
18,9,18009,0,1.01E-05,0,0.004968509,0,113.1721685,0.000155812,0.248327382,0.078278749,0,2.082580921,0.438173752,5.73896922,,0.007754045,64.0538712,,0,0,0,0,0,0,0,5.324337302
18,10,18010,0,3.58E-05,0,0.023673483,0,135.7515602,0.000149806,0.238754964,43.39180446,0,2.002302483,0.933588015,51.14794931,,0.012111337,15.95460738,,0,0,0,0,2.292,0.2168,0,73.3933069
18,11,18011,0,0.000143784,0,0.035266669,0,91.28710318,9.68E-05,0.154201146,1.666838017,0,1.29319756,1.020631438,17.14578283,,0.007514977,0.7455,,0,0,0,0,0.516,0.0488,0,17.64460617
18,12,18012,0,0.000165198,0,0.068779748,0,172.3335885,0.000171893,0.273955285,26.02232748,0,2.297507611,1.367267677,20.93414322,15.09631622,0.014618701,11.8703196,,0,0,0,0.9,0,0,0,57.73397688
18,13,18013,0,2.10E-05,0,0.003604604,0,11.6050143,3.28E-05,0.052199352,5.85898244,0,0.437766359,0.943640584,13.71932244,85.38441241,0.002871658,10.19920254,,0,0,0,0,1.1351,0.1074,0,22.23839487
18,14,18014,0,4.15E-05,0,0.015587478,0,79.87570514,9.88E-05,0.157503554,15.06247568,0,1.320892982,0.563062141,27.80744921,513.7148771,0.007519246,83.64709794,,0,0,0,0,0,0,0,60.34248942
18,15,18015,0,0.000291938,0,0.108527817,0,148.8865365,0.000385857,0.614963148,67.53070162,0,5.157347169,1.689896015,86.94411225,115.5330323,0.032681115,7.61833905,,0,0,0,0,1.9227,0.1819,0,214.2282196
18,16,18016,0,0.000135043,0,0.050074774,0,70.70433621,0.000171129,0.272737807,36.7452232,0,2.287297317,0.633075329,110.5339853,,0.014440824,,,0,0,0,0,0,0,0,140.5212308
18,17,18017,0,0.004293846,0,0.806457154,0,243.5398871,0.001688556,2.691150506,11.58559695,24.99873765,22.56915311,1.809817253,17.60751077,373.9969301,0.12357947,63.31604544,,0.01033863,0,0,0,3.1664,0.2995,0,53.76755196
18,18,18018,0,0.000207154,0,0.066636469,0,20.41787781,0.000127968,0.203950324,18.58961095,0,1.710415701,0.472234221,42.90451114,,0.011381327,,,0,0,0,0,0,0,0,94.79384093
18,19,18019,0,0,0,0.000292265,0,124.4216361,5.48E-05,0.087376845,6.365314256,0,0.732780043,2.206361541,5.356112003,,0.003541901,52.43350284,,0,0,0,0,0,0,0,8.977080334
18,20,18020,0,0.000428292,0,1.251869344,0,78.26742091,0.000446812,0.71211025,13.74329214,0,5.972064822,0.905086025,9.752635261,,0.030603504,,,0,0,0,0,0,0,0,42.80519547
19,1,19001,0,0,0,0.000292265,0.491303784,0.063996152,1.33E-05,0.02118411,0,0,0.177659117,0,0.060305405,,0,,,0,0,0,0,0.3271,0.0309,1.141287234,0.005237594
19,2,19002,0.001331982,3.06E-05,0,0.002143278,0.594894057,0.182678987,1.61E-05,0.025650731,4.990985042,0,0.215118133,0.921997994,6.804328963,,0,,,0,0,0,0,0,0,0.141139527,10.92936191
19,3,19003,3.81E-05,8.74E-07,0,0.000194843,0.279181963,0.413161377,7.55E-06,0.01203781,2.386992846,0,0.100954283,0.790605001,1.688906717,,0,,,0,0,0,0,1.063,0.1006,0,2.964478119
19,4,19004,0.01008501,0.000231627,0,0.034876983,5.399400347,6.955407752,0.000146077,0.232812152,6.148314906,0,1.952463485,0.116255006,2.247760939,,0,,,0,0,0,0,0,0,0.022982043,1.97831402
19,5,19005,0.019351802,0.000444462,0,0.0179256,3.153062034,3.153218626,8.53E-05,0.1359542,17.14294862,0,1.140170777,0.904494697,28.70372702,,0,,,0,0,0,0,3.3839,0.3201,0,17.57115467
19,6,19006,1.289796661,0.029623388,0,0.272098917,86.2411085,4.972205209,0.0023332,3.718557014,2.676325312,31.88378594,31.18542884,0.262076392,0.259851448,,0.019807494,,,0,11.84274,3.181,0,1.0001,0.0946,1.559170408,2.502073404
19,7,19007,0.00192186,4.41E-05,0,0.006429835,2.545814793,125.7723719,6.89E-05,0.109770823,3.254990245,0,0.92058564,0.082785864,7.404267392,,0,15.52010241,,0,0,0,0,0,0,0,4.792181386
19,8,19008,0.001236841,2.84E-05,0,0.003507183,0.581482028,0.645824654,1.57E-05,0.025072429,1.591328564,0,0.210268244,0.101235285,6.161125125,,0,,,0,0,0,0,1.2705,0.1202,0,0.838089839
19,9,19009,0.126614446,0.002908016,0,0.09469393,13.01690316,11.24573156,0.000352164,0.561264777,38.62588424,0,4.707009385,0.923535446,28.33132415,,0,,,0,0,0,0,2.7989,0.2648,0.401497281,24.20365444
19,10,19010,0.058512086,0.001343876,0,0.004383978,1.279436937,2.841012332,3.46E-05,0.055166953,0.578664932,0,0.462653951,0.129973806,1.136547209,,0,,,0,0,0,0,0.7611,0.072,0.016944931,0.264124376
19,11,19011,0.001179756,2.71E-05,0,0.010813813,1.360791479,0.634900884,3.68E-05,0.05867481,4.122987643,0,0.49207236,0.781025494,10.23520103,,0,,,0,0,0,0,0,0,5.666584412,3.674546199
19,12,19012,0.042452183,0.00097502,0,0.011690609,2.807525824,1.330283779,7.60E-05,0.121055318,1.952994147,0,1.015222303,0.140854234,0.112160581,,0,,,0,0,0,0,0,0,0.024511616,0.143659717
19,13,19013,0.006716997,0.000154273,0,0.013931309,1.840977396,1.36429892,4.98E-05,0.079379539,10.9223006,0,0.665711174,2.611539213,6.54232753,,0,,,0,0,0,0,0,0,0.001435577,22.03530555
19,14,19014,0.015679336,0.000360115,0,0.013736465,5.773172407,220.8797854,0.00015619,0.248928511,9.040491612,0,2.087622253,0.164743869,26.54886947,,0,1.33845366,,0,0,0,0,0,0,0.045208725,20.59197433
19,15,19015,1.90E-05,4.37E-07,0,0,0.273181845,1.162614668,7.39E-06,0.011779096,4.339986993,0,0.098784595,0.78114376,7.436319368,,0,,,0,0,0,0,1.2768,0.1208,0,6.462442582
19,16,19016,0.004376514,0.000100518,0,0.005455617,0.55201086,0.968054856,1.49E-05,0.023801687,4.484653226,0,0.199611249,0.387437844,1.355076019,,0,,,0,0,0,0,0,0,0,2.599343005
19,17,19017,0.001693521,3.89E-05,0,0.009449909,6.845605271,194.5781415,0.000185204,0.295169832,17.26927946,0,2.475421985,0.1512616,49.08143187,,0,20.31566933,,0,0,0,0,0,0,2.822441662,21.27267447
19,18,19018,0.18310953,0.004205566,0,0.035656356,11.36245884,18.80743119,0.000307404,0.4899282,1.084996748,0,4.108749967,0.115545413,1.73762335,,0.011141716,,,0,0,0,0,3.1197,0.2951,11.79362598,0.521514702
19,19,19019,0.204478334,0.004696354,0,0.580536142,21.22135869,0.670532867,0.000574131,0.915025718,0.072333117,20.37780273,7.673801773,0,,,0.00742781,0.000233046,,0,0,0,0,0,0,10.70095612,0
19,20,19020,0.002055059,4.72E-05,0,0.012177717,0.926841764,1.477652316,2.51E-05,0.039963702,7.305644771,0,0.335152903,2.305468047,7.117174704,,0,,,0,0,0,0,0,0,0,16.05771451
19,21,19021,0.337638522,0.007754708,0,0.195720273,58.90686483,714.786604,0.001593689,2.539955008,0.361665583,84.67404586,21.30116221,0,1.009388653,,0.021045463,,,0,0,0,0,1.2705,0.1202,8.377845904,0.160120726
19,22,19022,0.002797163,6.42E-05,0,0.01061897,2.386635191,6.287601343,6.46E-05,0.102907293,36.67289009,0,0.863025107,1.595874927,69.24965217,,0,,,0,0,0,0,0,0,0,31.19211605
19,23,19023,0.00011417,2.62E-06,0,0.000681952,0.25165201,0.037407216,6.81E-06,0.010850769,1.663661681,0,0.090999246,0.368397095,3.321727227,,0,,,0,0,0,0,0,0,0.00020081,2.608321737
19,24,19024,0.001160728,2.67E-05,0,0.003214917,1.037667474,62.46608005,2.81E-05,0.044742301,0.21699935,0,0.375228307,0.033232611,2.345899282,,0,18.2081295,,0,0,0,0,0,0,0,1.502067093
19,25,19025,0.160637083,0.00368943,0,0.012762248,1.327261407,1.493937969,3.59E-05,0.057229056,3.110324011,0,0.479947636,0.118383786,0.445459626,,0,,,0,0,0,0,0,0,0,2.092792857
19,26,19026,0.85480925,0.01963282,0,0.682926389,124.145266,12.72826228,0.003358673,5.352914146,0.072333117,212.7967325,44.89185524,0,,,0,,,0,0,0,0,1.0001,0.0946,4.15057594,0.537227483
19,27,19027,0.000380566,8.74E-06,0,0.002435543,0.311300242,0.401200946,8.42E-06,0.01342269,2.459325963,0,0.112568492,0.264559968,4.000626389,,0,,,0,0,0,0,1.4152,0.1339,0,0.720543268
19,28,19028,0.000665991,1.53E-05,0,0.001169061,0.260828661,0.248652152,7.06E-06,0.011246449,0.723331165,0,0.094317592,0.380223647,,,0,,,0,0,0,0,0,0,0,0.528248751
19,29,19029,0.003082588,7.08E-05,0,0.005455617,1.155022724,8.637422378,3.12E-05,0.049802443,3.547499047,0,0.417664842,0.034297001,2.183506456,,0,,,0,0,0,0,0,0,0,3.115994226
19,30,19030,0.001008501,2.32E-05,0,0.001169061,0.628600603,27.49908797,1.70E-05,0.027104095,0.289332466,0,0.227306672,0.032759549,0.506080492,,0,0.07282683,,0,0,0,0,0,0,0,0.143659717
19,31,19031,0.093333913,0.002143645,0,0.112814374,32.64028923,32.34727336,0.000883063,1.407388873,2.965657778,151.3087254,11.80297233,0.12063083,0.137895869,,0,,,0,0,0,0,0.5661,0.0536,0.083882962,0.461656486
19,32,19032,0.00180769,4.15E-05,0,0.00506593,0.750367704,1.24385853,2.03E-05,0.032354467,1.663661681,0,0.271338565,0.608121304,0.350359393,,0,,,0,0,0,0,4.7425,0.4486,5.511257334,0.688743591
19,33,19033,0.112609602,0.00258636,0,0.056991717,12.66642567,103.7358163,0.000342682,0.546152837,15.8080412,0,4.58027411,1.178042845,18.73219058,,0.002475937,0.7282683,,0,0,0,0,2.019,0.191,12.29669443,26.59126397
19,34,19034,0.001579351,3.63E-05,0,0.002922652,1.024078972,0.401630976,2.77E-05,0.04415639,1.229662981,0,0.370314603,0.119921237,0.261495781,,0,,,0,0,0,0,0,0,0,1.560054739
19,35,19035,7.61E-05,1.75E-06,0,0.000487109,0.178415275,0.136788773,4.83E-06,0.007692937,0.072333117,0,0.064516296,0.167700507,0.443722297,,0,,,0,0,0,0,0,0,0,0.219230714
19,36,19036,0.000133198,3.06E-06,0,0.000779374,1.224906452,54.16818001,3.31E-05,0.0528157,1.663661681,0,0.44293532,0.052982953,4.689537787,,0,,,0,0,0,0,0,0,0,3.367024617
19,37,19037,0.000761133,1.75E-05,0,0.001558748,0.984725256,6.391657288,2.66E-05,0.042459531,2.135776421,0,0.356084006,0.643364429,0.509173984,,0,,,0,0,0,0,1.3775,0.1303,1.317257997,0.393193653
19,38,19038,0.043917364,0.001008671,0,0.060791165,9.58377679,32.33673366,0.000259283,0.413234721,37.99524996,0,3.465565254,1.008213558,28.0226708,,0,,,0,0,0,0,3.5223,0.3332,0.23869737,15.14113559
19,39,19039,1.487443828,0.034162847,0,3.278923464,201.4259041,18.61829454,0.005449453,8.685112257,2.676325312,136.7893356,72.83711107,0,,,0.087895756,0.47677298,,0.050585863,0,0,0,1.7863,0.169,73.77131006,0
19,40,19040,1.90E-05,4.37E-07,0,0.000876796,0.159885499,0.094788553,4.33E-06,0.006893967,2.820991545,0,0.05781579,0.110105199,,,0,,,0,0,0,0,0,0,0.034180395,0.425367443
19,41,19041,0.024375279,0.000559839,0,0.003799448,2.285868502,6.544961222,6.18E-05,0.09856242,10.9223006,0,0.82658712,0.394770306,14.99624309,,0,,,0,0,0,0,1.8618,0.1761,0,9.728456461
19,42,19042,0.000646963,1.49E-05,0,0.001363904,1.041020481,4.636400925,2.82E-05,0.044886877,16.92594927,0,0.37644078,0.663114771,42.23090891,,0,,,0,0,0,0,2.2769,0.2154,0,12.72436014
19,43,19043,0.00034251,7.87E-06,0,0.002143278,0.454420705,20.45373551,1.23E-05,0.01959378,2.404180281,0,0.16432192,0.029921177,8.638002074,,0,0.29130732,,0,0,0,0,0,0,0,1.58250157
19,44,19044,0.044335987,0.001018286,0,0.046372748,5.609051531,1.63502052,0.000151749,0.241851923,7.326008542,0,2.028274919,0.834481509,2.284501706,,0,,,0,0,0,0,0,0,0.793287989,2.259198695
19,45,19045,0.027438838,0.000630201,0,0.009449909,5.78199611,7.236556045,0.000156428,0.249308973,5.862158777,0,2.09081297,0.499317025,4.436971176,,0,6.52249026,,0,0,0,0,3.0128,0.285,0.040589219,2.220365678
19,46,19046,0.929457352,0.0213473,0,0.653017915,82.8272178,1.904594744,0.002240839,3.571356365,0,35.48493102,29.95094047,0,,,0,0.14565366,,0,0,0,0,0,0,7.067460007,0
19,47,19047,0.004281372,9.83E-05,0,0.006916943,2.858350354,1.501241411,7.73E-05,0.123246778,0.21699935,0,1.033600833,0.113653165,0.014941396,,0,,,0,0,0,0,0.434,0.0411,0.283208478,0.011971643
19,48,19048,0.686675009,0.015771199,0,0.182860604,48.94225702,11.61955055,0.001324103,2.110299558,0.072333117,0,17.69788562,0,0.048339249,,0.017331557,0.728501346,,0,0,0,0,0.8428,0.0797,32.39689498,0.211000209
19,49,19049,0.019066377,0.000437907,0,0.124894669,6.832193242,19.04080706,0.000184841,0.29459153,0.723331165,3.418075791,2.470572096,0.164152542,0.343038846,,0,468.4425611,,0,0,0,0,0,0,0.548047512,0.732514911
19,50,19050,0,0,0,0.00165617,0.315888568,0.25764781,8.55E-06,0.013620531,4.990985042,0,0.114227665,0.290696648,0.637768015,,0,,,0,0,0,0,0,0,0,2.954227399
19,51,19051,0.000856274,1.97E-05,0,0.003799448,0.722661277,0.887975688,1.96E-05,0.031159817,2.607168532,0,0.261319714,0.294954207,2.390702677,,0,0.546201225,,0,0,0,0,1.2202,0.1154,1.072023089,0.465135745
20,1,20001,5.71E-05,1.31E-06,0,0.000292265,0.001455902,13.40606301,4.91E-06,0.007829903,0.072333117,0,0.065664954,0,0.16300424,,0,0.65544147,,0,0,0,0,0,0,0,0.000136024
20,2,20002,0.016059903,0.000368856,0,0.029031678,0.057944603,374.7323406,0.000195531,0.311628607,10.47347672,0,2.613452399,0,28.39632312,660.1887558,0,12.15573606,,0,0,0,0,1.1402,0.1079,0.000372146,15.92694284
20,3,20003,3.81E-05,8.74E-07,0,0.001071639,0.00284389,23.7122274,9.60E-06,0.015294562,0,0,0.128266819,0.981603816,0.799887839,,0,6.42554115,,0,0,0,0,0,0,0,0.00086774
20,4,20004,0.000247368,5.68E-06,0,0.001169061,0.000997484,6.848057924,3.37E-06,0.005364511,0.003176337,0,0.044989108,0,0.099508783,,0,,,0,0,0,0,0,0,0,0.131178904
20,5,20005,0.005137647,0.000117999,0,0.010716391,0.020978284,62.88543892,7.08E-05,0.112822126,1.166858875,0,0.94617519,0,6.513209081,,0,,,0,0,0,0,0.5077,0.048,0,4.963786253
20,6,20006,0.009590274,0.000220264,0,0.045301109,0.020601928,50.10263102,6.95E-05,0.11079807,2.475207646,0,0.929200576,0,9.174925682,,0,,,0,0,0,0,0,0,0.066415031,2.333167752
20,7,20007,0.000875303,2.01E-05,0,9.74E-05,0.004349312,35.24919142,1.47E-05,0.023390788,0.289332466,0,0.196165275,0,0.787361195,,0,,,0,0,0,0,0,0,0,0.505996432
20,8,20008,0.000152227,3.50E-06,0,9.74E-05,0.000964942,7.088749783,3.26E-06,0.005189498,0,0,0.043521379,0,0.639320934,,0,,,0,0,0,0,0,0,0,0
20,9,20009,0.000589878,1.35E-05,0,0.003312339,0.009964932,88.99972016,3.36E-05,0.053591842,0.650998049,0,0.449444383,0,2.689815281,,0,,,0,0,0,0,0,0,0,6.590924114
20,10,20010,0.013567193,0.000311604,0,0.005942726,0.019556339,49.81393082,6.60E-05,0.105174845,0.14784257,0,0.88204178,0,0.383972311,,0,,,0,0,0,0,0.5992,0.0567,3.452659799,1.184477297
20,11,20011,7.61E-05,1.75E-06,0,0.000194843,0.001409211,9.975078389,4.76E-06,0.007578798,0.072333117,0,0.063559081,3.331421433,0.636469509,,0,,,0,0,0,0,0,0,0,0.227091788
20,12,20012,0.000152227,3.50E-06,0,0.00165617,0.01211695,113.8008291,4.09E-05,0.065165488,0,0,0.546505991,0,1.643388443,,0,3.44987964,,0,0,0,0,0,0,0,1.251086067
20,13,20013,0.001084614,2.49E-05,0,0.001363904,0.003313627,10.40202904,1.12E-05,0.017820828,2.459325963,0,0.14945318,0,2.115404407,,0,,,0,0,0,0,0,0,0.000390753,1.63326671
20,14,20014,0.011283794,0.00025916,0,0.073553413,0.035511832,63.07493736,0.000119833,0.190984187,0.292508803,0,1.60167607,6.776969093,3.675743249,,0,,,0,0,0,0,1.1694,0.1106,0.03483286,1.817346271
20,15,20015,5.71E-05,1.31E-06,0,9.74E-05,0.006560754,55.51218309,2.21E-05,0.035284022,0.21699935,0,0.295907085,0,1.426245934,,0,,,0,0,0,0,0,0,0,1.300696474
20,16,20016,0.000380566,8.74E-06,0,0.001558748,0.012296639,101.7959502,4.15E-05,0.066131861,0,0,0.554610412,0,3.749307081,,0,,,0,0,0,0,0,0,0,0.505212438
20,17,20017,0.00011417,2.62E-06,0,0,0.004510607,42.92189733,1.52E-05,0.024258241,0.361665583,0,0.20344011,0,2.629664,,0,12.19724685,,0,0,0,0,0,0,0,2.872753938
20,18,20018,9.51E-05,2.19E-06,0,0,0.001133311,8.290585913,3.82E-06,0.006094997,0.292508803,0,0.051115285,0,1.209318725,,0,,,0,0,0,0,0,0,0,0.413574222
20,19,20019,7.61E-05,1.75E-06,0,0.000194843,0.004118688,35.18306864,1.39E-05,0.022150483,0,0,0.185763538,0,1.253850945,,0,,,0,0,0,0,0,0,0,0.081660556
20,20,20020,0.000513765,1.18E-05,0,0.000779374,0.00567363,35.29657912,1.91E-05,0.030513032,0.29568514,0,0.255895495,0,0.778348307,,0,,,0,0,0,0,0,0,0,0
20,21,20021,0.008144121,0.00018705,0,0.016172009,0.020139265,81.62288712,6.80E-05,0.10830985,0.723331165,0,0.908333287,0,14.63713322,352.1006697,0,3.31986735,,0,0,0,0,0.2788,0.0264,0.125740295,8.302710159
20,22,20022,0.000133198,3.06E-06,0,0.000389687,0.001508252,11.27795342,5.09E-06,0.008111444,0.003176337,0,0.068026084,0,0.262498496,,0,,,0,0,0,0,0,0,0,0.212130447
20,23,20023,0.003101616,7.12E-05,0,0.012469983,0.022886944,60.74768698,7.72E-05,0.123086984,0.795664282,0,1.032260732,0,3.643914673,,0,,,0,0,0,0,0,0,0,3.021696436
20,24,20024,0.000190283,4.37E-06,0,0.000194843,0.005202479,44.91786748,1.76E-05,0.027979157,0,0,0.234645321,0,0.249423048,,0,,,0,0,0,0,0,0,0,0.021853687
20,25,20025,0.002568823,5.90E-05,0,0.019484348,0.014404796,63.26341896,4.86E-05,0.077469621,1.229662981,0,0.649693775,0,3.513811004,,0,,,0,0,0,0,0,0,0,3.073443125
20,26,20026,0.001217813,2.80E-05,0,0.015782322,0.010191312,77.79078827,3.44E-05,0.054809319,0.795664282,0,0.459654677,0,3.859969836,,0,,,0,0,0,0,0,0,0,1.79642963
20,27,20027,5.71E-05,1.31E-06,0,0.000292265,0.003351828,25.34413732,1.13E-05,0.018026278,0,0,0.151176167,0.602562824,0.240678425,,0,,,0,0,0,0,0,0,0,0.043829804
20,28,20028,0.005689468,0.000130673,0,0.018315287,0.022970421,153.9821662,7.75E-05,0.123535929,1.95934682,0,1.036025777,0,5.84883893,,0,14.39928345,,0,0,0,0,0,0,0,5.279297454
20,29,20029,0.000323481,7.43E-06,0,0.000974217,0.005788235,44.19266802,1.95E-05,0.03112938,0,0,0.261064457,0,0.590452339,,0,,,0,0,0,0,0,0,0,0.10131051
20,30,20030,0.002093115,4.81E-05,0,0.018997239,0.012262682,93.94663663,4.14E-05,0.065949239,0.361665583,0,0.553078867,0,3.254725992,,0,,,0,0,0,0,0.1665,0.0157,0,1.393138123
20,31,20031,0.000418623,9.61E-06,0,0.003994291,0.009939465,75.18401291,3.35E-05,0.053454875,0,0,0.448295724,0,1.137754933,,0,1.09240245,,0,0,0,0,0,0,0,0.001078812
20,32,20032,3.81E-05,8.74E-07,0,0.000389687,0.00109228,8.854819353,3.69E-06,0.005874329,0,0,0.049264669,0,0.318257195,,0,,,0,0,0,0,0,0,0,0.283196819
20,33,20033,0.005632383,0.000129362,0,0.001071639,0.003514538,2.598643821,1.19E-05,0.01890134,0.072333117,0,0.158514816,0,0.521681951,,0,,,0,0,0,0,0.129,0.0122,0,0.732470642
20,34,20034,0.000171255,3.93E-06,0,0.000194843,0.001499763,5.325288039,5.06E-06,0.008065789,0,0,0.067643198,0,0.5743678,,0,,,0,0,0,0,0,0,0.001451369,0.176330095
20,35,20035,0.000152227,3.50E-06,0,0.000974217,0.000622543,1.292701631,2.10E-06,0.003348063,0,0,0.028078309,0,0.122829447,,0,,,0,0,0,0,0,0,0.034767734,0.000114448
20,36,20036,0.000133198,3.06E-06,0,0.000292265,0.007494569,53.02129368,2.53E-05,0.040306117,0,0,0.338024548,0,2.102381094,,0,,,0,0,0,0,0,0,0,4.500325078
20,37,20037,0.000247368,5.68E-06,0,0.001558748,0.005356699,36.54350578,1.81E-05,0.028808563,0.144666233,0,0.241601084,0,1.687267347,,0,43.8693693,,0,0,0,0,0,0,0,0
20,38,20038,0.002511738,5.77E-05,0,0.000876796,0.002634489,18.0151811,8.89E-06,0.014168395,0,0,0.118822297,0,0.136942815,,0,,,0,0,0,0,0,0,0,0.000123829
20,39,20039,0.019313745,0.000443588,0,0.152172756,0.078944109,74.52499687,0.000266392,0.424564872,1.019016305,0,3.560584803,0,2.974917818,,0,11.55950145,,0,0,0,0,0,0,0.411792238,1.125039437
20,40,20040,0.000532793,1.22E-05,0,0.000292265,0.007790276,63.41044712,2.63E-05,0.041896447,0,0,0.351361745,0,1.928020889,,0,,,0,0,0,0,0,0,0,0.187990681
20,41,20041,0.006393516,0.000146843,0,0.031564643,0.04640209,296.3829125,0.000156581,0.249552469,0,0,2.092855029,0,2.359035627,,0,1.4565366,,0,0,0,0,0,0,0,0.618147149
20,42,20042,0.003691494,8.48E-05,0,0.009839596,0.010072462,70.32541737,3.40E-05,0.054170143,0.151018907,0,0.454294272,0,2.055975178,,0,0.65544147,,0,0,0,0,0,0,0.03190221,0.00324957
20,43,20043,0.074172394,0.001703554,0,0.194551212,0.129660139,145.810131,0.00043753,0.697317898,1.77672234,0,5.848009749,0,11.75327006,,0,,,0,0,0,0,1.3275,0.1256,0.131469855,9.275421343
20,44,20044,0.009209707,0.000211524,0,0.058745309,0.053317977,172.3712637,0.000179918,0.286746409,6.024012445,0,2.404779513,0,8.386995063,140.8402679,0,,,0,0,0,0,0.7199,0.0681,0.02922276,8.691254407
20,45,20045,0.011531162,0.000264842,0,0.003214917,0.010328554,9.789844543,3.49E-05,0.055547415,0.292508803,0,0.465844667,0,1.059350772,,0,,,0,0,0,0,0,0,0,1.161955517
20,46,20046,0.000799189,1.84E-05,0,0.003604604,0.004707274,27.61208255,1.59E-05,0.025315925,0.816028053,0,0.212310303,0,4.248805868,,0,,,0,0,0,0,0,0,0.000111644,1.935089205
20,47,20047,7.61E-05,1.75E-06,0,0,0.000144317,1.213009035,4.87E-07,0.000776142,0.020363771,0,0.006509062,0,0.619779085,,0,,,0,0,0,0,0,0,0,0.142667077
20,48,20048,3.81E-05,8.74E-07,0,0,0.001537964,1.329962095,5.19E-06,0.008271238,0,0,0.069366185,0,0.624934213,,0,,,0,0,0,0,0,0,0,0.511097203
20,49,20049,1.90E-05,4.37E-07,0,0.000194843,0.001447412,11.37997728,4.88E-06,0.007784247,0.289332466,0,0.065282068,0,0.88423832,,0,,,0,0,0,0,0,0,0,0.567205678
20,50,20050,0.001198784,2.75E-05,0,0.000292265,0.004676147,44.53023539,1.58E-05,0.025148521,0.003176337,0,0.210906387,0,0.567539709,,0,,,0,0,0,0,0,0,0,0.251136801
20,51,20051,0.000399595,9.18E-06,0,0.000681952,0.006511234,64.21769004,2.20E-05,0.035017699,0.21699935,0,0.293673583,0,0.876445581,,0,0.7282683,,0,0,0,0,0,0,0,0.866110829
20,52,20052,0.001541294,3.54E-05,0,0.005358196,0.008579774,44.11043072,2.90E-05,0.046142401,0.433998699,0,0.386970146,0,3.126038901,,0,,,0,0,0,0,0,0,0.320754694,1.680305002
20,53,20053,0.000361538,8.30E-06,0,0.001266483,0.001721897,6.494953532,5.81E-06,0.009260439,0.092696888,0,0.077662049,0,1.228361079,,0,,,0,0,0,0,0,0,0,0.563315366
20,54,20054,9.51E-05,2.19E-06,0,0,0.000571608,4.242620341,1.93E-06,0.003074131,0.144666233,0,0.025780993,0,1.11627347,,0,,,0,0,0,0,0,0,0,0.358003525
20,55,20055,0.001331982,3.06E-05,0,0.005942726,0.004172453,20.37905001,1.41E-05,0.022439634,0.21699935,0,0.188188483,0,1.108971677,,0,,,0,0,0,0,0,0,0,0.500136268
20,56,20056,0.00034251,7.87E-06,0,0.000681952,0.001679451,12.7050145,5.67E-06,0.009032162,0,0,0.075747619,4.688163478,0.61414063,,0,,,0,0,0,0,0,0,0,0.208606648
20,57,20057,0.008676914,0.000199287,0,0.081639417,0.052497352,456.7143876,0.000177149,0.282333053,2.173169833,0,2.367767197,0,1.614839916,,0,,,0,0,0,0,1.5147,0.1433,0.014532299,10.56595068
20,58,20058,0.000190283,4.37E-06,0,0.00058453,0.018380582,161.0156907,6.20E-05,0.098851571,0,0,0.829012065,0,2.208963669,,0,,,0,0,0,0,0,0,0,0.211925671
20,59,20059,0.011131568,0.000255664,0,0.0560175,0.043791654,217.2305956,0.000147772,0.23551343,1.594504901,0,1.975117575,0,8.528813726,,0,4.47907449,,0,0,0,0,0,0,0.006047371,0
20,60,20060,9.51E-05,2.19E-06,0,0.000389687,0.003351828,28.17759915,1.13E-05,0.018026278,0,0,0.151176167,0,0.641218389,,0,2.9130732,,0,0,0,0,0,0,0,0.000592878
20,61,20061,0.000323481,7.43E-06,0,0.000974217,0.002767487,19.27987002,9.34E-06,0.014883664,0.21699935,0,0.124820845,0,0.835386034,,0,,,0,0,0,0,0,0,0,0
20,62,20062,0.000190283,4.37E-06,0,0.000194843,0.000737147,2.72742467,2.49E-06,0.003964411,0,0,0.03324727,0,0.024863218,,0,,,0,0,0,0,0,0,1.131774026,2.25E-05
20,63,20063,0.001427124,3.28E-05,0,0.005942726,0.005297275,1.846781881,1.79E-05,0.028488976,0.220175686,0,0.238920881,0,0.563855568,,0,,,0,0,0,0,0,0,0.024279348,0.959965006
20,64,20064,0.000171255,3.93E-06,0,9.74E-05,0.009881455,69.07524264,3.33E-05,0.053142897,0.506331816,0,0.445679337,0,3.138605858,,0,,,0,0,0,0,0,0,0,0
20,65,20065,0.000399595,9.18E-06,0,0.000194843,0.001716238,12.36728279,5.79E-06,0.009230002,0.003176337,0,0.077406792,0,0.472044746,,0,,,0,0,0,0,0,0,0,0.258083138
20,66,20066,0.001408096,3.23E-05,0,0.004968509,0.007002194,35.40891049,2.36E-05,0.037658104,3.110324011,0,0.315817159,0,14.15336402,,0,,,0,0,0,0,0,0,0,4.465203949
20,67,20067,0.112133894,0.002575434,0,1.173347423,0.372470295,939.5396263,0.001256879,2.00316153,0.144666233,16.38587512,16.79937974,0,0.397136159,,0.056559421,2.08050732,,0.045128631,2.12823,0.887,0,0.5951,0.0563,6.065355423,0.366235321
20,68,20068,0.011131568,0.000255664,0,0.030298161,0.028034242,87.10823991,9.46E-05,0.150769381,3.258166581,0,1.264417293,0,3.481568657,,0,,,0,0,0,0,0.1332,0.0126,0.56577564,4.135704711
20,69,20069,1.90E-05,4.37E-07,0,0,0.00306178,27.45366281,1.03E-05,0.016466384,0.072333117,0,0.138094227,0,1.829347948,,0,,,0,0,0,0,0,0,0,1.549614074
20,70,20070,0.000723076,1.66E-05,0,0.001071639,0.009936635,88.48934525,3.35E-05,0.053439657,0,0,0.448168096,0,1.117324951,,0,,,0,0,0,0,0,0,0,0.256973854
20,71,20071,1.90E-05,4.37E-07,0,0.001169061,0.004553053,44.07184537,1.54E-05,0.024486518,0,0,0.20535454,0,0.517502405,,0,,,0,0,0,0,0,0,0,1.38381897
20,72,20072,0.000171255,3.93E-06,0,0.000194843,0.009045267,67.88119986,3.05E-05,0.048645839,0.723331165,0,0.407965063,0,2.613097137,,0,,,0,0,0,0,0,0,0,1.880144001
20,73,20073,0.005461128,0.000125428,0,0.041696504,0.042795585,254.2630033,0.000144411,0.230156529,0.663703396,0,1.930192282,0,6.226688675,,0,5.8606098,,0,0,0,0,0,0,0,0
20,74,20074,0.000589878,1.35E-05,0,9.74E-05,0.000662159,5.625568284,2.23E-06,0.003561122,0,0,0.02986511,0,0.262464999,,0,0.37124415,,0,0,0,0,0,0,0,0
20,75,20075,0.000951416,2.19E-05,0,0.004676243,0.00388099,11.11547097,1.31E-05,0.020872131,1.232839318,0,0.175042729,0,4.116824742,,0,,,0,0,0,0,0.3329,0.0315,0,2.517014256
20,76,20076,0.000133198,3.06E-06,0,0.001363904,0.004163964,26.12047641,1.41E-05,0.022393978,0.075509453,0,0.187805597,0,0.605131399,,0,,,0,0,0,0,0,0,0,0
20,77,20077,0.000761133,1.75E-05,0,0.001071639,0.005278882,15.12491294,1.78E-05,0.028390055,0.723331165,0,0.238091295,0,0.899552829,,0,,,0,0,0,0,0,0,0.156590659,0.948743311
20,78,20078,0.000190283,4.37E-06,0,0.000389687,0.001298851,1.256040411,4.38E-06,0.006985278,0.433998699,0,0.058581562,0,0.318239253,,0,,,0,0,0,0,0,0,0,0.682483091
20,79,20079,0.079405182,0.001823737,0,0.185393569,0.109073775,58.85033279,0.000368063,0.586603529,1.019016305,0,4.919511131,0,0.855236202,,0,,,0,0,0,46.2,0.1873,0.0177,2.686011278,0.358097787
20,80,20080,0.00045668,1.05E-05,0,9.74E-05,0.00196101,15.86253885,6.62E-06,0.0105464,0.14784257,0,0.088446672,0,0.899360388,,0,,,0,0,0,0,0,0,0,0.967106084
20,81,20081,0.000380566,8.74E-06,0,0.000681952,0.00223408,16.32340819,7.54E-06,0.012014982,0.21699935,0,0.10076284,0,0.430694436,,0,,,0,0,0,0,0,0,0,0.197970606
20,82,20082,0.00022834,5.24E-06,0,0.001851013,0.006429171,52.82672472,2.17E-05,0.034576363,0.075509453,0,0.289972352,0,1.737717738,,0,,,0,0,0,0,0,0,0,0.732892384
20,83,20083,0.003215786,7.39E-05,0,0.010424126,0.0084015,11.71775261,2.84E-05,0.045183637,0.075509453,0,0.378929539,0,0.237882944,,0.001083827,,,0,0,0,0,0,0,0,0.179547121
20,84,20084,0.001217813,2.80E-05,0,0.006332413,0.004469576,3.13152402,1.51E-05,0.024037573,0,0,0.201589494,0,0.168471108,,0,,,0,0,0,0,0,0,0,0.221373439
20,85,20085,5.71E-05,1.31E-06,0,0.001363904,0.02423673,228.1387689,8.18E-05,0.130346194,0,0,1.09313961,0,4.693293011,,0,5.78147358,,0,0,0,0,0,0,0,2.368885408
20,86,20086,0.000380566,8.74E-06,0,0.000779374,0.001286117,8.264395874,4.34E-06,0.006916795,0,0,0.058007233,0,0.311155834,,0,,,0,0,0,0,0,0,0,0.145873078
20,87,20087,0.003786636,8.70E-05,0,0.01178803,0.004292717,7.647819055,1.45E-05,0.023086419,0.21699935,0,0.193612701,0,0.154719732,,0.000627618,,,0,0,0,0,0,0,0,0.176486659
20,88,20088,0.001408096,3.23E-05,0,0.001169061,0.003341924,25.20299665,1.13E-05,0.017973013,0.020363771,0,0.150729466,0,0.723679406,,0,32.53222326,,0,0,0,0,0,0,0,0
20,89,20089,0.003786636,8.70E-05,0,0,0.002859453,21.42288501,9.65E-06,0.015378264,0.144666233,0,0.128968777,0,0.777646604,,0,,,0,0,0,0,0,0,0,0.466606834
20,90,20090,0.001103643,2.53E-05,0,0.00506593,0.007781787,64.76966398,2.63E-05,0.041850792,0.292508803,0,0.350978859,0,1.125419493,,0,,,0,0,0,0,0,0,0,0.352046795
20,91,20091,0.001141699,2.62E-05,0,0.005650461,0.006703656,5.770299968,2.26E-05,0.036052555,0.003176337,0,0.302352333,0,0.795102655,,0.000988014,0.092756708,,0,0,0,0,0,0,0,0.788579117
20,92,20092,0.000247368,5.68E-06,0,0,0.001788396,10.94832782,6.03E-06,0.009618073,0.144666233,0,0.080661323,0,0.667500629,,0,,,0,0,0,0,0,0,0,0.716148176
20,93,20093,7.61E-05,1.75E-06,0,0.000487109,0.000748466,5.732175037,2.53E-06,0.004025285,0.003176337,0,0.033757785,0,0.954065735,,0,,,0,0,0,0,0,0,0,0.487312261
20,94,20094,0.000152227,3.50E-06,0,0.000292265,0.002831156,25.78122183,9.55E-06,0.015226079,0.003176337,0,0.12769249,0,0.848658754,,0,,,0,0,0,0,0,0,0,0.482770426
20,95,20095,0.000913359,2.10E-05,0,0.00058453,0.006144782,56.86673674,2.07E-05,0.033046907,0,0,0.27714567,0,0.490678947,,0,,,0,0,0,0,0,0,0,0
20,96,20096,0.000190283,4.37E-06,0,0.000779374,0.000830529,1.376714409,2.80E-06,0.004466621,2.607168532,0,0.037459016,0,3.042352054,,0,,,0,0,0,0,0,0,0,0.971418521
20,97,20097,0.000266396,6.12E-06,0,0.000292265,0.002341611,19.41309605,7.90E-06,0.012593284,0,0,0.105612729,0,0.225941964,,0,,,0,0,0,0,0,0,0,0.000272986
20,98,20098,0.000152227,3.50E-06,0,0.000194843,0.006181569,61.32789269,2.09E-05,0.033244747,0,0,0.278804843,0,1.612618998,,0,,,0,0,0,0,0,0,0,0.191235066
20,99,20099,0.000475708,1.09E-05,0,0,0.000649426,3.800728355,2.19E-06,0.003492639,0.072333117,0,0.029290781,0,0.15206732,,0,,,0,0,0,0,0,0,0,0.029922683
20,100,20100,9.51E-05,2.19E-06,0,0.001169061,0.000466907,3.905845728,1.58E-06,0.002511048,0,0,0.021058732,0,0.127902192,,0,,,0,0,0,0,0,0,0,0.00015291
20,101,20101,0.00011417,2.62E-06,0,0.000292265,0.00098475,8.965240934,3.32E-06,0.005296028,0,0,0.044414779,0,0.353189985,,0,,,0,0,0,0,0,0,0,0.411122101
20,102,20102,0.000399595,9.18E-06,0,0.001169061,0.005928307,11.95139038,2.00E-05,0.031882694,0.14784257,0,0.267382076,0,1.836981928,,0,0.484575,,0,0,0,0,0,0,0,0.704926481
20,103,20103,0.002625908,6.03E-05,0,0.006624678,0.006975311,8.321367713,2.35E-05,0.037513528,0.144666233,0,0.314604686,0,1.361780739,,0,,,0,0,0,0,0,0,0,1.597561316
20,104,20104,0.000247368,5.68E-06,0,0.000974217,0.003722524,31.50168482,1.26E-05,0.020019897,0.017187435,0,0.167895523,0,1.035803451,,0,,,0,0,0,0,0,0,0,0.83652636
20,105,20105,0,0,0,0.000194843,0.009263157,90.76894567,3.13E-05,0.049817661,0.072333117,0,0.417792471,0,3.097687372,,0,,,0,0,0,0,0,0,0,1.164847292
20,106,20106,5.71E-05,1.31E-06,0,0,0.00044144,3.725233097,1.49E-06,0.002374081,0,0,0.019910073,0,0.344450232,,0,,,0,0,0,0,0,0,0,0.125568401
20,107,20107,0.017239659,0.000395952,0,0.02075083,0.020756149,24.38111301,7.00E-05,0.111627476,0,0,0.936156338,0,0.258408036,,0.002785602,,,0,0,0,0,0,0,0.040042903,0.174446351
20,108,20108,0.000209312,4.81E-06,0,0.000487109,0.005883031,47.0706008,1.99E-05,0.031639199,0.003176337,0,0.265340017,0,3.165453446,,0,,,0,0,0,0,0,0,0,1.448618818
20,109,20109,7.61E-05,1.75E-06,0,0,0.00174878,7.098694772,5.90E-06,0.009405014,0.451186134,0,0.078874522,0,0.57004526,12.85167445,0,,,0,0,0,0,0.7033,0.0665,0,0.023751346
20,110,20110,1.90E-05,4.37E-07,0,0.000292265,0.00185631,16.90199755,6.26E-06,0.009983316,0,0,0.083724411,0,0.396478036,,0,,,0,0,0,0,0,0,0,0.089233715
20,111,20111,0.000266396,6.12E-06,0,0.000681952,0.0057373,51.84436805,1.94E-05,0.030855448,0,0,0.258767141,0,0.952202708,,0,,,0,0,0,0,0,0,0,0.278942164
20,112,20112,0.004034004,9.27E-05,0,0.001753591,0.003797512,33.55764868,1.28E-05,0.020423187,0.006352674,0,0.171277683,0,3.466075719,,0,,,0,0,0,0,0,0,0,2.110698827
20,113,20113,0.00022834,5.24E-06,0,0.001461326,0.003953148,39.35034465,1.33E-05,0.021260202,0,0,0.17829726,0,0.690467831,,0,0.41390415,,0,0,0,0,0,0,0,0.286141863
20,114,20114,0.000152227,3.50E-06,0,0.000194843,0.000938059,6.920922418,3.17E-06,0.005044923,0,0,0.042308906,0,0.125702264,,0,,,0,0,0,0,0,0,0,0.00011351
20,115,20115,0.006012949,0.000138102,0,0.011106078,0.013192252,8.114383238,4.45E-05,0.070948506,0.509508153,0,0.595004888,0,1.02816214,,0.001761549,,,0,0,0,0,0,0,0,0.915078225
20,116,20116,0.000494736,1.14E-05,0,0.000779374,0.005360944,52.02659783,1.81E-05,0.028831391,0,0,0.241792527,0,1.121071508,,0,,,0,0,0,0,0,0,0,0.1285511
20,117,20117,0.000266396,6.12E-06,0,0.001753591,0.003885234,37.45452683,1.31E-05,0.020894959,0,0,0.175234172,0,0.85324534,,0,8.21392149,,0,0,0,0,0,0,0,0.431981909
20,118,20118,0.000951416,2.19E-05,0,0.000681952,0.003191948,26.80327642,1.08E-05,0.017166434,0.506331816,0,0.143965147,0,0.55354442,,0,,,0,0,0,0,0,0,0,0.660039701
20,119,20119,0.000475708,1.09E-05,0,0,0.000512183,4.246503625,1.73E-06,0.002754543,0.003176337,0,0.02310079,0,0.32770659,,0,55.3982247,,0,0,0,0,0,0,0,0.104195056
20,120,20120,9.51E-05,2.19E-06,0,0.001071639,0.00049379,0,1.67E-06,0.002655623,0,0,0.022271204,0,0.023011906,,0,,,0,0,0,0,0,0,0,2.06E-05
20,121,20121,3.81E-05,8.74E-07,0,0,0.000921081,8.837884766,3.11E-06,0.004953612,0.581841269,0,0.041543134,0,1.678928609,,0,,,0,0,0,0,0,0,0,0.461129914
20,122,20122,0.000133198,3.06E-06,0,0.000389687,0.000906932,8.101790235,3.06E-06,0.00487752,0,0,0.040904991,0,0.352462325,,0,,,0,0,0,0,0,0,0,0
20,123,20123,0.000304453,6.99E-06,0,0.000779374,0.003131108,27.45420624,1.06E-05,0.016839237,0.037551206,0,0.14122113,0,2.214600458,,0,,,0,0,0,0,0,0,0,1.396590959
20,124,20124,0.029608067,0.000680023,0,0.022601843,0.025388435,64.04118857,8.57E-05,0.136540111,0,0,1.145084481,0,7.502423443,,0,,,0,0,0,0,0,0,0,3.01559656
20,125,20125,7.61E-05,1.75E-06,0,0.000194843,0.013748296,122.6578164,4.64E-05,0.073938936,0.144666233,0,0.620083922,0,4.488407725,,0,,,0,0,0,0,0,0,0,0
20,126,20126,0.01077003,0.000247361,0,0.001363904,0.005607131,52.21411144,1.89E-05,0.030155398,0,0,0.252896222,0,1.67549262,,0,,,0,0,0,0,0,0,0,0
20,127,20127,0.001065586,2.45E-05,0,0,0.001683696,17.41303124,5.68E-06,0.00905499,0.075509453,0,0.075939062,0,0.336339931,,0,0.59123049,,0,0,0,0,0,0,0,0.130377403
20,128,20128,0.000190283,4.37E-06,0,0.001169061,0.001522401,0,5.14E-06,0.008187537,0,0,0.068664228,0,0.253840951,,0,,,0,0,0,0,0,0,0,0.00030582
20,129,20129,0.000323481,7.43E-06,0,0.000292265,0.00032542,2.054255205,1.10E-06,0.001750124,0.361665583,0,0.014677298,0,1.117141774,,0,,,0,0,0,0,0,0,0,0.266231726
20,130,20130,0.000704048,1.62E-05,0,0.001363904,0.007575216,54.82005232,2.56E-05,0.040739844,0.075509453,0,0.341661966,0,2.004317849,,0,,,0,0,0,0,0.7282,0.0689,0,0.621850581
20,131,20131,0.012197154,0.000280138,0,0.003409761,0.012749397,94.38534307,4.30E-05,0.068566816,0.361665583,0,0.575031,0,4.606020728,,0,,,0,0,0,0,0,0,0,0.998730861
20,132,20132,0.000152227,3.50E-06,0,0.000194843,0.001547868,6.281113283,5.22E-06,0.008324503,1.012663632,0,0.069812886,0,0.774911801,,0,,,0,0,0,0,0,0,0,0.92629992
20,133,20133,0.000152227,3.50E-06,0,0.002143278,0.005519409,53.1776334,1.86E-05,0.029683625,0.017187435,0,0.248939733,0,1.139640173,,0,,,0,0,0,0,0,0,0,0.534066453
20,134,20134,0.001788662,4.11E-05,0,0.005747883,0.038723588,356.893594,0.00013067,0.208257151,0,0,1.746534617,6.880333157,6.87393689,,0,,,0,0,0,0,0,0,0,11.02504838
20,135,20135,0.000494736,1.14E-05,0,0.001851013,0.00868306,61.21981292,2.93E-05,0.046697875,0.072333117,0,0.391628592,0,1.506764239,,0,3.26352249,,0,0,0,0,0,0,0,1.478203287
20,136,20136,0.00057085,1.31E-05,0,0.0044814,0.016810075,182.3117229,5.67E-05,0.09040532,0,0,0.75817815,0,5.878398297,,0,,,0,0,0,0,0,0,0,8.28163943
20,137,20137,0,0,0,0.000681952,0.004465331,38.82785738,1.51E-05,0.024014745,0.017187435,0,0.201398051,0,1.462524838,,0,,,0,0,0,0,0,0,0,0
20,138,20138,0.000171255,3.93E-06,0,0.000389687,0.00049662,3.489831936,1.68E-06,0.002670841,0.017187435,0,0.022398833,0,0.122758258,,0,,,0,0,0,0,0,0,0,0.000125705
20,139,20139,1.90E-05,4.37E-07,0,9.74E-05,0.002906144,23.5892992,9.81E-06,0.015629369,0,0,0.13107465,0,0.504294916,,0,,,0,0,0,0,0,0,0,0.063479758
20,140,20140,3.81E-05,8.74E-07,0,0,0.000916836,6.463957738,3.09E-06,0.004930784,0.433998699,0,0.041351691,0,1.69067083,,0,,,0,0,0,0,0,0,0,0.51509761
20,141,20141,0.001331982,3.06E-05,0,0.002630387,0.010854886,77.17194977,3.66E-05,0.05837805,0.940330515,0,0.489583601,0,7.783652559,,0,,,0,0,0,0,0,0,0,2.140322929
20,142,20142,0,0,0,0,0.001736046,13.65182817,5.86E-06,0.009336531,0,0,0.078300193,0,0.456345479,,0,1.91417562,,0,0,0,0,0,0,0,0.029627968
20,143,20143,0.001541294,3.54E-05,0,0.007014365,0.01266026,60.46282483,4.27E-05,0.068087434,1.666838017,0,0.571010696,0,4.435305006,,0,,,0,0,0,0,0.8073,0.0764,0,4.023090912
20,144,20144,0.000799189,1.84E-05,0,0.000292265,0.001158779,7.265605048,3.91E-06,0.006231963,0.292508803,0,0.052263943,0,1.612185856,,0,,,0,0,0,0,0,0,0,0.408230886
20,145,20145,0.001046558,2.40E-05,0,0.002922652,0.002654297,0.744680798,8.96E-06,0.014274925,0.361665583,0,0.119715698,0,0.442587075,,0,,,0,0,0,0,0,0,0,0.456008882
20,146,20146,0.00226437,5.20E-05,0,0.000487109,0.003595186,32.68690377,1.21E-05,0.019335066,0,0,0.162152233,0,0.506132048,,0,,,0,0,0,0,0,0,0,0
20,147,20147,3.81E-05,8.74E-07,0,0,0.000466907,3.305328148,1.58E-06,0.002511048,0.072333117,0,0.021058732,0,0.41402882,,0,,,0,0,0,0,0,0,0,0.160300086
20,148,20148,3.81E-05,8.74E-07,0,0.000487109,0.002589213,21.0286979,8.74E-06,0.0139249,0,0,0.116780239,0,0.386069406,,0,4.08151245,,0,0,0,0,0,0,0,0
20,149,20149,0.000285425,6.56E-06,0,0.000487109,0.00185348,10.98001456,6.25E-06,0.009968098,0.003176337,0,0.083596783,0,0.83272347,,0,7.58796654,,0,0,0,0,0,0,0,0
20,150,20150,0.005385015,0.00012368,0,0.018802396,0.015059881,35.88895861,5.08E-05,0.080992697,0.21699935,0,0.679239814,0,1.267375056,,0,5.12835111,,0,0,0,0,0.8031,0.076,0,2.481014765
20,151,20151,0.000513765,1.18E-05,0,0,0.000534821,4.965965087,1.80E-06,0.002876291,0,0,0.02412182,0,0.678703267,,0,,,0,0,0,0,0,0,0,0.251136801
20,152,20152,0.000209312,4.81E-06,0,0.000389687,0.001605878,12.85139103,5.42E-06,0.008636482,0.144666233,0,0.072429274,0,1.036729228,,0,,,0,0,0,0,0,0,0,0.322203173
20,153,20153,0.001598379,3.67E-05,0,0.005942726,0.005561856,44.33801754,1.88E-05,0.029911902,0,0,0.250854163,0,1.089455543,,0,,,0,0,0,0,0,0,0,0.903654463
20,154,20154,0.000190283,4.37E-06,0,9.74E-05,0.003005185,25.44526661,1.01E-05,0.016162015,0,0,0.135541654,0,0.884963702,,0,,,0,0,0,0,0,0,0,0
20,155,20155,0,0,0,0.000681952,0.001113503,10.7156178,3.76E-06,0.005988468,0,0,0.050221884,0,0.474032334,,0,,,0,0,0,0,0,0,0,0
20,156,20156,0.000304453,6.99E-06,0,0.004286557,0.004159719,29.23579671,1.40E-05,0.022371151,0,0,0.187614154,0,1.057452649,,0,,,0,0,0,0,0,0,0,0.001398703
20,157,20157,0.0075923,0.000174376,0,0.027375509,0.01478964,0.974503585,4.99E-05,0.079539333,0,0,0.667051275,0,0.144720146,,0.002103486,,,0,0,0,0,0,0,0.038144958,0.143841728
20,158,20158,5.71E-05,1.31E-06,0,0.000876796,0.002911803,21.97671349,9.83E-06,0.015659805,0,0,0.131329908,0,1.193953381,,0,,,0,0,0,0,0,0,0,0
20,159,20159,1.90E-05,4.37E-07,0,0.000389687,0.007171978,57.70316717,2.42E-05,0.038571212,0,0,0.323474879,0,1.605519231,,0,7.82898975,,0,0,0,0,0,0,0,0
20,160,20160,0.00180769,4.15E-05,0,0.00058453,0.002340196,16.34651093,7.90E-06,0.012585675,0.072333117,0,0.105548915,0,0.343567816,,0,,,0,0,0,0,0,0,0,0.160300086
20,161,20161,0.000361538,8.30E-06,0,0,0.004012572,37.18650354,1.35E-05,0.02157979,0.085038464,0,0.180977463,0,2.55449846,,0,9.0261732,,0,0,0,0,0.5951,0.0563,0,0.047947243
20,162,20162,0.000190283,4.37E-06,0,0.00058453,0.002712307,22.8800377,9.15E-06,0.014586903,0,0,0.122332086,0,0.692579957,,0,,,0,0,0,0,0,0,0,1.174197366
20,163,20163,0.000589878,1.35E-05,0,0.001363904,0.002120891,16.04422092,7.16E-06,0.011406243,0,0,0.095657693,0,0.24751209,,0,,,0,0,0,0,0,0,0,0.039544767
20,164,20164,0.000304453,6.99E-06,0,0.000779374,0.004008328,29.43097586,1.35E-05,0.021556963,0.21699935,0,0.18078602,0,0.444498322,,0,,,0,0,0,0,0,0,0,0.29895966
20,165,20165,0.0043004,9.88E-05,0,0.000292265,0.001989308,13.38766957,6.71E-06,0.010698584,0.072333117,0,0.089722959,0,0.695641045,,0,,,0,0,0,0,0,0,0,0.339301849
20,166,20166,0.002454653,5.64E-05,0,0.005845304,0.014038344,117.0711736,4.74E-05,0.075498829,1.446662331,0,0.633165862,0,6.150000623,117.9537244,0,1.82778075,,0,0,0,0,0,0,0,11.91676164
20,167,20167,0.000133198,3.06E-06,0,0,0.002692498,22.46024808,9.09E-06,0.014480374,0,0,0.121438685,0,1.125207888,,0,,,0,0,0,0,0,0,0,0
20,168,20168,9.51E-05,2.19E-06,0,0.002532965,0.001351201,10.61394177,4.56E-06,0.007266819,0.075509453,0,0.060942693,0,0.174671922,,0,,,0,0,0,0,0,0,0,0.214144878
20,169,20169,9.51E-05,2.19E-06,0,0.000876796,0.005045428,51.16089204,1.70E-05,0.027134532,0.144666233,0,0.227561929,0,0.774957471,,0,,,0,0,0,0,0,0,0,0.836086537
20,170,20170,0.001503237,3.45E-05,0,0.000779374,0.005417539,49.23982818,1.83E-05,0.029135761,0,0,0.2443451,0,0.369537067,,0,,,0,0,0,0,0,0,0,0
20,171,20171,0.000437651,1.01E-05,0,0.003312339,0.025408243,258.8014664,8.57E-05,0.136646641,0,0,1.145977882,0,5.24050107,,0,,,0,0,0,0,0,0,0,1.098683405
20,172,20172,0.000247368,5.68E-06,0,9.74E-05,0.000539066,4.282100749,1.82E-06,0.002899119,0,0,0.024313263,0,0.252621351,,0,,,0,0,0,0,0,0,0,0.114347395
20,173,20173,3.81E-05,8.74E-07,0,9.74E-05,0.001727557,14.71483425,5.83E-06,0.009290876,0.020363771,0,0.077917307,0,0.390655843,,0,,,0,0,0,0,0,0,0,0.000248596
20,174,20174,0.000380566,8.74E-06,0,0.006040148,0.004640775,3.475632399,1.57E-05,0.024958291,0.292508803,0,0.209311029,3.374351817,0.806922204,,0.000628497,,,0,0,0,0,0,0,0,0.670241242
20,175,20175,1.90E-05,4.37E-07,0,0.000194843,0.001836502,17.74154777,6.20E-06,0.009876787,0.14784257,0,0.082831011,0,1.040060874,,0,,,0,0,0,0,0,0,0,0.524359206
20,176,20176,0.000380566,8.74E-06,0,0.002630387,0.003954563,32.8178697,1.33E-05,0.021267812,0.361665583,0,0.178361075,0,3.703406913,,0,,,0,0,0,0,0,0,0,0.868024966
20,177,20177,0.000894331,2.05E-05,0,0.012080296,0.01315971,94.12260105,4.44E-05,0.070773494,0.289332466,0,0.593537158,0,2.544951356,1.672478181,0,3.047886,,0,0,0,0,1.0403,0.0984,0,0.212109316
20,178,20178,0.000894331,2.05E-05,0,0.000292265,0.007660108,25.99449789,2.58E-05,0.041196398,0.144666233,0,0.345490826,0,0.610415321,,0,0.037275,,0,0,0,0,0,0,0,0.913037917
20,179,20179,0.000418623,9.61E-06,0,0.000194843,0.001861969,16.0334751,6.28E-06,0.010013753,0.003176337,0,0.083979669,0,0.754825951,,0,22.24549212,,0,0,0,0,0,0,0,1.103806733
20,180,20180,0.000247368,5.68E-06,0,0.000194843,0.002904729,16.66195217,9.80E-06,0.015621759,0.506331816,0,0.131010836,0,0.286074481,,0,,,0,0,0,0,0,0,0,0.223744476
20,181,20181,0,0,0,0,0.000584341,4.277986905,1.97E-06,0.003142614,0.144666233,0,0.026355322,0,0.175076148,,0,,,0,0,0,0,0,0,0,0.1239654
20,182,20182,0,0,0,0.000194843,0.003257032,34.28954881,1.10E-05,0.017516459,0,0,0.146900606,0,0.847357862,,0,,,0,0,0,0,0,0,0,0.104554895
20,183,20183,5.71E-05,1.31E-06,0,0.000194843,0.001997797,17.52638184,6.74E-06,0.01074424,0,0,0.090105845,0,0.225018534,,0,,,0,0,0,0,0,0,0,0.157628418
20,184,20184,0.093067516,0.002137527,0,0.271027277,0.208650939,579.1161202,0.00070408,1.122133874,12.59190791,13.90309565,9.410700425,0,34.58377226,668.9912725,0,,,0,0,0,0,1.1444,0.1083,0.938226422,58.95758614
20,185,20185,0.001255869,2.88E-05,0,0.003214917,0.011993856,87.6774882,4.05E-05,0.064503484,0.020363771,0,0.540954143,0,1.289952957,,0,,,0,0,0,0,0,0,0,0.392291263
20,186,20186,5.71E-05,1.31E-06,0,0.00058453,0.000731488,5.211115246,2.47E-06,0.003933974,0.072333117,0,0.032992013,0,0.359618662,,0,,,0,0,0,0,0,0,0,0.101523388
20,187,20187,0.000152227,3.50E-06,0,9.74E-05,0.002749093,23.80419158,9.28E-06,0.014784743,0,0,0.123991259,0,1.057555917,,0,9.85885269,,0,0,0,0,0,0,0,0.147650121
20,188,20188,0.00034251,7.87E-06,0,0.000779374,0.012354648,103.5955262,4.17E-05,0.066443839,0,0,0.557226799,0,1.341188024,,0,,,0,0,0,0,0,0,0,0.38232245
20,189,20189,3.81E-05,8.74E-07,0,0.000292265,0.003559814,27.33803334,1.20E-05,0.019144835,0,0,0.160556874,0,0.658016849,,0,,,0,0,0,0,0,0,0,2.754365729
20,190,20190,0.01461375,0.000335641,0,0.011398343,0.032012858,238.149229,0.000108025,0.172166549,3.399656478,0,1.443863212,0,4.113401704,,0,22.41593612,,0,0,0,0,0,0,0,0.025053771
20,191,20191,9.51E-05,2.19E-06,0,0,0.000374941,2.639597923,1.27E-06,0.002016447,0.003176337,0,0.0169108,0,0.243669778,,0,,,0,0,0,0,0,0,0,0.00018762
20,192,20192,0.000418623,9.61E-06,0,0.002338122,0.001811034,2.309058309,6.11E-06,0.009739821,0.220175686,0,0.081682353,0,1.062443801,,0,,,0,0,0,0,0,0,0,0.719208639
20,193,20193,0.000285425,6.56E-06,0,0.000974217,0.002965568,13.55304896,1.00E-05,0.015948956,0.382029354,0,0.133754852,0,0.739320905,,0,11.16600774,,0,0,0,0,0,0,0,1.099726117
20,194,20194,0.005061533,0.000116251,0,0.000487109,0.001608708,9.417962885,5.43E-06,0.0086517,0.003176337,0,0.072556902,0,0.810246638,,0,3.55887849,,0,0,0,0,0,0,0,1.147673359
20,195,20195,9.51E-05,2.19E-06,0,0,0.001757269,19.74953191,5.93E-06,0.00945067,0,0,0.079257408,0,0.401966222,,0,,,0,0,0,0,0,0,0,0.165643422
20,196,20196,5.71E-05,1.31E-06,0,0.000487109,0.000564533,4.235968828,1.90E-06,0.003036085,0,0,0.025461921,0,0.105209843,,0,,,0,0,0,0,0,0,0,7.22E-05
20,197,20197,0.000989473,2.27E-05,0,0.00282523,0.003998424,19.57574822,1.35E-05,0.021503698,0.21699935,0,0.180339319,0,0.243786366,,0,,,0,0,0,0,0.4702,0.0445,0,0.286663301
20,198,20198,0.003025503,6.95E-05,0,0.0044814,0.040511984,350.9364881,0.000136705,0.217875224,0.506331816,0,1.82719594,0,7.63284659,,0,22.9089045,,0,0,0,0,0.928,0.0878,0,16.94973239
20,199,20199,7.61E-05,1.75E-06,0,0.000292265,0.000972016,6.507074246,3.28E-06,0.005227544,0,0,0.04384045,0,0.306189604,,0,,,0,0,0,0,0,0,0,0.156025417
20,200,20200,0.000418623,9.61E-06,0,0.000487109,0.005042598,41.27929413,1.70E-05,0.027119313,0,0,0.227434301,0,0.952705338,,0,9.64327449,,0,0,0,0,0,0,0,0
20,201,20201,9.51E-05,2.19E-06,0,9.74E-05,0.00284106,24.04860447,9.59E-06,0.015279344,0,0,0.128139191,0,0.386849159,,0,2.42031213,,0,0,0,0,0,0,0,0.000637906
20,202,20202,0.00022834,5.24E-06,0,0.001948435,0.005553366,42.25013452,1.87E-05,0.029866247,0,0,0.250471277,0,0.967059705,,0,,,0,0,0,0,0,0,0,0.863225387
20,203,20203,3.81E-05,8.74E-07,0,9.74E-05,0.004922334,42.94754579,1.66E-05,0.026472528,0,0,0.222010082,0,0.608347938,,0,,,0,0,0,0,0,0,0,0.634535849
20,204,20204,1.90E-05,4.37E-07,0,0,0.00092391,7.162724236,3.12E-06,0.00496883,0,0,0.041670763,0,0.441384809,,0,,,0,0,0,0,0,0,0,0
20,205,20205,0,0,0,0.000194843,0.023476945,217.6083784,7.92E-05,0.126260035,0.289332466,0,1.05887131,0,4.807133752,,0,,,0,0,0,0,0,0,0,12.09628426
20,206,20206,0.000418623,9.61E-06,0,0.000487109,0.00354991,24.192149,1.20E-05,0.01909157,0.072333117,0,0.160110174,0,0.498155552,,0,,,0,0,0,0,0,0,0,0.045605033
20,207,20207,1.90E-05,4.37E-07,0,0.001169061,0.02211018,183.4850217,7.46E-05,0.118909514,0.578664932,0,0.99722666,0,3.479738991,,0,,,0,0,0,0,0,0,0.68427668,0.019604362
20,208,20208,0.000532793,1.22E-05,0,0.00165617,0.009663565,81.47906988,3.26E-05,0.051971075,0.144666233,0,0.435851929,0,5.388656846,,0,2.1862269,,0,0,0,0,0,0,0,1.234844996
20,209,20209,0,0,0,0.000194843,0.001305925,12.11130112,4.41E-06,0.007023324,0.003176337,0,0.058900634,0,0.205496378,,0,5.2094649,,0,0,0,0,0,0,0,0
20,210,20210,1.90E-05,4.37E-07,0,0.000292265,0.007665768,74.60518878,2.59E-05,0.041226835,0.072333117,0,0.345746083,0,3.352644144,,0,,,0,0,0,0,0,0,0,1.215074652
20,211,20211,0.000209312,4.81E-06,0,0.000292265,0.00388099,34.13288213,1.31E-05,0.020872131,0,0,0.175042729,0,0.544565402,,0,7.14078471,,0,0,0,0,0,0,0,0
20,212,20212,0.000247368,5.68E-06,0,0.000194843,0.004115858,43.09467741,1.39E-05,0.022135264,0,0,0.185635909,0,0.786452085,,0,,,0,0,0,0,0,0,0,0.959982425
20,213,20213,0,0,0,0.000389687,0.005612791,42.30387424,1.89E-05,0.030185835,0.003176337,0,0.253151479,0,0.770611419,,0,7.9652436,,0,0,0,0,0,0,0,0.258450715
20,214,20214,0.000266396,6.12E-06,0,0.001558748,0.003289574,25.31396564,1.11E-05,0.017691471,0,0,0.148368336,0,0.285923712,,0,,,0,0,0,0,0,0,0,0.000355539
20,215,20215,0.000190283,4.37E-06,0,0,0.000921081,4.825439719,3.11E-06,0.004953612,1.594504901,0,0.041543134,0,2.405112807,,0,,,0,0,0,0,0,0,0,0.701045709
20,216,20216,0.000247368,5.68E-06,0,0.000779374,0.001484199,12.27153078,5.01E-06,0.007982087,0,0,0.066941241,0,0.187895145,,0,,,0,0,0,0,0,0,0,0.000194186
20,217,20217,0,0,0,0.000292265,0.004396002,36.154441,1.48E-05,0.023641893,0.437175036,0,0.198271148,0,2.537890573,,0,,,0,0,0,0,0,0,0,1.218280654
20,218,20218,0.000361538,8.30E-06,0,0,0.000703191,5.396777089,2.37E-06,0.00378179,0.003176337,0,0.031715726,0,0.270523996,,0,7.3059,,0,0,0,0,0,0,0,0.11221006
20,219,20219,0.000380566,8.74E-06,0,0.000487109,0.00338437,25.5327132,1.14E-05,0.01820129,0.433998699,0,0.152643896,0,0.546969497,,0,,,0,0,0,0,0,0,0,0.593729685
20,220,20220,3.81E-05,8.74E-07,0,0.000194843,0.004173868,34.95964125,1.41E-05,0.022447243,0,0,0.188252297,0,0.727169649,,0,,,0,0,0,0,0,0,0,0.052828381
20,221,20221,0.000247368,5.68E-06,0,0,0.001828013,16.52264278,6.17E-06,0.009831132,0.21699935,0,0.082448125,0,1.90226774,,0,,,0,0,0,0,0,0,0,0.320065838
20,222,20222,0.000627935,1.44E-05,0,0.000779374,0.002102497,21.36321827,7.09E-06,0.011307323,0,0,0.094828106,0,0.234946383,,0,,,0,0,0,0,0,0,0,0.000469987
20,223,20223,1.90E-05,4.37E-07,0,0.00058453,0.000851752,6.846474128,2.87E-06,0.004580759,0,0,0.038416231,0,0.258559825,,0,,,0,0,0,0,0,0,0,0.000313325
20,224,20224,3.81E-05,8.74E-07,0,0,0.000880049,3.823058722,2.97E-06,0.004732944,1.177693636,0,0.039692518,0,2.535386419,,0,,,0,0,0,0,0,0,0,0.716541384
20,225,20225,0.000627935,1.44E-05,0,0.000681952,0.008507616,89.36951855,2.87E-05,0.04575433,0.072333117,0,0.383715614,0,1.357511101,,0,0.87392196,,0,0,0,0,0,0,0,0.39727567
20,226,20226,0.002340483,5.38E-05,0,0.001363904,0.003422572,26.58856758,1.15E-05,0.018406739,0.017187435,0,0.154366884,0,1.495802973,,0,,,0,0,0,0,0,0,0,1.723550347
20,227,20227,0.003025503,6.95E-05,0,0.009644752,0.016952977,12.98170841,5.72E-05,0.091173853,0.650998049,0,0.764623398,0,1.279680436,,0.002408505,,,0,0,0,0,0,0,0,0.518238281
20,228,20228,0.000152227,3.50E-06,0,0,0.001080961,8.627833124,3.65E-06,0.005813455,0,0,0.048754154,0,0.153367751,,0,,,0,0,0,0,0,0,0,0.007835496
20,229,20229,0.000171255,3.93E-06,0,0.000487109,0.009728649,77.63710677,3.28E-05,0.052321099,0.017187435,0,0.438787388,0,1.505560363,,0,,,0,0,0,0,0,0,0,0
20,230,20230,0.00011417,2.62E-06,0,9.74E-05,0.001206884,9.008611984,4.07E-06,0.006490677,0.220175686,0,0.05443363,0,0.294313429,,0,,,0,0,0,0,0,0,0,0.146407412
20,231,20231,9.51E-05,2.19E-06,0,0.000194843,0.003435305,25.78586363,1.16E-05,0.018475222,0,0,0.154941213,0,0.299191663,,0,,,0,0,0,0,0,0,0,0.00058162
20,232,20232,0.000913359,2.10E-05,0,0.01510037,0.028805347,281.6693552,9.72E-05,0.154916414,0.072333117,0,1.299196107,0,9.483082158,18.48528516,0,,,0,0,0,0,0,0,0,19.26454635
20,233,20233,0.000285425,6.56E-06,0,0.001169061,0.002272282,20.74366159,7.67E-06,0.012220431,0.506331816,0,0.102485827,0,0.684309014,,0,,,0,0,0,0,0,0,0,0.799800812
20,234,20234,1.90E-05,4.37E-07,0,0.000779374,0.010888843,91.70137267,3.67E-05,0.058560672,0,0,0.491115145,0,1.875104058,,0,,,0,0,0,0,0,0,0,0.109696939
20,235,20235,0.002702022,6.21E-05,0,9.74E-05,0.004753965,42.1045333,1.60E-05,0.025567029,0.072333117,0,0.214416176,0,5.18630067,,0,,,0,0,0,0,0,0,0,0
20,236,20236,0.000247368,5.68E-06,0,0.000681952,0.001901586,16.01804515,6.42E-06,0.010226812,0,0,0.08576647,0,0.300416651,,0,,,0,0,0,0,0,0,0,0
20,237,20237,0.000380566,8.74E-06,0,0.001169061,0.002826911,11.67528829,9.54E-06,0.015203251,0.003176337,0,0.127501047,0,0.661184287,,0,,,0,0,0,0,0,0,0,0.331554011
20,238,20238,0,0,0,0.000389687,0.001105014,8.690875696,3.73E-06,0.005942812,0,0,0.049838998,0,0.430123884,,0,,,0,0,0,0,0,0,0,0.382557786
20,239,20239,1.90E-05,4.37E-07,0,0,0.001387988,14.0402925,4.68E-06,0.007464659,0.072333117,0,0.062601866,0,0.724252457,,0,,,0,0,0,0,0,0,0,0.271975813
20,240,20240,0.000133198,3.06E-06,0,0,0.003714035,34.26370249,1.25E-05,0.019974242,0,0,0.167512637,0,0.698016596,,0,,,0,0,0,0,0,0,0,0.324340507
20,241,20241,0.000266396,6.12E-06,0,0.000194843,0.001256405,9.740290021,4.24E-06,0.006757001,0.072333117,0,0.056667132,0,0.920417202,,0,0.7455,,0,0,0,0,0,0,0,0.138740957
20,242,20242,0.00022834,5.24E-06,0,0.000779374,0.020210009,177.2912166,6.82E-05,0.108690312,0.072333117,0,0.911524004,0,2.875621148,,0,,,0,0,0,0,0,0,0,0.398078547
20,243,20243,0.004148174,9.53E-05,0,0.000389687,0.002202953,10.08736829,7.43E-06,0.011847579,0.21699935,0,0.099358924,0,0.921868434,,0,,,0,0,0,0,0,0,0,1.035456409
20,244,20244,0.000266396,6.12E-06,0,0.000487109,0.005503846,39.01945995,1.86E-05,0.029599924,0.144666233,0,0.248237775,0,0.94618044,6.821950476,0,,,0,0,0,0,0,0,0,0.069784883
20,245,20245,1.90E-05,4.37E-07,0,0.000389687,0.001571921,12.5906131,5.30E-06,0.00845386,0.289332466,0,0.07089773,0,0.410903572,,0,,,0,0,0,0,0,0,0,0.359606526
20,246,20246,0.000932388,2.14E-05,0,0,0.000759785,5.065091685,2.56E-06,0.004086159,0,0,0.0342683,0,0.133943648,,0,1.6285563,,0,0,0,0,0,0,0,0.000121015
20,247,20247,0.000380566,8.74E-06,0,0.003994291,0.001828013,3.951945882,6.17E-06,0.009831132,0.003176337,0,0.082448125,0,0.404870482,,0,1.3801992,,0,0,0,0,0,0,0,0.000220453
20,248,20248,0.003596353,8.26E-05,0,0.007988583,0.020020416,162.9215807,6.76E-05,0.107670674,0.072333117,0,0.902972883,0,1.359730335,,0,,,0,0,0,0,0,0,0,0.559183468
20,249,20249,0.000608906,1.40E-05,0,0.000487109,0.005032694,40.48668108,1.70E-05,0.027066049,0,0,0.2269876,0,0.313012602,,0,,,0,0,0,0,0,0,0,0.055889121
20,250,20250,0.000285425,6.56E-06,0,0,0.00152806,8.932103984,5.16E-06,0.008217974,0.21699935,0,0.068919485,0,1.842351246,,0,,,0,0,0,0,0,0,0,0.765700077
20,251,20251,0.000894331,2.05E-05,0,0.000194843,0.001520986,12.77966844,5.13E-06,0.008179928,0,0,0.068600413,0,0.354481253,,0,,,0,0,0,0,0,0,0,0.099118887
20,252,20252,0.00034251,7.87E-06,0,0.000974217,0.002423673,19.39010528,8.18E-06,0.013034619,0,0,0.109313961,0,0.627847161,,0,,,0,0,0,0,0,0,0,0.294952158
20,253,20253,0.000418623,9.61E-06,0,0.001363904,0.003511708,29.42776614,1.19E-05,0.018886121,0,0,0.158387187,0,0.735112583,,0,0.75972,,0,0,0,0,0,0,0,1.206226407
20,254,20254,0.001065586,2.45E-05,0,0.001753591,0.003807416,31.09872501,1.28E-05,0.020476451,0,0,0.171724384,0,1.274779414,,0,,,0,0,0,0,0,0,0,0
20,255,20255,0.000494736,1.14E-05,0,0.000487109,0.002603362,18.82320408,8.78E-06,0.014000992,0.003176337,0,0.117418382,0,1.229025051,,0,,,0,0,0,0,0,0,0,0.621964334
20,256,20256,0.000152227,3.50E-06,0,0,0.000318346,3.028910243,1.07E-06,0.001712078,0.003176337,0,0.014358226,0,0.357969456,,0,,,0,0,0,0,0,0,0,0.092439716
20,257,20257,0.00034251,7.87E-06,0,0.000389687,0.001247916,10.4446973,4.21E-06,0.006711345,0,0,0.056284246,0,0.261730033,,0,,,0,0,0,0,0,0,0,0.000280491
20,258,20258,0.000285425,6.56E-06,0,0.001071639,0.001113503,9.959145485,3.76E-06,0.005988468,0.075509453,0,0.050221884,0,0.524423995,,0,,,0,0,0,0,0,0,0,0.148010413
20,259,20259,0.001864775,4.28E-05,0,0.001851013,0.003097151,25.52253714,1.05E-05,0.016656615,0.072333117,0,0.139689586,0,0.724884937,,0,,,0,0,0,0,0,0,0,0.177665929
20,260,20260,0.000247368,5.68E-06,0,0.000292265,0.003537176,32.92965483,1.19E-05,0.019023087,0.017187435,0,0.159535845,0,0.46518641,,0,,,0,0,0,0,0,0,0,0.000461544
20,261,20261,0.000913359,2.10E-05,0,0.000292265,0.008639199,72.48666468,2.92E-05,0.046461988,0,0,0.389650348,0,2.546603097,,0,,,0,0,0,0,0,0,0,1.141336612
20,262,20262,0.00272105,6.25E-05,0,0.003020074,0.001369595,11.2236661,4.62E-06,0.007365739,0,0,0.061772279,0,0.152333173,,0,,,0,0,0,0,0,0,0,0.000145405
20,263,20263,0.001484209,3.41E-05,0,0.00165617,0.003948903,30.80711978,1.33E-05,0.021237375,0,0,0.178105817,0,1.390536866,,0,,,0,0,0,0,0,0,0,0
20,264,20264,3.81E-05,8.74E-07,0,0.000194843,0.002710892,24.24131396,9.15E-06,0.014579294,0,0,0.122268272,0,1.385243137,,0,,,0,0,0,0,0,0,0,0.475556922
20,265,20265,0.000152227,3.50E-06,0,0.000389687,0.010005964,71.45366266,3.38E-05,0.053812509,0.072333117,0,0.451294998,0,4.281933971,,0,65.67659967,,0,0,0,0,0,0,0,5.604919023
20,266,20266,0.00057085,1.31E-05,0,0.003604604,0.01031582,97.53150283,3.48E-05,0.055478932,0.144666233,0,0.465270338,0,2.162039584,,0,4.3696098,,0,0,0,0,0,0,0,1.407817965
20,267,20267,0.000152227,3.50E-06,0,0.000292265,0.000370696,1.65232198,1.25E-06,0.00199362,0,0,0.016719357,0,0.044639939,,0,,,0,0,0,0,0,0,0,3.75E-05
20,268,20268,0.000380566,8.74E-06,0,0.000292265,0.001027196,6.55104736,3.47E-06,0.005524305,0.578664932,0,0.046329209,0,0.584803383,,0,,,0,0,0,0,0,0,0,0.957924697
20,269,20269,0.000437651,1.01E-05,0,0.002532965,0.0040437,36.52365287,1.36E-05,0.021747193,0.650998049,0,0.182381378,0,1.744773988,,0,,,0,0,0,0,0,0,0,0.69596954
20,270,20270,0.000856274,1.97E-05,0,0.000194843,0.001662473,13.72480951,5.61E-06,0.008940851,0,0,0.074981847,0,1.18745844,,0,,,0,0,0,0,0,0,0,0.384720206
20,271,20271,5.71E-05,1.31E-06,0,0.000389687,0.003576792,35.80081538,1.21E-05,0.019236146,0.017187435,0,0.161322646,0,2.389690812,,0,,,0,0,0,0,0,0,0,1.777108438
20,272,20272,0,0,0,0.001461326,0.007654449,66.77888278,2.58E-05,0.041165961,0,0,0.345235569,0,0.98608195,,0,10.81416999,,0,0,0,0,0,0,0,0.837195708
20,273,20273,0.000152227,3.50E-06,0,0.001363904,0.004516266,42.16946604,1.52E-05,0.024288678,0.292508803,0,0.203695367,0,1.759581704,,0,0.261350145,,0,0,0,0,0,0,0,4.614156982
20,274,20274,0.000133198,3.06E-06,0,0,0.002011946,14.42441992,6.79E-06,0.010820332,0.003176337,0,0.090743989,0,0.985572819,,0,,,0,0,0,0,0,0,0,0.507616939
20,275,20275,0.000171255,3.93E-06,0,0.001461326,0.009261742,69.74718746,3.13E-05,0.049810052,0,0,0.417728657,0,1.381196412,,0,2.3133573,,0,0,0,0,0,0,0,0.002591963
20,276,20276,0.000152227,3.50E-06,0,0.000194843,0.001107844,8.928398702,3.74E-06,0.005958031,0,0,0.049966627,0,0.198847383,,0,,,0,0,0,0,0,0,0,0.01273268
20,277,20277,0.000627935,1.44E-05,0,0.008865378,0.016241297,151.7520529,5.48E-05,0.087346408,0.41958056,0,0.732524786,0,6.089370417,,0,28.87845759,,0,0,0,0,0,0,0,0
20,278,20278,0.002093115,4.81E-05,0,0.018315287,0.049985957,443.7941993,0.000168675,0.268826661,2.317429025,0,2.254496747,0,22.32278541,448.9283539,0,,,0,0,0,0,0,0,0,13.55353589
20,279,20279,0.001312954,3.02E-05,0,0.000681952,0.003951733,34.41246318,1.33E-05,0.021252593,0,0,0.178233446,0,0.308244567,,0,1.18875132,,0,0,0,0,0,0,0,0
20,280,20280,0.000399595,9.18E-06,0,0.00389687,0.002995281,20.60665874,1.01E-05,0.01610875,0,0,0.135094954,0,0.481614606,,0,,,0,0,0,0,0,0,0,0.00059663
20,281,20281,5.71E-05,1.31E-06,0,0,0.000295708,1.725815146,9.98E-07,0.00159033,0.003176337,0,0.013337197,0,0.531429896,,0,,,0,0,0,0,0,0,0,0.160300086
20,282,20282,0,0,0,0,0.000935229,7.433465785,3.16E-06,0.005029704,0,0,0.042181277,0,0.858726139,,0,,,0,0,0,0,0,0,0,0.583286204
20,283,20283,0.001617407,3.71E-05,0,0,0.001352616,11.42670984,4.56E-06,0.007274429,0.020363771,0,0.061006507,0,1.822658693,,0,,,0,0,0,0,0,0,0,0.358003525
20,284,20284,0.001978945,4.55E-05,0,0.000389687,0.005218042,48.87733059,1.76E-05,0.028062858,0,0,0.235347279,0,0.50348643,,0,,,0,0,0,0,0,0,0,0.405001177
20,285,20285,0.000608906,1.40E-05,0,0.001363904,0.004435619,32.99773702,1.50E-05,0.023854951,0.21699935,0,0.20005795,0,0.542668004,,0,18.9986415,,0,0,0,0,0,0,0,0.356661986
20,286,20286,0.000627935,1.44E-05,0,0.000389687,0.00441864,28.90220015,1.49E-05,0.023763641,0,0,0.199292178,0,0.371934509,,0,,,0,0,0,0,0,0,0,0.17419276
20,287,20287,5.71E-05,1.31E-06,0,0,0.000454173,4.249985099,1.53E-06,0.002442564,0.072333117,0,0.020484402,0,0.418520396,,0,,,0,0,0,0,0,0,0,0.08121871
20,288,20288,0,0,0,0,0.000950793,7.819343524,3.21E-06,0.005113406,0,0,0.042883235,0,0.087581306,,0,,,0,0,0,0,0,0,0,0.000238277
20,289,20289,0.000133198,3.06E-06,0,9.74E-05,0.001450242,11.65870939,4.89E-06,0.007799466,0,0,0.065409696,0,0.682280449,,0,,,0,0,0,0,0,0,0,0
20,290,20290,0.000152227,3.50E-06,0,0.000389687,0.001250745,4.12521825,4.22E-06,0.006726564,0.144666233,0,0.056411875,0,0.229264925,,0,,,0,0,0,0,0,0,0,0.131713237
20,291,20291,7.61E-05,1.75E-06,0,0.001071639,0.005495357,42.20423911,1.85E-05,0.029554268,0.003176337,0,0.247854889,0,1.522014934,,0,14.0714796,,0,0,0,0,0,0,0,0
20,292,20292,0,0,0,0,0.001730387,16.98477414,5.84E-06,0.009306094,0,0,0.078044935,0,0.977690388,,0,0.5308797,,0,0,0,0,0.4245,0.0402,0,1.016073481
20,293,20293,0.001750606,4.02E-05,0,0.005455617,0.020569386,15.36218184,6.94E-05,0.110623057,0.017187435,0,0.927732846,0,0.385183637,,0.002898996,0.52012683,,0,0,0,0,0.1914,0.0181,0,0.609031996
20,294,20294,0.001484209,3.41E-05,0,0.007404052,0.008715602,10.3586583,2.94E-05,0.046872887,0.072333117,0,0.393096322,0,1.003119006,,0,4.7487762,,0,0,0,0,0.1789,0.0169,0,1.677133336
20,295,20295,0.003539268,8.13E-05,0,0.011495765,0.011071361,36.79064231,3.74E-05,0.059542263,5.569649974,0,0.499347195,0,4.593152656,,0,,,0,0,0,0,0,0,0,2.821746233
20,296,20296,0.000247368,5.68E-06,0,0.001071639,0.001273383,9.779271812,4.30E-06,0.006848311,0.017187435,0,0.057432904,0,0.185430753,,0,,,0,0,0,0,0,0,0,0.000153848
20,297,20297,0.000209312,4.81E-06,0,0.000681952,0.003566888,29.84962018,1.20E-05,0.019182881,0,0,0.160875946,0,1.506740351,,0,,,0,0,0,0,0,0,0,0.524715615
20,298,20298,0.027610093,0.000634134,0,0.018899817,0.01566403,55.97001852,5.29E-05,0.08424184,0.14784257,0,0.706488536,0,1.499046584,,0,,,0,0,0,0,0,0,2.204964669,1.716919346
20,299,20299,0.006716997,0.000154273,0,0.000779374,0.001382328,10.11445838,4.66E-06,0.007434223,0,0,0.062346608,0,0.141034028,,0,,,0,0,0,0,0,0,0,0.00023171
20,300,20300,0.003577324,8.22E-05,0,0.002630387,0.007572386,59.71894894,2.56E-05,0.040724625,0,0,0.341534337,0,1.01037618,,0,,,0,0,0,0,0,0,0,0
20,301,20301,0.000894331,2.05E-05,0,0.001948435,0.0020742,14.35685508,7.00E-06,0.011155138,0.650998049,0,0.09355182,0,0.966860776,,0,,,0,0,0,0,0,0,0,1.624085323
20,302,20302,0.000418623,9.61E-06,0,0.002143278,0.004745475,42.59242853,1.60E-05,0.025521374,0,0,0.21403329,0,0.939984292,,0,,,0,0,0,0,0,0,0,0.252727877
20,303,20303,0.001255869,2.88E-05,0,0.000487109,0.001298851,8.079081353,4.38E-06,0.006985278,0,0,0.058581562,0,0.093092711,,0,,,0,0,0,0,0,0,0,8.72E-05
20,304,20304,0,0,0,0.000292265,0.00119698,11.15901456,4.04E-06,0.006437413,0.144666233,0,0.05398693,0,0.898077192,,0,,,0,0,0,0,0,0,0,0.352660189
20,305,20305,0.002245342,5.16E-05,0,0.00389687,0.00562128,15.37382639,1.90E-05,0.03023149,1.157329865,0,0.253534365,0,4.410216889,,0,,,0,0,0,0,0.4369,0.0413,0,2.014300054
20,306,20306,0.000190283,4.37E-06,0,0.000779374,0.005413294,45.73945281,1.83E-05,0.029112933,0,0,0.244153657,0,0.873359608,,0,3.7688073,,0,0,0,0,0,0,0,0.262142868
20,307,20307,0.000589878,1.35E-05,0,0.002045857,0.012141003,88.91640158,4.10E-05,0.065294845,0.151018907,0,0.547590834,0,2.955530369,,0,0.1491,,0,0,0,0,0,0,0.952240497,1.732642371
20,308,20308,0.001274897,2.93E-05,0,0.004286557,0.003923436,27.65214249,1.32E-05,0.021100408,0.21699935,0,0.176957159,0,1.642648159,,0,,,0,0,0,0,0,0,0.096115035,0.682451745
20,309,20309,0.001465181,3.37E-05,0,0.00613757,0.016081417,155.8002355,5.43E-05,0.086486564,0,0,0.725313766,0,1.979745281,,0,,,0,0,0,0,0,0,0,3.620794117
20,310,20310,0.002740078,6.29E-05,0,0.00282523,0.008476489,42.82722488,2.86E-05,0.045586926,0.650998049,0,0.382311699,0,1.132705288,,0,,,0,0,0,0,0,0,0,1.211943068
20,311,20311,0.002112144,4.85E-05,0,0.000194843,0.000352303,3.077492167,1.19E-06,0.001894699,0.017187435,0,0.01588977,0,0.416990125,,0,,,0,0,0,0,0.5077,0.048,0,0.013161184
20,312,20312,0.000723076,1.66E-05,0,0.000974217,0.015256548,131.3435707,5.15E-05,0.08205038,0,0,0.688110007,0,1.24504907,,0,,,0,0,0,0,0,0,0,0.332662991
20,313,20313,0.009076509,0.000208465,0,0,0.001119162,10.1723639,3.78E-06,0.006018905,0,0,0.050477141,0,0.422983041,,0,,,0,0,0,0,0,0,0,0.016099495
20,314,20314,0.000532793,1.22E-05,0,0.005845304,0.002273697,14.00685723,7.67E-06,0.012228041,0.003176337,0,0.102549641,0,0.745651187,,0,3.37623315,,0,0,0,0,0,0,0,0.105226362
20,315,20315,9.51E-05,2.19E-06,0,9.74E-05,0.00240245,20.53754393,8.11E-06,0.012920481,0.289332466,0,0.108356746,0,0.799722512,,0,,,0,0,0,0,0,0,0,1.269581774
20,316,20316,5.71E-05,1.31E-06,0,0,0.000991824,8.926945924,3.35E-06,0.005334074,0,0,0.044733851,0,0.559985089,,0,,,0,0,0,0,0,0,0,0
20,317,20317,0,0,0,9.74E-05,0.001866214,20.5841178,6.30E-06,0.010036581,0.072333117,0,0.084171112,0,0.671882865,,0,,,0,0,0,0,0,0,0,0.246862132
20,318,20318,0.010408491,0.000239057,0,0.186367786,0.049589793,125.0317041,0.000167338,0.266696075,2.025327263,0,2.236628733,0,5.156732781,,0,34.43253945,,0,0.14976,0.049,0,0,0,0.119849599,0.074027669
20,319,20319,0.000266396,6.12E-06,0,0.000876796,0.001462976,14.58172465,4.94E-06,0.007867949,0,0,0.065984025,0,,,0,,,0,0,0,0,0,0,0,0
20,320,20320,0.000285425,6.56E-06,0,0.000389687,0.000994654,8.510232398,3.36E-06,0.005349292,0.144666233,0,0.04486148,0,0.36201106,,0,,,0,0,0,0,0,0,0,0.132514738
20,321,20321,3.81E-05,8.74E-07,0,0,0.001126237,10.07962395,3.80E-06,0.006056951,0,0,0.050796213,0,0.463374346,,0,,,0,0,0,0,0,0,0,0.190757102
20,322,20322,0.000171255,3.93E-06,0,9.74E-05,0.001313,11.01923878,4.43E-06,0.00706137,0,0,0.059219706,0,0.279771333,,0,,,0,0,0,0,0,0,0,0.025220502
20,323,20323,5.71E-05,1.31E-06,0,0.000292265,0.003445209,26.13133096,1.16E-05,0.018528487,0,0,0.155387913,0,0.725938246,,0,4.92743115,,0,0,0,0,0,0,0,0.000884626
20,324,20324,0.004928335,0.000113191,0,0.073358569,0.055952465,361.3705041,0.000188808,0.300914804,0,0,2.523601811,0,3.948086789,,0,6.14847078,,0,0,0,0,0,0,0,1.351697238
20,325,20325,0.004680967,0.00010751,0,0.0044814,0.01446422,118.2044066,4.88E-05,0.077789209,0,0,0.652373977,0,2.222754077,,0,,,0,0,0,0,0,0,0,0.970166547
20,326,20326,5.71E-05,1.31E-06,0,0.000487109,0.006855047,70.86544368,2.31E-05,0.036866743,0,0,0.309180468,0,1.575073945,,0,,,0,0,0,0,0,0,0,0.170299601
20,327,20327,0.001674492,3.85E-05,0,0.01626943,0.019840728,85.28605666,6.70E-05,0.106704301,5.431336414,0,0.894868462,0,9.827044607,,0,,,0,0,0,0,1.5522,0.1468,0,16.48007337
20,328,20328,0.00452874,0.000104014,0,0,0.001591729,14.14206226,5.37E-06,0.008560389,0.072333117,0,0.07179113,0,0.669589448,,0,,,0,0,0,0,0,0,0,1.122169507
20,329,20329,0.000380566,8.74E-06,0,0.001071639,0.001815279,13.93092098,6.13E-06,0.009762648,0.075509453,0,0.081873796,0,1.027364134,,0,,,0,0,0,0,0,0,0,0.530058951
20,330,20330,0.000171255,3.93E-06,0,0.000487109,0.005987732,57.63783078,2.02E-05,0.032202282,0,0,0.270062278,0,0.84523446,,0,,,0,0,0,0,0,0,0,0.088639044
20,331,20331,5.71E-05,1.31E-06,0,0.000487109,0.00086873,9.322172872,2.93E-06,0.00467207,0.144666233,0,0.039182004,0,0.75107231,,0,,,0,0,0,0,0,0,0,0.320600172
20,332,20332,3.81E-05,8.74E-07,0,0,0.000515013,4.421374086,1.74E-06,0.002769762,0.289332466,0,0.023228419,0,0.695497153,,0,,,0,0,0,0,0,0,0,0.148544746
20,333,20333,0.00068502,1.57E-05,0,0.004578822,0.003556984,21.38968837,1.20E-05,0.019129617,0.072333117,0,0.160429246,0,1.108761695,,0,,,0,0,0,0,0,0,0,1.287434471
20,334,20334,0.0054421,0.000124991,0,0.043839782,0.055107788,415.6462985,0.000185958,0.296372091,13.03714841,0,2.485504651,0,12.76861806,,0,5.8950732,,0,0,0,0,0,0,0,5.332761283
20,335,20335,5.71E-05,1.31E-06,0,0,0.001304511,10.87545725,4.40E-06,0.007015715,0,0,0.05883682,0,0.247281221,,0,,,0,0,0,0,0,0,0,0.000444658
20,336,20336,0.000247368,5.68E-06,0,0.000876796,0.003938999,34.15553267,1.33E-05,0.02118411,0.017187435,0,0.177659117,0,0.30578612,,0,,,0,0,0,0,0,0,0,0.000512201
20,337,20337,0.000894331,2.05E-05,0,0.010034439,0.005863223,42.87841186,1.98E-05,0.03153267,0,0,0.264446617,0,0.881007121,,0,2.1848049,,0,0,0,0,0,0,0,0.000939974
20,338,20338,0.00713562,0.000163887,0,0.028836835,0.010472871,6.953609049,3.53E-05,0.056323557,0,0,0.47235373,0,0.19521498,,0,,,0,0,0,0,0.1248,0.0118,0,0.450908111
20,339,20339,0.005118618,0.000117562,0,0.010229283,0.005001567,30.8197453,1.69E-05,0.026898645,0.446704046,0,0.225583685,0,1.644981967,,0,,,0,0,0,0,0,0,2.350084996,0.631048005
20,340,20340,0.000475708,1.09E-05,0,0.000194843,0.002340196,16.5010556,7.90E-06,0.012585675,0.14784257,0,0.105548915,0,0.911311897,,0,,,0,0,0,0,0,0,0,0.559180133
20,341,20341,3.81E-05,8.74E-07,0,0.000681952,0.000363622,2.548351307,1.23E-06,0.001955573,0.072333117,0,0.016400285,0,0.292200675,,0,,,0,0,0,0,0,0,0,0.15495675
20,342,20342,0.000171255,3.93E-06,0,0.000487109,0.002600532,14.87626188,8.78E-06,0.013985774,0.289332466,0,0.117290753,0,0.477905282,,0,,,0,0,0,0,0,0,0,0.325429157
20,343,20343,0.000133198,3.06E-06,0,0,0.002011946,3.321774959,6.79E-06,0.010820332,0.433998699,0,0.090743989,0,0.443836706,,0,,,0,0,0,0,0,0,0,0.599850609
20,344,20344,0.000266396,6.12E-06,0,0.000194843,0.003702716,30.91162456,1.25E-05,0.019913368,0,0,0.167002123,0,1.182008769,,0,14.2429581,,0,0,0,0,0,0,0,0
20,345,20345,0.000323481,7.43E-06,0,0.001266483,0.004592669,32.59272191,1.55E-05,0.024699577,0,0,0.207141341,0,0.597078332,,0,,,0,0,0,0,0,0,0,0.219683108
20,346,20346,0.000532793,1.22E-05,0,0.000389687,0.001877533,15.31919178,6.34E-06,0.010097455,0,0,0.084681627,0,0.779878415,,0,,,0,0,0,0,0,0,0,0.431741565
20,347,20347,0.001826719,4.20E-05,0,0.00058453,0.00431394,40.68775318,1.46E-05,0.023200557,0,0,0.194569917,0,0.556701929,,0,0.037124415,,0,0,0,0,0,0,0,0
20,348,20348,0.001331982,3.06E-05,0,0.004286557,0.008811813,59.407735,2.97E-05,0.047390315,0.433998699,0,0.397435697,0,3.344027477,,0,,,0,0,0,0,0,0,0,0.982906694
20,349,20349,0.001427124,3.28E-05,0,0.000389687,0.002606191,16.07231191,8.79E-06,0.014016211,0.289332466,0,0.117546011,0,0.546412263,,0,,,0,0,0,0,0,0,0,0.510077049
20,350,20350,0.004243316,9.75E-05,0,0.028057461,0.022479461,1.603684678,7.59E-05,0.120895524,0,0,1.013882202,0,0.122278848,,0.003459808,,,0,0,0,0,0,0,0.098376778,0.144861882
20,351,20351,9.51E-05,2.19E-06,0,0.000487109,0.002477438,17.21941471,8.36E-06,0.01332377,0.072333117,0,0.111738906,0,0.591387254,,0,1.85513415,,0,0,0,0,0,0,0,0
20,352,20352,0.002074087,4.76E-05,0,0.00058453,0.003873915,32.68664515,1.31E-05,0.020834085,0,0,0.174723657,0,0.441318639,,0,,,0,0,0,0,0,0,0,0.203581109
20,353,20353,3.81E-05,8.74E-07,0,0.000292265,0.002318973,16.79234111,7.83E-06,0.012471536,0.075509453,0,0.1045917,0,0.752721722,,0,,,0,0,0,0,0,0,0,0
20,354,20354,1.90E-05,4.37E-07,0,9.74E-05,0.000872975,7.03765072,2.95E-06,0.004694898,0,0,0.039373447,0,0.148439502,,0,,,0,0,0,0,0,0,0,0.017262576
20,355,20355,5.71E-05,1.31E-06,0,0,0.001090865,8.665911949,3.68E-06,0.00586672,0,0,0.049200855,0,0.108021931,,0,,,0,0,0,0,0,0,0,0.014997628
20,356,20356,0.005727525,0.000131547,0,0.002922652,0.00250998,16.7334389,8.47E-06,0.013498783,0.14784257,0,0.113206636,0,0.523299796,,0,,,0,0,0,0,0,0,0,0.470291039
20,357,20357,0.000475708,1.09E-05,0,0.00058453,0.001455902,11.813441,4.91E-06,0.007829903,0.072333117,0,0.065664954,0,0.399760007,,0,,,0,0,0,0,0,0,0,0
20,358,20358,0.001160728,2.67E-05,0,0.00058453,0.00223408,16.49617121,7.54E-06,0.012014982,0.506331816,0,0.10076284,0,2.175976962,,0,17.91739509,,0,0,0,0,0,0,0,0.999751015
20,359,20359,3.81E-05,8.74E-07,0,9.74E-05,0.00120264,10.62058013,4.06E-06,0.00646785,0.003176337,0,0.054242187,0,0.149577135,,0,,,0,0,0,0,0,0,0,0.000121953
20,360,20360,0.00057085,1.31E-05,0,0.000876796,0.004319599,29.93056457,1.46E-05,0.023230994,0.795664282,0,0.194825174,0,2.127732794,,0,,,0,0,0,0,0,0,0,0.824284511
20,361,20361,0.000437651,1.01E-05,0,0.000194843,0.001460146,12.34591314,4.93E-06,0.00785273,0.072333117,0,0.065856397,0,0.334173557,,0,10.3579515,,0,0,0,0,0,0,0,0
20,362,20362,0.000361538,8.30E-06,0,0.000974217,0.001757269,12.63584183,5.93E-06,0.00945067,0.075509453,0,0.079257408,0,0.543004569,,0,,,0,0,0,0,0,0,0,0
20,363,20363,0.000532793,1.22E-05,0,0.003312339,0.003535761,28.00829966,1.19E-05,0.019015478,0.092696888,0,0.159472031,0,0.696295019,,0,1.665270885,,0,0,0,0,0,0,0,0.000538468
20,364,20364,0.00180769,4.15E-05,0,0.03643573,0.020966965,158.3420551,7.08E-05,0.112761252,0,0,0.945664675,0,3.001881429,,0,61.30186215,,0,0,0,0,0,0,0,2.330671624
20,365,20365,5.71E-05,1.31E-06,0,0.002532965,0.001437508,13.09367887,4.85E-06,0.007730983,0.020363771,0,0.064835367,0,0.552270686,,0,0.29130732,,0,0,0,0,0,0,0,0.000575992
20,366,20366,0.000190283,4.37E-06,0,0.001266483,0.005999051,58.20996373,2.02E-05,0.032263156,0,0,0.270572793,0,0.637038773,,0,,,0,0,0,0,0,0,0,0.221344576
20,367,20367,0.001103643,2.53E-05,0,0.002727809,0.006535286,66.53814742,2.21E-05,0.035147056,0.003176337,0,0.294758427,0,0.957665014,,0,,,0,0,0,0,0,0,0,0.260112184
20,368,20368,0.000951416,2.19E-05,0,0.001461326,0.002413769,17.31746973,8.15E-06,0.012981355,0.072333117,0,0.108867261,0,0.438757445,,0,,,0,0,0,0,0,0,0,0.426424413
20,369,20369,0.000133198,3.06E-06,0,0.000389687,0.002054392,5.380647981,6.93E-06,0.011048609,0.361665583,0,0.092658419,0,1.256200027,,0,3.936798,,0,0,0,0,0,0,0,0.479472426
20,370,20370,0.00011417,2.62E-06,0,0.000389687,0.000805061,6.622685462,2.72E-06,0.004329655,0.144666233,0,0.036310358,0,0.515477447,,0,,,0,0,0,0,0,0,0,0.197436273
20,371,20371,0.000133198,3.06E-06,0,0.00165617,0.001378084,11.59402752,4.65E-06,0.007411395,0.072333117,0,0.062155165,0,0.317434063,,0,,,0,0,0,0,0,0,0,0.182207764
20,372,20372,0.000133198,3.06E-06,0,0.001558748,0.002700988,22.8766719,9.11E-06,0.014526029,0,0,0.121821571,0,0.939609139,,0,9.60383565,,0,0,0,0,0,0,0,0.42212356
20,373,20373,0.000494736,1.14E-05,0,0,0.000544725,4.177309634,1.84E-06,0.002929555,0,0,0.02456852,0,0.259790959,,0,,,0,0,0,0,0,0,0,0.138392408
20,374,20374,0.000171255,3.93E-06,0,0,0.001928468,16.2228264,6.51E-06,0.010371387,0,0,0.086978943,0,0.181456572,,0,1.3246683,,0,0,0,0,0,0,0,0.026444798
20,375,20375,0.00180769,4.15E-05,0,0.008767956,0.013841677,3.689586963,4.67E-05,0.074441145,0,0,0.624295669,0,0.061648913,,0.001866151,,,0,0,0,0,0,0,0,0.073451095
20,376,20376,0,0,0,0.000876796,0.000509353,3.825302047,1.72E-06,0.002739325,0,0,0.022973162,0,0.048291649,,0,,,0,0,0,0,0,0,0,0.053433362
20,377,20377,0.000970444,2.23E-05,0,0.00282523,0.014707578,113.4739404,4.96E-05,0.079097997,0.185393776,0,0.663350044,0,1.122915803,,0,46.7791245,,0,0,0,0,0,0,0,0
20,378,20378,0.000437651,1.01E-05,0,0.000487109,0.004006913,32.26230746,1.35E-05,0.021549353,0.361665583,0,0.180722205,0,2.143878073,,0,,,0,0,0,0,0,0,0,1.425155274
20,379,20379,5.71E-05,1.31E-06,0,0.000389687,0.00387816,39.5466418,1.31E-05,0.020856913,0,0,0.1749151,0,0.647607545,,0,,,0,0,0,0,0,0,0,0.332889845
20,380,20380,0.000418623,9.61E-06,0,0.000974217,0.002614681,11.76126516,8.82E-06,0.014061866,0.361665583,0,0.117928897,0,0.499620914,,0,,,0,0,0,0,0,0,0,0.527419668
20,381,20381,0.000761133,1.75E-05,0,0.000681952,0.003254202,12.40602462,1.10E-05,0.01750124,0.07868579,0,0.146772977,0,0.676249369,,0,,,0,0,0,0,0,0,0.000241895,0.467809084
20,382,20382,3.81E-05,8.74E-07,0,0.000779374,0.001662473,12.78183597,5.61E-06,0.008940851,0,0,0.074981847,0,0.422776528,,0,,,0,0,0,0,0,0,0,0.22442012
20,383,20383,1.90E-05,4.37E-07,0,0,0.000755541,8.214729512,2.55E-06,0.004063331,0.072333117,0,0.034076856,0,0.873116187,,0,,,0,0,0,0,0,0,0,0.173658426
20,384,20384,0.011017398,0.000253042,0,0.000681952,0.005517995,37.12147738,1.86E-05,0.029676016,0.220175686,0,0.248875918,0,0.783258887,,0,,,0,0,0,0,0,0,0,0
20,385,20385,0.016440469,0.000377596,0,0.053289691,0.099817693,47.71215116,0.000336829,0.536823915,1.301996098,0,4.502037732,0,0.622721988,,0.013580801,,,0,0,0,0,0.3288,0.0311,0.00089315,0.48559335
20,386,20386,0.000304453,6.99E-06,0,0.000779374,0.025531337,208.3336617,8.62E-05,0.137308644,0.020363771,0,1.151529729,0,5.294597247,,0,26.061909,,0,0,0,0,0,0,0,0
20,387,20387,0.000551821,1.27E-05,0,0.002045857,0.003483411,17.13069178,1.18E-05,0.018733936,1.449838668,0,0.1571109,0,3.966989812,,0,,,0,0,0,0,0,0,0,2.069892663
20,388,20388,3.81E-05,8.74E-07,0,0,0.00327967,31.80031781,1.11E-05,0.017638207,0,0,0.147921635,0,1.43920752,,0,,,0,0,0,0,0,0,0,0.964045622
20,389,20389,0.000190283,4.37E-06,0,9.74E-05,0.001271968,11.67212676,4.29E-06,0.006840702,0.289332466,0,0.05736909,0,0.607333041,,0,,,0,0,0,0,0,0,0,0.372356246
20,390,20390,0.029094302,0.000668223,0,0.109209769,0.064055428,5.789568299,0.000216151,0.344492893,0.072333117,5.807755924,2.889066524,0,0.041099276,,0.009558423,,,0,0,0,0,0.1456,0.0138,0.637327826,0.046927088
20,391,20391,5.71E-05,1.31E-06,0,0.000779374,0.004561542,38.0921951,1.54E-05,0.024532173,0,0,0.205737426,0,0.483171054,,0,3.15533526,,0,0,0,0,0,0,0,0
20,392,20392,0.000190283,4.37E-06,0,0.001558748,0.008995746,69.54505996,3.04E-05,0.048379516,0,0,0.405731561,0,4.126361896,,0,,,0,0,0,0,0,0,0,0
20,393,20393,0.000399595,9.18E-06,0,9.74E-05,0.005158618,43.59514412,1.74E-05,0.027743271,0.650998049,0,0.232667076,0,1.156640494,,0,,,0,0,0,0,0,0,0,0.929360383
20,394,20394,1.90E-05,4.37E-07,0,0.000292265,0.003576792,26.48363181,1.21E-05,0.019236146,0,0,0.161322646,0,1.444848477,,0,,,0,0,0,0,0,0,0,0.001860247
20,395,20395,0.000551821,1.27E-05,0,0,0.002174656,18.25170931,7.34E-06,0.011695394,0.072333117,0,0.098082638,0,1.8664681,,0,,,0,0,0,0,0,0,0,0.537539622
20,396,20396,0.000361538,8.30E-06,0,0.001169061,0.004608233,38.76498403,1.56E-05,0.024783278,0,0,0.207843299,0,0.469346352,,0,1.48410732,,0,0,0,0,0,0,0,0.101126866
20,397,20397,0.010503633,0.000241242,0,0.051925787,0.051439029,243.6787525,0.000173578,0.276641345,1.663661681,0,2.320034072,0,2.838906915,,0,34.51836625,,0,0,0,0,0,0,0.03689827,1.271446849
20,398,20398,0.001617407,3.71E-05,0,0.004091713,0.005774086,36.72129026,1.95E-05,0.031053288,1.663661681,0,0.260426313,0,2.886294207,,0,4.15112931,,0,0,0,0,0,0,0,1.884224618
20,399,20399,0.023519004,0.000540172,0,0.014223574,0.030578179,36.33139683,0.000103184,0.164450785,0.36484192,0,1.379155473,0,0.663452771,,0.003879978,,,0,0,0,0,0,0,0,0.478452272
20,400,20400,0.000418623,9.61E-06,0,0.000779374,0.001741705,9.389348415,5.88E-06,0.009366968,0.21699935,0,0.07855545,0,0.252674795,,0,,,0,0,0,0,0,0,0,0.130911737
20,401,20401,0.001141699,2.62E-05,0,0.084951756,0.028670934,169.7881162,9.67E-05,0.154193536,6.07598179,0,1.293133745,0,8.071798216,,0,,,0,0,0,0,0,0,0,1.906812452
20,402,20402,5.71E-05,1.31E-06,0,0.000292265,0.001352616,9.272335973,4.56E-06,0.007274429,0.144666233,0,0.061006507,0,0.277514977,,0,,,0,0,0,0,0,0,0,0.202514596
20,403,20403,0.006260318,0.000143784,0,0.003312339,0.003044801,3.112161782,1.03E-05,0.016375074,0.578664932,0,0.137328455,0,0.241390167,,0.00044654,,,0,0,0,0,0,0,0,0.194849433
20,404,20404,0.000152227,3.50E-06,0,0,0.001007388,5.533468611,3.40E-06,0.005417775,1.157329865,0,0.045435809,0,2.223496312,,0,,,0,0,0,0,0,0,0,0.689824703
20,405,20405,0.003120645,7.17E-05,0,0.00058453,0.002334536,12.87357471,7.88E-06,0.012555238,0.220175686,0,0.105293658,0,0.38372107,,0,,,0,0,0,0,0,0,0,0.160300086
20,406,20406,0.000475708,1.09E-05,0,0.003994291,0.02920434,275.7514295,9.85E-05,0.157062218,0.072333117,0,1.317191751,0,4.673848757,,0,1.4565366,,0,0,0,0,0,0,0,0.913141317
20,407,20407,0.000266396,6.12E-06,0,0.00058453,0.012805992,129.6395219,4.32E-05,0.068871185,0,0,0.577583573,0,1.746719215,,0,182.7920997,,0,0,0,0,0,0,0,6.408573095
20,408,20408,0,0,0,0,0.000631032,6.284985306,2.13E-06,0.003393719,0,0,0.028461195,0,0.291338808,,0,0.743325075,,0,0,0,0,0,0,0,0.099118887
20,409,20409,0.010789058,0.000247798,0,0.026693556,0.01195424,4.944919027,4.03E-05,0.064290426,0.14784257,0,0.539167342,0,0.691477308,,0.001832749,,,0,0,0,0,0,0,0.036749411,0.545782442
20,410,20410,0.000285425,6.56E-06,0,0.000389687,0.005532143,40.18315919,1.87E-05,0.029752109,0,0,0.249514062,0,1.599972454,,0,,,0,0,0,0,0,0,0,0
20,411,20411,0.000380566,8.74E-06,0,0.000487109,0.000946548,2.575242179,3.19E-06,0.005090578,0.144666233,0,0.042691792,0,0.157509621,,0,,,0,0,0,0,0,0,0,0.183627738
20,412,20412,0.000475708,1.09E-05,0,0.0022407,0.004212069,33.52243982,1.42E-05,0.022652692,0,0,0.189975284,0,1.332533372,,0,,,0,0,0,0,0,0,0,3.212550343
20,413,20413,0.008733999,0.000200598,0,0.310775347,0.050959388,148.8762804,0.000171959,0.274061814,0,0,2.298401012,0,2.361689007,,0,11.42601225,,0,0.90909,0.358,3.3,0,0,0.027402697,1.239640392
20,414,20414,0.001902832,4.37E-05,0,0.002143278,0.014537793,112.988466,4.91E-05,0.078184889,4.19532076,0,0.655692323,0,4.758094079,,0,,,0,0,0,0,0,0,0,1.276931138
20,415,20415,0.000190283,4.37E-06,0,0.001266483,0.005788235,45.44632002,1.95E-05,0.03112938,0.14784257,0,0.261064457,0,2.42859127,,0,,,0,0,0,0,0,0,0,0
20,416,20416,0.003919834,9.00E-05,0,0,0.00081355,7.275795955,2.75E-06,0.00437531,0,0,0.036693244,0,0.233178694,,0,,,0,0,0,0,0.2081,0.0197,0,0.008508859
20,417,20417,0.00022834,5.24E-06,0,0.003020074,0.012238629,115.2580828,4.13E-05,0.065819882,0.726507502,0,0.551994024,0,2.96787935,13.20377512,0,,,0,0,0,0,0,0,0,9.981625867
20,418,20418,0.002587852,5.94E-05,0,0.018607552,0.016324775,74.92325452,5.51E-05,0.087795353,0.595852367,0,0.736289832,0,4.236940802,,0,,,0,0,0,0,0,0,0,1.992263267
20,419,20419,0.000247368,5.68E-06,0,9.74E-05,0.000776764,5.626021538,2.62E-06,0.00417747,0,0,0.035034072,0,0.165774604,,0,,,0,0,0,0,0,0,0,0.000120076
20,420,20420,9.51E-05,2.19E-06,0,0.000876796,0.002385472,22.1725437,8.05E-06,0.01282917,0,0,0.107590974,0,0.806665891,,0,,,0,0,0,0,0,0,0,0
20,421,20421,0.001027529,2.36E-05,0,0.004091713,0.006143367,24.50126336,2.07E-05,0.033039298,0.654174386,0,0.277081856,0,1.595228052,,0,,,0,0,0,0,0,0,0,1.258162803
20,422,20422,9.51E-05,2.19E-06,0,0,0.000824869,8.383813957,2.78E-06,0.004436184,0.075509453,0,0.037203759,0,0.977419329,,0,2.35458294,,0,0,0,0,0,0,0,0.200375107
20,423,20423,0,0,0,0,0.000806476,7.862863413,2.72E-06,0.004337264,0.023540108,0,0.036374173,0,0.450635422,,0,,,0,0,0,0,0,0,0,0.165643422
20,424,20424,0.000209312,4.81E-06,0,0.000487109,0.005775501,49.80471566,1.95E-05,0.031060897,0,0,0.260490128,0,0.668168708,,0,2.090136075,,0,0,0,0,0,0,0,0
20,425,20425,3.81E-05,8.74E-07,0,0.000876796,0.003013674,25.26294819,1.02E-05,0.01620767,0,0,0.13592454,0,0.743630483,,0,,,0,0,0,0,0,0,0,0.048665774
20,426,20426,1.90E-05,4.37E-07,0,0.000681952,0.011780211,104.4627945,3.98E-05,0.06335449,0,0,0.531318178,0,3.348104053,,0,,,0,0,0,0,0,0,0,4.835530421
20,427,20427,0.001959917,4.50E-05,0,0.008475691,0.019795452,35.62308354,6.68E-05,0.106460806,0.14784257,0,0.892826403,0,1.731009903,,0,,,0,0,0,0,0.233,0.022,0,1.956453489
20,428,20428,0.000209312,4.81E-06,0,0,0.002314728,18.91800237,7.81E-06,0.012448708,0,0,0.104400257,0,0.873060709,,0,17.65268351,,0,0,0,0,0,0,0,0
20,429,20429,0.000361538,8.30E-06,0,0.000389687,0.00202185,17.11941455,6.82E-06,0.010873597,0.072333117,0,0.091190689,0,1.686069779,,0,,,0,0,0,0,0,0,0,0
20,430,20430,0.000190283,4.37E-06,0,0.000194843,0.000464077,3.208783303,1.57E-06,0.002495829,0.003176337,0,0.020931103,0,0.220390256,,0,37.102683,,0,0,0,0,0,0,0,0.160300086
20,431,20431,0.00022834,5.24E-06,0,0.000681952,0.00223408,12.2444671,7.54E-06,0.012014982,0.21699935,0,0.10076284,0,0.507891008,1.672478181,0,,,0,0,0,0,0.8406,0.0795,0,0.043462515
20,432,20432,3.81E-05,8.74E-07,0,0.000194843,0.00125782,0,4.24E-06,0.00676461,0,0,0.056730946,0,0.260924355,,0,,,0,0,0,0,0,0,0,0.000237339
20,433,20433,0,0,0,9.74E-05,0.004118688,35.34447114,1.39E-05,0.022150483,0,0,0.185763538,0,0.623663068,,0,,,0,0,0,0,0,0,0,0.227067414
20,434,20434,3.81E-05,8.74E-07,0,0.000194843,0.006266461,52.61690198,2.11E-05,0.033701301,0,0,0.282633703,0,0.839239833,,0,,,0,0,0,0,0,0,0,0.056746129
20,435,20435,9.51E-05,2.19E-06,0,0.000487109,0.003159406,26.45762433,1.07E-05,0.016991422,0,0,0.142497417,0,0.421932584,,0,,,0,0,0,0,0,0,0,0.000431525
20,436,20436,0.006012949,0.000138102,0,0,0.001229522,11.98148009,4.15E-06,0.006612425,0,0,0.05545466,0,0.38272405,,0,,,0,0,0,0,0,0,0,0.012487821
20,437,20437,0.002397568,5.51E-05,0,0.005747883,0.01342995,106.9830418,4.53E-05,0.072226858,0,0,0.605725696,0,1.342053261,,0,2.56617075,,0,0,0,0,0,0,0,0.001290822
20,438,20438,0.000152227,3.50E-06,0,0.000194843,0.002287845,18.91617319,7.72E-06,0.012304133,0,0,0.103187785,0,0.196489359,,0,,,0,0,0,0,0,0,0,0.021057895
20,439,20439,0.001008501,2.32E-05,0,0.032344017,0.029865085,266.6260881,0.000100778,0.160615731,3.995508845,0,1.346993047,0,7.303519154,,0,5.99891709,,0,0,0,0,0,0,0,2.125849433
20,440,20440,7.61E-05,1.75E-06,0,0.000292265,0.001192736,10.28014422,4.02E-06,0.006414585,0,0,0.053795487,0,0.472788485,,0,,,0,0,0,0,0,0,0,0.430405994
20,441,20441,0.013129541,0.000301553,0,0.009157643,0.011900475,73.06883978,4.02E-05,0.064001275,0.578664932,0,0.536742397,0,2.246795475,,0,,,0,0,0,0,0,0,0,1.488860416
20,442,20442,5.71E-05,1.31E-06,0,9.74E-05,0.000391919,0,1.32E-06,0.002107758,0,0,0.017676572,0,0.035619105,,0,,,0,0,0,0,0,0,0,4.03E-05
20,443,20443,0.000171255,3.93E-06,0,0,0.000547555,4.700915692,1.85E-06,0.002944774,0,0,0.024696149,0,0.110748955,,0,,,0,0,0,0,0,0,0,0.000110696
20,444,20444,0,0,0,0.000292265,0.000592831,4.69359499,2.00E-06,0.003188269,0,0,0.026738208,0,0.203311928,,0,,,0,0,0,0,0,0,0,0.096180052
20,445,20445,0.000190283,4.37E-06,0,0,0.001747365,14.6444544,5.90E-06,0.009397405,0,0,0.078810707,0,0.972455078,,0,,,0,0,0,0,0,0,0,0.291211823
20,446,20446,0.00011417,2.62E-06,0,0.000292265,0.008909439,74.96452393,3.01E-05,0.047915352,0,0,0.401838886,0,1.217566041,,0,1.347296355,,0,0,0,0,0,0,0,1.421327429
20,447,20447,0.001845747,4.24E-05,0,0.00730663,0.018475378,144.3033025,6.23E-05,0.09936139,0.072333117,0,0.833287626,0,3.8678383,,0,,,0,0,0,0,0,0,0,0
20,448,20448,0,0,0,0,0.002811348,24.15503548,9.49E-06,0.01511955,0,0,0.12679909,0,0.650835988,,0,,,0,0,0,0,0,0,0,0
20,449,20449,0.001293926,2.97E-05,0,0.00165617,0.004212069,31.93841286,1.42E-05,0.022652692,0.21699935,0,0.189975284,0,2.106082675,,0,,,0,0,0,0,0,0,0,2.161706532
20,450,20450,0.000133198,3.06E-06,0,0.001071639,0.017586839,135.8109301,5.93E-05,0.09458279,0,0,0.793212221,0,1.156787463,,0,,,0,0,0,0,0,0,0,0
20,451,20451,0.00011417,2.62E-06,0,0.000487109,0.001075302,9.519646197,3.63E-06,0.005783019,0,0,0.048498897,0,1.17257482,,0,,,0,0,0,0,0,0,0,0.478762923
20,452,20452,0.003425098,7.87E-05,0,0.002435543,0.005138809,37.14638486,1.73E-05,0.027636741,0.578664932,0,0.231773676,0,1.955129758,,0,,,0,0,0,0,0.2497,0.0236,0,1.176237674
20,453,20453,0.000780161,1.79E-05,0,0.003604604,0.005935381,40.90523595,2.00E-05,0.03192074,0,0,0.267701148,0,2.412858215,,0,2.90572683,,0,0,0,0,0,0,0.017819705,0.755448602
20,454,20454,0.000266396,6.12E-06,0,0.000487109,0.004927994,41.7732757,1.66E-05,0.026502965,0,0,0.222265339,0,0.786819304,,0,,,0,0,0,0,0,0,0,0.001167931
20,455,20455,0.001274897,2.93E-05,0,0.00058453,0.003200437,27.60061914,1.08E-05,0.017212089,0.072333117,0,0.144348033,0,0.58155842,,0,,,0,0,0,0,0,0,0,0.252739802
20,456,20456,0.004110117,9.44E-05,0,0.000779374,0.002246814,12.6320071,7.58E-06,0.012083465,0,0,0.101337169,0,0.179138241,,0,,,0,0,0,0,0,0,0,0.106866724
20,457,20457,7.61E-05,1.75E-06,0,0,0.004380439,40.82542173,1.48E-05,0.023558191,0,0,0.19756919,0,1.517164683,,0,,,0,0,0,0,0,0,0,0.001940924
20,458,20458,5.71E-05,1.31E-06,0,9.74E-05,0.001840746,17.17340994,6.21E-06,0.009899615,0.003176337,0,0.083022454,0,0.28717993,,0,,,0,0,0,0,0,0,0,0.000513139
20,459,20459,0.002435625,5.59E-05,0,0.007209209,0.006023103,31.30845004,2.03E-05,0.032392513,0.075509453,0,0.271657637,0,1.265075958,,0,,,0,0,0,0,0,0,0.000511701,0.957125097
20,460,20460,0.00022834,5.24E-06,0,0.001266483,0.007255455,56.88952085,2.45E-05,0.039020157,0.144666233,0,0.327239925,0,1.64979144,,0,1.09240245,,0,0,0,0,0,0,0,3.469927695
20,461,20461,7.61E-05,1.75E-06,0,0.000389687,0.000727243,4.954462909,2.45E-06,0.003911147,0.29568514,0,0.03280057,0,0.402278668,,0,,,0,0,0,0,0,0,0,0.197169106
20,462,20462,0.000951416,2.19E-05,0,0.00282523,0.005372263,26.33595774,1.81E-05,0.028892265,0.654174386,0,0.242303041,0,1.112128995,,0,,,0,0,0,0,0,0,0,0.486243594
20,463,20463,9.51E-05,2.19E-06,0,0,0.000807891,7.245182853,2.73E-06,0.004344873,0.14784257,0,0.036437987,0,1.156386027,,0,,,0,0,0,0,0.5743,0.0543,0,0.4354819
20,464,20464,0.00034251,7.87E-06,0,0,0.000561704,3.992976851,1.90E-06,0.003020866,0.237363121,0,0.025334292,0,1.481435858,,0,,,0,0,0,0,0,0,0,0.282128151
20,465,20465,5.71E-05,1.31E-06,0,0.000974217,0.002276526,16.58807049,7.68E-06,0.012243259,0,0,0.10267727,0,0.598364885,,0,,,0,0,0,0,0,0,0,0.001071307
20,466,20466,1.90E-05,4.37E-07,0,9.74E-05,0.017480724,121.9006216,5.90E-05,0.094012097,0.003176337,0,0.788426146,0,3.041023121,,0,3.63765879,,0,0,0,0,0,0,0,0.638188658
20,467,20467,0.002549795,5.86E-05,0,0.016756539,0.023587305,179.0968702,7.96E-05,0.126853555,3.97832141,0,1.063848829,0,8.543568067,,0,,,0,0,0,0,0,0,0,3.425487312
20,468,20468,0.000152227,3.50E-06,0,0.000487109,0.018097607,198.7337506,6.11E-05,0.097329724,1.518995447,0,0.816249197,0,3.564540877,,0,,,0,0,0,0,0,0,0,7.487694352
20,469,20469,0.003158701,7.25E-05,0,0.031272378,0.05208421,361.876143,0.000175755,0.280111156,0.399216789,0,2.349133411,0,3.96583642,,0,32.0374548,,0,0,0,0,0,0,0,0.958594514
20,470,20470,7.61E-05,1.75E-06,0,0.001461326,0.005832096,45.50047011,1.97E-05,0.031365266,0,0,0.263042701,0,3.259816394,,0,20.5195416,,0,0,0,0,0,0,0,5.722678103
20,471,20471,0.000190283,4.37E-06,0,0.000292265,0.000564533,4.318640572,1.90E-06,0.003036085,0,0,0.025461921,0,0.068419288,,0,,,0,0,0,0,0,0,0,0.000145405
20,472,20472,0.000304453,6.99E-06,0,0.003799448,0.003889479,18.63059179,1.31E-05,0.020917787,0.003176337,0,0.175425615,0,2.057912073,,0,,,0,0,0,0,0,0,0,1.388317576
20,473,20473,0.00022834,5.24E-06,0,0,0.001747365,16.43605549,5.90E-06,0.009397405,0.017187435,0,0.078810707,0,0.250470516,,0,,,0,0,0,0,0,0,0,0.000257039
20,474,20474,0.000304453,6.99E-06,0,0.000681952,0.004125762,27.51799617,1.39E-05,0.022188529,1.160506202,0,0.18608261,0,0.793101957,,0,,,0,0,0,0,0,0,0,0.369953737
20,475,20475,0.006755054,0.000155147,0,0.0067221,0.012440956,82.75936752,4.20E-05,0.066908003,2.09766038,0,0.561119474,0,1.365406712,,0,0.44040732,,0,0,0,0,0,0,0,1.968897408
20,476,20476,0.000209312,4.81E-06,0,0.000292265,0.000349473,2.562504129,1.18E-06,0.001879481,0,0,0.015762141,0,0.101437759,,0,,,0,0,0,0,0,0,0,0.071066371
20,477,20477,0,0,0,0.000292265,0.002041658,14.80617117,6.89E-06,0.010980126,0,0,0.09208409,0,1.197074366,,0,4.05717075,,0,0,0,0,0,0,0,0
20,478,20478,9.51E-05,2.19E-06,0,0,0.002647223,24.52418657,8.93E-06,0.014236879,0.07868579,0,0.119396626,0,1.151029191,,0,0.4473,,0,0,0,0,0,0,0,0.082333919
20,479,20479,3.81E-05,8.74E-07,0,0,0.000263166,2.837065644,8.88E-07,0.001415318,0,0,0.011869467,0,0.31797623,,0,,,0,0,0,0,0,0,0,0.105798057
20,480,20480,0,0,0,0,0.001180002,11.29842114,3.98E-06,0.006346102,0,0,0.053221158,0,0.924507315,,0,,,0,0,0,0,0,0,0,0.20518411
20,481,20481,0.000190283,4.37E-06,0,0.000974217,0.002925952,23.14855009,9.87E-06,0.015735898,0,0,0.131968051,0,1.327650528,,0,1.74926592,,0,0,0,0,0,0,0,1.34919239
20,482,20482,0.010123067,0.000232501,0,0.0649803,0.061344536,286.4232123,0.000207004,0.329913599,6.07598179,0,2.766798253,0,10.57260305,,0,,,0,0,0,0,0,0,0,3.319430215
20,483,20483,0.000989473,2.27E-05,0,0.004871087,0.012426807,47.25881537,4.19E-05,0.06683191,0.52351925,0,0.560481331,0,1.141688121,,0,3.4120683,,0,0,0,0,0.7199,0.0681,0,1.900547083
20,484,20484,0.00022834,5.24E-06,0,0.002435543,0.005285956,33.07781197,1.78E-05,0.028428102,0,0,0.238410367,0,1.274313864,,0,,,0,0,0,0,0,0,0,0.607270159
20,485,20485,0,0,0,0.000974217,0.003845618,34.27941826,1.30E-05,0.020681901,0.075509453,0,0.173447371,0,0.857113516,,0,,,0,0,0,0,0,0,0,0.311433111
20,486,20486,0.000437651,1.01E-05,0,0.002630387,0.003033482,22.83360175,1.02E-05,0.0163142,1.015839968,0,0.136817941,0,4.784954093,,0,,,0,0,0,0,0,0,0,0.743792399
20,487,20487,0.000608906,1.40E-05,0,0.000389687,0.002634489,19.17360068,8.89E-06,0.014168395,0,0,0.118822297,0,0.76337463,,0,,,0,0,0,0,0,0,0,1.086464114
20,488,20488,0.000152227,3.50E-06,0,0,0.000158465,1.422783008,5.35E-07,0.000852234,0,0,0.007147206,0,0.325725948,,0,,,0,0,0,0,0,0,0,0.061448366
20,489,20489,3.81E-05,8.74E-07,0,0.000292265,0.006468788,57.19652804,2.18E-05,0.034789422,0.003176337,0,0.291759153,0,1.26883766,,0,,,0,0,0,0,0,0,0,0.378445689
20,490,20490,3.81E-05,8.74E-07,0,0.000194843,0.004135666,34.72091947,1.40E-05,0.022241794,0,0,0.18652931,0,0.685941379,,0,,,0,0,0,0,0,0,0,0.049645211
20,491,20491,0.000437651,1.01E-05,0,0.000487109,0.006082528,55.62623621,2.05E-05,0.032712101,0.034374869,0,0.274337839,0,1.095370223,,0,3.40862196,,0,0,0,0,0,0,0,0
20,492,20492,9.51E-05,2.19E-06,0,0,0.004579936,39.38549861,1.55E-05,0.024631093,0.14784257,0,0.206567012,0,1.803024204,,0,1.491,,0,0,0,0,0,0,0,0.817530439
20,493,20493,0.000152227,3.50E-06,0,0,0.000648011,1.378327801,2.19E-06,0.00348503,1.03620374,0,0.029226967,0,2.091491984,,0,,,0,0,0,0,0,0,0,0.68929037
20,494,20494,0,0,0,9.74E-05,0.006282025,60.07896429,2.12E-05,0.033785003,0,0,0.283335661,0,1.358093887,,0,,,0,0,0,0,0,0,0,2.297387027
20,495,20495,0.000171255,3.93E-06,0,0.001753591,0.003923436,33.63226132,1.32E-05,0.021100408,0,0,0.176957159,0,0.534026798,,0,11.8631715,,0,0,0,0,0,0,0,0
20,496,20496,0.000171255,3.93E-06,0,0.000487109,0.002340196,13.93406541,7.90E-06,0.012585675,0.037551206,0,0.105548915,0,0.514514577,,0,,,0,0,0,0,0,0,0,0.000336777
20,497,20497,3.81E-05,8.74E-07,0,0.000389687,0.005663726,45.76583609,1.91E-05,0.030459767,0,0,0.255448795,0,0.727457179,,0,,,0,0,0,0,0,0,0,0.245528179
20,498,20498,0.000133198,3.06E-06,0,9.74E-05,0.00748042,61.81667999,2.52E-05,0.040230025,2.09766038,0,0.337386405,0,4.803416268,,0,170.3712422,,0,0,0,0,0,0,0,17.61091552
20,499,20499,0.001408096,3.23E-05,0,0.003507183,0.002901899,13.31272399,9.79E-06,0.015606541,0.144666233,0,0.130883207,0,0.5050904,,0,,,0,0,0,0,0,0,0,0.160300086
20,500,20500,0.000742105,1.70E-05,0,0.004676243,0.010223854,88.28620507,3.45E-05,0.054984332,0.017187435,0,0.461122406,0,2.372360698,,0,,,0,0,0,0,0,0,0,0.799897429
20,501,20501,0.000209312,4.81E-06,0,0.000292265,0.000963527,7.24516739,3.25E-06,0.005181889,0,0,0.043457564,0,0.191111632,,0,,,0,0,0,0,0,0,0,0.114881728
20,502,20502,0.000437651,1.01E-05,0,0.000681952,0.007081426,55.50759614,2.39E-05,0.038084221,0,0,0.319390762,0,1.485830646,,0,,,0,0,0,0,0,0,0,0.002909979
20,503,20503,0.00045668,1.05E-05,0,9.74E-05,0.000602735,4.427088808,2.03E-06,0.003241534,0,0,0.027184908,0,0.052000962,,0,,,0,0,0,0,0,0,0,4.78E-05
20,504,20504,0.000418623,9.61E-06,0,0.000389687,0.001973744,16.24534466,6.66E-06,0.010614883,0.092696888,0,0.089021002,0,0.374354509,,0,15.33847065,,0,0,0,0,0,0,0,0.000250472
20,505,20505,0.001712549,3.93E-05,0,0.005455617,0.01058606,24.98617507,3.57E-05,0.056932296,4.846318809,0,0.477458877,0,15.74382449,,0,,,0,0,0,0,0,0,0,4.44729906
20,506,20506,0.003310928,7.60E-05,0,0.000876796,0.001024366,8.339500773,3.46E-06,0.005509086,0,0,0.046201581,0,0.499442,,0,,,0,0,0,0,0,0,0,0.638616465
20,507,20507,0.000418623,9.61E-06,0,0.001363904,0.004088975,30.96021535,1.38E-05,0.021990689,0.361665583,0,0.184423437,0,0.94153798,,0,,,0,0,0,0,0,0,0,0.313833011
20,508,20508,0.000266396,6.12E-06,0,0.001558748,0.001938372,8.804698579,6.54E-06,0.010424652,0.092696888,0,0.087425643,0,2.606078428,,0,,,0,0,0,0,0,0,0,1.83593981
20,509,20509,0.00034251,7.87E-06,0,0.002143278,0.012714026,114.4038225,4.29E-05,0.068376585,0.21699935,0,0.573435641,0,4.878213822,,0,,,0,0,0,0,0,0,0,0.915653961
20,510,20510,9.51E-05,2.19E-06,0,0.000487109,0.002825496,22.33519798,9.53E-06,0.015195642,0,0,0.127437233,0,0.176580191,,0,,,0,0,0,0,0,0,0,0.096981552
20,511,20511,7.61E-05,1.75E-06,0,0.000389687,0.004660583,42.39100711,1.57E-05,0.02506482,0,0,0.210204429,0,1.824238582,,0,,,0,0,0,0,0,0,0,0.909435821
20,512,20512,0.000152227,3.50E-06,0,0.000292265,0.001320074,12.39691526,4.45E-06,0.007099416,0,0,0.059538777,0,0.297450567,,0,,,0,0,0,0,0,0,0,0
20,513,20513,0.001008501,2.32E-05,0,0.003409761,0.011202944,69.76340814,3.78E-05,0.060249922,0.072333117,0,0.505281928,0,0.685311981,,0,38.52351719,,0,0,0,0,0,0,0,5.806693353
20,514,20514,0,0,0,0,0.001194151,9.912100481,4.03E-06,0.006422194,0,0,0.053859301,0,0.244358564,,0,,,0,0,0,0,0,0,0,0.000361168
20,515,20515,0.016516582,0.000379344,0,0.085828552,0.085151146,283.887431,0.000287338,0.457946585,1.531700795,0,3.840538304,0,11.73454953,,0,26.493366,,0,0,0,0,0.903,0.0854,0.066823894,7.489064304
20,516,20516,0.000190283,4.37E-06,0,0.002045857,0.005338306,44.89019273,1.80E-05,0.028709643,0.003176337,0,0.240771497,0,1.048278345,,0,,,0,0,0,0,0,0,0,0
20,517,20517,0.000209312,4.81E-06,0,0.001169061,0.005230776,41.48375537,1.77E-05,0.028131342,0,0,0.235921608,0,0.774140077,,0,,,0,0,0,0,0,0,0,0.000779559
20,518,20518,9.51E-05,2.19E-06,0,0,0.000205156,1.315501199,6.92E-07,0.001103339,0.072333117,0,0.009253079,0,0.137298265,,0,,,0,0,0,0,0,0,0,0.160300086
20,519,20519,0.001541294,3.54E-05,0,0.000876796,0.002702402,13.07155796,9.12E-06,0.014533639,0,0,0.121885386,0,0.390420328,,0.000517741,,,0,0,0,0,0,0,0,0.299925305
20,520,20520,0.001636436,3.76E-05,0,0.004968509,0.008878312,33.10318085,3.00E-05,0.047747949,0.867997399,0,0.400434971,0,1.608353412,,0,,,0,0,0,0,0,0,1.321108394,1.054507399
20,521,20521,0,0,0,0,0.000404653,4.419260958,1.37E-06,0.002176241,0,0,0.018250901,0,0.285184437,,0,,,0,0,0,0,0,0,0,0.091638216
20,522,20522,0.001617407,3.71E-05,0,0.000389687,0.001274798,11.40415795,4.30E-06,0.006855921,0,0,0.057496719,0,0.170687922,,0,,,0,0,0,0,0,0,0,0.000175424
20,523,20523,0.000285425,6.56E-06,0,0.000779374,0.002013361,11.41669395,6.79E-06,0.010827941,1.229662981,0,0.090807803,0,3.159934836,,0,,,0,0,0,0,0,0,0,0.96981552
20,524,20524,0.002283398,5.24E-05,0,0,0.000567363,4.431617857,1.91E-06,0.003051303,0,0,0.02558955,0,0.303750504,,0,,,0,0,0,0,0,0,0,0.224152954
20,525,20525,0.002987446,6.86E-05,0,0.017146226,0.015656956,85.8529602,5.28E-05,0.084203794,1.591328564,0,0.706169464,0,8.834804697,,0,,,0,0,0,0,0.2705,0.0256,0,9.123918433
20,526,20526,0.002454653,5.64E-05,0,0.009157643,0.021040538,187.7387663,7.10E-05,0.113156933,0,0,0.94898302,0,3.119796631,,0,,,0,0,0,0,0,0,0,1.656853689
20,527,20527,0.000970444,2.23E-05,0,9.74E-05,0.003936169,36.03947816,1.33E-05,0.021168892,0,0,0.177531488,0,0.290144227,,0,14.8410732,,0,0,0,0,0,0,0,0.018180798
20,528,20528,0.000437651,1.01E-05,0,0.000292265,0.001488444,10.73407627,5.02E-06,0.008004915,0.072333117,0,0.067132684,0,0.568951962,,0,,,0,0,0,0,0,0,0,0.193695937
20,529,20529,0,0,0,0,0.001869044,16.29766151,6.31E-06,0.010051799,0,0,0.084298741,0,0.228549978,,0,,,0,0,0,0,0,0,0,0.085493379
20,530,20530,0.00475708,0.000109258,0,0.000681952,0.003910702,29.33292743,1.32E-05,0.021031925,0.361665583,0,0.17638283,0,2.931585274,,0,4.61865366,,0,0,0,0,0,0,0,1.860761074
20,531,20531,0.003387041,7.78E-05,0,0.00165617,0.002553841,17.38923037,8.62E-06,0.013734669,0.075509453,0,0.11518488,0,1.528956126,,0,,,0,0,0,0,0,0,0,1.422094812
20,532,20532,0,0,0,0.001461326,0.005317083,49.33416867,1.79E-05,0.028595505,0.072333117,0,0.239814282,0,1.789227537,,0,,,0,0,0,0,0,0,0,0.749670069
20,533,20533,9.51E-05,2.19E-06,0,0.000779374,0.002784465,18.74903511,9.40E-06,0.014974974,0.144666233,0,0.125586617,0,0.312415245,,0,,,0,0,0,0,0,0,0,0
20,534,20534,0.000894331,2.05E-05,0,0.000779374,0.004620967,37.0870926,1.56E-05,0.024851761,0,0,0.208417628,0,1.717991415,,0,,,0,0,0,0,0,0,0,1.985219873
20,535,20535,0.000361538,8.30E-06,0,0.00165617,0.004397417,42.95716059,1.48E-05,0.023649502,0.020363771,0,0.198334963,0,1.083465824,,0,,,0,0,0,0,0,0,0,0
20,536,20536,0.000361538,8.30E-06,0,0,0.000639521,6.00879729,2.16E-06,0.003439374,0,0,0.028844081,0,0.338379025,,0,,,0,0,0,0,0,0,0,0.250068134
20,537,20537,0.001065586,2.45E-05,0,0.003604604,0.00879342,64.98969166,2.97E-05,0.047291395,0.220175686,0,0.396606111,0,2.299062534,,0,,,0,0,0,0,0,0,0,1.095116754
20,538,20538,0.000532793,1.22E-05,0,9.74E-05,0.000983335,9.2745661,3.32E-06,0.005288418,0.072333117,0,0.044350965,0,0.69880411,,0,,,0,0,0,0,0,0,0,0
20,539,20539,0.001217813,2.80E-05,0,0.003117496,0.005987732,4.355630376,2.02E-05,0.032202282,0.003176337,0,0.270062278,0,1.581091361,,0,,,0,0,0,0,0,0,0,1.74038289
20,540,20540,0.005118618,0.000117562,0,0.016366852,0.009823445,34.78029431,3.31E-05,0.052830918,1.084996748,0,0.443062949,0,1.896884446,,0,,,0,0,0,0,0,0,0,0.916782908
20,541,20541,0.000285425,6.56E-06,0,0.000389687,0.002137869,16.64539772,7.21E-06,0.011497554,0,0,0.096423465,0,0.103392534,,0,,,0,0,0,0,0,0,0,0.000324582
20,542,20542,0.000190283,4.37E-06,0,0.000292265,0.000936644,7.905538265,3.16E-06,0.005037314,0,0,0.042245092,0,0.782335782,,0,,,0,0,0,0,0,0,0,0.422343796
20,543,20543,0.000133198,3.06E-06,0,0.000779374,0.007552578,66.53625903,2.55E-05,0.040618096,0,0,0.340640936,0,1.956141295,,0,10.4709312,,0,0,0,0,0,0,0,1.584302881
20,544,20544,0.000171255,3.93E-06,0,0.001363904,0.001552113,8.347252918,5.24E-06,0.008347331,0.017187435,0,0.070004329,0,0.264989039,,0,0.51668049,,0,0,0,0,0,0,0,0.00023171
20,545,20545,0.001978945,4.55E-05,0,0.017146226,0.013384674,41.53921009,4.52E-05,0.071983362,0.072333117,0,0.603683637,0,0.68905052,7.394114065,0,,,0,0,0,0,0.0874,0.0083,0,0.049645211
20,546,20546,0.023804429,0.000546728,0,0.004189135,0.007682746,20.36399052,2.59E-05,0.041318146,0.144666233,0,0.346511855,0,0.975255885,,0,0.554817075,,0,0,0,0,0,0,0,0.591689376
20,547,20547,0.000475708,1.09E-05,0,0.000292265,0.001308755,9.399999621,4.42E-06,0.007038542,0.723331165,0,0.059028263,0,0.919167449,,0,,,0,0,0,0,0,0,0,0.431207231
20,548,20548,0.000627935,1.44E-05,0,0.001266483,0.001989308,15.48525507,6.71E-06,0.010698584,0.144666233,0,0.089722959,0,3.953123482,,0,,,0,0,0,0,0,0,0,0.568530972
20,549,20549,0.002321455,5.33E-05,0,0.006040148,0.014796715,117.827951,4.99E-05,0.079577379,1.012663632,0,0.667370347,0,6.199262106,,0,,,0,0,0,0,0,0,0,3.184094041
20,550,20550,0.003672466,8.43E-05,0,0.001851013,0.006368332,21.17754917,2.15E-05,0.034249166,0.36484192,0,0.287228335,0,0.830000584,,0,,,0,0,0,0,0,0,0,0.962005314
20,551,20551,0.011797559,0.00027096,0,0.037702213,0.023648144,53.25006728,7.98E-05,0.127180752,2.24550295,0,1.066592845,0,4.090614085,,0,,,0,0,0,0,0.1789,0.0169,0.01180633,4.813087031
20,552,20552,0.00045668,1.05E-05,0,9.74E-05,0.000655085,5.867391902,2.21E-06,0.003523076,0.072333117,0,0.029546038,0,1.470211892,,0,,,0,0,0,0,0,0,0,0.228160456
20,553,20553,0.014537637,0.000333893,0,0.020263722,0.012930501,57.54156267,4.36E-05,0.069540798,0.234186784,0,0.583199235,0,1.189873879,,0.00164376,0.554817075,,0,0,0,0,0.129,0.0122,0,1.097685809
20,554,20554,0.00022834,5.24E-06,0,0.002630387,0.006499915,51.06907564,2.19E-05,0.034956825,0,0,0.293163069,0,1.488795194,,0,1.4565366,,0,0,0,0,0,0,0,0.001836795
20,555,20555,3.81E-05,8.74E-07,0,0.000194843,0.004028136,31.62602905,1.36E-05,0.021663492,0.867997399,0,0.18167942,0,1.25297431,,0,,,0,0,0,0,0,0,0,1.433316507
20,556,20556,0,0,0,0,0.000312686,2.353048794,1.06E-06,0.001681641,0.072333117,0,0.014102969,0,0.345111742,,0,,,0,0,0,0,0,0,0,0.126102734
20,557,20557,0.003501211,8.04E-05,0,0.011106078,0.019403533,35.3477067,6.55E-05,0.104353048,0.650998049,0,0.875149831,0,5.666046103,,0,,,0,0,0,0,0,0,0.007284757,2.305598831
20,558,20558,0.000133198,3.06E-06,0,0.000487109,0.002171826,17.67467312,7.33E-06,0.011680176,0,0,0.097955009,0,0.219446569,,0,1.79692038,,0,0,0,0,0,0,0,0.018486873
20,559,20559,0.002416597,5.55E-05,0,0.017730756,0.028811006,278.1572036,9.72E-05,0.154946851,0.22652836,0,1.299451365,0,5.255942701,,0,,,0,0,0,0,0,0,0,9.686635658
20,560,20560,0.000875303,2.01E-05,0,0.002338122,0.007845456,61.34108467,2.65E-05,0.042193208,0.095873225,0,0.353850504,0,0.922056845,,0,80.59165314,,0,0,0,0,0,0,0,1.100746271
20,561,20561,0.003824692,8.78E-05,0,0.00165617,0.003603675,29.40253463,1.22E-05,0.019380721,0.003176337,0,0.162535119,0,1.843424729,,0,,,0,0,0,0,0,0,0,1.972978024
20,562,20562,0.000627935,1.44E-05,0,0,0.001668132,14.85360325,5.63E-06,0.008971288,0.075509453,0,0.075237105,0,0.550304491,,0,,,0,0,0,0,0,0,0,0.207321445
20,563,20563,0.000589878,1.35E-05,0,0,0.00158324,12.65585215,5.34E-06,0.008514734,0.072333117,0,0.071408244,0,0.541320997,,0,,,0,0,0,0,0,0,0,0.711047406
20,564,20564,0.004661939,0.000107073,0,0.000779374,0.001669547,0,5.63E-06,0.008978897,0.003176337,0,0.075300919,0,1.214261605,,0,,,0,0,0,0,0,0,0,0.632116672
20,565,20565,0.013605249,0.000312478,0,0.035753778,0.044800457,90.30166372,0.000151176,0.240938815,0.940330515,0,2.020617198,0,3.491811301,,0,1.1755683,,0,0,0,0,0.2788,0.0264,0,1.776088283
20,566,20566,0.000152227,3.50E-06,0,0.000681952,0.004817634,43.11318155,1.63E-05,0.025909445,0.003176337,0,0.217287821,0,3.177110953,,0,10.02117075,,0,0,0,0,0,0,0,0
20,567,20567,0.000247368,5.68E-06,0,0.001169061,0.004178112,27.55847839,1.41E-05,0.022470071,0.361665583,0,0.18844374,0,2.030561088,,0,4.473,,0,0,0,0,0,0,0,0.523379781
20,568,20568,0.004148174,9.53E-05,0,0.000292265,0.001840746,11.01146016,6.21E-06,0.009899615,0.144666233,0,0.083022454,0,0.45669265,,0,6.37110045,,0,0,0,0,0,0,0,0.178467429
20,569,20569,9.51E-05,2.19E-06,0,0.000974217,0.002251059,19.8017041,7.60E-06,0.012106293,0,0,0.101528612,0,1.28644126,,0,,,0,0,0,0,0,0,0,0.641467511
20,570,20570,0.006165176,0.000141599,0,0.029616209,0.02636328,121.737481,8.90E-05,0.141782874,2.624355967,0,1.18905256,0,8.730796209,,0,,,0,0,0,0,0,0,0,2.89315702
21,1,21001,0.026867989,0.00061709,0.000731479,0.023186374,1.254303294,265.932754,0.000261465,0.416712141,5.280317508,0,3.494728406,0.034651797,12.26850688,,0.00259423,0.48285183,,0,0,0,0,1.6241,0.1536,0,7.181996962
21,2,21002,0.001465181,3.37E-05,0.000153672,0.004871087,0.187742387,107.8262716,3.91E-05,0.062372899,1.012663632,0,0.523086129,0.3093826,3.640946343,,0.000549742,,,0,0,0,0,0,0,0,0
21,3,21003,0.009209707,0.000211524,0.001542866,0.048905713,0.719453931,161.0592316,0.000149973,0.239021287,1.735994797,0,2.004535985,0.069540126,5.92028132,,0.00203996,,,0,0,0,0,0,0,0.018960423,5.322081872
21,4,21004,0.010865171,0.000249546,0.001177127,0.037312526,1.131332832,217.0268654,0.000235831,0.375858159,4.773985692,0,3.152109226,0.135532286,8.440259911,,0.002228534,,,0,0,0,0,0,0,0,0
21,5,21005,0.020816983,0.000478114,2.46E-05,0.000779374,0.064153523,38.09260174,1.34E-05,0.021313467,1.88066103,0,0.178743961,0.042102525,6.629696241,,0.000182182,,,0,0,0,0,0,0,0,1.234266901
21,6,21006,0.000742105,1.70E-05,8.91E-05,0.00282523,0.331944665,161.0864496,6.92E-05,0.110280642,0,0,0.924861201,0.121931751,1.093602894,,0.000730859,,,0,0,0,0,0,0,0,0
21,7,21007,0.00034251,7.87E-06,6.15E-06,0.000194843,0.074345711,43.21804066,1.55E-05,0.024699577,0.506331816,0,0.207141341,0.121576955,1.632782984,,0.000193901,,,0,0,0,0,0,0,0,0.355397788
21,8,21008,0.000799189,1.84E-05,0.000138305,0.004383978,0.23093894,71.54850815,4.81E-05,0.076723916,2.114847814,0,0.64343997,0.094730682,3.248341586,,0.000569985,0.07282683,,0,0,0,0,0.1682,0.0159,9.418329651,1.110618087
21,9,21009,0.000209312,4.81E-06,1.54E-05,0.000487109,0.043082034,16.86572666,8.98E-06,0.014312971,0.220175686,0,0.12003477,0.05676745,1.667826275,,0.000137702,,,0,0,0,0,0,0,0,0.288020291
21,10,21010,0.098737956,0.002267763,0.000918958,0.0291291,1.357210034,597.7995188,0.000282916,0.450900434,0.940330515,0,3.781446227,0.202234039,8.300764676,12.85167445,0.002622729,0.74008365,,0,0,0,0,0,0,0,0.429438994
21,11,21011,0.000209312,4.81E-06,2.46E-05,0.000779374,0.037837065,9.747988455,7.89E-06,0.012570456,0.144666233,0,0.105421286,0.048252332,0.887171259,,0.000110268,,,0,0,0,0,0,0,0,0.362801908
21,12,21012,0.000704048,1.62E-05,9.22E-05,0.002922652,0.13268167,23.10629696,2.77E-05,0.044080298,7.016312305,0,0.36967646,0.054283874,6.01369048,,0.000360902,0.7455,,0,0,0,0,0,0,0,3.859768058
21,13,21013,0.023366778,0.000536676,0.000814461,0.025816761,0.41712387,65.20129093,8.70E-05,0.138579386,2.603992196,0,1.162186724,0.012772676,3.534571736,0.176050335,0.00090292,,,0,0,0,0,0.647,0.0612,0.007723323,0.666370852
21,14,21014,0.000875303,2.01E-05,3.38E-05,0.001071639,0.120817506,56.4810972,2.52E-05,0.040138714,0,0,0.336620633,0.109395606,0.399584165,,0.000300174,0.839433,,0,0,0,0,0,0,0,0
21,15,21015,0.052213712,0.001199218,0.001887092,0.059816948,2.001173065,61.0552889,0.000417153,0.664841683,3.254990245,0,5.575650154,0.024954025,6.351065046,,0.004285807,2.289305426,,0,0,0,0,1.1453,0.1083,0.353120186,3.850142701
21,16,21016,0.000989473,2.27E-05,3.69E-05,0.001169061,0.172373943,83.93434991,3.59E-05,0.057267102,1.88066103,0,0.480266708,0.127017168,5.041233947,,0.000452525,,,0,0,0,0,0,0,0.000749837,0.042943899
21,17,21017,0.00816315,0.000187487,0.000387253,0.012275139,0.567533075,263.3811567,0.000118305,0.188549232,0.072333117,0,1.581255481,0.010643897,0.848477244,,0.001161278,0.016401,,0,0,0,0,0.1812,0.0171,0.029444572,0
21,18,21018,0.000209312,4.81E-06,3.07E-05,0.000974217,0.084492091,30.53327067,1.76E-05,0.028070468,0.437175036,0,0.235411093,0.03063077,3.062937601,,0.000224798,,,0,0,0,0,0,0,0,0.092551507
21,19,21019,0.044393072,0.001019597,0.006171466,0.195622852,2.758372446,229.6688955,0.000574995,0.916402989,18.59278729,0,7.685352169,0.073797684,12.2317525,,0.007565883,1.664302955,,0,0,0,0,1.9541,0.1849,0.000951871,6.219461286
21,20,21020,0.007459102,0.000171317,9.22E-05,0.002922652,0.148164634,30.57431464,3.09E-05,0.049224141,2.893324662,0,0.412814953,0.118383786,1.937062119,,0.000324412,,,0,0,0,0,0,0,0,0.81297244
21,21,21021,0.000190283,4.37E-06,6.15E-06,0.000194843,0.027095187,8.092071174,5.65E-06,0.009001725,0.506331816,0,0.075492362,0.017858094,0.729779426,18.43467069,8.26E-05,,,0,0,0,0,0,0,0,0.342070371
21,22,21022,0.002397568,5.51E-05,7.68E-05,0.002435543,0.240283687,114.8947168,5.01E-05,0.079828484,3.764498397,0,0.66947622,0.033350877,7.493414483,,0.00062725,,,0,0,0,0,0,0,0,2.493707811
21,23,21023,0.000723076,1.66E-05,7.68E-05,0.002435543,0.180023809,52.18098598,3.75E-05,0.059808586,2.820991545,0,0.501580697,0.05333775,4.715883393,,0.000387803,0.29130732,,0,0,0,0,0,0,0,3.126019708
21,24,21024,3.81E-05,8.74E-07,6.15E-06,0.000194843,0.019972107,5.127810036,4.16E-06,0.006635253,0.144666233,0,0.055646103,0.030275973,0.703632157,,7.16E-05,,,0,0,0,0,0,0,0,0.212498261
21,25,21025,0.001674492,3.85E-05,0.000178259,0.005650461,0.185154259,101.2647589,3.86E-05,0.061513055,0.361665583,0,0.515875108,0.351012063,2.056982371,,0.000464511,,,0,0,0,0,0,0,0.599869728,0
21,26,21026,0.001541294,3.54E-05,0.000169039,0.005358196,0.295184078,97.77203105,6.15E-05,0.09806782,2.531659079,0,0.822439188,0.035716187,3.840935342,,0.000766283,0.406072575,,0,0,0,0,0,0,0,2.221236174
21,27,21027,5.71E-05,1.31E-06,3.07E-06,9.74E-05,0.102311241,50.52434518,2.13E-05,0.033990452,0.072333117,0,0.285058648,0.221038257,3.855060465,,0.00030124,,,0,0,0,0,0,0,0,0.048126784
21,28,21028,7.61E-05,1.75E-06,3.07E-06,9.74E-05,0.052564204,26.80049739,1.10E-05,0.017463194,0,0,0.146453906,0.103127533,0.318656631,,0.000135305,,,0,0,0,0,0,0,0,0
21,29,21029,0.000837246,1.92E-05,3.69E-05,0.001169061,0.088271216,37.97213758,1.84E-05,0.029325991,0,0,0.245940459,0.038909356,0.802230475,,0.000215742,,,0,0,0,0,0,0,0,0
21,30,21030,0,0,0,0,0.015780713,7.215446478,3.29E-06,0.005242763,0.072333117,0,0.043968079,0.046360084,0.208775925,,4.66E-05,,,0,0,0,0,0,0,0,0
21,31,21031,0.001351011,3.10E-05,5.53E-05,0.001753591,0.069100742,30.32268705,1.44E-05,0.022957062,2.09766038,0,0.192527858,0.145348324,2.215276277,,0.000207219,,,0,0,0,0,0,0,0,1.338665001
21,32,21032,9.51E-05,2.19E-06,9.22E-06,0.000292265,0.029431373,13.52459287,6.14E-06,0.009777867,0.578664932,0,0.082001424,0.083022395,1.517370453,,9.14E-05,,,0,0,0,0,0,0,0,0.64045643
21,33,21033,0.014138042,0.000324715,1.54E-05,0.000487109,0.102265434,56.31176478,2.13E-05,0.033975234,1.301996098,0,0.284931019,0.02270698,4.168412059,,0.000248769,,,0,0,0,0,0,0,0,1.159485283
21,34,21034,0.072669157,0.001669028,0.000829829,0.026303869,0.716476438,142.3902781,0.000149353,0.238032087,2.603992196,0,1.996240121,0.029448114,2.692290685,,0.001500072,,,0,0,0,0,0,0,0,1.851030145
21,35,21035,0.009419019,0.000216331,0.000328858,0.010424126,0.474314639,124.1652077,9.89E-05,0.157579646,0.220175686,0,1.321531126,0.029093318,5.393902868,57.92056017,0.001110405,,,0,0,0,0,1.2941,0.1224,0,0
21,36,21036,0.000532793,1.22E-05,8.91E-05,0.00282523,0.3007497,159.9206276,6.27E-05,0.099916864,0,0,0.837946072,0.023180042,3.440435647,,0.000695168,0.32904666,,0,0,0,0,0,0,0,0
21,37,21037,0.001065586,2.45E-05,1.54E-05,0.000487109,0.049426384,14.04815922,1.03E-05,0.016420729,0.578664932,0,0.137711341,0.030394239,3.664901537,,0.000167799,,,0,0,0,0,0,0,0,0.264327105
21,38,21038,0.004034004,9.27E-05,0.000273536,0.008670535,0.171824252,28.18334126,3.58E-05,0.05708448,0.940330515,0,0.478735164,0.019395545,1.90296596,,0.000363565,,,0,0,0,0,0.5565,0.0526,0,0.542722038
21,39,21039,0.000513765,1.18E-05,7.07E-05,0.0022407,0.194315776,92.33499575,4.05E-05,0.064556749,0.072333117,0,0.541400844,0.114362758,1.219612759,,0.000548144,,,0,0,0,0,0,0,0,0
21,40,21040,0.010922256,0.000250857,4.61E-05,0.001461326,0.186849139,67.56998643,3.89E-05,0.062076138,1.952994147,0,0.520597369,0.014310128,4.610787128,,0.000446666,,,0,0,0,0,0,0,0,2.517400997
21,41,21041,0.582133415,0.013370142,0.002034617,0.064493191,1.38430522,20.92135313,0.000288565,0.459902159,1.157329865,0,3.856938589,0.02850199,2.778479459,,0.003456133,,,0,0,0,0,0,0,0.484295883,2.073153762
21,42,21042,0.000285425,6.56E-06,3.07E-05,0.000974217,0.071070468,38.97183537,1.48E-05,0.023611456,0.506331816,0,0.198015891,0.034888328,4.20093221,,0.000216275,,,0,0,0,0,0,0,0,1.099511906
21,43,21043,0.011055454,0.000253916,0.001401488,0.044424313,1.080921585,463.5398968,0.000225323,0.359110233,0.072333117,0,3.011653868,0.054875201,3.609173372,,0.002419506,,,0,0,0,0,0,0,0.003899153,0
21,44,21044,0.000970444,2.23E-05,6.45E-05,0.002045857,0.335426042,120.7889637,6.99E-05,0.111437245,15.40695382,0,0.93456098,0.052036829,42.23226585,,0.000817156,2.005206186,,0,0,0,0,1.3006,0.123,0,5.877390916
21,45,21045,0.01314857,0.00030199,0.001290844,0.04091713,0.95618753,174.6893262,0.000199322,0.31767034,10.95667547,0,2.664120983,0.058423167,19.52551572,,0.002350788,9.95070183,,0,0,0,0,1.0935,0.1034,0.061750219,12.17163382
21,46,21046,0.015260713,0.0003505,0.000199774,0.006332413,0.154211235,34.03535312,3.21E-05,0.051232979,0.21699935,0,0.429661938,0.157766204,1.147234202,,0.000329206,,,0,0,0,0,0.9317,0.0881,0.100703131,0.018510301
21,47,21047,0.005784609,0.000132858,0.000977354,0.030980113,0.407183624,104.5639139,8.49E-05,0.135276978,1.536182882,0,1.134491301,0.20459935,13.69424673,5.721635883,0.001158614,0.01491,,0,0,0,0,0,0,0.220602093,5.366506596
21,48,21048,0.004795137,0.000110132,0.000165966,0.005260774,0.38421112,95.54324903,8.01E-05,0.127644916,1.88066103,0,1.07048552,0.044113039,1.98839996,,0.000927957,0.18896049,,0,0,0,0,0,0,0,1.40678291
21,49,21049,0.000475708,1.09E-05,3.69E-05,0.001169061,0.33432666,188.6876936,6.97E-05,0.111072002,0,0,0.931497892,0.068357471,1.016693498,,0.000740448,0.617132725,,0,0,0,0,0,0,0,0
21,50,21050,0.000190283,4.37E-06,1.54E-05,0.000487109,0.580863082,300.5399601,0.000121083,0.192977807,0.072333117,0,1.618395426,0.051918563,2.935726407,,0.001018781,,,0,0,0,0,0,0,0,2.406339188
21,51,21051,0.027324669,0.000627579,0.001462957,0.046372748,0.717713243,107.9794224,0.00014961,0.238442986,6.774060055,0,1.999686096,0.031340363,16.68640278,166.1453029,0.002190447,,,0,0,0,0,1.2747,0.1206,1.77186521,5.925517699
21,52,21052,0.008125093,0.000186613,3.38E-05,0.001071639,0.026637111,12.12218782,5.55E-06,0.00884954,0.144666233,0,0.074216075,0.005913276,0.129431344,,8.98E-05,,,0,0,0,0,0,0,0,0
21,53,21053,0.02469876,0.000567268,0.001376901,0.043644939,1.236552855,481.9637885,0.000257765,0.410814984,11.34147412,0,3.445272294,0.201879243,36.52091127,,0.003089371,16.11025298,,0,0,0,0,0,0,0.484044732,0.048867196
21,54,21054,0.027629122,0.000634571,0.000365739,0.011593187,0.668309762,219.8355846,0.000139312,0.222029866,0.440351373,0,1.862038569,0.01584758,5.358952882,,0.00132668,18.11205472,,0,0,0,0,0.2459,0.0233,0.095782932,0
21,55,21055,0.001978945,4.55E-05,3.69E-05,0.001169061,0.100753783,34.98604409,2.10E-05,0.033473024,0.943506852,0,0.280719273,0.03749017,1.979220583,,0.000303637,,,0,0,0,0,0,0,0,0.670813324
21,56,21056,9.51E-05,2.19E-06,1.54E-05,0.000487109,0.026224842,5.452636532,5.47E-06,0.008712574,0.21699935,0,0.073067417,0.03299608,1.33359019,,9.08E-05,,,0,0,0,0,0,0,0.015521629,0.118465929
21,57,21057,0.000247368,5.68E-06,2.46E-05,0.000779374,0.148393672,76.74644703,3.09E-05,0.049300233,0.578664932,0,0.413453096,0.068830533,2.865040172,,0.00040991,,,0,0,0,0,0,0,0.280139163,0.544202863
21,58,21058,0.001312954,3.02E-05,0.00020592,0.006527257,0.440371219,266.8791692,9.18E-05,0.14630276,0,0,1.226958277,0.053574281,5.17964605,,0.000798245,1.652125028,,0,0,0,0,0,0,0,4.933365542
21,59,21059,0.00045668,1.05E-05,3.07E-05,0.000974217,0.049288962,5.884083931,1.03E-05,0.016375074,0.072333117,0,0.137328455,0.021997387,1.424624171,,0.000152085,0.07282683,,0,0,0,0,0,0,0.000166577,0.25914422
21,60,21060,0.001122671,2.58E-05,0.000104497,0.003312339,0.130643233,54.04683801,2.72E-05,0.043403076,0.075509453,0,0.363996984,0.018094625,0.998724867,,0.000305768,,,0,0,0,0,0,0,0,0.592329646
21,61,21061,0.000627935,1.44E-05,4.30E-05,0.001363904,0.271547364,151.2977282,5.66E-05,0.090215089,0,0,0.756582791,0.038672825,4.261259525,,0.000611802,,,0,0,0,0,0,0,0,0
21,62,21062,0.000247368,5.68E-06,4.92E-05,0.001558748,0.092508418,26.2240922,1.93E-05,0.0307337,1.088173085,0,0.257746111,0.051800298,3.203193686,28.50783073,0.000275404,,,0,0,0,0,0,0,0,1.349030769
21,63,21063,0.00260688,5.99E-05,0.000362666,0.011495765,0.311468675,35.02440013,6.49E-05,0.103477986,2.676325312,0,0.867811182,0.054047343,6.075408713,,0.000831805,,,0,0,0,0,1.3394,0.1267,0,4.363248257
21,64,21064,0.002017002,4.63E-05,0.000221288,0.007014365,0.372530185,191.7289814,7.77E-05,0.123764206,1.229662981,0,1.037940208,0.36851536,3.66151773,,0.001035828,,,0,0,0,0,0,0,0,0.325781305
21,65,21065,0.002321455,5.33E-05,0.0001967,0.006234991,0.438401493,146.1746087,9.14E-05,0.145648366,2.314659729,0,1.221470244,0.056885715,7.231129774,,0.000932751,12.7310332,,0,0,0,0,0,0,0.00056319,0.417592401
21,66,21066,0.000799189,1.84E-05,0.00010757,0.003409761,0.137743408,49.36165425,2.87E-05,0.045761939,1.084996748,0,0.383779429,0.029684646,6.277328566,,0.000415503,,,0,0,0,0,0,0,0,4.617209593
21,67,21067,0.008277319,0.000190109,0.00038418,0.012177717,0.357596913,104.3887481,7.45E-05,0.118802985,4.267653876,0,0.996333259,0.049553253,11.23185946,,0.000844057,17.59889701,,0,0,0,0,0,0,0,1.697024437
21,68,21068,0.00057085,1.31E-05,4.61E-05,0.001461326,0.171732636,74.77072309,3.58E-05,0.057054043,0.072333117,0,0.478479906,0.064218177,0.431447523,,0.000440806,,,0,0,0,0,0,0,0,0
21,69,21069,0.002112144,4.85E-05,0.000184406,0.005845304,0.554386298,142.8008411,0.000115564,0.184181531,12.07963046,0,1.544626051,0.01478319,16.92654003,,0.001468643,0.780190245,,0,0,0,0,0.6276,0.0594,0.00038868,4.072266318
21,70,21070,0.00498542,0.000114503,1.84E-05,0.00058453,0.144889392,74.33681278,3.02E-05,0.04813602,0.723331165,0,0.403689502,0.024480963,3.330018019,,0.000406181,,,0,0,0,0,0,0,0.642610446,0.02517401
21,71,21071,0.016155044,0.000371041,0.003737302,0.118464834,2.200894135,452.3038622,0.000458786,0.731194211,0.382029354,0,6.132111182,0.947543346,2.400813484,,0.005466794,6.981547134,,0,0,0,0,0,0,0.169504352,0.022212362
21,72,21072,0.001579351,3.63E-05,0.000242802,0.007696317,0.36011633,240.9281219,7.51E-05,0.119640001,0,0,1.003352836,0.060670212,2.170741286,,0.000804371,,,0,0,0,0,0,0,0,0
21,73,21073,0.001522266,3.50E-05,0.00027661,0.008767956,0.181581267,69.25438454,3.79E-05,0.060326014,1.374329214,0,0.505920072,0.112233978,5.70621948,2.420692104,0.000501533,,,0,0,0,0,0,0,0,2.070192114
21,74,21074,0.131371526,0.003017274,0.001383048,0.043839782,1.469255387,137.0126683,0.000306273,0.488124811,8.318308403,0,4.093625968,0.11034173,4.994704937,,0.003196177,0.372457215,,0,2.21013,0.784,0,0.7829,0.0741,0.109766542,3.70206029
21,75,21075,0.004224287,9.70E-05,7.68E-05,0.002435543,0.274868414,119.2664787,5.73E-05,0.091318428,0,0,0.76583587,0.024599228,1.180742697,,0.000602746,,,0,0,0,0,0,0,0,0
21,76,21076,0.012330352,0.000283197,0.00027661,0.008767956,0.584000902,284.4523842,0.000121738,0.194020272,1.012663632,0,1.62713799,0.377030478,2.958082578,,0.001559734,,,0,0,0,0,0,0,0,0
21,77,21077,0.000475708,1.09E-05,9.22E-06,0.000292265,0.103204489,49.87037743,2.15E-05,0.034287213,0,0,0.287547407,0.035834453,1.67052699,,0.000255161,,,0,0,0,0,0,0,0,0
21,78,21078,0.000646963,1.49E-05,3.38E-05,0.001071639,0.292137874,137.9785625,6.09E-05,0.097055791,0,0,0.813951881,0.036544046,1.651650979,,0.000662674,,,0,0,0,0,0,0,0,0
21,79,21079,0.001579351,3.63E-05,0.000101423,0.003214917,0.11323635,19.51974895,2.36E-05,0.037620057,0.795664282,0,0.315498087,0.075689933,2.544593567,,0.000284193,,,0,0,0,0,0,0,0,1.444543925
21,80,21080,0.000494736,1.14E-05,2.15E-05,0.000681952,0.074895402,37.89919779,1.56E-05,0.024882198,0,0,0.208672885,0.016202376,0.91246533,,0.000168865,,,0,0,0,0,0,0,0,0
21,81,21081,0.00034251,7.87E-06,5.22E-05,0.00165617,0.078560008,33.18548196,1.64E-05,0.026099676,0.361665583,0,0.218883179,0.056649184,4.408357834,,0.000224531,,,0,0,0,0,0,0,0.008998046,1.060270067
21,82,21082,0.001522266,3.50E-05,0.000273536,0.008670535,0.177504392,18.00199226,3.70E-05,0.058971571,2.169993496,0,0.49456112,0.057950105,4.427845583,,0.000462114,,,0,0,0,0,0,0,0.077758114,0.544202863
21,83,21083,0.001274897,2.93E-05,6.45E-05,0.002045857,0.561555185,325.1308727,0.000117059,0.186563222,2.465678636,0,1.564599939,0.144993528,13.45823175,,0.001434018,0.704209268,,0,0,0,0,0,0,0,0.025914422
21,84,21084,0.001331982,3.06E-05,4.00E-05,0.001266483,0.159662338,78.93190657,3.33E-05,0.053043977,0,0,0.44484975,0.036898842,1.161691205,,0.000365163,,,0,0,0,0,0,0,0,0
21,85,21085,0.021140464,0.000485543,0.004176804,0.132396143,1.537485785,137.6384125,0.000320496,0.510792722,4.776754988,0,4.283728881,0.144993528,18.73703842,206.1109295,0.004404065,,,0,0,0,0,1.3523,0.1279,2.010180814,8.41182139
21,86,21086,0.000171255,3.93E-06,0,0,0.273242245,155.7111712,5.70E-05,0.090778173,0.21699935,0,0.761305052,0.273784679,0.935505712,,0.000711682,,,0,0,0,0,0,0,0,0.222123617
21,87,21087,0.006755054,0.000155147,0.000175186,0.005553039,0.257140879,122.9948548,5.36E-05,0.08542888,1.012663632,0,0.716443573,0.05333775,7.002863065,0.968276842,0.000710617,,,0,0,0,0,0,0,1.178744016,1.65852301
21,88,21088,0.001065586,2.45E-05,0.000110644,0.003507183,0.106433924,48.81106298,2.22E-05,0.035360115,0,0,0.296545229,0.08526944,1.155342073,,0.000286324,0.037275,,0,0,0,0,0,0,0,0
21,89,21089,0.001351011,3.10E-05,0.000113717,0.003604604,0.293649524,123.2489764,6.12E-05,0.097558001,0.144666233,0,0.818163628,0.065400833,1.597000558,,0.00071621,,,0,0,0,0,0,0,0,0
21,90,21090,0.050615333,0.001162507,0.000362666,0.011495765,0.339640339,45.13295916,7.08E-05,0.112837345,1.157329865,0,0.946302818,0.048134067,2.328350917,,0.000783063,,,0,0,0,0,0,0,0.009440761,1.480824116
21,91,21091,0.001940889,4.46E-05,0.000547072,0.01734107,0.228671465,18.12932549,4.77E-05,0.075970601,0,0,0.637122351,0.060315415,0.082754718,,0.000629647,0.398744082,,0,0,0,0,0,0,0.159040462,0
21,92,21092,0.00464291,0.000106636,1.54E-05,0.000487109,0.11124372,40.31502377,2.32E-05,0.036958054,0.433998699,0,0.30994624,0.02377137,3.711554845,,0.000316155,,,0,0,0,0,0,0,0,0.261365456
21,93,21093,0,0,0,0,0.172625884,96.240264,3.60E-05,0.057350804,1.102184183,0,0.480968666,0.053810812,4.653282098,,0.000449329,15.10597169,,0,0,0,0,0,0,0,1.583741392
21,94,21094,0.008106065,0.000186176,0.00096506,0.030590426,0.682372691,169.3076844,0.000142244,0.226701936,9.186305801,0,1.901220572,0.059960619,22.80452365,,0.001572519,2.035578579,,0,0,0,0,1.967,0.1861,0,6.318676502
21,95,21095,0.00034251,7.87E-06,6.15E-06,0.000194843,0.009138613,4.913649415,1.90E-06,0.003036085,0.003176337,0,0.025461921,0.017739828,0.223128935,,2.45E-05,,,0,0,0,0,0,0,0,0
21,96,21096,0.000723076,1.66E-05,6.15E-05,0.001948435,0.056366233,12.84995135,1.17E-05,0.018726327,4.267653876,0,0.157047086,0.058423167,2.016546336,,0.000143295,,,0,0,0,0,0.9835,0.093,0,1.246113493
21,97,21097,0.000494736,1.14E-05,1.23E-05,0.000389687,0.050182209,10.28858685,1.05E-05,0.016671834,0.072333117,0,0.139817215,0.006149807,1.138197731,,0.000113198,,,0,0,0,0,0,0,0,0.173996834
21,98,21098,0.000418623,9.61E-06,4.92E-05,0.001558748,0.124985996,50.7178797,2.61E-05,0.041523595,1.518995447,0,0.348234842,0.030749035,3.568345629,,0.000354509,,,0,0,0,0,0,0,0,0.709314751
21,99,21099,0.002188257,5.03E-05,0.000169039,0.005358196,0.411008557,79.45447163,8.57E-05,0.136547721,1.81150425,0,1.145148295,0.058541432,5.955151961,,0.001088298,,,0,0,0,0,1.7017,0.161,0,3.582113536
21,100,21100,0.000209312,4.81E-06,2.46E-05,0.000779374,0.230618287,122.7946076,4.81E-05,0.076617386,0,0,0.642546569,0.063390319,0.972747901,,0.000538289,0.278270123,,0,0,0,0,0,0,0,0
21,101,21101,0.000799189,1.84E-05,2.46E-05,0.000779374,0.078972277,34.41546003,1.65E-05,0.026236642,0,0,0.220031837,0.022233918,0.8263697,,0.000221868,,,0,0,0,0,0,0,0,0
21,102,21102,0.006888252,0.000158206,0.000353445,0.0112035,0.230595383,40.2135922,4.81E-05,0.076609777,0.289332466,0,0.642482755,0.028856787,2.690780345,,0.000524972,0.265398,,0,0,0,0,0,0,0.165564045,1.702947733
21,103,21103,0.003805664,8.74E-05,0.000150599,0.004773665,0.129520947,45.43822095,2.70E-05,0.043030223,0.433998699,0,0.360870081,0.032759549,0.989117068,,0.000294048,22.26750753,,0,0,0,0,0,0,0,0
21,104,21104,0.008905254,0.000204531,0.000307344,0.009742174,0.631434656,94.95298626,0.000131625,0.209778998,9.692637617,0,1.759297484,0.05913276,12.57659994,,0.001202295,,,0,0,0,0,2.0835,0.1971,0,4.742339231
21,105,21105,0.000152227,3.50E-06,1.54E-05,0.000487109,0.100318611,34.64789859,2.09E-05,0.033328449,1.735994797,0,0.2795068,0.054875201,7.821945772,,0.000290319,0.195885545,,0,0,0,0,0,0,0,0.82037656
21,106,21106,0.024508477,0.000562898,0.000470236,0.014905526,0.452624748,67.7580858,9.44E-05,0.150373701,2.259514048,0,1.261098948,0.056057856,0.949744249,,0.00111733,0.54305415,,0,0,0,0,0,0,1.667161297,0.370206029
21,107,21107,0.000875303,2.01E-05,7.07E-05,0.0022407,0.28045694,160.0800078,5.85E-05,0.093175082,0,0,0.781406569,0.031576894,2.265121342,,0.000638436,,,0,0,0,0,0,0,0,0
21,108,21108,0.005137647,0.000117999,0.000344225,0.010911235,0.343465273,52.41190654,7.16E-05,0.114108087,4.270830213,0,0.956959813,0.051563767,9.664521786,,0.000797712,0.192796098,,0,0,0,0,0.33,0.0312,1.646417453,3.926405143
21,109,21109,0.020893096,0.000479862,0.0001967,0.006234991,0.408809793,183.6614698,8.52E-05,0.135817234,0,0,1.139022119,0.07155064,0.432466574,,0.001099751,8.49960738,,0,0,0,0,0,0,0.002249511,0
21,110,21110,0.014157071,0.000325152,0.00047331,0.015002948,0.955683647,261.1562318,0.000199216,0.317502936,5.85898244,0,2.662717067,0.289159196,25.70604647,,0.002105215,0.22365,,0,0,0,0,0,0,0,3.586556008
21,111,21111,0.001636436,3.76E-05,0.0001967,0.006234991,0.416482563,267.0262604,8.68E-05,0.138366328,0.795664282,0,1.160399922,0.293771552,2.535708906,,0.00112026,,,0,0,0,0,0,0,0.017395435,0.310973064
21,112,21112,0.002663965,6.12E-05,0.000233581,0.007404052,0.200889164,89.58228256,4.19E-05,0.0667406,0.798840619,0,0.559715559,0.083140661,5.06392327,0.660188756,0.000584368,,,0,0,0,0,0,0,0.011247557,2.602548384
21,113,21113,0.000285425,6.56E-06,8.61E-05,0.002727809,0.087355065,32.93664154,1.82E-05,0.029021622,0.506331816,0,0.243387885,0.066938284,3.50405376,,0.000305501,,,0,0,0,0,0,0,0.004049121,0.819636148
21,114,21114,1.239847319,0.028476177,0.095691527,3.033225839,35.87066015,341.3456917,0.007477398,11.91716523,2.693512747,0,99.94250639,0.078055243,10.45760859,,0.098536535,3.875631968,,0.074807818,0,0,0,1.5011,0.142,33.28907456,5.923296463
21,115,21115,0.016611724,0.00038153,0.000288903,0.009157643,1.034976577,270.501174,0.000215745,0.343846108,3.688988944,0,2.883642306,0.044467836,11.98270172,,0.002237857,0.164721953,,0,0,0,0,0,0,0,3.467349667
21,116,21116,0.000494736,1.14E-05,3.69E-05,0.001169061,0.466779292,275.8213489,9.73E-05,0.155076208,0,0,1.300536208,0.050735908,2.492987416,,0.000923695,14.45494767,,0,0,0,0,0,0,0,3.16600196
21,117,21117,0.062222609,0.001429097,0.000562439,0.017828178,0.28728227,36.00722633,5.99E-05,0.095442634,0.361665583,0,0.800423242,0.05676745,1.159805464,,0.000724733,,,0,0,0,0,0,0,0,0.714497636
21,118,21118,0.002397568,5.51E-05,0.000291977,0.009255065,0.582695386,52.79167729,0.000121465,0.193586546,1.518995447,0,1.623500573,0.024835759,6.238440783,,0.001199898,,,0,0,0,0,0,0,0,1.895454868
21,119,21119,0.060985768,0.00140069,0.0038879,0.1232385,2.121166034,100.9698194,0.000442166,0.704706465,2.676325312,0,5.909973471,0.061852867,1.712549662,,0.004917318,0.260925,,0,0,0,0,0,0,0.175596324,1.110618087
21,120,21120,0.001103643,2.53E-05,1.54E-05,0.000487109,0.105678099,56.08317762,2.20E-05,0.03510901,0,0,0.294439356,0.025545352,0.301345037,,0.00022533,,,0,0,0,0,0,0,0,0.029616482
21,121,21121,0.00057085,1.31E-05,0,0,0.029133624,11.71203621,6.07E-06,0.009678947,0.075509453,0,0.081171838,0.031103832,0.491151785,,8.07E-05,,,0,0,0,0,0,0,0.386466072,0.211017437
21,122,21122,0.000475708,1.09E-05,4.30E-05,0.001363904,0.197384884,49.94120426,4.11E-05,0.065576387,1.157329865,0,0.549951965,0.045059163,2.478964997,,0.000499935,0.8028183,,0,0,0,0,0,0,0,1.480824116
21,123,21123,5.71E-05,1.31E-06,3.07E-06,9.74E-05,0.09940246,46.6870232,2.07E-05,0.03302408,0,0,0.276954227,0.054756936,0.311454185,,0.000243975,,,0,0,0,0,0,0,0,0
21,124,21124,0.017886621,0.000410811,0.000479457,0.015197791,0.308949257,77.03976373,6.44E-05,0.10264097,0.581841269,0,0.860791605,0.015965845,2.277067485,1.8925411,0.000744443,,,0,0,0,0,0,0,0,0.652303023
21,125,21125,0.016802007,0.0003859,0.000252022,0.007988583,0.161540449,0.029274413,3.37E-05,0.053667934,3.544322711,0,0.450082526,0.129382479,1.311987386,,0.000436811,0.1491,,0,0,0,0,0,0,0,0.370206029
21,126,21126,0.000266396,6.12E-06,2.15E-05,0.000681952,0.119626508,44.21143973,2.49E-05,0.039743034,2.169993496,0,0.333302287,0.02164259,2.249980846,,0.000278067,,,0,0,0,0,0,0,0.021970229,1.40678291
21,127,21127,0.00057085,1.31E-05,3.38E-05,0.001071639,0.084675321,41.71561859,1.77E-05,0.028131342,0,0,0.235921608,0.052982953,0.873015517,,0.000280731,,,0,0,0,0,0,0,0,0.493854843
21,128,21128,0.000951416,2.19E-05,9.53E-05,0.003020074,0.1805735,44.0693939,3.76E-05,0.059991208,8.17364217,0,0.503112241,0.057831839,7.362644302,,0.000428554,,,0,0,0,0,1.0223,0.0967,0,2.995707186
21,129,21129,0.003558296,8.17E-05,4.61E-05,0.001461326,0.275028741,94.9578385,5.73E-05,0.091371693,1.301996098,0,0.766282571,0.022943511,2.098626513,8.714491576,0.000710883,,,0,0,0,0,0,0,0,0.346512843
21,130,21130,0.000171255,3.93E-06,6.15E-05,0.001948435,0.072559215,16.05059719,1.51E-05,0.024106056,5.659170525,0,0.202163823,0.054047343,3.379776352,,0.000210149,0.73516098,,0,0,0,0,0.5823,0.0551,0,5.21694336
21,131,21131,0.003577324,8.22E-05,9.22E-06,0.000292265,0.017842054,8.341876697,3.72E-06,0.005927594,0.072333117,0,0.049711369,0.008869914,0.246041483,,5.03E-05,,,0,0,0,0,0,0,0,0
21,132,21132,0.15001928,0.003445566,0.005590586,0.177210143,3.121374653,52.67967856,0.000650664,1.037001754,4.629319459,0,8.696745612,0.105019782,5.548993176,,0.007414864,,,0,0,0,0,0.7441,0.0704,0.422773918,3.70206029
21,133,21133,7.61E-05,1.75E-06,1.54E-05,0.000487109,0.016513634,2.258683046,3.44E-06,0.005486258,0.578664932,0,0.046010138,0.069540126,1.189783488,0.814232799,5.19E-05,,,0,0,0,0,0,0,0,0.477565777
21,134,21134,0.010332378,0.000237309,0.000242802,0.007696317,0.399029873,16.02130312,8.32E-05,0.132568091,3.327323361,0,1.111773397,0.039264153,4.812383194,,0.000951928,,,0,0,0,0,0,0,0,2.591442203
21,135,21135,0.004014976,9.22E-05,1.23E-05,0.000389687,0.01280322,6.718240389,2.67E-06,0.004253562,0,0,0.035672215,0.031813425,0.943800559,,4.63E-05,,,0,0,0,0,0,0,0,0.407226632
21,136,21136,0.040834776,0.000937872,0.000654643,0.02075083,0.260645159,3.391965161,5.43E-05,0.086593093,0.433998699,0,0.726207166,0.006268073,0.434151492,,0.000589961,,,0,0,0,0,0,0,0,0.296164823
21,137,21137,0.001541294,3.54E-05,0.000141378,0.0044814,0.19832394,42.01581506,4.13E-05,0.065888365,10.56063502,0,0.552568353,0.054520405,9.432915136,,0.000446666,1.450128075,,0,0,0,0,0,0,3.298683635,2.053162637
21,138,21138,0.003425098,7.87E-05,0.000184406,0.005845304,0.222556152,103.0160065,4.64E-05,0.073938936,0.220175686,0,0.620083922,0.005085417,2.243245632,,0.000525238,8.370633141,,0,0,0,0,0,0,0,1.184659293
21,139,21139,0.000761133,1.75E-05,6.76E-05,0.002143278,0.073589885,32.2989569,1.53E-05,0.024448472,0.21699935,0,0.205035468,0.024954025,1.369610832,,0.000207751,,,0,0,0,0,0,0,0,0.976603504
21,140,21140,0.210776708,0.004841011,0.005833387,0.18490646,2.731139836,111.3421607,0.000569318,0.907355609,3.182657128,0,7.609476921,0.026018414,5.056883339,,0.006838487,,,0,0,0,0,1.4364,0.1359,0.473543072,3.331854261
21,141,21141,0.000837246,1.92E-05,7.38E-05,0.002338122,0.070200124,25.927669,1.46E-05,0.023322305,0.578664932,0,0.195590946,0.048961925,1.278786795,0.440125837,0.000215476,,,0,0,0,0,0,0,0,0.923293836
21,142,21142,0.024889043,0.000571639,0.000743772,0.023576061,0.616547191,89.57225508,0.000128522,0.204832995,8.607640869,0,1.717818165,0.055229998,14.77209583,,0.001362104,7.109968612,,0,0,0,0,0.5306,0.0502,0.634887124,8.351848013
21,143,21143,0.010180152,0.000233812,0.000470236,0.014905526,0.567785017,55.12432184,0.000118357,0.188632934,5.369838059,0,1.581957439,0.03536139,6.060375586,,0.00129019,9.900814635,,0,0,0,0,0,0,0,3.70206029
21,144,21144,0.010161123,0.000233375,0.000949693,0.030103317,0.301826178,30.20786786,6.29E-05,0.100274498,0.144666233,0,0.840945346,0.0068594,2.426199877,,0.000594489,,,0,0,0,0,0,0,0,0.561972752
21,145,21145,0.000209312,4.81E-06,2.46E-05,0.000779374,0.295939903,182.7607877,6.17E-05,0.098318924,0.072333117,0,0.824545061,0.310920052,2.99644849,,0.000673594,,,0,0,0,0,0,0,0,0
21,146,21146,0.003995947,9.18E-05,1.23E-05,0.000389687,0.01878111,9.539218295,3.92E-06,0.006239573,0,0,0.052327757,0.002838372,0.170074276,,6.71E-05,,,0,0,0,0,0,0,0,0
21,147,21147,0.007630357,0.00017525,0.000110644,0.003507183,0.124642439,53.21216036,2.60E-05,0.041409456,0.795664282,0,0.347277627,0.262194658,4.05881308,,0.000377948,,,0,0,0,0,0,0,0,0
21,148,21148,0.000209312,4.81E-06,3.38E-05,0.001071639,0.20798934,34.31498925,4.34E-05,0.069099462,4.412320109,0,0.579498003,0.022943511,3.357836574,,0.000486884,,,0,0,0,0,0,0,0.234324113,1.110618087
21,149,21149,0.032386202,0.00074383,0.000227434,0.007209209,0.484873288,65.52509481,0.000101074,0.161087503,1.446662331,0,1.350949535,0.027555866,3.219488697,,0.00097217,0.22192683,,0,0,0,0,0.77,0.0728,0.507414806,0.13327417
21,150,21150,0.000742105,1.70E-05,5.53E-05,0.001753591,0.141957706,65.43343075,2.96E-05,0.047162038,0.433998699,0,0.395521267,0.195138108,3.964084989,,0.00039606,,,0,0,0,0,0,0,0,1.463054226
21,151,21151,0.004205259,9.66E-05,0.000116791,0.003702026,0.171801348,16.33402073,3.58E-05,0.057076871,1.735994797,0,0.478671349,0.033232611,1.672240216,,0.000410176,,,0,0,0,0,0,0,0,0.364282732
21,152,21152,0.00260688,5.99E-05,0.000159819,0.00506593,0.253132715,130.7022433,5.28E-05,0.084097264,5.207984391,0,0.705276064,0.055939591,6.042908076,,0.000600082,0.058616964,,0,0,0,0,0,0,0,4.076708791
21,153,21153,0.018857066,0.000433099,0.000181333,0.005747883,0.43077453,52.23792994,8.98E-05,0.14311449,1.539359219,0,1.200220069,0.024362697,4.768183183,,0.001082439,0.037275,,0,0,0,0,0,0,0.289212193,2.517400997
21,154,21154,0.038418179,0.000882369,0.001997735,0.06332413,1.544654672,200.3359707,0.00032199,0.513174412,8.917337106,0,4.303702769,0.998515785,17.87010864,,0.003469716,,,0,0,0,0,0.9835,0.093,0.427917993,7.227162097
21,155,21155,0.000818218,1.88E-05,0.000230508,0.00730663,0.10840365,34.76804403,2.26E-05,0.036014509,0.292508803,0,0.302033262,0.033942204,4.875421642,,0.000305768,,,0,0,0,0,0,0,0,0.730046289
21,156,21156,0.308677418,0.007089545,0.011445487,0.362798555,6.37774426,180.2135041,0.001329469,2.118852338,4.708005249,0,17.76961293,0.375256495,10.53496348,,0.015818412,0.15845996,,0,0,0.048,0,1.7405,0.1647,4.212031186,1.274249152
21,157,21157,0.002892305,6.64E-05,0.000362666,0.011495765,0.224915243,75.11400072,4.69E-05,0.074722687,0.867997399,0,0.626656799,0.069303595,7.578605883,,0.000652553,,,0,0,0,0,0,0,0.001199739,1.10099273
21,158,21158,0.000475708,1.09E-05,9.22E-05,0.002922652,0.153111853,64.8438535,3.19E-05,0.050867735,0.433998699,0,0.42659885,0.388265702,3.029202528,,0.000465576,,,0,0,0,0,0,0,0,0
21,159,21159,0.016116988,0.000370167,2.46E-05,0.000779374,0.092554226,48.24636743,1.93E-05,0.030748918,0.309696238,0,0.25787374,0.059014494,2.385331241,,0.000283927,,,0,0,0,0,0,0,0,1.166148991
21,160,21160,0.00022834,5.24E-06,9.22E-06,0.000292265,0.06419933,23.42556725,1.34E-05,0.021328685,0.723331165,0,0.178871589,0.028856787,2.285555491,,0.000188308,,,0,0,0,0,0,0,0.159940266,0.693766098
21,161,21161,0.045572828,0.001046693,0.000190553,0.006040148,0.395525593,79.0062536,8.24E-05,0.131403878,5.641983091,0,1.102009803,0.106320702,7.005374622,,0.000976166,,,0,0,0,0,0.647,0.0612,0,4.084853323
21,162,21162,0.001370039,3.15E-05,3.38E-05,0.001071639,0.097730483,46.34899366,2.04E-05,0.032468605,0,0,0.27229578,0.080657085,0.193067764,,0.00023412,,,0,0,0,0,0,0,0,0
21,163,21163,0.004281372,9.83E-05,0.000239728,0.007598896,0.339480013,21.20395639,7.08E-05,0.11278408,0.867997399,0,0.945856118,0.024480963,2.492142841,,0.00076069,2.802011993,,0,0,0,0,0,0,0,1.480824116
21,164,21164,0.030521426,0.000701,0.002624717,0.083198165,1.587759609,216.096778,0.000330976,0.527494993,8.10448539,0,4.423801353,0.083495457,11.63280903,,0.003495019,0.07455,,0,0,0,0,1.4429,0.1365,2.908006218,5.553090434
21,165,21165,0.003596353,8.26E-05,3.07E-06,9.74E-05,0.026866149,16.29468398,5.60E-06,0.008925633,0.072333117,0,0.074854218,0.026609742,1.437291801,,5.91E-05,,,0,0,0,0,0,0,0,0.539019978
21,166,21166,0.001122671,2.58E-05,0.000264316,0.00837827,0.162410793,15.65956383,3.39E-05,0.053957085,2.169993496,0,0.452507471,0.046833146,4.114141304,34.89581713,0.000447731,,,0,0,0,0,0.757,0.0716,0,1.834741079
21,167,21167,0.000532793,1.22E-05,1.84E-05,0.00058453,0.22260196,112.0354522,4.64E-05,0.073954154,0,0,0.620211551,0.069540126,0.872598551,,0.000514851,0.07282683,,0,0,0,0,0,0,0,0
21,168,21168,0.007154649,0.000164324,0.00018748,0.005942726,0.141201881,75.59388148,2.94E-05,0.046910933,2.242326613,0,0.393415394,0.080065757,13.48005618,,0.000355042,,,0,0,0,0,0,0,0.038991532,3.942694208
21,169,21169,0.003329956,7.65E-05,0.000230508,0.00730663,0.443783884,123.5877261,9.25E-05,0.147436536,1.663661681,0,1.236466613,0.252260354,13.49746366,,0.001139437,,,0,0,0,0,0,0,1.022178017,0.390937567
21,170,21170,0.007877725,0.000180932,7.99E-05,0.002532965,0.379172285,126.898175,7.90E-05,0.125970884,10.99463371,0,1.056446366,0.055111732,20.77457071,,0.000903985,1.26218049,,0,0,0,0,1.4429,0.1365,0.7837298,8.098627089
21,171,21171,0.00567044,0.000130236,6.76E-05,0.002143278,0.068413628,6.936520996,1.43E-05,0.022728785,0.361665583,0,0.190613428,0.184849008,1.492720618,,0.000178187,,,0,0,0,0,0,0,0,0.628609837
21,172,21172,0.00294939,6.77E-05,0.000433355,0.013736465,0.564830428,267.6160963,0.000117741,0.187651342,0.361665583,0,1.573725389,0.156701814,3.760678165,,0.001548281,6.4113,,0,0,0,0,0,0,0.012447297,0.049607608
21,173,21173,0.00475708,0.000109258,0.000215141,0.006819522,0.130460002,17.89605072,2.72E-05,0.043342202,0.289332466,0,0.363486469,0.041747729,0.391832236,,0.000350248,,,0,0,0,0,0,0,0.065456966,0
21,174,21174,0.227445517,0.005223852,0.004244419,0.134539421,2.15139904,168.3493245,0.000448469,0.714750655,0.017187435,0,5.994208397,0.136360145,0.797243913,,0.005643649,0.091033538,,0,0,0,0,0.1488,0.0141,0.128732563,0
21,175,21175,0.001541294,3.54E-05,0.000119864,0.003799448,0.215089516,60.18804041,4.48E-05,0.071458325,0.433998699,0,0.599280448,0.027319335,2.825044814,,0.000543084,1.246894031,,0,0,0,0,0,0,0.049339285,1.110618087
21,176,21176,0.00034251,7.87E-06,9.84E-05,0.003117496,0.181398037,32.42942637,3.78E-05,0.060265141,3.536257245,0,0.505409557,0.021287794,5.274561864,48.85396793,0.000530565,,,0,0,0,0,0,0,0,2.98978389
21,177,21177,0.028447339,0.000653364,0.000433355,0.013736465,1.060605921,304.9292561,0.000221088,0.352360842,7.884309703,0,2.95505055,0.223167036,14.51350659,,0.002344129,0.07455,,0,0,0,0,1.1259,0.1065,0,6.486009627
21,178,21178,0.000818218,1.88E-05,5.84E-05,0.001851013,0.384256927,224.5721577,8.01E-05,0.127660134,0,0,1.070613149,0.09768732,1.315896012,,0.00098895,,,0,0,0,0,0,0,0,0
21,179,21179,0.003501211,8.04E-05,0.000267389,0.008475691,0.638603543,222.0087209,0.00013312,0.212160688,10.00233385,0,1.779271372,0.056294388,18.42217625,,0.001389538,1.566261,,0,0,0,0,0,0,0,11.30387089
21,180,21180,0.006260318,0.000143784,0.000298124,0.009449909,0.813794652,159.7798717,0.000169639,0.270363726,7.449903963,0,2.267387244,0.101353551,14.32074616,,0.001859642,23.2166673,,0,0,0,0,0,0,0,7.404120579
21,181,21181,0.001617407,3.71E-05,4.30E-05,0.001363904,0.133414591,14.11318833,2.78E-05,0.044323793,1.374329214,0,0.371718519,0.009224711,2.433698557,,0.000328141,,,0,0,0,0,0,0,0,1.480824116
21,182,21182,0.002093115,4.81E-05,7.68E-05,0.002435543,0.112595044,10.88222544,2.35E-05,0.037406999,0.361665583,0,0.313711286,0.054283874,1.068420616,,0.000222933,,,0,0,0,0,0,0,0,0.59010841
21,183,21183,0.000989473,2.27E-05,6.15E-05,0.001948435,0.45885458,203.4032364,9.57E-05,0.152443412,0,0,1.278456448,0.067884408,1.321442885,,0.001032898,0.332890245,,0,0,0,0,0,0,0,0
21,184,21184,0.000589878,1.35E-05,1.23E-05,0.000389687,0.13714791,67.1322398,2.86E-05,0.045564099,0,0,0.382120256,0.066228691,0.77364538,,0.000356906,,,0,0,0,0,0,0,0,0
21,185,21185,0.000818218,1.88E-05,8.91E-05,0.00282523,0.174435284,38.31449889,3.64E-05,0.057951933,3.254990245,0,0.486009998,0.019868607,5.938342123,7.262076313,0.000481025,,,0,0,0,0,0,0,0.00524886,3.506591506
21,186,21186,0.015508081,0.000356182,0.000894371,0.028349726,1.106459313,425.05188,0.000230646,0.36759453,3.092729536,0,3.082806855,0.168764897,12.40366062,,0.00278973,1.468682559,,0,0,0,0,0.6729,0.0637,0.0149523,0
21,187,21187,0.00045668,1.05E-05,5.22E-05,0.00165617,0.117771301,51.85858983,2.45E-05,0.039126686,0,0,0.328133326,0.067293081,0.646812575,,0.000321748,,,0,0,0,0,0,0,0,0
21,188,21188,0.002530767,5.81E-05,0.000126011,0.003994291,0.325737737,183.7233122,6.79E-05,0.108218539,1.102184183,0,0.907567515,0.012890942,6.148390289,,0.000825679,0.994407227,,0,0,0,0,0,0,0,2.221236174
21,189,21189,0.00747813,0.000171754,0.000414914,0.013151935,0.427247346,53.4660462,8.91E-05,0.141942668,6.292981139,0,1.190392661,0.529119936,5.975864593,,0.001025706,,,0,0,0,0,0,0,0,2.001333793
21,190,21190,0.000266396,6.12E-06,1.23E-05,0.000389687,0.025446113,11.97328933,5.30E-06,0.00845386,0.072333117,0,0.07089773,0.025781883,0.443586263,,8.76E-05,,,0,0,0,0,0,0,0,0.211017437
21,191,21191,0.002454653,5.64E-05,0.000602394,0.019094661,0.183092917,39.2458449,3.82E-05,0.060828224,0.506331816,0,0.510131818,0.033942204,2.946927772,,0.000563326,,,0,0,0,0,0,0,0,0.851473867
21,192,21192,0.001046558,2.40E-05,2.77E-05,0.000876796,0.133620726,53.54146266,2.79E-05,0.044392277,0,0,0.372292848,0.048961925,1.260027994,,0.000352911,,,0,0,0,0,0,0,0,0
21,193,21193,0.004604854,0.000105762,2.15E-05,0.000681952,0.126222801,57.87054621,2.63E-05,0.041934494,0.437175036,0,0.351680817,0.023534838,3.922319209,,0.000364364,,,0,0,0,0,0,0,0,1.925071351
21,194,21194,0.008277319,0.000190109,0.000894371,0.028349726,0.632625653,215.2848007,0.000131874,0.210174678,2.242326613,0,1.76261583,0.325821508,2.867901154,,0.001675596,,,0,0,0,0,0,0,0,0.414630752
21,195,21195,0.001293926,2.97E-05,9.84E-05,0.003117496,0.471497473,278.4350434,9.83E-05,0.15664371,0.072333117,0,1.313681962,0.110105199,5.21487666,,0.001054738,0.773111084,,0,0,0,0,0,0,0,0
21,196,21196,0.000266396,6.12E-06,4.00E-05,0.001266483,0.028950394,14.31638406,6.03E-06,0.009618073,0,0,0.080661323,0.015374518,0.214242727,,9.83E-05,,,0,0,0,0,0,0,0,0.134754995
21,197,21197,0.026182969,0.000601357,0.002950502,0.093524869,1.684596844,374.0203009,0.000351162,0.559666838,0.21699935,0,4.693608374,0.211695281,1.739859809,,0.004157161,,,0,0,0,0,0,0,0.249283904,0
21,198,21198,5.71E-05,1.31E-06,0,0,0.027232609,12.43265172,5.68E-06,0.00904738,0.072333117,0,0.075875248,0.040801604,0.899220403,,6.95E-05,,,0,0,0,0,0,0,0.002174528,0.325781305
21,199,21199,0.02197771,0.000504773,0.000264316,0.00837827,0.858067683,286.2747459,0.000178868,0.285072377,0.361665583,0,2.390740359,0.032049956,4.09065372,,0.00174751,6.593338887,,0,0,0,0,0,0,0.001874593,0
21,200,21200,0.002473682,5.68E-05,0.000101423,0.003214917,0.086667951,37.45020973,1.81E-05,0.028793345,0,0,0.241473455,0.016557173,1.234011587,,0.000248503,,,0,0,0,0,0,0,0,0
21,201,21201,0.000247368,5.68E-06,1.54E-05,0.000487109,0.066993593,21.31686017,1.40E-05,0.022257012,0.650998049,0,0.186656939,0.037844966,1.601942297,2.222635478,0.000190439,,,0,0,0,0,0,0,0.112025672,0.738190822
21,202,21202,0.002968418,6.82E-05,7.38E-05,0.002338122,0.277685581,119.4514752,5.79E-05,0.092254364,0,0,0.773685034,0.081484943,1.416540709,,0.000670931,0.22365,,0,0,0,0,0,0,0,0
21,203,21203,0.003158701,7.25E-05,7.68E-05,0.002435543,0.126383127,37.06588309,2.63E-05,0.041987758,1.518995447,0,0.352127517,0.038081497,4.303969687,,0.00033986,,,0,0,0,0,0,0,0,2.249371832
21,204,21204,0.001845747,4.24E-05,9.22E-05,0.002922652,0.173038153,58.04143881,3.61E-05,0.05748777,0,0,0.482117324,0.031695159,1.023031095,,0.000397658,,,0,0,0,0,0,0,0,0
21,205,21205,0.005841694,0.000134169,0.000162892,0.005163352,0.500150117,97.77903374,0.000104259,0.166162863,2.09766038,0,1.393513699,0.101471816,5.591356467,,0.001120526,,,0,0,0,0,0.5306,0.0502,0.003599218,3.192656794
21,206,21206,0.00068502,1.57E-05,2.77E-05,0.000876796,0.085385339,32.27470675,1.78E-05,0.028367228,0.581841269,0,0.237899852,0.190170956,4.499124193,,0.000253563,,,0,0,0,0,0,0,0,0.427217757
21,207,21207,0.013224683,0.000303738,0.001493691,0.047346965,1.201143592,492.710448,0.000250384,0.399051107,1.029851066,0,3.346615328,0.111879182,3.248444569,,0.002825687,0.02685222,,0,0,0,0,0,0,0.115877303,0
21,208,21208,0.020778926,0.00047724,0.002252831,0.071410135,1.641675137,506.0208242,0.000342214,0.545407132,4.122987643,0,4.574020305,0.188160442,13.5278334,,0.004117741,7.3646403,,0,0,0,0,0,0,0.150054464,0.041463075
21,209,21209,0.001503237,3.45E-05,0.000119864,0.003799448,0.169969044,34.82737587,3.54E-05,0.056468132,0.14784257,0,0.473566202,0.273429882,2.820397586,,0.000483688,,,0,0,0,0,0,0,1.187592094,0.037020603
21,210,21210,0.001160728,2.67E-05,0.000119864,0.003799448,0.119809739,50.00900458,2.50E-05,0.039803908,0,0,0.333812802,0.051327236,1.204204466,,0.000311095,,,0,0,0,0,0,0,0,0
21,211,21211,0.006964365,0.000159954,0.00068845,0.02182247,0.338769995,49.92986509,7.06E-05,0.112548194,1.084996748,0,0.943877873,0.127845027,2.553379468,,0.000884542,,,0,0,0,0,0.7894,0.0747,0,0
21,212,21212,0.029703209,0.000682208,0.000162892,0.005163352,0.427682518,223.0100615,8.92E-05,0.142087244,0.723331165,0,1.191605134,0.027555866,4.713853037,,0.001033697,1.42487715,,0,0,0,0,0,0,0,0
21,213,21213,0.000399595,9.18E-06,5.84E-05,0.001851013,0.274891318,162.2033113,5.73E-05,0.091326038,0.089520551,0,0.765899685,0.101826613,1.414537488,,0.00067679,0.37275,,0,0,0,0,0,0,0,0
21,214,21214,0.013814561,0.000317286,0.000338078,0.010716391,0.34731311,108.5139886,7.24E-05,0.115386438,0.650998049,0,0.967680621,0.028028928,2.694249402,1.364390095,0.000832071,,,0,0,0,0,0.55,0.052,0,0.71968052
21,215,21215,0.001598379,3.67E-05,7.38E-05,0.002338122,0.101303474,29.43858156,2.11E-05,0.033655646,0,0,0.282250817,0.024362697,1.108965657,,0.000244241,,,0,0,0,0,0,0,0,0
21,216,21216,0.000171255,3.93E-06,2.15E-05,0.000681952,0.059023073,28.19696215,1.23E-05,0.019608998,0,0,0.164449549,0.05676745,0.861718821,,0.000167533,,,0,0,0,0,0,0,0,0
21,217,21217,0.001845747,4.24E-05,0.000122938,0.00389687,0.436317248,235.3974427,9.10E-05,0.144955925,0,0,1.215663139,0.040683339,2.214407048,,0.00098096,,,0,0,0,0,0,0,0,0
22,1,22001,0.035659073,0.000818999,0.002122371,0.027667774,5.01467785,475.0948396,0.000272905,0.434943868,18.66194407,0,3.64762756,0.380223647,34.12393337,,0,37.57816758,,0,0,0,0,0,0,0.021365559,19.88882224
22,2,22002,0.00068502,1.57E-05,0.000463335,0.006040148,2.186420598,257.2951454,0.000118988,0.189637353,0,0,1.590380932,0.163916011,1.86502148,,0,13.92204765,,0,0,0,0,0,0,0,0
22,3,22003,0.000513765,1.18E-05,0.000440915,0.005747883,1.074172771,94.05536273,5.85E-05,0.093167472,0.650998049,0,0.781342754,0.209093439,2.994841423,,0,0.43696098,,0,0,0,0,0,0,0,1.192103171
22,4,22004,0.016516582,0.000379344,0.002525921,0.032928548,5.174786092,271.8057058,0.000281618,0.448830722,6.513156826,0,3.764088727,0.331616518,11.49243982,,0,4.950531735,,0,0,0,0,0,0,2.431717493,8.771608667
22,5,22005,0.028314141,0.000650305,0.000859411,0.0112035,4.770962401,165.8579114,0.000259641,0.413805414,14.04215362,0,3.470351329,0.123823999,22.11461249,,0,3.79343415,,0,0.945945,0.335,0,1.1998,0.1135,7.875870226,15.73008518
22,6,22006,0.124616472,0.002862127,0.007973838,0.103948995,10.45142734,25.28734935,0.000568779,0.906495766,10.12981265,0,7.6022659,0.768962411,8.548738729,,0.041658972,20.29895858,,0,0,0,0,0,0,0.242655633,4.220045226
22,7,22007,0.033394703,0.000766992,0.005403079,0.070435917,3.380784213,82.58202796,0.000183986,0.293229477,7.667310354,0,2.459149329,4.603840163,5.926620233,,0,,,0,0,0,0,0,0,2.123473852,3.462775878
22,8,22008,0.000589878,1.35E-05,0.000627744,0.008183426,3.03459949,116.629373,0.000165146,0.263203436,8.613993542,0,2.207337951,0.150788538,14.75237825,,0,9.396973185,,0,0,0,0,0,0,0.029414619,9.030465356
22,9,22009,0.003482183,8.00E-05,0.002862212,0.037312526,1.894892003,132.319742,0.000103122,0.164351865,1.446662331,0,1.378325886,0.266452217,3.130460315,,0,42.74929142,,0,0,0,0,0,0,0,0.908269083
22,10,22010,0.000133198,3.06E-06,0.000171882,0.0022407,1.630121224,150.6430145,8.87E-05,0.141387194,1.301996098,0,1.185734214,0.146885776,3.608372079,,0,36.98271906,,0,0,0,0,0,0,0,1.248869989
22,11,22011,0.398947772,0.009162828,0.004424098,0.057673669,7.393052877,117.0192608,0.000402338,0.641230227,23.94543791,0,5.377634263,0.130801665,31.64229104,,0.028356222,88.40546363,,0,0.945945,0.335,0,4.67,0.4418,1.681962425,15.29638669
22,12,22012,0.036705631,0.000843036,0.004005602,0.052218052,5.287783031,61.46495276,0.000287767,0.458631416,24.66559274,0,3.846281594,0.407306451,34.37707492,,0,6.9904683,,0,0,0,0,1.9012,0.1799,0.073289068,17.01187992
22,13,22013,0.000894331,2.05E-05,0.00023914,0.003117496,1.498613139,120.8493984,8.16E-05,0.129980951,0.289332466,0,1.090076522,0.067411346,2.25953834,,0,,,0,0,0,0,0,0,0,1.203456535
22,14,22014,1.061685153,0.02438424,0.138581875,1.806588725,68.08197211,153.4453955,0.003705099,5.905032623,12.59231495,0,49.52215979,3.075376582,17.92445897,,0.294875903,29.54211594,,0.079307232,0,0,0,2.7503,0.2602,23.07737187,9.080420155
22,15,22015,0.000951416,2.19E-05,0.000672582,0.008767956,0.673682841,55.00556079,3.67E-05,0.058431315,0.21699935,0,0.490030302,0.055939591,0.600982056,,0,,,0,0,0,0,0,0,0,0.340600906
22,16,22016,0.46638414,0.010711672,0.026103672,0.340294134,19.42906929,95.34508979,0.001057352,1.685163994,26.76023458,0,14.13251474,1.732826399,48.8077013,,0,17.94115614,,0,0,0,0,6.119,0.5789,6.949999637,27.90656757
22,17,22017,0.059140021,0.001358298,0.008354969,0.108917504,5.060999577,32.36733771,0.000275425,0.438961544,11.73832865,0,3.681321531,0.389330092,13.88782851,,0,1.52936343,,0,0,0,0,1.8366,0.1737,0.012470722,6.930093102
22,18,22018,0.001674492,3.85E-05,0.000829518,0.010813813,2.23028587,160.2944661,0.000121375,0.19344197,0.943506852,0,1.622288101,0.096031602,1.865923842,,0,,,0,0,0,0,0,0,1.419608895,0.625570331
23,1,23001,0,0.00034613,0,0.630221229,0,5.778834691,0.000374804,0.597347769,0,36.61503184,5.009616976,0.0102891,0.003854678,,0.024836325,,,0,1.73862,0.365,97.6,0,0,26.09318818,0
23,2,23002,0,0.000287568,0,0.063518974,0,772.0758893,0.000314552,0.501319224,1.470202439,0,4.204280031,0.646675863,6.18571302,,0.017538645,761.461759,,0,0,0,14.2,0,0,0.329636896,0.760974739
23,3,23003,0,0.000101829,0,0.152659865,0,0,6.94E-05,0.110615448,0,0,0.927669032,0.009697773,0.004308169,,0.004462442,7.09264251,,0,0,0,9,0,0,0,0
23,4,23004,0,0.001579436,0,0.441807586,0,913.298595,0.001051952,1.676557949,29.32757428,52.22716538,14.06034072,1.309554103,65.83593058,1010.572935,0.071017649,2090.594861,,0,1.16766,0.817,2.2,0,0,8.903692301,66.44122161
23,5,23005,0,0.003532972,0,4.395571435,0,95.47189492,0.003104513,4.947844134,0.289332466,47.92132088,41.49476277,0.011590021,0.019364934,,0.192548887,216.5215167,,0.001494387,8.75394,5.694,0,0,0,32.15645267,0
23,6,23006,0,0.000105762,0,0.024160591,0,411.3809748,0.000156896,0.250054678,0.151018907,0,2.097066775,0.525571971,3.546107319,,0.008809026,9.039852855,,0,0,0,4.6,0,0,0.149813964,2.068669193
23,7,23007,0,4.41E-05,0,0.011008656,0,282.9226226,0.000107863,0.171907835,0.268561654,14.26845188,1.441693524,0.114481023,1.211388983,,0.006563486,140.0580945,,0,0,0,0,0,0,0.104778979,0.268434455
23,8,23008,0,0.000547602,0,3.392322368,0,0,0.000722595,1.151642487,0.237363121,0,9.658172428,0.045177429,0.857353251,,0.038630867,136.6155114,,0,0,0,0.3,0,0,3.468197002,0
23,9,23009,0,0,0,0,0,87.90459713,0.000146994,0.234273125,0,0,1.964715838,0,,,0.007446914,,,0,0,0,0,0,0,0,0
24,1,24001,0.002702022,6.21E-05,0.000635217,0.008280848,1.462013402,91.60722177,7.99E-05,0.127332937,3.547499047,0,1.067869132,0.139553314,5.05970645,,0,,,0,0,0,0,1.8368,0.1738,0,2.300892211
24,2,24002,0.000190283,4.37E-06,7.47E-05,0.000974217,0.649929347,46.20020486,3.55E-05,0.056605099,3.254990245,0,0.47471486,0.075335136,4.941573601,,0,,,0,0,0,0,0.8007,0.0757,0,2.035940987
24,3,24003,0.000475708,1.09E-05,0.000298926,0.00389687,4.065487608,689.8458555,0.000222167,0.354080529,1.466619061,0,2.96947259,0.061261539,8.373297844,88.46529327,0,0.7282683,,0,0,0,0,0,0,0.040744721,3.760448079
24,4,24004,7.61E-05,1.75E-06,1.49E-05,0.000194843,0.381185877,36.80027667,2.08E-05,0.033199092,1.377505551,0,0.278421957,0.207555988,2.999414361,,0,,,0,0,0,0,0,0,0.147454824,2.933056536
24,5,24005,0.006051006,0.000138976,0.001531993,0.019971456,1.513036219,24.82273248,8.27E-05,0.13177673,3.97832141,0,1.105136706,0.065637364,5.964360764,,0,,,0,0,0,0,1.2128,0.1147,0.010869564,2.875727909
24,6,24006,0.000913359,2.10E-05,0.000866884,0.011300922,0.784563186,56.85443729,4.29E-05,0.06833093,1.594504901,0,0.573052755,0.048961925,6.745338813,,0,,,0,0,0,0,2.2372,0.2116,0,2.386110441
24,7,24007,0.008087036,0.000185739,0.000971508,0.012664826,1.502464711,46.06531905,8.21E-05,0.130856013,6.335579268,0,1.097415171,0.031222097,14.03365833,,0,,,0,0,0,0,1.1362,0.1075,0,5.881607296
24,8,24008,0.007611328,0.000174813,0.002518448,0.032831126,1.730232665,45.30005122,9.46E-05,0.150693288,12.09999423,0,1.26377915,0.495295998,31.24095065,,0,4.07784879,,0,0,0,0,0.5887,0.0557,0,11.92435452
24,9,24009,7.61E-05,1.75E-06,7.47E-06,9.74E-05,0.281936013,4.361223535,1.54E-05,0.024555001,0.509508153,0,0.205928869,0.039145887,1.325830903,,0,10.69384392,,0,0,0,0,0,0,0,0.867676524
24,10,24010,0.00306356,7.04E-05,0.001457262,0.018997239,2.566080771,175.747607,0.000140229,0.223490839,4.270830213,0,1.874290921,1.323272903,18.36995176,,0,87.85971609,,0,0,0,0,1.4365,0.1359,0,10.49733652
24,11,24011,0.011512134,0.000264405,0.00242877,0.031662065,3.46649371,128.2076817,0.000189434,0.301911614,19.42917911,0,2.531961489,0.233692668,19.39575005,,0,,,0,0,0,0,0.7183,0.0679,0,19.0176101
24,12,24012,0.000913359,2.10E-05,0.000508173,0.006624678,1.864429664,272.0259884,0.000101886,0.162381073,0.119413333,0,1.361797973,0.054520405,2.427443149,16.06459306,0,,,0,0,0,0,0,0,0.041433486,0.723580244
24,13,24013,0.073411261,0.001686072,0.023458181,0.305806838,14.15804552,440.2069665,0.000773696,1.233084128,26.63617454,0,10.34117729,0.31151138,64.00139203,1178.436929,0.105257465,41.15741499,,0,0,0,0,2.561,0.2423,1.159909072,48.43804196
24,14,24014,0.000856274,1.97E-05,0.000313872,0.004091713,1.519501439,253.4262083,8.30E-05,0.132339814,0,0,1.109858967,0.025781883,1.582104273,,0,,,0,0,0,0,0,0,0,0
24,15,24015,0.017544112,0.000402944,0.001629144,0.021237939,1.747444129,77.38897429,9.55E-05,0.152192308,2.703041757,0.325456518,1.276350574,0.117082865,11.32758857,,0,,,0,0,0,0,2.7082,0.2562,4.501503451,11.80659842
24,16,24016,0.01541294,0.000353996,0.003467536,0.045203687,3.263450855,122.1058721,0.000178338,0.284227752,21.78497343,0,2.383656967,0.504520708,122.6213496,0.440125837,0.024667564,,,0,0,0,0,1.4718,0.1392,0.07870748,94.93930597
24,17,24017,0.000418623,9.61E-06,0.000201775,0.002630387,2.09857547,171.8514465,0.000114681,0.182773823,8.489691081,0,1.532820399,0.448699383,23.93287108,,0,0.109240245,,0,0,0,0,0.6417,0.0607,0.023708423,12.63244054
24,18,24018,0.003938862,9.05E-05,6.73E-05,0.000876796,1.323011172,197.2010404,7.23E-05,0.115226644,0.144666233,0,0.96634052,0.02613668,1.107072927,,0,,,0,0,0,0,0,0,0,0
24,19,24019,1.90E-05,4.37E-07,7.47E-06,9.74E-05,0.469427394,42.04952086,2.57E-05,0.040884419,1.102184183,0,0.342874438,0.163206418,4.454619274,,0,,,0,0,0,0,0,0,0,2.616974374
24,20,24020,0.111886526,0.002569752,0.008773464,0.114373121,7.352003572,63.55479527,0.000401765,0.640317119,6.236529707,0,5.369976543,0.090473123,17.38947929,,0.050372003,,,0,0,0,0,0.4415,0.0418,0.205844804,14.95502466
24,21,24021,0.001331982,3.06E-05,0.000298926,0.00389687,4.074661231,202.1947001,0.000222668,0.354879498,10.2840079,0,2.976173096,0.149487617,12.52444315,,0,7.64590977,,0,0,0,0,1.9899,0.1882,0,7.943888463
24,22,24022,0.004148174,9.53E-05,0.000687529,0.0089628,1.542566549,67.3504276,8.43E-05,0.134348652,7.453487341,0.040682065,1.126705952,0.245637485,12.09949256,,0,0.8946,,0,0,0,0,1.1951,0.1131,0,8.622535459
24,23,24023,0.002169229,4.98E-05,0.000545539,0.007111787,1.213277167,64.14685023,6.63E-05,0.105669445,5.948502991,0,0.886189712,0.176925218,18.95476206,,0,0.36413415,,0,0,0,0,1.1421,0.108,0,9.81559068
24,24,24024,0.016535611,0.000379781,0.010634276,0.138631134,7.208021374,290.6897168,0.000393897,0.6277771,20.3383111,0,5.264810514,0.711603634,29.5312869,,0.053477326,12.79626753,,0,0,0,0,3.0614,0.2896,0.194701121,18.47531228
24,25,24025,0.010351406,0.000237746,0.001838392,0.023965748,2.302404636,38.31570037,0.00012582,0.200526168,36.13177636,0,1.681699249,0.113889696,53.16026171,,0,,,0,0,0,0,2.296,0.2172,0.014644769,39.74888134
24,26,24026,9.51E-05,2.19E-06,3.74E-05,0.000487109,0.838905981,150.9967797,4.58E-05,0.073063874,0.14784257,0,0.612745273,0.02507229,1.675831484,,0,,,0,0,0,0,0,0,0,0
24,27,24027,0.002169229,4.98E-05,0.000567959,0.007404052,0.823878713,39.85356883,4.50E-05,0.071755085,3.327323361,0,0.601769207,0.1409725,6.16239023,,0,,,0,0,0,0,0,0,0.002223066,0.571736853
24,28,24028,1.492581475,0.034280846,0.123545921,1.610576187,66.93057863,106.7517001,0.00365756,5.829267471,13.61133126,0,48.88676043,0.37064414,17.74374948,,0.472332665,8.86972683,,0.040276642,0,0,0,2.5904,0.2451,21.48042498,14.57386676
24,29,24029,0.000913359,2.10E-05,0.000164409,0.002143278,1.907938847,314.1610906,0.000104263,0.166170472,2.399698193,0,1.393577513,0.081366678,2.121539323,,0,,,0,0,0,0,0,0,0,0.162689348
24,30,24030,3.81E-05,8.74E-07,7.47E-05,0.000974217,0.45623485,31.96620943,2.49E-05,0.039735425,1.449838668,0,0.333238473,0.184849008,4.227498426,,0,,,0,0,0,0,0,0,0,0.294390249
24,31,24031,0,0,7.47E-06,9.74E-05,0.932913775,130.7666024,5.10E-05,0.081251411,0.795664282,0,0.681409501,0.058659698,2.307629645,,0,2.42177139,,0,0,0,0,0,0,0,1.08149681
24,32,24032,0.006869224,0.000157769,0.003161137,0.041209396,3.123312842,172.6600708,0.00017068,0.272022539,2.479689734,2.931455708,2.281298769,0.318489045,5.480060804,,0,10.18802094,,0,0,0,0,0,0,0.075558551,4.468534099
24,33,24033,0.000247368,5.68E-06,5.98E-05,0.000779374,0.930467475,29.843584,5.08E-05,0.081038352,41.61190578,0,0.6796227,0.418778206,56.40415628,,0,,,0,0,0,0,0,0,0,52.05284434
24,34,24034,0.002131172,4.89E-05,0.000612797,0.007988583,1.165836431,163.2360804,6.37E-05,0.101537631,2.327365077,0,0.851538526,0.970132061,8.317697503,114.4327177,0,,,0,0,0,0,0,0,0.021190268,8.890585528
24,35,24035,0.088005983,0.002021276,0.014639878,0.190849186,22.01416152,27.23333878,0.00120301,1.917306533,6.604547963,24.80784488,16.07936256,0.261485065,10.53521121,,0.002785429,4.866654885,,0,0.28665,0.082,0,0,0,2.433619358,7.46976522
24,36,24036,0.01687812,0.000387648,0.001980382,0.025816761,2.272961675,181.4646675,0.000124211,0.197961856,4.936488822,0,1.660193817,0.045177429,24.10393465,537.305622,0,61.14015106,,0,0,0,0,0,0,0,19.87599009
24,37,24037,0.008714971,0.000200161,0.005313401,0.069266856,8.600752081,1177.74364,0.000470006,0.749075913,0.902372268,0,6.282074876,0.026728008,5.513959431,,0.004178143,,,0,0,0,0,0,0,0.067023225,0.051130938
24,38,24038,0.000513765,1.18E-05,0.000171882,0.0022407,1.414310562,218.0118406,7.73E-05,0.123178295,0.654174386,0,1.033026504,0.042339056,1.47150199,,0,,,0,0,0,0,0,0,0,0
24,39,24039,0.000723076,1.66E-05,0.000254087,0.003312339,1.240798036,200.0072066,6.78E-05,0.108066354,3.616655827,0.617272099,0.906291228,0.105019782,2.667435762,5.633610716,0,,,0,0,0,0,0,0,0,0.522155337
24,40,24040,0.017639253,0.000405129,0.004431571,0.057771091,3.136592754,197.8429027,0.000171406,0.273179143,15.25739846,0,2.290998549,12.74334631,42.72249455,114.5647554,0,1.09240245,,0,0,0,0,3.8444,0.3637,0.909075183,41.95680821
24,41,24041,0.000989473,2.27E-05,0.000463335,0.006040148,1.77610078,304.296444,9.71E-05,0.154688137,1.311525108,0,1.297281677,0.261130268,4.816219849,45.02487314,0,,,0,0,0,0,0,0,0,1.82831839
24,42,24042,0.003767607,8.65E-05,0.001210648,0.015782322,1.176233204,118.0889061,6.43E-05,0.10244313,0.654174386,0,0.859132433,0.094967213,1.398704727,,0,,,0,0,0,0,0,0,0.012941238,0.057328627
24,43,24043,0.002245342,5.16E-05,0.000545539,0.007111787,0.749266579,36.29280759,4.09E-05,0.065256799,0.144666233,0,0.547271763,0.212523139,1.670575802,,0,,,0,0,0,0,0,0,0.021395406,1.244186159
24,44,24044,0.001122671,2.58E-05,0.000134516,0.001753591,0.603012818,51.84688962,3.30E-05,0.052518939,3.492353366,0,0.440446561,0.101353551,9.905526611,,0,,,0,0,0,0,4.857,0.4595,0,10.33774602
24,45,24045,0.009894727,0.000227257,0.000680056,0.008865378,1.200259359,74.38625422,6.56E-05,0.104535669,7.126196627,0,0.876681375,0.104664985,13.41687527,,0,,,0,0,0,0,3.3146,0.3136,0,13.95099897
24,46,24046,0.007173677,0.000164761,0.000463335,0.006040148,1.30894495,64.97356268,7.15E-05,0.114001558,31.24790635,0,0.956066412,0.410144823,73.57188466,,0,0.5964,,0,0,0,0,0,0,0,45.13157464
24,47,24047,0.000266396,6.12E-06,6.73E-05,0.000876796,0.774603252,59.58781112,4.23E-05,0.067463477,6.151491243,0,0.565777921,0.128081558,12.39801928,,0,,,0,0,0,0,0,0,0,24.38790802
24,48,24048,0.001560322,3.58E-05,0.000194302,0.002532965,0.427053992,10.46700835,2.33E-05,0.03719394,0.220175686,0,0.311924484,0.007214197,0.685155842,,0,0.07455,,0,0,0,0,0,0,6.55839046,1.096991034
24,49,24049,0.008429546,0.000193605,0.000844465,0.011008656,2.978806438,107.5648711,0.000162783,0.259436865,108.7166742,0,2.175749854,0.356925339,128.2981125,,0,,,0,0,0,0,0,0,0,122.8536993
24,50,24050,0.049644889,0.001140218,0.002271834,0.029616209,3.701251091,193.7469088,0.000202263,0.322357628,8.206711288,0,2.703430615,0.329132942,14.71408116,,0,2.108304885,,0,0,0,0,2.7082,0.2562,0.115637993,11.43473705
24,51,24051,0.002511738,5.77E-05,0.000433442,0.005650461,1.166448006,64.42739673,6.37E-05,0.101590895,9.051168578,0,0.851985227,0.382707223,10.92968514,,0,25.92961464,,0,0,0,0,2.2077,0.2089,0,6.484332596
24,52,24052,0.001179756,2.71E-05,0.000515647,0.0067221,0.806579881,48.38616548,4.41E-05,0.070248457,9.044815905,0,0.589133968,0.158830593,17.68007305,,0,,,0,0,0,0,0.889,0.0841,0,8.456747266
24,53,24053,0.002340483,5.38E-05,0.001569359,0.020458565,3.00501679,438.5439415,0.000164215,0.261719635,0.729683839,0,2.194894156,0.032523018,1.949190855,,0,,,0,0,0,0,0,0,0,0.446233641
24,54,24054,0.003158701,7.25E-05,0.001606725,0.020945674,4.538060244,615.5697284,0.000247992,0.39523888,0,0,3.314644344,0.043639977,2.698416843,,0,1.90202958,,0,0,0,0,0,0,0,0
24,55,24055,0.003196758,7.34E-05,0.000216721,0.00282523,2.009372907,125.527937,0.000109806,0.175004794,0.960694287,0,1.46766596,0.17053888,2.026566238,,0,3.406524792,,0,0,0,0,0,0,9.257798558,0.914159195
24,56,24056,0.002511738,5.77E-05,0.000470808,0.00613757,1.26893048,59.16951985,6.93E-05,0.110516528,6.654646722,0,0.926839445,0.120867361,6.673471518,,0,3.05872686,,0,0,0,0,0,0,0,4.541356951
24,57,24057,0.00306356,7.04E-05,0.000926669,0.012080296,2.742389068,0,0.000149864,0.238846275,0.21699935,0,2.003068256,0.028856787,1.822358067,,0,,,0,0,0,0,0,0,0,0
24,58,24058,0.012729947,0.000292375,0.001487155,0.019386926,1.557681185,0,8.51E-05,0.135665049,12.33735736,0,1.137745832,0.066465222,21.0022473,470.9346458,0,50.93932431,,0,0,0,0,0,0,0,17.18619287
25,1,25001,0.241107851,0.005537641,0,0.618140933,0,136.0951965,0.00193491,3.083779418,150.3805493,0,25.86190913,2.443365643,374.9002943,586.2476151,0.160633692,,,0,3.49245,1.009,37.9,2.0641,0.1953,5.676379155,458.2981324
25,2,25002,0.006812139,0.000156458,0,0.036143465,0,29.90331219,0.000200988,0.320325963,106.0435252,0,2.686392187,0.66760886,125.9475113,,0.017788051,,,0,0,0,0,0,0,0,0
25,3,25003,0.000704048,1.62E-05,0,0.011398343,0,383.6550523,0.000148178,0.236160215,5.662346862,0,1.980541794,1.200749825,59.18421229,,0.011912054,47.7594294,,0,0,0,0,0,0,0.007028815,0
25,4,25004,0.005499185,0.000126302,0,0.011690609,0,156.0292203,0.000129754,0.206796177,11.77457411,0,1.734282264,0.156465283,33.45904363,,0.011159609,24.15211473,,0,0,0,0,0,0,0.286326187,0
25,5,25005,0.002454653,5.64E-05,0,0.018899817,0,145.2108893,8.73E-05,0.139073987,0.650998049,0,1.166334656,0.162969887,20.41462319,,0.005948601,56.75131041,,0,0,0,0,0,0,0,0
25,6,25006,0.410003226,0.009416744,0,1.283433987,0,709.8640329,0.003875574,6.176727965,180.9630395,118.8109923,51.80071454,16.01989254,456.8340458,444.26302,0.319485278,1.31088294,,0.035323286,9.63261,2.844,0,7.9816,0.7551,18.15827391,398.5756905
25,7,25007,0.002112144,4.85E-05,0,0.015977165,0,325.2076113,0.000155259,0.24744471,0.723331165,0,2.075178457,1.40097335,21.06034985,,0.012106765,127.5910844,,0,0,0,0,3.3797,0.3197,0,0
25,8,25008,0.005993921,0.000137665,0,0.043450096,0,222.194122,0.000220587,0.351561872,28.81399108,0,2.948350044,0.252142089,137.9344378,2.376679521,0.017967912,0.59295366,,0,0,0,0,2.4383,0.2307,0.188319419,110.6836903
25,9,25009,0.011911729,0.000273582,0,0.057089139,0,178.8970474,0.000239321,0.38142051,35.82208012,5.979090005,3.198757507,0.201406181,48.75420896,,0.019839122,,,0,0,0,0,3.5435,0.3352,0.000958475,0
25,10,25010,0.024413335,0.000560713,0,0.078034813,0,393.4930092,0.00044791,0.713860374,44.20823956,0,5.98674212,1.790658238,95.16682778,,0.036201489,,,0,0,0,0,9.0458,0.8557,1.133247521,0
25,11,25011,0.09710152,0.002230178,0,0.29470076,0,398.9686432,0.0012595,2.007339,207.4672599,0,16.83441381,2.934877144,379.4809036,,0.106626,,,0,0,0,0,0,0,0.58066551,312.8959352
25,12,25012,0.229196123,0.005264059,0,1.492501039,0,134.8404619,0.002008288,3.20072575,45.58256877,0,26.84267169,2.388845238,152.7275857,,0.176796397,,,0,3.40821,1.254,63.2,4.5784,0.4331,4.938926201,205.0441316
25,13,25013,0.003120645,7.17E-05,0,0.017438491,0,251.0147113,0.000202683,0.323027241,84.20845301,2.067353005,2.709046277,1.570684371,234.0361206,,0.017887057,,,0,0,0,0,1.8594,0.1759,6.014758767,0
25,14,25014,0.007154649,0.000164324,0,0.036727996,0,147.0210324,0.000224826,0.358318872,36.47177242,0,3.005017176,0.276741317,66.88482726,,0.01963616,22.01172723,,0,0,0,0,2.7541,0.2605,0.208452604,0
25,15,25015,0.024489449,0.000562461,0,0.114373121,0,25.45083268,0.000369658,0.589145014,36.09740149,0,4.94082512,1.070894284,124.9140255,,0.031749526,,,0,0,0,0,3.0347,0.2871,0.859578622,303.6771201
25,16,25016,0.001864775,4.28E-05,0,0.014320996,0,145.4955789,0.000107204,0.170857761,16.86314517,0,1.432887145,0.173613783,41.19774839,,0.00930325,101.9191981,,0,0,0,0,1.8302,0.1731,0,0
25,17,25017,0.009476104,0.000217642,0,0.030493004,0,521.7616135,0.000398104,0.634480836,78.94849927,0,5.321030946,1.265086267,300.4454399,,0.031558115,14.40888153,,0,0,0,0,2.8301,0.2677,0.005411389,0
25,18,25018,0.035525875,0.00081594,0,0.0851466,0,284.4899707,0.000634174,1.010719456,123.5449631,0,8.476330888,6.802869241,159.3097822,183.4444489,0.053256897,,,0,0,0,0,0.9882,0.0935,0.559313419,0
26,1,26001,0.001788662,4.11E-05,0.002633693,0.001071639,0.150580817,4.437891821,1.13E-05,0.01800345,2.607168532,0,0.150984724,0.252260354,1.698366566,,0,,,0,0,0,0,0,0,0,0
26,2,26002,0.146898636,0.003373893,0.247327726,0.100636656,4.663868494,8.090686208,0.000349873,0.557612344,3.078718438,0,4.676378503,1.892957913,1.681083708,,0,473.7730487,,0,0,0,0,1.6358,0.1548,0.169481671,4.733017211
26,3,26003,0.005175703,0.000118873,0.066560608,0.027083243,1.536548042,250.056533,0.000115268,0.183709759,6.694068514,0,1.540669562,0.427411589,66.62160957,,0,152.8115943,,0,0,0,0,0,0,0,0
26,4,26004,0.001065586,2.45E-05,0.043336223,0.017633335,0.573874568,2.529127916,4.31E-05,0.068612471,2.303417927,0,0.575413886,0.573706038,13.25658939,,0,,,0,0,0,0,0,0,0,0
26,5,26005,0.000133198,3.06E-06,0.00143656,0.00058453,0.077136074,6.81420631,5.79E-06,0.009222393,0.223352023,0,0.077342978,0.602799355,1.16490443,,0,,,0,0,0,0,0,0,0,0
26,6,26006,0.000646963,1.49E-05,0.00502796,0.002045857,0.180747895,13.21276871,1.36E-05,0.021610227,2.820991545,0,0.18123272,0.970368592,3.760542245,,0,,,0,0,0,0,0,0,0,0
26,7,26007,0.000152227,3.50E-06,0,0,0.044677825,0.348505544,3.35E-06,0.005341683,0.867997399,0,0.044797665,0.043639977,0.831082749,,0,,,0,0,0,0,0,0,0,0
26,8,26008,1.90E-05,4.37E-07,0.001915413,0.000779374,0.078408946,4.573747411,5.88E-06,0.009374577,0.289332466,0,0.078619264,0.354323498,2.080233796,,0,0.7455,,0,0,0,0,0,0,0,0
26,9,26009,9.51E-05,2.19E-06,0.00215484,0.000876796,0.043150378,2.984556583,3.24E-06,0.005159061,0.723331165,0,0.043266121,0.514573278,1.060446592,,0,,,0,0,0,0,0,0,0,0
26,10,26010,0.000133198,3.06E-06,0.00143656,0.00058453,0.084073229,12.57288111,6.31E-06,0.010051799,2.025327263,0,0.084298741,0.202707101,1.827750926,,0,,,0,0,0,0,0,0,0,0
26,11,26011,3.81E-05,8.74E-07,0.001915413,0.000779374,0.090119373,5.362435832,6.76E-06,0.010774677,2.025327263,0,0.090361103,0.112707041,14.23232323,,0,,,0,0,0,0,0,0,0,0
26,12,26012,0.006184204,0.000142036,0.032322597,0.013151935,1.288528835,21.14904693,9.67E-05,0.15405657,37.66982983,0,1.291985087,0.605637728,100.8167368,,0,,,0,0,0,0,0,0,0,0
26,13,26013,0.001427124,3.28E-05,0.003112546,0.001266483,0.091583177,0.677663527,6.87E-06,0.010949689,0.433998699,0,0.091828832,0.305479838,2.276119668,,0,,,0,0,0,0,0,0,0,0
26,14,26014,0.000418623,9.61E-06,0.004070253,0.00165617,0.210087607,2.760847538,1.58E-05,0.025118084,1.88066103,0,0.21065113,0.840513051,2.643327845,,0,,,0,0,0,0,0,0,0.040803006,0
26,15,26015,0,0,0.000478853,0.000194843,0.077199717,6.215824717,5.79E-06,0.009230002,2.314659729,0,0.077406792,0.349711143,3.896853283,,0,,,0,0,0,0,0,0,0,0
26,16,26016,0.000646963,1.49E-05,0.009816493,0.003994291,0.32356419,3.365819768,2.43E-05,0.03868535,2.0285036,0,0.324432094,0.09212884,0.351660712,,0,,,0,0,0,0,18.3397,1.735,0,0
26,17,26017,0.029132359,0.000669097,0.227934167,0.092745495,4.414640058,20.39997056,0.000331176,0.52781458,31.35029004,0,4.426481555,2.514324955,41.47345219,,0,,,0,0,0,2,4.0938,0.3873,7.928737953,87.76317651
26,18,26018,0.457764311,0.010513696,1.414772053,0.575665055,24.35316952,87.53904907,0.001826918,2.911666134,101.1326895,0,24.41849262,2.367557445,300.550439,,0,,,0,0.13221,0.108,0,1.9352,0.1831,5.173255363,306.0133513
26,19,26019,0.017011319,0.000390707,0.090742699,0.036922839,2.051043107,7.941015149,0.000153864,0.245222814,0.578664932,0,2.056544671,0.655427512,1.099676044,,0,2.982,,0,0,0,0,1.7876,0.1691,13.11297565,0
26,20,26020,0.000665991,1.53E-05,0.004070253,0.00165617,0.286650888,2.628680802,2.15E-05,0.034271994,3.905988293,0,0.287419778,0.699067489,6.238166246,,0,,,0,0,0,0,1.952,0.1847,0.00192467,0
26,21,26021,5.71E-05,1.31E-06,0.00143656,0.00058453,0.105966636,1.98161156,7.95E-06,0.012669376,3.058354666,0,0.106250873,1.339357014,6.213418339,,0,,,0,0,0,0,1.834,0.1735,0.583664954,0
26,22,26022,0.000247368,5.68E-06,0.00071828,0.000292265,0.048496442,1.477939107,3.64E-06,0.005798237,0.654174386,0,0.048626526,0.212168343,2.852381016,,0,,,0,0,0,0,0,0,0,0
26,23,26023,0.007040479,0.000161702,0.007661653,0.003117496,0.35551329,3.537858829,2.67E-05,0.042505186,6.368490593,0,0.356466892,0.833298854,3.238980013,,0,3.7275,,0,0,0,0,0,0,0,0
26,24,26024,3.81E-05,8.74E-07,0.000478853,0.000194843,0.041241069,0.576877355,3.09E-06,0.004930784,0.292508803,0,0.041351691,0.201997508,0.6032952,,0,,,0,0,0,0,0,0,0,0
26,25,26025,0.180540707,0.004146566,0.130487522,0.053094848,3.202292642,19.09635364,0.000240229,0.382866264,5.063318158,0,3.210882231,0.351248594,14.19169469,,0,,,0,0,0,0,1.6695,0.1579,0.162046726,0
26,26,26026,0.005689468,0.000130673,0.078053087,0.031759487,3.538012765,166.5359348,0.000265413,0.423004979,47.80094823,0,3.547502864,0.415466772,202.5378277,,0,,,0,0,0,0,0,0,0,0
26,27,26027,0.000437651,1.01E-05,0.017956998,0.00730663,0.464789394,9.495308736,3.49E-05,0.055570243,3.471989594,0,0.46603611,1.0279639,4.039074707,,0,2.982,,0,0,0,0,2.7868,0.2636,0,0
26,28,26028,0.00011417,2.62E-06,0.002633693,0.001071639,0.056324608,0.506733713,4.23E-06,0.006734173,0.795664282,0,0.056475689,0.235821447,0.827817299,,0,,,0,0,0,0,0,0,0,0
26,29,26029,0.125644001,0.002885727,0.655310731,0.266643299,8.679590309,133.5526328,0.000651123,1.03773224,15.99197143,0,8.702871788,2.978162325,80.72900815,,0,,,0,0,0.008,22.4,4.5238,0.428,0.825281574,18.28483183
26,30,26030,0.781131593,0.01794063,2.933455271,1.193611144,47.89539196,125.2850793,0.003593001,5.726375396,67.56694707,0,48.02386295,6.991266215,203.1123888,,0.59608178,,,0.022029511,7.38738,2.402,0,2.3652,0.2238,27.94572319,108.1256546
26,31,26031,0.00011417,2.62E-06,0.00287312,0.001169061,0.082100276,12.76646228,6.16E-06,0.009815913,0.289332466,0,0.082320496,0.499790088,0.707829682,,0,59.64,,0,0,0,0,0,0,0,0
26,32,26032,7.61E-05,1.75E-06,0.003351973,0.001363904,0.053524289,0.269268183,4.02E-06,0.006399367,1.374329214,0,0.053667858,0.336938466,1.077223249,,0,14.91,,0,0,0,0,0,0,0,0
26,33,26033,0.032100777,0.000737274,0.122347016,0.049782509,4.739349833,154.3672907,0.000355535,0.566636897,37.46855437,0,4.752062308,1.663286273,91.82388536,,0,,,0,0,0,0,2.3019,0.2178,0.109360543,0
26,34,26034,7.61E-05,1.75E-06,0.00215484,0.000876796,0.0638982,0.390140689,4.79E-06,0.007639672,0.21699935,0,0.064069595,0.250959433,2.087586722,,0,,,0,0,0,0,0,0,0,0
26,35,26035,0.011873672,0.000272708,0.030407184,0.012372561,0.690533333,4.383208897,5.18E-05,0.082560199,4.994161378,0,0.692385567,0.243272175,3.916958882,,0,42.9408,,0,0,0,0,1.4419,0.1364,0.043077616,0
26,36,26036,0.055924234,0.001284439,0.108460271,0.044132048,1.650470131,5.960665403,0.000123814,0.197330289,1.594504901,0,1.654897227,0.499317025,5.661405436,,0,0.7455,,0,0,0,0,0.9992,0.0945,0.02640587,13.9781569
26,37,26037,0.000380566,8.74E-06,0.007661653,0.003117496,0.083882298,1.262788275,6.29E-06,0.010028972,0.36484192,0,0.084107297,0.40813431,3.720299069,,0,,,0,0,0,0,0,0,0,6.132532091
26,38,26038,0.00192186,4.41E-05,0.017956998,0.00730663,0.282259477,1.407552183,2.12E-05,0.033746957,3.399656478,0,0.283016589,0.403048892,1.000661683,,0,,,0,0,0,0,0,0,0.010008284,7.773023043
26,39,26039,0.004129146,9.48E-05,0.028012918,0.011398343,0.404200663,0.634583659,3.03E-05,0.048326251,0.433998699,0,0.405284861,0.190052691,0.106587221,,0,,,0,0,0,0,1.8677,0.1767,0,0
26,40,26040,0.000665991,1.53E-05,0.000957707,0.000389687,0.105966636,14.19304985,7.95E-06,0.012669376,0.871173735,0,0.106250873,0.63567717,1.591405232,,0,58.8092715,,0,0,0,0,0,0,0,0
26,41,26041,0.038265953,0.000878873,0.039505397,0.016074587,0.725982832,2.43365181,5.45E-05,0.086798543,0.433998699,0,0.727930154,0.406833389,,,0,4.473,,0,0,0,0,1.0414,0.0985,14.67106454,0
26,42,26042,0.200996151,0.004616377,0.4762196,0.193771839,9.428612133,311.0075508,0.000707313,1.127285326,34.46680893,0,9.453902732,2.274127684,222.4684885,,0,,,0,0,0,0,4.2287,0.4,1.729864837,160.7016904
26,43,26043,0.73730937,0.016934143,0.824345943,0.335423047,13.29521693,15.23428272,0.000997376,1.589576784,0.680890831,0,13.33087902,0.54011863,0.65582743,,0,7.455,,0,0.53937,0.142,0,2.4664,0.2333,1.251184423,0
26,44,26044,0,0,0.001915413,0.000779374,0.023675429,1.417902636,1.78E-06,0.002830635,0.144666233,0,0.023738934,0.250604637,1.227111337,,0,,,0,0,0,0,0,0,0,0
26,45,26045,0.005879751,0.000135043,0.00143656,0.00058453,0.162800393,6.78313416,1.22E-05,0.019464423,1.735994797,0,0.163237077,0.612615394,4.144183558,,0,,,0,0,0,0,1.21,0.1145,0,0
26,46,26046,3.81E-05,8.74E-07,0,0,0.026793966,0.112709591,2.01E-06,0.003203488,0.506331816,0,0.026865836,0.015611049,0.38252431,,0,,,0,0,0,0,0,0,0,0
26,47,26047,0.007782583,0.000178746,0.021787825,0.008865378,0.584757628,4.159907094,4.39E-05,0.06991365,1.956170483,0,0.586326138,0.752050442,3.78204897,,0,,,0,0,0,0,1.6653,0.1575,3.93E-05,0
26,48,26048,0.021235606,0.000487729,0.693618994,0.282230777,3.356692077,1.083946412,0.000251811,0.401326268,0,0,3.365695815,0.013245738,0.078773047,,0,,,0,0,0,2.3,5.6706,0.5364,1.478884005,0
26,49,26049,0.000323481,7.43E-06,0.001675987,0.000681952,0.189276141,38.08280247,1.42E-05,0.022629865,4.129340317,0,0.189783841,1.855231212,12.49159621,,0,11.1825,,0,0,0,0,0,0,0,0
26,50,26050,0.000551821,1.27E-05,0.00215484,0.000876796,0.09813847,2.239263012,7.36E-06,0.01173344,2.820991545,0,0.098401709,0.507595612,5.982073961,,0,,,0,0,0,0,0,0,0.025853568,0
26,51,26051,0.000780161,1.79E-05,0.007661653,0.003117496,0.323309616,42.81661061,2.43E-05,0.038654913,2.100836717,0,0.324176837,1.775875048,12.73227919,,0,7.455,,0,0,0,0,0,0,0,0
26,52,26052,0.001141699,2.62E-05,0.011253052,0.004578822,0.358059035,17.48024733,2.69E-05,0.042809556,1.548888229,0,0.359019466,1.977636025,2.055479171,,0,37.7223,,0,0,0,0,0,0,0,1.651303981
26,53,26053,1.90E-05,4.37E-07,0,0,0.0189658,0.107594286,1.42E-06,0.002267552,0.795664282,0,0.019016673,0.077700447,0.932447522,,0,,,0,0,0,0,0,0,0,0
26,54,26054,0,0,0,0,0.014892608,0.899934179,1.12E-06,0.001780561,0.289332466,0,0.014932555,0.131274727,0.125314937,,0,,,0,0,0,0,0,0,0.015677313,0
26,55,26055,0.131790149,0.003026889,0.637832586,0.259531512,10.37072872,16.3053177,0.000777988,1.239924831,40.04411733,0,10.39854638,0.18425768,89.28448295,,0,,,0,0,0,0,5.4808,0.5185,0.566548538,0
26,56,26056,0.000285425,6.56E-06,0.004070253,0.00165617,0.405473536,24.10180036,3.04E-05,0.048478436,6.151491243,0,0.406561147,0.148068431,6.936932728,,0,,,0,0,0,0,0.7167,0.0678,0,0
26,57,26057,0.000361538,8.30E-06,0.00215484,0.000876796,0.087828203,2.356684248,6.59E-06,0.010500744,0.361665583,0,0.088063786,0.980302895,2.397895676,,0,,,0,0,0,0,0,0,0,0
26,58,26058,0.020436416,0.000469373,0.07350398,0.029908474,0.950772116,5.613796218,7.13E-05,0.113674361,4.050654527,0,0.953322395,0.330788659,5.070977288,,0,,,0,0,0,0,1.1889,0.1125,0.005878992,0
26,59,26059,0.000209312,4.81E-06,0.003112546,0.001266483,0.120350095,4.101617175,9.03E-06,0.014389063,1.518995447,0,0.120672913,0.190170956,1.099978991,,0,26.838,,0,0,0,0,2.2977,0.2174,0,0
26,60,26060,3.81E-05,8.74E-07,0.001915413,0.000779374,0.166173505,3.699973358,1.25E-05,0.019867712,1.81150425,0,0.166619237,0.203180163,1.320617185,,0,,,0,0,0,0,0,0,0,0
26,61,26061,0,0,0,0,0.072871951,5.413006295,5.47E-06,0.008712574,0.654174386,0,0.073067417,0.606820383,2.120275796,,0,,,0,0,0,0,0,0,0.002666543,0
26,62,26062,0.000209312,4.81E-06,0.001915413,0.000779374,0.069371551,1.778068908,5.20E-06,0.008294066,0.437175036,0,0.069557628,0.386255188,0.922761479,,0,41.0025,,0,0,0,0,0,0,0,0
26,63,26063,1.90E-05,4.37E-07,0.00071828,0.000292265,0.069944344,1.026752969,5.25E-06,0.008362549,0.289332466,0,0.070131957,0.109750403,0.295279135,,0,,,0,0,0,0,0,0,0,0
26,64,26064,7.61E-05,1.75E-06,0.003830826,0.001558748,0.104693763,3.420431943,7.85E-06,0.012517191,1.808327914,0,0.104974586,0.153035583,11.61430265,,0,,,0,0,0,0,2.3905,0.2261,0.194895593,0
26,65,26065,5.71E-05,1.31E-06,0.000239427,9.74E-05,0.107494083,4.560036268,8.06E-06,0.012851998,0.867997399,0,0.107782417,0.094257619,3.381172421,,0,,,0,0,0,0,0,0,0,0
26,66,26066,0.001978945,4.55E-05,0.011492479,0.004676243,0.519268337,4.340753603,3.90E-05,0.062083748,6.167372927,0,0.520661184,1.010224072,11.07595992,,0,,,0,0,0,0,0,0,0,16.50068206
26,67,26067,5.71E-05,1.31E-06,0.003830826,0.001558748,0.09514722,1.36996218,7.14E-06,0.011375806,0.437175036,0,0.095402435,0.394888571,1.916725085,,0,14.4627,,0,0,0,0,0,0,0,0
26,68,26068,0,0,0,0,0.084646021,0.876192624,6.35E-06,0.010120282,1.166858875,0,0.08487307,0.56282561,4.415241384,,0,,,0,0,0,0,0,0,0,0
26,69,26069,0.001674492,3.85E-05,0.015083879,0.00613757,0.394335901,69.63736064,2.96E-05,0.04714682,0.457538807,0,0.395393638,1.006794372,1.81206596,,0,3.281622,,0,0,0,0,0,0,0,0
26,70,26070,0.002169229,4.98E-05,0.080926206,0.032928548,0.806301087,3.549575218,6.05E-05,0.096401397,6.640228583,0,0.808463848,0.125361451,7.565766373,,0,,,0,0,0,0,0,0,0,0
26,71,26071,0.004091089,9.40E-05,0.04357565,0.017730756,1.277773062,42.99225177,9.59E-05,0.15277061,21.66832939,0,1.281200464,0.107858154,98.29684567,,0,,,0,0,0,0,0,0,0.01149532,0
26,72,26072,0.001103643,2.53E-05,0.014126172,0.005747883,0.846587502,28.4844814,6.35E-05,0.101218043,22.94189625,0,0.848858324,0.435335379,112.0582916,,0,,,0,0,0,0,0,0,0,0
27,1,27001,0.009247764,0.000212398,0,0.040819709,8.117360457,442.1970699,0.000251682,0.401120819,9.258638918,0.203410324,3.363972828,5.843262812,28.08730655,4.753359041,0.004212965,,,0,0,0,2.5,2.3067,0.2182,0.058290623,47.32550755
27,2,27002,0.057693868,0.001325083,0,0.282133356,33.78817606,1044.907441,0.001047617,1.669648764,9.520598651,11.07921271,14.0023973,2.557373604,46.98747597,720.9023545,0.015913351,,,0,0,0,0,0,0,4.454527417,57.61216263
27,3,27003,0.008296348,0.000190546,0,0.060596322,14.70394826,684.1309752,0.000455902,0.726598233,5.063318158,2.597393368,6.093567321,1.202169011,2.862199518,,0.006637899,73.11453062,,0,0,0,0,0,0,0.003497258,1.760882314
27,4,27004,0.23602729,0.005420954,0,1.465417796,88.63205987,536.2071121,0.002748076,4.379769092,2.824167882,27.54488726,36.73063955,2.831394814,1.454452617,,0.045458135,,,0.022712706,0.63063,0.304,0,0,0,40.61535703,6.790743541
27,5,27005,0.026011714,0.000597424,0,0.1613304,27.46813764,1187.228343,0.000851662,1.357342935,4.270830213,6.815419375,11.38326543,0.901301528,2.371699988,2.931238076,0.012644298,,,0,0,0,0,0,0,1.333005805,4.076169664
27,6,27006,0.009571245,0.000219827,0,0.053874222,17.75132687,739.7749237,0.000550388,0.877184993,2.603992196,12.21518113,7.35645307,1.063916618,5.78487183,88.81739394,0.008316919,,,0,0,0,0,0,0,0.213263454,2.987467548
27,7,27007,0.008372461,0.000192294,0,0.049685087,4.066148539,97.08547593,0.000126073,0.200929457,2.827344219,2.75992604,1.685081409,1.014363365,17.13902214,1.980566267,0.002161782,,,0,0,0,0,0.2829,0.0268,0.092642585,19.31799929
27,8,27008,0.031244503,0.000717608,0,0.095181039,25.34852336,1291.444359,0.000785942,1.252601816,12.24335472,1.406269452,10.50486106,5.428978696,23.7386951,245.0981565,0.011483317,28.97072117,,0,0,0,0,3.9266,0.3715,4.223551617,30.14182402
27,9,27009,0.002435625,5.59E-05,0,0.018802396,5.252301012,227.1149326,0.00016285,0.259543394,0.795664282,0.587542897,2.176643255,1.60344392,1.552019428,,0.002598779,,,0,0,0,0,0,0,4.129583137,1.467880689
27,10,27010,0.006964365,0.000159954,0,0.033025969,11.69629798,491.3487283,0.000362649,0.577974657,0.940330515,6.901868763,4.847145672,0.500736212,0.923857901,,0.005120965,,,0,0,0,0,0,0,0.004299908,0.183844157
27,11,27011,0.001408096,3.23E-05,0,0.018802396,4.496230826,310.6240895,0.000139408,0.22218205,1.446662331,0.030511549,1.863314855,2.09921298,3.189589378,,0.002110614,,,0,0,0,0,0,0,0.639584378,5.684806036
27,12,27012,0.039864332,0.000915584,0,0.106384539,22.90430706,963.9079831,0.000710158,1.13182043,3.547499047,3.917409019,9.491936077,3.71956887,2.430675917,,0.010500631,11.25705,,0,0,0,0,1.3971,0.1322,2.036847167,1.904510562
27,13,27013,0.006355459,0.000145969,0,0.055920078,13.87319497,295.7648465,0.000430144,0.685546411,0.650998049,1.41194147,5.749288968,0.834244978,0.821297541,,0.006320401,,,0,0,0,0,0,0,0.106282253,1.14902598
27,14,27014,0.008296348,0.000190546,0,0.096544943,12.82331992,358.2530053,0.000397593,0.633666647,0.506331816,4.238758213,5.314202811,0.16710918,0.246257706,,0.005861475,,,0,0,0,103.5,0,0,0.950612142,0.445247567
27,15,27015,0.004699995,0.000107947,0,0.025134809,6.822186051,471.9665161,0.000211525,0.337119544,1.229662981,0.021318967,2.827230431,1.516637028,6.147372329,,0.00293471,,,0,0,0,0,1.1403,0.1079,12.81727094,2.438807642
27,16,27016,0.009837642,0.000225946,0,0.056991717,7.914407198,235.5592667,0.00024539,0.391091847,2.314659729,5.203783731,3.27986553,0.561169892,0.321396873,,0.003713677,,,0,0,0,0,0.8095,0.0766,15.4830906,18.78370221
27,17,27017,0.013472051,0.000309419,0,0.068292639,8.469833911,366.5739341,0.000262611,0.418538358,5.211160728,1.598531325,3.510043847,3.897203681,14.80219777,160.5138928,0.004423359,29.64051981,,0,0,0,0,1.784,0.1688,0.553453682,7.45717861
28,1,28001,0,0,0,0.007209209,3.445439029,11.95667903,5.43E-05,0.086615921,20.5426051,0,0.726398609,0.490328846,66.65378842,,0.01029199,,,0,0,0,0,0,0,0,54.41490356
28,2,28002,0,0,0,0.026790978,8.209061926,82.93597002,0.000129486,0.20637006,37.99394421,0,1.730708661,2.112576984,45.81478199,,0.025043612,0.7282683,,0,0,0,0,0,0,7.533297169,34.58120744
28,3,28003,0.16056097,0.003687682,0,0.134734265,54.57039068,187.1319332,0.000860771,1.371861355,36.40074506,0,11.50502318,2.601604909,158.6178638,0.132037751,0.143687765,,,0,0,0,92.9,3.3162,0.3137,4.042708954,122.0670179
28,4,28004,0.001427124,3.28E-05,0,0.005650461,2.500463131,56.72231566,3.94E-05,0.06285989,6.227000696,0,0.527170246,0.145230059,13.64916497,139.0797645,0.007977672,2.96132196,,0,0,0,0,0,0,2.665236934,9.953861678
28,5,28005,0.001731577,3.98E-05,0,0.002143278,1.395670681,6.780034428,2.20E-05,0.035086182,5.714316207,0,0.294247913,0.798410526,22.19314566,,0.004701066,,,0,0,0,0,0,0,0,10.17048031
28,6,28006,0.000304453,6.99E-06,0,0.00058453,2.177500516,68.80357985,3.43E-05,0.054740836,0.650998049,0,0.459080348,0.246228813,16.87371051,,0.00556678,13.44007199,,0,0,0,0,0,0,0,15.59106293
28,7,28007,0.016821035,0.000386337,0,0.015295213,5.458280067,1.248933682,8.61E-05,0.137217333,22.78493171,0,1.150763957,0.609303959,27.05987304,,0.017445336,,0.013711561,0,0,0,0,2.4968,0.2362,2.633019135,18.57136003
28,8,28008,0,0,0,0.002045857,1.209218037,29.46943724,1.91E-05,0.030398894,18.59596363,0,0.25493828,0.917385639,100.340478,,0.003631858,2.189747565,,0,0,0,0,1.1439,0.1082,0,48.09421769
28,9,28009,0.131067073,0.003010281,0,0.344093582,59.73718715,29.18354719,0.00094227,1.501750995,0,0,12.59433393,0,,,0.184821233,,,0,0,0,0,0,0,10.87608994,0
28,10,28010,5.71E-05,1.31E-06,0,0.00165617,0.675890833,2.972055273,1.07E-05,0.016991422,4.339986993,0,0.142497417,0.602089762,26.06761884,,0.002328114,,,0,0,0,0,0,0,0.011674967,5.100983934
28,11,28011,0.004243316,9.75E-05,0,0.0089628,2.513781177,48.60839441,3.97E-05,0.063194696,7.236487991,0,0.529978077,0.079119633,16.1507931,234.1469454,0.007843158,,,0,0,0,0,0,0,0,19.8544779
28,12,28012,0.013662334,0.000313789,0,0.041696504,11.99471649,118.4749268,0.0001892,0.301538762,52.69606005,0,2.528834586,2.686756083,390.4921658,191.4547392,0.035987473,,,0,0,0,0,3.8551,0.3647,0.076304252,217.9757965
28,13,28013,0.003919834,9.00E-05,0,0.001851013,4.385572001,83.20793204,6.92E-05,0.110250205,16.29213866,0,0.924605943,0.398791333,76.10521088,,0.0124511,1.74675549,,0,0,0,0,0.2585,0.0245,0,41.65095076
28,14,28014,0.000380566,8.74E-06,0,0.008865378,1.125374884,0.229599426,1.78E-05,0.028291135,3.185833465,0,0.237261709,0.945769363,0.250442238,,0.003952621,,,0,0,0,0,0,0,0,0.606135437
28,15,28015,0.011055454,0.000253916,0,0.019094661,4.405246387,1.16884583,6.95E-05,0.110744805,21.69993496,0,0.928753875,0.236767571,20.1752926,,0.01461366,,,0,0,0,0,0.9404,0.089,0,17.83218967
28,16,28016,0.011264766,0.000258723,0,0.014808104,7.001962669,108.4305375,0.000110446,0.176024431,15.86131629,0,1.476217081,0.635558904,50.26552046,,0.021449693,,,0,0,0,0,2.3978,0.2268,0,40.61737177
28,17,28017,0.006869224,0.000157769,0,0.011885452,4.407970533,128.665835,6.95E-05,0.110813288,0.440351373,0,0.929328204,0.548160685,9.608877805,,0.011850964,0.840954885,,0,0,0,0,0,0,0,9.13375256
28,18,28018,0.001959917,4.50E-05,0,0.009937017,2.460508993,7.424466086,3.88E-05,0.061855471,9.6203045,0,0.518746754,0.50369285,38.25109049,,0.007332698,,,0,0,0,0,0,0,0,18.86576867
28,19,28019,0.001731577,3.98E-05,0,0.009644752,5.211896217,109.1290268,8.22E-05,0.131023416,14.75913211,0,1.098819086,0.704034641,41.03364466,,0.016672747,0.334613415,,0,0,0,0,2.1998,0.2081,1.023123583,24.07404645
28,20,28020,3.81E-05,8.74E-07,0,0.000292265,0.718569117,16.12038203,1.13E-05,0.018064324,3.327323361,0,0.151495238,0.127963293,24.34946684,,0.002390197,,,0,0,0,0,0,0,0,5.807879547
28,21,28021,0.040092672,0.000920828,0,0.178671469,33.18463568,113.7378836,0.000523441,0.834238471,33.94459543,0,6.996284947,1.359107356,142.8590748,599.4073776,0.107324344,,,0,0,0,0,3.1182,0.295,13.30758187,110.8372332
28,22,28022,1.164723509,0.026750772,0,0.705528233,146.9988404,25.87923072,0.0023187,3.695447768,99.89521029,0,30.99162469,0.597595673,523.4746552,,0.414366405,,0.02018367,0,0.20358,0.09,0,2.4363,0.2305,27.77358585,229.5559589
28,23,28023,0.000304453,6.99E-06,0,0.001851013,1.391130438,1.828125993,2.19E-05,0.034972044,21.12127003,0,0.293290697,1.039908717,223.1388465,,0.004518266,,,0,0,0,0,0,0,0,88.17617506
28,24,28024,0.002930361,6.73E-05,0,0.012275139,1.963503732,0.416425127,3.10E-05,0.049361107,4.773985692,0,0.413963611,0.61060488,2.530773088,,0.006522169,,,0,0,0,0,0,0,0.001286629,2.446897911
28,25,28025,0.00555627,0.000127614,0,0.061862804,7.019215592,1.634844336,0.000110718,0.176458158,11.13929995,0,1.479854498,0.331971315,13.85670596,,0.022518901,,0.012778472,0,0,0,0,0,0,15.52752442,8.451259802
28,26,28026,0.000285425,6.56E-06,0,0.000876796,1.075129529,37.42839463,1.70E-05,0.027028002,0.578664932,0,0.226668529,0.13304871,8.676071992,,0.002921352,42.64312717,,0,0,0,0,0,0,0,7.124059353
28,27,28027,0.412762332,0.009480114,0,0.543808146,114.8336406,8.273520771,0.001811339,2.8868372,2.968834115,0,24.21026644,0.395952961,0.330217705,,0.306124611,,0.075902015,0,0.75816,0.193,0,1.4409,0.1363,10.81145792,1.646799134
28,28,28028,0.000437651,1.01E-05,0,0.002338122,0.890492983,18.76342568,1.40E-05,0.022386369,3.833655177,0,0.187741782,0.101590082,6.410089263,90.40184696,0.002717858,2.60063415,,0,0,0,0,0,0,0,6.208086373
28,29,28029,0.001636436,3.76E-05,0,0.010034439,3.646117767,103.4408176,5.75E-05,0.091660844,9.117149021,0,0.768707516,0.356215746,15.94855797,266.1881063,0.011892353,6.73063173,,0,0,0,0,0,0,0,21.56661371
28,30,28030,0.001674492,3.85E-05,0,0.021919891,3.696665805,23.84826178,5.83E-05,0.092931586,17.07696818,0,0.77936451,0.329842535,49.13340921,,0.011202541,,,0,0,0,0,0,0,0,28.82433774
28,31,28031,0.000285425,6.56E-06,0,0.001169061,0.464618195,12.18352409,7.33E-06,0.011680176,0.289332466,0,0.097955009,0.164625604,2.180529244,,0.001676242,0.58950732,,0,0,0,0,0,0,0,1.882955798
28,32,28032,2.005527915,0.046061937,0,0.862377232,174.3734786,20.91043722,0.002750497,4.383626974,38.65129493,0,36.76299342,1.849081405,296.735693,,0.465039968,,0.07154753,0.019915132,1.10682,0.2,0,2.6727,0.2528,16.97017377,142.5020476
28,33,28033,0.064829489,0.00148897,0,0.125284356,32.64797896,10.65216287,0.000514976,0.820747297,68.80598127,0,6.883142126,0.10797642,518.9069237,,0.093921304,,0.024517256,0,0,0,0,1.4024,0.1327,1.979860043,253.0150849
28,34,28034,0.000323481,7.43E-06,0,0.001558748,2.746544298,59.17261869,4.33E-05,0.069046198,9.692637617,0,0.579051303,0.695046461,75.4818332,,0.008774404,,,0,0,0,0,0,0,0,34.25169018
28,35,28035,0.015470025,0.000355308,0,0.050367039,17.66396652,17.62967311,0.000278624,0.444059732,109.5295259,0,3.724077137,0.851275213,744.7760555,,0.051284047,,,0,0,0,0,0,0,0.034548373,317.8306586
28,36,28036,0,0,0,0,0.319633103,7.876505521,5.04E-06,0.008035352,0.072333117,0,0.067387941,0.053929077,0.958549974,,0.000851917,0.14565366,,0,0,0,0,0,0,0,0
28,37,28037,0.002625908,6.03E-05,0,0.023868326,6.7240998,37.84176857,0.000106063,0.169039154,45.93152901,0,1.417635519,5.050765563,54.72298481,,0.020370138,,,0,0,0,0,0,0,0,30.68747212
28,38,28038,0.11772822,0.002703921,0,0.796325293,92.91849332,18.90305105,0.001465659,2.335905764,0.654174386,0,19.58991692,0,,,0.28832747,,,0,3.61881,1.095,78.8,1.1989,0.1134,11.13915793,0
28,39,28039,0.004053032,9.31E-05,0,0.0201663,7.487163298,167.3908458,0.000118099,0.188222035,5.207984391,0,1.578511465,0.892668145,31.63356892,,0.019911413,25.32142734,,0,0,0,0,0,0,0.004229197,28.85047241
28,40,28040,0.068882521,0.001582058,0,0.073845678,19.44555785,6.314961445,0.000306726,0.488847688,56.56767347,0,4.099688331,0.075453402,221.2779346,,0.056530064,,,0,0,0,0,0,0,0.325433761,95.06388883
28,41,28041,0.153387293,0.003522921,0,0.430604086,93.40066712,114.6373877,0.001473264,2.348027275,9.6203045,0,19.69157316,0.345217053,41.81966893,,0.258710408,34.75596105,,0.019915132,0.29718,0.091,0,2.6342,0.2492,17.36436189,21.55401869
28,42,28042,0.000190283,4.37E-06,0,0.000974217,1.889649113,34.89847242,2.98E-05,0.047504454,8.969306452,0,0.398392912,0.719409158,23.95265794,,0.006260041,,,0,0,0,0,2.2658,0.2143,0,14.97044322
28,43,28043,0.019732369,0.000453203,0,0.022601843,6.562467152,60.38595538,0.000103514,0.164975822,8.223898723,0,1.383558662,0.208265581,29.4585933,352.1006697,0.02094958,,,0,0,0,0,2.5518,0.2414,0.033583401,30.53326182
29,1,29001,0,4.33E-05,0.00010757,0.003409761,0.152105049,13.75326112,3.81E-05,0.060676039,0.289332466,0,0.508855531,0.028620256,1.118567996,,0,,,0,0,0,0,0,0,0.012514467,1.025337904
29,2,29002,0,0.000327775,0.000507117,0.016074587,0.236665079,12.50029677,5.92E-05,0.094407778,0.144666233,0,0.791744492,0.015137987,1.351615351,,0,,,0,0,0,0,0,0,0.233080707,1.330168092
29,3,29003,0,3.93E-06,5.84E-05,0.001851013,0.10361608,14.38339026,2.59E-05,0.041333364,5.803836758,0,0.346639484,0.188988301,15.25120767,,0,,,0,0,0,0,0.3591,0.034,0.879524894,7.403018847
29,4,29004,0,9.48E-05,9.53E-05,0.003020074,0.286126879,95.87807008,7.16E-05,0.114138524,9.909636967,0,0.95721507,0.306544228,12.49878569,,0,0.7455,,0,0,0,0,0,0,0,9.64503828
29,5,29005,0,0.001148085,0.005455354,0.172923586,1.451216454,13.59588291,0.000363231,0.578902984,2.335023501,0,4.854931021,0.281117141,11.59034427,,0,,,0,0,0,0,0.3334,0.0315,0.262009868,5.413045153
29,6,29006,0,0.000927383,0.001515205,0.048028917,0.81864715,20.73620708,0.000204903,0.326565535,14.53895643,0,2.738719944,0.278870096,49.11076614,,0,2.14816464,,0,0,0,0,1.2362,0.1169,0.303392619,19.30987073
29,7,29007,0,0.000160828,0.000559366,0.017730756,0.283322835,52.32941032,7.09E-05,0.113019966,1.012663632,0,0.947834362,0.051918563,2.189488561,,0,,,0,0,0,0,0.3693,0.0349,0,1.384272152
29,8,29008,0,8.13E-05,0.000248949,0.007891161,0.259860431,62.15559541,6.50E-05,0.103660607,8.535307752,0,0.869342727,0.215006715,18.21449299,,0,,,0,0,0,0,0.7284,0.0689,0,11.53076269
29,9,29009,0,1.14E-05,6.15E-06,0.000194843,0.084292978,15.85358569,2.11E-05,0.033625209,1.157329865,0,0.28199556,0.048488863,1.896153059,,0,0.2982,,0,0,0,0,0,0,0.050613625,1.798630069
29,10,29010,0,0.001724531,0.002809123,0.089043469,1.254418387,47.58576126,0.000313974,0.500398507,0.723331165,0,4.196558496,0.112943572,5.064223907,,0,4.76086098,,0,0,0,0,0.1026,0.0097,0.152098907,4.956459677
29,11,29011,0,6.99E-06,4.30E-05,0.001363904,0.075022468,6.982302192,1.88E-05,0.029927121,6.799312955,0,0.250981791,0.207792519,15.337871,,0,,,0,0,0,0,0.8874,0.0839,0,6.239121766
29,12,29012,0,3.80E-05,2.77E-05,0.000876796,0.162024114,53.54135377,4.06E-05,0.064632841,6.513156826,0,0.542038987,0.104073658,18.4788367,,0,3.9339183,,0,0,0,0,0.872,0.0825,0.460116511,8.598586596
29,13,29013,0,0.002566256,0.002160628,0.068487482,1.583387997,287.8566584,0.000396313,0.631627372,22.06160055,0,5.297100569,1.553654136,37.35324482,,0,15.12495983,,0,0,0,0,1.9389,0.1834,1.093649395,31.30777578
29,14,29014,0,0.000104888,0.000239728,0.007598896,0.234185313,27.01262038,5.86E-05,0.093418577,13.96029149,0,0.783448628,0.163088152,29.74160491,,0,1.7719683,,0,0,0,0,0.3796,0.0359,0.006880247,13.35578498
29,15,29015,0,0.000873628,0.000611614,0.019386926,0.635430572,59.94412728,0.000159045,0.253478834,6.148314906,0,2.125783228,0.17160327,9.229410504,,0,0.4473,,0,0,0,0,0.3898,0.0369,0,7.412256125
29,16,29016,0,8.35E-05,7.99E-05,0.002532965,0.124388892,28.79928269,3.11E-05,0.049619821,3.327323361,0,0.416133298,0.048370598,2.383849972,,0,4.774044,,0,0,0,0,0.2513,0.0238,0,1.966220692
29,17,29017,0,0.000102266,0.000202847,0.006429835,0.164828157,102.7275573,4.13E-05,0.065751399,0.144666233,0,0.551419695,0.006268073,0.73289455,,0,0.66922683,,0,0,0,0,0,0,0,0.657166379
29,18,29018,0,0.000920391,0.000307344,0.009742174,0.65034732,139.3025988,0.000162778,0.259429255,0.144666233,0,2.17568604,0.037253639,2.537409847,,0,4.28008782,,0,0,0,0,0.2052,0.0194,0.017516284,2.532333898
29,19,29019,0,0.000521817,0.000433355,0.013736465,0.330133193,16.27067881,8.26E-05,0.131693029,1.229662981,0,1.104434748,0.114362758,3.027866991,,0,,,0,0,0,0,0,0,0,2.682769575
29,20,29020,0,3.93E-05,8.30E-05,0.002630387,0.147469793,12.33465762,3.69E-05,0.058826995,6.148314906,0,0.493348647,0.39914613,14.16883068,,0,,,0,0,0,0,0.0821,0.0078,0,6.37504172
29,21,29021,0,0.000268775,0.000494824,0.0156849,0.305564431,19.5027469,7.65E-05,0.121892334,6.148314906,0,1.02224188,0.182128901,21.56587701,,0,5.98647747,,0,0,0,0,0.6361,0.0602,0,10.46319723
29,22,29022,0,6.86E-05,5.22E-05,0.00165617,0.102204521,7.337234343,2.56E-05,0.040770281,0.21699935,0,0.341917223,0.010643897,0.961250043,,0,4.637835375,,0,0,0,0,0.0769,0.0073,0.174775796,0.828715835
29,23,29023,0,9.09E-05,0.000448722,0.014223574,0.418832525,38.39792526,0.000104831,0.167075971,4.990985042,0,1.401171419,0.190052691,5.939353224,,0,,,0,0,0,0,0,0,0.200459729,5.655853614
29,24,29024,0,0.000130236,0.000202847,0.006429835,0.419709981,50.92805578,0.000105051,0.167425996,3.110324011,0,1.404106879,0.034178735,3.60550966,,0,,,0,0,0,0,0,0,0.003344469,3.496969687
29,25,29025,0,0.00095142,0.000958913,0.030395583,1.333084203,182.1948697,0.000333663,0.531778992,1.446662331,0,4.459728826,0.047542739,2.576461131,,0,,,0,0,0,0,0,0,0.110080876,2.54553001
29,26,29026,0,0.000165635,0.000479457,0.015197791,0.31449159,24.74317726,7.87E-05,0.125453456,0.144666233,0,1.052106991,0.037135373,2.624676034,,0,0.37275,,0,0,0,0,0.3232,0.0306,0,2.637902794
29,27,29027,0,8.04E-05,0.000184406,0.005845304,0.2017576,31.34827769,5.05E-05,0.080482878,0.506331816,0,0.674964253,0.016557173,0.989064069,,0,0.1491,,0,0,0,0,0.0205,0.0019,0,0.992347624
29,28,29028,0,0.000752133,0.000227434,0.007209209,0.391555096,40.90582124,9.80E-05,0.156194765,0.220175686,0,1.309916916,0.048015801,4.921979944,,0,5.64512196,,0,0,0,0,0.1949,0.0184,0,4.984171512
29,29,29029,0,2.05E-05,8.30E-05,0.002630387,0.173316588,7.918439556,4.34E-05,0.069137509,0.506331816,0,0.579817075,0.0068594,1.016324055,,0,,,0,0,0,0,0,0,0,1.091318465
29,30,29030,0,2.58E-05,8.30E-05,0.002630387,0.256884712,88.1745504,6.43E-05,0.102473567,5.641983091,0,0.85938769,0.121222158,21.84396599,,0,,,0,0,0,0,0,0,0,10.2837301
29,31,29031,0,0.003032133,0.000470236,0.014905526,0.506043998,25.6885573,0.00012666,0.201865393,5.142003948,0,1.692930573,0.253443009,21.56136088,,0,3.27330732,,0,0,0,0,0.8823,0.0835,0.079696193,10.39061861
29,32,29032,0,8.17E-05,0.000110644,0.003507183,0.223617693,11.52868078,5.60E-05,0.089203061,2.386992846,0,0.748095484,0.302286669,3.439461078,,0,,,0,0,0,0,0,0,0,2.95197026
29,33,29033,0,0.001065049,0.006626335,0.210041269,1.692249736,26.69565135,0.000423561,0.675053276,1.663661681,0,5.661288996,0.030867301,2.601043983,,0.089133724,,,0.014042506,0,0,0,0,0,0.970501381,2.806813028
29,34,29034,0,0.000637194,0.000488677,0.015490056,0.725293487,148.1255583,0.000181537,0.289325939,22.5711087,0,2.426412574,0.407424716,91.4790497,,0,9.827625485,,0,0,0,0,1.2465,0.1179,0.127534599,41.29063453
29,35,29035,0,2.62E-05,9.22E-06,0.000292265,0.099324177,8.858316964,2.49E-05,0.039621286,0.21699935,0,0.332281258,0.03193169,2.548997075,,0,0.37102683,,0,0,0,0,0,0,0,1.314332758
29,36,29036,0,0.000229879,0.000568586,0.018023022,0.403896702,13.73390208,0.000101093,0.16111794,0.144666233,0,1.351204793,0.013837066,0.34621814,,0,,,0,0,0,0,0,0,0.082693064,0.337820468
29,37,29037,0,4.98E-05,7.07E-05,0.0022407,0.160097526,78.02018124,4.01E-05,0.063864309,1.883837367,0,0.535593739,0.054402139,6.228795208,,0,5.922224565,,0,0,0,0,0,0,0,5.659812448
29,38,29038,0,0.000465877,0.0001967,0.006234991,0.271954061,12.98688977,6.81E-05,0.108484862,1.735994797,0,0.909801017,0.068830533,5.638561421,,0,,,0,0,0,0,0.4822,0.0456,0.005160185,4.209559736
29,39,29039,0,0.000645934,0.000215141,0.006819522,0.404392655,61.80695081,0.000101217,0.16131578,2.169993496,0,1.352863966,0.088107812,5.147722942,,0,,,0,0,0,0,0.3745,0.0354,0,3.953555163
29,40,29040,0,4.37E-06,8.30E-05,0.002630387,0.171771503,37.86196347,4.30E-05,0.06852116,3.833655177,0,0.574648114,0.124888389,26.36122689,,0,1.04025366,,0,0,0,0,0,0,0.89873225,13.13540991
29,41,29041,0,0.001644117,0.000845196,0.026790978,0.484431881,64.6874003,0.000121251,0.19324413,0.506331816,0,1.620628928,0.214651919,3.00896198,,0,0.775020735,,0,0,0,0,0.1488,0.0141,0.027986358,3.015311598
29,42,29042,0,0.000296745,0.000288903,0.009157643,0.204580718,11.82876808,5.12E-05,0.081609045,0.437175036,0,0.684408775,0.041511198,0.92952973,,0,,,0,0,0,0,0.0667,0.0063,0,0.927686675
29,43,29043,0,0.000359678,0.000550146,0.017438491,0.596784369,19.96441693,0.000149372,0.238062524,1.952994147,0,1.996495379,0.051682032,7.713321186,,0,,,0,0,0,0,0,0,0.141331738,3.326739842
29,44,29044,0,0.00040644,0.001343093,0.0425733,0.69832126,34.77428595,0.000174786,0.278566481,3.110324011,0,2.3361791,0.055939591,2.255222477,,0,,,0,0,0,0,0,0,0,2.177358484
29,45,29045,0,2.36E-05,2.15E-05,0.000681952,0.103081977,0,2.58E-05,0.041120306,2.982845213,0,0.344852683,0.135532286,10.47610836,,0,,,0,0,0,0,0.5899,0.0558,0,4.788869054
29,46,29046,0,0.000112754,4.61E-05,0.001461326,0.076510327,0,1.92E-05,0.030520641,0.003176337,0,0.25595931,0.033469142,1.323916739,,0,,,0,0,0,0,0,0,0,0.362893081
29,47,29047,0,1.62E-05,4.30E-05,0.001363904,0.050434631,0,1.26E-05,0.020118817,0.940330515,0,0.16872511,0.047542739,1.790200198,,0,0.7455,,0,0,0,0,0,0,0,1.100555743
29,48,29048,0,0.000713237,0.000239728,0.007598896,0.300547673,0,7.52E-05,0.119891105,0.072333117,0,1.00545871,0.016557173,0.787400889,,0,,,0,0,0,0,0.236,0.0223,0.008038635,0.794405944
29,49,29049,0,3.28E-05,2.15E-05,0.000681952,0.08534211,0,2.14E-05,0.034043717,1.229662981,0,0.285505348,0.126544106,0.95863716,,0,,,0,0,0,0,0,0,0,0.87754145
29,50,29050,0,7.56E-05,0.000301197,0.00954733,0.197236795,0,4.94E-05,0.078679489,0.072333117,0,0.659840255,0.03536139,1.077200073,,0,1.002117075,,0,0,0,0,0,0,0,1.087359631
29,51,29051,0,1.97E-05,6.45E-05,0.002045857,0.05634792,0,1.41E-05,0.02247768,0.506331816,0,0.188507554,0.048015801,0.427690263,,0,,,0,0,0,0,0,0,0.014907202,0.399842194
29,52,29052,0,5.38E-05,5.53E-05,0.001753591,0.100678511,0,2.52E-05,0.040161542,3.544322711,0,0.336812076,0.091655778,3.526118513,,0,0.4473,,0,0,0,0,0,0,0,1.629719835
29,53,29053,0,0.000766555,6.15E-05,0.001948435,0.134899286,0,3.38E-05,0.053812509,0.289332466,0,0.451294998,0.002838372,0.281342122,,0,,,0,0,0,0,0,0,0,0.399842194
29,54,29054,0,7.04E-05,6.76E-05,0.002143278,0.09360164,0,2.34E-05,0.037338516,0.072333117,0,0.313136957,0.00898818,0.665785513,,0,,,0,0,0,0,0,0,0,0.684878214
29,55,29055,0,1.40E-05,6.45E-05,0.002045857,0.047954865,0,1.20E-05,0.019129617,0.578664932,0,0.160429246,0.050854174,8.765974921,,0,,,0,0,0,0,0,0,0,4.515709535
29,56,29056,0,2.84E-05,3.38E-05,0.001071639,0.117445546,0,2.94E-05,0.046850059,0.650998049,0,0.392904879,0.023653104,0.52842579,,0,,,0,0,0,0,0,0,0,0.480338478
29,57,29057,0,1.84E-05,1.54E-05,0.000487109,0.071836922,0,1.80E-05,0.028656379,0.795664282,0,0.240324797,0.049908049,0.780383007,,0,,,0,0,0,0,0,0,0,0.564793595
29,58,29058,0,6.16E-05,0.000153672,0.004871087,0.134040905,0,3.35E-05,0.053470094,0.21699935,0,0.448423353,0.005558479,0.544020439,,0,0.554817075,,0,0,0,0,0.1436,0.0136,0,0.61493882
29,59,29059,0,0.001314594,5.22E-05,0.00165617,0.10502764,0,2.63E-05,0.041896447,0.072333117,0,0.351361745,0.010880428,0.227929978,,0,,,0,0,0,0,0,0,0,0.229612349
29,60,29060,0,0.000689638,9.84E-05,0.003117496,0.088050778,0,2.20E-05,0.035124228,0.361665583,0,0.294566984,0.003193169,0.142103273,,0,,,0,0,0,0,0.0872,0.0082,0,0.141198399
30,1,30001,0,0,0,0.000779374,1.250771435,68.30860558,3.70E-05,0.058948743,0.361665583,0,0.494369676,0.129973806,0.417890411,,0,0.747897008,,0,0,0,0,0.5272,0.0499,0.08331117,0.353012992
30,2,30002,0.004680967,0.00010751,0,0.00165617,0.454972751,8.165678688,1.35E-05,0.021442824,0.072333117,0,0.179828804,0.024244432,0.432093926,0.660188756,0,,,0,0,0,0,0,0,0,0.378228206
30,3,30003,0.019561114,0.00044927,0,0.130739974,13.1341495,394.8170228,0.000388397,0.619011261,8.249151623,0,5.191296396,1.578726426,14.60959607,115.1285566,0,0.65544147,,0,0,0,0,0,0,5.70102128,9.662890146
30,4,30004,0.001503237,3.45E-05,0,0.009060222,5.829076013,150.8109305,0.000172375,0.274723818,7.95664282,0,2.303952859,0.641235649,23.08259528,260.6227151,0,,,0,0,0,0,0,0,0,17.13857063
30,5,30005,0.001046558,2.40E-05,0,0.004286557,0.758018831,8.428598486,2.24E-05,0.035725358,0.578664932,0,0.299608317,0.17846267,3.535727655,86.15683326,0,,,0,0,0,0,0,0,0,2.427384573
30,6,30006,0.000818218,1.88E-05,0,0.003507183,3.181095853,159.8953136,9.41E-05,0.149924756,0.723331165,0,1.257333902,0.044467836,4.744765567,,0,0.1491,,0,0,0,0,1.9428,0.1838,0,4.173117868
30,7,30007,0.000304453,6.99E-06,0,0.002727809,0.917372311,53.65981639,2.71E-05,0.043235673,0.685372918,0,0.362593069,0.258291896,4.871147225,127.9885934,0,,,0,0,0,0,1.1372,0.1076,0,4.181312813
30,8,30008,0.000152227,3.50E-06,0,0.000974217,1.53299016,102.4893106,4.53E-05,0.072249686,0,0,0.605917139,0.019040749,2.237721677,,0,0.33864476,,0,0,0,0,0,0,0,1.863404293
30,9,30009,0.004224287,9.70E-05,0,0.023283796,4.030335268,139.4665797,0.000119183,0.189949331,0.506331816,0,1.59299732,0.942221398,5.677816421,6.601887558,0,10.05010254,,0,0,0,0,0,0,0,8.237356444
30,10,30010,0.0249271,0.000572513,0,0.030980113,9.778523649,565.6502167,0.000289166,0.460860922,4.343163329,0,3.864979195,0.087871281,7.996007493,0.220062919,0,,,0,0,0,0,0,0,0,8.029692349
30,11,30011,0.006564771,0.000150776,0,0.095083617,7.813648425,48.53670557,0.000231062,0.368256533,1.739171134,0,3.088358702,1.315467379,1.282093016,5.809661051,0,0.36413415,,0,0,0,0,2.2685,0.2146,2.890897602,0.7728463
30,12,30012,0.001008501,2.32E-05,0,0.003214917,1.168592183,5.155570508,3.46E-05,0.055075642,2.314659729,0,0.461888178,0.223403567,6.623936366,169.0356093,0,,,0,0,0,0,0,0,0,4.241997427
30,13,30013,0.008543716,0.000196228,0,0.057771091,4.320788064,96.36107571,0.000127772,0.203638345,2.459325963,0,1.707799314,0.441012124,0.432193126,,0,,,0,0,0,0,0,0,0.058267238,0.992218659
30,14,30014,0.035050167,0.000805014,0,0.028934256,6.248529245,176.1662356,0.000184779,0.29449261,1.645660163,0,2.469742509,0.002601841,3.766874958,94.67106758,0,0.14565366,,0,0,0,0,1.232,0.1165,0.120510576,4.168074826
30,15,30015,0.004186231,9.61E-05,0,0.028154883,5.427705446,189.7596265,0.000160506,0.25580726,2.210721039,0,2.145310415,0.689961044,12.45848273,286.0817942,0.001392714,,,0,0,0,0,0,0,0,9.202712495
30,16,30016,0.020493501,0.000470684,0,0.083880117,4.32869923,26.23928028,0.000128006,0.204011198,0.67136182,0,1.710926216,0.271301103,5.360924493,101.5810432,0.004178143,,,0,0,0,0,1.1728,0.1109,1.18616212,2.93799265
30,17,30017,0.000494736,1.14E-05,0,0.002143278,0.570734093,34.88160663,1.69E-05,0.026898645,0.361665583,0,0.225583685,0.038199763,1.504146375,,0,1.055989035,,0,0,0,0,0.3672,0.0347,0,1.907993196
30,18,30018,0.000133198,3.06E-06,0,0,0.253641658,20.76734778,7.50E-06,0.011954108,0.072333117,0,0.100252325,0.017621562,0.484586841,,0,,,0,0,0,0,0,0,0,0.43538269
30,19,30019,5.71E-05,1.31E-06,0,0.001266483,0.745425547,56.12992305,2.20E-05,0.035131838,0,0,0.294630799,0.009697773,1.296037522,,0,,,0,0,0,0,0,0,0,1.192679608
30,20,30020,0.000742105,1.70E-05,0,0.004383978,1.589175582,114.3979561,4.70E-05,0.074897699,0,0,0.628124529,0.000591328,0.995213611,,0,0.65544147,,0,0,0,0,0,0,0,0.928340118
30,21,30021,0.021901597,0.000503025,0,0.030785269,3.394051516,97.35375355,0.000100367,0.159961337,0,0,1.341505013,0.0171485,5.048568004,121.6067688,0,0.07282683,,0,0,0,0,0.462,0.0437,0,5.333858206
30,22,30022,0.00249271,5.73E-05,0,0.006624678,3.039825038,114.9325934,8.99E-05,0.143266675,0.289332466,0,1.201496356,0.014428393,5.626797779,132.0377512,0,,,0,0,0,0,0,0,0,3.853725161
30,23,30023,0.005537241,0.000127177,0,0.006819522,6.916619111,521.837781,0.000204535,0.325979624,0.798840619,0,2.73380624,0.186268194,11.88248913,3.846699817,0,0.8400933,,0,0,0,0,0,0,0.007421334,19.08581551
30,24,30024,0.000951416,2.19E-05,0,0.00165617,2.261140305,168.8996988,6.69E-05,0.106567335,0.220175686,0,0.893719804,0.091537512,5.688009375,101.4930181,0,0.14565366,,0,0,0,0,0,0,0,7.088450447
30,25,30025,0.003843721,8.83E-05,0,0.002630387,4.20147477,325.0549257,0.000124244,0.19801512,1.591328564,0,1.660640518,0.006149807,7.000424524,,0,1.894764233,,0,0,0,0,0,0,0,5.298556907
30,26,30026,0.003919834,9.00E-05,0,0.028836835,3.235666751,10.8724048,9.57E-05,0.152496677,0,0,1.278903148,0.035597922,0.014096274,0.132037751,0.002785429,,,0,0,0,0,0.4146,0.0392,0.503107864,0.044546878
30,27,30027,0.000723076,1.66E-05,0,0.002532965,2.784568857,270.2929708,8.23E-05,0.131236475,0.075509453,0,1.100605888,0.417477286,11.48097926,,0,,,0,0,0,0,0,0,0.062993456,10.66855692
30,28,30028,0.028466368,0.000653801,0,0.820193619,23.54023848,15.92843314,0.000696121,1.109449279,0.361665583,0,9.304321924,0.045059163,0.023956996,,0,,,0,0,0,0,0.2369,0.0224,3.383669412,0.015129128
30,29,30029,0.000209312,4.81E-06,0,0.000292265,2.217548167,192.460289,6.56E-05,0.104512842,0,0,0.876489932,0.014310128,2.109742119,,0,0.327720735,,0,0,0,0,0,0,0,1.853318207
30,30,30030,0.011036426,0.000253479,0,0.068584904,6.288730883,29.29795687,0.000185968,0.296387309,0,0,2.485632279,0.014310128,0.206445917,,0,2.162784168,,0,0,0,0,0.2725,0.0258,0.02368968,0.19583816
30,31,30031,0.000133198,3.06E-06,0,0.000876796,2.226912404,132.1237207,6.59E-05,0.104954177,0.306519901,0,0.880191164,0.084086785,6.746827563,125.2158007,0,,,0,0,0,0,0,0,0.077498763,4.596733459
30,32,30032,0.011207681,0.000257412,0,0.072968882,7.680450228,368.8151828,0.000227123,0.361978914,1.157329865,0,3.035711873,0.480512808,3.3381559,3.961132535,0,,,0,0,0,0,0,0,0.208859166,3.827669441
30,33,30033,0.001408096,3.23E-05,0,0.008183426,3.76571485,237.9318252,0.000111358,0.177477795,5.283493845,0,1.48840562,0.445151417,8.273926096,,0,,,0,0,0,0,0,0,0,8.406752249
30,34,30034,0.00521376,0.000119747,0,0.0358512,4.085067618,97.12472084,0.000120802,0.192528862,0.578664932,0,1.61463038,0.139198517,0.526181404,,0,,,0,0,0,0,0,0,8.79E-05,0.486233371
30,35,30035,0.003215786,7.39E-05,0,0.007988583,1.820698266,144.2893126,5.38E-05,0.085809342,0.289332466,0,0.71963429,0.141327296,0.258218252,,0,,,0,0,0,0,0,0,0,0.226096416
30,36,30036,0.001674492,3.85E-05,0,0.007111787,1.430306459,55.73020176,4.23E-05,0.067410212,0.21699935,0,0.56533122,0.03063077,0.859951798,,0,0.58261464,,0,0,0,0,0,0,0,0.635423385
30,37,30037,0.002074087,4.76E-05,0,0.003604604,1.246735126,112.0700624,3.69E-05,0.058758512,0.21699935,0,0.492774318,0.060788477,2.176325999,,0,,,0,0,0,0,0,0,0,1.254036628
30,38,30038,0.065114913,0.001495526,0,0.093622291,13.31594486,177.1834559,0.000393773,0.627579259,0.382029354,0,5.263151341,0.181655839,5.900509435,131.6649646,0,0.910335375,,0,0,0,0,0.154,0.0146,0.272128605,10.99463166
30,39,30039,0.33427051,0.007677354,0,0.719654385,46.7038086,114.4156061,0.001381104,2.201146214,0.433998699,0,18.459765,0.728042541,0.949991395,,0.093311867,,,0,0,0,36.2,1.1076,0.1048,11.75241496,1.689419318
30,40,30040,0.004034004,9.27E-05,0,0.025719339,7.404366692,177.9104058,0.000218959,0.348967123,2.09766038,0,2.926589355,1.094429122,5.193696295,,0,,,0,0,0,0,0,0,0.065376095,4.971599636
30,41,30041,0.000437651,1.01E-05,0,0.00058453,0.330815886,28.30055734,9.78E-06,0.015591322,0,0,0.130755579,0.00236531,0.402384648,5.193484879,0,,,0,0,0,0,0,0,0,0.696780405
30,42,30042,0.000780161,1.79E-05,0,0.003507183,0.896706409,57.66410367,2.65E-05,0.042261691,0.072333117,0,0.354424833,0.195138108,0.51240599,,0,,,0,0,0,0,0,0,0,0.884213494
30,43,30043,0.001331982,3.06E-05,0,0.00282523,2.774720263,213.2368744,8.21E-05,0.130772311,1.921388573,0,1.096713213,0.270354979,6.750353806,31.24893444,0,,,0,0,0,0,0,0,0,8.169258557
30,44,30044,0.124901897,0.002868683,0,0.462850681,30.91893424,216.122517,0.000914321,1.457206534,0.654174386,0,12.2207648,0.011944818,9.705764863,218.962604,0.02506886,0.21848049,,0,0,0,0,0.7108,0.0672,2.838346462,7.550275491
30,45,30045,0.013605249,0.000312478,0,0.086900191,8.877619479,90.40095731,0.000262525,0.418401391,12.50874003,0,3.508895189,0.362838615,36.79702825,814.9458026,0,,,0,0,0,0,2.2626,0.214,0.01242097,17.09683945
30,46,30046,0.003158701,7.25E-05,0,0.00613757,2.377386004,207.6695492,7.03E-05,0.112045984,0.144666233,0,0.939666127,0.080538819,0.588468855,4.577308707,0,3.35003418,,0,0,0,0,0,0,0,3.826946604
30,47,30047,0.011702417,0.000268775,0,0.0380919,8.164645856,444.2516519,0.000241441,0.38479901,0.795664282,0,3.227091073,0.188870035,6.271515968,,0,,,0,0,0,0,0,0,0.03394969,5.187609966
30,48,30048,0.026011714,0.000597424,0,0.085925974,17.8093255,399.4590134,0.000526649,0.839351877,0.509508153,0,7.039168182,0.358462791,2.616948496,,0.020890717,,,0,0.85995,0.165,0,0.2251,0.0213,0.455435558,2.364766792
30,49,30049,0.005365986,0.000123243,0,0.004871087,3.029492087,147.4003935,8.96E-05,0.142779684,7.959819157,0,1.197412238,1.602261265,5.213235724,7.042013395,0,,,0,0,0,0,0,0,0.193746907,5.9112866
30,50,30050,0.001940889,4.46E-05,0,0.004383978,2.532703175,219.6004308,7.49E-05,0.119366068,0.723331165,0,1.00105552,0.088226078,2.658194552,,0,,,0,0,0,0,0,0,0,3.08550165
30,51,30051,0.005917808,0.000135917,0,0.012664826,3.426987798,280.2345926,0.000101341,0.16151362,0.723331165,0,1.354523138,0.211695281,5.162088748,,0,,,0,0,0,0,0,0,0,3.442717178
30,52,30052,0.021083379,0.000484232,0,0.007014365,1.702838043,65.22919304,5.04E-05,0.080254601,0.361665583,0,0.673049823,0.004021028,6.929079606,171.6490765,0,,,0,0,0,0,0.6634,0.0628,0,4.408459863
30,53,30053,0.016193101,0.000371915,0,0.032636283,3.552597734,50.07489584,0.000105056,0.167433605,0.885184833,0,1.404170693,0.131038196,5.469505244,122.2669576,0,0.691854885,,0,0,0,0,0,0,0,3.551983104
30,54,30054,0.00283522,6.51E-05,0,0.014320996,1.801969792,39.22136774,5.33E-05,0.084926671,6.529937219,0,0.712231826,0.207319457,10.85573269,256.2351006,0,,,0,0,0,0,0.7285,0.0689,0,6.047423539
30,55,30055,0.000494736,1.14E-05,0,0.000194843,2.190101266,168.7557843,6.48E-05,0.103219272,1.377505551,0,0.865641495,0.755125345,4.287192862,,0,,,0,0,0,0,0,0,0,3.437674135
30,56,30056,0.00045668,1.05E-05,0,0.000389687,1.164232969,112.0299505,3.44E-05,0.054870193,0.946683189,0,0.460165191,0.555847944,1.939532887,,0,,,0,0,0,0,0,0,0,1.496943187
30,57,30057,0.000837246,1.92E-05,0,0.001558748,2.022998073,119.4344236,5.98E-05,0.095343714,0,0,0.799593655,0.068357471,2.063828982,,0,,,0,0,0,0,0,0,0,3.042215534
30,58,30058,0.001522266,3.50E-05,0,0.014710683,8.9338049,790.474911,0.000264186,0.421049405,3.544322711,0,3.531102579,3.199082316,21.52607029,,0,,,0,0,0,0,0,0,0,23.92167324
30,59,30059,0.008543716,0.000196228,0,0.009157643,2.29569111,102.5341201,6.79E-05,0.108195711,0.946683189,0,0.907376072,0.417832082,1.083197002,,0,,,0,0,0,0,0.77,0.0728,1.405633812,1.5339255
30,60,30060,0.004547769,0.000104451,0,0.007891161,2.360272054,150.4070957,6.98E-05,0.111239405,1.88066103,0,0.932901807,0.293061959,0.677041304,,0,,,0,0,0,0,0,0,0,1.062401004
30,61,30061,0.009647359,0.000221576,0,0.071799822,10.89012315,428.8467545,0.000322038,0.513250505,2.534835416,0,4.304340913,7.988126283,17.19613178,,0,0.29130732,,0,0,0,0,2.1264,0.2012,0.033063997,20.37977622
30,62,30062,0.001370039,3.15E-05,0,0.008865378,2.764871669,97.11444709,8.18E-05,0.130308148,0.072333117,0,1.092820538,0.002838372,4.812804119,105.8502638,0,,,0,0,0,0,0,0,0.001005786,3.922646745
30,63,30063,0.001788662,4.11E-05,0,0.004286557,2.390302193,204.741265,7.07E-05,0.112654723,3.76132206,0,0.944771274,1.057175483,0.872420382,,0,,,0,0,0,0,0,0,0,1.780824468
30,64,30064,0.000285425,6.56E-06,0,0.000487109,0.55684919,50.99091096,1.65E-05,0.026244251,0,0,0.220095652,0.024835759,1.252620232,,0,,,0,0,0,0,0,0,0,0.910269215
30,65,30065,0.008543716,0.000196228,0,0.031564643,8.397944516,175.5825396,0.00024834,0.395794354,1.374329214,0,3.319302791,0.41842341,6.617843202,22.16473716,0,33.44538414,,0,0,0,0,2.3159,0.2191,0.02080903,9.949225707
30,66,30066,0.002321455,5.33E-05,0,0.012275139,4.180647415,323.8281157,0.000123628,0.197033529,3.695341617,0,1.652408468,0.328896411,5.486988252,,0,,,0,0,0,0,0,0,0,4.72196902
30,67,30067,0.001160728,2.67E-05,0,0.00389687,2.721440984,257.4121924,8.05E-05,0.128261264,0,0,1.075654481,0.026846273,0.727764478,,0,,,0,0,0,0,0,0,0,0.676608234
30,68,30068,0.022110909,0.000507832,0,0.082029104,8.990959035,90.00321977,0.000265877,0.423743074,0.220175686,0,3.553692855,0.013364004,2.302564876,55.01572965,0,,,0,0,0,0,0.3554,0.0336,0.34867576,3.144337149
30,69,30069,0.005423071,0.000124554,0,0.033123391,3.850154434,139.4653393,0.000113855,0.181457425,6.654646722,0,1.521780518,0.257937099,5.991636906,,0.001392714,,,0,0,0,0,0,0,0,9.03335031
30,70,30070,0.00237854,5.46E-05,0,0.009352487,2.725638745,200.8084777,8.06E-05,0.128459104,1.446662331,0,1.077313654,3.661382234,10.60138479,,0,4.4040732,,0,0,0,0,0,0,0,9.046588297
30,71,30071,0.017525083,0.000402507,0,0.082516213,8.263777605,312.9959561,0.000244373,0.38947108,0.795664282,0,3.266273076,0.161905497,3.774522877,46.2132129,0.011141716,,,0,0,0,0,0,0,0.215942807,9.13418595
30,72,30072,0.001084614,2.49E-05,0,0.007696317,3.281357769,206.265645,9.70E-05,0.154650091,0.396040452,0,1.296962606,0.174086845,4.45631698,,0,7.476459645,,0,0,0,0,0,0,3.23557335,5.747387711
30,73,30073,0.009228736,0.000211961,0,0.023965748,6.191375109,378.9086599,0.000183089,0.291798941,4.294370321,0,2.447152234,1.744889482,28.74319296,313.3119396,0,,,0,0,0,0,0,0,0,18.65262654
30,74,30074,0.002797163,6.42E-05,0,0.001461326,1.031357677,10.88200211,3.05E-05,0.048607793,0,0,0.407645991,0.003311435,0.042216083,,0,,,0,0,0,0,0.1777,0.0168,0.087186108,0.075645641
30,75,30075,0.001826719,4.20E-05,0,0.022017313,2.734034268,137.7386542,8.08E-05,0.128854784,1.735994797,0,1.080632,1.325283417,1.239171551,,0,,,0,0,0,0,0,0,0,0.590456254
30,76,30076,9.51E-05,2.19E-06,0,0.00058453,2.256942543,207.4545024,6.67E-05,0.106369495,0,0,0.892060631,0.122168282,2.815701672,,0,0.29130732,,0,0,0,0,0,0,0,3.235952426
30,77,30077,0.00736396,0.000169132,0,0.058550465,6.074806505,161.665851,0.000179641,0.286305073,14.46979965,0,2.401078282,0.787766629,13.80007064,13.20377512,0,,,0,0,0,0,1.386,0.1311,0,11.85535298
30,78,30078,0.001484209,3.41E-05,0,0.002045857,2.092099684,191.8819256,6.19E-05,0.098600466,0.361665583,0,0.826906192,0.478975356,4.428118686,,0,,,0,0,0,0,0,0,0,3.536853976
30,79,30079,0.001046558,2.40E-05,0,0.001363904,1.685239736,133.8399524,4.98E-05,0.079425194,0,0,0.66609406,0.049198456,0.698251205,,0,0.21848049,,0,0,0,0,0,0,0,1.179021368
30,80,30080,0.005993921,0.000137665,0,0.007111787,3.168825474,207.819875,9.37E-05,0.149346454,0.144666233,0,1.252484012,0.010643897,1.580154059,,0,1.31088294,,0,0,0,0,0,0,0,6.555190702
30,81,30081,0.004091089,9.40E-05,0,0.007111787,2.877403964,71.72648483,8.51E-05,0.135611785,0,0,1.137299132,0.01135349,0.656305816,13.20377512,0,0.400547565,,0,0,0,0,0,0,0,0.438744718
30,82,30082,0.003881777,8.92E-05,0,0.009742174,2.358980435,64.73775763,6.98E-05,0.111178531,0.072333117,0,0.932391293,0.449763773,1.641613227,,0,,,0,0,0,0,0.4146,0.0392,0,1.433905153
30,83,30083,0.001560322,3.58E-05,0,0.003409761,8.114272719,788.5446941,0.000239952,0.382424929,2.965657778,0,3.207180999,1.834889543,13.76968082,,0,,,0,0,0,0,0,0,0,14.19532481
30,84,30084,0.000437651,1.01E-05,0,0.001169061,0.886857815,18.90990779,2.62E-05,0.041797527,5.442171176,0,0.350532159,0.520131757,7.924570314,194.9422963,0,,,0,0,0,0,0,0,0,4.21997614
30,85,30085,0.104788962,0.002406739,0,0.052997426,10.21250759,242.3304661,0.000302,0.481314546,0.578664932,0,4.036512136,0.002720107,11.94869933,267.5084838,0,2.175962205,,0,0,0,0,0.4738,0.0448,2.287155797,8.289081252
30,86,30086,0.033927496,0.000779229,0,0.010326704,6.661201478,411.4115146,0.000196982,0.313941814,3.412361825,0,2.632851957,0.019513811,6.996889917,,0,0.65716464,,0,0,0,0,0,0,0,7.689782863
30,87,30087,0.120201902,0.002760736,0,0.987369323,68.08381449,161.2915505,0.002013344,3.20878393,0.581841269,0,26.91025108,0.016675438,1.1144144,22.31437994,0,,,0,0,0,0,0.9536,0.0902,8.786028519,2.475259858
30,88,30088,0.001731577,3.98E-05,0,0.012469983,0.800965159,48.9551104,2.37E-05,0.037749414,0,0,0.316582931,0.034297001,1.535940156,2.112604018,0,,,0,0,0,0,0,0,0,2.742793276
30,89,30089,0.014004844,0.000321656,0,0.054166487,6.072061815,207.6889611,0.00017956,0.286175716,1.808327914,0,2.399993438,0.491038439,4.190956382,,0,,,0,0,0,0,0.7404,0.07,6.091115539,4.3420598
30,90,30090,0.001027529,2.36E-05,0,0.007793739,1.568025322,58.30608545,4.64E-05,0.07390089,1.374329214,0,0.619764851,0.21831815,1.342038163,0.660188756,0,,,0,0,0,0,0,0,0,1.117454221
30,91,30091,0.002816191,6.47E-05,0,0.015977165,3.743595876,218.6116131,0.000110704,0.17643533,7.667310354,0,1.479663055,4.272578441,8.477149579,,0,,,0,0,0,0,1.7295,0.1636,0,5.591893893
30,92,30092,0.011264766,0.000258723,0,0.033025969,5.605303042,273.8682806,0.000165758,0.264177418,0.306519901,0,2.215506187,0.127135434,0.802459071,1.320377512,0,0.07424883,,0,0,0,0,0,0,0.000917902,3.62637639
30,93,30093,0.006070034,0.000139413,0,0.004383978,2.22384481,50.88868206,6.58E-05,0.104809602,0.075509453,0,0.878978692,0.023298307,1.579232587,33.37914349,0,,,0,0,0,0,0.4265,0.0403,0,1.936024108
30,94,30094,0.005042505,0.000115814,0,0.039163539,5.62774492,236.5334096,0.000166421,0.265235102,11.93496423,0,2.22437638,1.100342398,8.52623708,,0,,,0,0,0,0,2.9438,0.2785,0,11.36701834
30,95,30095,0.003558296,8.17E-05,0,0.01285967,2.480876967,157.7421589,7.34E-05,0.116923504,0.072333117,0,0.980571118,0.198449543,1.120135634,,0,,,0,0,0,0,0,0,0,4.965716086
30,96,30096,0.000152227,3.50E-06,0,0.000292265,0.232975756,8.621408409,6.89E-06,0.010980126,0,0,0.09208409,0.019040749,0.317957961,,0,,,0,0,0,0,0,0,0,0.295858507
30,97,30097,0.023538033,0.000540609,0,0.037604791,2.943276527,10.83252938,8.70E-05,0.138716353,0.330060009,0,1.163335382,0.113889696,3.734348126,96.82768418,0,,,0,0,0,0,0,0,0,2.396285809
30,98,30098,0,0,0,0.00058453,0.474508487,34.39299484,1.40E-05,0.022363541,0,0,0.187550339,0,0.244823497,,0,0.7282683,,0,0,0,0,0,0,0,0.321914228
30,99,30099,0.006678941,0.000153398,0,0.007014365,2.386911693,87.11135261,7.06E-05,0.112494929,0.234186784,0,0.943431173,0.015137987,2.281179782,,0,13.95620732,,0,0,0,0,1.4867,0.1406,0,1.958381598
30,100,30100,0.002702022,6.21E-05,0,0.006916943,3.3005706,117.5902039,9.76E-05,0.15555559,2.893324662,0,1.304556512,0.974507885,8.050213263,75.39355591,0,,,0,0,0,0,1.0069,0.0953,0,5.168698556
30,101,30101,0.002454653,5.64E-05,0,0.016853961,4.988393573,114.7511492,0.000147515,0.235102531,0.726507502,0,1.971671601,0.044940898,11.08716461,198.9368784,0,0.984885375,,0,0,0,0,0,0,0.293526564,5.965919563
30,102,30102,0.027286612,0.000626705,0,0.13337036,16.15879802,405.2993362,0.000477841,0.761562668,11.42863241,0,6.386794205,0.832707526,20.10966046,30.94084635,0.054315863,,,0,0,0,0,0,0,0.094348593,31.14643713
30,103,30103,0.000380566,8.74E-06,0,0.002143278,1.95777132,186.6094617,5.79E-05,0.092269583,0,0,0.773812663,0.04671488,1.817603555,,0,,,0,0,0,0,0,0,0,1.399444361
30,104,30104,0.00192186,4.41E-05,0,0.004286557,2.154904652,172.7733272,6.37E-05,0.101560459,0.650998049,0,0.851729969,0.736557659,4.144407704,,0,1.38370977,,0,0,0,0,0,0,0,5.418749425
30,105,30105,0.011588247,0.000266153,0,0.035266669,6.628749553,100.1596617,0.000196022,0.312412358,6.582313606,0,2.620025275,0.764823118,2.482345134,1.496427846,0,,,0,0,0,0,2.1915,0.2073,0,2.590022701
30,106,30106,0.003272871,7.52E-05,0,0.001071639,0.658564177,32.24708589,1.95E-05,0.031038069,0,0,0.260298685,0.020459935,0.545426263,,0,,,0,0,0,0,0,0,0,0.524266318
30,107,30107,3.81E-05,8.74E-07,0,0.000389687,0.496466008,34.42821741,1.47E-05,0.023398397,0,0,0.196229089,0.010407366,0.454965411,,0,,,0,0,0,0,0,0,2.073091907,0.616932229
30,108,30108,0.149581629,0.003435514,0,0.339027651,24.6121207,482.610777,0.000727819,1.15996699,1.232839318,0,9.727985314,7.831424469,16.49288202,,0,,,0,0,0,0,0,0,0.721353677,13.73304589
30,109,30109,0.015565166,0.000357493,0,0.071215291,9.281734736,361.0498966,0.000274475,0.437447306,3.995508845,0,3.668622477,0.487135677,7.473396627,25.99031094,0,,,0,0,0,0,0,0,0,12.80865616
30,110,30110,0.00011417,2.62E-06,0,0.000389687,1.700900615,125.4510749,5.03E-05,0.08016329,0,0,0.672284051,0.002838372,1.117078604,,0,2.148391485,,0,0,0,0,0,0,0,1.281773363
30,111,30111,0.002644937,6.07E-05,0,0.015392635,2.510422749,97.93669248,7.42E-05,0.118315994,0.506331816,0,0.992249142,0.484179039,1.454382665,,0,,,0,0,0,0,0.9062,0.0857,0,1.285975899
30,112,30112,0.010979341,0.000252168,0,0.015490056,3.071469701,74.92255016,9.08E-05,0.144758085,0.289332466,0,1.214003966,0.140617703,2.751355241,57.1459387,0,4.87939761,,0,0,0,0,0,0,0.000253888,2.033186732
30,113,30113,0.000551821,1.27E-05,0,0.001851013,0.742035048,64.14726213,2.19E-05,0.034972044,0,0,0.293290697,0.000591328,0.268189362,2.24464177,0,,,0,0,0,0,0,0,0,1.019535141
30,114,30114,0.00068502,1.57E-05,0,0.008183426,1.5972482,63.00262766,4.72E-05,0.075278161,7.233311654,0,0.631315246,0.782208149,2.248254787,18.80701715,0.001392714,,,0,0,0,0,0,0,0,2.695254193
30,115,30115,0.009495132,0.000218079,0,0.036727996,5.083327561,305.1733564,0.000150322,0.239576762,0.378853017,0,2.009194432,0.022943511,1.145161525,,0,1.191190253,,0,0,0,0,0.4146,0.0392,0,1.012811084
30,116,30116,0.005175703,0.000118873,0,0.022212156,2.219647048,84.95489574,6.56E-05,0.104611762,0.723331165,0,0.877319519,0.233219605,0.566037271,,0,,,0,0,0,0,0.539,0.051,0.031042659,0.365620599
30,117,30117,0.001883804,4.33E-05,0,0.0089628,3.402447039,191.7808686,0.000100616,0.160357017,3.416843912,0,1.344823359,0.020696466,23.64363923,593.2016033,0,0.109240245,,0,0,0,0,0.5805,0.0549,0,13.32455943
30,118,30118,0.124540359,0.002860379,0,0.431480881,18.96419423,12.8669,0.000560801,0.893780734,0.144666233,0,7.495632142,0.012063083,,,0.008356287,0.670006836,,0,0,0,0,0.3554,0.0336,5.486050503,0
30,119,30119,0.001560322,3.58E-05,0,0.016464274,0.908653883,11.95679644,2.69E-05,0.042824774,2.572386622,0,0.359147094,0.018094625,4.829007402,107.6054857,0,,,0,0,0,0,0.1599,0.0151,0,2.883863992
30,120,30120,0.003272871,7.52E-05,0,0.012275139,2.154258842,95.77718768,6.37E-05,0.101530022,0.072333117,0,0.851474712,0.063745115,0.364716485,,0,,,0,0,0,0,0,0,0,0.361418063
30,121,30121,0.006888252,0.000158206,0,0.010131861,3.723737236,179.4814788,0.000110117,0.175499394,26.26009764,0,1.471813892,4.91937257,9.98637746,59.41698802,0,,,0,0,0,0,2.618,0.2477,0,4.713143695
30,122,30122,0.004547769,0.000104451,0,0.01061897,2.466184802,183.7788733,7.29E-05,0.116231063,0.433998699,0,0.974764013,0.408016044,2.837798769,,0,,,0,0,0,0,0,0,0,2.671131639
30,123,30123,0.047228292,0.001084715,0,0.080860043,14.45515271,254.4328075,0.000427461,0.681270021,57.43395808,0,5.71342531,4.692894099,70.25387032,528.1510046,0,,,0,0,0,0,2.5469,0.2409,0.140731931,36.34016599
30,124,30124,0.023766373,0.000545854,0,0.088653782,23.69749307,1283.649983,0.000700772,1.116860674,20.18093952,0,9.366477089,1.987570329,33.14781991,,0,,,0,0,0,0,0,0,0.662900906,30.30700586
30,125,30125,0.01438541,0.000330397,0,0.028739413,4.396832126,143.4221381,0.000130021,0.207222295,4.404254644,0,1.737855867,0.091774044,18.21083693,439.0255226,0,,,0,0,0,0,0.9832,0.093,0,10.58450621
30,126,30126,0.003539268,8.13E-05,0,0.013054513,4.693420111,127.6855887,0.000138792,0.221200459,5.114880462,0,1.855082806,0.157766204,13.97651736,152.3715648,0.002785429,,,0,0,0,0,0,0,0,13.00999964
30,127,30127,0.000780161,1.79E-05,0,0.003702026,3.23695837,227.4239766,9.57E-05,0.152557551,0,0,1.279413663,0.008396852,3.726439873,,0,0.58261464,,0,0,0,0,0,0,0,1.909632185
30,128,30128,0.031891465,0.000732467,0,0.070923026,10.69767194,241.7862197,0.000316347,0.504180297,10.08101964,0,4.228274222,0.0171485,19.72861887,,0,9.585610883,,0,0,0,0,1.6052,0.1519,1.152978275,16.70591959
30,129,30129,0.003691494,8.48E-05,0,0.013833887,2.944083788,188.4633248,8.71E-05,0.138754399,3.616655827,0,1.163654453,1.054573642,5.262981917,,0,,,0,0,0,0,0,0,0,4.687508228
30,130,30130,0.008791084,0.000201909,0,0.042281035,5.831174894,389.373521,0.000172437,0.274822738,5.85898244,0,2.304782446,4.469727063,17.2130701,,0,,,0,0,0,0,0,0,0,15.09971047
30,131,30131,0.084352546,0.001937366,0,0.462460994,31.74169547,90.00992295,0.000938651,1.495983195,0.723331165,0,12.54596267,0.0068594,,,0,,,0,0,0.009,0,0,0,6.021895105,0
30,132,30132,0.004452627,0.000102266,0,0.004286557,2.576779669,152.5252891,7.62E-05,0.121443389,0.144666233,0,1.018476835,0.037253639,1.492071287,,0,1.03024062,,0,0,0,0,1.1017,0.1042,0,1.370867118
30,133,30133,0.040435181,0.000928695,0,0.040527443,8.86744798,76.7586809,0.000262224,0.41792201,2.893324662,0,3.504874886,0.430486493,1.323685556,15.88854272,0,,,0,0,0,0,1.4512,0.1373,0,0.38579277
30,134,30134,0.000646963,1.49E-05,0,0.009742174,3.285716983,141.7298095,9.72E-05,0.15485554,5.827376866,0,1.298685593,0.197266887,14.61756452,203.1400801,0,0.109240245,,0,0,0,0,1.2024,0.1137,1.666223402,12.83076149
30,135,30135,0.002283398,5.24E-05,0,0.013541622,3.128623836,128.3998629,9.25E-05,0.147451754,0,0,1.236594242,0.002010514,1.013427805,3.256931195,0,3.20438052,,0,0,0,0,0,0,0,0.772426047
30,136,30136,0.001331982,3.06E-05,0,0.002338122,1.039268843,20.01109843,3.07E-05,0.048980645,0,0,0.410772894,0.021760856,0.366596645,,0,,,0,0,0,0,0.462,0.0437,0,0.221473627
30,137,30137,0.00034251,7.87E-06,0,9.74E-05,0.857957842,62.29407194,2.54E-05,0.040435474,0,0,0.339109392,0.001182655,0.586963274,,0,0.07282683,,0,0,0,0,0,0,0,0.741327283
30,138,30138,0.011512134,0.000264405,0,0.057673669,6.438235768,13.31501218,0.000190389,0.303433461,0,0,2.544724356,0.0137188,0.208837328,5.281510046,0,0.619028055,,0,0,0,0,0.2665,0.0252,0.045318963,0.149610268
30,139,30139,0.000494736,1.14E-05,0,0.005260774,0.940459998,15.46429421,2.78E-05,0.044323793,1.015839968,0,0.371718519,0.212050077,2.22635777,55.01572965,0,,,0,0,0,0,0,0,0,1.837348572
30,140,30140,0.00011417,2.62E-06,0,0.00058453,0.434629754,26.44115652,1.29E-05,0.02048406,0,0,0.171788198,0,0.248397126,,0,1.4565366,,0,0,0,0,0,0,0,0.226936923
30,141,30141,0.036819801,0.000845658,0,0.120900378,24.86786123,1485.911231,0.000735381,1.172020018,2.210721039,0,9.829067225,1.29406132,23.84135499,26.40755023,0,0.07282683,,0,0,0,0,0,0,0.276649759,22.39110977
30,142,30142,0.003710523,8.52E-05,0,0.014320996,4.928817653,276.0551785,0.000145753,0.232294724,8.101309053,0,1.948124111,3.044864078,10.4540054,,0,,,0,0,0,0,2.2449,0.2124,17.10475195,7.362422148
30,143,30143,0.004852222,0.000111443,0,0.029031678,9.111725401,565.4816664,0.000269448,0.429434782,1.863066554,0,3.601425979,0.976991461,9.558201388,33.00943779,0,,,0,0,0,90.5,0,0,0.002880649,8.528625782
30,144,30144,0.004110117,9.44E-05,0,0.026011604,4.714731823,285.4910997,0.000139422,0.222204878,5.280317508,0,1.863506298,1.804731835,9.709127123,,0,,,0,0,0,0,1.8362,0.1737,0,4.220606521
30,145,30145,0.001769634,4.06E-05,0,0.008767956,2.111473967,142.0076818,6.24E-05,0.099513574,0.506331816,0,0.834563912,0.25817363,1.102046741,,0,,,0,0,0,0,0,0,0.891310238,1.752457353
30,146,30146,0.000247368,5.68E-06,0,0.000292265,0.533277146,49.15009993,1.58E-05,0.025133303,0,0,0.210778758,0.002601841,0.665403022,15.97656789,0,,,0,0,0,0,0,0,0,1.16638014
30,147,30147,0.007287847,0.000167384,0,0.002532965,3.433768797,277.8763686,0.000101542,0.161833208,0.072333117,0,1.357203341,0,1.356014686,,0,3.995159016,,0,0,0,0,0,0,0,1.22125685
30,148,30148,0.004034004,9.27E-05,0,0.023868326,4.302866852,196.910551,0.000127242,0.20279372,1.95934682,0,1.700715922,0.556321006,6.241594356,18.61732291,0,,,0,0,0,0,0.6101,0.0577,0,5.854132115
30,149,30149,0.001160728,2.67E-05,0,0.012177717,4.777698243,429.1799899,0.000141284,0.22517248,0.36484192,0,1.88839389,0.219973867,15.03900545,,0,4.81990245,,0,0,0,0,0,0,0,14.54791755
30,150,30150,0.007325903,0.000168258,0,0.007891161,1.846369191,116.387111,5.46E-05,0.087019211,1.663661681,0,0.729780769,0.764350056,0.85101635,,0,,,0,0,0,0,0,0,0,0.925398343
30,151,30151,0.000932388,2.14E-05,0,0.015295213,3.799135488,224.7515039,0.000112346,0.179052907,3.503752962,0,1.501615188,1.468739493,6.190812513,,0,,,0,0,0,0,0,0,0,5.803911815
30,152,30152,0.000551821,1.27E-05,0,0.009060222,1.92628811,79.89479497,5.70E-05,0.090785782,10.56063502,0,0.761368867,1.77161749,3.218219642,,0,,,0,0,0,0,1.2142,0.1149,0,1.835667558
30,153,30153,0.000399595,9.18E-06,0,0.001266483,0.945142117,76.07896436,2.79E-05,0.044544461,0.726507502,0,0.373569135,0.381761099,2.295196178,,0,,,0,0,0,0,0,0,0,0.806256458
30,154,30154,0.00237854,5.46E-05,0,0.000681952,2.176377816,161.0469155,6.44E-05,0.102572487,3.475165931,0,0.860217276,0.648449846,1.059329046,,0,,,0,0,0,0,0,0,0,2.362245271
30,155,30155,0.01019918,0.00023425,0,0.053387113,16.53821107,1354.635332,0.000489061,0.77944437,11.36582831,0,6.536757899,1.781551793,15.96738685,,0,,,0,0,0,0,0,0,0.191304417,13.33380501
30,156,30156,0.00057085,1.31E-05,0,0.000194843,0.913336002,63.49651212,2.70E-05,0.043045442,0,0,0.36099771,0.004612355,1.393894682,,0,0.693276885,,0,0,0,0,0,0,0.261558325,0.940737598
30,157,30157,0.001997974,4.59E-05,0,0.006624678,2.873206202,214.0602245,8.50E-05,0.135413945,2.896500999,0,1.135639959,1.883141875,9.743235059,,0,,,0,0,0,0,0,0,0.002929474,13.65655974
30,158,30158,0.004262344,9.79E-05,0,0.136585278,3.818025414,159.320522,0.000112905,0.179943187,6.220648023,0,1.509081465,0.707464341,6.286360662,0.451569109,0,,,0,0,0,0,0,0,0,9.795900398
30,159,30159,0.00057085,1.31E-05,0,0.003507183,3.617340131,264.0934626,0.00010697,0.170484908,0.072333117,0,1.429760243,0.006504604,2.093172814,,0,,,0,0,0,0,0,0,0,1.930644863
30,160,30160,0.024165967,0.000555032,0,0.10365673,16.43698044,1205.568261,0.000486067,0.77467338,58.3855304,0,6.496746309,1.902064358,28.34307343,,0,,,0,0,0,0,0,0,0.347386792,50.45816415
30,161,30161,0.008867197,0.000203657,0,0.026498713,5.178584454,305.2071879,0.000153139,0.24406621,11.71796488,0,2.046844891,3.806612292,6.765764125,70.42013395,0,,,0,0,0,0,0,0,0,4.629513236
30,162,30162,0.00022834,5.24E-06,0,0.002532965,0.902680146,70.27806224,2.67E-05,0.042543232,0,0,0.356785964,0.004257559,0.619300047,,0,,,0,0,0,0,0,0,0,2.766041703
30,163,30163,0.00045668,1.05E-05,0,0.000974217,0.777716019,45.706115,2.30E-05,0.036653685,0,0,0.307393666,0.05463867,0.350622617,,0,,,0,0,0,0,0,0,0,0.941367978
30,164,30164,0.003501211,8.04E-05,0,0.010521548,2.357043007,103.3588088,6.97E-05,0.111087221,0.072333117,0,0.93162552,0.066701753,0.577248251,4.665333874,0,,,0,0,0,0,0,0,0,2.854362191
30,165,30165,0.000418623,9.61E-06,0,0.001071639,1.248672554,97.7002954,3.69E-05,0.058849823,0,0,0.49354009,0.010762162,0.699946162,1.364390095,0,0.07282683,,0,0,0,0,0,0,0,2.876215377
30,166,30166,0.001255869,2.88E-05,0,0.000389687,1.355069659,76.84025498,4.01E-05,0.063864309,0,0,0.535593739,0.087753016,1.946917316,29.70849401,0,,,0,0,0,0,0,0,0,1.654538273
30,167,30167,0,0,0,0.008475691,2.252260425,191.5476667,6.66E-05,0.106148827,1.377505551,0,0.890210015,0.317069859,1.491040349,,0,,,0,0,0,0,0,0,0,1.677442092
30,168,30168,0.000418623,9.61E-06,0,0.003409761,2.062553902,144.2069487,6.10E-05,0.097207976,0,0,0.815228168,0.000591328,2.17368996,,0,,,0,0,0,0,0,0,0,3.071213029
30,169,30169,0.006070034,0.000139413,0,0.02523223,3.544040759,127.621951,0.000104803,0.167030316,9.186305801,0,1.400788533,0.653653529,19.29749145,211.348427,0,,,0,0,0,0,1.1787,0.1115,0,16.48990926
30,170,30170,9.51E-05,2.19E-06,0,0.000876796,1.685562641,153.0374327,4.98E-05,0.079440413,0,0,0.666221689,0.159303655,2.585588599,,0,0.14565366,,0,0,0,0,0,0,0,3.584762882
30,171,30171,0.000361538,8.30E-06,0,0.00058453,0.788533327,55.42846759,2.33E-05,0.037163503,0,0,0.311669227,0.002601841,0.976452021,,0,0.58261464,,0,0,0,0,0,0,0,0.947251528
30,172,30172,0.003215786,7.39E-05,0,0.005358196,2.925516767,201.9162114,8.65E-05,0.137879337,3.547499047,0,1.156315805,0.984323923,19.0836363,,0,,,0,0,0,0,0.6812,0.0644,0,10.23653626
30,173,30173,0.020988238,0.000482047,0,0.034097609,7.6375039,583.9783986,0.000225853,0.359954858,2.817408167,0,3.018737259,0.069067064,23.1554786,448.9283539,0,0.837508545,,0,0,0,0,0.9418,0.0891,0,28.18892791
30,174,30174,0.018305245,0.000420425,0,0.099857282,13.2843002,294.6337339,0.000392837,0.626087849,26.58380498,0,5.250643731,2.598766536,34.3910365,562.4051183,0,,,0,0,0,0,2.9912,0.283,0.514204432,25.56265414
30,175,30175,0.015374883,0.000353122,0,0.049782509,12.75925712,601.7662648,0.000377311,0.601342617,13.83916537,0,5.043119504,2.068463945,10.82929555,,0.022283431,,,0,0,0,0,0,0,0.012870156,18.34049582
30,176,30176,0.000989473,2.27E-05,0,0.009255065,0.706515528,15.62677877,2.09E-05,0.033298012,4.939015696,0,0.279251543,0.043758242,10.11224113,159.7097829,0,,,0,0,0,0,0,0,0,4.991771807
30,177,30177,0.000475708,1.09E-05,0,0.00165617,1.615169412,97.8156102,4.78E-05,0.076122786,0,0,0.638398637,0.019868607,1.338832233,,0,0.183489075,,0,0,0,0,0,0,0.501416996,1.118714981
30,178,30178,0.004243316,9.75E-05,0,0.023965748,2.155873366,18.85318119,6.38E-05,0.101606114,2.531659079,0,0.852112855,1.082011242,7.511099853,118.4801149,0,5.0978781,,0,0,0,0,0,0,0,3.792158015
30,179,30179,0.000856274,1.97E-05,0,0.00058453,0.571056998,39.22197436,1.69E-05,0.026913864,0.723331165,0,0.225711314,0.047069677,2.536931953,56.46814491,0,,,0,0,0,0,0,0,0,2.220174352
30,180,30180,0.000608906,1.40E-05,0,0.002045857,1.730769301,162.2384151,5.12E-05,0.081570998,0.144666233,0,0.684089703,0.929093925,3.839380286,,0,,,0,0,0,0,0,0,0,5.5692002
30,181,30181,0.005251817,0.000120621,0,0.029908474,5.539591931,180.4986789,0.000163814,0.261080459,13.30929344,0,2.189533751,1.502681697,8.498489236,19.94298193,0,,,0,0,0,0,1.7651,0.167,0,6.748171138
30,182,30182,0.000875303,2.01E-05,0,0.003702026,2.473934516,165.6394557,7.32E-05,0.116596307,0.072333117,0,0.977827101,0.016793704,0.46480583,,0,,,0,0,0,0,0,0,0,0.623244437
30,183,30183,0.014080957,0.000323404,0,0.070435917,9.02002046,239.6070308,0.000266736,0.425112737,1.160506202,0,3.565179435,0.101353551,4.577792704,4.303550436,0,,,0,0,0,0,0,0,0.000449186,8.813305545
30,184,30184,0.000209312,4.81E-06,0,0.002630387,1.087220194,83.57069705,3.22E-05,0.051240588,0,0,0.429725752,0.006741135,1.031302059,,0,,,0,0,0,0,0,0,0,0.960699642
30,185,30185,0.001617407,3.71E-05,0,0.010911235,0.801126611,41.95399192,2.37E-05,0.037757024,0,0,0.316646745,0.000591328,0.062635328,0.836239091,0,0.910335375,,0,0,0,0,0,0,0,0.115149476
30,186,30186,0.001940889,4.46E-05,0,0.005358196,0.992609111,32.99350181,2.94E-05,0.046781576,0.072333117,0,0.39233055,0.005558479,2.986300107,70.42013395,0,,,0,0,0,0,0,0,0,2.174938258
30,187,30187,0.000380566,8.74E-06,0,0,0.898320932,59.39619573,2.66E-05,0.042337783,0,0,0.355062977,0.029921177,0.715847613,,0,,,0,0,0,0,0,0,0,0.674506967
30,188,30188,0.001674492,3.85E-05,0,0.004676243,2.471835635,215.4018312,7.31E-05,0.116497387,0.433998699,0,0.976997515,0.073206357,4.10535207,85.82453825,0,,,0,0,0,0,0,0,0,7.196472422
30,189,30189,0.027857461,0.000639816,0,0.203806278,22.65515664,368.2402356,0.000669948,1.067735454,18.25783815,0,8.954491723,2.9600677,9.183994479,,0,,,0,0,0,42.4,0,0,1.581671836,12.35209269
30,190,30190,0.000894331,2.05E-05,0,0.004091713,0.330977338,9.353269403,9.79E-06,0.015598932,1.084996748,0,0.130819393,0.061734601,1.531104797,37.32883275,0,,,0,0,0,0,0,0,0,1.249439054
30,191,30191,0.018514556,0.000425233,0,0.033513078,4.16385637,14.88798383,0.000123132,0.196242169,1.180055891,0,1.645771777,0.061143274,12.70939468,304.7321265,0,,,0,0,0,0,0,0,0,6.832902661
30,192,30192,0.006393516,0.000146843,0,0.034779561,2.905012317,58.82694642,8.59E-05,0.136912964,3.399656478,0,1.148211384,0.682865112,1.071075435,5.445676983,0,,,0,0,0,0,0,0,0.000761663,1.500389266
30,193,30193,0.256920386,0.005900816,0,1.300775057,87.41111508,137.8027647,0.002584882,4.119677833,2.820991545,0,34.54940167,1.064744477,1.484783622,4.181195453,0,,,0.062376156,0,0,140.8,2.7246,0.2578,13.40388479,1.007768041
30,194,30194,0.006146148,0.000141162,0,0.001169061,1.743201133,101.782776,5.15E-05,0.082156909,1.084996748,0,0.689003407,0.024244432,1.65519157,,0,0.182067075,,0,0,0,0,0.3909,0.037,1.395946466,1.439788703
30,195,30195,0.00237854,5.46E-05,0,0.001266483,0.801288064,58.66613431,2.37E-05,0.037764633,0,0,0.31671056,0.003311435,1.814987692,,0,1.022488693,,0,0,0,0,0,0,0,1.439788703
30,196,30196,0.002283398,5.24E-05,0,0.0156849,2.188809647,36.66691981,6.47E-05,0.103158398,1.170933921,0,0.86513098,0.014546659,8.312498356,215.793698,0,0.7282683,,0,0,0,0,0,0,0.174372216,4.596733459
30,197,30197,0.001636436,3.76E-05,0,0.005845304,1.731253659,82.90627102,5.12E-05,0.081593826,0,0,0.684281146,0.094848947,0.594401035,,0,,,0,0,0,0,0,0,0,2.903111605
30,198,30198,0.000304453,6.99E-06,0,0.001169061,1.054768269,78.08373522,3.12E-05,0.049711132,0.034374869,0,0.41689907,0.210157829,1.158680725,,0,3.521498228,,0,0,0,0,0,0,0.931341383,1.632264834
30,199,30199,0.00226437,5.20E-05,0,0.00954733,1.723988302,132.5454808,5.10E-05,0.081251411,0,0,0.681409501,0.111524385,0.692060528,,0,,,0,0,0,0,0,0,0,0.664420881
30,200,30200,0.000361538,8.30E-06,0,0.001363904,1.895450709,138.0799091,5.61E-05,0.089332418,1.301996098,0,0.749180328,0.087043423,8.56379484,189.25411,0,,,0,0,0,0,0,0,0,7.986078434
30,201,30201,0.003234815,7.43E-05,0,0.019386926,6.364129135,519.5196678,0.000188197,0.299940822,0,0,2.515433575,0.030512504,8.185680027,,0.015319859,0.127446953,,0,0,0,0,0,0,0.014579016,12.50842701
30,202,30202,0.00068502,1.57E-05,0,0.001948435,2.265660971,235.9401663,6.70E-05,0.106780394,0,0,0.895506605,0.199277401,3.857856107,,0,,,0,0,0,0,0,0,0,3.91844421
30,203,30203,0.001141699,2.62E-05,0,0.003604604,2.065782949,142.3547362,6.11E-05,0.097360161,0,0,0.816504455,0.040446808,1.071297395,,0,,,0,0,0,0,0,0,0,1.512072315
30,204,30204,0.006355459,0.000145969,0,0.051146413,7.266486376,117.7228817,0.000214881,0.342468836,2.169993496,0,2.87209191,0.535151478,1.440168385,,0.004178143,,,0,0,0,0,0,0,0.004257502,1.987799347
30,205,30205,0.014328325,0.000329086,0,0.016659117,3.013831208,77.48393316,8.91E-05,0.142041588,3.544322711,0,1.191222247,0.880132,18.4317283,414.2024254,0,,,0,0,0,0,0,0,0,11.47880579
30,206,30206,0.004776108,0.000109695,0,0.053094848,4.374713152,12.49382554,0.000129367,0.206179829,0,0,1.729113302,0.038081497,0.244091373,,0,,,0,0,0,0,0.5982,0.0566,3.52813118,0.145407732
30,207,30207,0.03501211,0.00080414,0,0.058160778,6.611474151,121.0804002,0.000195512,0.31159817,22.69011499,0,2.613197141,0.253916071,45.29405216,894.247676,0,,,0,0,0,0,2.31,0.2185,0,19.41931192
30,208,30208,0.035982554,0.000826429,0,0.034876983,3.487048076,61.66569731,0.000103117,0.164344256,6.37166693,0,1.378262072,0.274967334,10.97151719,288.5108487,0,,,0,0,0,0,0,0,0,4.706974373
30,209,30209,0.000932388,2.14E-05,0,0.006916943,2.016055622,35.65235495,5.96E-05,0.095016516,0.072333117,0,0.796849639,0.32416579,2.536540846,,0,,,0,0,0,0,0,0,0,2.629946789
30,210,30210,0.000513765,1.18E-05,0,0.007988583,4.212614983,74.49677629,0.000124574,0.198540158,0.361665583,0,1.665043707,1.928910631,10.31983891,,0,0.21848049,,0,0,0,0,0,0,0,12.8959008
30,211,30211,0.014366382,0.00032996,0,0.020361143,4.60510567,81.4376648,0.00013618,0.217038208,19.31294212,0,1.820176363,0,,,0,,,0,0,0,0,0,0,0,0
30,212,30212,0.001579351,3.63E-05,0,0.003312339,1.233011675,21.80483982,3.65E-05,0.058111727,0.289332466,0,0.487350099,0,,,0,,,0,0,0,0,0,0,0,0
31,1,31001,0.000513765,1.18E-05,0,0.02182247,0.69975888,69.71430972,3.00E-05,0.047877306,0,0,0.401519815,0.085624236,0.146600472,,0,0.993501225,,0,0,0,0,0,0,0,0.07277733
31,2,31002,0.030959078,0.000711052,0,0.016172009,1.651862468,148.1689725,7.09E-05,0.113019966,0,0,0.947834362,0.049908049,0.202049831,,0,30.6987861,,0,0,0,0,0.7837,0.0741,0,0.068781911
31,3,31003,0.019903623,0.000457136,0,0.020653409,1.09835008,126.4784452,4.72E-05,0.075148804,0,0,0.630230402,0.037135373,0.363862103,,0,,,0,0,0,0,0.401,0.0379,0,0.186924957
31,4,31004,0.018038848,0.000414307,0,0.00730663,0.609564276,42.24488846,2.62E-05,0.041706217,0.433998699,0,0.349766387,0.045532225,0.019541879,,0,,,0,0,0,0,0,0,0,0.105954487
31,5,31005,0.000780161,1.79E-05,0,0.001948435,0.216422565,18.70869918,9.29E-06,0.014807571,0,0,0.124182702,0.006741135,0.068822186,,0,,,0,0,0,0,0.2415,0.0228,0,0.044556517
31,6,31006,0.001997974,4.59E-05,0,0.012957091,0.951102661,101.4296627,4.08E-05,0.065074177,0,0,0.545740219,1.017320003,0.304073959,,0,,,0,0,0,0,0,0,0,1.722051222
31,7,31007,0.00306356,7.04E-05,0,0.010034439,0.714772779,63.77728964,3.07E-05,0.048904553,0,0,0.41013475,0.028856787,0.062723381,,0,,,0,0,0,0,0.5878,0.0556,0,0.054140467
31,8,31008,0.000932388,2.14E-05,0,0.001266483,0.425393788,49.8715167,1.83E-05,0.029105324,0.144666233,0,0.244089843,0.015137987,0.516574828,,0,0.007282683,,0,0,0,0,0.6744,0.0638,0,0.672115588
31,9,31009,0.001408096,3.23E-05,0,0.005650461,0.523262163,44.08297734,2.25E-05,0.03580145,0,0,0.30024646,0.050262846,0.163703287,,0,,,0,0,0,0,0,0,0.000143259,0.175039847
31,10,31010,0.005632383,0.000129362,0,0.00058453,0.265579181,34.67342415,1.14E-05,0.018170853,0,0,0.152388639,0.010407366,0.418700033,,0,,,0,0,0,0,0,0,0,0.090579707
31,11,31011,0.002816191,6.47E-05,0,0.031077535,0.715884919,45.01384798,3.07E-05,0.048980645,0,0,0.410772894,0.018685952,0.011824425,,0,1.88135484,,0,0,0,0,0,0,0.258383016,0.051960687
31,12,31012,0.000665991,1.53E-05,0,0.0022407,0.392696854,39.42335185,1.69E-05,0.026868209,0,0,0.225328427,0.258764958,0.32087323,,0,,,0,0,0,0,0,0,0,1.390785403
31,13,31013,0.003862749,8.87E-05,0,0.01061897,0.995477072,46.0187054,4.27E-05,0.068110262,0,0,0.571202139,0.026964539,0.011681352,,0,16.01201901,,0,0,0,0,0,0,0.188176249,0.035248706
31,14,31014,0.000780161,1.79E-05,0,0.000974217,0.178053714,21.6864995,7.64E-06,0.012182385,0,0,0.102166755,0.005321948,0.247380494,,0,,,0,0,0,0,0,0,0.330248211,0.064381891
31,15,31015,0.002968418,6.82E-05,0,0.0022407,0.558961877,56.64444155,2.40E-05,0.038244015,0,0,0.320730863,0.017266766,0.045222014,,0,,,0,0,0,0,0,0,0,0.041600918
31,16,31016,0.007154649,0.000164324,0,0.002143278,0.299610684,39.73114105,1.29E-05,0.020499279,0,0,0.171915827,0.003902762,0.184856997,,0,,,0,0,0,0,0,0,0,0.057756575
31,17,31017,5.71E-05,1.31E-06,0,0,0.506357626,66.89386517,2.17E-05,0.034644847,0,0,0.290546681,0.0102891,0.725446897,,0,,,0,0,0,0,0,0,0,0.179144509
31,18,31018,0.001826719,4.20E-05,0,0.001169061,0.332752475,38.02741853,1.43E-05,0.022766831,0,0,0.190932499,0.035952718,0.276041009,,0,,,0,0,0,0,0.4374,0.0414,0,0.078138273
31,19,31019,0.005423071,0.000124554,0,0.012177717,3.67918361,465.7415873,0.000157947,0.25172871,0,0,2.11110593,0.061616336,2.777850102,,0,4.105858395,,0,0,0,0,0,0,0,0.582926692
31,20,31020,0.001312954,3.02E-05,0,0.003312339,0.448192671,37.50867796,1.92E-05,0.030665217,0,0,0.257171782,0.033114346,0.016287,,0,0.237548783,,0,0,0,0,0,0,0,0.024892983
31,21,31021,0.001769634,4.06E-05,0,0.001558748,0.885931221,110.7999945,3.80E-05,0.060615165,0,0,0.508345017,0.016675438,0.793967538,,0,,,0,0,0,0,0,0,0,0.159968517
31,22,31022,0.001503237,3.45E-05,0,0.000974217,0.487451235,65.10651061,2.09E-05,0.033351277,0,0,0.279698243,0.006504604,1.060206182,,0,,,0,0,0,0,0,0,0,0.196938794
31,23,31023,0.002074087,4.76E-05,0,0.005455617,0.499795996,25.06938462,2.15E-05,0.034195902,0,0,0.286781635,0.069303595,0.13932359,,0,,,0,0,0,0,0.5605,0.053,0,0.057453125
31,24,31024,0.020208077,0.000464129,0,0.004676243,0.326746915,39.32090665,1.40E-05,0.022355932,0,0,0.187486525,0.03193169,0.299161044,,0,,,0,0,0,0,0,0,0,0.063825567
31,25,31025,0.008657886,0.00019885,0,0.0089628,0.517812674,60.58267341,2.22E-05,0.035428598,0,0,0.297119558,0.022943511,0.32892914,,0,,,0,0,0,0,0,0,0,0.154506424
31,26,31026,0.001351011,3.10E-05,0,0.005942726,0.369897971,28.97217345,1.59E-05,0.025308315,0.072333117,0,0.212246488,0.021997387,0.020260073,,0,,,0,0,0,0,0,0,0,0.063817475
31,27,31027,0.003025503,6.95E-05,0,0.016951383,0.926746781,50.17996001,3.98E-05,0.063407755,0,0,0.531764879,0.139080252,0.098258778,,0,3.30133173,,0,0,0,0,0,0,0,0.171246727
31,28,31028,0.001198784,2.75E-05,0,0.008280848,0.242669084,9.559215931,1.04E-05,0.016603351,0,0,0.139242886,0.208856908,0.145048433,,0,,,0,0,0,0,0,0,0.015920905,0.335665838
31,29,31029,0.00192186,4.41E-05,0,0.009449909,0.650824693,66.01611429,2.79E-05,0.044529243,0,0,0.373441506,0.568738886,0.379020176,,0,0.14565366,,0,0,0,0,0,0,0,1.084680614
31,30,31030,0.001312954,3.02E-05,0,0.00506593,0.386246438,47.17143722,1.66E-05,0.026426873,0,0,0.221627196,0.005203683,0.224252568,,0,,,0,0,0,0,0.9159,0.0866,0,0.154101825
31,31,31031,0.000856274,1.97E-05,0,0.00506593,0.311621803,33.7395613,1.34E-05,0.021321076,0,0,0.178807775,0.131156462,0.242318814,,0,,,0,0,0,0,0.3873,0.0366,0,0.329192247
31,32,31032,0.014404439,0.000330834,0,0.00837827,1.724596465,204.2105468,7.40E-05,0.117996406,0,0,0.989568939,0.136833207,0.775375233,,0,,,0,0,0,0,1.1391,0.1078,0,1.214152446
31,33,31033,0.005156675,0.000118436,0,0.013541622,2.093604723,200.5763148,8.99E-05,0.143243847,0,0,1.201304913,0.057240512,0.629981064,,0,,,0,0,0,0,0.2779,0.0263,0,0.167261422
31,34,31034,0.001293926,2.97E-05,0,0.0067221,0.679073065,68.15603833,2.92E-05,0.046461988,0,0,0.389650348,0.029684646,0.101688025,,0,,,0,0,0,0,0.3964,0.0375,0,0.086508425
31,35,31035,0.002321455,5.33E-05,0,0.004968509,0.622465107,50.49187882,2.67E-05,0.042588888,0,0,0.35716885,0.0137188,0.128367149,,0,,,0,0,0,0,0,0,0,0.067320295
31,36,31036,0.003938862,9.05E-05,0,0.007696317,0.823873774,82.93314723,3.54E-05,0.056369212,0,0,0.472736616,0.02720107,0.122793494,,0,,,0,0,0,0,0,0,0,0.063825567
31,37,31037,0.006108091,0.000140287,0,0.003702026,0.51058376,54.76044322,2.19E-05,0.034933998,0,0,0.292971626,0.043521711,0.165262255,,0,,,0,0,0,0,0.7108,0.0672,0,0.064356604
31,38,31038,0.013795532,0.000316849,0,0.028836835,3.255791675,210.14003,0.00013977,0.222760352,0,0,1.868164745,0.039382418,0.126937371,,0,1.63665366,,0,0,0,0,0,0,0,0.112253089
31,39,31039,0.010789058,0.000247798,0,0.005650461,0.421501296,36.98814936,1.81E-05,0.028839,0,0,0.241856341,0.016557173,0.011275967,,0,1.23805611,,0,0,0,0,0,0,0,0.010871588
31,40,31040,0.044088619,0.001012605,0,0.038968696,2.781130057,215.0020603,0.000119393,0.190284138,0.144666233,0,1.59580515,0.182365432,0.391016496,,0,6.05862957,,0,0,0,0,1.0526,0.0996,0,0.428182565
31,41,31041,0.038817774,0.000891547,0,0.0739431,6.534493447,230.7378943,0.000280524,0.447088207,0.361665583,0,3.749475244,0.029684646,0.028622801,,0,,,0,0,0,0,0.4875,0.0461,5.652933089,0.031356459
31,42,31042,0.001046558,2.40E-05,0,0.002143278,0.611899771,64.80884342,2.63E-05,0.041866011,0,0,0.351106488,0.01821289,0.281233286,,0,,,0,0,0,0,0,0,0,0.06508994
31,43,31043,0.000152227,3.50E-06,0,0.00282523,0.304504103,37.42222547,1.31E-05,0.020834085,0,0,0.174723657,0.00579501,0.292585424,,0.016712573,,,0,0,0,0,0,0,0,0.068326736
31,44,31044,0.001940889,4.46E-05,0,0.008767956,0.690305685,62.68428076,2.96E-05,0.047230521,0,0,0.396095596,0.119448175,0.21269629,,0,,,0,0,0,0,0,0,0,0.083049099
31,45,31045,0.000285425,6.56E-06,0,0.002630387,0.2491195,25.27852815,1.07E-05,0.017044686,0,0,0.142944117,0.068475736,0.075441286,,0,,,0,0,0,0,0.606,0.0573,0,0.031002435
31,46,31046,0.010370435,0.000238183,0,0.00282523,0.294717265,35.7511312,1.27E-05,0.020164473,0,0,0.169107996,0.031813425,0.312474681,,0,,,0,0,0,0,0,0,8.36E-05,0.066455464
31,47,31047,0.010046953,0.000230753,0,0.006819522,0.527154655,60.4390908,2.26E-05,0.036067774,0,0,0.302479962,0.060433681,0.495094277,,0,,,0,0,0,0,0,0,0,0.176557095
31,48,31048,0.022110909,0.000507832,0,0.02299153,2.440815026,233.9783618,0.000104784,0.166999879,0,0,1.400533276,0.191471877,0.781637104,,0.015319859,,,0,0,0,0,0.4739,0.0448,0,0.211099775
31,49,31049,0.014823062,0.000340448,0,0.006040148,0.366227907,47.81021665,1.57E-05,0.025057211,0,0,0.210140615,0.012181349,0.552215478,,0,,,0,0,0,0,0,0,0,0.092703854
31,50,31050,0.704599687,0.016182884,0,2.127398511,90.62144412,669.0883881,0.00389036,6.200293766,0,114.4284778,51.99834755,0.120276034,0.174739173,,0.196372736,88.63331387,,0.015099396,3.93588,1.264,0,2.5061,0.2371,20.31944293,0.136147723
31,51,31051,0.000418623,9.61E-06,0,0.002435543,0.336644967,20.90237638,1.45E-05,0.023033154,0,0,0.193166001,0.017030235,0.022488387,,0,0.21848049,,0,0,0,0,0,0,0.120733527,0.027528442
31,52,31052,0.072840412,0.001672961,0,0.066149361,3.616014023,247.3525282,0.000155235,0.247406664,0,0,2.074859386,0.059724088,0.235578761,,0.072421151,2.04949026,,0,0,0,0,0,0,0.004854897,0.352986742
31,53,31053,0.008543716,0.000196228,0,0.0268884,1.299202676,103.9785497,5.58E-05,0.088891082,0.21699935,0,0.745479097,0.114244492,0.603695601,,0,0.96276195,,0,0,0,0,0,0,0,0.214918183
31,54,31054,0.000970444,2.23E-05,0,0.002922652,0.29649669,28.86892115,1.27E-05,0.02028622,0,0,0.170129025,0.028620256,0.020799272,,0,,,0,0,0,0,0,0,0,0.03284842
31,55,31055,0.001255869,2.88E-05,0,0.005845304,0.646153702,67.98802929,2.77E-05,0.044209655,0.003176337,0,0.370761304,0.025781883,0.515046667,,0,,,0,0,0,0,0,0,0.254292228,0.144189137
31,56,31056,0.016649781,0.000382404,0,0.0627396,3.00077783,272.8593363,0.000128823,0.205312377,0.746871274,0,1.721838468,0.13198432,1.920400256,,0,,,0,0,0,0,0.3463,0.0328,0,0.565832364
31,57,31057,0.003729551,8.57E-05,0,0.012275139,0.830657832,81.10159151,3.57E-05,0.056833376,0.072333117,0,0.476629291,0.510079188,0.103751027,,0,,,0,0,0,0,0,0,0,2.732133808
31,58,31058,0.016440469,0.000377596,0,0.032246596,2.549248737,286.064295,0.000109439,0.174418883,0.21699935,0,1.462752256,0.07048625,2.22592018,,0.061279435,,,0,0,0,0,0,0,0.693609692,0.73473646
31,59,31059,0.014651807,0.000336515,0,0.182860604,5.583946856,52.77215593,0.000239718,0.382052076,0,0,3.204054097,0.059487557,0.011675896,,0.105846297,100.6817759,,0,0,0,66.6,0.6379,0.0603,1.67295901,0.020583998
31,60,31060,0.000133198,3.06E-06,0,0.000292265,0.106543072,13.46423186,4.57E-06,0.007289647,0,0,0.061134136,0.0068594,0.118865034,,0,,,0,0,0,0,0.3736,0.0353,0,0.107572885
31,61,31061,0.00521376,0.000119747,0,0.009060222,0.37890631,10.1250015,1.63E-05,0.025924663,0,0,0.21741545,0.035479656,0.01240098,,0,,,0,0,0,0,0,0,0.246829304,0.64176557
31,62,31062,0.001084614,2.49E-05,0,0.006332413,0.497238073,46.46997026,2.13E-05,0.034020889,0,0,0.285313905,0.036544046,0.386403454,,0,,,0,0,0,0,0,0,0,0.116044187
31,63,31063,0.000932388,2.14E-05,0,0.002727809,0.554846957,54.36314432,2.38E-05,0.037962473,0.21699935,0,0.318369732,0.038081497,0.117987949,,0,,,0,0,0,0,0,0,0,0.064713663
31,64,31064,0.000209312,4.81E-06,0,0.000194843,0.173938793,17.18378234,7.47E-06,0.011900843,0,0,0.099805625,0.022588714,0.013448688,,0,,,0,0,0,0,0.3053,0.0289,0,0.013857532
31,65,31065,0.00057085,1.31E-05,0,0.0089628,0.206190872,5.929708467,8.85E-06,0.014107522,0,0,0.118311783,0.102654471,0.050439323,,0,,,0,0,0,0,0,0,0,1.062731093
31,66,31066,0.000970444,2.23E-05,0,0.013054513,0.409712606,49.25099168,1.76E-05,0.028032421,0.289332466,0,0.235092021,0.009816038,0.27552674,,0,,,0,0,0,0,0,0,0,0.043570306
31,67,31067,0.002473682,5.68E-05,0,0.006234991,1.038739342,93.65724994,4.46E-05,0.071070254,0,0,0.596025917,0.021997387,0.164515552,,0,,,0,0,0,0,0.6516,0.0616,0,0.116322349
31,68,31068,0.001389067,3.19E-05,0,0.004968509,0.328971196,25.18851841,1.41E-05,0.022508117,0.003176337,0,0.188762812,0.03299608,0.066168361,,0,41.38748061,,0,0,0,0,0,0,0.000110562,0.097597485
31,69,31069,0.000951416,2.19E-05,0,0.004383978,0.933753267,107.6991222,4.01E-05,0.063887136,0,0,0.535785182,0.039264153,1.041885908,,0,,,0,0,0,0,0.3372,0.0319,0,0.220607863
31,70,31070,0.001636436,3.76E-05,0,0.006624678,0.406598612,44.55017594,1.75E-05,0.027819363,0.144666233,0,0.23330522,0.516702057,0.13538425,,0,,,0,0,0,0,0,0,0,1.233067471
31,71,31071,0.000304453,6.99E-06,0,9.74E-05,0.176830359,20.7232543,7.59E-06,0.012098684,0,0,0.101464797,0.06362685,0.126964352,,0,,,0,0,0,0,0,0,0,0.109292433
31,72,31072,0.000894331,2.05E-05,0,0.002532965,0.19329004,18.59340402,8.30E-06,0.01322485,0,0,0.110909319,0.042812118,0.047188522,,0,,,0,0,0,0,0,0,0,0.100441819
31,73,31073,0.014328325,0.000329086,0,0.000876796,0.480667177,64.33470384,2.06E-05,0.032887113,0,0,0.275805569,0.003311435,0.362244638,,0,,,0,0,0,0,0,0,0,0.127347684
31,74,31074,0.001693521,3.89E-05,0,0.003702026,0.387358579,35.83500704,1.66E-05,0.026502965,0,0,0.222265339,0.011471755,0.049981505,,0,,,0,0,0,0,0,0,0,0.08054564
31,75,31075,0.019903623,0.000457136,0,0.005260774,0.668507729,80.53796853,2.87E-05,0.045739111,0,0,0.383587986,0.039973746,0.31958612,,0,,,0,0,0,0,0,0,0,0.079250922
31,76,31076,0.007535215,0.000173065,0,0.006429835,1.779424997,170.5084225,7.64E-05,0.121747759,0,0,1.021029408,0.06019715,0.375425272,,0,0.014565366,,0,0,0,0,1.1437,0.1082,0,0.127297109
31,77,31077,0.000913359,2.10E-05,0,0.002532965,0.28226129,31.4524844,1.21E-05,0.019312238,0,0,0.16196079,0.075926464,0.081355498,,0,,,0,0,0,0,0.565,0.0535,0,0.135085649
31,78,31078,0.002055059,4.72E-05,0,0.005163352,0.415606951,38.31352489,1.78E-05,0.028435711,0,0,0.238474181,0.022470449,0.067482146,,0,,,0,0,0,0,0.5058,0.0478,0,0.100391244
31,79,31079,0.043612911,0.001001679,0,0.05884273,4.316217759,477.7701596,0.000185294,0.295314407,2.76152157,0,2.476634458,0.218199884,3.274515292,,0.029247003,4.70571954,,0,0,0,0,0.1823,0.0172,0.161751969,1.303958356
31,80,31080,0.028656651,0.000658171,0,0.008280848,1.058424231,113.0229651,4.54E-05,0.072417089,0,0,0.607321055,0.202352305,0.238087106,,0,,,0,0,0,0,0,0,0,0.091793506
31,81,31081,0.003938862,9.05E-05,0,0.002630387,0.343095382,43.66884116,1.47E-05,0.02347449,0,0,0.196867233,0.005321948,0.304160707,,0,0.43696098,,0,0,0,0,0,0,0,0.093765928
31,82,31082,0.001046558,2.40E-05,0,0.0067221,0.384467013,26.04537007,1.65E-05,0.026305125,0,0,0.220606166,0.02270698,0.047309601,,0,,,0,0,0,0,0,0,0.089665651,0.07333062
31,83,31083,0.000856274,1.97E-05,0,0.026303869,0.185838698,10.31814832,7.98E-06,0.012715032,0,0,0.106633759,0.011235224,0.00694034,,0,,,0,0,0,0,0,0,0,0.009356363
31,84,31084,0.005118618,0.000117562,0,0.005845304,0.773271375,86.12851317,3.32E-05,0.05290701,0,0,0.443701092,0.141445562,0.300730478,,0,,,0,0,0,0,0.1002,0.0095,0,0.465542269
31,85,31085,0.024565562,0.000564209,0,0.00730663,1.66587544,204.5791041,7.15E-05,0.11397873,0,0,0.955874969,0.01927728,0.94676188,,0,1.4565366,,0,0,0,0,0,0,0.193206812,1.8113792
31,86,31086,0.000951416,2.19E-05,0,0.000681952,0.231436464,22.41335674,9.94E-06,0.015834818,0,0,0.132797637,0.019986873,0.053021619,,0,,,0,0,0,0,0,0,0,0.080110696
31,87,31087,0.000932388,2.14E-05,0,0.002630387,0.508248265,45.9155822,2.18E-05,0.034774204,0,0,0.291631525,0.03063077,0.074851772,,0,,,0,0,0,0,0,0,0,0.037064346
31,88,31088,0.000361538,8.30E-06,0,0.001461326,0.22120477,20.88081411,9.50E-06,0.015134768,0,0,0.126926718,0.021287794,0.053170386,,0,,,0,0,0,0,0,0,0,0.050650797
31,89,31089,0.037904415,0.000870569,0,0.084951756,4.131936058,308.3431749,0.000177383,0.282705905,0,0,2.3708941,0.256990975,0.407722094,,0.015319859,,,0,0,0,0,0.9933,0.094,0.240085032,0.186216908
31,90,31090,0.000494736,1.14E-05,0,0.000389687,0.735458594,73.55830338,3.16E-05,0.050319871,0,0,0.422004217,0.010643897,0.117234893,,0,16.43407623,,0,0,0,0,0,0,0,0.034062218
31,91,31091,0.005765581,0.000132421,0,0.052412895,1.137608644,125.4530778,4.88E-05,0.077834864,0,0,0.652756863,0.017976359,0.765790943,,0,,,0,0,0,0,0.647,0.0612,0.006136182,0.204676759
31,92,31092,0.001560322,3.58E-05,0,0.001558748,0.747469713,95.97064614,3.21E-05,0.051141668,0,0,0.428896166,0.019632076,1.021763503,,0,,,0,0,0,0,0,0,0,0.213527372
31,93,31093,0.032728712,0.000751696,0,0.020848252,1.846598291,99.47455529,7.93E-05,0.126343737,0,0,1.059573268,0.033823939,0.051962835,,0,13.18326264,,0,0,0,0,0.5286,0.05,0,0.116701661
31,94,31094,0.00487125,0.00011188,0,0.001461326,0.501019351,63.66553845,2.15E-05,0.034279603,0.003176337,0,0.287483593,0.002956638,0.442112314,,0,,,0,0,0,0,0,0,0,0.141660391
31,95,31095,0.003710523,8.52E-05,0,0.003312339,0.565078651,41.18544816,2.43E-05,0.038662523,0,0,0.324240651,0.028383725,0.053663487,,0,9.447285915,,0,0,0,0,0.3372,0.0319,0.807211981,0.038135523
31,96,31096,0.036134781,0.000829925,0,0.108625239,8.129525529,747.7041318,0.000348999,0.556219854,4.701652575,0,4.664700479,7.231581751,1.86552084,,0.194980022,220.4970212,,0,0,0,0,0.2643,0.025,0.298021218,11.32714107
31,97,31097,0.001103643,2.53E-05,0,0.002922652,0.365894265,37.32434573,1.57E-05,0.025034383,0,0,0.209949172,0.048134067,0.257593733,,0,,,0,0,0,0,1.2303,0.1164,0,0.44017894
31,98,31098,0.010922256,0.000250857,0,0.015197791,1.580796682,173.1531492,6.79E-05,0.108157665,1.380681888,0,0.907057,0.066110426,1.06653098,,0,,,0,0,0,0,0,0,0.019956412,0.640177517
31,99,31099,0.004148174,9.53E-05,0,0.001558748,0.338869248,43.15941333,1.45E-05,0.023185339,0,0,0.194442288,0.008278586,0.49354438,,0,,,0,0,0,0,0.3326,0.0315,0.051079569,0.114071764
31,100,31100,0.000875303,2.01E-05,0,0.002143278,0.34932337,30.94528227,1.50E-05,0.023900607,0,0,0.200440836,0.015965845,0.028114471,,0,1.01461815,,0,0,0,0,0,0,0.266785716,0.021292047
31,101,31101,0.148002278,0.00339924,0,0.059427261,6.144688158,216.5404295,0.00026379,0.420417839,0.072333117,0,3.525805989,0.05227336,3.117796729,,0.146235016,32.49783737,,0,0,0,0,0.8931,0.0845,0.126869709,0.098216522
31,102,31102,0.04486878,0.001030523,0,0.124017874,8.360294708,593.5572143,0.000358906,0.572009017,0.072333117,0,4.797115231,0.270473244,,,0.459595765,3.608236413,,0,0,0,0,0.6242,0.0591,1.142869307,0.631428054
31,103,31103,0.001217813,2.80E-05,0,0.00282523,0.334087043,31.28288521,1.43E-05,0.022858142,0,0,0.191698271,0.015256252,0.148618871,,0,,,0,0,0,0,0,0,0,0.034188656
31,104,31104,0.000380566,8.74E-06,0,0.001363904,1.596477865,200.2587194,6.85E-05,0.109230567,0,0,0.916054822,0.049671518,2.39072035,,0,,,0,0,0,0,0,0,0,0.69565822
31,105,31105,0.001141699,2.62E-05,0,0.003604604,0.310064806,23.71168483,1.33E-05,0.021214547,0,0,0.177914374,0.011116959,0.021205745,,0,,,0,0,0,0,0,0,0,0.038330237
31,106,31106,0.000856274,1.97E-05,0,0.004773665,0.229768253,20.21411565,9.86E-06,0.015720679,0,0,0.131840422,0.063508584,0.119707571,,0,0.29130732,,0,0,0,0,0,0,0,0.120267194
32,1,32001,0.000951416,2.19E-05,0,0.006819522,0,14.79067205,2.62E-05,0.041797527,2.390169183,0,0.350532159,0.172549394,5.52810581,,0.001098238,,,0,0,0,0,0,0,0,2.729982547
32,2,32002,0.000589878,1.35E-05,0,0.002045857,0,26.53002623,2.22E-05,0.035360115,2.09766038,0,0.296545229,0.188633504,5.364531943,,0.000787866,,,0,0,0,0,0,0,0,3.564143881
32,3,32003,0.000551821,1.27E-05,0,0.002045857,0,10.45523036,1.23E-05,0.019639435,7.811976587,0,0.164704806,0.505821629,2.462952817,,0.00060338,,,0,0,0,0,0,0,0,1.706239092
32,4,32004,0.001408096,3.23E-05,0,0.006040148,0,19.00718911,1.78E-05,0.0283444,4.19532076,0,0.237708409,0.461590325,1.994661894,,0.000701773,,,0,0,0,0,0,0,0,1.720822332
32,5,32005,0.089946872,0.002065854,0,0.042865565,0,9.687117741,0.000183857,0.293024028,36.16655827,0,2.457426342,0.335164484,36.30714099,,0.006112657,,,0,0,0,0,0.4256,0.0403,0.198911194,29.38085383
32,6,32006,0.001141699,2.62E-05,0,0.007404052,0,7.446350376,3.65E-05,0.058142164,27.50377172,0,0.487605357,0.147122307,26.06443326,,0.00142525,,,0,0,0,0,1.4471,0.1369,0,23.07068584
32,7,32007,0.001560322,3.58E-05,0,0.016756539,0,30.34102056,5.85E-05,0.093274002,2.321012403,0,0.782236155,0.2990935,11.89217604,,0.002124128,,,0,0,0,0,1.03,0.0974,0.112010035,4.663720184
32,8,32008,0.001940889,4.46E-05,0,0.009157643,0,16.42961435,5.49E-05,0.0874225,9.186305801,0,0.733162929,0.215243246,10.91115148,,0.001775412,6.06627324,,0,0,0,0,0.6044,0.0572,0,5.191633476
32,9,32009,0.001084614,2.49E-05,0,0.007598896,0,19.28241242,4.75E-05,0.075696669,26.32925442,0,0.634825034,0.747911148,40.16032126,,0.001860059,44.24978085,,0,0,0,0,0.4043,0.0383,4.22E-05,22.61131378
32,10,32010,0.111011223,0.002549649,0,0.228064291,0,152.949036,0.000983855,1.568027431,281.5535587,0,13.15015682,2.147583578,279.0104193,,0.033319732,,,0,0,0,0,2.0557,0.1945,6.581864998,224.8298126
32,11,32011,0.001103643,2.53E-05,0,0.005358196,0,7.60051256,1.34E-05,0.021419996,1.301996098,0,0.179637361,0.218672946,2.412991609,,0.000609891,,,0,0,0,0,0,0,0,1.356241329
32,12,32012,0.000513765,1.18E-05,0,0.00282523,0,24.34801375,3.45E-05,0.054931067,6.437647373,0,0.460675706,0.120512565,17.9565666,,0.001138029,,,0,0,0,0,0.4682,0.0443,0,8.487445739
32,13,32013,0.00057085,1.31E-05,0,0.003507183,0,0.660913181,2.75E-05,0.043783538,12.15196358,0,0.367187701,0.056412653,29.00375356,,0.001010697,,,0,0,0,0,0.4469,0.0423,0,22.31235735
32,14,32014,0.001769634,4.06E-05,0,0.005845304,0,16.72249205,9.52E-05,0.151781409,83.07914534,0,1.2729046,0.764113525,91.42204081,,0.003597128,,,0,0,0,0,1.6258,0.1538,0.028939033,72.10099738
32,15,32015,0.00011417,2.62E-06,0,0.000389687,0,5.496073868,7.22E-06,0.011512772,3.258166581,0,0.096551093,0.321563949,4.185738534,,0.000376932,,,0,0,0,0,0,0,0,2.676024558
32,16,32016,0.002188257,5.03E-05,0,0.006332413,0,29.90727991,9.89E-05,0.157602474,21.77226808,0,1.321722569,0.25131423,37.88386464,,0.003594234,,,0,0,0,0,0,0,0.000476997,28.26086099
32,17,32017,0.079747692,0.001831604,0,0.172826165,0,24.07790332,0.00067404,1.074256568,64.33085705,0,9.00918061,0.359172384,50.64729895,,0.022529796,,,0,0,0,0,0.9619,0.091,1.887187714,48.80427132
32,18,32018,0.000266396,6.12E-06,0,0.0022407,0,16.46138725,1.91E-05,0.030459767,4.19532076,0,0.255448795,0.180236652,7.435526288,,0.000803059,,,0,0,0,0,0,0,0,0.503121783
32,19,32019,0.008087036,0.000185739,0,0.032344017,0,52.39798799,0.000106932,0.170424035,7.305644771,0,1.429249728,0.430723024,14.07283883,,0.0041325,,,0,0,0,0,0,0,0.019588111,6.368500952
32,20,32020,0.032100777,0.000737274,0,0.113886013,0,54.26381732,0.000243528,0.388124246,51.31407241,0,3.254977938,0.622076635,54.85807578,,0.010090333,,,0,0,0,0,0,0,0.076991843,25.64025274
32,21,32021,0.000399595,9.18E-06,0,0.000681952,0,46.66830144,2.24E-05,0.035732967,3.688988944,0,0.299672131,0.640880853,10.829322,,0.000716966,,,0,0,0,0,0,0,0,6.343709444
32,22,32022,0.006812139,0.000156458,0,0.033318235,0,4.262998654,8.52E-05,0.135832453,31.17557323,0,1.139149748,0.285966027,76.25893669,,0.003133379,,,0,0,0,0,0,0,0,61.37064932
32,23,32023,0.003976919,9.13E-05,0,0.021725048,0,25.95321031,5.32E-05,0.08483536,2.459325963,0,0.711466054,0.381761099,5.428000458,,0.002397603,,,0,0,0,0,0,0,0,2.875814948
32,24,32024,0.008543716,0.000196228,0,0.045593374,0,26.31493618,0.000217755,0.347049596,19.68413671,0,2.910508142,0.251195964,43.11351731,,0.006551807,,,0,0,0,0,0.5022,0.0475,0,13.17449911
32,25,32025,0.01031335,0.000236872,0,0.016366852,0,3.737140505,5.07E-05,0.080802466,15.05799359,0,0.677644455,0.338594184,12.14551771,,0.001779753,,,0,0,0,0,0.2043,0.0193,0.010521985,8.528278811
32,26,32026,0.000171255,3.93E-06,0,0.004091713,0,127.6415394,7.21E-05,0.114899447,7.744283352,0,0.963596504,0.502155398,44.26545407,,0.002653714,,,0,0,0,0,2.0514,0.1941,1.19745697,20.27507871
32,27,32027,9.51E-05,2.19E-06,0,0.000487109,0,24.77972364,1.19E-05,0.018931776,0.361665583,0,0.158770073,0.096504664,2.615036929,,0.000413829,,,0,0,0,0,0,0,0,1.242492057
32,28,32028,0.000247368,5.68E-06,0,0.00165617,0,21.3166004,1.12E-05,0.017798,0.361665583,0,0.149261737,0.277096113,2.259362742,,0.00046809,,,0,0,0,0,0,0,0,1.246867029
32,29,32029,0.015736421,0.000361426,0,0.017048804,0,5.674959466,9.59E-05,0.15286192,97.36037487,0,1.281966236,0.858725941,116.7275074,,0.003279521,,,0,0,0,0,0,0,0,78.02033454
32,30,32030,0.000723076,1.66E-05,0,0.004676243,0,5.753110909,1.23E-05,0.019563343,3.833655177,0,0.164066663,0.302759731,1.970388787,,0.000547672,43.68179772,,0,0,0,0,0,0,0,1.093743008
32,31,32031,0.001560322,3.58E-05,0,0.019874035,0,15.40882931,4.05E-05,0.064610014,18.58961095,0,0.541847544,0.701551065,14.96790526,,0.001774689,29.19363815,,0,0,0,0,0,0,0.001858884,8.652236352
32,32,32032,0.006374487,0.000146406,0,0.009742174,0,1.375145928,5.37E-05,0.085565847,19.52994147,0,0.717592231,0.151379866,17.30796849,,0.001873805,,,0,0,0,0,0.5192,0.0491,2.465991097,19.53570844
32,33,32033,0.000532793,1.22E-05,0,0.007404052,0,19.9913275,2.08E-05,0.033084953,2.603992196,0,0.277464742,0.744836245,3.622802951,,0.000935456,,,0,0,0,0,0,0,0.000715495,2.735815843
32,34,32034,0.00724979,0.000166509,0,0.032344017,0,62.39017895,0.000118835,0.189393857,10.4883019,0,1.588338873,0.799593181,17.15806435,,0.00485453,0.22192683,,0,0,0,0,0,0,0,9.566605506
32,35,32035,0.000152227,3.50E-06,0,0.001753591,0,24.53776801,6.08E-05,0.096880779,18.90525282,0,0.812484151,0.155519159,20.02862943,,0.00211617,,,0,0,0,0,0.6214,0.0588,0,10.38180863
32,36,32036,0.010389463,0.00023862,0,0.029616209,0,46.76383848,0.000175736,0.280080719,32.84558758,0,2.348878153,0.55147212,42.89926576,,0.005923106,,,0,0,0,0,0.2511,0.0238,0.03209846,30.07064109
32,37,32037,0.006355459,0.000145969,0,0.003702026,0,14.06889779,7.39E-05,0.117844221,49.55136117,0,0.988292653,0.037963232,50.58445796,,0.002516253,,,0,0,0,0,0,0,0,35.89664551
32,38,32038,0.003425098,7.87E-05,0,0.013736465,0,270.729541,0.000318142,0.507041369,105.3545689,0,4.252268413,1.445441185,179.9008334,,0.010450625,,,0,0,0,0,2.2174,0.2098,0.008947606,70.50559091
32,39,32039,0.014975288,0.000343945,0,0.062447335,0,17.76910867,0.000264683,0.421840766,111.3582176,0,3.53773927,1.014126834,133.6054437,,0.010082375,,,0,0,0,0,2.2344,0.2114,0.024046242,111.0513734
32,40,32040,0.001465181,3.37E-05,0,0.004383978,0,61.63432518,8.91E-05,0.142018761,59.75668328,0,1.191030804,0.417950348,70.43665057,,0.00293804,,,0,0,0,0,1.2853,0.1216,0,45.14533638
32,41,32041,0.000285425,6.56E-06,0,0.000292265,0,21.80894386,1.37E-05,0.02178524,0.723331165,0,0.18270045,0.051563767,5.635381779,,0.000499199,,,0,0,0,0,1.1704,0.1107,0,2.779565563
32,42,32042,0.011550191,0.000265279,0,0.054166487,0,88.52941414,0.000269013,0.428742342,206.4007564,0,3.595618875,1.725730468,383.247114,,0.010217665,,,0,0,0,0,2.5834,0.2444,1.947777601,223.0798238
32,43,32043,0.000266396,6.12E-06,0,0.000779374,0,3.941072846,5.65E-06,0.009009334,0.144666233,0,0.075556176,0.145821386,0.770134362,,0.000229342,2.06929542,,0,0,0,0,0,0,0.000118176,0.342706142
32,44,32044,0.01801982,0.00041387,0,0.012567404,0,40.74891982,6.84E-05,0.109055555,4.629319459,0,0.914587092,0.312220973,7.070150295,,0.002548809,,,0,0,0,0,0,0,0,3.289978967
32,45,32045,0.001788662,4.11E-05,0,0.012567404,0,33.88171851,3.60E-05,0.057434505,10.70530125,0,0.481670623,1.362537056,6.430812131,,0.001519302,,,0,0,0,0,0,0,0,4.557262531
32,46,32046,0.000589878,1.35E-05,0,0.006040148,0,21.30656582,3.20E-05,0.050997092,7.601329911,0,0.427683693,0.498607432,16.73502639,,0.001426697,0.73516098,,0,0,0,0,0,0,0,9.21514942
32,47,32047,0.002226314,5.11E-05,0,0.009157643,0,17.11249577,2.40E-05,0.038312498,4.434554467,0,0.321305192,2.013115681,3.276072183,,0.001034572,,,0,0,0,0,0,0,0,4.513512811
32,48,32048,0.009666387,0.000222013,0,0.057186561,0,63.93757493,9.94E-05,0.15843188,10.9223006,0,1.328678332,0.203653225,9.214672672,,0.003916181,,,0,0,0,0,0,0,0.010585117,5.283507888
32,49,32049,0.007573272,0.000173939,0,0.027083243,0,102.3108911,0.000149706,0.23859517,36.32841194,0,2.000962382,2.38801738,73.56712121,,0.005788539,,,0,0,0,0,0,0,0.034785682,26.92066123
32,50,32050,0.000646963,1.49E-05,0,0.001169061,0,3.15519816,4.21E-05,0.067044969,11.06696683,0,0.562268132,0.042102525,22.02366205,,0.001350008,,,0,0,0,0,0,0,0.080911118,15.89427339
32,51,32051,0.003881777,8.92E-05,0,0.01402873,0,52.12814293,0.000143685,0.228999925,94.15971622,0,1.920492502,0.24102513,209.8184535,,0.005135963,,,0,0,0,0,1.8386,0.1739,0.11085746,105.1393278
32,52,32052,0.002663965,6.12E-05,0,0.007598896,0,35.71968874,8.25E-05,0.131540844,4.701652575,0,1.103158461,0.120749096,17.78092168,,0.002610305,,,0,0,0,0,0,0,0,10.28118427
32,53,32053,0.001389067,3.19E-05,0,0.004091713,0,8.435476661,5.48E-05,0.087376845,12.25101314,0,0.732780043,0.079119633,20.09877438,,0.001961346,,,0,0,0,0,0,0,0,13.99845217
32,54,32054,0.001084614,2.49E-05,0,0.007404052,0,41.44646099,8.22E-05,0.131061462,10.85632016,0,1.099138158,0.033232611,21.29961595,,0.002676141,,,0,0,0,0,0.3022,0.0286,0,10.95930494
32,55,32055,0.005499185,0.000126302,0,0.023868326,0,58.97038431,0.000131969,0.210326862,25.05397477,0,1.763892117,1.036124221,52.36728941,,0.005305257,,,0,0,0,0,0,0,0.000975037,29.62001897
32,56,32056,0.053735978,0.00123418,0,0.460512559,0,9.856020675,0.000656346,1.046056743,21.2691126,0,8.772684674,0.539290771,20.50634338,,0.023407374,,,0.003385652,1.28934,0.491,0,0.7576,0.0717,4.69050094,13.36553955
32,57,32057,0.0021502,4.94E-05,0,0.00954733,0,35.54457275,7.93E-05,0.12630569,8.535307752,0,1.059254196,0.127135434,11.43099303,,0.002198647,,,0,0,0,0,0,0,0,12.28637978
32,58,32058,0.000875303,2.01E-05,0,0.003799448,0,10.47985656,1.17E-05,0.018619798,2.242326613,0,0.156153685,0.11483582,2.088280098,,0.000498476,,,0,0,0,0,0,0,0,0