CVE ESTADO,CVE MUNICIPIO,Emisiones de SO2,,,,,,,,,,,,,,,,,,,,
,,Comb_ind_LPG,Comb_ind_Diesel,Comb_comer_NG,Comb_comer_LPG,Comb_res_GN,Comb_res_lena,Comb_res_keroseno,Comb_res_LPG,Comb_agricola,Qmas_agricolas,Incend_forest,Cruces_front,Terminales de autobuses,Aviacion,Equipo basico aeropouertos,Embarcaciones marinas,Locomotoras de arrastre,Locomotoras de patio,Maq Contruc,Maq Agricola,
20,Mg_per_year,2102007000,2102004000,2103006000,2103007000,2104006000,2104008000,2104011000,2104007000,2801000000,2801500250,2810001000,2222222222,2270008010,2275000000,2275050000,2280000000,2285000000,2285002010,2260002000,2270005000,
1,1,1001,0.000560129,0.004449883,0.009543591,0.000983358,0.876465289,0.310099782,0.107927119,0.003628194,61.83922654,,14.68254043,,0.064993815,9.594,1.382,0,1.2862,0.0883,3.532916452,2.656852542
1,2,1002,1.31E-06,1.04E-05,0.000112687,1.16E-05,0.047401612,0.459831281,0.00583699,0.000196223,29.39489075,,,,0,0,0,0,0.6363,0.0437,0,1.770602965
1,3,1003,2.47E-05,0.000196016,0.000352221,3.63E-05,0.05581498,0.630368816,0.006873005,0.00023105,9.324334407,,7.08228158,,0,0,0,0,0,0,0.037037161,0.312871189
1,4,1004,4.44E-06,3.53E-05,2.65E-05,2.74E-06,0.01622111,0.08889643,0.001997452,6.71E-05,15.81082791,,,,0,0,0,0,0.416,0.0286,0.074277669,0.551353423
1,5,1005,0.000167241,0.001328626,0.000630694,6.50E-05,0.105537007,0.128984844,0.012995729,0.000436878,17.0946238,,11.71593307,,0,0,0,0,0,0,0.036428166,1.038674002
1,6,1006,1.36E-05,0.000107724,0.000245434,2.53E-05,0.046984098,0.06833203,0.005785578,0.000194494,19.52704814,,0.256119362,,0,0,0,0,0.242,0.0166,0.058804238,0.745348147
1,7,1007,2.65E-05,0.000210826,0.000312692,3.22E-05,0.05390405,0.175583371,0.006637695,0.00022314,30.40840536,,0.31264751,,0,0,0,0,0.3317,0.0228,0.108536314,1.053989375
1,8,1008,1.90E-06,1.51E-05,6.37E-05,6.57E-06,0.008922643,0.115213446,0.001098726,3.69E-05,4.324329,,0.092481965,,0,0,0,0,0,0,0,0.391198381
1,9,1009,3.94E-06,3.13E-05,6.31E-05,6.50E-06,0.019934003,0.067203386,0.002454655,8.25E-05,17.6351542,,0.091737685,,0,0,0,0,0,0,0,0.962242999
1,10,1010,3.28E-06,2.60E-05,4.48E-05,4.62E-06,0.02028499,0,0.002497875,8.40E-05,32.90840806,,0.071903673,,0,0,0,0,0,0,0,2.281990558
1,11,1011,7.01E-05,0.000556636,0.000194105,2.00E-05,0.038107336,0,0.004692502,0.000157748,13.37839285,,,,0,0,0,0,0.5629,0.0387,0,0.562876418
2,1,2001,0.000247435,0.001965725,0.14879736,0.000478548,4.387954375,0.53673628,0.062872858,0.002113602,76.03737519,,116.0978403,,0,0,0,1708.4,0,0,0.606042597,6.961136168
2,2,2002,0.000865045,0.006872255,0.257541162,0.00082828,8.957699811,0.690984508,0.128350512,0.004314769,199.0194145,,,0.451827476,0.02677048,0.12285,0.026,0,1.8133,0.1245,6.562574159,15.81292938
2,3,2003,0.000134932,0.001071956,0.03566827,0.000114713,1.00539072,0.102399662,0.014405753,0.000484279,4.87080427,,7.421650657,,0,0,0,0,0.6075,0.0417,0.12684358,0.279250066
2,4,2004,0.00200728,0.015946624,0.459491238,0.001477772,15.18118005,0.389070669,0.217523725,0.007312512,13.3108252,,3.43659736,0.946675138,0.02677048,36.63504,4.927,0,1.0637,0.0731,5.824156496,0.152936741
2,5,2005,7.83E-05,0.000621912,0.051186897,0.000164622,0.822436481,0,0.011784291,0.000396153,3.921900954,,,,0,0,0,76.3,0,0,0.052383169,0.109747642
3,1,3001,2.11E-05,0.000168,0,6.27E-05,0,0.261011969,0.008860288,0.000297857,53.59006169,,,,0,0,0,55,0,0,0.018904942,5.882996654
3,2,3002,3.09E-05,0.000245633,0,5.65E-05,0,0.078251322,0.007886985,0.000265137,5.810817094,,0.072651914,,0,0,0,1053.5,0,0,1.048512406,0.56708846
3,3,3003,4.92E-05,0.000390523,0,0.000337573,0,0.58043212,0.032157826,0.001081052,19.27162367,,0.221731018,,0.042762843,14.81688,2.002,64.1,0,0,0.708582652,0.734637323
3,8,3008,3.16E-05,0.000250821,0,0.001424215,0,0.29275925,0.027314053,0.000918219,5.67865961,,0.217127236,,0,10.881,2.264,285.6,0,0,0,0.378131789
3,9,3009,2.58E-06,2.05E-05,0,4.73E-05,0,0,0.001679657,5.65E-05,1.148649891,,,,0,0.12285,0.026,43.6,0,0,0,0.075145774
4,1,4001,4.04E-05,0.000320719,0,3.83E-05,10.07941763,5.451358538,0.007256478,0.000243942,0.067567641,,,,0,0,0,0,0.5814,0.0399,0.001696998,0.447713451
4,2,4002,8.84E-05,0.000702092,0,0.000336783,48.82188486,3.517331012,0.035148354,0.001181585,12.57648237,,1.233642,,0.047231478,0.24102,0.096,702.4,1.3346,0.0917,1.046707242,1.837114701
4,3,4003,2.57E-05,0.000204411,0,0.000570464,42.33429957,5.128097353,0.030477745,0.001024573,18.59890361,,0.1382526,,0,0.12051,0.032,51.1,0,0,1.24510876,0.78655636
4,4,4004,2.99E-05,0.000237898,0,6.98E-05,15.55113512,8.171191016,0.011195733,0.000376368,8.264032388,16.94748056,,,0,0,0,0,1.7612,0.121,0.16839627,6.401805831
4,5,4005,8.74E-06,6.94E-05,0,1.68E-05,5.545877016,2.777854892,0.003992645,0.000134221,16.63647496,,,,0,0,0,0,0.5663,0.0389,0.010791168,1.376564457
4,6,4006,2.67E-06,2.12E-05,0,1.73E-05,7.311580042,5.157792704,0.005263828,0.000176955,55.36163426,,16.4981436,,0,0,0,0,0,0,0.027021433,4.537201015
4,7,4007,9.38E-07,7.45E-06,0,8.69E-06,1.633863867,0.714535354,0.001176268,3.95E-05,3.378382032,,,,0,0,0,0,0,0,0,1.194790616
4,8,4008,8.96E-06,7.12E-05,0,5.59E-06,1.846336798,1.08491698,0.001329234,4.47E-05,2.978910332,,,,0,0,0,0,0.3832,0.0263,0.058785758,0.661337072
4,9,4009,8.24E-06,6.55E-05,0,4.80E-05,9.43375889,0,0.006791649,0.000228315,4.806203702,,16.4861805,,0,0,0,0,1.0325,0.0709,0.401492371,1.866421343
4,10,4010,6.17E-07,4.91E-06,0,1.42E-05,4.805851259,0.839881865,0.003459878,0.000116311,0.543529647,,0.5530104,,0,0,0,0,0.8306,0.057,0,0.224038378
4,11,4011,2.13E-06,1.69E-05,0,1.81E-05,6.988456388,1.221319069,0.005031202,0.000169134,9.330268552,,12.1892709,,0,0,0,0,0,0,0,0.230456775
5,1,5001,1.31E-07,1.04E-06,0,0,0.005002376,0.003607431,0.000130508,4.39E-06,2.837840907,,,,0,0,0,0,0.3015,0.0207,0,0
5,2,5002,0.000196604,0.001561902,0,9.06E-05,0.722772985,0.100685738,0.018856589,0.000633903,3.111089266,,16.04492678,0.066404779,0,0,0,0,0.2644,0.0182,0.059779313,8.63770385
5,3,5003,9.65E-06,7.67E-05,0,1.16E-05,0.107188363,0.006915731,0.002796462,9.40E-05,2.635137985,,1.2397,,0,0,0,0,0,0,0.002515673,0
5,4,5004,2.91E-05,0.000231201,0,1.13E-05,0.108525578,0.564726437,0.002831349,9.52E-05,16.16650072,,13.52176094,,0,0,0,0,0,0,0.032052355,0
5,5,5005,2.37E-07,1.89E-06,0,7.29E-07,0.009089816,0.035514502,0.000237146,7.97E-06,1.624590447,,0.8173786,,0,0,0,0,0,0,0,0
5,6,5006,2.36E-05,0.000187338,0,7.29E-06,0.132687488,0.210071181,0.003461714,0.000116373,3.187558124,,1.466486711,,0,0,0,0,1.2848,0.0882,0.015182601,0
5,7,5007,8.51E-06,6.76E-05,0,1.03E-05,0.066622556,0.233028764,0.001738131,5.84E-05,4.873771342,,0.839196939,,0,0,0,0,2.5024,0.1719,0.006761941,0
5,8,5008,0,0,0,0,0.014487401,0.048469191,0.000377965,1.27E-05,2.770273266,,0.07226393,,0,0,0,0,0.5636,0.0387,0,0
5,9,5009,1.25E-05,9.96E-05,0,2.77E-05,0.294766643,0.252669284,0.007690234,0.000258523,20.55838664,,,,0,0,0,0,0,0,4.68E-05,0
5,10,5010,0.000153075,0.001216091,0,3.33E-05,0.390060828,0.034498473,0.010176386,0.0003421,2.100541729,,,,0,0,0,0,0.2667,0.0183,0.009897627,5.223230516
5,11,5011,7.72E-07,6.13E-06,0,5.23E-06,0.061268281,0.671022374,0.001598442,5.37E-05,9.07483335,,,,0,0,0,0,1.6976,0.1166,0.00297688,0
5,12,5012,9.86E-07,7.83E-06,0,9.12E-07,0.009891062,0.006306544,0.00025805,8.67E-06,2.908375619,,70.50857812,,0,0,0,0,0,0,0,0
5,13,5013,2.14E-07,1.70E-06,0,1.46E-06,0.008499709,0.00474953,0.000221751,7.45E-06,1.216217531,,,,0,0,0,0,0,0,0.06190524,0
5,14,5014,1.64E-06,1.30E-05,0,2.43E-06,0.052968884,0.027228113,0.001381917,4.65E-05,3.918923157,,5.411205193,,0,0,0,0,1.1248,0.0773,0,0
5,15,5015,1.19E-08,9.43E-08,0,6.08E-08,0.007216632,0.004083239,0.000188276,6.33E-06,0.819712904,,,,0,0,0,0,0,0,0,0
5,16,5016,4.63E-07,3.68E-06,0,3.65E-07,0.009100643,0.008677497,0.000237429,7.98E-06,1.08108225,,,,0,0,0,0,0,0,0,0
5,17,5017,4.73E-05,0.000375996,0,2.87E-05,0.55893975,0.195952399,0.014582307,0.000490215,29.20702319,,,,0,0,0,0,0,0,0.036318747,0
5,18,5018,0.000178461,0.001417767,0,0.000182373,1.099255935,0.098334611,0.028678739,0.000964095,3.181623979,,0.12056393,,0,0,0,0,0.1438,0.0099,0.977323976,0
5,19,5019,1.76E-06,1.40E-05,0,3.16E-06,0.038984969,0.010491257,0.001017088,3.42E-05,1.283785172,,3.45750444,,0,0,0,0,0,0,0.012046572,0
5,20,5020,8.57E-06,6.81E-05,0,2.92E-05,0.337519636,0.026378296,0.008805627,0.000296019,5.079473511,,22.75302626,,0,0,0,0,1.1596,0.0796,0.729519921,0
5,21,5021,2.61E-07,2.08E-06,0,6.08E-07,0.031400197,0.050556346,0.000819207,2.75E-05,2.635137985,,6.16963254,,0,0,0,0,0.2783,0.0191,0,0
5,22,5022,6.60E-06,5.24E-05,0,5.78E-06,0.146795922,0.014267474,0.003829792,0.000128746,4.597566635,,3.31441615,,0,0,0,0,1.0483,0.072,0.974701617,0
5,23,5023,6.84E-06,5.43E-05,0,2.92E-06,0.052979712,0.189034214,0.0013822,4.65E-05,3.043521626,,35.81031308,,0,0,0,0,1.475,0.1013,0.003980582,0
5,24,5024,4.16E-05,0.000330529,0,2.64E-05,0.248137351,1.112470458,0.006473712,0.000217627,10.9550306,,0.038416716,,0,0,0,0,4.9723,0.3415,0,0
5,25,5025,0.000156293,0.001241654,0,0.00015441,0.823047891,0.045894942,0.021472684,0.000721849,3.310814391,,,0.037201921,0,0,0,0,0.2574,0.0177,0.052160419,0
5,26,5026,0,0,0,1.22E-07,0.017697801,0.018100788,0.000461722,1.55E-05,0.948924766,,,,0,0,0,0,0.3664,0.0252,0.075453082,0
5,27,5027,0.00036755,0.002919959,0,3.76E-05,0.359537671,0.539633808,0.00938006,0.00031533,7.914315171,,0.798618788,,0,0,0,0,4.2534,0.2921,0.074138827,0
5,28,5028,5.81E-05,0.000461835,0,4.57E-05,0.285882553,0.024034825,0.007458455,0.000250731,2.09459686,,0.0322,,0,0,0,0,1.0645,0.0731,0.252048748,2.723287825
5,29,5029,4.04E-07,3.21E-06,0,5.47E-07,0.011423175,0.013989154,0.000298022,1.00E-05,0.138102354,,,,0,0,0,0,0,0,0,0
5,30,5030,0.000458597,0.003643274,0,0.000563716,3.735594829,1.359040603,0.097458785,0.00327628,9.362938521,,5.217686709,,0.242998455,0,0,0,5.1463,0.3535,1.443167014,14.63777781
5,31,5031,2.28E-06,1.81E-05,0,5.23E-06,0.104887486,0.035042273,0.002736434,9.20E-05,5.681615958,,5.31674118,,0,0,0,0,0,0,0.000142783,0
5,32,5032,1.28E-05,0.000101781,0,3.16E-05,0.217132363,0.017252981,0.005664816,0.000190435,2.171076442,,16.07418572,,0,0,0,0,0,0,0.112704965,0
5,33,5033,6.43E-05,0.000510698,0,3.34E-05,0.519597469,1.049380535,0.013555897,0.00045571,23.31381382,,39.71346918,,0,0,0,0,1.0784,0.0741,0.065049773,0
5,34,5034,2.37E-07,1.89E-06,0,1.88E-06,0.027345241,0.083986487,0.000713416,2.40E-05,1.557022807,,1.5951144,,0,0,0,0,2.572,0.1767,0.336003662,0
5,35,5035,0.000531477,0.004222267,0,0.000643292,3.263958455,0.435316179,0.085154156,0.002862634,8.519456864,,,,0,17.03637,2.437,0,0.4662,0.032,1.322216114,0
5,36,5036,1.40E-06,1.11E-05,0,6.69E-07,0.106219287,0.389263398,0.002771179,9.32E-05,5.834553672,,,,0,0,0,0,1.0367,0.0712,0,0
5,37,5037,1.90E-06,1.51E-05,0,2.61E-06,0.03300269,0.017588833,0.000861015,2.89E-05,2.702705625,,,,0,0,0,0,0.5404,0.0371,0,0
5,38,5038,1.84E-05,0.000145833,0,5.23E-06,0.066660453,0.018372565,0.00173912,5.85E-05,6.554071866,,23.19951074,,0,0,0,0,0.763,0.0524,0.001904774,0
6,1,6001,7.84E-06,6.23E-05,0,4.74E-05,0,1.089973795,0.00337937,0.000113605,14.93244858,0.04421554,0.11009502,,0,0,0,0,0.593,0.0407,0.006198585,0.882830966
6,2,6002,6.14E-05,0.000487493,0,0.000316175,0,0.777899607,0.019065204,0.000640916,10.8108225,2.615791364,0.027523755,,0.017422642,0.03627,0.015,0,0.3822,0.0263,0.348673707,0.83517107
6,3,6003,4.23E-06,3.36E-05,0,3.74E-05,0,1.004048123,0.002783891,9.36E-05,4.527031922,1.027569156,,,0,0,0,0,0,0,0.001120188,0.457684725
6,4,6004,2.99E-06,2.38E-05,0,1.36E-05,0,0.724213679,0.002399288,8.07E-05,7.297305188,0.36168312,0.272235935,,0,0,0,0,0.6127,0.0421,0.052185924,0.588936588
6,5,6005,5.87E-06,4.66E-05,0,1.62E-05,0,0.401526857,0.003575979,0.000120214,9.797340066,9.746873703,0.10334751,,0,0,0,0,0.7279,0.05,0.157285925,0.520466034
6,6,6006,1.78E-07,1.41E-06,0,1.03E-06,0,0.334459165,0.000646326,2.17E-05,2.978910332,,0.003931965,,0,0,0,0,0,0,0,0.375290496
6,7,6007,2.66E-05,0.000211203,0,0.000421769,0,1.918750906,0.021055312,0.000707818,13.71623105,,0.751377455,,0,4.30092,0.572,1649.4,0.7335,0.0504,0.182263272,1.246593257
6,8,6008,9.14E-07,7.26E-06,0,5.90E-06,0,0.519771817,0.001018076,3.42E-05,0.945946969,,3.127650535,,0,0,0,0,0,0,0.257897437,0.400892095
6,9,6009,2.58E-05,0.000205166,0,0.00013988,0,2.691388906,0.014042195,0.000472058,27.50299681,0.369641917,0.090435195,,0,0,0,0,0.6801,0.0467,0.04125827,2.377056063
6,10,6010,1.60E-05,0.000127156,0,9.74E-05,0,0.443847875,0.01582284,0.000531918,4.189204444,1.216811669,0.027523755,,0,0,0,0,0,0,0.137116692,0.355078707
7,1,7001,1.39E-06,1.10E-05,0,5.17E-06,0.198730417,1.728883307,0.002079091,6.99E-05,0.270270563,,0.03931965,,0,0,0,0,0,0,0,0.110878667
7,2,7002,2.96E-06,2.35E-05,0,1.27E-05,0.359888364,2.660873812,0.003765103,0.000126572,2.367834494,,2.2502786,,0,0,0,0,0,0,0,0.219026084
7,3,7003,2.68E-06,2.13E-05,0,1.52E-05,0.316996616,2.054249504,0.003316376,0.000111487,1.554055735,1.251034497,0.0806125,,0,0,0,0,0.4383,0.0301,0.002576471,0.409433513
7,4,7004,1.83E-06,1.45E-05,0,8.69E-06,0.344592062,2.924171873,0.003605075,0.000121192,0.002967072,,1.24054226,,0,0,0,0,0,0,0,0.096863466
7,5,7005,3.80E-07,3.02E-06,0,2.55E-06,0.275643948,3.414115551,0.00288375,9.69E-05,0,,,,0,0,0,0,0,0,0,0.100753006
7,6,7006,5.22E-07,4.15E-06,0,1.82E-06,0.339988321,2.966831576,0.003556912,0.000119573,0,,0.70616716,,0,0,0,0,0,0,0,0.12262229
7,7,7007,1.05E-05,8.35E-05,0,1.22E-06,0.125030054,1.293159292,0.001308047,4.40E-05,0,,0.1743196,,0,0,0,0,0,0,0,0.032573555
7,8,7008,2.51E-06,1.99E-05,0,1.62E-05,0.419277977,3.483163577,0.004386429,0.000147459,0.202702922,,0.31227537,,0,0,0,0,0,0,0,0.165042917
7,9,7009,7.52E-06,5.97E-05,0,3.34E-05,0.517482125,1.648112621,0.005413828,0.000181997,2.364867422,,1.33560471,,0,0,0,0,0.5768,0.0396,0.074271178,0.03264856
7,10,7010,0,0,0,6.08E-07,0.087970611,0.875768143,0.000920337,3.09E-05,0,,,,0,0,0,0,0,0,0,0.023706905
7,11,7011,5.94E-08,4.72E-07,0,2.31E-06,0.229741542,2.921800462,0.002403525,8.08E-05,0,,,,0,0,0,0,0,0,0,0.09458396
7,12,7012,1.74E-05,0.000138098,0,1.94E-05,0.494868439,2.419159452,0.005177246,0.000174044,0.608108766,,0.0322,,0,0,0,0,0,0,0.005830555,0.040524074
7,13,7013,2.02E-06,1.60E-05,0,1.53E-05,0.388064341,2.80170605,0.004059876,0.000136481,0,,,,0,0,0,0,0,0,0,0.073633378
7,14,7014,6.29E-07,5.00E-06,0,2.07E-06,0.204981244,1.802407979,0.002144486,7.21E-05,1.07E-05,,0.14491716,,0,0,0,0,0,0,0,0.096231282
7,15,7015,2.53E-06,2.01E-05,0,1.28E-05,0.549883823,3.731613304,0.00575281,0.000193393,0.067567641,,,,0,0,0,0,0,0,0,0.097736737
7,16,7016,5.82E-07,4.62E-06,0,4.01E-06,0.215565799,2.187333922,0.00225522,7.58E-05,1.222151676,,,,0,0,0,0,0,0,0,0.129740148
7,17,7017,1.32E-05,0.0001048,0,4.74E-05,1.062586697,5.345485591,0.011116638,0.000373709,10.27621552,,42.83037391,,0,0,0,0,0,0,0.007065972,0.192510781
7,18,7018,1.76E-06,1.40E-05,0,3.47E-06,0.107857154,0.914047706,0.001128387,3.79E-05,1.07E-05,,,,0,0,0,0,0,0,0,0.047038785
7,19,7019,4.11E-05,0.000326567,0,0.000153011,1.718802094,6.671830346,0.017981874,0.000604498,2.306200998,,0.32599539,,0,0.48789,0.057,0,0,0,0.541477187,0.174439959
7,20,7020,1.27E-06,1.01E-05,0,8.27E-06,0.548236737,4.91117794,0.005735578,0.000192813,9.256766767,,26.30971644,,0,0,0,0,0,0,0,0.333828042
7,21,7021,1.51E-06,1.20E-05,0,1.11E-05,0.273929358,1.951692266,0.002865812,9.63E-05,0,,,,0,0,0,0,0,0,0,0.062746953
7,22,7022,1.42E-07,1.13E-06,0,1.40E-06,0.191467036,1.842073857,0.002003102,6.73E-05,0,,,,0,0,0,0,0,0,0,0.089845151
7,23,7023,9.02E-07,7.17E-06,0,4.86E-06,0.958401736,11.0188104,0.010026669,0.000337067,0,,0.003931965,,0,0,0,0,0,0,0,0.096970616
7,24,7024,1.31E-07,1.04E-06,0,3.65E-07,0.134764064,1.447100221,0.001409883,4.74E-05,0,,,,0,0,0,0,0,0,0,0.030719863
7,25,7025,1.90E-07,1.51E-06,0,9.12E-07,0.097961135,1.031152855,0.001024856,3.45E-05,0,,,,0,0,0,0,0,0,0,0.024065857
7,26,7026,2.85E-07,2.26E-06,0,2.55E-06,0.440042066,4.199617695,0.00460366,0.000154762,1.07E-05,,,,0,0,0,0,0,0,0,0.1210204
7,27,7027,1.24E-05,9.86E-05,0,3.73E-05,1.085267886,5.246796145,0.011353925,0.000381686,3.851355516,,0.48239973,,0,0,0,0,0,0,0.573643227,0.228566706
7,28,7028,6.77E-07,5.38E-06,0,1.58E-06,0.065235419,0.526241622,0.000682484,2.29E-05,0,,,,0,0,0,0,0,0,0,0.045485112
7,29,7029,6.06E-07,4.81E-06,0,3.89E-06,0.073713864,0.442722585,0.000771184,2.59E-05,0,,,,0,0,0,0,0,0,0,0.016179628
7,30,7030,1.15E-06,9.15E-06,0,8.45E-06,0.406438804,3.544375152,0.004252108,0.000142943,2.09459686,,7.59447272,,0,0,0,0,0,0,0,0.179583152
7,31,7031,7.96E-07,6.32E-06,0,9.79E-06,1.426768286,16.20549495,0.014926656,0.000501791,0.067567641,,0.23065895,,0,0,0,0,0,0,0,0.398610842
7,32,7032,3.09E-06,2.45E-05,0,1.84E-05,0.361508449,2.363502899,0.003782052,0.000127142,0.540541125,,0.03931965,,0,0,0,0,0,0,0,0.254416608
7,33,7033,1.42E-07,1.13E-06,0,3.04E-07,0.095314996,1.176470572,0.000997173,3.35E-05,0,,,,0,0,0,0,0,0,0,0.017519001
7,34,7034,4.99E-06,3.96E-05,0,3.50E-05,0.801834029,6.077499714,0.008388679,0.000282003,6.013520016,,0.43023432,,0,0,0,0,0,0,0.001602565,0.313777626
7,35,7035,4.51E-07,3.58E-06,0,4.86E-06,0.142256957,1.002934786,0.001488273,5.00E-05,3.581084953,,,,0,0,0,0,0,0,0,0.092845347
7,36,7036,1.78E-07,1.41E-06,0,2.19E-06,0.093802917,0.88348651,0.000981353,3.30E-05,0,,,,0,0,0,0,0,0,0,0.027253565
7,37,7037,2.14E-06,1.70E-05,0,1.37E-05,0.401443542,3.331457553,0.004199848,0.000141187,1.283795897,1.91090722,,,0,0,0,0,0.284,0.0195,0,0.285115148
7,38,7038,5.94E-08,4.72E-07,0,8.51E-07,0.257269485,2.691406372,0.002691518,9.05E-05,0,,0.1932,,0,0,0,0,0,0,0,0.048667463
7,39,7039,2.49E-07,1.98E-06,0,2.19E-06,0.273996862,3.29439024,0.002866518,9.64E-05,0,,,,0,0,0,0,0,0,0,0.185647833
7,40,7040,1.44E-05,0.000114233,0,5.31E-05,0.640271061,3.217536813,0.006698429,0.000225182,3.043510901,13.61626407,,,0,0,0,0,0.1718,0.0118,0.010602179,0.184351856
7,41,7041,1.64E-06,1.30E-05,0,5.71E-06,0.527351142,5.32570725,0.005517076,0.000185468,1.962439376,,0.302279475,,0,0,0,0,0,0,0,0.295487146
7,42,7042,1.66E-07,1.32E-06,0,2.07E-06,0.11865772,1.136095412,0.001241381,4.17E-05,0,,,,0,0,0,0,0,0,0,0.031652066
7,43,7043,6.53E-07,5.19E-06,0,4.38E-06,0.134777565,1.148006542,0.001410025,4.74E-05,0.067567641,,,,0,0,0,0,0,0,0,0.012815122
7,44,7044,8.91E-07,7.07E-06,0,2.74E-06,0.317091121,2.551559914,0.003317364,0.00011152,0.002967072,,9.30257587,,0,0,0,0,0,0,0,0.105604751
7,45,7045,1.42E-07,1.13E-06,0,8.51E-07,0.067692548,0.788080769,0.00070819,2.38E-05,0.067567641,,,,0,0,0,0,0,0,0,0.008968443
7,46,7046,1.35E-06,1.08E-05,0,7.11E-06,0.489130639,2.890473398,0.005117218,0.000172026,17.51782136,,8.167975665,,0,0,0,0,0,0,0,0.262752867
7,47,7047,1.89E-06,1.50E-05,0,3.95E-06,0.219764519,1.861519919,0.002299147,7.73E-05,0,,0.32390969,,0,0,0,0,0,0,0,0.045742272
7,48,7048,1.46E-06,1.16E-05,0,9.85E-06,0.270770193,1.844490005,0.002832761,9.52E-05,1.689191016,,,,0,0,0,0,0.4296,0.0295,0,0.064922095
7,49,7049,1.22E-06,9.72E-06,0,4.56E-06,0.230929605,2.335488921,0.002415954,8.12E-05,0,,,,0,0,0,0,0,0,0,0.071854691
7,50,7050,2.37E-07,1.89E-06,0,7.29E-07,0.071283736,0.686024151,0.000745761,2.51E-05,1.756758656,,,,0,0,0,0,0,0,0,0.057973213
7,51,7051,8.74E-06,6.94E-05,0,3.15E-05,0.49850013,3.03311547,0.005215241,0.000175321,3.040543828,,,,0,0,0,0,0.412,0.0283,0,0.841134373
7,52,7052,5.26E-06,4.18E-05,0,1.41E-05,1.375074077,14.80300891,0.014385838,0.00048361,0.678654204,,0.03931965,,0,0,0,0,0,0,0.004340066,0.502211355
7,53,7053,1.54E-07,1.23E-06,0,4.86E-07,0.089941714,0.768111791,0.000940958,3.16E-05,0,,0.003931965,,0,0,0,0,0,0,0,0.015557087
7,54,7054,2.07E-06,1.64E-05,0,1.39E-05,0.323449954,2.374594189,0.003383889,0.000113756,12.90541936,1.439215837,,,0,0,0,0,0,0,0,0.236140701
7,55,7055,4.04E-07,3.21E-06,0,4.38E-06,0.06449288,0.52564005,0.000674716,2.27E-05,0.878379328,,,,0,0,0,0,0,0,0,0.032873575
7,56,7056,7.12E-08,5.66E-07,0,6.08E-08,0.136519156,1.454839124,0.001428245,4.80E-05,0,,,,0,0,0,0,0,0,0,0.022287169
7,57,7057,7.88E-06,6.26E-05,0,3.88E-05,0.780759425,6.00587287,0.008168199,0.000274591,0,,0.019659825,,0,0,0,0,0,0,0.011296538,0.287541985
7,58,7058,0,0,0,0,0.05666247,0,0.000592795,1.99E-05,0,,,,0,0,0,0,0,0,0,0.046481606
7,59,7059,7.09E-06,5.63E-05,0,5.79E-05,2.395552067,27.54878323,0.02506194,0.000842509,1.765670598,,1.63453469,,0,0,0,0,0,0,0.001674706,0.720490605
7,60,7060,5.70E-07,4.53E-06,0,1.64E-06,0.154205083,1.415843411,0.001613273,5.42E-05,0,,,,0,0,0,0,0,0,0,0.032787855
7,61,7061,2.53E-05,0.000200921,0,3.48E-05,1.033425169,7.387344501,0.010811554,0.000363453,8.043516307,,0.46722792,,0,0,0,0,0,0,0.007331349,0.446407713
7,62,7062,4.04E-07,3.21E-06,0,3.95E-06,0.214229229,2.183746834,0.002241237,7.53E-05,0.135135281,,,,0,0,0,0,0,0,0,0.081905347
7,63,7063,2.61E-07,2.08E-06,0,4.56E-06,0.048913064,0.261280443,0.000511722,1.72E-05,0,,,,0,0,0,0,0,0,0,0.036966699
7,64,7064,8.19E-07,6.51E-06,0,3.16E-06,0.59103398,5.853888194,0.006183317,0.000207865,0,,,,0,0,0,0,0,0,0,0.10813563
7,65,7065,8.93E-06,7.09E-05,0,0.000112585,1.416305238,11.92131167,0.014817193,0.000498111,5.478913036,,,,0,0,-0.002,0,1.322,0.0908,0.053163523,0.492498971
7,66,7066,6.89E-07,5.47E-06,0,5.71E-06,0.276643001,2.428371835,0.002894201,9.73E-05,0,,,,0,0,0,0,0,0,0,0.058589539
7,67,7067,3.21E-07,2.55E-06,0,1.34E-06,0.142837487,1.237163006,0.001494346,5.02E-05,0,,0.0161,,0,0,0,0,0,0,0,0.017251126
7,68,7068,2.35E-06,1.87E-05,0,1.93E-05,0.396731795,2.676224081,0.004150554,0.00013953,0.138102354,,,,0,0,0,0,0.6259,0.043,0.466761364,0.07251902
7,69,7069,4.76E-06,3.78E-05,0,2.89E-05,0.619128953,3.937093606,0.006477243,0.000217746,5.48484718,,0.55005397,,0,0,0,0,1.1449,0.0786,0.001352647,0.087305699
7,70,7070,2.49E-07,1.98E-06,0,3.40E-06,0.179680918,1.719250763,0.001879797,6.32E-05,0,,,,0,0,0,0,0,0,0,0.031239539
7,71,7071,1.64E-06,1.30E-05,0,9.67E-06,0.356499687,3.359983343,0.003729651,0.00012538,3.648652594,2.68830485,0.03201393,,0,0,0,0,0.3226,0.0222,0.002466971,0.161826814
7,72,7072,1.73E-06,1.38E-05,0,4.92E-06,0.407788875,3.571233186,0.004266232,0.000143418,0.067567641,,0.011795895,,0,0,0,0,0,0,0,0.102188814
7,73,7073,1.20E-06,9.53E-06,0,4.13E-06,0.11656511,0.885522417,0.001219488,4.10E-05,0,,0.01591393,,0,0,0,0,0,0,0,0.013233007
7,74,7074,2.36E-05,0.000187432,0,3.06E-05,0.46855556,0.968145084,0.004901965,0.00016479,2.500002703,,,,0,0,0,0,0,0,0.023631395,0.042292047
7,75,7075,3.13E-06,2.49E-05,0,1.17E-05,0.358308781,3.066132995,0.003748578,0.000126016,0.540541125,2.511442689,,,0,0,0,0,0,0,0.000772941,0.071018922
7,76,7076,3.21E-07,2.55E-06,0,1.28E-06,0.335236072,4.270129646,0.003507194,0.000117902,0,,,,0,0,0,0,0,0,0,0.150063367
7,77,7077,9.86E-07,7.83E-06,0,9.18E-06,0.764140054,9.058229094,0.007994329,0.000268746,0.067567641,,,,0,0,0,0,0.3594,0.0247,0,0.322616739
7,78,7078,3.53E-05,0.000280063,0,0.000287846,2.443236566,3.673603029,0.025560809,0.00085928,0.205669994,,0.281084825,,0,0.00468,0.002,0,0,0,0.45678447,0.086094906
7,79,7079,2.46E-06,1.95E-05,0,1.25E-05,0.421465092,2.646866307,0.004409311,0.000148228,0.005934144,,,,0,0,0,0,0,0,0,0.072594025
7,80,7080,5.82E-07,4.62E-06,0,8.51E-06,0.513971941,4.706941154,0.005377105,0.000180763,0,,0.83244549,,0,0,0,0,0,0,0,0.196976144
7,81,7081,1.60E-06,1.27E-05,0,8.39E-06,0.441203126,3.667380983,0.004615807,0.00015517,0,,,,0,0,0,0,0,0,0,0.260577725
7,82,7082,3.56E-08,2.83E-07,0,8.51E-07,0.155420147,1.257154944,0.001625984,5.47E-05,0,,0.00786393,,0,0,0,0,0,0,0,0.04670662
7,83,7083,7.84E-07,6.23E-06,0,2.13E-06,0.217941924,2.155342348,0.002280079,7.66E-05,1.486498819,7.345085554,,,0,0,0,0,0,0,0,0.144641585
7,84,7084,4.04E-07,3.21E-06,0,1.52E-06,0.108977712,1.105202411,0.00114011,3.83E-05,0,,,,0,0,0,0,0,0,0,0.019737003
7,85,7085,7.36E-07,5.85E-06,0,2.19E-06,0.12876975,0.986872059,0.001347172,4.53E-05,0,,0.27523755,,0,0,0,0,0,0,0,0.04360999
7,86,7086,2.55E-06,2.03E-05,0,5.59E-06,0.26727351,1.650359775,0.002796179,9.40E-05,1.08108225,,2.72608075,,0,0,0,0,0,0,0.030731441,0.085559157
7,87,7087,2.22E-06,1.76E-05,0,2.39E-05,0.456931451,1.882661325,0.004780355,0.000160702,2.908375619,,,0.048174991,0,0,0,0,0.2507,0.0172,0,0.140823514
7,88,7088,1.19E-07,9.43E-07,0,2.43E-07,0.029283035,0.332099678,0.000306355,1.03E-05,0,,,,0,0,0,0,0,0,0,0.009557767
7,89,7089,3.91E-05,0.000310909,0,0.000360127,3.849254265,11.13890081,0.040270375,0.001353772,23.17571146,0.92967595,0.04718358,,0,5.17374,0.469,15.8,0.9187,0.0631,0.719058366,0.671622236
7,90,7090,1.90E-07,1.51E-06,0,1.22E-06,0.055109889,0.496669771,0.000576552,1.94E-05,0,,,,0,0,0,0,0,0,0,0.012129363
7,91,7091,1.71E-06,1.36E-05,0,8.45E-06,0.132171928,0.732180686,0.001382765,4.65E-05,0,,,,0,0,0,0,0,0,0,0.025501665
7,92,7092,2.27E-06,1.80E-05,0,2.01E-05,0.503387386,5.037034644,0.00526637,0.00017704,0,,,,0,0,0,0,0,0,0.001288236,0.095149068
7,93,7093,6.89E-07,5.47E-06,0,1.76E-06,0.543970513,5.47878721,0.005690946,0.000191313,0,,,,0,0,0,0,0,0,0,0.113760998
7,94,7094,4.32E-06,3.43E-05,0,1.19E-05,0.481651247,4.207172891,0.00503897,0.000169395,0.135135281,,0.3542,,0,0,0,0,0,0,0,0.076012105
7,96,7096,3.06E-06,2.43E-05,0,1.22E-05,0.892315772,11.24380307,0.009335286,0.000313825,0,,,,0,0,0,0,0,0,0,0.29629077
7,97,7097,1.05E-05,8.35E-05,0,7.61E-05,1.058563486,5.130093741,0.011074547,0.000372294,5.279177186,,2.00557631,,0,0,0,0,1.294,0.0889,0,0.046449461
7,98,7098,3.56E-07,2.83E-06,0,1.22E-07,0.081476771,0.728713913,0.000852399,2.87E-05,0.135135281,,,,0,0,0,0,0,0,0.039905619,0.074201272
7,99,7099,2.24E-06,1.78E-05,0,7.42E-06,0.799295896,8.010223542,0.008362125,0.00028111,9.465403833,,,,0,0,0,0,0,0,0,0.412548359
7,100,7100,2.85E-07,2.26E-06,0,2.19E-06,0.421343585,5.082852047,0.004408039,0.000148185,0,,,,0,0,0,0,0,0,0,0.125986796
7,101,7101,0.000122786,0.000975458,0,0.000751136,7.181998456,2.499525175,0.075137092,0.00252589,0.681610551,,1.00648506,,0.266683938,7.74774,1.198,0,0,0,0,0.048410303
7,102,7102,1.77E-06,1.41E-05,0,8.75E-06,0.4635873,4.4503569,0.004849987,0.000163042,1.959461578,,,,0,0,0,0,0,0,2.991784935,0.130453552
7,103,7103,2.33E-06,1.85E-05,0,2.01E-06,0.338854262,3.433428162,0.003545047,0.000119174,0.135135281,0.651029615,0.21367611,,0,0,0,0,0.1368,0.0094,0.173610012,0.116583325
7,104,7104,1.18E-06,9.34E-06,0,1.70E-06,0.17569821,1.549817584,0.001838131,6.18E-05,0.878400778,3.314396901,0.22805397,,0,0,0,0,0,0,0.090507589,0.077297903
7,105,7105,5.94E-07,4.72E-06,0,4.13E-06,0.176386746,1.551533857,0.001845334,6.20E-05,0,,0.003931965,,0,0,0,0,0,0,0,0.048938659
7,106,7106,1.56E-05,0.000123948,0,3.25E-05,0.788886851,6.03921453,0.008253227,0.000277449,2.165153022,13.5847826,0.36206393,,0,0,0,0,0,0,0,0.461543915
7,107,7107,8.81E-06,7.00E-05,0,2.47E-05,0.909988199,5.580495288,0.009520173,0.00032004,12.29731059,,25.66686111,,0,0,0,0,0,0,0.010451456,0.514480013
7,108,7108,2.25E-05,0.000178659,0,5.71E-05,1.297282999,6.160884404,0.013571998,0.000456251,21.28974094,,1.102249075,,0,0,0,0,0,0,0.018636335,0.440884138
7,109,7109,3.57E-06,2.84E-05,0,2.14E-05,0.462561246,2.551635807,0.004839253,0.000162682,0,,,,0,0,0,0,0,0,0.01263115,0.0689295
7,110,7110,3.80E-07,3.02E-06,0,2.80E-06,0.082286813,0.755865977,0.000860873,2.89E-05,0,,,,0,0,0,0,0,0,0.028749555,0.047590607
7,111,7111,3.12E-06,2.48E-05,0,1.82E-06,0.430942589,4.670955808,0.004508463,0.000151561,0,,1.537738795,,0,0,0,0,0,0,0,0.107503446
7,112,7112,2.85E-07,2.26E-06,0,1.03E-06,0.367975288,3.591186015,0.003849707,0.000129416,0,,,,0,0,0,0,0,0,0,0.094891909
7,113,7113,3.56E-08,2.83E-07,0,3.04E-07,0.073119833,0.278543447,0.00076497,2.57E-05,0,,,,0,0,0,0,0,0,0,0
7,114,7114,1.22E-06,9.72E-06,0,8.88E-06,0.220507058,0.560001245,0.002306915,7.76E-05,0.472973484,,,,0,0,0,0,0,0,0,0.126757953
7,115,7115,3.09E-07,2.45E-06,0,4.07E-06,0.155042127,0.393746054,0.00162203,5.45E-05,0.067567641,,,,0,0,0,0,0,0,0,0
7,116,7116,7.24E-07,5.75E-06,0,2.43E-06,0.122613427,0.311389904,0.001282765,4.31E-05,0.472973484,,,,0,0,0,0,0,0,0,0.120661448
7,117,7117,1.66E-07,1.32E-06,0,1.95E-06,0.098622669,0.375694217,0.001031777,3.47E-05,0,,0.14690885,,0,0,0,0,0,0,0,0
7,118,7118,0,0,0,1.22E-07,0.044687342,0.170232424,0.000467513,1.57E-05,0,,,,0,0,0,0,0,0,0,0
7,119,7119,1.07E-07,8.49E-07,0,1.82E-07,0.042770242,0.162929402,0.000447456,1.50E-05,0,,,,0,0,0,0,0,0,0,0
8,1,8001,3.91E-06,3.10E-05,0,1.25E-05,0.091295174,0.033300863,0.001641945,5.52E-05,25.96083081,,,,0,0,0,0,3.8866,0.2669,0,2.542894196
8,2,8002,1.36E-05,0.000107724,0,1.74E-05,0.157184765,0.074563034,0.00282697,9.50E-05,26.70405341,,,,0,0,0,0,3.8164,0.2621,0.000937407,1.622505142
8,3,8003,0,0,0,3.10E-06,0.06295244,0.056943698,0.0011322,3.81E-05,13.99245721,,,,0,0,0,0,0.9307,0.0639,0,1.130896814
8,4,8004,3.51E-06,2.79E-05,0,1.34E-06,0.051659325,0.003340176,0.000929094,3.12E-05,0.478929079,,,,0,0,0,0,0,0,0,0
8,5,8005,9.74E-06,7.73E-05,0,1.20E-05,0.175852174,0.052181342,0.003162704,0.000106321,40.95193509,,,,0,0,0,0,2.404,0.1651,0.701002516,4.798193286
8,6,8006,1.78E-07,1.41E-06,0,4.26E-07,0.044261471,0.165598274,0.000796043,2.68E-05,34.86490257,,,,0,0,0,0,0,0,0,3.866085824
8,7,8007,4.87E-07,3.87E-06,0,2.61E-06,0.12431065,2.59050225,0.002235729,7.52E-05,7.171071124,,8.890647515,,0,0,0,0,0,0,0,1.484002049
8,8,8008,1.73E-06,1.38E-05,0,1.95E-06,0.105894548,2.392987959,0.001904515,6.40E-05,0.070545438,,0.3931965,,0,0,0,0,0,0,0,0.015248047
8,9,8009,4.69E-06,3.73E-05,0,2.33E-05,0.243053275,5.098587301,0.004371316,0.000146951,2.432435063,,15.98992933,,0,0,0,0,1.4873,0.1022,0,0.275170773
8,10,8010,1.99E-05,0.000158379,0,1.44E-05,0.162713523,0.122119996,0.002926405,9.84E-05,64.32440461,,,,0,0,0,0,0,0,0.000636098,3.770644345
8,11,8011,3.36E-05,0.000267046,0,3.76E-05,0.373952884,0.117773394,0.006725547,0.000226093,22.51785894,,,,0,0,0,0,1.9877,0.1365,0.212672502,1.586361623
8,12,8012,2.49E-07,1.98E-06,0,1.28E-06,0.066156606,1.315932472,0.001189827,4.00E-05,16.14867684,,,,0,0,0,0,0,0,0,1.728253171
8,13,8013,8.67E-07,6.89E-06,0,1.88E-06,0.063266574,0.460811493,0.00113785,3.83E-05,18.71920353,,7.45538721,,0,0,0,0,1.209,0.083,0,1.544147123
8,14,8014,1.78E-07,1.41E-06,0,4.26E-07,0.015455389,0.044248855,0.000277965,9.34E-06,7.432440469,,,,0,0,0,0,0,0,0,0.316396974
8,15,8015,8.31E-08,6.60E-07,0,1.64E-06,0.010931861,0.028495976,0.00019661,6.61E-06,6.765697455,,,,0,0,0,0,0,0,0,0.018636502
8,16,8016,2.26E-07,1.79E-06,0,9.12E-07,0.02605741,0.035668106,0.000468643,1.58E-05,8.581101085,,,,0,0,0,0,0.4841,0.0332,0,0.337857188
8,17,8017,7.35E-05,0.000583614,0,0.000109728,1.07815477,0.695996983,0.019390627,0.000651856,268.6489392,,,,0,0,0,0,1.2815,0.088,0.058574901,15.59903438
8,18,8018,0,0,0,1.22E-07,0.036156815,0.113509068,0.000650281,2.19E-05,80.54062763,,,,0,0,0,0,0,0,0.000836971,6.476749118
8,19,8019,0.000813109,0.00645966,0,0.000817398,6.284335666,0.517815324,0.113023857,0.003799532,45.68165921,,,,0.073477026,28.52577,3.817,0,5.0745,0.3485,2.594962725,3.342710732
8,20,8020,7.12E-08,5.66E-07,0,1.28E-06,0.062237785,1.324020318,0.001119347,3.76E-05,0.135135281,,1.94696719,,0,0,0,0,0,0,0,0.002117784
8,21,8021,0.000120245,0.000955271,0,8.72E-05,1.036830451,0.106056615,0.018647409,0.000626871,30.00003244,,,,0,0,0,0,0.4279,0.0294,0.147446349,2.167622819
8,22,8022,7.12E-08,5.66E-07,0,2.43E-07,0.018918716,0.053819924,0.000340253,1.14E-05,8.783804007,,,,0,0,0,0,0,0,0,0.807299373
8,23,8023,1.96E-06,1.56E-05,0,2.43E-07,0.028625454,0.030476927,0.000514829,1.73E-05,14.7973133,,,,0,0,0,0,0,0,0,0.735294707
8,24,8024,4.27E-07,3.40E-06,0,2.25E-06,0.028201374,0.019260758,0.000507202,1.71E-05,15.33785442,,,,0,0,0,0,0,0,0,1.468895187
8,25,8025,1.14E-05,9.07E-05,0,6.57E-06,0.056944628,0.424569363,0.00102415,3.44E-05,24.25678299,,,,0,0,0,0,0,0,0,3.576231747
8,26,8026,1.78E-07,1.41E-06,0,1.22E-07,0.022813977,0.048666767,0.00041031,1.38E-05,17.90542477,,,,0,0,0,0,0,0,0,0.990134751
8,27,8027,3.91E-06,3.10E-05,0,1.37E-05,0.378405733,7.459051938,0.006805632,0.000228785,6.833350895,,12.28399171,,0,0,0,0,0,0,0,2.751142986
8,28,8028,3.68E-07,2.92E-06,0,2.01E-06,0.069172291,0.022823653,0.001244065,4.18E-05,8.175684516,,,,0,0,0,0,0,0,0,0.581402382
8,29,8029,3.36E-06,2.67E-05,0,7.66E-06,0.420177692,9.642024046,0.007556901,0.000254041,2.987811549,,27.44719664,,0,0,0,0,0,0,0,2.584120397
8,30,8030,4.04E-07,3.21E-06,0,3.59E-06,0.063462907,1.340143959,0.001141381,3.84E-05,0.067567641,,6.726924429,,0,0,0,0,1.0009,0.0687,0,0.014118562
8,31,8031,5.13E-06,4.08E-05,0,1.22E-05,0.2875582,2.476480399,0.005171738,0.000173859,129.3244642,,3.388224028,,0,0,0,0,3.1804,0.2184,0,9.007077795
8,32,8032,6.54E-05,0.000519659,0,0.000121825,0.819284851,0.349581689,0.014734849,0.000495343,9.330268552,,,,0,0,0,0,0.739,0.0508,0.088525146,0.43287511
8,33,8033,0,0,0,0,0.007766961,0.047138774,0.000139689,4.70E-06,1.283785172,,,,0,0,0,0,0,0,0,0.135114638
8,34,8034,9.37E-06,7.44E-05,0,1.34E-06,0.049719548,0.585635914,0.000894207,3.01E-05,29.12165311,,,,0,0,0,0,0,0,0,2.526375479
8,35,8035,9.50E-08,7.55E-07,0,4.01E-06,0.060894862,0.147098807,0.001095195,3.68E-05,53.64870666,,0.35759825,,0,0,0,0,0,0,0,4.24206313
8,36,8036,2.04E-05,0.000161774,0,3.00E-05,0.326502954,0.128247641,0.00587216,0.000197405,26.23406845,,,,0,0,0,0,0,0,0.017430542,2.959109403
8,37,8037,0.002740325,0.021770222,0,0.001085183,10.86983504,0.344264127,0.195494122,0.006571941,10.61406445,,,0.157384724,0,28.46025,3.817,0,2.273,0.1561,2.49114403,0.497538124
8,38,8038,2.14E-07,1.70E-06,0,7.90E-07,0.034052118,0.022552687,0.000612428,2.06E-05,15.20568621,,,,0,0,0,0,0,0,0,0.656371946
8,39,8039,3.80E-07,3.02E-06,0,2.25E-06,0.030164711,0.037459044,0.000542513,1.82E-05,10.07944674,,,,0,0,0,0,0.3625,0.0249,0,0.612039661
8,40,8040,6.84E-06,5.43E-05,0,1.54E-05,0.243705103,3.586294596,0.004383039,0.000147345,60.27631249,,39.64210688,,0,0,0,0,2.3268,0.1598,0,4.493373533
8,41,8041,8.31E-08,6.60E-07,0,4.26E-07,0.017897781,0.422645249,0.000321892,1.08E-05,0.067567641,,1.71522537,,0,0,0,0,0,0,0,0.008188766
8,42,8042,7.12E-08,5.66E-07,0,9.73E-07,0.012235517,0.064663786,0.000220056,7.40E-06,2.297299781,,,,0,0,0,0,0,0,0,0.032049136
8,43,8043,6.20E-06,4.92E-05,0,1.28E-06,0.024337526,0.287348393,0.000437711,1.47E-05,10.4729843,,,,0,0,0,0,0.6501,0.0447,0,0.982369542
8,44,8044,1.85E-06,1.47E-05,0,1.22E-06,0.033015476,0.078778741,0.000593784,2.00E-05,9.259733839,,,,0,0,0,0,0.4513,0.031,0.034007793,0.993664391
8,45,8045,5.04E-05,0.00040071,0,1.47E-05,0.330256854,0.056242481,0.005939674,0.000199674,54.66222127,,,,0,0,0,0,0,0,0,2.59273272
8,46,8046,2.37E-08,1.89E-07,0,6.69E-07,0.053371355,1.191254909,0.000959884,3.23E-05,0,,,,0,0,0,0,0,0,0,0
8,47,8047,1.19E-07,9.43E-07,0,1.40E-06,0.04041333,0.931363153,0.000726834,2.44E-05,0.135156731,,1.36045,,0,0,0,0,0,0,0,0.014118562
8,48,8048,1.76E-06,1.40E-05,0,7.72E-06,0.152834011,0.338534005,0.002748722,9.24E-05,185.8110225,,,,0,0,0,0,0,0,0.000569258,17.3366058
8,49,8049,2.02E-07,1.60E-06,0,1.82E-07,0.021604561,0.335839421,0.000388558,1.31E-05,1.621623375,,0.48756366,,0,0,0,0,0,0,0,0.402379016
8,50,8050,5.01E-05,0.000398163,0,5.02E-05,0.425863516,0.139347218,0.007659161,0.000257479,34.18922616,,,,0,0,0,0,1.4078,0.0967,0.023801799,1.856732085
8,51,8051,1.19E-08,9.43E-08,0,1.22E-06,0.04752061,1.080934635,0.000854659,2.87E-05,0.472984209,,7.362000978,,0,0,0,0,0,0,0.004225028,0.035578776
8,52,8052,9.89E-06,7.86E-05,0,2.83E-05,0.159462236,0.083458252,0.00286793,9.64E-05,26.16352301,,,0.03385584,0,0,0,0,1.7305,0.1189,0.008668086,2.367400471
8,53,8053,2.83E-06,2.25E-05,0,2.98E-06,0.06485295,0.017846096,0.001166381,3.92E-05,11.55407727,,,,0,0,0,0,0,0,0,0.841607479
8,54,8054,2.49E-07,1.98E-06,0,6.08E-08,0.05807551,0.211621384,0.001044489,3.51E-05,106.3514664,,,,0,0,0,0,0.5191,0.0357,0,7.239998578
8,55,8055,5.94E-07,4.72E-06,0,1.22E-06,0.128700671,0.053218641,0.002314683,7.78E-05,35.06760549,,,,0,0,0,0,0.7296,0.0501,0,1.515345256
8,56,8056,2.37E-08,1.89E-07,0,0,0.015604603,0.14417907,0.000280649,9.43E-06,5.000005407,,,,0,0,0,0,0,0,0,0.325997596
8,57,8057,1.07E-07,8.49E-07,0,5.47E-07,0.017018206,0.083086028,0.000306073,1.03E-05,3.783787875,,,,0,0,0,0,0,0,0,0.004376754
8,58,8058,0,0,0,3.04E-07,0.020316612,0.0181365,0.000365395,1.23E-05,7.432440469,,,,0,0,0,0,0,0,0,0.238462512
8,59,8059,5.94E-07,4.72E-06,0,2.31E-06,0.036211789,0.051104025,0.000651269,2.19E-05,1.962428651,,,,0,0,0,0,0,0,0,0.095441479
8,60,8060,1.15E-06,9.15E-06,0,6.57E-06,0.076365959,0.085831312,0.001373443,4.62E-05,3.924857301,,1.06190471,,0,0,0,0,0.6735,0.0463,1.267565338,0.255122415
8,61,8061,1.54E-07,1.23E-06,0,4.26E-07,0.028641161,0.182414277,0.000515112,1.73E-05,15.06758386,,,,0,0,0,0,0,0,0,1.213490401
8,62,8062,1.16E-05,9.21E-05,0,1.08E-05,0.216713145,0.046327668,0.003897589,0.000131026,38.10814932,,,,0,0,0,0,0.4163,0.0286,2.558993512,2.057498036
8,63,8063,2.37E-07,1.89E-06,0,1.46E-06,0.047936838,0.98175119,0.000862145,2.90E-05,17.84379127,,37.68881327,,0,0,0,0,0.746,0.0512,0,1.682650216
8,64,8064,5.94E-08,4.72E-07,0,1.22E-07,0.013531319,0.052081816,0.000243361,8.18E-06,2.505936848,,,,0,0,0,0,0,0,0,0.284206652
8,65,8065,7.24E-07,5.75E-06,0,1.03E-05,0.161339187,3.282233013,0.002901687,9.75E-05,0.070545438,,11.58192471,,0,0,0,0,1.2441,0.0854,0,0.010447736
8,66,8066,1.42E-07,1.13E-06,0,8.51E-07,0.061256116,1.473589368,0.001101692,3.70E-05,0.070556163,,11.89482853,,0,0,0,0,0,0,0,0
8,67,8067,5.22E-07,4.15E-06,0,4.32E-06,0.032434328,0.133999876,0.000583332,1.96E-05,15.40838914,,,,0,0,0,0,0,0,0,0.989428823
9,2,9002,0.000632807,0.005027272,,,,0,0,,0,,,,0,0,0,0,0.3772,0.0259,0,0
9,3,9003,0.000273795,0.002175136,,,,0,0,,0,,,,0,0,0,0,0,0,0.073754523,0
9,4,9004,6.64E-05,0.000527111,,,,0,0,,0,,0.215186689,,0,0,0,0,0,0,0.385294264,0.00288172
9,5,9005,0.000403491,0.003205493,,,,0,0,,0,,0.40710286,,0,0,0,0,0.582,0.04,0.371449017,0
9,6,9006,0.000402434,0.003197098,,,,0,0,,0,,,,0,0,0,0,0,0,0.104175756,0
9,7,9007,0.000873392,0.006938569,,,,0,0,,0,,0.153883,,0,0,0,0,0,0,0.05449696,0
9,8,9008,2.07E-05,0.000164604,,,,0,0,,0,,0.16666252,,0,0,0,0,0.3772,0.0259,2.525812841,0.007370554
9,9,9009,1.80E-05,0.000142909,,,,0,0,,0,,14.63938521,,0,0,0,0,0,0,0.018271825,0.502527709
9,10,9010,0.000200523,0.001593031,,,,0,0,,0,,0.145932048,,0,0,0,0,0.4284,0.0294,0,0.003602151
9,11,9011,0.000120126,0.000954328,,,,0,0,,0,,0.30311793,,0,0,0,0,0.1537,0.0106,0.653373309,0.2501555
9,12,9012,0.000185312,0.001472195,,,,0,0,,0,,6.453656273,,0,0,0,0,1.7135,0.1177,0.006242916,0.374235732
9,13,9013,0.000175077,0.001390883,,,,0,0,,0,,0.722329167,,0,0,0,0,0,0,1.743456502,0.065226634
9,14,9014,0.000271349,0.002155704,,,,0,0,,0,,,,0,0,0,0,0,0,0.050280523,0
9,15,9015,0.000484743,0.003850987,,,,0,0,,0,,,,0,0,0,0,0.1397,0.0096,2.602061705,0
9,16,9016,0.000496414,0.003943713,,,,0,0,,0,,,,0,0,0,0,0.5122,0.0352,0.920532367,0
9,17,9017,0.000181608,0.001442764,,,,0,0,,0,,,,0,241.75359,37.593,0,0,0,7.214797491,0
10,1,10001,4.90E-06,3.90E-05,0,1.20E-05,0.196669678,0.993149913,0.004004933,0.000134634,59.05710643,,4.3995895,,0,0,0,0,1.2144,0.0834,0,6.73485657
10,2,10002,6.89E-07,5.47E-06,0,1.70E-06,0.027743915,0.619303924,0.00056497,1.90E-05,0.270270563,,2.37925989,,0,0,0,0,0,0,0,0.096840848
10,3,10003,0,0,0,5.47E-07,0.028708016,0.385841137,0.000584603,1.97E-05,7.972981595,,,,0,0,0,0,0,0,0,0.426342268
10,4,10004,5.20E-06,4.13E-05,0,1.49E-05,0.21234499,0.291913577,0.004324141,0.000145365,72.24763172,,,,0,0,0,0,1.1003,0.0756,0.410370817,0.151064794
10,5,10005,0.000243208,0.001932144,0,0.000532774,3.773533125,5.958223116,0.076843302,0.002583247,86.5193036,,173.1676812,,0.041906317,10.98747,1.735,0,5.0609,0.3476,1.187190848,8.847511572
10,6,10006,3.44E-07,2.74E-06,0,9.12E-07,0.063935852,0.261779051,0.001301974,4.38E-05,12.64108294,,,,0,0,0,0,0,0,0,2.661304317
10,7,10007,0.000289991,0.002303801,0,0.000211249,2.246820157,0.556317185,0.045753694,0.001538106,28.44597671,,,,0,0,0,0,1.2967,0.0891,0.655907249,3.977057883
10,8,10008,5.38E-06,4.27E-05,0,2.49E-05,0.215154062,0.234445574,0.004381344,0.000147288,71.28683866,,,,0,0,0,0,0.4875,0.0335,0.003647391,8.53412142
10,9,10009,3.44E-07,2.74E-06,0,1.52E-06,0.069061541,1.550420985,0.001406352,4.73E-05,6.780586441,,0.18235895,,0,0,0,0,0,0,0.020541606,0.081076059
10,10,10010,3.56E-08,2.83E-07,0,1.82E-07,0.027847955,0.11758037,0.000567089,1.91E-05,17.02704544,,,,0,0,0,0,0,0,0,0.857015522
10,11,10011,2.37E-07,1.89E-06,0,7.29E-07,0.031295136,0.196841996,0.000637286,2.14E-05,22.70272725,,,,0,0,0,0,0,0,0.02066367,0.032222536
10,12,10012,5.62E-05,0.000446554,0,5.31E-05,0.969296098,0.612643329,0.019738508,0.000663551,11.22514029,,,,0,0,0,0,1.1965,0.0822,0.038884952,2.727828263
10,13,10013,3.54E-06,2.81E-05,0,1.68E-05,0.161705409,0.538712782,0.003292929,0.000110699,19.62133016,,,,0,0,0,0,3.0527,0.2097,0,1.908405699
10,14,10014,5.11E-07,4.06E-06,0,1.58E-06,0.199548109,4.450849013,0.004063549,0.000136605,1.833227514,,1.18060794,,0,0,0,0,0,0,0,0.568052132
10,15,10015,5.58E-07,4.43E-06,0,3.71E-06,0.082101181,0.207556291,0.001671888,5.62E-05,10.8138003,,,,0,0,0,0,0,0,0,1.196738069
10,16,10016,1.37E-06,1.08E-05,0,6.99E-06,0.117148682,0.393145982,0.002385587,8.02E-05,30.20273536,,,,0,0,0,0,0,0,0,2.660611359
10,17,10017,1.07E-06,8.49E-06,0,5.59E-06,0.061723275,0.383383236,0.001256918,4.23E-05,24.32435063,,2.0031965,,0,0,0,0,0.3198,0.022,0,0.166309865
10,18,10018,1.31E-06,1.04E-05,0,8.57E-06,0.06937366,0.410314745,0.001412708,4.75E-05,8.924862708,,1.1981965,,0,0,0,0,0,0,0.001057055,0.123000004
10,19,10019,3.56E-08,2.83E-07,0,4.86E-07,0.030511371,0.696776252,0.000621326,2.09E-05,0.681621276,,,,0,0,0,0,0,0,0.156233832,0.109660567
10,20,10020,3.67E-06,2.91E-05,0,4.68E-06,0.078078313,0.131170218,0.001589968,5.35E-05,28.93081848,,,,0,0,0,0,0.4808,0.033,0,4.350735361
10,21,10021,2.22E-06,1.76E-05,0,3.04E-06,0.066557652,0.190137051,0.001355364,4.56E-05,18.64869026,,,,0,0,0,0,0.9035,0.0621,0,3.55244801
10,22,10022,2.35E-06,1.87E-05,0,9.48E-06,0.155421412,0.272170986,0.003164963,0.000106397,39.87084212,,,,0,0,0,0,0,0,0,5.293677647
10,23,10023,2.09E-05,0.000166397,0,2.82E-05,0.3425888,7.057231754,0.006976394,0.000234526,1.396030496,,12.67950053,,0,0,0,0,0,0,0,0.061500002
10,24,10024,1.23E-06,9.81E-06,0,8.27E-06,0.074450796,0.292241738,0.001516098,5.10E-05,4.662167204,,,,0,0,0,0,0,0,0,1.157066237
10,25,10025,7.12E-08,5.66E-07,0,6.08E-08,0.024948716,0.308881014,0.00050805,1.71E-05,6.959466985,,,,0,0,0,0,0,0,0,0.188657753
10,26,10026,5.11E-07,4.06E-06,0,5.90E-06,0.130306233,2.688116027,0.002653524,8.92E-05,1.886806413,,22.70265463,,0,0,0,0,0,0,0.416648388,0.575154949
10,27,10027,2.37E-07,1.89E-06,0,1.95E-06,0.039021817,0.494848394,0.000794631,2.67E-05,2.244567502,,,,0,0,0,0,0.993,0.0682,0,0.737307068
10,28,10028,4.39E-07,3.49E-06,0,4.68E-06,0.069984026,0.420450699,0.001425138,4.79E-05,12.84081879,,,,0,0,0,0,0,0,0,2.193904301
10,29,10029,9.50E-08,7.55E-07,0,9.12E-07,0.013428055,0.041606171,0.000273446,9.19E-06,4.25676136,,,,0,0,0,0,0,0,0,0.752725378
10,30,10030,2.37E-08,1.89E-07,0,1.22E-07,0.00971037,0.042215446,0.00019774,6.65E-06,4.729734844,,,,0,0,0,0,0,0,0,0.687933826
10,31,10031,4.16E-07,3.30E-06,0,1.22E-06,0.042545294,0.025689718,0.000866382,2.91E-05,39.25679921,,,,0,0,0,0,0,0,0,3.114325459
10,32,10032,1.69E-05,0.000133947,0,3.50E-05,0.279825128,1.747956597,0.00569829,0.00019156,40.14711117,,28.04808161,,0,0,0,0,1.4671,0.1008,0.486392269,4.474081844
10,33,10033,8.19E-07,6.51E-06,0,1.40E-06,0.046568161,0.336720781,0.000948303,3.19E-05,8.178651589,,0.47834825,,0,0,0,0,0,0,0,1.341219764
10,34,10034,1.64E-06,1.30E-05,0,3.65E-06,0.180529656,4.101334601,0.003676262,0.000123585,0.95490181,,,,0,0,0,0,0,0,0,0
10,35,10035,2.73E-06,2.17E-05,0,8.33E-06,0.077301483,0.877468868,0.001574148,5.29E-05,8.519489039,,29.24918625,,0,0,0,0,0.4316,0.0296,0,1.04723243
10,36,10036,1.82E-05,0.000144984,0,5.11E-06,0.138247929,0.121990603,0.002815247,9.46E-05,7.837846313,,,,0,0,0,0,0,0,0.004890945,1.403759203
10,37,10037,2.97E-07,2.36E-06,0,2.67E-06,0.053670604,1.155709262,0.001092935,3.67E-05,0.202713647,,2.31529569,,0,0,0,0,0,0,0.001570978,0.167176062
10,38,10038,5.06E-06,4.02E-05,0,1.88E-05,0.144323846,0.157771549,0.002938975,9.88E-05,18.7162579,,0.39784825,,0,0,0,0,0,0,0,2.768712771
10,39,10039,1.25E-05,9.95E-05,0,1.28E-05,0.161379418,0.537614225,0.003286291,0.000110475,133.6488253,,41.7508075,,0,0,0,0,0,0,0,6.146362183
11,1,11001,0,0,0.000437769,4.51E-05,0.324137678,2.329544888,0.010532741,0.00035408,63.80463299,,0.49872786,,0,0,0,0,0.3659,0.0251,0.008899784,5.910708659
11,2,11002,1.80E-05,0.00014272,0.000637183,6.57E-05,0.424792833,1.581141073,0.013803495,0.000464033,68.52844441,,,,0,0,0,0,1.2362,0.0849,0.077145345,2.527544463
11,3,11003,4.60E-05,0.000365714,0.002179403,0.000224563,0.615310434,3.899365023,0.019994298,0.00067215,33.8810694,,0.04006393,,0,0,0,0,1.1887,0.0816,0.016598979,2.184195757
11,4,11004,1.04E-05,8.23E-05,0.000318002,3.28E-05,0.248223601,1.077507672,0.008065939,0.000271153,18.04352712,,,,0,0,0,0,0,0,0.001619888,3.276228111
11,5,11005,6.20E-05,0.000492304,0.000313872,3.23E-05,0.3338133,0.846386829,0.010847147,0.000364649,24.52705355,,,,0,0,0,0,0.7833,0.0538,0.067313954,1.975303453
11,6,11006,2.37E-08,1.89E-07,7.08E-06,7.29E-07,0.021363738,0.534469093,0.000694207,2.33E-05,0,,,,0,0,0,0,0,0,0,0
11,7,11007,0.000356923,0.002835534,0.004066764,0.000419034,1.868794632,1.349247253,0.06072583,0.002041425,51.08113632,,,,0,0,0,0,1.0107,0.0694,0.636047637,3.669375484
11,8,11008,1.21E-05,9.59E-05,0.000144546,1.49E-05,0.141743948,1.066781081,0.00460592,0.000154838,40.09431454,,,,0,0,0,0,0,0,0.000342514,3.889275915
11,9,11009,7.05E-06,5.60E-05,0.000239534,2.47E-05,0.303043431,3.090698936,0.009847291,0.000331037,7.229737548,,,,0,0,0,0,0.3481,0.0239,0.03827582,2.489933364
11,10,11010,1.56E-06,1.24E-05,7.85E-05,8.09E-06,0.048256403,0.760923457,0.001568075,5.27E-05,2.770273266,,,,0,0,0,0,0,0,0.000591843,0.389477998
11,11,11011,3.52E-05,0.000279309,0.000542786,5.59E-05,0.359536719,0.819193995,0.01168302,0.000392749,25.07057247,,,,0,0,0,0,0,0,0.002591014,2.294277021
11,12,11012,3.30E-06,2.62E-05,0.000136286,1.40E-05,0.100250917,0.666475764,0.003257619,0.000109512,20.81676746,,,,0,0,0,0,0,0,0.000312292,1.178524776
11,13,11013,6.55E-06,5.21E-05,2.01E-05,2.07E-06,0.094674178,1.043852164,0.003076404,0.00010342,7.373784771,,,,0,0,0,0,0,0,0,1.47128852
11,14,11014,4.49E-05,0.000356564,0.000729221,7.51E-05,0.5877962,4.139072799,0.019100233,0.000642094,42.35076106,,0.84320323,,0,0,0,0,1.2283,0.0844,0.056221922,2.801043986
11,15,11015,2.17E-05,0.000172434,0.002113325,0.000217754,0.6974489,1.58700621,0.022663359,0.000761876,3.319726333,,4.514737152,,0.041906317,0,0,0,0,0,2.530154239,0.608330036
11,16,11016,1.31E-06,1.04E-05,6.08E-05,6.26E-06,0.0764661,0.381757709,0.002484739,8.35E-05,10.95190265,,,,0,0,0,0,0,0,2.87E-05,1.195299064
11,17,11017,0.000303325,0.002409732,0.003998326,0.000411982,2.079580618,3.87877658,0.067575247,0.002271682,91.08711372,,2.79656218,,0,0,0,0,0.9593,0.0659,0.481440593,6.913234461
11,18,11018,1.19E-05,9.47E-05,0.000171096,1.76E-05,0.134063434,0.365965087,0.004356345,0.000146448,22.97300854,,,,0,0,0,0,0,0,0.007555446,1.805201689
11,19,11019,2.14E-06,1.70E-05,0.000131567,1.36E-05,0.190987038,2.55228235,0.006206057,0.00020863,22.10055263,,,,0,0,0,0,0,0,0.001178415,3.610534427
11,20,11020,0.001316577,0.010459404,0.012052205,0.001241842,5.94434389,2.047408399,0.193159382,0.006493454,57.11542584,,1.08581965,,0,0,0,0,0.5756,0.0395,2.765068254,4.476900189
11,21,11021,5.41E-05,0.000429952,0.000590575,6.09E-05,0.20008021,0.275915494,0.006501537,0.000218563,2.837840907,,,,0,0,0,0,0,0,0.002545178,0.193690606
11,22,11022,1.71E-06,1.36E-05,6.08E-05,6.26E-06,0.086845878,0.732816944,0.002822027,9.49E-05,29.27162375,,1.24681965,,0,0,0,0,0,0,0,1.932974585
11,23,11023,3.36E-05,0.000266574,0.000477298,4.92E-05,0.590664982,4.482571836,0.019193453,0.000645228,112.826788,,5.30439179,,0,0,0,0,1.4795,0.1016,0.121473178,8.097132251
11,24,11024,1.65E-06,1.31E-05,8.26E-05,8.51E-06,0.040910581,0.245723973,0.001329375,4.47E-05,13.85136633,,,,0,0,0,0,0,0,0,0.53428728
11,25,11025,8.07E-05,0.000640967,0.000243664,2.51E-05,0.270839172,0.242283398,0.008800824,0.000295858,29.19218783,,,,0,0,0,0,0.2017,0.0139,0.013238148,2.220496364
11,26,11026,7.11E-06,5.65E-05,0.000176405,1.82E-05,0.212481176,2.02380319,0.006904502,0.000232109,39.53300391,,0.98172786,,0,0,0,0,0,0,0,3.824799746
11,27,11027,0.000103907,0.000825474,0.001774084,0.000182799,1.030962282,2.444483291,0.03350076,0.001126198,91.90980442,,0.0161,,0,0,0,0,0.4391,0.0302,0.184644035,6.331114251
11,28,11028,2.21E-05,0.000175924,0.00075636,7.79E-05,0.389232967,1.218881023,0.01264799,0.000425188,65.88142741,,1.300621996,,0,0,0,0,0.3402,0.0234,0.016661766,3.677107383
11,29,11029,3.63E-06,2.89E-05,8.73E-05,9.00E-06,0.147103356,1.96059731,0.004780072,0.000160692,15.99049072,,5.758215696,,0,0,0,0,0.6804,0.0467,0,0.928745145
11,30,11030,9.53E-06,7.57E-05,0.000283783,2.92E-05,0.412422294,4.84648568,0.013401519,0.00045052,51.79543829,,0.90871965,,0,0,0,0,1.1531,0.0792,0.003881988,4.923122458
11,31,11031,0.000166801,0.001325136,0.000906806,9.34E-05,0.459939768,0.806880776,0.014945582,0.000502427,39.87380919,,0.31376393,,0,0,0,0,0,0,0.320093842,2.68965223
11,32,11032,7.74E-05,0.000614743,0.000549276,5.66E-05,0.267513992,1.050361055,0.008692774,0.000292226,19.6651505,,,,0,0,0,0,0.5281,0.0363,1.183176375,2.397543732
11,33,11033,1.49E-05,0.0001181,0.000534526,5.51E-05,0.441801237,2.707308429,0.014356177,0.000482613,24.63323603,,1.124648464,,0,0,0,0,1.2817,0.088,0.191357089,2.639591464
11,34,11034,6.17E-07,4.91E-06,3.24E-05,3.34E-06,0.019464256,0.392538702,0.000632484,2.13E-05,0.337838203,,,,0,0,0,0,0,0,0,0.057268467
11,35,11035,3.69E-05,0.000293458,0.00037759,3.89E-05,0.313527528,1.630475624,0.010187968,0.00034249,21.96247173,,,,0,0,0,0,0,0,0.025006064,2.489933364
11,36,11036,1.15E-06,9.15E-06,1.95E-05,2.01E-06,0.026305869,0.151012406,0.0008548,2.87E-05,6.959466985,,,,0,0,0,0,0,0,0,0.425516507
11,37,11037,0.000171432,0.001361924,0.000997074,0.000102737,0.673929228,3.002129509,0.021899095,0.000736184,39.29240407,,0.67582786,,0,25.63587,3.522,0,0.7833,0.0538,0.077552397,2.441969385
11,38,11038,1.85E-06,1.47E-05,3.48E-05,3.59E-06,0.042675317,0.184995695,0.00138672,4.66E-05,9.054063845,,,,0,0,0,0,0.1879,0.0129,0.018129455,0.491434217
11,39,11039,4.27E-06,3.40E-05,0.000161066,1.66E-05,0.136206328,0.52254923,0.004425977,0.000148788,27.03002332,,0.4006393,,0,0,0,0,0.2354,0.0162,0.003710923,1.957218673
11,40,11040,8.07E-07,6.41E-06,3.01E-05,3.10E-06,0.074288433,2.22442723,0.002413977,8.12E-05,0.472973484,,,,0,0,0,0,0,0,0.001726671,0.08688557
11,41,11041,3.62E-05,0.000287893,0.000519776,5.36E-05,0.227238021,0.298807224,0.00738402,0.000248229,4.327296073,,,,0,0,0,0,0,0,0.004728766,0.154637967
11,42,11042,2.33E-05,0.000185357,0.000589395,6.07E-05,0.545798959,3.638275853,0.017735547,0.000596217,84.53009623,,,,0,0,0,0,0,0,0.051603923,6.981380006
11,43,11043,1.06E-06,8.40E-06,3.95E-05,4.07E-06,0.086802411,1.796409052,0.002820614,9.48E-05,0.411350713,,,,0,0,0,0,0,0,0,0.14074676
11,44,11044,5.70E-05,0.000452874,0.000326851,3.37E-05,0.223869374,0.377334336,0.007274557,0.000244549,20.40542747,,,,0,0,0,0,0.36,0.0247,0.100036957,2.149860886
11,45,11045,2.49E-07,1.98E-06,2.71E-05,2.80E-06,0.044726931,1.325495772,0.001453386,4.89E-05,0,,,,0,0,0,0,0,0,0,0.025816678
11,46,11046,1.08E-05,8.59E-05,0.000312102,3.22E-05,0.263354257,2.166696291,0.008557605,0.000287682,36.15165481,,,,0,0,0,0,0,0,0.017046596,1.698396653
12,1,12001,9.35E-05,0.000742936,0,0.00180799,0,17.52170687,0.100664002,0.00338403,2.367845219,,8.07353822,,0.091915527,19.56357,2.34,195.2,0,0,1.083581999,0.128755278
12,2,12002,7.96E-07,6.32E-06,0,2.67E-06,0,3.569413317,0.003446177,0.00011585,0.135146006,,,,0,0,0,0,0,0,0,0.034617025
12,3,12003,3.31E-06,2.63E-05,0,1.37E-05,0,3.799557754,0.005096879,0.000171342,1.827314819,,2.68558432,,0,0,0,0,0,0,0.004165829,0.102291082
12,4,12004,3.92E-07,3.11E-06,0,2.49E-06,0,2.292804651,0.00239279,8.04E-05,0.540541125,,0.07286965,,0,0,0,0,0,0,0,0.024439917
12,5,12005,4.51E-07,3.58E-06,0,3.28E-06,0,0.471895133,0.000787004,2.65E-05,0.608108766,,,,0,0,0,0,0,0,0,0.004364271
12,6,12006,1.76E-06,1.40E-05,0,5.05E-06,0,1.106508493,0.00168008,5.65E-05,0.337838203,,,,0,0,0,0,0,0,3.92E-05,0.023177064
12,7,12007,4.38E-06,3.48E-05,0,2.32E-05,0,1.855005449,0.004296034,0.00014442,1.624590447,,,,0,0,0,0,0,0,0,0.043159854
12,8,12008,1.08E-06,8.58E-06,0,5.96E-06,0,0.797155781,0.001033896,3.48E-05,0.472973484,,4.6394004,,0,0,0,0,0,0,0,0.01714137
12,9,12009,4.75E-08,3.77E-07,0,4.26E-07,0,0.695533821,0.000762145,2.56E-05,0,,,,0,0,0,0,0,0,0,0.010697107
12,10,12010,4.04E-07,3.21E-06,0,2.67E-06,0,3.371635455,0.003443776,0.00011577,0,,2.63067537,,0,0,0,0,0,0,0,0.02202564
12,11,12011,6.98E-06,5.55E-05,0,3.04E-05,0,5.227132141,0.008135572,0.000273494,1.148649891,,10.59115659,,0,0,0,0,0,0,0,0.085873994
12,12,12012,3.11E-06,2.47E-05,0,2.37E-05,0,6.670808019,0.008178651,0.000274942,0.270270563,,9.26671978,,0,0,0,0,0,0,0,0.057924089
12,13,12013,9.86E-07,7.83E-06,0,3.16E-06,0,1.496463423,0.001801408,6.06E-05,0.337838203,,,,0,0,0,0,0,0,0.000512534,0.025795627
12,14,12014,0,0,0,9.30E-06,0,0.885214172,0.00196991,6.62E-05,1.354319885,,,,0,0,0,0,0,0,0,0.008728542
12,15,12015,8.50E-06,6.75E-05,0,7.05E-06,0,0.309567503,0.00164025,5.51E-05,0.743244047,,0.24848109,,0,0,0,0,0.53,0.0364,0.020632474,0.007242833
12,16,12016,2.49E-07,1.98E-06,0,2.31E-06,0,1.506937042,0.001803809,6.06E-05,0,,,,0,0,0,0,0,0,0,0.033409887
12,17,12017,1.26E-06,1.00E-05,0,2.98E-06,0,0.98791432,0.001841379,6.19E-05,1.959461578,,2.34506689,,0,0,0,0,0.5999,0.0412,0,0.026779909
12,18,12018,9.38E-07,7.45E-06,0,1.01E-05,0,1.331193667,0.001623583,5.46E-05,0.608108766,,,,0,0,0,0,0,0,0.002783179,0.017457084
12,19,12019,3.27E-05,0.000259688,0,2.74E-06,0,2.032647044,0.002032763,6.83E-05,0,,,,0,0,0,0,0,0,0,0.019109935
12,20,12020,3.44E-07,2.74E-06,0,1.22E-06,0,2.451888704,0.002665389,8.96E-05,0,,1.3651679,,0,0,0,0,0,0,0.001412448,0.019889933
12,21,12021,4.92E-06,3.91E-05,0,2.94E-05,0,6.685887027,0.009765794,0.000328297,1.89486101,,11.03067799,,0,0,0,0,0,0,0.009255411,0.111131052
12,22,12022,2.67E-06,2.12E-05,0,1.77E-05,0,2.837183737,0.005731341,0.000192671,5.073528642,,4.37079024,,0,0,0,0,0,0,0.089395468,0.123722437
12,23,12023,4.64E-06,3.69E-05,0,2.15E-05,0,2.492833648,0.003192082,0.000107308,3.24324675,,,,0,0,0,0,0,0,0,0.024774202
12,24,12024,5.58E-07,4.43E-06,0,9.12E-07,0,0.926669705,0.00100028,3.36E-05,0.067567641,,,,0,0,0,0,0,0,0,0.012851385
12,25,12025,8.31E-07,6.60E-06,0,3.53E-06,0,2.091665802,0.002091944,7.03E-05,0,,0.68145895,,0,0,0,0,0,0,0,0.039427009
12,26,12026,5.11E-07,4.06E-06,0,2.55E-06,0,1.03896948,0.001205505,4.05E-05,0.067567641,,,,0,0,0,0,0,0,0,0.015989946
12,27,12027,1.42E-06,1.13E-05,0,1.45E-05,0,1.094756209,0.002727676,9.17E-05,4.259728432,,,,0,0,0,0,0,0,0,0.059762654
12,28,12028,4.05E-05,0.000321757,0,5.06E-05,0,12.68516807,0.016334986,0.000549135,0.675676406,,0.03145572,,0,0,0,0,0,0,0.007598615,0.082772576
12,29,12029,4.19E-05,0.000332699,0,0.000324746,0,5.455153646,0.0314752,0.001058104,1.442657031,,35.436671,,0,0,0,0,0,0,0.366587345,0.05779409
12,30,12030,2.32E-06,1.84E-05,0,1.50E-05,0,2.183356557,0.002566519,8.63E-05,0.810811688,,,,0,0,0,0,0,0,0,0.022081354
12,31,12031,5.46E-07,4.34E-06,0,1.82E-06,0,0.755424622,0.000850139,2.86E-05,0,,,,0,0,0,0,0,0,0,0.018589937
12,32,12032,1.67E-06,1.33E-05,0,7.78E-06,0,4.628230388,0.004943772,0.000166195,0,,0.08065572,,0,0,0,0,0,0,0,0.078798304
12,33,12033,8.55E-07,6.79E-06,0,6.50E-06,0,1.046286185,0.001858893,6.25E-05,1.354319885,,4.03328506,,0,0,0,0,0,0,0,0.014671379
12,34,12034,1.01E-05,8.05E-05,0,2.25E-05,0,1.833155851,0.004751965,0.000159747,6.486514951,,3.040393,,0,0,0,0,0,0,0.01006593,0.055992667
12,35,12035,3.97E-05,0.00031572,0,0.000202435,0,1.397621737,0.017761112,0.000597077,4.941338983,,0.0322,,0,0,0,0,0.3313,0.0228,0.032955309,0.037959871
12,36,12036,1.47E-06,1.17E-05,0,6.32E-06,0,1.438844491,0.00151751,5.10E-05,0.337838203,,,,0,0,0,0,0,0,0.006645063,0.021988497
12,37,12037,2.49E-06,1.98E-05,0,2.49E-06,0,0.694248736,0.000818924,2.75E-05,0.067567641,,,,0,0,0,0,0,0,0.001239617,0.010455679
12,38,12038,2.16E-05,0.000171396,0,0.000517758,0,1.866084536,0.015043464,0.000505717,2.585383502,,5.45320915,,0,9.05697,1.124,0,0,0,0.039124402,0.044534135
12,39,12039,2.49E-06,1.98E-05,0,1.59E-05,0,2.217228861,0.003230076,0.000108586,0.138102354,,0.3864,,0,0,0,0,0,0,0.018761129,0.033038459
12,40,12040,3.21E-05,0.000254877,0,1.08E-05,0,2.393880562,0.003193777,0.000107365,0.27324836,,1.00611541,,0,0,0,0,0,0,0,0.04772841
12,41,12041,2.85E-07,2.26E-06,0,1.95E-06,0,3.491758205,0.003870894,0.000130128,1.07E-05,,0.17036965,,0,0,0,0,0,0,0,0.032722746
12,42,12042,8.73E-06,6.93E-05,0,3.59E-06,0,2.131790592,0.002305926,7.75E-05,0.678643479,,1.2104072,,0,0,0,0,0,0,0,0.020688501
12,43,12043,3.44E-07,2.74E-06,0,2.55E-06,0,2.525063665,0.002515106,8.46E-05,0.067567641,,1.7691393,,0,0,0,0,0,0,0,0.028544189
12,44,12044,4.87E-07,3.87E-06,0,3.47E-06,0,1.24348398,0.00157316,5.29E-05,0.135135281,,5.46426063,,0,0,0,0,0,0,0,0.017772797
12,45,12045,5.82E-06,4.62E-05,0,7.72E-06,0,2.65125339,0.003124568,0.000105039,0.743244047,,,,0,0,0,0,0,0,0,0.029677042
12,46,12046,1.57E-05,0.000124892,0,3.78E-05,0,6.896133671,0.008374272,0.000281519,0.472973484,,,,0,0,0,0,0,0,0.004911059,0.063718355
12,47,12047,2.97E-07,2.36E-06,0,8.51E-07,0,0.928541398,0.000951551,3.20E-05,0,,,,0,0,0,0,0,0,0,0.018237081
12,48,12048,6.42E-06,5.10E-05,0,4.72E-05,0,3.027799077,0.006110012,0.000205401,4.189215169,,8.30664145,,0,0,0,0.1,0,0,0.016716211,0.059094085
12,49,12049,3.61E-06,2.87E-05,0,6.38E-06,0,0.713099933,0.001544205,5.19E-05,2.837840907,,,,0,0,0,0,0,0,0.010751295,0.018701365
12,50,12050,9.25E-06,7.35E-05,0,7.79E-05,0,0.442979966,0.005205919,0.000175008,1.351352813,,,,0,0,0,0,0,0,0.000310782,0.010139966
12,51,12051,1.31E-06,1.04E-05,0,8.69E-06,0,4.539293247,0.004951682,0.000166461,0.540541125,,1.74060545,,0,0,0,0,0,0,0,0.053281248
12,52,12052,7.59E-06,6.03E-05,0,1.51E-05,0,5.717429053,0.006482751,0.000217931,0.478907629,,4.33410444,,0,0,0,0,0,0,0,0.102755366
12,53,12053,5.64E-06,4.48E-05,0,3.37E-05,0,5.070124143,0.006076962,0.00020429,2.09459686,,0.09622786,,0,0,0,0,0,0,0,0.119636737
12,54,12054,1.35E-06,1.08E-05,0,4.80E-06,0,3.495039276,0.003817504,0.000128333,0.945946969,,1.69264327,,0,0,0,0,0,0,0.002383879,0.065854062
12,55,12055,9.22E-05,0.000732088,0,0.000125412,0,3.525048294,0.013721998,0.000461293,0.749188916,,0.90166357,,0,0,0,0,0,0,0.622180535,0.040058436
12,56,12056,1.57E-06,1.25E-05,0,5.11E-06,0,5.530184642,0.006057188,0.000203625,0.135135281,,1.8421965,,0,0,0,0,0,0,0,0.045796988
12,57,12057,1.98E-05,0.000157247,0,4.98E-05,0,4.012015338,0.008037126,0.000270185,5.478934486,,1.5756358,,0,0,0,0,0,0,0,0.061638362
12,58,12058,6.32E-06,5.02E-05,0,3.43E-05,0,4.866025598,0.007043061,0.000236767,1.219184604,,,,0,0,0,0,0,0,0.005763028,0.056661236
12,59,12059,2.29E-06,1.82E-05,0,9.91E-06,0,1.923980029,0.003950131,0.000132792,1.624590447,,1.90510794,,0,0,0,0,0,0,0.009523597,0.037922729
12,60,12060,2.10E-06,1.67E-05,0,2.49E-06,0,1.508504253,0.001746464,5.87E-05,0.135146006,,,,0,0,0,0,0,0,0,0.014392808
12,61,12061,1.59E-05,0.000126495,0,3.07E-05,0,3.180333133,0.005601963,0.000188322,1.013514609,,0.52945646,,0,0,0,0,0,0,0.065517923,0.016305659
12,62,12062,4.77E-06,3.79E-05,0,3.83E-06,0,2.62235594,0.002839964,9.55E-05,0.135135281,,3.6457502,,0,0,0,0,0,0,0,0.040541291
12,63,12063,2.37E-08,1.89E-07,0,7.90E-07,0,1.150695524,0.001222031,4.11E-05,0,,,,0,0,0,0,0,0,0,0.008914255
12,64,12064,2.51E-06,1.99E-05,0,7.48E-06,0,0.713484819,0.001516804,5.10E-05,1.756758656,,,,0,0,0,0,0,0,0,0.024235632
12,65,12065,4.51E-07,3.58E-06,0,3.40E-06,0,0.799750685,0.000866664,2.91E-05,0,,,,0,0,0,0,0,0,0,0.011179962
12,66,12066,6.09E-06,4.84E-05,0,4.94E-05,0,6.225054224,0.009991217,0.000335876,0.273237635,,2.88343755,,0,0,0,0,0,0,0.014553582,0.033001317
12,67,12067,5.60E-06,4.45E-05,0,1.63E-05,0,1.263998528,0.002855783,9.60E-05,1.148649891,,,,0,0,0,0,0,0,0,0.030624182
12,68,12068,1.04E-06,8.30E-06,0,2.74E-05,0,2.508678259,0.003446884,0.000115874,4.621303213,,,,0,0,0,0,0,0,0,0.0337256
12,69,12069,1.66E-07,1.32E-06,0,5.47E-07,0,1.71931782,0.001783329,6.00E-05,0,,,,0,0,0,0,0,0,0,0.00761426
12,70,12070,8.91E-07,7.07E-06,0,2.43E-06,0,0.669584482,0.000953105,3.20E-05,0.270270563,,,,0,0,0,0,0,0,0,0.005274268
12,71,12071,1.12E-05,8.88E-05,0,6.14E-06,0,3.580601585,0.003856911,0.000129658,0,,,,0,0,0,0,0,0,0,0.038275584
12,72,12072,1.19E-08,9.43E-08,0,5.47E-07,0,1.23872038,0.001372313,4.61E-05,0,,,,0,0,0,0,0,0,0,0.009081398
12,73,12073,1.13E-06,8.96E-06,0,7.42E-06,0,1.652950931,0.002709174,9.11E-05,1.283785172,,,,0,0,0,0,0,0,0.000876076,0.075028317
12,74,12074,3.37E-05,0.000268083,0,2.86E-06,0,2.997408478,0.00301454,0.00010134,0.135135281,,0.4025,,0,0,0,0,0,0,0,0.02869276
12,75,12075,2.68E-05,0.000213278,0,3.88E-05,0,3.237018702,0.005643206,0.000189708,0.887280545,,3.74625666,,0,0,0,0,0,0,0.363756119,0.038498441
12,76,12076,4.75E-08,3.77E-07,0,1.58E-06,0,0,0.004507474,0.000151528,0,,,,0,0,0,0,0,0,0,0.022768494
12,77,12077,2.20E-06,1.75E-05,0,1.28E-05,0,0.567355697,0.001869769,6.29E-05,0.337838203,,,,0,0,0,0,0,0,0,0
12,78,12078,1.19E-08,9.43E-08,0,7.90E-07,0,0.949495775,0.00260762,8.77E-05,0,,1.48615545,,0,0,0,0,0,0,0,0
12,79,12079,8.79E-07,6.98E-06,0,6.08E-07,0,0.84550485,0.002322028,7.81E-05,0,,,,0,0,0,0,0,0,0,0
12,80,12080,5.58E-07,4.43E-06,0,1.82E-06,0,0.303092574,0.000998867,3.36E-05,0.067567641,,,,0,0,0,0,0,0,0,0
12,81,12081,2.02E-07,1.60E-06,0,1.52E-06,0,0.547623822,0.001503951,5.06E-05,0,,1.56548755,,0,0,0,0,0,0,0,0
13,1,13001,1.42E-06,1.13E-05,1.16E-05,2.92E-06,0.119257254,0.601619469,0.002420615,8.14E-05,10.96080387,,0.036881144,,0,0,0,0,0,0,0.003300529,0.579021314
13,2,13002,2.97E-06,2.36E-05,3.25E-05,8.15E-06,0.242042541,4.517081498,0.00491284,0.000165155,1.486488094,,0.865304198,,0,0,0,0,0,0,0,0.135571456
13,3,13003,3.12E-05,0.000247708,0.000218376,5.47E-05,0.339407899,0.941799096,0.006889106,0.000231592,6.891899344,,,,0,0,0,0,0,0,0.000391619,0.608234776
13,4,13004,8.43E-07,6.70E-06,1.31E-05,3.28E-06,0.060108774,1.118597669,0.001220053,4.10E-05,0.810811688,,0.0034875,,0,0,0,0,0,0,0.037622804,0.231258664
13,5,13005,2.15E-05,0.000171019,2.89E-05,7.23E-06,0.116480755,0.340323623,0.002364259,7.95E-05,7.635143391,,,,0,0,0,0,0.5542,0.0381,0.002483646,1.346443219
13,6,13006,2.29E-06,1.82E-05,1.41E-05,3.53E-06,0.111470531,1.455979345,0.002262565,7.61E-05,7.517831993,,,,0,0,0,0,0,0,0.000961795,1.392100187
13,7,13007,1.63E-06,1.29E-05,4.37E-06,1.09E-06,0.076308499,0.478347971,0.001548866,5.21E-05,11.1486607,,1.227301733,,0,0,0,0,0.2042,0.014,0.000177919,2.245588099
13,8,13008,1.49E-05,0.000118006,0.000107247,2.69E-05,0.273725251,0.41958486,0.005555918,0.000186774,24.52706427,,0.07901144,,0,0,0,0,0.5192,0.0357,0.003982181,4.530360723
13,9,13009,8.55E-07,6.79E-06,2.64E-05,6.63E-06,0.103502882,0.333752839,0.002100842,7.06E-05,2.635137985,,0.03145572,,0,0,0,0,0,0,0.001160342,0.281638766
13,10,13010,0.000114153,0.00090688,3.96E-05,9.91E-06,0.186881364,0.22015738,0.00379321,0.000127517,4.262695504,,,,0,0,0,0,0.1546,0.0106,0,0.326945872
13,11,13011,8.55E-07,6.79E-06,2.79E-05,6.99E-06,0.138184768,3.489297834,0.002804795,9.43E-05,0.005934144,,,,0,0,0,0,0,0,0.000327474,0.010495855
13,12,13012,5.84E-06,4.64E-05,5.53E-05,1.39E-05,0.157592428,1.063833248,0.00319872,0.000107532,3.255125764,,,,0,0,0,0,0,0,1.88E-05,1.048535878
13,13,13013,2.33E-05,0.000185357,6.14E-05,1.54E-05,0.194229693,0.153215675,0.003942363,0.000132531,2.650005521,,,,0,0,0,0,0.1983,0.0136,0.146085119,0.371378323
13,14,13014,1.19E-06,9.43E-06,1.60E-05,4.01E-06,0.11183238,2.14470769,0.002269909,7.63E-05,0.067567641,,,,0,0,0,0,0,0,0,0
13,15,13015,6.17E-07,4.91E-06,8.49E-06,2.13E-06,0.10520775,1.3807989,0.002135446,7.18E-05,1.489455166,,0.35387685,,0,0,0,0,0,0,0.003094246,0.249976271
13,16,13016,1.27E-05,0.000101027,5.05E-05,1.26E-05,0.315985101,2.113951865,0.006413684,0.000215609,11.02242664,,0.605864899,,0,0,0,0,0.5396,0.0371,0,1.884705631
13,17,13017,1.85E-06,1.47E-05,9.46E-06,2.37E-06,0.080991667,1.055974857,0.001643922,5.53E-05,1.698092233,,,,0,0,0,0,0.2946,0.0202,0.001825605,0.464091706
13,18,13018,1.15E-06,9.15E-06,3.23E-05,8.09E-06,0.139172895,2.916901667,0.002824851,9.50E-05,0,,,,0,0,0,0,0,0,0.000773561,0
13,19,13019,1.78E-07,1.41E-06,6.79E-06,1.70E-06,0.10192327,1.066869093,0.00206878,6.95E-05,6.689196423,,,,0,0,0,0,0,0,0,0.837219338
13,20,13020,7.12E-08,5.66E-07,4.85E-07,1.22E-07,0.015775248,0.271141169,0.000320197,1.08E-05,0.141080151,,,,0,0,0,0,0,0,7.74E-06,0.09796131
13,21,13021,3.55E-06,2.82E-05,3.30E-05,8.27E-06,0.087275323,0.036955409,0.001771464,5.96E-05,5.540546532,,,,0,0,0,0,0.4463,0.0307,0,0.518495219
13,22,13022,1.21E-06,9.62E-06,5.10E-06,1.28E-06,0.078514389,0.389282317,0.00159364,5.36E-05,2.367834494,,0.629644125,,0,0,0,0,0,0,0.007237956,1.696829833
13,23,13023,3.94E-06,3.13E-05,6.19E-05,1.55E-05,0.20287233,0.46115728,0.004117786,0.000138428,10.13514609,,,,0,0,0,0,0,0,0.002730672,1.159617006
13,24,13024,2.61E-07,2.08E-06,4.00E-05,1.00E-05,0.102521713,0.888701879,0.002080927,7.00E-05,4.529998995,,0.0065205,,0,0,0,0,0,0,0,0.997281121
13,25,13025,1.64E-06,1.30E-05,1.77E-05,4.44E-06,0.159610435,3.869526137,0.003239681,0.000108909,0.302908357,,,,0,0,0,0,0,0,0.000420302,0.082217528
13,26,13026,1.66E-07,1.32E-06,1.94E-06,4.86E-07,0.088319119,2.097651382,0.001792651,6.03E-05,0,,,,0,0,0,0,0,0,0,0
13,27,13027,9.74E-07,7.73E-06,1.70E-05,4.26E-06,0.158671018,3.83910182,0.003220613,0.000108268,0,,,,0,0,0,0,0,0,0,0
13,28,13028,1.95E-05,0.0001547,0.000310579,7.78E-05,0.858578468,16.88525668,0.017426932,0.000585843,0.291050793,,,,0,0,0,0,0,0,0.079759863,0.192424002
13,29,13029,1.82E-05,0.000144229,9.95E-05,2.49E-05,0.271428898,1.360658339,0.005509308,0.000185207,10.50564354,,,,0,0,0,0,0.805,0.0553,0.454149848,1.741087353
13,30,13030,2.04E-05,0.00016168,0.00037779,9.47E-05,0.491001975,1.869929432,0.009966076,0.00033503,18.1786624,,,,0,0,0,0,0,0,2.43E-05,1.975494774
13,31,13031,8.31E-07,6.60E-06,3.81E-05,9.54E-06,0.080288843,0.991928445,0.001629657,5.48E-05,0.205669994,,,,0,0,0,0,0,0,0.001402725,0.201170547
13,32,13032,6.14E-06,4.88E-05,2.38E-05,5.96E-06,0.073775552,1.778020099,0.001497454,5.03E-05,0.138102354,,,,0,0,0,0,0,0,0,0
13,33,13033,2.37E-08,1.89E-07,2.91E-06,7.29E-07,0.018906638,0.325550524,0.000383756,1.29E-05,0,,,,0,0,0,0,0,0,0,0
13,34,13034,7.12E-08,5.66E-07,4.85E-07,1.22E-07,0.066406347,1.226491357,0.001347878,4.53E-05,0,,0.114251985,,0,0,0,0,0,0,0.435282995,0
13,35,13035,1.92E-06,1.53E-05,1.94E-06,4.86E-07,0.061848435,0.685011754,0.001255364,4.22E-05,5.273264491,,0.07931001,,0,0,0,0,0.2888,0.0198,0.030700073,1.072676344
13,36,13036,6.89E-07,5.47E-06,1.63E-05,4.07E-06,0.057624537,0.706372866,0.00116963,3.93E-05,0.611086563,,0.029169378,,0,0,0,0,0,0,0,0.131373114
13,37,13037,6.89E-07,5.47E-06,1.82E-05,4.56E-06,0.137544573,1.993249338,0.002791801,9.39E-05,9.330268552,,0.043701615,,0,0,0,0,0,0,0,1.044687398
13,38,13038,1.54E-07,1.23E-06,4.03E-05,1.01E-05,0.045773965,0.794396377,0.000929094,3.12E-05,0.337838203,,0.277527119,,0,0,0,0,0,0,0,0.121576983
13,39,13039,1.98E-06,1.58E-05,9.73E-05,2.44E-05,0.079725193,0.337411545,0.001618216,5.44E-05,0,,0.054442288,,0,0,0,0,0,0,0.051578917,0.046356691
13,40,13040,2.37E-07,1.89E-06,7.76E-06,1.95E-06,0.066663817,1.115312983,0.001353104,4.55E-05,0,,,,0,0,0,0,0,0,0,0
13,41,13041,1.25E-05,9.90E-05,7.81E-05,1.96E-05,0.26623079,0.601172568,0.005403799,0.00018166,14.05704705,,,,0,0,0,0,0,0,0.080961705,1.717996473
13,42,13042,7.84E-07,6.23E-06,1.80E-05,4.50E-06,0.072154188,1.211803303,0.001464544,4.92E-05,0.270270563,,,,0,0,0,0,0,0,2.58E-05,0
13,43,13043,1.42E-07,1.13E-06,3.15E-06,7.90E-07,0.041577903,0.804905011,0.000843924,2.84E-05,0.067567641,,0.06485,,0,0,0,0,0,0,0.006007993,0.010495855
13,44,13044,9.74E-07,7.73E-06,9.46E-06,2.37E-06,0.106432472,1.247463086,0.002160305,7.26E-05,9.474337224,,,,0,0,0,0,1.225,0.0841,0,0.936055303
13,45,13045,3.44E-07,2.74E-06,5.58E-06,1.40E-06,0.050582389,0.665641373,0.001026692,3.45E-05,1.08108225,,0.036589627,,0,0,0,0,0,0,0,0.090964074
13,46,13046,4.96E-06,3.94E-05,3.62E-05,9.06E-06,0.281087497,6.7872477,0.005705352,0.000191797,0.270270563,,,,0,0,0,0,0,0,0,0.040234109
13,47,13047,8.31E-08,6.60E-07,9.71E-07,2.43E-07,0.028516526,0.469135098,0.000578812,1.95E-05,0,,,,0,0,0,0,0,0,0,0.020466917
13,48,13048,7.95E-05,0.000631251,0.001757441,0.00044031,2.041130561,0.241614469,0.041429694,0.001392745,2.229742866,,0.091160592,,0.146874174,0,0,0,0.3383,0.0232,1.712682331,0.700598297
13,49,13049,6.89E-07,5.47E-06,1.26E-05,3.16E-06,0.120537645,2.81976184,0.002446604,8.22E-05,0,,,,0,0,0,0,0,0,0,0.020991709
13,50,13050,7.79E-06,6.19E-05,7.42E-05,1.86E-05,0.135150799,0.138363601,0.002743213,9.22E-05,3.716220235,,,,0,0,0,0,0,0,0.228796253,0.681180966
13,51,13051,3.60E-05,0.000285723,0.000331931,8.32E-05,0.583398861,0.108495323,0.011841494,0.000398076,4.797302485,,0.15053109,,0,0,0,0,0.3004,0.0206,0.286988333,0.641996442
13,52,13052,4.06E-06,3.23E-05,2.57E-05,6.44E-06,0.201543229,0.70922468,0.004090809,0.000137521,4.05702551,,0.07151965,,0,0,0,0,0.5775,0.0397,0.004203017,1.084571646
13,53,13053,7.12E-07,5.66E-06,2.47E-05,6.20E-06,0.125248647,2.893870324,0.002542225,8.55E-05,0,,0.02396393,,0,0,0,0,0,0,0,0
13,54,13054,1.10E-06,8.77E-06,1.19E-05,2.98E-06,0.1912166,0.967270799,0.003881205,0.000130475,12.29731059,,0.27709825,,0,0,0,0,0,0,0.002413512,1.028243893
13,55,13055,9.14E-07,7.26E-06,8.01E-06,2.01E-06,0.094651486,0.745297427,0.001921181,6.46E-05,3.117012686,,,,0,0,0,0,0,0,0.000100563,0.400416854
13,56,13056,1.33E-05,0.000105932,4.05E-05,1.02E-05,0.213477304,0.333961018,0.00433304,0.000145664,3.786754948,,0.678903815,,0,0,0,0,0.3092,0.0212,0,0.161986023
13,57,13057,5.01E-06,3.98E-05,1.82E-05,4.56E-06,0.088124277,1.077411101,0.001788696,6.01E-05,11.50136644,,0.886652012,,0,0,0,0,0.6563,0.0451,0.004331944,2.287396587
13,58,13058,1.45E-06,1.15E-05,1.99E-05,4.98E-06,0.102347747,0.915772283,0.002077396,6.98E-05,3.040543828,,,,0,0,0,0,0,0,0,0.765847527
13,59,13059,1.97E-06,1.57E-05,3.40E-05,8.51E-06,0.210095403,1.536478677,0.004264396,0.000143357,3.798623237,,,,0,0,0,0,0.4754,0.0327,0.003588486,1.878058256
13,60,13060,8.67E-07,6.89E-06,2.23E-05,5.59E-06,0.104741521,1.877098481,0.002125983,7.15E-05,0,,,,0,0,0,0,0,0,0,0.108457165
13,61,13061,8.27E-05,0.000657285,0.000166694,4.18E-05,0.344508585,0.291497151,0.006992637,0.000235072,10.74326559,,0.998178518,,0,0,0,0,0.5454,0.0375,0.005423918,1.579975985
13,62,13062,8.31E-08,6.60E-07,4.37E-06,1.09E-06,0.198495342,4.840932467,0.004028944,0.000135441,0,,,,0,0,0,0,0,0,0.000943745,0
13,63,13063,0.000139777,0.001110443,0.000171304,4.29E-05,0.496763733,0.850977014,0.010083024,0.000338962,2.981888129,,,,0,0,0,0,0.3179,0.0218,0.005063629,1.291165051
13,64,13064,2.49E-07,1.98E-06,4.37E-06,1.09E-06,0.062906149,0.591882009,0.001276833,4.29E-05,2.77620741,,,,0,0,0,0,0.5396,0.0371,0.000567278,0.460243226
13,65,13065,1.13E-06,8.96E-06,1.33E-05,3.34E-06,0.071298274,0.074124057,0.001447171,4.86E-05,3.243257475,,,,0,0,0,0,0,0,0,0.279364664
13,66,13066,6.14E-06,4.88E-05,4.51E-05,1.13E-05,0.08318364,0.143825404,0.001688414,5.68E-05,8.040549235,,0.03931965,,0,0,0,0,0.3383,0.0232,0.019772229,0.670335249
13,67,13067,4.61E-06,3.66E-05,4.15E-05,1.04E-05,0.306062073,1.681617687,0.006212272,0.000208838,11.08110379,,,,0,0,0,0,0,0,0.000948638,1.518750166
13,68,13068,5.46E-07,4.34E-06,4.61E-06,1.16E-06,0.09653032,1.885130882,0.001959317,6.59E-05,0,,0.01572786,,0,0,0,0,0,0,0,0
13,69,13069,0.000138649,0.001101481,0.000284859,7.14E-05,0.435416321,0.173884948,0.00883783,0.000297102,6.283801304,,,,0,0,0,0,0.5548,0.0381,0.003849073,0
13,70,13070,3.66E-06,2.91E-05,4.42E-05,1.11E-05,0.114379244,0.135751684,0.002321604,7.80E-05,2.432435063,,,,0,0,0,0,0,0,0.002677105,0.403040818
13,71,13071,0,0,4.37E-06,1.09E-06,0.062405126,1.050197071,0.001266663,4.26E-05,0.135135281,,,,0,0,0,0,0,0,0,0.045307106
13,72,13072,4.06E-06,3.23E-05,1.75E-05,4.38E-06,0.057888966,0.040595261,0.001174997,3.95E-05,3.648652594,,0.37165148,,0,0,0,0,0.3267,0.0224,0.006699042,0.735934341
13,73,13073,9.97E-07,7.92E-06,2.06E-05,5.17E-06,0.243253345,4.921171584,0.004937416,0.000165982,0,,,,0,0,0,0,0,0,0,0
13,74,13074,1.13E-05,9.00E-05,8.01E-05,2.01E-05,0.184383211,0.441764345,0.003742504,0.000125812,3.24324675,,,,0,0,0,0,0.2975,0.0204,0,0.734534894
13,75,13075,6.92E-06,5.50E-05,4.63E-05,1.16E-05,0.084317899,0.079267257,0.001711436,5.75E-05,8.040549235,,0.04718358,,0,0,0,0,0,0,0,0.935880372
13,76,13076,3.47E-05,0.000275441,0.000390165,9.78E-05,0.677333606,0.921552,0.013748128,0.000462172,7.926194185,,0.10371965,,0,0,0,0,1.2746,0.0875,0.221661506,1.717821542
13,77,13077,5.97E-05,0.000474381,0.000551763,0.000138239,0.925186616,0.852776445,0.018778906,0.000631292,9.532982198,,0.104245545,,0,0,0,0,0.5483,0.0377,0.117152713,0.78386541
13,78,13078,2.02E-07,1.60E-06,4.12E-06,1.03E-06,0.13622243,3.766472482,0.002764965,9.30E-05,0.138113078,,,,0,0,0,0,0,0,0.000121191,0.027988946
13,79,13079,1.54E-07,1.23E-06,2.43E-06,6.08E-07,0.048188615,0.891986042,0.000978105,3.29E-05,0,,0.003931965,,0,0,0,0,0,0,0.106836564,0
13,80,13080,6.77E-07,5.38E-06,2.91E-06,7.29E-07,0.167550249,4.589625888,0.003400839,0.000114326,0.002967072,,,,0,0,0,0,0,0,0.000201126,0.013994473
13,81,13081,1.78E-05,0.000141494,5.51E-05,1.38E-05,0.183179365,0.92016592,0.003718069,0.000124991,0.270302737,,1.535024952,,0,0,0,0,0,0,1.88E-05,0
13,82,13082,1.15E-05,9.16E-05,2.26E-05,5.65E-06,0.121010833,0.038219612,0.002456208,8.26E-05,9.327301479,,0.03145572,,0,0,0,0,0,0,0,1.27752044
13,83,13083,3.29E-06,2.61E-05,3.47E-05,8.69E-06,0.202760991,0.542046006,0.004115526,0.000138352,11.16648459,,0.41599502,,0,0,0,0,0.8692,0.0597,0.059350553,3.178144784
13,84,13084,4.39E-06,3.49E-05,6.96E-05,1.74E-05,0.225599264,1.59195137,0.004579084,0.000153935,0.649658502,,,,0,0,0,0,0,0,0.293111968,0.293359137
14,1,14001,1.23E-05,9.74E-05,5.96E-05,6.14E-06,0.012762469,0.141852027,0.002529796,8.50E-05,10.47595137,,,,0,0,0,0,0,0,0,1.593216928
14,2,14002,6.91E-06,5.49E-05,0.000146906,1.51E-05,0.016801198,0.059074576,0.003330359,0.000111957,4.189215169,1.282250669,0.08761965,,0,0,0,0,0.5602,0.0385,0.008743464,0.463932915
14,3,14003,3.63E-06,2.89E-05,0.000150446,1.55E-05,0.015603403,0.243629623,0.00309293,0.000103975,15.60816789,8.487756605,5.774244075,,0,0,0,0,0.3494,0.024,0,1.541101769
14,4,14004,3.56E-07,2.83E-06,1.83E-05,1.88E-06,0.003479378,0.174107037,0.000689687,2.32E-05,3.513517313,,,,0,0,0,0,0.4465,0.0307,0,0.415288751
14,5,14005,1.37E-05,0.000108761,6.37E-05,6.57E-06,0.009954313,0.194057968,0.001973159,6.63E-05,6.351368944,0.283510044,4.51194377,,0,0,0,0,0.244,0.0168,0,0.949186581
14,6,14006,1.49E-05,0.000118289,0.000410629,4.23E-05,0.03737677,0.808980405,0.007408879,0.000249065,23.85139859,9.39852599,2.04231689,,0,0,0,0,0,0,0,2.749576964
14,7,14007,8.31E-07,6.60E-06,3.01E-05,3.10E-06,0.005860005,0.105466159,0.001161579,3.90E-05,9.324334407,3.318853827,1.46519798,,0,0,0,0,0.2884,0.0198,0,0.812494169
14,8,14008,4.06E-05,0.000322606,0.000552226,5.69E-05,0.042484323,0.702129662,0.008421306,0.0002831,37.36490527,,,,0,0,0,0,0,0,0,3.544081985
14,9,14009,0,0,0.000107967,1.11E-05,0.010787283,0.04107437,0.002138271,7.19E-05,5.743260179,3.141584883,3.1159572,,0,0,0,0,0.6989,0.048,0.006342573,0.771178778
14,10,14010,8.67E-07,6.89E-06,2.30E-05,2.37E-06,0.004553902,0.679911396,0.000902681,3.03E-05,3.986490797,,0.6165831,,0,0,0,0,0,0,0,0.409323763
14,11,14011,3.92E-07,3.11E-06,2.01E-05,2.07E-06,0.003358957,0.481939643,0.000665817,2.24E-05,6.621628782,,1.72981965,,0,0,0,0,0,0,0,1.566719823
14,12,14012,5.22E-07,4.15E-06,2.71E-05,2.80E-06,0.002818845,0.074112724,0.000558756,1.88E-05,5.205675401,,9.743778788,,0,0,0,0,0,0,0,0.730742438
14,13,14013,2.75E-05,0.000218372,0.00036815,3.79E-05,0.036541662,0.534723809,0.007243343,0.0002435,39.19219864,,,,0,0,0,0,0,0,0.000336585,3.791095282
14,14,14014,3.27E-06,2.59E-05,6.25E-05,6.44E-06,0.005396135,0.348565491,0.00106963,3.60E-05,3.445949672,,0.32763109,,0,0,0,0,0,0,0,0.802196716
14,15,14015,1.90E-05,0.00015121,0.000579365,5.97E-05,0.038474096,0.612220201,0.007626393,0.000256377,14.59758817,7.658131579,12.35753859,,0,0,0,0,0,0,0.009861831,1.846258003
14,16,14016,2.15E-05,0.000171019,0.000135696,1.40E-05,0.024724033,0.51990579,0.004900835,0.000164752,22.70867212,,,,0,0,0,0,0,0,5.61E-05,2.738996959
14,17,14017,1.95E-06,1.55E-05,0.000111507,1.15E-05,0.00842732,0.603949366,0.001670476,5.62E-05,7.165147704,,,,0,0,0,0,0,0,0,1.637169472
14,18,14018,1.33E-05,0.000105743,0.00037818,3.90E-05,0.041514544,0.260936672,0.008229075,0.000276637,50.13815642,,2.165513425,,0,0,0,0,0.502,0.0345,0.009753468,5.669878167
14,19,14019,1.31E-07,1.04E-06,1.53E-05,1.58E-06,0.00351358,0.476183257,0.000696467,2.34E-05,0.472973484,,9.170468034,,0,0,0,0,0,0,0,0.188116888
14,20,14020,5.46E-07,4.34E-06,8.26E-05,8.51E-06,0.006529801,0.64755782,0.001294347,4.35E-05,1.148649891,,29.0697316,,0,0,0,0,0,0,0,5.124238729
14,21,14021,9.65E-06,7.67E-05,0.000236584,2.44E-05,0.012962696,0.29692508,0.002569485,8.64E-05,12.70273789,7.735420344,3.764599446,,0,0,0,0,0,0,0.004193145,3.623215401
14,22,14022,4.56E-06,3.62E-05,0.000977014,0.00010067,0.021263894,0.428438449,0.004214961,0.000141695,6.148655297,,,,0,0,0,0,0,0,0.013961126,1.929328311
14,23,14023,3.31E-05,0.000263273,0.00113926,0.000117388,0.071230697,0.306153105,0.014119455,0.000474655,12.50299131,0.113333273,5.1326467,,0,0,0,0,0,0,0.121830589,1.921159416
14,24,14024,7.31E-06,5.81E-05,0.000230684,2.38E-05,0.017328485,0.363993006,0.003434878,0.000115471,11.0164925,4.667180199,0.028081965,,0,0,0,0,0,0,0.001261467,1.509895463
14,25,14025,5.24E-06,4.16E-05,0.000180535,1.86E-05,0.011263266,0.223582836,0.002232621,7.51E-05,5.810817094,,2.33678183,,0,0,0,0,0,0,0,0.503821732
14,26,14026,2.94E-06,2.34E-05,5.66E-05,5.84E-06,0.003589823,0.115577732,0.00071158,2.39E-05,4.932437766,,0.60589327,,0,0,0,0,0,0,9.87E-05,0.646302066
14,27,14027,5.58E-07,4.43E-06,4.42E-05,4.56E-06,0.011633079,1.877800637,0.002305926,7.75E-05,13.10812228,3.566160187,15.39353005,,0,0,0,0,0,0,0,5.021138619
14,28,14028,2.97E-07,2.36E-06,2.42E-05,2.49E-06,0.001362394,0.13512052,0.000270056,9.08E-06,0.878390053,,0.11232786,,0,0,0,0,0,0,0,0.281924175
14,29,14029,1.02E-06,8.11E-06,7.26E-05,7.48E-06,0.011136432,1.015108622,0.00220748,7.42E-05,25.27326467,,,,0,0,0,0,0,0,0,2.971286154
14,30,14030,9.37E-06,7.44E-05,0.000844858,8.71E-05,0.030868345,0.116319365,0.006118769,0.000205695,5.743249454,,,,0,0,0,0,0,0,0,0.485236085
14,31,14031,0,0,3.54E-06,3.65E-07,0.002316498,0.407829707,0.00045918,1.54E-05,1.283785172,,6.788824522,,0,0,0,0,0,0,0,0.216120937
14,32,14032,1.23E-06,9.81E-06,4.01E-05,4.13E-06,0.00350788,0.455353865,0.000695337,2.34E-05,0.945957694,,1.78949946,,0,0,0,0,0,0,0,0.603405639
14,33,14033,1.06E-05,8.43E-05,0.000115637,1.19E-05,0.013042501,0.279321205,0.002585304,8.69E-05,16.83027666,,,,0,0,0,0,0,0,0.295282004,1.2432291
14,34,14034,1.66E-07,1.32E-06,1.18E-05,1.22E-06,0.001277601,0.055008787,0.000253248,8.51E-06,0.608108766,,,,0,0,0,0,0,0,0,0.362545698
14,35,14035,1.27E-05,0.000101215,0.000264903,2.73E-05,0.033221183,0.385711902,0.006585152,0.000221374,49.93248643,,,,0,0,0,0,1.2618,0.0867,0.070156147,3.95610569
14,36,14036,3.35E-06,2.66E-05,0.000152806,1.57E-05,0.012541579,0.212032015,0.00248601,8.36E-05,9.527048054,2.545382538,0.6365572,,0,0,0,0,0.1192,0.0082,0.000459523,0.987048558
14,37,14037,6.33E-06,5.03E-05,0.000323312,3.33E-05,0.015093218,0.268871875,0.0029918,0.000100576,5.810817094,5.986784156,0.29729179,,0,0,0,0,0,0,0.030042785,0.793657365
14,38,14038,3.80E-07,3.02E-06,2.06E-05,2.13E-06,0.002806731,0.339769402,0.000556354,1.87E-05,4.124593151,,4.851965456,,0,0,0,0,0,0,0,0.704747647
14,39,14039,0.001378474,0.010951142,0.025617721,0.002639613,1.125239225,0.318039587,0.223046592,0.007498175,0,,,,0.632798379,103.93695,9.021,0,0.269,0.0185,4.729155137,0
14,40,14040,5.34E-07,4.24E-06,1.59E-05,1.64E-06,0.005792313,0.523749516,0.001148161,3.86E-05,2.972986913,,0.45834078,,0,0,0,0,0.8126,0.0558,0.001057095,0.416921274
14,41,14041,4.92E-06,3.91E-05,2.65E-05,2.74E-06,0.003523556,0.068712178,0.000698445,2.35E-05,1.621623375,,1.449,,0,0,0,0,0,0,0,0.20142823
14,42,14042,1.03E-06,8.21E-06,4.84E-05,4.98E-06,0.005365496,0.356500068,0.001063557,3.58E-05,2.972976188,,1.097413134,,0,0,0,0,0,0,0,0.384898706
14,43,14043,2.48E-06,1.97E-05,0.000421249,4.34E-05,0.013796378,0.566125652,0.002734739,9.19E-05,12.29732132,0.884310806,0.119016022,,0,0,0,0,0,0,0.073996684,5.083048917
14,44,14044,3.51E-05,0.000278931,8.20E-05,8.45E-06,0.017369813,0.222265042,0.00344307,0.000115746,14.52704274,,,,0,0,0,0,0.3827,0.0263,0.027054597,1.125687439
14,45,14045,3.42E-06,2.72E-05,0.000109147,1.12E-05,0.012403345,0.620640324,0.002458609,8.27E-05,21.621645,,,,0,0,0,0,0,0,0.021258818,2.482439681
14,46,14046,1.27E-05,0.000100649,0.000251923,2.60E-05,0.019826682,0.340192075,0.003930074,0.000132118,14.52704274,,,,0,0,0,0,0,0,0.001866139,0.852679352
14,47,14047,3.30E-06,2.62E-05,0.000192335,1.98E-05,0.01512457,0.072367737,0.002998015,0.000100784,23.31382454,,,,0,0,0,0,0,0,0.004615984,1.977864477
14,48,14048,1.15E-05,9.11E-05,0.000111507,1.15E-05,0.012237321,0.560652106,0.0024257,8.15E-05,17.03001251,,2.396393,,0,0,0,0,0,0,0.021786259,2.676207611
14,49,14049,2.14E-07,1.70E-06,1.53E-05,1.58E-06,0.005845754,0.476461448,0.001158754,3.90E-05,13.11110008,,,,0,0,0,0,0,0,0,2.881214834
14,50,14050,4.30E-06,3.41E-05,0.00037936,3.91E-05,0.027672562,0.327608928,0.005485296,0.0001844,9.256766767,,0.35249502,,0,0,0,0,0,0,0.004114115,1.498279433
14,51,14051,3.19E-06,2.54E-05,4.37E-05,4.50E-06,0.008512113,0.059328629,0.001687284,5.67E-05,4.797302485,,0.22502786,,0,0,0,0,0,0,0,0.437767338
14,52,14052,1.19E-06,9.43E-06,4.01E-05,4.13E-06,0.003629013,0.198707828,0.000719348,2.42E-05,1.824326297,,,,0,0,0,0,0,0,0,0.787127272
14,53,14053,8.79E-05,0.000698224,0.000974065,0.000100366,0.101633035,1.524383821,0.020145851,0.000677245,51.3016524,,1.61,,0,0,0,0,0.3162,0.0217,0.074079999,7.199929011
14,54,14054,6.77E-07,5.38E-06,5.49E-05,5.65E-06,0.003681742,0.071898434,0.0007298,2.45E-05,0.678643479,0.806491455,,,0,0,0,0,0,0,0,0.514872658
14,55,14055,2.68E-06,2.13E-05,0.000143956,1.48E-05,0.013687358,0.34345305,0.002713129,9.12E-05,4.394885163,1.285080463,7.08772355,,0,0,0,0,0.5962,0.041,0.006342573,0.691373516
14,56,14056,8.31E-08,6.60E-07,7.67E-06,7.90E-07,0.001840515,0.23569806,0.00036483,1.23E-05,0.743244047,,,,0,0,0,0,0,0,0,0.762388269
14,57,14057,6.29E-07,5.00E-06,2.89E-05,2.98E-06,0.002488222,0.096200512,0.000493219,1.66E-05,0.675676406,,,,0,0,0,0,0,0,0.000761109,0.296660835
14,58,14058,4.62E-06,3.67E-05,0.000195285,2.01E-05,0.009104954,0.310035657,0.001804798,6.07E-05,12.97893187,,6.503770162,,0,0,0,0,0,0,6.34E-05,1.235192063
14,59,14059,2.01E-06,1.59E-05,0.000330981,3.41E-05,0.008343952,0.44594684,0.00165395,5.56E-05,3.24324675,0.00406783,2.608375435,,0,0,0,0,0,0,0.000119804,0.46194626
14,60,14060,1.37E-06,1.08E-05,2.12E-05,2.19E-06,0.004134923,0.138797374,0.000819631,2.76E-05,3.17567911,,1.257619465,,0,0,0,0,0,0,0,0.459994767
14,61,14061,5.11E-07,4.06E-06,3.42E-05,3.53E-06,0.011442116,2.392529244,0.002268073,7.62E-05,1.492443688,,13.61636111,,0,0,0,0,0,0,0,0.454406515
14,62,14062,1.90E-07,1.51E-06,1.00E-05,1.03E-06,0.002222441,0.159150169,0.000440536,1.48E-05,3.651619666,,0.496609904,,0,0,0,0,0,0,0,0.549909114
14,63,14063,5.34E-05,0.000424198,0.000817129,8.42E-05,0.065424846,0.19428534,0.01296861,0.000435967,26.21624456,,,,0,0,0,0,0.9651,0.0663,0.075621294,1.884685084
14,64,14064,5.85E-06,4.65E-05,0.000185255,1.91E-05,0.020021208,0.557765765,0.003968634,0.000133414,20.61109746,,,,0,0,0,0,0,0,0,2.497257968
14,65,14065,1.39E-06,1.10E-05,6.78E-05,6.99E-06,0.007905734,0.441201194,0.001567086,5.27E-05,2.972986913,1.623064053,1.565556404,,0,0,0,0,0,0,0,1.829643941
14,66,14066,2.43E-05,0.000193092,0.000248973,2.57E-05,0.03242384,0.984770786,0.006427102,0.00021606,16.15460026,,,,0,0,0,0,0.9235,0.0634,0.019183549,1.808333236
14,67,14067,3.08E-05,0.000244407,0.011427412,0.001177464,0.171025355,0.719841362,0.0339009,0.001139649,7.097569339,,0.786393,,0,42.80328,5.506,240.4,0,0,0.176155464,5.1232341
14,68,14068,8.31E-07,6.60E-06,6.73E-05,6.93E-06,0.007520957,0.873216742,0.001490815,5.01E-05,2.297299781,2.122345934,4.153506406,,0,0,0,0,0,0,0,9.475415
14,69,14069,1.54E-07,1.23E-06,1.89E-05,1.95E-06,0.005634839,0.44364296,0.001116946,3.75E-05,2.972986913,,0.28668432,,0,0,0,0,0,0,0,1.905418127
14,70,14070,0.00036578,0.002905903,0.000669633,6.90E-05,0.090128215,0.194862675,0.017865349,0.000600581,2.232699213,,,,0,0,0,0,0.3078,0.0211,0.013249765,0.263212949
14,71,14071,3.56E-08,2.83E-07,2.95E-06,3.04E-07,0.002156887,0.333996172,0.000427541,1.44E-05,1.959461578,,2.0069179,,0,0,0,0,0,0,0,0.530569995
14,72,14072,3.36E-06,2.67E-05,5.84E-05,6.02E-06,0.004250356,0.078508609,0.000842512,2.83E-05,7.567575751,,,,0,0,0,0,0,0,0,0.591224505
14,73,14073,1.29E-05,0.00010263,0.000808279,8.33E-05,0.040807695,0.456115678,0.008088962,0.000271927,44.45950754,,,,0,0,0,0,0,0,0.014294157,2.986135835
14,74,14074,3.94E-06,3.13E-05,0.000115047,1.19E-05,0.008809246,0.054810591,0.001746182,5.87E-05,4.932437766,,,,0,0,0,0,0,0,0,0.330899866
14,75,14075,8.55E-07,6.79E-06,2.42E-05,2.49E-06,0.002520999,0.059400073,0.000499716,1.68E-05,1.351363538,0.479827043,0.8817786,,0,0,0,0,0,0,0,0.417172431
14,76,14076,3.68E-07,2.92E-06,1.30E-05,1.34E-06,0.002183963,0.213192421,0.000432908,1.46E-05,0.270270563,,,,0,0,0,0,0,0,0.725512817,0.159861681
14,77,14077,6.21E-06,4.93E-05,0.000256053,2.64E-05,0.016406446,0.336296391,0.00325211,0.000109326,14.66218874,5.53047978,,,0,0,0,0,0,0,0.001451744,3.121233397
14,78,14078,3.12E-05,0.000247614,0.000202955,2.09E-05,0.018581859,0.146452336,0.003683324,0.000123823,12.56758116,,,,0,0,0,0,0,0,0.006396266,1.014927029
14,79,14079,5.75E-06,4.57E-05,5.25E-05,5.41E-06,0.008985958,0.652033213,0.00178121,5.99E-05,5.202719054,0.030208057,3.88237557,,0,0,0,0,0.4132,0.0284,0.196429482,0.73061058
14,80,14080,2.85E-07,2.26E-06,4.78E-05,4.92E-06,0.003832802,0.455428175,0.000759744,2.55E-05,1.824326297,,,,0,0,0,0,0,0,0.049366359,0.74304915
14,81,14081,2.37E-07,1.89E-06,1.47E-05,1.52E-06,0.002505323,0.148471944,0.000496609,1.67E-05,0.540541125,,1.1232786,,0,0,0,0,0,0,0,0.187363416
14,82,14082,1.08E-05,8.60E-05,0.000237174,2.44E-05,0.025748679,0.293796679,0.005103941,0.00017158,6.827309501,0.077023471,2.7319253,,0,0,0,0,0.3162,0.0217,0,0.872646365
14,83,14083,1.73E-05,0.000137343,0.00036756,3.79E-05,0.04073644,0.168295345,0.008074838,0.000271452,16.62166105,16.33675783,8.776848736,,0,0,0,0,0.7599,0.0522,0.09970031,2.027292252
14,84,14084,2.84E-06,2.25E-05,0.000231274,2.38E-05,0.009725585,0.715617396,0.00192782,6.48E-05,2.972997638,,22.58557143,,0,0,0,0,0,0,0,1.179309543
14,85,14085,1.32E-05,0.000104988,0.000238944,2.46E-05,0.024562285,0.74588141,0.004868773,0.000163674,7.165179879,6.863525261,0.44715646,,0,0,0,0,0,0,0,2.22118576
14,86,14086,3.70E-06,2.94E-05,0.000218884,2.26E-05,0.01158035,1.29708044,0.002295474,7.72E-05,6.486493501,,1.765215745,,0,0,0,0,0,0,0,0.765025422
14,87,14087,3.69E-06,2.93E-05,0.000151036,1.56E-05,0.010971833,0.54792348,0.002174853,7.31E-05,3.918944607,1.08565069,10.01758459,,0,0,0,0,0,0,0,1.402932552
14,88,14088,3.16E-06,2.51E-05,0.000123307,1.27E-05,0.010332676,0.492755566,0.002048158,6.89E-05,7.702711032,,1.851370946,,0,0,0,0,0,0,1.077018206,1.362528862
14,89,14089,1.19E-07,9.43E-07,1.00E-05,1.03E-06,0.002097032,0.086102609,0.000415677,1.40E-05,1.013514609,,,,0,0,0,0,0.3633,0.025,0,0.224409131
14,90,14090,9.97E-07,7.92E-06,4.66E-05,4.80E-06,0.004930128,0.146387878,0.000977257,3.29E-05,5.945952376,,0.60170323,,0,0,0,0,0,0,0,1.278642292
14,91,14091,5.53E-06,4.40E-05,0.000191155,1.97E-05,0.025536339,0.928724917,0.005061851,0.000170165,19.59461578,,,,0,0,0,0,0,0,0.004453896,2.657245228
14,92,14092,5.34E-07,4.24E-06,3.24E-05,3.34E-06,0.006928829,0.27226663,0.001373443,4.62E-05,9.932443173,0.007958797,,,0,0,0,0,0,0,0,1.602886488
14,93,14093,6.84E-05,0.000543053,0.0011605,0.000119576,0.091864698,0.469620852,0.018209557,0.000612152,31.28381761,,,,0,0,0,0,0,0,0.106907616,4.799492219
14,94,14094,1.95E-05,0.000155171,0.00040178,4.14E-05,0.028596026,0.820265732,0.005668347,0.000190553,6.013520016,0.037406347,8.90084199,,0,0,0,0,0.7848,0.0539,0.001268515,1.29233037
14,95,14095,4.51E-07,3.58E-06,2.60E-05,2.67E-06,0.005277852,0.027961544,0.001046184,3.52E-05,6.894898592,2.759049714,1.07646716,,0,0,0,0,0.3134,0.0215,0,0.629867582
14,96,14096,2.29E-06,1.82E-05,0.000115047,1.19E-05,0.013185011,0.315955029,0.002613552,8.79E-05,3.783787875,,,,0,0,0,0,0,0,0,0.592229135
14,97,14097,0.000283068,0.002248807,0.002178813,0.000224502,0.191854594,0.701036521,0.038029703,0.001278448,40.68470668,0.162713188,16.60609269,,0,0,0,0,0.8902,0.0611,0.002647924,2.382987632
14,98,14098,0.00037104,0.002947691,0.004050244,0.000417331,0.434191164,0.943747381,0.086066018,0.002893288,6.827298776,,,,0,0,0,0,0.4104,0.0282,0.505987248,0.692692092
14,99,14099,3.68E-07,2.92E-06,1.24E-05,1.28E-06,0.005998239,0.665547679,0.00118898,4.00E-05,3.918923157,,,,0,0,0,0,0,0,0,0.943912276
14,100,14100,1.83E-06,1.45E-05,0.000220654,2.27E-05,0.021937253,1.40592733,0.004348435,0.000146182,16.6216396,,5.118897712,,0,0,0,0,0,0,0.011702392,4.042252676
14,101,14101,0.000132261,0.001050732,0.002052556,0.000211492,0.316646192,0.608954315,0.062766079,0.002110012,1.283785172,,,,0,0,0,0,0,0,0.030614326,0.289710054
14,102,14102,3.06E-06,2.43E-05,4.13E-05,4.26E-06,0.003799313,0.175364335,0.000753105,2.53E-05,2.432435063,,0.0322,,0,0,0,0,0,0,0,0.991569391
14,103,14103,2.01E-06,1.59E-05,3.24E-05,3.34E-06,0.005051262,0.150638003,0.001001269,3.37E-05,1.090015642,1.558509364,,,0,0,0,0,0.2884,0.0198,0.040043374,0.447505966
14,104,14104,5.11E-07,4.06E-06,1.59E-05,1.64E-06,0.002838796,0.162149357,0.00056271,1.89E-05,3.24324675,,,,0,0,0,0,0,0,0,0.335797436
14,105,14105,2.59E-06,2.06E-05,0.000112687,1.16E-05,0.013675957,0.196748526,0.002710869,9.11E-05,25.87840636,,,,0,0,0,0,0,0,0,2.002226744
14,106,14106,3.44E-07,2.74E-06,9.44E-06,9.73E-07,0.002583704,0.274302507,0.000512146,1.72E-05,3.445949672,,,,0,0,0,0,0,0,0,0.674734339
14,107,14107,6.41E-07,5.09E-06,6.14E-05,6.32E-06,0.003966762,0.069169193,0.000786297,2.64E-05,1.351352813,,,,0,0,0,0,0,0,0,0.216748831
14,108,14108,1.48E-05,0.000117723,0.000202365,2.09E-05,0.023123648,0.803069254,0.004583604,0.000154087,12.56759188,5.445338336,0.5616393,,0,0,0,0,1.1232,0.0771,1.283043245,3.028352881
14,109,14109,7.06E-06,5.61E-05,5.55E-05,5.71E-06,0.010673988,0.344955971,0.002115814,7.11E-05,10.95189193,,,,0,0,0,0,0.6184,0.0425,0,1.260810117
14,110,14110,1.90E-06,1.51E-05,0.000142776,1.47E-05,0.009000209,0.27713714,0.001784035,6.00E-05,9.932443173,,0.781443878,,0,0,0,0,0,0,0,1.501795637
14,111,14111,2.08E-06,1.65E-05,4.66E-05,4.80E-06,0.004263182,0.034297042,0.000845054,2.84E-05,5.540546532,,,,0,0,0,0,0,0,0.002959867,0.511858769
14,112,14112,2.01E-06,1.59E-05,4.90E-05,5.05E-06,0.003532107,0.088364602,0.000700139,2.35E-05,0.540541125,,0.070343882,,0,0,0,0,0,0,0.000147993,0.322530046
14,113,14113,3.00E-06,2.39E-05,4.54E-05,4.68E-06,0.009224662,0.717917051,0.001828526,6.15E-05,7.567586476,,4.353936698,,0,0,0,0,0,0,0,1.952748738
14,114,14114,2.90E-06,2.30E-05,0.000161066,1.66E-05,0.010388968,0.077106507,0.002059317,6.92E-05,7.837857038,3.869478793,,,0,0,0,0,0,0,0.027322395,0.559937829
14,115,14115,4.63E-07,3.68E-06,3.13E-05,3.22E-06,0.00350503,0.251431487,0.000694772,2.34E-05,0.945946969,,0.207007812,,0,0,0,0,0,0,0,0.307793386
14,116,14116,7.40E-06,5.88E-05,0.000225374,2.32E-05,0.01280736,0.129877842,0.002538694,8.53E-05,6.41892586,,,,0,0,0,0,0,0,0.006805816,0.839744747
14,117,14117,3.92E-07,3.11E-06,2.60E-05,2.67E-06,0.002722651,0.092899179,0.000539688,1.81E-05,4.797302485,,0.10446393,,0,0,0,0,0,0,0,0.473934002
14,118,14118,4.89E-06,3.89E-05,0.000214754,2.21E-05,0.01577014,0.539391811,0.003125981,0.000105086,11.89190475,,0.15295,,0,0,0,0,0,0,0.016046709,1.36755201
14,119,14119,7.41E-06,5.89E-05,0.000180535,1.86E-05,0.017738201,0.453967417,0.003516093,0.000118201,11.35137435,0.468861589,,,0,0,0,0,0.7793,0.0535,1.101347516,1.355245298
14,120,14120,0.001020554,0.008107684,0.012753107,0.001314062,0.879104768,1.115738754,0.174257454,0.005858027,16.56001682,0.601331348,26.54310036,,0,0,0,0,0.6989,0.048,2.56971541,2.373437372
14,121,14121,1.36E-05,0.000107913,0.000189385,1.95E-05,0.0188113,0.40896756,0.003728804,0.000125351,8.522477561,9.424241748,0.06402786,,0,0,0,0,0.5131,0.0352,1.391955139,1.730297378
14,122,14122,4.87E-07,3.87E-06,2.48E-05,2.55E-06,0.004439894,0.698885612,0.000880082,2.96E-05,1.418920453,0.706564334,,,0,0,0,0,0,0,0,0.639188033
14,123,14123,1.97E-05,0.000156681,4.60E-05,4.74E-06,0.01183188,0.334575232,0.002345333,7.88E-05,23.98651242,,,,0,0,0,0,0,0,0,2.179292707
14,124,14124,2.67E-05,0.000212241,0.000463728,4.78E-05,0.040423631,0.561804291,0.008012832,0.000269368,14.18920453,,,,0,0,0,0,0,0,0,2.087871416
14,125,14125,1.02E-05,8.11E-05,8.79E-05,9.06E-06,0.014481138,0.522603256,0.002870473,9.65E-05,2.027029219,,,,0,0,0,0,0,0,0,0
15,1,15001,1.06E-05,8.39E-05,3.96E-05,9.91E-06,0.12541732,5.815130453,0.008168905,0.000274615,10.87839014,,0.72728331,,0,0,0,0,0,0,0.000134044,0
15,2,15002,3.92E-05,0.000311192,0.00013418,3.36E-05,0.186514785,0.121016703,0.012148415,0.000408394,2.520868734,,0.271559246,,0,0,0,0,0.6743,0.0463,0.285172083,0
15,3,15003,1.13E-05,8.95E-05,3.06E-05,7.66E-06,0.091933524,2.763099223,0.005987979,0.000201298,10.20271374,,0.11833109,,0,0,0,0,0,0,0.020006079,0
15,4,15004,1.27E-06,1.01E-05,2.81E-05,7.05E-06,0.029836381,1.167434116,0.001943357,6.53E-05,1.013514609,,0.98611554,,0,0,0,0,0,0,0,0
15,5,15005,1.23E-05,9.77E-05,6.82E-05,1.71E-05,0.295399467,10.51591323,0.019240486,0.000646809,32.23273165,,0.083021265,,0,0,0,0,0.4535,0.0311,0.006031984,0
15,6,15006,1.24E-05,9.88E-05,1.26E-05,3.16E-06,0.019798398,0.059443796,0.001289545,4.34E-05,1.351352813,,0.276930585,,0,0,0,0,0,0,0,0
15,7,15007,3.92E-07,3.11E-06,1.75E-05,4.38E-06,0.044497604,2.860822454,0.002898298,9.74E-05,2.972976188,,0.260813425,,0,0,0,0,0,0,0.000201066,0
15,8,15008,1.76E-06,1.40E-05,3.57E-05,8.94E-06,0.056667221,2.580544132,0.003690951,0.000124079,0.337838203,,,,0,0,0,0,0,0,0.000804264,0
15,9,15009,4.80E-06,3.81E-05,8.47E-05,2.12E-05,0.109752082,1.142248616,0.007148569,0.000240314,5.543524329,,1.297662045,,0,0,0,0,0.1577,0.0108,0,0
15,10,15010,1.49E-05,0.000118572,4.46E-05,1.12E-05,0.058757654,0.187278304,0.003827109,0.000128656,1.624611897,,,,0,0,0,0,0.1814,0.0125,0.655096674,0
15,11,15011,1.00E-05,7.97E-05,4.32E-05,1.08E-05,0.103157676,0.20939584,0.00671905,0.000225875,1.62755752,,,,0,0,0,0,0,0,0,0
15,12,15012,1.00E-05,7.98E-05,2.40E-05,6.02E-06,0.020537856,0.082749418,0.001337708,4.50E-05,1.554055735,,0.08806965,,0,0,0,0,0,0,0,0
15,13,15013,0.000174127,0.001383337,0.000892915,0.000223711,1.037520612,0.105229009,0.067577648,0.002271763,0.067567641,,0.0161,,0,0,0,0,0,0,0.137453787,0
15,14,15014,8.73E-05,0.000693225,0.000211339,5.29E-05,0.174106633,3.919691644,0.011340225,0.000381225,10.96079314,,0.347788425,,0,0,0,0,0.3234,0.0222,0.022310806,9.371558912
15,15,15015,2.41E-06,1.91E-05,3.13E-05,7.84E-06,0.052223966,1.615160452,0.003401545,0.00011435,1.148649891,,0.16588681,,0,0,0,0,0.0434,0.003,0,0
15,16,15016,3.28E-06,2.60E-05,2.11E-05,5.29E-06,0.050656141,0.346801047,0.003299426,0.000110917,17.50299672,,1.716693519,,0,0,0,0,0.7572,0.052,0,0
15,17,15017,3.21E-07,2.55E-06,7.76E-06,1.95E-06,0.014624359,0.056846616,0.00095254,3.20E-05,4.729745569,,0.05265286,,0,0,0,0,0.2484,0.0171,0.006166028,0
15,18,15018,9.72E-06,7.73E-05,4.44E-05,1.11E-05,0.089415896,0.605846939,0.005823996,0.000195786,13.51352813,,0.1941,,0,0,0,0,0,0,0.115050036,0
15,19,15019,2.94E-05,0.000233182,0.000623827,0.000156294,0.070558627,0.105671291,0.004595751,0.000154496,1.354319885,,1.012649865,,0,0,0,0,0,0,0.004021322,0
15,20,15020,2.78E-05,0.000221202,0.000812844,0.00020365,0.671608057,0.0504129,0.043744377,0.001470558,0,,0.15012218,,0,0,0,0,0,0,0.004920828,0
15,21,15021,2.09E-06,1.66E-05,5.99E-05,1.50E-05,0.066475343,2.872375758,0.004329791,0.000145555,4.189193719,,1.16434451,,0,0,0,0,0,0,0.000650114,2.699088851
15,22,15022,1.99E-06,1.58E-05,1.24E-05,3.10E-06,0.028533113,0.053037928,0.00185847,6.25E-05,0.810811688,,0.00786393,,0,0,0,0,0,0,0,0
15,23,15023,6.70E-06,5.32E-05,4.97E-05,1.25E-05,0.090923003,0.374321124,0.00592216,0.000199086,0.475940557,,,,0,0,0,0,0.2208,0.0152,0.006702204,0
15,24,15024,7.35E-05,0.000584086,0.000358137,8.97E-05,0.279927225,0.055751974,0.018232721,0.000612931,1.216217531,,,,0,0,0,0,0.3037,0.0209,0.002635178,0
15,25,15025,6.93E-05,0.000550599,0.000591556,0.000148209,0.610434694,2.087958485,0.039759924,0.001336613,4.615379794,,1.186837415,,0,0,0,0,0.6546,0.045,0.021234369,0
15,26,15026,2.55E-06,2.03E-05,5.82E-06,1.46E-06,0.047420741,2.372592623,0.003088692,0.000103833,1.959461578,,0.17442574,,0,0,0,0,0,0,0.00690327,0
15,27,15027,4.87E-07,3.87E-06,7.28E-06,1.82E-06,0.015613194,0.022458779,0.001016946,3.42E-05,1.689191016,,,,0,0,0,0,0,0,0,0
15,28,15028,7.47E-06,5.93E-05,3.25E-05,8.15E-06,0.052748743,0.142481107,0.003435725,0.000115499,0.417295583,,,,0,0,0,0,0.2406,0.0165,0.000570955,0
15,29,15029,3.09E-05,0.000245822,0.000252346,6.32E-05,0.47288679,0.195532259,0.030800908,0.001035437,1.827304094,,,,0,0,0,0,0,0,0.740477643,0
15,30,15030,1.35E-05,0.000107252,0.000117195,2.94E-05,0.045117794,0.054643039,0.002938693,9.88E-05,0.067567641,,,,0,0,0,0,0,0,0,0
15,31,15031,6.76E-05,0.00053711,0.000840262,0.00021052,1.18548165,0.454593088,0.077214911,0.00259574,0.340805275,,,,0,0,0,0,0.2248,0.0154,0.019101282,0
15,32,15032,3.80E-07,3.02E-06,1.82E-05,4.56E-06,0.067488032,4.39273235,0.004395751,0.000147772,1.621623375,,0.803284555,,0,0,0,0,0,0,0.010140435,0
15,33,15033,0.000633555,0.005033214,0.003862585,0.000967735,3.740036598,0.83476806,0.243602753,0.008189213,0,,0.345378304,,0,0,0,0,0.8676,0.0596,0.737820969,0
15,34,15034,8.67E-07,6.89E-06,1.60E-05,4.01E-06,0.018742339,1.071082877,0.00122076,4.10E-05,0.073501785,,0.12656716,,0,0,0,0,0,0,0.006849653,0
15,35,15035,5.65E-05,0.000449007,7.72E-05,1.93E-05,0.155012997,0.094910277,0.010096584,0.000339418,2.027029219,,0.027258358,,0,0,0,0,0.4417,0.0303,0.017088567,0
15,36,15036,3.05E-06,2.42E-05,2.50E-05,6.26E-06,0.083790809,0.501694851,0.005457613,0.000183469,12.02704003,,,,0,0,0,0,0,0,0.005361763,0
15,37,15037,2.32E-05,0.000184036,0.000388952,9.74E-05,0.520186094,0.408286494,0.033881691,0.001139003,0,,0.384405082,,0,0,0,0,0.8676,0.0596,1.272895507,0
15,38,15038,5.94E-07,4.72E-06,1.41E-05,3.53E-06,0.020435936,0.302603926,0.00133107,4.47E-05,0.608108766,,0.173704475,,0,0,0,0,0,0,0.033846131,0
15,39,15039,0.000118179,0.000938858,0.000706082,0.000176902,1.096620889,1.02956119,0.071427073,0.00240117,7.103503483,,3.130384655,,0,0,0,0,0,0,1.836796798,0
15,40,15040,3.91E-06,3.10E-05,0.000275882,6.91E-05,0.066000442,0.996860631,0.004298859,0.000144515,0.878379328,,0.17640323,,0,0,0,0,0,0,0.00085118,0
15,41,15041,1.66E-07,1.32E-06,6.31E-06,1.58E-06,0.013999831,0.787711868,0.000911862,3.07E-05,0.002988522,,0.08926393,,0,0,0,0,0,0,6.70E-05,0
15,42,15042,3.13E-05,0.000248935,0.000200663,5.03E-05,0.291014762,10.9216793,0.018954894,0.000637208,32.02707238,,0.03931965,,0,0,0,0,1.1988,0.0823,0.00351906,0
15,43,15043,3.98E-06,3.16E-05,6.72E-05,1.68E-05,0.045720637,0.703386537,0.002977958,0.00010011,2.229732141,,0.300782335,,0,0,0,0,0,0,0.010053306,0
15,44,15044,5.32E-06,4.23E-05,2.33E-05,5.84E-06,0.059364834,0.01535622,0.003866657,0.000129986,0.138102354,,,,0,0,0,0,0,0,0,0
15,45,15045,6.10E-05,0.000484474,0.000106519,2.67E-05,0.161616077,4.388160431,0.010526667,0.000353876,10.00297789,,0.02415,,0,0,0,0,0.4141,0.0284,0.004483462,3.3698007
15,46,15046,9.62E-07,7.64E-06,1.38E-05,3.47E-06,0.029914447,0.252999254,0.001948441,6.55E-05,0.340805275,,0.390753095,,0,0,0,0,0,0,0.211079216,0
15,47,15047,1.77E-06,1.41E-05,2.14E-05,5.35E-06,0.137808124,7.812302211,0.008975965,0.000301746,14.88861752,,0.163979845,,0,0,0,0,0,0,0,0
15,48,15048,6.33E-05,0.000503246,3.40E-05,8.51E-06,0.126174126,2.694945018,0.008218199,0.000276272,26.14868765,,0.1515393,,0,0,0,0,0.1538,0.0106,0.041253881,0
15,49,15049,1.82E-06,1.44E-05,1.53E-05,3.83E-06,0.024675352,0.549453447,0.001607199,5.40E-05,0.878379328,,2.217034555,,0,0,0,0,0,0,0,0
15,50,15050,2.86E-06,2.27E-05,4.85E-05,1.22E-05,0.048795569,0.131382162,0.00317824,0.000106843,10.27028138,,,,0,0,0,0,0,0,0,0
15,51,15051,0.000304014,0.002415203,0.000171789,4.30E-05,0.240616672,1.268807709,0.015672275,0.000526856,8.592958649,,1.041891385,,0,0,0,0,0.1341,0.0092,0.064936996,0
15,52,15052,2.10E-06,1.67E-05,0.000143885,3.60E-05,0.052158911,2.057915165,0.003397308,0.000114208,0.540541125,,0.20650895,,0,0,0,0,0,0,0,0
15,53,15053,4.32E-06,3.43E-05,5.77E-05,1.45E-05,0.082845344,0.071004868,0.005396031,0.000181399,1.689191016,,,,0,0,0,0,0,0,0,0
15,54,15054,3.76E-05,0.000298363,0.001242802,0.000311372,0.46421713,0.261349712,0.03023622,0.001016453,4.459464282,,,,0,0,0,0,0,0,0.334611909,0
15,55,15055,1.97E-06,1.57E-05,2.64E-05,6.63E-06,0.023142223,0.025616463,0.001507341,5.07E-05,0.878390053,,,,0,0,0,0,0,0,0,0
15,56,15056,5.85E-06,4.65E-05,3.30E-05,8.27E-06,0.059249904,4.142039566,0.003859171,0.000129734,2.97594326,,0.202927355,,0,0,0,0,0,0,6.70E-05,0
15,57,15057,0.00062636,0.004976051,0.003106762,0.00077837,1.754278991,0.433934165,0.114262837,0.003841183,0.073501785,,0.47518506,,0,0,0,0,0.3391,0.0233,4.510473907,0
15,58,15058,0.000196806,0.001563505,0.003244824,0.00081296,2.397776792,0.147894495,0.156176287,0.005250191,0.202702922,,,,0,0,0,0,0.7296,0.0501,0.12531184,0
15,59,15059,4.58E-06,3.64E-05,2.74E-05,6.87E-06,0.052965593,0.090673699,0.00344985,0.000115974,2.773240338,,,,0,0,0,0,0.2839,0.0195,0,0
15,60,15060,4.02E-05,0.000319493,0.000375849,9.42E-05,0.713043739,0.78980932,0.04644324,0.001561286,2.1621645,,3.561685935,,0,0,0,0,0,0,0.047105747,0
15,61,15061,3.72E-06,2.95E-05,8.25E-06,2.07E-06,0.019061108,0.051654314,0.001241522,4.17E-05,2.702705625,,,,0,0,0,0,0.418,0.0287,0.008176689,0
15,62,15062,5.22E-05,0.000414765,0.00047242,0.00011836,0.124831825,0.445267739,0.00813077,0.000273333,1.624590447,,0.69362113,,0,0,0,0,0.556,0.0382,0.026849531,0
15,63,15063,1.51E-06,1.20E-05,8.59E-05,2.15E-05,0.058558152,2.351511294,0.003814114,0.000128219,2.770273266,,1.592830685,,0,0,0,0,0,0,0,0
15,64,15064,1.96E-06,1.56E-05,3.06E-05,7.66E-06,0.072902775,2.75316689,0.004748434,0.000159628,2.364867422,,0.043809825,,0,0,0,0,0.4653,0.032,0.000261386,0
15,65,15065,6.49E-06,5.16E-05,7.16E-05,1.79E-05,0.067023973,0.754169485,0.004365525,0.000146756,5.540578707,,0.19845895,,0,0,0,0,0.8794,0.0604,0.093132664,0
15,66,15066,3.44E-07,2.74E-06,3.64E-06,9.12E-07,0.010016298,0.503321113,0.000652399,2.19E-05,0.472973484,,,,0,0,0,0,0,0,0,0
15,67,15067,1.01E-05,8.05E-05,4.85E-05,1.22E-05,0.161123828,2.601387181,0.010494605,0.000352798,3.24324675,,,,0,0,0,0,0,0,0.007246738,0
15,68,15068,5.89E-06,4.68E-05,6.62E-05,1.66E-05,0.053613974,0.354911908,0.003492081,0.000117394,2.435402135,,,,0,0,0,0,0.1735,0.0119,0,0
15,69,15069,2.21E-06,1.75E-05,1.58E-05,3.95E-06,0.008474495,0.014840497,0.000551976,1.86E-05,0.205669994,,,,0,0,0,0,0,0,0.001698226,0
15,70,15070,0.000126716,0.001006681,0.000654885,0.000164075,0.531312664,0.291375796,0.034606407,0.001163366,0.135135281,,,,0,0,0,0,0.3746,0.0257,0.014193359,0
15,71,15071,6.09E-06,4.84E-05,2.50E-05,6.26E-06,0.028528776,0.110795724,0.001858187,6.25E-05,9.059997989,,,,0,0,0,0,0.5797,0.0398,0,0
15,72,15072,1.23E-05,9.76E-05,1.19E-05,2.98E-06,0.026319075,0.084558684,0.001714261,5.76E-05,3.716220235,,,,0,0,0,0,0,0,0.015844011,0
15,73,15073,1.42E-05,0.000112912,2.11E-05,5.29E-06,0.026100056,0.076243228,0.001699996,5.71E-05,1.891893938,,,,0,0,0,0,0,0,0.257009421,0
15,74,15074,5.05E-06,4.01E-05,7.09E-05,1.78E-05,0.215856748,17.27212025,0.014059568,0.000472642,8.51352272,,0.03182786,,0,0,0,0,0.2563,0.0176,0.011541666,0
15,75,15075,1.23E-05,9.81E-05,5.77E-05,1.45E-05,0.049441782,0.187174457,0.003220331,0.000108258,0.202702922,,0.01572786,,0,0,0,0,0.2524,0.0173,0,0
15,76,15076,0.000139682,0.001109688,0.000344063,8.62E-05,0.15521033,0.436779194,0.010109437,0.00033985,0.810811688,,,,0,0,0,0,0.0789,0.0054,0.004025966,0
15,77,15077,2.37E-07,1.89E-06,4.12E-06,1.03E-06,0.012219493,0.560453921,0.000795902,2.68E-05,0.202702922,,1.24746763,,0,0,0,0,0,0,0,0
15,78,15078,1.78E-07,1.41E-06,1.46E-06,3.65E-07,0.019891643,0.729094707,0.001295618,4.36E-05,0.067567641,,0.42505323,,0,0,0,0,0,0,0,0
15,79,15079,6.26E-06,4.97E-05,1.92E-05,4.80E-06,0.024367426,0.300909903,0.001587143,5.34E-05,3.046477973,,,,0,0,0,0,0,0,0.000549581,0
15,80,15080,7.60E-07,6.04E-06,2.06E-05,5.17E-06,0.052820304,2.811856614,0.003440386,0.000115656,0,,0.670064905,,0,0,0,0,0,0,0.00136725,0
15,81,15081,5.98E-05,0.000474759,0.000671142,0.000168148,0.700887133,0.508742191,0.045651434,0.001534668,7.10648128,,,,0,0,0,0,0,0,0.921929327,0
15,82,15082,5.95E-06,4.73E-05,0.000170576,4.27E-05,0.134956548,4.211662779,0.008790231,0.000295502,0.810811688,,1.1208358,,0,0,0,0,0,0,0.030843543,2.265291675
15,83,15083,5.11E-07,4.06E-06,1.04E-05,2.61E-06,0.023827469,0.011556371,0.001551973,5.22E-05,1.827293369,,0.08275,,0,0,0,0,0,0,0.010802398,0
15,84,15084,3.78E-06,3.00E-05,2.18E-05,5.47E-06,0.077463129,0.329456803,0.005045467,0.000169614,11.21622834,,,,0,0,0,0,0.3391,0.0233,0,0
15,85,15085,2.68E-05,0.000212901,4.05E-05,1.02E-05,0.126050522,4.845335462,0.008210148,0.000276001,6.891899344,,0.75712971,,0,0,0,0,0.9149,0.0628,0,0
15,86,15086,3.68E-07,2.92E-06,2.69E-05,6.75E-06,0.066100193,4.009544467,0.004305356,0.000144733,6.427859252,,2.01076847,,0,0,0,0,0,0,0.024188255,0
15,87,15087,6.01E-06,4.77E-05,4.25E-05,1.06E-05,0.181945757,9.50096082,0.011850816,0.00039839,12.83785172,,0.2092393,,0,0,0,0,0,0,0,0
15,88,15088,2.01E-05,0.000159982,0.000250647,6.28E-05,0.178307015,1.944577574,0.011613811,0.000390422,2.232699213,,1.5151573,,0,0,0,0,0,0,4.57E-05,0
15,89,15089,1.46E-06,1.16E-05,1.41E-05,3.53E-06,0.021945212,0.056664841,0.001429375,4.81E-05,2.905408547,,,,0,0,0,0,0.3746,0.0257,0.00386047,0
15,90,15090,2.84E-05,0.000225447,0.000220802,5.53E-05,0.155301407,2.463940655,0.010115369,0.000340049,10.20271374,,0.90575111,,0,0,0,0,0,0,0.024054211,0
15,91,15091,1.89E-05,0.000150266,0.000113798,2.85E-05,0.169854206,0.156445691,0.011063248,0.000371914,2.567570344,,,,0,0,0,0,0.1696,0.0116,0.00067022,0
15,92,15092,1.95E-05,0.000155171,0.000167179,4.19E-05,0.105597237,0.142780845,0.006877948,0.000231217,1.289719316,,,,0,0,0,0,0,0,0,0
15,93,15093,4.39E-06,3.49E-05,1.04E-05,2.61E-06,0.05965975,0.359177423,0.003885866,0.000130631,3.998369811,,0.318152261,,0,0,0,0,0,0,0,0
15,94,15094,1.23E-06,9.81E-06,6.75E-05,1.69E-05,0.03740878,0.41225073,0.002436576,8.19E-05,1.148649891,,,,0,0,0,0,0.351,0.0241,0,0
15,95,15095,0.000127998,0.001016868,0.000235361,5.90E-05,0.155791488,0.286656515,0.01014729,0.000341122,3.114056338,,0.074322948,,0,0,0,0,0,0,0.02929805,0
15,96,15096,6.22E-06,4.94E-05,6.45E-05,1.62E-05,0.072037544,0.387640768,0.004692078,0.000157734,6.013530741,,,,0,0,0,0,0.5048,0.0347,0,0
15,97,15097,1.22E-06,9.72E-06,2.40E-05,6.02E-06,0.034164705,2.123768593,0.002225277,7.48E-05,1.689201741,,0.538075975,,0,0,0,0,0,0,0,0
15,98,15098,1.56E-06,1.24E-05,2.43E-05,6.08E-06,0.010679859,0.097676382,0.00069562,2.34E-05,1.148649891,,,,0,0,0,0,0,0,0.001675551,0
15,99,15099,6.38E-05,0.000506925,0.000797315,0.00019976,0.46580664,0.812489775,0.030339751,0.001019934,13.94271345,,1.995018,,0,0,0,0,0.5521,0.0379,0.988039355,3.739534367
15,100,15100,7.71E-06,6.12E-05,3.28E-05,8.21E-06,0.063166213,0.097275785,0.004114255,0.000138309,1.554055735,,,,0,0,0,0,0,0,0,0
15,101,15101,9.99E-05,0.000793968,0.000195325,4.89E-05,0.150040628,2.218432504,0.009772715,0.00032853,6.013520016,,0.72284253,,0,0,0,0,0,0,0.001621933,0
15,102,15102,6.06E-06,4.81E-05,1.19E-05,2.98E-06,0.031801041,1.138902294,0.002071322,6.96E-05,1.421887526,,0.05579179,,0,0,0,0,0,0,0.00067022,0
15,103,15103,1.33E-05,0.000105271,7.72E-05,1.93E-05,0.098488897,0.171960026,0.006414955,0.000215652,1.830271166,,0.71678257,,0,0,0,0,0,0,0.004523988,0
15,104,15104,0.000751663,0.005971506,0.002694759,0.000675147,1.452328488,0.156723167,0.094595657,0.00318003,0.002967072,,0.519302867,,0,0,0,0,0.6665,0.0458,1.775918993,0
15,105,15105,6.65E-07,5.28E-06,1.04E-05,2.61E-06,0.070519594,3.475433711,0.004593208,0.00015441,0.472973484,,1.08622611,,0,0,0,0,0,0,0,0
15,106,15106,0.000725802,0.005766057,0.002823844,0.000707488,1.729321733,9.749780254,0.112637276,0.003786536,21.89488264,,1.205663795,,0.499646998,41.44374,6.458,0,0.9267,0.0637,1.774033624,9.198280656
15,107,15107,1.45E-06,1.15E-05,7.23E-05,1.81E-05,0.023382927,0.154595748,0.001523019,5.12E-05,1.891893938,,0.04792786,,0,0,0,0,0,0,0.000810967,0
15,108,15108,2.63E-05,0.000208656,0.000141216,3.54E-05,0.258370175,0.09287336,0.016828628,0.000565729,1.418920453,,,,0,0,0,0,0.2839,0.0195,0,0
15,109,15109,0.000331216,0.002631311,0.000747574,0.000187298,1.091125913,0.259450908,0.071069165,0.002389138,0.067567641,,0.426753822,,0,0,0,0,0.2169,0.0149,0.634987836,0
15,110,15110,7.25E-06,5.76E-05,0.000350372,8.78E-05,0.116081931,1.941755647,0.007560856,0.000254174,2.500002703,,3.26647069,,0,0,0,0,0,0,0.017658045,3.909919238
15,111,15111,1.09E-06,8.68E-06,2.86E-05,7.17E-06,0.094659327,7.138497768,0.006165521,0.000207267,4.459464282,,1.699068,,0,0,0,0,0,0,0,0
15,112,15112,5.07E-06,4.03E-05,4.03E-05,1.01E-05,0.090502314,4.17328595,0.005894759,0.000198165,2.975953985,,1.45322732,,0,0,0,0,0,0,0.00359998,0
15,113,15113,2.99E-06,2.38E-05,6.62E-05,1.66E-05,0.115470414,2.629919165,0.007521026,0.000252835,6.41892586,,1.593633545,,0,0,0,0,0,0,0.005763896,0
15,114,15114,6.13E-06,4.87E-05,3.30E-05,8.27E-06,0.175726501,13.14283616,0.011445733,0.000384772,15.00001622,,0.29098109,,0,0,0,0,0,0,0.004611116,0
15,115,15115,7.60E-06,6.04E-05,6.31E-05,1.58E-05,0.103701969,1.300243225,0.006754502,0.000227067,1.621623375,,0.011795895,,0,0,0,0,0,0,0.01675551,0
15,116,15116,2.61E-07,2.08E-06,1.46E-05,3.65E-06,0.008574246,0.175540587,0.000558473,1.88E-05,0,,,,0,0,0,0,0,0,1.680839068,0
15,117,15117,9.38E-07,7.45E-06,2.26E-05,5.65E-06,0.028465889,1.404283498,0.001854091,6.23E-05,1.08108225,,0.267954845,,0,0,0,0,0,0,0.292010572,0
15,118,15118,2.91E-05,0.000230918,0.000245066,6.14E-05,0.316015389,3.819358433,0.02058328,0.00069195,7.570542823,,1.15814825,,0,0,0,0,0,0,0.163867594,0
15,119,15119,3.44E-07,2.74E-06,1.41E-05,3.53E-06,0.035897336,1.854563636,0.002338129,7.86E-05,0.675676406,,0.1765893,,0,0,0,0,0,0,0,0
15,120,15120,2.21E-05,0.000175547,0.000219589,5.50E-05,0.303036921,0.389311101,0.019737943,0.000663532,10.8108225,,0.013370895,,0,0,0,0,0.138,0.0095,0.059012907,6.584525602
15,121,15121,0.000392128,0.00311522,0.001436186,0.000359823,1.137406022,0.168454077,0.074083563,0.002490473,0.945946969,,,,0,0,0,0,0.6586,0.0452,0.326786631,0
15,122,15122,5.94E-05,0.000471551,0.000674054,0.000168878,0.740067577,0,0.048203405,0.001620458,0.611075838,,,,0,0,0,0,0,0,0.000965117,0
15,123,15123,1.90E-06,1.51E-05,2.33E-05,5.84E-06,0.061021568,1.447232754,0.003974566,0.000133613,2.972976188,,0.493185935,,0,0,0,0,0,0,0,0
15,124,15124,1.35E-06,1.08E-05,1.89E-05,4.74E-06,0.186931137,4.433397479,0.012175533,0.000409306,13.04055464,,1.443681795,,0,0,0,0,0,0,0,0
15,125,15125,1.12E-06,8.87E-06,5.82E-06,1.46E-06,0.019633592,0.465644824,0.00127881,4.30E-05,2.297299781,,,,0,0,0,0,0,0,0,0
16,1,16001,2.49E-06,1.98E-05,4.90E-05,5.05E-06,0.033193258,0.97461641,0.00142429,4.79E-05,2.840807979,,0.29208183,,0,0,0,0,0,0,0,0.383685754
16,2,16002,3.61E-06,2.87E-05,0.000103247,1.06E-05,0.051047308,0.742431316,0.00219039,7.36E-05,4.864870125,,8.47441996,,0,0,0,0,0,0,0,1.113398967
16,3,16003,1.06E-06,8.40E-06,2.60E-05,2.67E-06,0.059227122,0.408827162,0.002541378,8.54E-05,20.34973884,,,,0,0,0,0,0,0,0,1.458220288
16,4,16004,1.44E-06,1.14E-05,5.19E-05,5.35E-06,0.038236106,0.336249541,0.001640674,5.52E-05,12.70272716,,,,0,0,0,0,0.4326,0.0297,0,1.142614298
16,5,16005,2.22E-06,1.76E-05,4.37E-05,4.50E-06,0.033268967,0.999828861,0.001427539,4.80E-05,0.405405844,,0.255804939,,0,0,0,0,0.1636,0.0112,0,0.017287971
16,6,16006,1.96E-05,0.00015602,0.001475551,0.000152039,0.37453016,2.456270699,0.016070721,0.000540251,23.44893837,,2.32624625,,0,0,0,0,0.1227,0.0084,0.025492383,3.799735303
16,7,16007,6.41E-07,5.09E-06,6.49E-06,6.69E-07,0.008587982,0.268692039,0.000368502,1.24E-05,0.878379328,,0.209519145,,0,0,0,0,0.2389,0.0164,0,0.070358023
16,8,16008,3.32E-07,2.64E-06,4.48E-05,4.62E-06,0.069684776,2.90409082,0.002990105,0.000100519,1.148649891,,,,0,0,0,0,0,0,0.450887561,0.339058665
16,9,16009,3.97E-06,3.15E-05,0.000198235,2.04E-05,0.105498208,2.398639514,0.004526824,0.000152179,18.04946127,,13.19910317,,0,0,0,0,0,0,0,0
16,10,16010,2.43E-06,1.93E-05,0.000178175,1.84E-05,0.067818396,1.732465415,0.002910021,9.78E-05,1.016481682,,1.5415666,,0,0,0,0,1.7088,0.1174,0,0
16,11,16011,2.14E-06,1.70E-05,5.90E-05,6.08E-06,0.031267628,0.12138146,0.001341663,4.51E-05,13.10812228,0.007074486,,,0,0,0,0,0,0,0,1.311205523
16,12,16012,3.43E-06,2.73E-05,0.000258413,2.66E-05,0.125185721,1.248224799,0.005371596,0.000180577,27.77920152,0.270599107,0.0966,,0,0,0,0,0,0,0.001778821,3.761138902
16,13,16013,9.38E-07,7.45E-06,3.78E-05,3.89E-06,0.029262998,0.936663389,0.001255646,4.22E-05,1.013514609,,,,0,0,0,0,0,0,0,0.619150605
16,14,16014,1.61E-06,1.28E-05,9.50E-05,9.79E-06,0.036484934,0.713080519,0.001565533,5.26E-05,4.935404838,,,,0,0,0,0,0,0,0,0.755712178
16,15,16015,3.42E-06,2.72E-05,8.50E-05,8.75E-06,0.057498992,0.953947078,0.002467225,8.29E-05,1.216228256,,13.76033989,,0,0,0,0,0,0,0.000500294,0.490763964
16,16,16016,8.28E-06,6.57E-05,3.30E-05,3.40E-06,0.060507584,1.022775842,0.002596321,8.73E-05,13.73406566,,2.3770216,,0,0,0,0,0.2647,0.0182,0.005316611,1.35958504
16,17,16017,2.23E-06,1.77E-05,2.83E-05,2.92E-06,0.103707537,2.520416032,0.004449988,0.000149596,10.68458844,,,,0,0,0,0,0.5983,0.0411,0.006519698,0.943333573
16,18,16018,2.97E-07,2.36E-06,1.18E-05,1.22E-06,0.025362362,0.337966215,0.001088274,3.66E-05,3.24324675,,,,0,0,0,0,0,0,0,0.175157974
16,19,16019,7.02E-06,5.57E-05,0.000159886,1.65E-05,0.056830782,0.373080759,0.002438553,8.20E-05,6.421892932,3.47887871,0.66866467,,0,0,0,0,0,0,0,0.277143604
16,20,16020,7.16E-06,5.69E-05,0.000217114,2.24E-05,0.083483481,0.801488859,0.003582194,0.000120423,5.611081245,,0.3201393,,0,0,0,0,0,0,0.012426635,0.375912867
16,21,16021,1.08E-05,8.59E-05,4.42E-05,4.56E-06,0.035507306,1.473722461,0.001523584,5.12E-05,1.354319885,,3.86942264,,0,0,0,0,0,0,0,0.471465764
16,22,16022,2.34E-06,1.86E-05,3.78E-05,3.89E-06,0.063279175,1.002339883,0.002715247,9.13E-05,5.948919448,,0.36174078,,0,0,0,0,0.2496,0.0171,0.008576461,0.652922456
16,23,16023,1.66E-06,1.32E-05,3.60E-05,3.71E-06,0.03015175,0.09989458,0.001293782,4.35E-05,10.4729843,,,,0,0,0,0,0.2819,0.0194,0.000651176,0.26561829
16,24,16024,7.20E-06,5.72E-05,0.000107377,1.11E-05,0.051478517,2.162082158,0.002208893,7.43E-05,2.432435063,,2.48111191,,0,0,0,0,0,0,0,0.224207568
16,25,16025,3.33E-05,0.000264593,0.000119767,1.23E-05,0.100603486,3.017153188,0.004316797,0.000145118,2.09459686,,8.076515615,,0,0,0,0,0,0,0.000719681,0.058564678
16,26,16026,3.32E-07,2.64E-06,1.59E-05,1.64E-06,0.016622963,0.73019391,0.000713275,2.40E-05,0.678643479,,,,0,0,0,0,0,0,0,0.236268943
16,27,16027,2.85E-07,2.26E-06,1.42E-05,1.46E-06,0.016830338,0.23782977,0.000722173,2.43E-05,3.178646182,,,,0,0,0,0,0,0,0,0.151303254
16,28,16028,1.25E-06,9.90E-06,3.42E-05,3.53E-06,0.016738171,0.096151714,0.000718218,2.41E-05,12.09460767,,,,0,0,0,0,0,0,0,0.477630467
16,29,16029,1.82E-06,1.44E-05,7.20E-05,7.42E-06,0.043973497,1.576206593,0.001886859,6.34E-05,0.81377876,,,,0,0,0,0,0,0,0,0.888789353
16,30,16030,1.89E-06,1.50E-05,4.72E-05,4.86E-06,0.038548815,0.144768834,0.001654092,5.56E-05,18.44896514,,,,0,0,0,0,0.3336,0.0229,0,0.513814593
16,31,16031,6.77E-07,5.38E-06,2.12E-05,2.19E-06,0.052696437,1.400243717,0.002261152,7.60E-05,11.28379599,,,,0,0,0,0,0,0,0.001238822,0.395881144
16,32,16032,1.91E-06,1.52E-05,2.48E-05,2.55E-06,0.041587032,1.308127566,0.001784459,6.00E-05,4.391950266,,3.27865842,,0,0,0,0,0.4519,0.031,0,0
16,33,16033,2.28E-06,1.81E-05,0.000149266,1.54E-05,0.067031685,0.887149612,0.002876264,9.67E-05,5.878384735,0.408551592,,,0,0,0,0,0.3594,0.0247,0,1.510352233
16,34,16034,7.15E-05,0.00056805,0.000726861,7.49E-05,0.362792044,6.110673697,0.01556705,0.000523319,9.729740251,,2.631752702,,0,0,0,0,0,0,0.008862382,1.130150877
16,35,16035,3.88E-06,3.08E-05,0.000259593,2.67E-05,0.102357949,3.199059543,0.004392079,0.000147649,5.810838544,,,,0,0,0,0,0.6715,0.0461,0.056028905,0.790556151
16,36,16036,1.64E-06,1.30E-05,6.02E-05,6.20E-06,0.034710721,0.110272447,0.001489403,5.01E-05,2.432435063,,,,0,0,0,0,0,0,1.67E-05,0.216702712
16,37,16037,1.20E-06,9.53E-06,1.71E-05,1.76E-06,0.023440023,0.356123902,0.001005788,3.38E-05,1.827293369,,,,0,0,0,0,0,0,0,0.787875845
16,38,16038,5.98E-06,4.75E-05,0.00036756,3.79E-05,0.130748653,1.76028409,0.005610296,0.000188602,7.635143391,,0.00135,,0,0,0,0,0,0,0.110406047,1.068637862
16,39,16039,2.49E-07,1.98E-06,1.06E-05,1.09E-06,0.024605276,0.452946718,0.001055788,3.55E-05,2.09459686,,0.32482342,,0,0,0,0,0.1033,0.0071,0.005654111,0.119273601
16,40,16040,5.83E-06,4.63E-05,0.000121537,1.25E-05,0.047874132,0.644185777,0.002054232,6.91E-05,13.78974356,,0.03145572,,0,0,0,0,0.2561,0.0176,0.017137039,0.912912104
16,41,16041,4.19E-06,3.33E-05,3.78E-05,3.89E-06,0.03541514,0.421310624,0.001519629,5.11E-05,4.532966067,,,,0,0,0,0,0.2001,0.0137,0.007482007,0.064997412
16,42,16042,1.18E-06,9.34E-06,4.60E-05,4.74E-06,0.040477737,0.139098866,0.00173686,5.84E-05,10.00595568,,,,0,0,0,0,0,0,0.009652489,0.519175204
16,43,16043,3.75E-05,0.000297891,0.000410039,4.22E-05,0.210285414,0.260476693,0.00902314,0.000303332,6.554071866,,,,0,0,0,0,0,0,0.108933671,0.28947301
16,44,16044,1.20E-06,9.53E-06,4.37E-05,4.50E-06,0.040069569,0.322954889,0.001719346,5.78E-05,7.702711032,,0.28831144,,0,0,0,0,0.1657,0.0114,0.012834198,0.93006606
16,45,16045,1.12E-05,8.87E-05,0.00038113,3.93E-05,0.100004401,0.353125316,0.00429109,0.000144254,2.702705625,,,,0,0,0,0,0,0,0.008833363,0.772330073
16,46,16046,7.84E-07,6.23E-06,4.19E-05,4.32E-06,0.038301939,0.419025225,0.001643499,5.52E-05,0.067567641,,0.03145572,,0,0,0,0,0,0,0,0.234794775
16,47,16047,1.97E-06,1.57E-05,5.19E-05,5.35E-06,0.060277167,1.13775774,0.002586434,8.69E-05,0.337848928,,0.762019245,,0,0,0,0,0,0,0.138291456,0.406200321
16,48,16048,6.17E-07,4.91E-06,1.59E-05,1.64E-06,0.015230584,0.17348859,0.000653529,2.20E-05,0.540541125,,0.03145572,,0,0,0,0,0.2238,0.0154,0,0.15679788
16,49,16049,8.31E-07,6.60E-06,6.02E-05,6.20E-06,0.050033472,1.576547768,0.002146887,7.22E-05,1.219184604,,3.971855925,,0,0,0,0,0,0,0,1.308391203
16,50,16050,1.11E-05,8.78E-05,0.000342191,3.53E-05,0.23420273,2.910607696,0.010049409,0.000337832,22.03001792,,0.03190572,,0,0,0,0,1.0201,0.0701,0.006957824,1.478322581
16,51,16051,6.13E-06,4.87E-05,8.91E-05,9.18E-06,0.03484568,0.112153004,0.001495194,5.03E-05,2.837840907,,,,0,0,0,0,0,0,0,0.236670989
16,52,16052,9.55E-05,0.000758312,0.002487965,0.000256356,0.530657633,2.934313959,0.022769997,0.000765461,6.830265848,,,,0,0,0,547.4,0.7769,0.0534,1.345640057,0.378861203
16,53,16053,0.000245714,0.001952047,0.009489902,0.000977826,2.356313177,4.179606329,0.10110708,0.003398925,8.657580667,,8.26257617,,0.38200015,14.69754,2.166,0,0.9448,0.0649,1.718113607,2.933058472
16,54,16054,1.20E-06,9.53E-06,1.89E-05,1.95E-06,0.026198447,0.550392046,0.00112415,3.78E-05,2.370801567,,0.03145572,,0,0,0,0,0,0,0,0.633356225
16,55,16055,5.62E-06,4.46E-05,0.00039765,4.10E-05,0.128961273,1.200760241,0.005533601,0.000186024,7.773245745,,,,0,0,0,0,0.8802,0.0605,0.032593767,1.576823813
16,56,16056,1.90E-05,0.000150832,5.66E-05,5.84E-06,0.085353153,3.880755834,0.00366242,0.00012312,2.908386344,,0.78923718,,0,0,0,0,0,0,0,0.494114346
16,57,16057,6.65E-07,5.28E-06,3.07E-05,3.16E-06,0.024341942,0.77318679,0.001044489,3.51E-05,0.135135281,,,,0,0,0,0,0,0,0,0.064327336
16,58,16058,2.24E-05,0.000177999,0.000312102,3.22E-05,0.053588481,0.708634145,0.002299429,7.73E-05,7.776212817,,0.30523358,,0,0,0,0,0,0,0.000438476,0
16,59,16059,1.78E-07,1.41E-06,2.06E-05,2.13E-06,0.024476901,0.642523177,0.00105028,3.53E-05,1.824326297,1.146066804,1.9987754,,0,0,0,0,0.5574,0.0383,0,0.778494776
16,60,16060,9.14E-07,7.26E-06,3.66E-05,3.77E-06,0.03074096,0.1502188,0.001319064,4.43E-05,4.864870125,,,,0,0,0,0,0,0,0.010851605,0.622098941
16,61,16061,2.45E-06,1.94E-05,3.24E-05,3.34E-06,0.073256244,3.33998489,0.003143353,0.00010567,1.216217531,,0.755833613,,0,0,0,0,0.2496,0.0171,0.008211167,0.018628124
16,62,16062,2.83E-06,2.25E-05,0.000132157,1.36E-05,0.058183661,0.351942109,0.002496604,8.39E-05,22.77030562,,,,0,0,0,0,0,0,0,1.816041092
16,63,16063,1.40E-06,1.11E-05,4.25E-05,4.38E-06,0.049549595,0.684250953,0.002126124,7.15E-05,2.300266854,,0.31604576,,0,0,0,0,0.3013,0.0207,0.002183821,0.103191767
16,64,16064,1.64E-06,1.30E-05,9.20E-05,9.48E-06,0.073094952,1.223171813,0.003136432,0.000105438,10.54055194,,2.13162436,,0,0,0,0,0.226,0.0155,0,2.191819944
16,65,16065,2.76E-05,0.000219127,0.000295582,3.05E-05,0.104586414,2.620316575,0.0044877,0.000150863,1.9624501,,3.59512707,,0,0,0,0,0,0,0.004458965,0.462352724
16,66,16066,2.58E-05,0.00020526,0.001094421,0.000112768,0.269838412,4.059132653,0.011578501,0.000389235,5.619982461,,4.18452181,,0,0,0,0,0.792,0.0544,0.106151118,0
16,67,16067,1.21E-06,9.62E-06,3.36E-05,3.47E-06,0.051165808,0.490604146,0.002195474,7.38E-05,13.99244648,,,,0,0,0,0,0,0,0,1.97149882
16,68,16068,1.99E-06,1.58E-05,0.000162246,1.67E-05,0.070586695,0.729254639,0.003028806,0.00010182,7.972981595,1.904805476,1.300145325,,0,0,0,0,0,0,0.001441322,0.672086641
16,69,16069,3.76E-05,0.000298646,0.000833648,8.59E-05,0.305233802,0.369879977,0.013097282,0.000440292,15.33785442,,,,0,0,0,0,0.3788,0.026,0.039147596,0.995331503
16,70,16070,1.34E-05,0.000106781,9.32E-05,9.61E-06,0.048762885,0.091134487,0.002092367,7.03E-05,3.581084953,,3.9607883,,0,0,0,0,0,0,0,0.003216367
16,71,16071,9.14E-06,7.26E-05,0.00036815,3.79E-05,0.201197098,1.241521558,0.00863317,0.000290222,28.10814923,,0.161,,0,0,0,0,0,0,0.033013692,4.002232395
16,72,16072,1.70E-06,1.35E-05,7.32E-05,7.54E-06,0.039035983,0.592066605,0.001674996,5.63E-05,9.192166198,,0.38644899,,0,0,0,0,0,0,0,0.907417477
16,73,16073,4.06E-05,0.000322323,0.000307382,3.17E-05,0.075102874,1.214418427,0.00322259,0.000108334,0.411361438,,1.09613599,,0,0,0,0,0,0,0,0
16,74,16074,1.70E-06,1.35E-05,4.48E-05,4.62E-06,0.030125417,0.263500089,0.001292652,4.35E-05,2.567570344,,,,0,0,0,0,0,0,0,0.278483757
16,75,16075,1.23E-05,9.76E-05,0.000447798,4.61E-05,0.163599577,1.732487999,0.007019897,0.000235988,5.546480676,4.265915328,3.340395275,,0,0,0,0,0.0861,0.0059,0.000543566,0.710012966
16,76,16076,3.67E-05,0.00029176,0.000680252,7.01E-05,0.204844274,0.313732454,0.008789666,0.000295483,2.702705625,0.012380351,,,0,0,0,0,0,0,0.052809936,0.373634607
16,77,16077,1.95E-06,1.55E-05,8.02E-05,8.27E-06,0.051310642,0.741852748,0.002201689,7.40E-05,2.705672697,,,,0,0,0,0,0,0,0,0.865738725
16,78,16078,1.45E-06,1.15E-05,3.78E-05,3.89E-06,0.037390145,0.172305167,0.001604374,5.39E-05,9.59460497,,,,0,0,0,0,0,0,0,0.113376929
16,79,16079,1.31E-05,0.000104045,0.000233044,2.40E-05,0.124708428,3.900073329,0.005351116,0.000179889,6.71295445,0.061901756,9.48551899,,0,0,0,0,0.3142,0.0216,0,0
16,80,16080,2.49E-07,1.98E-06,4.13E-06,4.26E-07,0.051741851,1.485929673,0.002220192,7.46E-05,4.594599563,,0.173585565,,0,0,0,0,0.2346,0.0161,0.006523669,0.33436813
16,81,16081,1.66E-07,1.32E-06,7.08E-06,7.29E-07,0.024078608,0.845912029,0.001033189,3.47E-05,0.002967072,,0.01572786,,0,0,0,0,0,0,0,0.177570249
16,82,16082,7.85E-06,6.24E-05,0.00039234,4.04E-05,0.198359673,4.546846861,0.008511418,0.000286129,11.76272506,5.677982823,2.59558603,,0,0,0,0,0,0,0.013364984,1.79821706
16,83,16083,1.91E-06,1.52E-05,0.000103247,1.06E-05,0.084658609,2.885249684,0.003632618,0.000122118,32.29733222,,5.127482015,,0,0,0,0,0,0,0,2.429563055
16,84,16084,4.18E-06,3.32E-05,8.85E-05,9.12E-06,0.077005463,1.573009376,0.003304229,0.000111079,4.25676136,,2.295144755,,0,0,0,0,0,0,0,0.042482845
16,85,16085,1.07E-05,8.53E-05,0.000166376,1.71E-05,0.095254513,0.965487333,0.004087277,0.000137402,11.96246091,,0.47635609,,0,0,0,0,0,0,0.008320178,0.366665813
16,86,16086,1.44E-06,1.14E-05,6.90E-05,7.11E-06,0.047347464,0.172144334,0.002031633,6.83E-05,13.17568992,,,,0,0,0,0,0.1184,0.0081,0,1.486229482
16,87,16087,4.29E-06,3.41E-05,2.71E-05,2.80E-06,0.038891149,0.65013163,0.001668781,5.61E-05,0.408415816,3.747709195,0.27221144,,0,0,0,0,0.3078,0.0211,0.000595588,0.336110328
16,88,16088,6.15E-06,4.89E-05,8.50E-05,8.75E-06,0.182888797,1.083448629,0.007847578,0.000263813,10.75215608,,,,0,0,0,0,0,0,0.087040744,1.133501259
16,89,16089,4.89E-06,3.89E-05,0.000237764,2.45E-05,0.070583403,0.624539488,0.003028664,0.000101815,17.77028949,2.68830485,0.92805,,0,0,0,0,0,0,0.044054361,3.495922658
16,90,16090,8.61E-06,6.84E-05,0.000135106,1.39E-05,0.043377703,1.313622672,0.001861295,6.26E-05,5.21162027,,2.47342601,,0,0,0,0,0.1636,0.0112,0.001191175,0.34857375
16,91,16091,5.02E-06,3.99E-05,8.38E-05,8.63E-06,0.039276275,0.434830712,0.001685306,5.67E-05,13.04055464,0.698605537,4.50388377,,0,0,0,0,0.6284,0.0432,0,0.111902761
16,92,16092,7.72E-07,6.13E-06,6.49E-05,6.69E-06,0.042936619,1.284325972,0.001842368,6.19E-05,0.810811688,,,,0,0,0,0,0,0,0,0.201022924
16,93,16093,1.29E-05,0.000102819,6.96E-05,7.17E-06,0.085234652,3.025746366,0.003657335,0.000122949,2.297299781,,0.054490545,,0,0,0,0,0,0,0,0.010587207
16,94,16094,9.38E-07,7.45E-06,1.53E-05,1.58E-06,0.020849474,0.193032096,0.00089463,3.01E-05,2.570537416,,,,0,0,0,0,0,0,0,0.234794775
16,95,16095,5.65E-06,4.49E-05,6.43E-05,6.63E-06,0.031014169,0.12059136,0.001330787,4.47E-05,1.891893938,2.147106637,0.6747286,,0,0,0,0,0.3142,0.0216,0,0.253288884
16,96,16096,3.09E-07,2.45E-06,1.18E-05,1.22E-06,0.026451906,0.963784599,0.001135025,3.82E-05,1.486488094,,1.22025915,,0,0,0,0,0,0,0,0.234124698
16,97,16097,3.51E-06,2.79E-05,0.000175225,1.81E-05,0.099270358,3.450028395,0.004259593,0.000143195,4.054058438,2.744900742,0.89123086,,0,0,0,0,0,0,0.000238235,0.924973479
16,98,16098,1.99E-06,1.58E-05,0.000120947,1.25E-05,0.081139808,1.252778271,0.003481629,0.000117042,2.638105057,,1.714737885,,0,0,0,0,0.099,0.0068,0.008175432,0.639386913
16,99,16099,5.94E-07,4.72E-06,4.84E-05,4.98E-06,0.047972883,1.566545512,0.002058469,6.92E-05,1.554055735,,0.37746864,,0,0,0,0,0,0,0,0.98434225
16,100,16100,1.91E-05,0.000151587,6.96E-05,7.17E-06,0.040658779,0.927693014,0.001744628,5.86E-05,1.689191016,,1.60164065,,0,0,0,0,0,0,0.050632882,0
16,101,16101,7.12E-08,5.66E-07,4.13E-06,4.26E-07,0.029694207,1.165114121,0.001274149,4.28E-05,0.675676406,,0.10223109,,0,0,0,0,0,0,0,0.646757753
16,102,16102,0.000116623,0.000926501,0.003558197,0.000366632,0.948562204,5.90676202,0.040701871,0.001368278,25.68759318,0.424469187,7.48630715,,0,0.92781,0.16,0,0.2001,0.0137,0.223979852,2.529672471
16,103,16103,4.35E-06,3.45E-05,0.000159296,1.64E-05,0.067377311,0.226895051,0.002891094,9.72E-05,30.40840536,,,,0,0,0,0,0,0,0.006889394,1.459560441
16,104,16104,8.19E-07,6.51E-06,3.30E-05,3.40E-06,0.047587756,0.410296006,0.002041944,6.86E-05,6.557028213,0.028297946,,,0,0,0,0,0.3981,0.0273,0,1.283196329
16,105,16105,3.80E-07,3.02E-06,7.26E-05,7.48E-06,0.056672782,0.159060502,0.002431773,8.17E-05,17.6351542,,,,0,0,0,0,0.3056,0.021,0,2.306537026
16,106,16106,1.28E-05,0.000101309,0.000177585,1.83E-05,0.085221485,0.280005984,0.00365677,0.00012293,11.68921255,,,,0,0,0,0,0.6241,0.0429,0.000289177,0.824193987
16,107,16107,4.71E-05,0.000373826,0.000448978,4.63E-05,0.23526265,1.115591976,0.010094889,0.000339361,10.62295494,,11.80256628,,0,0,0,0,0.4024,0.0276,0.072332971,1.675191031
16,108,16108,7.49E-05,0.000595217,0.001409473,0.00014523,0.577494887,0.582914469,0.024779738,0.000833022,19.87084194,,,,0,0,0,0,0.5639,0.0387,0.109557426,0.931540228
16,109,16109,1.47E-06,1.17E-05,1.65E-05,1.70E-06,0.009799319,0.06216474,0.000420479,1.41E-05,4.529998995,,,,0,0,0,0,0,0,0,0.317348189
16,110,16110,6.23E-06,4.95E-05,0.000216524,2.23E-05,0.129797359,1.604050058,0.005569477,0.00018723,30.01487853,,0.70621615,,0,0,0,0,0.4627,0.0318,0.013650866,1.484085238
16,111,16111,1.58E-06,1.25E-05,7.73E-05,7.96E-06,0.04775234,0.945988598,0.002049006,6.89E-05,2.705672697,0.668538969,5.45123004,,0,0,0,0,0.5983,0.0411,0.00047647,0.384623861
16,112,16112,2.52E-05,0.000200544,0.000913886,9.42E-05,0.45176604,8.514663438,0.019384836,0.000651662,2.370812292,,0.734276025,,0,0,0,0,0.3831,0.0263,0.023889596,1.190457754
16,113,16113,2.45E-06,1.94E-05,0.000123307,1.27E-05,0.074576206,0.430568915,0.003199992,0.000107574,21.95948321,,,,0,0,0,0,0.2389,0.0164,0,2.449397317
17,1,17001,1.31E-06,1.04E-05,0,1.07E-05,0,0.58499396,0.002095616,7.04E-05,2.300266854,0.332324001,,,0,0,0,0,0.2237,0.0154,0.006725146,0.241216172
17,2,17002,1.39E-06,1.10E-05,0,8.94E-06,0,0.220100318,0.001994345,6.70E-05,5.337854335,,,,0,0,0,0,0.1506,0.0103,0.018186045,0.300673667
17,3,17003,7.30E-06,5.80E-05,0,1.78E-05,0,1.008718128,0.004321881,0.000145289,10.00002154,1.73324918,,,0,0,0,0,0.2093,0.0144,0.001259773,0.86497211
17,4,17004,3.73E-05,0.000296382,0,2.99E-05,0,1.81893879,0.009942771,0.000334247,16.28974626,2.601996115,,,0,0,0,0,0.1577,0.0108,0.003538278,1.387540753
17,5,17005,6.77E-07,5.38E-06,0,7.42E-06,0,0.455751783,0.001102963,3.71E-05,1.554055735,,,,0,0,0,0,0,0,0.001157195,0.153075663
17,6,17006,5.03E-05,0.000399673,0,0.000289913,0,0.83292342,0.023392877,0.0007864,8.716225641,2.649395175,,,0,0,0,0,0.1979,0.0136,0.046544209,0.857502576
17,7,17007,0.000115863,0.000920464,0,0.000833264,0,0.705006215,0.050781082,0.001707112,0.282138851,,0.455436951,,0.216688457,0,0,0,0.2925,0.0201,1.131555814,0.117321491
17,8,17008,2.33E-05,0.000184979,0,4.48E-05,0,0.537987432,0.010753927,0.000361516,1.016481682,0.262286585,,,0,0,0,0,0.2222,0.0153,0.873206993,0.02440048
17,9,17009,2.80E-06,2.23E-05,0,3.23E-05,0,0.577909049,0.002143073,7.20E-05,2.09459686,,2.860413033,,0,0,0,0,0.2653,0.0182,0,0.139032938
17,10,17010,3.32E-06,2.64E-05,0,9.67E-06,0,0.273830364,0.001968215,6.62E-05,4.935404838,0.20869735,,,0,0,0,0,0,0,0,0.413712625
17,11,17011,0.000194989,0.001549073,0,0.000170033,0,0.698142348,0.02656236,0.000892949,0.270270563,0.113545507,0.11944751,,0,0,0,0,0.1377,0.0095,0.259001369,0.03515661
17,12,17012,1.07E-05,8.51E-05,0,0.000101886,0,0.449403263,0.00716693,0.000240931,3.786765673,2.597928286,,,0,0,0,0,0,0,0.011624173,0.354255129
17,13,17013,2.36E-06,1.88E-05,0,9.54E-06,0,0.478709263,0.001937566,6.51E-05,4.327296073,,,,0,0,0,0,0.0832,0.0057,0,0.578639949
17,14,17014,1.21E-06,9.62E-06,0,5.65E-06,0,0.291264588,0.001224573,4.12E-05,1.756758656,0.66942328,,,0,0,0,0,0,0,0.000331519,0.171600109
17,15,17015,4.52E-06,3.59E-05,0,1.05E-05,0,1.387673984,0.003174709,0.000106724,1.824326297,0.787213479,,,0,0,0,0,0,0,0.005215762,0.543582934
17,16,17016,2.32E-06,1.84E-05,0,3.10E-06,0,1.308371353,0.00220522,7.41E-05,4.797302485,,0.17502288,,0,0,0,0,0,0,0,0.523066612
17,17,17017,1.05E-05,8.36E-05,0,5.60E-05,0,2.391442741,0.008266645,0.0002779,4.941349708,1.025800535,,,0,0,0,0,0.4015,0.0276,0.143229664,0.434029759
17,18,17018,1.86E-05,0.000147814,0,8.44E-05,0,1.760482523,0.014527222,0.000488363,0.61404291,,0.43772611,,0,7.57341,0.848,0,0,0,0.068350935,0.071408751
17,19,17019,3.88E-06,3.08E-05,0,2.36E-05,0,1.251326255,0.003213833,0.00010804,7.770278673,0.206575004,,,0,0,0,0,0.1448,0.0099,0,1.129991199
17,20,17020,4.68E-06,3.72E-05,0,5.42E-05,0,1.270466102,0.005441935,0.000182942,2.972976188,,2.302016722,,0,0,0,0,0.2767,0.019,0.003049581,0.233447856
17,21,17021,1.48E-06,1.18E-05,0,8.63E-06,0,0.13096443,0.000893359,3.00E-05,0.878379328,0.117436475,,,0,0,0,0,0,0,0,0.067624187
17,22,17022,2.87E-06,2.28E-05,0,7.48E-06,0,2.175596034,0.002539541,8.54E-05,0.337848928,,0.147871265,,0,0,0,0,0,0,0,0.341307936
17,23,17023,5.11E-07,4.06E-06,0,8.51E-07,0,0.633744289,0.000830789,2.79E-05,1.486488094,,1.67946763,,0,0,0,0,0,0,0,0.506334854
17,24,17024,6.54E-06,5.20E-05,0,3.93E-05,0,0.989728777,0.006356904,0.000213701,2.711606842,4.846023216,0.07938358,,0,0,0,0,0.4588,0.0315,0.010202068,0.459724958
17,25,17025,3.69E-06,2.93E-05,0,1.57E-05,0,1.206236199,0.004157475,0.000139762,2.306211723,2.971284308,,,0,0,0,0,0.0703,0.0048,0.001215571,0.647260074
17,26,17026,3.05E-06,2.42E-05,0,2.14E-05,0,0.504699442,0.002142226,7.20E-05,1.959461578,0.212234593,0.1269393,,0,0,0,0,0.1678,0.0115,0,0.2616329
17,27,17027,1.72E-06,1.37E-05,0,4.44E-06,0,0.643663665,0.001536154,5.16E-05,2.027029219,0.017686216,0.04792786,,0,0,0,0,0.1921,0.0132,0,0.383635299
17,28,17028,1.59E-05,0.000126307,0,5.12E-05,0,1.140801962,0.008266221,0.000277886,1.283785172,0.723719964,,,0,0,0,0,0,0,0.066082646,0.134252436
17,29,17029,1.93E-05,0.000153662,0,0.000153011,0,0.78332784,0.012170731,0.000409144,9.59460497,2.582187553,0.303523203,,0,0,0,0,0.2667,0.0183,0.036312659,0.498068569
17,30,17030,2.86E-05,0.000227333,0,1.69E-05,0,1.106252284,0.005897583,0.00019826,6.894866417,,,,0,0,0,0,0,0,2.32E-05,1.075314205
17,31,17031,2.09E-05,0.000165736,0,4.42E-05,0,0.185790603,0.00479123,0.000161067,0.472973484,0.939314938,,,0,0,0,0,0.1262,0.0087,0.125187393,0.065831499
17,32,17032,2.10E-06,1.67E-05,0,9.00E-06,0,0.508400507,0.001116664,3.75E-05,4.121647528,,,,0,0,0,0,0,0,0,0.213827878
17,33,17033,1.39E-05,0.000110176,0,4.80E-06,0,0.815743145,0.001802114,6.06E-05,2.097563932,,,,0,0,0,0,0,0,0,0.304557825
18,1,18001,0,4.86E-05,0,2.98E-05,0,1.121329132,0.004857614,0.000163299,17.22974836,,0.24489825,,0,0,0,0,0.7236,0.0497,0,4.12101069
18,2,18002,0,2.17E-05,0,1.04E-05,0,0.359456132,0.001901972,6.39E-05,8.111083948,0.86662459,,,0,0,0,0,0.3716,0.0255,0,1.525329654
18,3,18003,0,4.81E-06,0,4.07E-06,0,0.378358915,0.001397595,4.70E-05,8.381354511,,5.70179959,,0,0,0,0,0,0,0,1.453657157
18,4,18004,0,9.11E-05,0,0.000175322,0,1.557733385,0.008679215,0.00029177,32.2357309,1.757567727,11.32258007,,0,0,0,0,0.5509,0.0378,0,6.38106237
18,5,18005,0,2.83E-06,0,2.43E-06,0,1.524455081,0.001567086,5.27E-05,0.285138099,,,,0,0,0,0,0,0,0,0.718619394
18,6,18006,0,4.41E-05,0,4.15E-05,0,0.309261656,0.0036329,0.000122127,5.135140688,,0.72678183,,0,0,0,0,0.5203,0.0357,0,0.942477544
18,7,18007,0,3.27E-05,0,1.03E-05,0,1.209941432,0.002255926,7.58E-05,1.762692801,,2.96465215,,0,0,0,0,0,0,0,1.197909482
18,8,18008,0,4.08E-05,0,2.94E-05,0,0.930036089,0.006351113,0.000213506,3.783809325,13.27783832,3.05952079,,0,0.12402,0.049,0,0.352,0.0242,0,2.954990733
18,9,18009,0,2.17E-06,0,3.10E-06,0,1.359040998,0.004609451,0.000154956,0.008944117,,6.9166152,,0,0,0,0,0,0,0,0.407301853
18,10,18010,0,7.73E-06,0,1.48E-05,0,1.630188219,0.004431768,0.000148983,40.4849172,,1.72279798,,0,0,0,0,0.9226,0.0634,0,5.614450819
18,11,18011,0,3.10E-05,0,2.20E-05,0,1.096231675,0.002862281,9.62E-05,1.557022807,,0.0805,,0,0,0,0,0.2077,0.0143,0,1.349779398
18,12,18012,0,3.57E-05,0,4.29E-05,0,2.069487713,0.005085156,0.000170948,24.25978223,0.606637213,1.2817716,,0,0,0,0.1,0,0,0,4.416541337
18,13,18013,0,4.53E-06,0,2.25E-06,0,0.139360149,0.000968924,3.26E-05,5.472978891,3.431125927,1.10132234,,0,0,0,0,0.4569,0.0314,0,1.701195648
18,14,18014,0,8.96E-06,0,9.73E-06,0,0.959196589,0.00292358,9.83E-05,14.05407998,20.64335145,9.03231574,,0,0,0,0,0,0,0,4.616087672
18,15,18015,0,6.30E-05,0,6.77E-05,0,1.787921093,0.011414942,0.000383737,63.04953138,4.642631731,0.82263755,,0,0,0,0,0.7739,0.0532,0,16.38805845
18,16,18016,0,2.91E-05,0,3.12E-05,0,0.849061151,0.005062557,0.000170188,34.32436144,,,,0,0,0,0,0,0,0,10.74961155
18,17,18017,0,0.000926784,0,0.000503229,0,2.924576737,0.049953118,0.001679278,10.75813312,15.02886215,6.84376224,,0.062891284,0,0,0,1.2745,0.0875,0,4.113117243
18,18,18018,0,4.47E-05,0,4.16E-05,0,0.245190433,0.003785725,0.000127265,17.36488364,,,,0,0,0,0,0,0,0,7.251551679
18,19,18019,0,0,0,1.82E-07,0,1.494131524,0.001621888,5.45E-05,5.945952376,,5.66183364,,0,0,0,0,0,0,0,0.686729869
18,20,18020,0,9.24E-05,0,0.000781166,0,0.939883323,0.013218186,0.000444357,12.83785172,,,,0,0,0,0,0,0,0,3.274517458
19,1,19001,0,0,0,1.82E-07,0.038787141,0.000768505,0.000393219,1.32E-05,0,,,,0,0,0,0,0.1316,0.009,0.140819595,0.000390808
19,2,19002,8.31E-07,6.60E-06,0,1.34E-06,0.04696532,0.002193722,0.000476129,1.60E-05,4.662167204,,,,0,0,0,0,0,0,0.017414732,0.815504617
19,3,19003,2.37E-08,1.89E-07,0,1.22E-07,0.022040681,0.004961496,0.000223446,7.51E-06,2.229732141,,,,0,0,0,0,0.4279,0.0294,0,0.221197323
19,4,19004,6.29E-06,5.00E-05,0,2.18E-05,0.426268448,0.083524814,0.004321458,0.000145275,5.743249454,,,,0,0,0,0,0,0,0.002835677,0.147613761
19,5,19005,1.21E-05,9.59E-05,0,1.12E-05,0.24892595,0.037865788,0.002523581,8.48E-05,16.01353083,,,,0,0,0,0,1.3621,0.0936,0,1.31108823
19,6,19006,0.000804833,0.006393912,0,0.00016979,6.808508566,0.059709298,0.069023831,0.00232038,2.500002703,,,,0,79.43832,8.981,0,0.4025,0.0276,0.192380795,0.18669456
19,7,19007,1.20E-06,9.53E-06,0,4.01E-06,0.200985378,1.510351989,0.002037565,6.85E-05,3.040543828,,1.75305091,,0,0,0,0,0,0,0,0.357573121
19,8,19008,7.72E-07,6.13E-06,0,2.19E-06,0.045906476,0.00775546,0.000465394,1.56E-05,1.486488094,,,,0,0,0,0,0.5114,0.0351,0,0.062534861
19,9,19009,7.90E-05,0.000627666,0,5.91E-05,1.027650249,0.13504566,0.010418193,0.000350229,36.0811201,,,,0,0,0,0,1.1266,0.0774,0.0495394,1.805978438
19,10,19010,3.65E-05,0.000290062,0,2.74E-06,0.101008179,0.034116623,0.001024009,3.44E-05,0.540541125,,,,0,0,0,0,0.3063,0.021,0.002090778,0.019707889
19,11,19011,7.36E-07,5.85E-06,0,6.75E-06,0.107430906,0.00762428,0.001089121,3.66E-05,3.851355516,,,,0,0,0,0,0,0,0.699180803,0.27417972
19,12,19012,2.65E-05,0.000210448,0,7.29E-06,0.221646776,0.015974866,0.002247028,7.55E-05,1.824326297,,,,0,0,0,0,0,0,0.003024406,0.010719305
19,13,19013,4.19E-06,3.33E-05,0,8.69E-06,0.145340321,0.01638334,0.001473442,4.95E-05,10.20271374,,,,0,0,0,0,0,0,0.000177131,1.644185046
19,14,19014,9.78E-06,7.77E-05,0,8.57E-06,0.455776769,2.652460299,0.004620609,0.000155331,8.428838391,,0.14452786,,0,0,0,0,0,0,0.005578153,1.53648953
19,15,19015,1.19E-08,9.43E-08,0,0,0.021566988,0.013961392,0.000218643,7.35E-06,4.054058438,,,,0,0,0,0,0.5139,0.0353,0,0.482201231
19,16,19016,2.73E-06,2.17E-05,0,3.40E-06,0.043579805,0.011624998,0.000441807,1.49E-05,4.189193719,,,,0,0,0,0,0,0,0,0.193952423
19,17,19017,1.06E-06,8.40E-06,0,5.90E-06,0.540442521,2.336613985,0.00547894,0.000184186,16.1315387,,2.641059275,,0,0,0,0,0,0,0.348251589,1.587280611
19,18,19018,0.00011426,0.000907729,0,2.22E-05,0.897036224,0.2258512,0.009094044,0.000305715,1.013514609,,,,0,0,0,0,1.2557,0.0862,1.455175866,0.03891331
19,19,19019,0.000127594,0.001013661,0,0.000362255,1.675370423,0.008052171,0.016984701,0.000570976,0.067567641,,2.52E-05,,0,0,0,0,0,0,1.320355005,0
19,20,19020,1.28E-06,1.02E-05,0,7.60E-06,0.073171718,0.017744558,0.000741806,2.49E-05,6.824331704,,,,0,0,0,0,0,0,0,1.198161469
19,21,19021,0.000210686,0.001673776,0,0.000122129,4.650541961,8.58359712,0.047146628,0.001584932,0.337838203,,,,0,0,0,0,0.5114,0.0351,1.033714244,0.011947559
19,22,19022,1.75E-06,1.39E-05,0,6.63E-06,0.188418568,0.075505384,0.001910165,6.42E-05,34.2567938,,,,0,0,0,0,0,0,0,2.327429073
19,23,19023,7.12E-08,5.66E-07,0,4.26E-07,0.019867264,0.000449209,0.000201412,6.77E-06,1.554055735,,,,0,0,0,0,0,0,2.48E-05,0.194622379
19,24,19024,7.24E-07,5.75E-06,0,2.01E-06,0.081921116,0.750131105,0.000830506,2.79E-05,0.202702922,,1.9664325,,0,0,0,0,0,0,0,0.112078149
19,25,19025,0.000100238,0.000796327,0,7.96E-06,0.104783795,0.017940126,0.001062285,3.57E-05,2.905408547,,,,0,0,0,0,0,0,0,0.156155707
19,26,19026,0.000533401,0.004237548,0,0.000426146,9.800942053,0.152848801,0.099360757,0.003340218,0.067567641,,,,0,0,0,0,0.4025,0.0276,0.512125613,0.040085734
19,27,19027,2.37E-07,1.89E-06,0,1.52E-06,0.024576335,0.004817868,0.000249152,8.38E-06,2.297299781,,,,0,0,0,0,0.5696,0.0391,0,0.053764014
19,28,19028,4.16E-07,3.30E-06,0,7.29E-07,0.020591736,0.002985968,0.000208757,7.02E-06,0.675676406,,,,0,0,0,0,0,0,0,0.039415777
19,29,19029,1.92E-06,1.53E-05,0,3.40E-06,0.091186005,0.10372348,0.000924433,3.11E-05,3.313781463,,,,0,0,0,0,0,0,0,0.23250284
19,30,19030,6.29E-07,5.00E-06,0,7.29E-07,0.049626363,0.33022596,0.000503106,1.69E-05,0.270270563,,0.00786393,,0,0,0,0,0,0,0,0.010719305
19,31,19031,5.82E-05,0.000462684,0,7.04E-05,2.57686494,0.388445951,0.026123943,0.000878211,2.770273266,,,,0,0,0,0,0.2279,0.0156,0.010350037,0.034446933
19,32,19032,1.13E-06,8.96E-06,0,3.16E-06,0.059239556,0.014937018,0.000600563,2.02E-05,1.554055735,,,,0,0,0,0,1.9089,0.1311,0.680015516,0.051391251
19,33,19033,7.03E-05,0.00055824,0,3.56E-05,0.999980974,1.245723477,0.010137685,0.000340799,14.75052589,,0.0786393,,0,0,0,0,0.8127,0.0558,1.517247791,1.984132168
19,34,19034,9.86E-07,7.83E-06,0,1.82E-06,0.08084834,0.004823032,0.000819631,2.76E-05,1.148649891,,,,0,0,0,0,0,0,0,0.116404951
19,35,19035,4.75E-08,3.77E-07,0,3.04E-07,0.014085416,0.001642644,0.000142796,4.80E-06,0.067567641,,,,0,0,0,0,0,0,0,0.016358106
19,36,19036,8.31E-08,6.60E-07,0,4.86E-07,0.096703141,0.650484818,0.000980365,3.30E-05,1.554055735,,,,0,0,0,0,0,0,0,0.251233708
19,37,19037,4.75E-07,3.77E-06,0,9.73E-07,0.077741468,0.076754951,0.000788134,2.65E-05,1.995066445,,,,0,0,0,0,0.5544,0.0381,0.162532036,0.029338514
19,38,19038,2.74E-05,0.000217712,0,3.79E-05,0.756613957,0.388319384,0.00767046,0.000257858,35.47598913,,,,0,0,0,0,1.4178,0.0974,0.029452066,1.129770071
19,39,19039,0.000928165,0.007373709,0,0.002046048,15.90204506,0.223579931,0.161212997,0.00541951,2.500002703,,0.051482528,,0.300492671,0,0,0,0.719,0.0494,9.102393968,0
19,40,19040,1.19E-08,9.43E-08,0,5.47E-07,0.012622539,0.001138279,0.000127966,4.30E-06,2.635137985,,,,0,0,0,0,0,0,0.004217404,0.031739192
19,41,19041,1.52E-05,0.000120836,0,2.37E-06,0.180463303,0.078595919,0.001829515,6.15E-05,10.20271374,,,,0,0,0,0,0.7494,0.0515,0,0.725897928
19,42,19042,4.04E-07,3.21E-06,0,8.51E-07,0.082185827,0.055676754,0.00083319,2.80E-05,15.81082791,,,,0,0,0,0,0.9165,0.0629,0,0.949440098
19,43,19043,2.14E-07,1.70E-06,0,1.34E-06,0.035875319,0.245621035,0.0003637,1.22E-05,2.229742866,,0.03145572,,0,0,0,0,0,0,0,0.118079843
19,44,19044,2.77E-05,0.000219787,0,2.89E-05,0.442819858,0.019634332,0.004489254,0.000150916,6.827309501,,,,0,0,0,0,0,0,0.097881138,0.168572235
19,45,19045,1.71E-05,0.000136023,0,5.90E-06,0.456473377,0.086901015,0.004627672,0.000155569,5.475945963,,0.70430646,,0,0,0,0,1.2127,0.0833,0.005008167,0.165674673
19,46,19046,0.000579981,0.004607601,0,0.000407483,6.538990879,0.022871545,0.066291493,0.002228526,0,,0.01572786,,0,0,0,0,0,0,0.872030133,0
19,47,19047,2.67E-06,2.12E-05,0,4.32E-06,0.225659238,0.01802783,0.002287706,7.69E-05,0.202702922,,,,0,0,0,0,0.1747,0.012,0.034944142,0.000893275
19,48,19048,0.000428485,0.003404056,0,0.000114105,3.863862397,0.139534709,0.039171367,0.001316827,0.067567641,,0.078664465,,0,0,0,0,0.3393,0.0233,3.997343971,0.015743979
19,49,19049,1.19E-05,9.45E-05,0,7.79E-05,0.539383677,0.228653721,0.005468206,0.000183825,0.675676406,,58.28281383,,0,0,0,0,0,0,0.06762174,0.054657289
19,50,19050,0,0,0,1.03E-06,0.024938571,0.003093993,0.000252824,8.50E-06,4.662167204,,,,0,0,0,0,0,0,0,0.220432456
19,51,19051,5.34E-07,4.24E-06,0,2.37E-06,0.057052206,0.010663358,0.000578388,1.94E-05,2.435402135,,0.058979475,,0,0,0,0,0.4912,0.0337,0.132273325,0.034706541
20,1,20001,3.56E-08,2.83E-07,0,1.82E-07,0.00011494,0.160988249,0.000145339,4.89E-06,0.067567641,,0.07077537,,0,0,0,0,0,0,0,1.04E-05
20,2,20002,1.00E-05,7.96E-05,0,1.81E-05,0.004574574,4.500016399,0.005784448,0.000194456,9.671148902,26.52932418,1.57773426,,0,0,0,0,0.459,0.0315,4.63E-05,1.222695988
20,3,20003,2.37E-08,1.89E-07,0,6.69E-07,0.000224518,0.284751009,0.000283898,9.54E-06,0,,0.87861365,,0,0,0,0,0,0,0,6.66E-05
20,4,20004,1.54E-07,1.23E-06,0,7.29E-07,7.87E-05,0.082235691,9.96E-05,3.35E-06,0.002967072,,,,0,0,0,0,0,0,0,0.010070477
20,5,20005,3.21E-06,2.55E-05,0,6.69E-06,0.00165618,0.755167024,0.002094204,7.04E-05,1.089983467,,,,0,0,0,0,0.2044,0.014,0,0.381065067
20,6,20006,5.98E-06,4.75E-05,0,2.83E-05,0.001626468,0.601663205,0.002056633,6.91E-05,2.312135143,,,,0,0,0,0,0,0,0.008263513,0.17911503
20,7,20007,5.46E-07,4.34E-06,0,6.08E-08,0.000343367,0.423293968,0.00043418,1.46E-05,0.270270563,,,,0,0,0,0,0,0,0,0.038844856
20,8,20008,9.50E-08,7.55E-07,0,6.08E-08,7.62E-05,0.085126067,9.63E-05,3.24E-06,0,,,,0,0,0,0,0,0,0,0
20,9,20009,3.68E-07,2.92E-06,0,2.07E-06,0.000786705,1.068763373,0.000994771,3.34E-05,0.608108766,,,,0,0,0,0,0,0,0,0.505978866
20,10,20010,8.47E-06,6.73E-05,0,3.71E-06,0.001543921,0.598196316,0.001952255,6.56E-05,0.138102354,,,,0,0,0,0,0.2412,0.0166,0.429587959,0.090931176
20,11,20011,4.75E-08,3.77E-07,0,1.22E-07,0.000111253,0.119786876,0.000140678,4.73E-06,0.067567641,,,,0,0,0,0,0,0,0,0.017433617
20,12,20012,9.50E-08,7.55E-07,0,1.03E-06,0.000956601,1.366590341,0.001209601,4.07E-05,0,,0.43450944,,0,0,0,0,0,0,0,0.096044667
20,13,20013,6.77E-07,5.38E-06,0,8.51E-07,0.000261602,0.124913962,0.00033079,1.11E-05,2.297299781,,,,0,0,0,0,0,0,4.86E-05,0.125384305
20,14,20014,7.04E-06,5.59E-05,0,4.59E-05,0.002803566,0.757442638,0.003545047,0.000119174,0.273237635,,,,0,0,0,0,0.4707,0.0323,0.004333985,0.139515914
20,15,20015,3.56E-08,2.83E-07,0,6.08E-08,0.000517954,0.666624433,0.000654942,2.20E-05,0.202702922,,,,0,0,0,0,0,0,0,0.09985321
20,16,20016,2.37E-07,1.89E-06,0,9.73E-07,0.000970787,1.222428372,0.001227539,4.13E-05,0,,,,0,0,0,0,0,0,0,0.03878467
20,17,20017,7.12E-08,5.66E-07,0,0,0.000356101,0.515432539,0.000450281,1.51E-05,0.337838203,,1.43926935,,0,0,0,0,0,0,0,0.22053854
20,18,20018,5.94E-08,4.72E-07,0,0,8.95E-05,0.099558454,0.000113135,3.80E-06,0.273237635,,,,0,0,0,0,0,0,0,0.031749693
20,19,20019,4.75E-08,3.77E-07,0,1.22E-07,0.00032516,0.422499925,0.000411157,1.38E-05,0,,,,0,0,0,0,0,0,0,0.006269002
20,20,20020,3.21E-07,2.55E-06,0,4.86E-07,0.000447918,0.423863029,0.000566383,1.90E-05,0.276204707,,,,0,0,0,0,0,0,0,0
20,21,20021,5.08E-06,4.04E-05,0,1.01E-05,0.001589942,0.980177825,0.002010447,6.76E-05,0.675676406,14.14897289,0.36737685,,0,0,0,0,0.1122,0.0077,0.0156449,0.637391024
20,22,20022,8.31E-08,6.60E-07,0,2.43E-07,0.000119073,0.1354326,0.000150565,5.06E-06,0.002967072,,,,0,0,0,0,0,0,0,0.016285049
20,23,20023,1.94E-06,1.54E-05,0,7.78E-06,0.001806864,0.729495584,0.00228474,7.68E-05,0.743244047,,,,0,0,0,0,0,0,0,0.231972711
20,24,20024,1.19E-07,9.43E-07,0,1.22E-07,0.000410722,0.539401376,0.000519349,1.75E-05,0,,,,0,0,0,0,0,0,0,0.001677686
20,25,20025,1.60E-06,1.27E-05,0,1.22E-05,0.001137221,0.759706041,0.001437991,4.83E-05,1.148649891,,,,0,0,0,0,0,0,0,0.235945254
20,26,20026,7.60E-07,6.04E-06,0,9.85E-06,0.000804577,0.934159625,0.00101737,3.42E-05,0.743244047,,,,0,0,0,0,0,0,0,0.137910164
20,27,20027,3.56E-08,2.83E-07,0,1.82E-07,0.000264618,0.304347987,0.000334604,1.12E-05,0,,,,0,0,0,0,0,0,0,0.003364772
20,28,20028,3.55E-06,2.82E-05,0,1.14E-05,0.001813454,1.849112548,0.002293073,7.71E-05,1.830260442,,1.67704795,,0,0,0,0,0,0,0,0.405286556
20,29,20029,2.02E-07,1.60E-06,0,6.08E-07,0.000456966,0.530692735,0.000577823,1.94E-05,0,,,,0,0,0,0,0,0,0,0.00777751
20,30,20030,1.31E-06,1.04E-05,0,1.19E-05,0.000968106,1.128168988,0.001224149,4.12E-05,0.337838203,,,,0,0,0,0,0.067,0.0046,0,0.106949865
20,31,20031,2.61E-07,2.08E-06,0,2.49E-06,0.000784695,0.902855864,0.000992229,3.34E-05,0,,0.11795895,,0,0,0,0,0,0,0,8.28E-05
20,32,20032,2.37E-08,1.89E-07,0,2.43E-07,8.62E-05,0.106334116,0.000109039,3.67E-06,0,,,,0,0,0,0,0,0,0,0.021740746
20,33,20033,3.51E-06,2.79E-05,0,6.69E-07,0.000277464,0.031206113,0.000350847,1.18E-05,0.067567641,,,,0,0,0,0,0.0519,0.0036,0,0.056231062
20,34,20034,1.07E-07,8.49E-07,0,1.22E-07,0.000118402,0.063949334,0.000149717,5.03E-06,0,,,,0,0,0,0,0,0,0.000180583,0.013536691
20,35,20035,9.50E-08,7.55E-07,0,6.08E-07,4.91E-05,0.015523556,6.21E-05,2.09E-06,0,,,,0,0,0,0,0,0,0.004325882,8.79E-06
20,36,20036,8.31E-08,6.60E-07,0,1.82E-07,0.000591676,0.636712302,0.000748162,2.52E-05,0,,,,0,0,0,0,0,0,0,0.345485601
20,37,20037,1.54E-07,1.23E-06,0,9.73E-07,0.000422897,0.438836891,0.000534744,1.80E-05,0.135135281,,4.8622283,,0,0,0,0,0,0,0,0
20,38,20038,1.57E-06,1.25E-05,0,5.47E-07,0.000207986,0.216337374,0.000262994,8.84E-06,0,,,,0,0,0,0,0,0,0,9.51E-06
20,39,20039,1.21E-05,9.57E-05,0,9.50E-05,0.00623243,0.894941994,0.00788077,0.000264928,0.951881113,,1.30930695,,0,0,0,0,0,0,0.051236148,0.086368189
20,40,20040,3.32E-07,2.64E-06,0,1.82E-07,0.000615022,0.761471645,0.000777682,2.61E-05,0,,,,0,0,0,0,0,0,0,0.014431863
20,41,20041,3.99E-06,3.17E-05,0,1.97E-05,0.003663323,3.559148283,0.004632191,0.000155721,0,,0.1572786,,0,0,0,0,0,0,0,0.047454558
20,42,20042,2.30E-06,1.83E-05,0,6.14E-06,0.000795194,0.844510861,0.001005506,3.38E-05,0.141069426,,0.07077537,,0,0,0,0,0,0,0.003969347,0.000249466
20,43,20043,4.63E-05,0.000367695,0,0.0001214,0.010236327,1.750977724,0.01294361,0.000435126,1.62757897,,,,0,0,0,0,0.5343,0.0367,0.016357785,0.71206512
20,44,20044,5.75E-06,4.57E-05,0,3.67E-05,0.004209314,2.069940139,0.005322585,0.00017893,5.61109197,5.659589158,,,0,0,0,0,0.2898,0.0199,0.003635964,0.66721919
20,45,20045,7.20E-06,5.72E-05,0,2.01E-06,0.000815412,0.117562474,0.001031071,3.47E-05,0.273237635,,,,0,0,0,0,0,0,0,0.089202201
20,46,20046,4.99E-07,3.96E-06,0,2.25E-06,0.000371627,0.331582868,0.000469914,1.58E-05,0.746221844,,,,0,0,0,0,0,0,1.39E-05,0.148554926
20,47,20047,4.75E-08,3.77E-07,0,0,1.14E-05,0.014566558,1.44E-05,4.84E-07,0.002977797,,,,0,0,0,0,0,0,0,0.010952413
20,48,20048,2.37E-08,1.89E-07,0,0,0.000121418,0.015971003,0.000153531,5.16E-06,0,,,,0,0,0,0,0,0,0,0.039236438
20,49,20049,1.19E-08,9.43E-08,0,1.22E-07,0.000114269,0.136657766,0.000144491,4.86E-06,0.270270563,,,,0,0,0,0,0,0,0,0.043543831
20,50,20050,7.48E-07,5.94E-06,0,1.82E-07,0.000369169,0.534746452,0.000466807,1.57E-05,0.002967072,,,,0,0,0,0,0,0,0,0.019279529
20,51,20051,2.49E-07,1.98E-06,0,4.26E-07,0.000514045,0.771165515,0.000649998,2.19E-05,0.202702922,,0.0786393,,0,0,0,0,0,0,0,0.06649049
20,52,20052,9.62E-07,7.64E-06,0,3.34E-06,0.000677351,0.529705179,0.000856495,2.88E-05,0.405405844,,,,0,0,0,0,0,0,0.039909045,0.128995389
20,53,20053,2.26E-07,1.79E-06,0,7.90E-07,0.000135939,0.077995396,0.000171892,5.78E-06,0.070545438,,,,0,0,0,0,0,0,0,0.043245175
20,54,20054,5.94E-08,4.72E-07,0,0,4.51E-05,0.050947994,5.71E-05,1.92E-06,0.135135281,,,,0,0,0,0,0,0,0,0.027483584
20,55,20055,8.31E-07,6.60E-06,0,3.71E-06,0.000329404,0.244724165,0.000416524,1.40E-05,0.202702922,,,,0,0,0,0,0,0,0,0.038394977
20,56,20056,2.14E-07,1.70E-06,0,4.26E-07,0.000132588,0.152569627,0.000167655,5.64E-06,0,,,,0,0,0,0,0,0,0,0.016014531
20,57,20057,5.41E-06,4.30E-05,0,5.09E-05,0.004144528,5.484507237,0.005240664,0.000176176,2.029996291,,,,0,0,0,0,0.6097,0.0419,0.001808142,0.811137808
20,58,20058,1.19E-07,9.43E-07,0,3.65E-07,0.001451099,1.933575436,0.001834882,6.17E-05,0,,,,0,0,0,0,0,0,0,0.016269329
20,59,20059,6.95E-06,5.52E-05,0,3.50E-05,0.003457236,2.608638585,0.004371599,0.00014696,1.489455166,,0.61118779,,0,0,0,0,0,0,0.000752428,0
20,60,20060,5.94E-08,4.72E-07,0,2.43E-07,0.000264618,0.338373939,0.000334604,1.12E-05,0,,0.3145572,,0,0,0,0,0,0,0,4.55E-05
20,61,20061,2.02E-07,1.60E-06,0,6.08E-07,0.000218486,0.231524536,0.00027627,9.29E-06,0.202702922,,,,0,0,0,0,0,0,0,0
20,62,20062,1.19E-07,9.43E-07,0,1.22E-07,5.82E-05,0.032752593,7.36E-05,2.47E-06,0,,,,0,0,0,0,0,0,0.140817956,1.73E-06
20,63,20063,8.91E-07,7.07E-06,0,3.71E-06,0.000418206,0.022177293,0.000528812,1.78E-05,0.205669994,,,,0,0,0,0,0,0,0.003020893,0.073695584
20,64,20064,1.07E-07,8.49E-07,0,6.08E-08,0.000780115,0.829497994,0.000986438,3.32E-05,0.472973484,,,,0,0,0,0,0,0,0,0
20,65,20065,2.49E-07,1.98E-06,0,1.22E-07,0.000135492,0.148513937,0.000171327,5.76E-06,0.002967072,,,,0,0,0,0,0,0,0,0.019812793
20,66,20066,8.79E-07,6.98E-06,0,3.10E-06,0.000552805,0.425211973,0.000699009,2.35E-05,2.905408547,,,,0,0,0,0,0,0,0,0.342789386
20,67,20067,7.00E-05,0.000555882,0,0.000732169,0.02940555,11.28256963,0.037182671,0.001249973,0.135135281,,0.22465572,,0.282931934,12.17502,1.97,0,0.2395,0.0165,0.754665623,0.028115531
20,68,20068,6.95E-06,5.52E-05,0,1.89E-05,0.00221323,1.046049315,0.00279858,9.41E-05,3.043510901,,,,0,0,0,0,0.0536,0.0037,0.070395121,0.317494048
20,69,20069,1.19E-08,9.43E-08,0,0,0.000241719,0.329680466,0.000305649,1.03E-05,0.067567641,,,,0,0,0,0,0,0,0,0.118962373
20,70,20070,4.51E-07,3.58E-06,0,6.69E-07,0.000784471,1.062634477,0.000991947,3.33E-05,0,,,,0,0,0,0,0,0,0,0.019727634
20,71,20071,1.19E-08,9.43E-08,0,7.29E-07,0.000359452,0.529241823,0.000454519,1.53E-05,0,,,,0,0,0,0,0,0,0,0.106234443
20,72,20072,1.07E-07,8.49E-07,0,1.22E-07,0.0007141,0.815159194,0.000902964,3.04E-05,0.675676406,,,,0,0,0,0,0,0,0,0.144336835
20,73,20073,3.41E-06,2.71E-05,0,2.60E-05,0.003378599,3.05334651,0.004272164,0.000143618,0.619977055,,0.6328358,,0,0,0,0,0,0,0,0
20,74,20074,3.68E-07,2.92E-06,0,6.08E-08,5.23E-05,0.067555284,6.61E-05,2.22E-06,0,,0.04156965,,0,0,0,0,0,0,0,0
20,75,20075,5.94E-07,4.72E-06,0,2.92E-06,0.000306394,0.133481411,0.000387428,1.30E-05,1.151616963,,,,0,0,0,0,0.134,0.0092,0,0.193228749
20,76,20076,8.31E-08,6.60E-07,0,8.51E-07,0.000328734,0.313670744,0.000415677,1.40E-05,0.070534713,,,,0,0,0,0,0,0,0,0
20,77,20077,4.75E-07,3.77E-06,0,6.69E-07,0.000416754,0.181629256,0.000526976,1.77E-05,0.675676406,,,,0,0,0,0,0,0,0.019483374,0.072834106
20,78,20078,1.19E-07,9.43E-07,0,2.43E-07,0.000102541,0.015083306,0.000129661,4.36E-06,0.405405844,,,,0,0,0,0,0,0,0,0.052393566
20,79,20079,4.95E-05,0.000393636,0,0.000115686,0.008611087,0.706710988,0.010888531,0.000366041,0.951881113,,,,0,0,0,452.3,0.0754,0.0052,0.334199768,0.027490821
20,80,20080,2.85E-07,2.26E-06,0,6.08E-08,0.000154817,0.190487122,0.000195762,6.58E-06,0.138102354,,,,0,0,0,0,0,0,0,0.074243798
20,81,20081,2.37E-07,1.89E-06,0,4.26E-07,0.000176375,0.196021524,0.000223022,7.50E-06,0.202702922,,,,0,0,0,0,0,0,0,0.015198012
20,82,20082,1.42E-07,1.13E-06,0,1.16E-06,0.000507566,0.634375798,0.000641806,2.16E-05,0.070534713,,,,0,0,0,0,0,0,0,0.056263439
20,83,20083,2.01E-06,1.59E-05,0,6.50E-06,0.000663276,0.14071398,0.000838698,2.82E-05,0.070534713,,,,0,0,0,0,0,0,0,0.013783659
20,84,20084,7.60E-07,6.04E-06,0,3.95E-06,0.000352861,0.037605266,0.000446185,1.50E-05,0,,,,0,0,0,0,0,0,0,0.016994625
20,85,20085,3.56E-08,2.83E-07,0,8.51E-07,0.001913426,2.739630638,0.002419485,8.13E-05,0,,0.62666218,,0,0,0,0,0,0,0,0.18185704
20,86,20086,2.37E-07,1.89E-06,0,4.86E-07,0.000101536,0.099243948,0.000128389,4.32E-06,0,,,,0,0,0,0,0,0,0,0.011198535
20,87,20087,2.36E-06,1.88E-05,0,7.36E-06,0.000338899,0.091839714,0.00042853,1.44E-05,0.202702922,,,,0,0,0,0,0,0,0,0.01354871
20,88,20088,8.79E-07,6.98E-06,0,7.29E-07,0.000263836,0.302653083,0.000333615,1.12E-05,0.002977797,,3.72225046,,0,0,0,0,0,0,0,0
20,89,20089,2.36E-06,1.88E-05,0,0,0.000225746,0.257259178,0.000285451,9.60E-06,0.135135281,,,,0,0,0,0,0,0,0,0.035820955
20,90,20090,6.89E-07,5.47E-06,0,3.16E-06,0.000614352,0.777793957,0.000776834,2.61E-05,0.273237635,,,,0,0,0,0,0,0,0,0.027026292
20,91,20091,7.12E-07,5.66E-06,0,3.53E-06,0.000529236,0.069293311,0.000669207,2.25E-05,0.002967072,,0.010015983,,0,0,0,0,0,0,0,0.060538456
20,92,20092,1.54E-07,1.23E-06,0,0,0.000141189,0.131474253,0.000178531,6.00E-06,0.135135281,,,,0,0,0,0,0,0,0,0.054978002
20,93,20093,4.75E-08,3.77E-07,0,3.04E-07,5.91E-05,0.068835483,7.47E-05,2.51E-06,0.002967072,,,,0,0,0,0,0,0,0,0.037410491
20,94,20094,9.50E-08,7.55E-07,0,1.82E-07,0.000223512,0.309596767,0.000282626,9.50E-06,0.002967072,,,,0,0,0,0,0,0,0,0.037061818
20,95,20095,5.70E-07,4.53E-06,0,3.65E-07,0.000485114,0.682890747,0.000613416,2.06E-05,0,,,,0,0,0,0,0,0,0,0
20,96,20096,1.19E-07,9.43E-07,0,4.86E-07,6.56E-05,0.016532433,8.29E-05,2.79E-06,2.435402135,,,,0,0,0,0,0,0,0,0.07457486
20,97,20097,1.66E-07,1.32E-06,0,1.82E-07,0.000184864,0.233124396,0.000233756,7.86E-06,0,,,,0,0,0,0,0,0,0,2.10E-05
20,98,20098,9.50E-08,7.55E-07,0,1.22E-07,0.000488019,0.736463051,0.000617089,2.07E-05,0,,,,0,0,0,0,0,0,0,0.014680931
20,99,20099,2.97E-07,2.36E-06,0,0,5.13E-05,0.045641483,6.48E-05,2.18E-06,0.067567641,,,,0,0,0,0,0,0,0,0.002297135
20,100,20100,5.94E-08,4.72E-07,0,7.29E-07,3.69E-05,0.046903798,4.66E-05,1.57E-06,0,,,,0,0,0,0,0,0,0,1.17E-05
20,101,20101,7.12E-08,5.66E-07,0,1.82E-07,7.77E-05,0.107660127,9.83E-05,3.30E-06,0,,,,0,0,0,0,0,0,0,0.031561446
20,102,20102,2.49E-07,1.98E-06,0,7.29E-07,0.000468024,0.143519646,0.000591806,1.99E-05,0.138102354,,0.052325,,0,0,0,0,0,0,0,0.054116524
20,103,20103,1.64E-06,1.30E-05,0,4.13E-06,0.000550682,0.099928101,0.000696326,2.34E-05,0.135135281,,,,0,0,0,0,0,0,0,0.122643236
20,104,20104,1.54E-07,1.23E-06,0,6.08E-07,0.000293883,0.378291604,0.000371609,1.25E-05,1.07E-05,,,,0,0,0,0,0,0,0,0.064219319
20,105,20105,0,0,0,1.22E-07,0.000731302,1.090009321,0.000924715,3.11E-05,0.067567641,,,,0,0,0,0,0,0,0,0.089424199
20,106,20106,3.56E-08,2.83E-07,0,0,3.49E-05,0.04473489,4.41E-05,1.48E-06,0,,,,0,0,0,0,0,0,0,0.009639765
20,107,20107,1.08E-05,8.55E-05,0,1.29E-05,0.001638643,0.292783399,0.002072028,6.97E-05,0,,,,0,0,0,0,0,0,0.004982231,0.013392078
20,108,20108,1.31E-07,1.04E-06,0,3.04E-07,0.00046445,0.565252722,0.000587287,1.97E-05,0.002967072,,,,0,0,0,0,0,0,0,0.111209065
20,109,20109,4.75E-08,3.77E-07,0,0,0.000138062,0.085245492,0.000174576,5.87E-06,0.405416569,0.516437511,,,0,0,0,0,0.2831,0.0194,0,0.001823368
20,110,20110,1.19E-08,9.43E-08,0,1.82E-07,0.000146551,0.202969581,0.00018531,6.23E-06,0,,,,0,0,0,0,0,0,0,0.006850386
20,111,20111,1.66E-07,1.32E-06,0,4.26E-07,0.000452945,0.622579055,0.000572739,1.93E-05,0,,,,0,0,0,0,0,0,0,0.02141412
20,112,20112,2.52E-06,2.00E-05,0,1.09E-06,0.000299804,0.402980883,0.000379095,1.27E-05,0.005934144,,,,0,0,0,0,0,0,0,0.162036306
20,113,20113,1.42E-07,1.13E-06,0,9.12E-07,0.000312091,0.472543138,0.000394632,1.33E-05,0,,0.05506965,,0,0,0,0,0,0,0,0.021966834
20,114,20114,9.50E-08,7.55E-07,0,1.22E-07,7.41E-05,0.083110693,9.36E-05,3.15E-06,0,,,,0,0,0,0,0,0,0,8.71E-06
20,115,20115,3.75E-06,2.98E-05,0,6.93E-06,0.001041494,0.097442504,0.001316946,4.43E-05,0.475940557,,,,0,0,0,0,0,0,0,0.07024967
20,116,20116,3.09E-07,2.45E-06,0,4.86E-07,0.000423232,0.624767382,0.000535168,1.80E-05,0,,,,0,0,0,0,0,0,0,0.009868744
20,117,20117,1.66E-07,1.32E-06,0,1.09E-06,0.000306729,0.449776992,0.000387852,1.30E-05,0,,1.07083579,,0,0,0,0,0,0,0,0.033162833
20,118,20118,5.94E-07,4.72E-06,0,4.26E-07,0.000251996,0.321870227,0.000318643,1.07E-05,0.472973484,,,,0,0,0,0,0,0,0,0.050670609
20,119,20119,2.97E-07,2.36E-06,0,0,4.04E-05,0.050994627,5.11E-05,1.72E-06,0.002967072,,6.6107337,,0,0,0,0,0,0,0,0.007998954
20,120,20120,5.94E-08,4.72E-07,0,6.69E-07,3.90E-05,0,4.93E-05,1.66E-06,0,,,,0,0,0,0,0,0,0,1.58E-06
20,121,20121,2.37E-08,1.89E-07,0,0,7.27E-05,0.106130755,9.19E-05,3.09E-06,0.543508197,,,,0,0,0,0,0,0,0,0.035400497
20,122,20122,8.31E-08,6.60E-07,0,2.43E-07,7.16E-05,0.09729128,9.05E-05,3.04E-06,0,,,,0,0,0,0,0,0,0,0
20,123,20123,1.90E-07,1.51E-06,0,4.86E-07,0.000247193,0.329686992,0.00031257,1.05E-05,0.002988522,,,,0,0,0,0,0,0,0,0.107214936
20,124,20124,1.85E-05,0.000146776,0,1.41E-05,0.00200435,0.769045976,0.002534457,8.52E-05,0,,,,0,0,0,0,0,0,0,0.23150443
20,125,20125,4.75E-08,3.77E-07,0,1.22E-07,0.001085392,1.472950492,0.001372454,4.61E-05,0.135135281,,,,0,0,0,0,0,0,0,0
20,126,20126,6.72E-06,5.34E-05,0,8.51E-07,0.000442668,0.627019161,0.000559744,1.88E-05,0,,,,0,0,0,0,0,0,0,0
20,127,20127,6.65E-07,5.28E-06,0,0,0.000132923,0.209106388,0.000168079,5.65E-06,0.070534713,,0.06384179,,0,0,0,0,0,0,0,0.010008947
20,128,20128,1.19E-07,9.43E-07,0,7.29E-07,0.00012019,0,0.000151977,5.11E-06,0,,,,0,0,0,0,0,0,0,2.35E-05
20,129,20129,2.02E-07,1.60E-06,0,1.82E-07,2.57E-05,0.02466876,3.25E-05,1.09E-06,0.337838203,,,,0,0,0,0,0,0,0,0.020438352
20,130,20130,4.39E-07,3.49E-06,0,8.51E-07,0.000598043,0.658312902,0.000756213,2.54E-05,0.070534713,,,,0,0,0,0,0.2931,0.0201,0,0.047738867
20,131,20131,7.61E-06,6.05E-05,0,2.13E-06,0.001006531,1.133437245,0.001272737,4.28E-05,0.337838203,,,,0,0,0,0,0,0,0,0.076671602
20,132,20132,9.50E-08,7.55E-07,0,1.22E-07,0.0001222,0.075427471,0.000154519,5.19E-06,0.945946969,,,,0,0,0,0,0,0,0,0.071111148
20,133,20133,9.50E-08,7.55E-07,0,1.34E-06,0.000435743,0.638589725,0.000550987,1.85E-05,1.07E-05,,,,0,0,0,0,0,0,0,0.040999765
20,134,20134,1.12E-06,8.87E-06,0,3.59E-06,0.003057125,4.285797759,0.003865668,0.000129952,0,,,,0,0,0,0,0,0,0,0.846382295
20,135,20135,3.09E-07,2.45E-06,0,1.16E-06,0.000685505,0.735165163,0.000866806,2.91E-05,0.067567641,,0.47518779,,0,0,0,0,0,0,0,0.113480236
20,136,20136,3.56E-07,2.83E-06,0,2.80E-06,0.001327111,2.189311287,0.001678103,5.64E-05,0,,,,0,0,0,0,0,0,0,0.635773444
20,137,20137,0,0,0,4.26E-07,0.000352526,0.46626879,0.000445762,1.50E-05,1.07E-05,,,,0,0,0,0,0,0,0,0
20,138,20138,1.07E-07,8.49E-07,0,2.43E-07,3.92E-05,0.041908048,4.96E-05,1.67E-06,1.07E-05,,,,0,0,0,0,0,0,0,9.65E-06
20,139,20139,1.19E-08,9.43E-08,0,6.08E-08,0.000229432,0.283274812,0.000290112,9.75E-06,0,,,,0,0,0,0,0,0,0,0.00487328
20,140,20140,2.37E-08,1.89E-07,0,0,7.24E-05,0.07762318,9.15E-05,3.08E-06,0.405405844,,,,0,0,0,0,0,0,0,0.039543545
20,141,20141,8.31E-07,6.60E-06,0,1.64E-06,0.000856965,0.926728232,0.001083613,3.64E-05,0.878379328,,,,0,0,0,0,0,0,0,0.16431052
20,142,20142,0,0,0,0,0.000137056,0.163939548,0.000173305,5.83E-06,0,,0.20669502,,0,0,0,0,0,0,0,0.00227451
20,143,20143,9.62E-07,7.64E-06,0,4.38E-06,0.000999494,0.726074784,0.001263839,4.25E-05,1.557022807,,,,0,0,0,0,0.325,0.0223,0,0.308848796
20,144,20144,4.99E-07,3.96E-06,0,1.82E-07,9.15E-05,0.087249854,0.000115678,3.89E-06,0.273237635,,,,0,0,0,0,0,0,0,0.03133949
20,145,20145,6.53E-07,5.19E-06,0,1.82E-06,0.00020955,0.008942585,0.000264971,8.91E-06,0.337838203,,,,0,0,0,0,0,0,0,0.035007361
20,146,20146,1.41E-06,1.12E-05,0,3.04E-07,0.00028383,0.392524442,0.000358897,1.21E-05,0,,,,0,0,0,0,0,0,0,0
20,147,20147,2.37E-08,1.89E-07,0,0,3.69E-05,0.039692413,4.66E-05,1.57E-06,0.067567641,,,,0,0,0,0,0,0,0,0.012306082
20,148,20148,2.37E-08,1.89E-07,0,3.04E-07,0.000204412,0.252525537,0.000258474,8.69E-06,0,,0.44220895,,0,0,0,0,0,0,0,0
20,149,20149,1.78E-07,1.41E-06,0,3.04E-07,0.000146327,0.131854767,0.000185028,6.22E-06,0.002967072,,0.84438994,,0,0,0,0,0,0,0,0
20,150,20150,3.36E-06,2.67E-05,0,1.17E-05,0.001188938,0.430976686,0.001503386,5.05E-05,0.202702922,,0.65152221,,0,0,0,0,0.3233,0.0222,0,0.190465102
20,151,20151,3.21E-07,2.55E-06,0,0,4.22E-05,0.059634363,5.34E-05,1.79E-06,0,,,,0,0,0,0,0,0,0,0.019279529
20,152,20152,1.31E-07,1.04E-06,0,2.43E-07,0.00012678,0.154327407,0.00016031,5.39E-06,0.135135281,,,,0,0,0,0,0,0,0,0.024735226
20,153,20153,9.97E-07,7.92E-06,0,3.71E-06,0.000439094,0.532438182,0.000555225,1.87E-05,0,,,,0,0,0,0,0,0,0,0.069372679
20,154,20154,1.19E-07,9.43E-07,0,6.08E-08,0.000237251,0.30556241,0.000299999,1.01E-05,0,,,,0,0,0,0,0,0,0,0
20,155,20155,0,0,0,4.26E-07,8.79E-05,0.128679728,0.000111158,3.74E-06,0,,,,0,0,0,0,0,0,0,0
20,156,20156,1.90E-07,1.51E-06,0,2.67E-06,0.000328399,0.351081426,0.000415253,1.40E-05,0,,,,0,0,0,0,0,0,0,0.000107377
20,157,20157,4.74E-06,3.76E-05,0,1.71E-05,0.001167603,0.011702438,0.001476409,4.96E-05,0,,,,0,0,0,0,0,0,0.004746084,0.01104259
20,158,20158,3.56E-08,2.83E-07,0,5.47E-07,0.000229879,0.263909891,0.000290677,9.77E-06,0,,,,0,0,0,0,0,0,0,0
20,159,20159,1.19E-08,9.43E-08,0,2.43E-07,0.000566209,0.692935118,0.000715959,2.41E-05,0,,0.90944625,,0,0,0,0,0,0,0,0
20,160,20160,1.13E-06,8.96E-06,0,3.65E-07,0.000184752,0.196298956,0.000233615,7.85E-06,0.067567641,,,,0,0,0,0,0,0,0,0.012306082
20,161,20161,2.26E-07,1.79E-06,0,0,0.000316782,0.446558403,0.000400564,1.35E-05,0.07943593,,0.9746572,,0,0,0,0,0.2395,0.0165,0,0.003680863
20,162,20162,1.19E-07,9.43E-07,0,3.65E-07,0.000214129,0.274757564,0.000270762,9.10E-06,0,,,,0,0,0,0,0,0,0,0.090141995
20,163,20163,3.68E-07,2.92E-06,0,8.51E-07,0.000167439,0.192668872,0.000211723,7.12E-06,0,,,,0,0,0,0,0,0,0,0.003035813
20,164,20164,1.90E-07,1.51E-06,0,4.86E-07,0.000316447,0.353425258,0.00040014,1.35E-05,0.202702922,,,,0,0,0,0,0,0,0,0.022950844
20,165,20165,2.68E-06,2.13E-05,0,1.82E-07,0.000157051,0.160767369,0.000198587,6.68E-06,0.067567641,,,,0,0,0,0,0,0,0,0.026047875
20,166,20166,1.53E-06,1.22E-05,0,3.65E-06,0.00110829,1.405862649,0.001401409,4.71E-05,1.351352813,4.73990592,0.19884825,,0,0,0,0,0,0,0,0.914838259
20,167,20167,8.31E-08,6.60E-07,0,0,0.000212566,0.269716472,0.000268785,9.04E-06,0,,,,0,0,0,0,0,0,0,0
20,168,20168,5.94E-08,4.72E-07,0,1.58E-06,0.000106674,0.12745874,0.000134887,4.53E-06,0.070534713,,,,0,0,0,0,0,0,0,0.016439695
20,169,20169,5.94E-08,4.72E-07,0,5.47E-07,0.000398323,0.614371455,0.000503671,1.69E-05,0.135135281,,,,0,0,0,0,0,0,0,0.064185554
20,170,20170,9.38E-07,7.45E-06,0,4.86E-07,0.0004277,0.591302138,0.000540818,1.82E-05,0,,,,0,0,0,0,0,0,0,0
20,171,20171,2.73E-07,2.17E-06,0,2.07E-06,0.002005914,3.107847166,0.002536434,8.53E-05,0,,,,0,0,0,0,0,0,0,0.084344862
20,172,20172,1.54E-07,1.23E-06,0,6.08E-08,4.26E-05,0.051422099,5.38E-05,1.81E-06,0,,,,0,0,0,0,0,0,0,0.008778339
20,173,20173,2.37E-08,1.89E-07,0,6.08E-08,0.000136386,0.176704779,0.000172457,5.80E-06,0.002977797,,,,0,0,0,0,0,0,0,1.91E-05
20,174,20174,2.37E-07,1.89E-06,0,3.77E-06,0.000366377,0.041737531,0.000463276,1.56E-05,0.273237635,,,,0,0,0,0,0,0,0,0.051453772
20,175,20175,1.19E-08,9.43E-08,0,1.22E-07,0.000144987,0.213051416,0.000183333,6.16E-06,0.138102354,,,,0,0,0,0,0,0,0,0.040254549
20,176,20176,2.37E-07,1.89E-06,0,1.64E-06,0.000312202,0.394097162,0.000394773,1.33E-05,0.337838203,,,,0,0,0,0,0,0,0,0.066637437
20,177,20177,5.58E-07,4.43E-06,0,7.54E-06,0.001038924,1.130282077,0.001313697,4.42E-05,0.270270563,0.067207621,0.452496,,0,0,0,0,0.4188,0.0288,0,0.016283427
20,178,20178,5.58E-07,4.43E-06,0,1.82E-07,0.000604745,0.312157917,0.000764687,2.57E-05,0.135135281,,0.004025,,0,0,0,0,0,0,0,0.070093037
20,179,20179,2.61E-07,2.08E-06,0,1.22E-07,0.000146998,0.192539829,0.000185875,6.25E-06,0.002967072,,2.46467552,,0,0,0,0,0,0,0,0.084738175
20,180,20180,1.54E-07,1.23E-06,0,1.22E-07,0.000229321,0.200086968,0.000289971,9.75E-06,0.472973484,,,,0,0,0,0,0,0,0,0.017176647
20,181,20181,0,0,0,0,4.61E-05,0.051372698,5.83E-05,1.96E-06,0.135135281,,,,0,0,0,0,0,0,0,0.009516704
20,182,20182,0,0,0,1.22E-07,0.000257134,0.411769989,0.00032514,1.09E-05,0,,,,0,0,0,0,0,0,0,0.008026578
20,183,20183,3.56E-08,2.83E-07,0,1.22E-07,0.000157721,0.210467572,0.000199435,6.70E-06,0,,,,0,0,0,0,0,0,0,0.012100981
20,184,20184,5.81E-05,0.000461364,0,0.000169121,0.016472443,6.954382516,0.020829042,0.000700212,11.69814595,26.8830485,,,0,0,0,0,0.4606,0.0316,0.116736313,4.526116831
20,185,20185,7.84E-07,6.23E-06,0,2.01E-06,0.000946883,1.052885198,0.001197313,4.03E-05,0.002977797,,,,0,0,0,0,0,0,0,0.030115821
20,186,20186,3.56E-08,2.83E-07,0,3.65E-07,5.77E-05,0.062578277,7.30E-05,2.45E-06,0.067567641,,,,0,0,0,0,0,0,0,0.007793852
20,187,20187,9.50E-08,7.55E-07,0,6.08E-08,0.000217034,0.285855372,0.000274434,9.23E-06,0,,1.33340159,,0,0,0,0,0,0,0,0.011334957
20,188,20188,2.14E-07,1.70E-06,0,4.86E-07,0.000975367,1.244038788,0.00123333,4.15E-05,0,,,,0,0,0,0,0,0,0,0.029350525
20,189,20189,2.37E-08,1.89E-07,0,1.82E-07,0.000281038,0.328291917,0.000355366,1.19E-05,0,,,,0,0,0,0,0,0,0,0.211449991
20,190,20190,9.12E-06,7.24E-05,0,7.11E-06,0.002527331,2.859842399,0.003195754,0.000107432,3.17567911,,2.554915465,,0,0,0,0,0,0,0,0.001923354
20,191,20191,5.94E-08,4.72E-07,0,0,2.96E-05,0.031697915,3.74E-05,1.26E-06,0.002967072,,,,0,0,0,0,0,0,0,1.44E-05
20,192,20192,2.61E-07,2.08E-06,0,1.46E-06,0.000142976,0.027728592,0.00018079,6.08E-06,0.205669994,,,,0,0,0,0,0,0,0,0.055212951
20,193,20193,1.78E-07,1.41E-06,0,6.08E-07,0.000234124,0.162753347,0.000296044,9.95E-06,0.340816,,1.52491034,,0,0,0,0,0,0,0,0.08442491
20,194,20194,3.16E-06,2.51E-05,0,3.04E-07,0.000127003,0.11309669,0.000160593,5.40E-06,0.002967072,,0.50648779,,0,0,0,0,0,0,0,0.088105773
20,195,20195,5.94E-08,4.72E-07,0,0,0.000138732,0.237164525,0.000175423,5.90E-06,0,,,,0,0,0,0,0,0,0,0.012716285
20,196,20196,3.56E-08,2.83E-07,0,3.04E-07,4.46E-05,0.050868119,5.64E-05,1.89E-06,0,,,,0,0,0,0,0,0,0,5.55E-06
20,197,20197,6.17E-07,4.91E-06,0,1.76E-06,0.000315665,0.235077623,0.000399151,1.34E-05,0.202702922,,,,0,0,0,0,0.1893,0.013,0,0.022006864
20,198,20198,1.89E-06,1.50E-05,0,2.80E-06,0.003198315,4.214261168,0.004044198,0.000135954,0.472973484,,2.4855895,,0,0,0,0,0.3735,0.0257,0,1.301214552
20,199,20199,4.75E-08,3.77E-07,0,1.82E-07,7.67E-05,0.078140949,9.70E-05,3.26E-06,0,,,,0,0,0,0,0,0,0,0.01197792
20,200,20200,2.61E-07,2.08E-06,0,3.04E-07,0.0003981,0.49570715,0.000503389,1.69E-05,0,,1.40787979,,0,0,0,0,0,0,0,0
20,201,20201,5.94E-08,4.72E-07,0,6.08E-08,0.000224294,0.288790432,0.000283615,9.53E-06,0,,0.34290123,,0,0,0,0,0,0,0,4.90E-05
20,202,20202,1.42E-07,1.13E-06,0,1.22E-06,0.000438424,0.507365598,0.000554377,1.86E-05,0,,,,0,0,0,0,0,0,0,0.066268978
20,203,20203,2.37E-08,1.89E-07,0,6.08E-08,0.000388605,0.515740542,0.000491383,1.65E-05,0,,,,0,0,0,0,0,0,0,0.048712703
20,204,20204,1.19E-08,9.43E-08,0,0,7.29E-05,0.086014398,9.22E-05,3.10E-06,0,,,,0,0,0,0,0,0,0,0
20,205,20205,0,0,0,1.22E-07,0.001853443,2.613175232,0.002343638,7.88E-05,0.270270563,,,,0,0,0,0,0,0,0,0.928620036
20,206,20206,2.61E-07,2.08E-06,0,3.04E-07,0.000280256,0.290514203,0.000354378,1.19E-05,0.067567641,,,,0,0,0,0,0,0,0,0.003501054
20,207,20207,1.19E-08,9.43E-08,0,7.29E-07,0.001745541,2.203400981,0.002207198,7.42E-05,0.540541125,,,,0,0,0,0,0,0,0.085139295,0.001505008
20,208,20208,3.32E-07,2.64E-06,0,1.03E-06,0.000762913,0.978450779,0.000964687,3.24E-05,0.135135281,,0.2363679,,0,0,0,0,0,0,0,0.094797855
20,209,20209,0,0,0,1.22E-07,0.000103099,0.145439952,0.000130367,4.38E-06,0.002967072,,0.5714179,,0,0,0,0,0,0,0,0
20,210,20210,1.19E-08,9.43E-08,0,1.82E-07,0.000605192,0.895904988,0.000765252,2.57E-05,0.067567641,,,,0,0,0,0,0,0,0,0.093280105
20,211,20211,1.31E-07,1.04E-06,0,1.82E-07,0.000306394,0.40988864,0.000387428,1.30E-05,0,,0.79656541,,0,0,0,0,0,0,0,0
20,212,20212,1.54E-07,1.23E-06,0,1.22E-07,0.000324936,0.517507389,0.000410875,1.38E-05,0,,,,0,0,0,0,0,0,0,0.073696922
20,213,20213,0,0,0,2.43E-07,0.000443115,0.508010938,0.000560309,1.88E-05,0.002967072,,1.0448726,,0,0,0,0,0,0,0,0.019841011
20,214,20214,1.66E-07,1.32E-06,0,9.73E-07,0.000259703,0.303985667,0.000328389,1.10E-05,0,,,,0,0,0,0,0,0,0,2.73E-05
20,215,20215,1.19E-07,9.43E-07,0,0,7.27E-05,0.057946848,9.19E-05,3.09E-06,1.489455166,,,,0,0,0,0,0,0,0,0.053818601
20,216,20216,1.54E-07,1.23E-06,0,4.86E-07,0.000117174,0.147364088,0.000148163,4.98E-06,0,,,,0,0,0,0,0,0,0,1.49E-05
20,217,20217,0,0,0,1.82E-07,0.000347053,0.434164762,0.000438841,1.48E-05,0.408372916,,,,0,0,0,0,0,0,0,0.093526227
20,218,20218,2.26E-07,1.79E-06,0,0,5.55E-05,0.064807818,7.02E-05,2.36E-06,0.002967072,,0.7889,,0,0,0,0,0,0,0,0.008614258
20,219,20219,2.37E-07,1.89E-06,0,3.04E-07,0.000267187,0.306612522,0.000337852,1.14E-05,0.405405844,,,,0,0,0,0,0,0,0,0.045580053
20,220,20220,2.37E-08,1.89E-07,0,1.22E-07,0.000329516,0.419816872,0.000416666,1.40E-05,0,,,,0,0,0,0,0,0,0,0.004055584
20,221,20221,1.54E-07,1.23E-06,0,0,0.000144317,0.198414056,0.000182485,6.13E-06,0.202702922,,,,0,0,0,0,0,0,0,0.024571145
20,222,20222,3.92E-07,3.11E-06,0,4.86E-07,0.000165987,0.256542663,0.000209886,7.06E-06,0,,,,0,0,0,0,0,0,0,3.61E-05
20,223,20223,1.19E-08,9.43E-08,0,3.65E-07,6.72E-05,0.082216672,8.50E-05,2.86E-06,0,,,,0,0,0,0,0,0,0,2.41E-05
20,224,20224,2.37E-08,1.89E-07,0,0,6.95E-05,0.04590964,8.79E-05,2.95E-06,1.084060047,,,,0,0,0,0,0,0,0,0.055008189
20,225,20225,3.92E-07,3.11E-06,0,4.26E-07,0.000671654,1.073204139,0.000849292,2.86E-05,0.067567641,,0.09436716,,0,0,0,0,0,0,0,0.030498469
20,226,20226,1.46E-06,1.16E-05,0,8.51E-07,0.000270203,0.319291871,0.000341666,1.15E-05,1.07E-05,,,,0,0,0,0,0,0,0,0.132315292
20,227,20227,1.89E-06,1.50E-05,0,6.02E-06,0.001338393,0.155892338,0.001692368,5.69E-05,0.608108766,,,,0,0,0,0,0,0,0,0.039784651
20,228,20228,9.50E-08,7.55E-07,0,0,8.53E-05,0.103608326,0.000107909,3.63E-06,0,,,,0,0,0,0,0,0,0,0.000601523
20,229,20229,1.07E-07,8.49E-07,0,3.04E-07,0.000768051,0.932314123,0.000971184,3.26E-05,1.07E-05,,,,0,0,0,0,0,0,0,0
20,230,20230,7.12E-08,5.66E-07,0,6.08E-08,9.53E-05,0.108180953,0.00012048,4.05E-06,0.205669994,,,,0,0,0,0,0,0,0,0.011239555
20,231,20231,5.94E-08,4.72E-07,0,1.22E-07,0.000271208,0.309652508,0.000342937,1.15E-05,0,,,,0,0,0,0,0,0,0,4.47E-05
20,232,20232,5.70E-07,4.53E-06,0,9.42E-06,0.002274106,3.382458838,0.002875557,9.67E-05,0.067567641,0.742821077,,,0,0,0,0,0,0,0,1.47892058
20,233,20233,1.78E-07,1.41E-06,0,7.29E-07,0.000179391,0.249102645,0.000226836,7.63E-06,0.472973484,,,,0,0,0,0,0,0,0,0.061399934
20,234,20234,1.19E-08,9.43E-08,0,4.86E-07,0.000859645,1.101206478,0.001087003,3.65E-05,0,,,,0,0,0,0,0,0,0,0.008421328
20,235,20235,1.69E-06,1.34E-05,0,6.08E-08,0.000375313,0.505617129,0.000474575,1.60E-05,0.067567641,,,,0,0,0,0,0,0,0,0
20,236,20236,1.54E-07,1.23E-06,0,4.26E-07,0.000150125,0.192354537,0.00018983,6.38E-06,0,,,,0,0,0,0,0,0,0,0
20,237,20237,2.37E-07,1.89E-06,0,7.29E-07,0.000223177,0.140204042,0.000282203,9.49E-06,0.002967072,,,,0,0,0,0,0,0,0,0.025453081
20,238,20238,0,0,0,2.43E-07,8.72E-05,0.10436538,0.00011031,3.71E-06,0,,,,0,0,0,0,0,0,0,0.029368591
20,239,20239,1.19E-08,9.43E-08,0,0,0.000109578,0.168604467,0.000138559,4.66E-06,0.067567641,,,,0,0,0,0,0,0,0,0.02087932
20,240,20240,8.31E-08,6.60E-07,0,0,0.000293213,0.411459611,0.000370762,1.25E-05,0,,,,0,0,0,0,0,0,0,0.024899307
20,241,20241,1.66E-07,1.32E-06,0,1.22E-07,9.92E-05,0.116967393,0.000125423,4.22E-06,0.067567641,,0.0805,,0,0,0,0,0,0,0,0.010651009
20,242,20242,1.42E-07,1.13E-06,0,4.86E-07,0.001595527,2.12902196,0.002017509,6.78E-05,0.067567641,,,,0,0,0,0,0,0,0,0.030560105
20,243,20243,2.59E-06,2.06E-05,0,2.43E-07,0.000173917,0.121135322,0.000219915,7.39E-06,0.202702922,,,,0,0,0,0,0,0,0,0.079490986
20,244,20244,1.66E-07,1.32E-06,0,3.04E-07,0.000434514,0.468569671,0.000549434,1.85E-05,0.135135281,0.27413635,,,0,0,0,0,0,0,0,0.005357318
20,245,20245,1.19E-08,9.43E-08,0,2.43E-07,0.000124099,0.151195825,0.00015692,5.28E-06,0.270270563,,,,0,0,0,0,0,0,0,0.027606645
20,246,20246,5.82E-07,4.62E-06,0,0,6.00E-05,0.060824736,7.58E-05,2.55E-06,0,,0.1770393,,0,0,0,0,0,0,0,9.29E-06
20,247,20247,2.37E-07,1.89E-06,0,2.49E-06,0.000144317,0.047457397,0.000182485,6.13E-06,0.002967072,,0.2008784,,0,0,0,0,0,0,0,1.69E-05
20,248,20248,2.24E-06,1.78E-05,0,4.98E-06,0.001580559,1.956462535,0.001998582,6.72E-05,0.067567641,,,,0,0,0,0,0,0,0,0.042927974
20,249,20249,3.80E-07,3.02E-06,0,3.04E-07,0.000397318,0.486188965,0.0005024,1.69E-05,0,,,,0,0,0,0,0,0,0,0.004290554
20,250,20250,1.78E-07,1.41E-06,0,0,0.000120636,0.107262198,0.000152542,5.13E-06,0.202702922,,,,0,0,0,0,0,0,0,0.058782054
20,251,20251,5.58E-07,4.43E-06,0,1.22E-07,0.000120078,0.153466118,0.000151836,5.10E-06,0,,,,0,0,0,0,0,0,0,0.007609261
20,252,20252,2.14E-07,1.70E-06,0,6.08E-07,0.000191343,0.232848309,0.000241949,8.13E-06,0,,,,0,0,0,0,0,0,0,0.022643192
20,253,20253,2.61E-07,2.08E-06,0,8.51E-07,0.00027724,0.353386713,0.000350564,1.18E-05,0,,0.085,,0,0,0,0,0,0,0,0.092600834
20,254,20254,6.65E-07,5.28E-06,0,1.09E-06,0.000300585,0.373452615,0.000380084,1.28E-05,0,,,,0,0,0,0,0,0,0,0
20,255,20255,3.09E-07,2.45E-06,0,3.04E-07,0.000205529,0.226040611,0.000259886,8.74E-06,0.002967072,,,,0,0,0,0,0,0,0,0.0477476
20,256,20256,9.50E-08,7.55E-07,0,0,2.51E-05,0.036373017,3.18E-05,1.07E-06,0.002967072,,,,0,0,0,0,0,0,0,0.007096508
20,257,20257,2.14E-07,1.70E-06,0,2.43E-07,9.85E-05,0.125426348,0.000124576,4.19E-06,0,,,,0,0,0,0,0,0,0,2.15E-05
20,258,20258,1.78E-07,1.41E-06,0,6.69E-07,8.79E-05,0.119595544,0.000111158,3.74E-06,0.070534713,,,,0,0,0,0,0,0,0,0.011362616
20,259,20259,1.16E-06,9.24E-06,0,1.16E-06,0.000244512,0.306490322,0.00030918,1.04E-05,0.067567641,,,,0,0,0,0,0,0,0,0.013639241
20,260,20260,1.54E-07,1.23E-06,0,1.82E-07,0.000279251,0.395439546,0.000353106,1.19E-05,1.07E-05,,,,0,0,0,0,0,0,0,3.54E-05
20,261,20261,5.70E-07,4.53E-06,0,1.82E-07,0.000682042,0.870464447,0.000862427,2.90E-05,0,,,,0,0,0,0,0,0,0,0.087619307
20,262,20262,1.70E-06,1.35E-05,0,1.88E-06,0.000108126,0.134780685,0.000136723,4.60E-06,0,,,,0,0,0,0,0,0,0,1.12E-05
20,263,20263,9.26E-07,7.36E-06,0,1.03E-06,0.000311756,0.36995084,0.000394208,1.33E-05,0,,,,0,0,0,0,0,0,0,0
20,264,20264,2.37E-08,1.89E-07,0,1.22E-07,0.000214018,0.291104606,0.000270621,9.10E-06,0,,,,0,0,0,0,0,0,0,0.036508045
20,265,20265,9.50E-08,7.55E-07,0,2.43E-07,0.000789944,0.858059524,0.000998867,3.36E-05,0.067567641,,7.22352157,,0,0,0,0,0,0,0,0.430284209
20,266,20266,3.56E-07,2.83E-06,0,2.25E-06,0.000814407,1.171218266,0.0010298,3.46E-05,0.135135281,,0.4718358,,0,0,0,0,0,0,0,0.108076823
20,267,20267,9.50E-08,7.55E-07,0,1.82E-07,2.93E-05,0.019842098,3.70E-05,1.24E-06,0,,,,0,0,0,0,0,0,0,2.88E-06
20,268,20268,2.37E-07,1.89E-06,0,1.82E-07,8.11E-05,0.078669005,0.000102542,3.45E-06,0.540541125,,,,0,0,0,0,0,0,0,0.073538952
20,269,20269,2.73E-07,2.17E-06,0,1.58E-06,0.000319239,0.438598485,0.000403671,1.36E-05,0.608108766,,,,0,0,0,0,0,0,0,0.053428908
20,270,20270,5.34E-07,4.24E-06,0,1.22E-07,0.000131248,0.164815953,0.00016596,5.58E-06,0,,,,0,0,0,0,0,0,0,0.029534598
20,271,20271,3.56E-08,2.83E-07,0,2.43E-07,0.000282378,0.429918208,0.000357061,1.20E-05,1.07E-05,,,,0,0,0,0,0,0,0,0.136426895
20,272,20272,0,0,0,9.12E-07,0.000604299,0.801921892,0.000764122,2.57E-05,0,,1.29733429,,0,0,0,0,0,0,0,0.064270704
20,273,20273,9.50E-08,7.55E-07,0,8.51E-07,0.000356547,0.506396882,0.000450846,1.52E-05,0.273237635,,0.034330695,,0,0,0,0,0,0,0,0.354224366
20,274,20274,8.31E-08,6.60E-07,0,0,0.000158838,0.173217305,0.000200847,6.75E-06,0.002967072,,,,0,0,0,0,0,0,0,0.038969261
20,275,20275,1.07E-07,8.49E-07,0,9.12E-07,0.00073119,0.83756712,0.000924574,3.11E-05,0,,0.3242373,,0,0,0,0,0,0,0,0.000198983
20,276,20276,9.50E-08,7.55E-07,0,1.22E-07,8.75E-05,0.107217702,0.000110593,3.72E-06,0,,,,0,0,0,0,0,0,0,0.000977476
20,277,20277,3.92E-07,3.11E-06,0,5.53E-06,0.001282208,1.822331976,0.001621323,5.45E-05,0.343804523,,3.33436449,,0,0,0,0,0,0,0,0
20,278,20278,1.31E-06,1.04E-05,0,1.14E-05,0.00394626,5.32935367,0.004989959,0.000167748,2.100573904,18.03994044,,,0,0,0,0,0,0,0,1.040491834
20,279,20279,8.19E-07,6.51E-06,0,4.26E-07,0.000311979,0.413246021,0.00039449,1.33E-05,0,,0.12895572,,0,0,0,0,0,0,0,0
20,280,20280,2.49E-07,1.98E-06,0,2.43E-06,0.00023647,0.247457431,0.000299011,1.01E-05,0,,,,0,0,0,0,0,0,0,4.58E-05
20,281,20281,3.56E-08,2.83E-07,0,0,2.33E-05,0.02072465,2.95E-05,9.92E-07,0.002967072,,,,0,0,0,0,0,0,0,0.012306082
20,282,20282,0,0,0,0,7.38E-05,0.089265629,9.34E-05,3.14E-06,0,,,,0,0,0,0,0,0,0,0.044778317
20,283,20283,1.01E-06,8.02E-06,0,0,0.000106785,0.137218959,0.000135028,4.54E-06,0.002977797,,,,0,0,0,0,0,0,0,0.027483584
20,284,20284,1.23E-06,9.81E-06,0,2.43E-07,0.000411951,0.586949044,0.000520903,1.75E-05,0,,,,0,0,0,0,0,0,0,0.031091548
20,285,20285,3.80E-07,3.02E-06,0,8.51E-07,0.00035018,0.396257119,0.000442795,1.49E-05,0.202702922,,2.0514965,,0,0,0,0,0,0,0,0.027380596
20,286,20286,3.92E-07,3.11E-06,0,2.43E-07,0.00034884,0.347075394,0.000441101,1.48E-05,0,,,,0,0,0,0,0,0,0,0.01337261
20,287,20287,3.56E-08,2.83E-07,0,0,3.59E-05,0.051036435,4.53E-05,1.52E-06,0.067567641,,,,0,0,0,0,0,0,0,0.006235082
20,288,20288,0,0,0,0,7.51E-05,0.093899486,9.49E-05,3.19E-06,0,,,,0,0,0,0,0,0,0,1.83E-05
20,289,20289,8.31E-08,6.60E-07,0,6.08E-08,0.000114493,0.140004952,0.000144774,4.87E-06,0,,,,0,0,0,0,0,0,0,0
20,290,20290,9.50E-08,7.55E-07,0,2.43E-07,9.87E-05,0.049538158,0.000124858,4.20E-06,0.135135281,,,,0,0,0,0,0,0,0,0.010111498
20,291,20291,4.75E-08,3.77E-07,0,6.69E-07,0.000433844,0.506814458,0.000548586,1.84E-05,0.002967072,,1.5431716,,0,0,0,0,0,0,0,0
20,292,20292,0,0,0,0,0.000136609,0.203963613,0.00017274,5.81E-06,0,,0.0756544,,0,0,0,0,0.1709,0.0117,0,0.078002978
20,293,20293,1.09E-06,8.68E-06,0,3.40E-06,0.001623899,0.184478527,0.002053384,6.90E-05,1.07E-05,,0.05616393,,0,0,0,0,0.0771,0.0053,0,0.046754797
20,294,20294,9.26E-07,7.36E-06,0,4.62E-06,0.000688074,0.124393139,0.000870054,2.92E-05,0.067567641,,0.5372178,,0,0,0,0,0.072,0.0049,0,0.128751903
20,295,20295,2.21E-06,1.75E-05,0,7.17E-06,0.000874055,0.441804658,0.001105223,3.72E-05,5.202708329,,,,0,0,0,0,0,0,0,0.216622728
20,296,20296,1.54E-07,1.23E-06,0,6.69E-07,0.00010053,0.11743551,0.000127118,4.27E-06,1.07E-05,,,,0,0,0,0,0,0,0,1.18E-05
20,297,20297,1.31E-07,1.04E-06,0,4.26E-07,0.000281596,0.358452596,0.000356073,1.20E-05,0,,,,0,0,0,0,0,0,0,0.04028191
20,298,20298,1.72E-05,0.000136872,0,1.18E-05,0.001236634,0.672122403,0.001563696,5.26E-05,0.138102354,,,,0,0,0,0,0,0,0.274346831,0.131806237
20,299,20299,4.19E-06,3.33E-05,0,4.86E-07,0.000109131,0.121460636,0.000137994,4.64E-06,0,,,,0,0,0,0,0,0,0,1.78E-05
20,300,20300,2.23E-06,1.77E-05,0,1.64E-06,0.00059782,0.717141865,0.00075593,2.54E-05,0,,,,0,0,0,0,0,0,0,0
20,301,20301,5.58E-07,4.43E-06,0,1.22E-06,0.000163753,0.172405945,0.000207062,6.96E-06,0.608108766,,,,0,0,0,0,0,0,0,0.124679459
20,302,20302,2.61E-07,2.08E-06,0,1.34E-06,0.000374643,0.511476075,0.000473728,1.59E-05,0,,,,0,0,0,0,0,0,0,0.019401675
20,303,20303,7.84E-07,6.23E-06,0,3.04E-07,0.000102541,0.097018577,0.000129661,4.36E-06,0,,,,0,0,0,0,0,0,0,6.70E-06
20,304,20304,0,0,0,1.82E-07,9.45E-05,0.134004309,0.000119491,4.02E-06,0.135135281,,,,0,0,0,0,0,0,0,0.027073381
20,305,20305,1.40E-06,1.11E-05,0,2.43E-06,0.000443785,0.184618362,0.000561157,1.89E-05,1.08108225,,,,0,0,0,0,0.1759,0.0121,0,0.154635866
20,306,20306,1.19E-07,9.43E-07,0,4.86E-07,0.000427365,0.549267478,0.000540394,1.82E-05,0,,0.4739873,,0,0,0,0,0,0,0,0.020124454
20,307,20307,3.68E-07,2.92E-06,0,1.28E-06,0.0009585,1.067762832,0.001212002,4.07E-05,0.141069426,,0.0161,,0,0,0,0,0,0,0.118479976,0.133013278
20,308,20308,7.96E-07,6.32E-06,0,2.67E-06,0.000309745,0.332063933,0.000391666,1.32E-05,0.202702922,,,,0,0,0,0,0,0,0.011958856,0.05239116
20,309,20309,9.14E-07,7.26E-06,0,3.83E-06,0.001269586,1.870945042,0.001605363,5.40E-05,0,,,,0,0,0,0,0,0,0,0.27796486
20,310,20310,1.71E-06,1.36E-05,0,1.76E-06,0.000669196,0.514295654,0.000846184,2.84E-05,0.608108766,,,,0,0,0,0,0,0,0,0.093039696
20,311,20311,1.32E-06,1.05E-05,0,1.22E-07,2.78E-05,0.036956419,3.52E-05,1.18E-06,1.07E-05,,,,0,0,0,0,0.2044,0.014,0,0.001010371
20,312,20312,4.51E-07,3.58E-06,0,6.08E-07,0.001204464,1.577254371,0.001523019,5.12E-05,0,,,,0,0,0,0,0,0,0,0.025538216
20,313,20313,5.66E-06,4.50E-05,0,0,8.84E-05,0.122156002,0.000111723,3.76E-06,0,,,,0,0,0,0,0,0,0,0.001235943
20,314,20314,3.32E-07,2.64E-06,0,3.65E-06,0.000179502,0.168202956,0.000226977,7.63E-06,0.002967072,,0.42566765,,0,0,0,0,0,0,0,0.008078126
20,315,20315,5.94E-08,4.72E-07,0,6.08E-08,0.000189667,0.246627458,0.00023983,8.06E-06,0.270270563,,,,0,0,0,0,0,0,0,0.097464564
20,316,20316,3.56E-08,2.83E-07,0,0,7.83E-05,0.107200257,9.90E-05,3.33E-06,0,,,,0,0,0,0,0,0,0,0
20,317,20317,0,0,0,6.08E-08,0.000147333,0.247186745,0.000186299,6.26E-06,0.067567641,,,,0,0,0,0,0,0,0,0.018951367
20,318,20318,6.49E-06,5.16E-05,0,0.000116293,0.003914984,1.501457595,0.004950411,0.000166418,1.891893938,,4.11245615,,0,0.8424,0.081,0,0,0,0.014911966,0.005683033
20,319,20319,1.66E-07,1.32E-06,0,5.47E-07,0.000115498,0.175106317,0.000146045,4.91E-06,0,,,,0,0,0,0,0,0,0,0
20,320,20320,1.78E-07,1.41E-06,0,2.43E-07,7.85E-05,0.102196104,9.93E-05,3.34E-06,0.135135281,,,,0,0,0,0,0,0,0,0.010173028
20,321,20321,2.37E-08,1.89E-07,0,0,8.89E-05,0.121042323,0.000112429,3.78E-06,0,,,,0,0,0,0,0,0,0,0.014644238
20,322,20322,1.07E-07,8.49E-07,0,6.08E-08,0.000103658,0.132325796,0.000131073,4.41E-06,0,,,,0,0,0,0,0,0,0,0.001936154
20,323,20323,3.56E-08,2.83E-07,0,1.82E-07,0.00027199,0.313801092,0.000343926,1.16E-05,0,,0.71536365,,0,0,0,0,0,0,0,6.79E-05
20,324,20324,3.08E-06,2.44E-05,0,4.58E-05,0.0044173,4.339559249,0.005585579,0.000187771,0,,0.66391938,,0,0,0,0,0,0,0,0.103768489
20,325,20325,2.92E-06,2.32E-05,0,2.80E-06,0.001141912,1.419471208,0.001443923,4.85E-05,0,,,,0,0,0,0,0,0,0,0.074478747
20,326,20326,3.56E-08,2.83E-07,0,3.04E-07,0.000541188,0.850995829,0.00068432,2.30E-05,0,,,,0,0,0,0,0,0,0,0.013073736
20,327,20327,1.04E-06,8.30E-06,0,1.02E-05,0.001566373,1.024167418,0.001980645,6.66E-05,5.073507192,,,,0,0,0,0,0.6248,0.0429,0,1.265159284
20,328,20328,2.83E-06,2.25E-05,0,0,0.000125663,0.169826581,0.000158898,5.34E-06,0.067567641,,,,0,0,0,0,0,0,0,0.086147867
20,329,20329,2.37E-07,1.89E-06,0,6.69E-07,0.000143311,0.167291066,0.000181214,6.09E-06,0.070534713,,,,0,0,0,0,0,0,0,0.040692113
20,330,20330,1.07E-07,8.49E-07,0,3.04E-07,0.000472716,0.692150518,0.000597739,2.01E-05,0,,,,0,0,0,0,0,0,0,0.006804734
20,331,20331,3.56E-08,2.83E-07,0,3.04E-07,6.86E-05,0.111946385,8.67E-05,2.92E-06,0.135135281,,,,0,0,0,0,0,0,0,0.024612165
20,332,20332,2.37E-08,1.89E-07,0,0,4.07E-05,0.053094579,5.14E-05,1.73E-06,0.270270563,,,,0,0,0,0,0,0,0,0.011403636
20,333,20333,4.27E-07,3.40E-06,0,2.86E-06,0.000280815,0.256860532,0.000355084,1.19E-05,0.067567641,,,,0,0,0,0,0,0,0,0.098835098
20,334,20334,3.40E-06,2.70E-05,0,2.74E-05,0.004350615,4.991336367,0.005501257,0.000184936,12.16218604,,0.6365572,,0,0,0,0,0,0,0,0.409390923
20,335,20335,3.56E-08,2.83E-07,0,0,0.000102988,0.130599179,0.000130226,4.38E-06,0,,,,0,0,0,0,0,0,0,3.41E-05
20,336,20336,1.54E-07,1.23E-06,0,5.47E-07,0.000310974,0.410160641,0.000393219,1.32E-05,1.07E-05,,,,0,0,0,0,0,0,0,3.93E-05
20,337,20337,5.58E-07,4.43E-06,0,6.26E-06,0.000462886,0.514910339,0.000585309,1.97E-05,0,,0.2359179,,0,0,0,0,0,0,0,7.22E-05
20,338,20338,4.45E-06,3.54E-05,0,1.80E-05,0.000826806,0.083503214,0.001045477,3.51E-05,0,,,,0,0,0,0,0.0503,0.0035,0,0.034615779
20,339,20339,3.19E-06,2.54E-05,0,6.38E-06,0.000394861,0.370102455,0.000499292,1.68E-05,0.417274133,,,,0,0,0,0,0,0,0.292403039,0.048444945
20,340,20340,2.97E-07,2.36E-06,0,1.22E-07,0.000184752,0.198154823,0.000233615,7.85E-06,0.138102354,,,,0,0,0,0,0,0,0,0.042927718
20,341,20341,2.37E-08,1.89E-07,0,4.26E-07,2.87E-05,0.03060217,3.63E-05,1.22E-06,0.067567641,,,,0,0,0,0,0,0,0,0.01189588
20,342,20342,1.07E-07,8.49E-07,0,3.04E-07,0.000205305,0.178643301,0.000259604,8.73E-06,0.270270563,,,,0,0,0,0,0,0,0,0.024982881
20,343,20343,8.31E-08,6.60E-07,0,0,0.000158838,0.039889917,0.000200847,6.75E-06,0.405405844,,,,0,0,0,0,0,0,0,0.046049951
20,344,20344,1.66E-07,1.32E-06,0,1.22E-07,0.00029232,0.371205798,0.000369632,1.24E-05,0,,1.5794751,,0,0,0,0,0,0,0,0
20,345,20345,2.02E-07,1.60E-06,0,7.90E-07,0.000362579,0.391393449,0.000458473,1.54E-05,0,,,,0,0,0,0,0,0,0,0.01686486
20,346,20346,3.32E-07,2.64E-06,0,2.43E-07,0.000148226,0.183962276,0.000187429,6.30E-06,0,,,,0,0,0,0,0,0,0,0.033144382
20,347,20347,1.14E-06,9.06E-06,0,3.65E-07,0.000340574,0.488603562,0.000430649,1.45E-05,0,,0.004156965,,0,0,0,0,0,0,0,0
20,348,20348,8.31E-07,6.60E-06,0,2.67E-06,0.000695669,0.713404616,0.000879659,2.96E-05,0.405405844,,,,0,0,0,0,0,0,0,0.075456796
20,349,20349,8.91E-07,7.07E-06,0,2.43E-07,0.000205752,0.193006206,0.000260169,8.75E-06,0.270270563,,,,0,0,0,0,0,0,0,0.039158121
20,350,20350,2.65E-06,2.10E-05,0,1.75E-05,0.001774694,0.019258032,0.002244062,7.54E-05,0,,,,0,0,0,0,0,0,0.012240267,0.011120906
20,351,20351,5.94E-08,4.72E-07,0,3.04E-07,0.000195587,0.206781321,0.000247316,8.31E-06,0.067567641,,0.20031965,,0,0,0,0,0,0,0,0
20,352,20352,1.29E-06,1.03E-05,0,3.65E-07,0.000305835,0.392521337,0.000386722,1.30E-05,0,,,,0,0,0,0,0,0,0,0.015628725
20,353,20353,2.37E-08,1.89E-07,0,1.82E-07,0.000183077,0.201652759,0.000231497,7.78E-06,0.070534713,,,,0,0,0,0,0,0,0,0
20,354,20354,1.19E-08,9.43E-08,0,6.08E-08,6.89E-05,0.084512438,8.71E-05,2.93E-06,0,,,,0,0,0,0,0,0,0,0.001325231
20,355,20355,3.56E-08,2.83E-07,0,0,8.61E-05,0.1040656,0.000108898,3.66E-06,0,,,,0,0,0,0,0,0,0,0.001151353
20,356,20356,3.57E-06,2.84E-05,0,1.82E-06,0.000198156,0.200945425,0.000250564,8.42E-06,0.138102354,,,,0,0,0,0,0,0,0,0.036103788
20,357,20357,2.97E-07,2.36E-06,0,3.65E-07,0.00011494,0.141863065,0.000145339,4.89E-06,0.067567641,,,,0,0,0,0,0,0,0,0
20,358,20358,7.24E-07,5.75E-06,0,3.65E-07,0.000176375,0.198096169,0.000223022,7.50E-06,0.472973484,,2.03249879,,0,0,0,0,0,0,0,0.076749918
20,359,20359,2.37E-08,1.89E-07,0,6.08E-08,9.49E-05,0.127538458,0.000120056,4.04E-06,0.002967072,,,,0,0,0,0,0,0,0,9.36E-06
20,360,20360,3.56E-07,2.83E-06,0,5.47E-07,0.000341021,0.359424626,0.000431214,1.45E-05,0.743244047,,,,0,0,0,0,0,0,0,0.063279524
20,361,20361,2.73E-07,2.17E-06,0,1.22E-07,0.000115275,0.148257318,0.000145762,4.90E-06,0.067567641,,1.1199465,,0,0,0,0,0,0,0,0
20,362,20362,2.26E-07,1.79E-06,0,6.08E-07,0.000138732,0.151738959,0.000175423,5.90E-06,0.070534713,,,,0,0,0,0,0,0,0,0
20,363,20363,3.32E-07,2.64E-06,0,2.07E-06,0.000279139,0.336340887,0.000352965,1.19E-05,0.070545438,,0.180707335,,0,0,0,0,0,0,0,4.13E-05
20,364,20364,1.13E-06,8.96E-06,0,2.27E-05,0.001655287,1.901468775,0.002093074,7.04E-05,0,,9.16746965,,0,0,0,0,0,0,0,0.178923405
20,365,20365,3.56E-08,2.83E-07,0,1.58E-06,0.000113488,0.157236948,0.000143502,4.82E-06,0.002977797,,0.03145572,,0,0,0,0,0,0,0,4.42E-05
20,366,20366,1.19E-07,9.43E-07,0,7.90E-07,0.000473609,0.699021043,0.000598868,2.01E-05,0,,,,0,0,0,0,0,0,0,0.016992409
20,367,20367,6.89E-07,5.47E-06,0,1.70E-06,0.000515944,0.799030994,0.000652399,2.19E-05,0.002967072,,,,0,0,0,0,0,0,0,0.019968561
20,368,20368,5.94E-07,4.72E-06,0,9.12E-07,0.000190561,0.207958826,0.00024096,8.10E-06,0.067567641,,,,0,0,0,0,0,0,0,0.032736189
20,369,20369,8.31E-08,6.60E-07,0,2.43E-07,0.000162189,0.06461413,0.000205084,6.89E-06,0.337838203,,0.547296,,0,0,0,0,0,0,0,0.036808634
20,370,20370,7.12E-08,5.66E-07,0,2.43E-07,6.36E-05,0.07952928,8.04E-05,2.70E-06,0.135135281,,,,0,0,0,0,0,0,0,0.015156992
20,371,20371,8.31E-08,6.60E-07,0,1.03E-06,0.000108796,0.139228213,0.00013757,4.62E-06,0.067567641,,,,0,0,0,0,0,0,0,0.013987914
20,372,20372,8.31E-08,6.60E-07,0,9.73E-07,0.000213236,0.274717145,0.000269632,9.06E-06,0,,1.03851615,,0,0,0,0,0,0,0,0.032406017
20,373,20373,3.09E-07,2.45E-06,0,0,4.30E-05,0.050163703,5.44E-05,1.83E-06,0,,,,0,0,0,0,0,0,0,0.010624251
20,374,20374,1.07E-07,8.49E-07,0,0,0.000152248,0.194813676,0.000192514,6.47E-06,0,,0.1430393,,0,0,0,0,0,0,0,0.002030142
20,375,20375,1.13E-06,8.96E-06,0,5.47E-06,0.001092764,0.044306829,0.001381776,4.65E-05,0,,,,0,0,0,0,0,0,0,0.005638769
20,376,20376,0,0,0,5.47E-07,4.02E-05,0.045936579,5.08E-05,1.71E-06,0,,,,0,0,0,0,0,0,0,0.004102027
20,377,20377,6.06E-07,4.81E-06,0,1.76E-06,0.001161125,1.362664861,0.001468217,4.94E-05,0.141090876,,5.0660895,,0,0,0,0,0,0,0,0
20,378,20378,2.73E-07,2.17E-06,0,3.04E-07,0.000316335,0.387425629,0.000399999,1.34E-05,0.337838203,,,,0,0,0,0,0,0,0,0.109407791
20,379,20379,3.56E-08,2.83E-07,0,2.43E-07,0.000306171,0.474900395,0.000387146,1.30E-05,0,,,,0,0,0,0,0,0,0,0.025555631
20,380,20380,2.61E-07,2.08E-06,0,6.08E-07,0.000206422,0.141236505,0.000261016,8.77E-06,0.337838203,,,,0,0,0,0,0,0,0,0.040489498
20,381,20381,4.75E-07,3.77E-06,0,4.26E-07,0.000256911,0.148979173,0.000324858,1.09E-05,0.073501785,,,,0,0,0,0,0,0,3.01E-05,0.035913251
20,382,20382,2.37E-08,1.89E-07,0,4.86E-07,0.000131248,0.153492147,0.00016596,5.58E-06,0,,,,0,0,0,0,0,0,0,0.017228515
20,383,20383,1.19E-08,9.43E-08,0,0,5.96E-05,0.098647524,7.54E-05,2.54E-06,0.067567641,,,,0,0,0,0,0,0,0,0.013331589
20,384,20384,6.87E-06,5.46E-05,0,4.26E-07,0.000435631,0.445777529,0.000550846,1.85E-05,0.205669994,,,,0,0,0,0,0,0,0,0
20,385,20385,1.03E-05,8.15E-05,0,3.33E-05,0.007880344,0.572956853,0.009964522,0.000334978,1.216217531,,,,0,0,0,0,0.1323,0.0091,0.000111128,0.037278532
20,386,20386,1.90E-07,1.51E-06,0,4.86E-07,0.002015632,2.501798731,0.002548722,8.57E-05,0.002977797,,3.063035,,0,0,0,0,0,0,0,0
20,387,20387,3.44E-07,2.74E-06,0,1.28E-06,0.000275006,0.205715882,0.000347739,1.17E-05,1.354319885,,,,0,0,0,0,0,0,0,0.158903657
20,388,20388,2.37E-08,1.89E-07,0,0,0.000258921,0.381877773,0.0003274,1.10E-05,0,,,,0,0,0,0,0,0,0,0.074008849
20,389,20389,1.19E-07,9.43E-07,0,6.08E-08,0.000100419,0.140166076,0.000126977,4.27E-06,0.270270563,,,,0,0,0,0,0,0,0,0.028585429
20,390,20390,1.82E-05,0.000144229,0,6.81E-05,0.005057007,0.069524697,0.006394475,0.000214964,0.067567641,,,,0,0,0,0,0.0586,0.004,0.07929781,0.003602547
20,391,20391,3.56E-08,2.83E-07,0,4.86E-07,0.000360122,0.457434505,0.000455366,1.53E-05,0,,0.36841706,,0,0,0,0,0,0,0,0
20,392,20392,1.19E-07,9.43E-07,0,9.73E-07,0.00071019,0.835139849,0.00089802,3.02E-05,0,,,,0,0,0,0,0,0,0,0
20,393,20393,2.49E-07,1.98E-06,0,6.08E-08,0.000407259,0.523517301,0.00051497,1.73E-05,0.608108766,,,,0,0,0,0,0,0,0,0.071346097
20,394,20394,1.19E-08,9.43E-08,0,1.82E-07,0.000282378,0.318031738,0.000357061,1.20E-05,0,,,,0,0,0,0,0,0,0,0.000142809
20,395,20395,3.44E-07,2.74E-06,0,0,0.000171683,0.21917775,0.00021709,7.30E-06,0.067567641,,,,0,0,0,0,0,0,0,0.041266397
20,396,20396,2.26E-07,1.79E-06,0,7.29E-07,0.000363808,0.465513768,0.000460027,1.55E-05,0,,0.16025572,,0,0,0,0,0,0,0,0.007763412
20,397,20397,6.55E-06,5.21E-05,0,3.24E-05,0.004060976,2.926244317,0.005135015,0.000172624,1.554055735,,4.423162523,,0,0,0,0,0,0,0.004590968,0.097607744
20,398,20398,1.01E-06,8.02E-06,0,2.55E-06,0.000455849,0.440971836,0.000576411,1.94E-05,1.554055735,,0.44824401,,0,0,0,0,0,0,0,0.1446501
20,399,20399,1.47E-05,0.000116591,0,8.88E-06,0.002414067,0.436289756,0.003052534,0.000102617,0.340805275,,,,0,0,0,0,0,0,0,0.036730318
20,400,20400,2.61E-07,2.08E-06,0,4.86E-07,0.000137503,0.11275307,0.00017387,5.84E-06,0.202702922,,,,0,0,0,0,0,0,0,0.010049967
20,401,20401,7.12E-07,5.66E-06,0,5.30E-05,0.002263495,2.038920116,0.002862139,9.62E-05,5.675681813,,,,0,0,0,0,0,0,0,0.146384147
20,402,20402,3.56E-08,2.83E-07,0,1.82E-07,0.000106785,0.111347913,0.000135028,4.54E-06,0.135135281,,,,0,0,0,0,0,0,0,0.01554685
20,403,20403,3.91E-06,3.10E-05,0,2.07E-06,0.000240379,0.037372753,0.000303954,1.02E-05,0.540541125,,,,0,0,0,0,0,0,0,0.014958402
20,404,20404,9.50E-08,7.55E-07,0,0,7.95E-05,0.066449294,0.000100565,3.38E-06,1.08108225,,,,0,0,0,0,0,0,0,0.052957175
20,405,20405,1.95E-06,1.55E-05,0,3.65E-07,0.000184305,0.154593802,0.00023305,7.83E-06,0.205669994,,,,0,0,0,0,0,0,0,0.012306082
20,406,20406,2.97E-07,2.36E-06,0,2.49E-06,0.002305606,3.311392747,0.002915388,9.80E-05,0.067567641,,0.1572786,,0,0,0,0,0,0,0,0.070100975
20,407,20407,1.66E-07,1.32E-06,0,3.65E-07,0.001010999,1.556791104,0.001278386,4.30E-05,0,,21.2139855,,0,0,0,0,0,0,0,0.491979955
20,408,20408,0,0,0,0,4.98E-05,0.075473969,6.30E-05,2.12E-06,0,,0.080709825,,0,0,0,0,0,0,0,0.007609261
20,409,20409,6.73E-06,5.35E-05,0,1.67E-05,0.000943756,0.059381629,0.001193358,4.01E-05,0.138102354,,,,0,0,0,0,0,0,0.004572447,0.04189919
20,410,20410,1.78E-07,1.41E-06,0,2.43E-07,0.000436748,0.482544087,0.000552258,1.86E-05,0,,,,0,0,0,0,0,0,0,0
20,411,20411,2.37E-07,1.89E-06,0,3.04E-07,7.47E-05,0.030925092,9.45E-05,3.18E-06,0.135135281,,,,0,0,0,0,0,0,0,0.014096924
20,412,20412,2.97E-07,2.36E-06,0,1.40E-06,0.000332532,0.402558073,0.000420479,1.41E-05,0,,,,0,0,0,0,0,0,0,0.246624381
20,413,20413,5.45E-06,4.33E-05,0,0.000193924,0.00402311,1.787797931,0.005087134,0.000171015,0,,1.23379475,,0,5.19129,0.769,0.4,0,0,0.003409507,0.095165993
20,414,20414,1.19E-06,9.43E-06,0,1.34E-06,0.001147721,1.356834986,0.001451267,4.88E-05,3.918923157,,,,0,0,0,0,0,0,0,0.098028768
20,415,20415,1.19E-07,9.43E-07,0,7.90E-07,0.000456966,0.545747359,0.000577823,1.94E-05,0.138102354,,,,0,0,0,0,0,0,0,0
20,416,20416,2.45E-06,1.94E-05,0,0,6.42E-05,0.087372232,8.12E-05,2.73E-06,0,,,,0,0,0,0,0.0838,0.0058,0,0.000653217
20,417,20417,1.42E-07,1.13E-06,0,1.88E-06,0.000966208,1.384089939,0.001221748,4.11E-05,0.678643479,0.530586484,,,0,0,0,0,0,0,0,0.766279758
20,418,20418,1.61E-06,1.28E-05,0,1.16E-05,0.001288798,0.899724517,0.001629657,5.48E-05,0.54055185,,,,0,0,0,0,0,0,0,0.152944123
20,419,20419,1.54E-07,1.23E-06,0,6.08E-08,6.13E-05,0.067560727,7.75E-05,2.61E-06,0,,,,0,0,0,0,0,0,0,9.22E-06
20,420,20420,5.94E-08,4.72E-07,0,5.47E-07,0.000188327,0.26626154,0.000238135,8.01E-06,0,,,,0,0,0,0,0,0,0,0
20,421,20421,6.41E-07,5.09E-06,0,2.55E-06,0.000485003,0.294226238,0.000613275,2.06E-05,0.611075838,,,,0,0,0,0,0,0,0,0.096587941
20,422,20422,5.94E-08,4.72E-07,0,0,6.51E-05,0.100677994,8.23E-05,2.77E-06,0.070534713,,0.25425074,,0,0,0,0,0,0,0,0.015382603
20,423,20423,0,0,0,0,6.37E-05,0.094422099,8.05E-05,2.71E-06,0.005944869,,,,0,0,0,0,0,0,0,0.012716285
20,424,20424,1.31E-07,1.04E-06,0,3.04E-07,0.000455961,0.598085655,0.000576552,1.94E-05,0,,0.289757825,,0,0,0,0,0,0,0,0
20,425,20425,2.37E-08,1.89E-07,0,5.47E-07,0.000237922,0.303373018,0.000300847,1.01E-05,0,,,,0,0,0,0,0,0,0,0.003736024
20,426,20426,1.19E-08,9.43E-08,0,4.26E-07,0.000930017,1.254453479,0.001175986,3.95E-05,0,,,,0,0,0,0,0,0,0,0.371218991
20,427,20427,1.22E-06,9.72E-06,0,5.29E-06,0.001562799,0.427783895,0.001976125,6.64E-05,0.138102354,,,,0,0,0,0,0.0938,0.0064,0,0.150195041
20,428,20428,1.31E-07,1.04E-06,0,0,0.000182742,0.227179007,0.000231073,7.77E-06,0,,1.923945355,,0,0,0,0,0,0,0,0
20,429,20429,2.26E-07,1.79E-06,0,2.43E-07,0.00015962,0.205580458,0.000201836,6.79E-06,0.067567641,,,,0,0,0,0,0,0,0,0
20,430,20430,1.19E-07,9.43E-07,0,1.22E-07,3.66E-05,0.038533043,4.63E-05,1.56E-06,0.002967072,,4.006393,,0,0,0,0,0,0,0,0.012306082
20,431,20431,1.42E-07,1.13E-06,0,4.26E-07,0.000176375,0.147039091,0.000223022,7.50E-06,0.202702922,0.067207621,,,0,0,0,0,0.3384,0.0232,0,0.003336575
20,432,20432,2.37E-08,1.89E-07,0,1.22E-07,9.93E-05,0,0.000125565,4.22E-06,0,,,,0,0,0,0,0,0,0,1.82E-05
20,433,20433,0,0,0,6.08E-08,0.00032516,0.424438146,0.000411157,1.38E-05,0,,,,0,0,0,0,0,0,0,0.017431746
20,434,20434,2.37E-08,1.89E-07,0,1.22E-07,0.000494721,0.631856117,0.000625563,2.10E-05,0,,,,0,0,0,0,0,0,0,0.004356345
20,435,20435,5.94E-08,4.72E-07,0,3.04E-07,0.000249427,0.317719424,0.000315395,1.06E-05,0,,,,0,0,0,0,0,0,0,3.31E-05
20,436,20436,3.75E-06,2.98E-05,0,0,9.71E-05,0.143880981,0.00012274,4.13E-06,0,,,,0,0,0,0,0,0,0,0.000958678
20,437,20437,1.50E-06,1.19E-05,0,3.59E-06,0.001060259,1.284718158,0.001340674,4.51E-05,0,,0.27709825,,0,0,0,0,0,0,0,9.91E-05
20,438,20438,9.50E-08,7.55E-07,0,1.22E-07,0.000180619,0.227157041,0.000228389,7.68E-06,0,,,,0,0,0,0,0,0,0,0.001616594
20,439,20439,6.29E-07,5.00E-06,0,2.02E-05,0.00235777,3.201810036,0.002981348,0.000100224,3.71623096,,0.64777039,,0,0,0,0,0,0,0,0.163199404
20,440,20440,4.75E-08,3.77E-07,0,1.82E-07,9.42E-05,0.123450294,0.000119067,4.00E-06,0,,,,0,0,0,0,0,0,0,0.033041852
20,441,20441,8.19E-06,6.51E-05,0,5.71E-06,0.000939511,0.877455564,0.001187991,3.99E-05,0.540541125,,,,0,0,0,0,0,0,0,0.114298373
20,442,20442,3.56E-08,2.83E-07,0,6.08E-08,3.09E-05,0,3.91E-05,1.32E-06,0,,,,0,0,0,0,0,0,0,3.10E-06
20,443,20443,1.07E-07,8.49E-07,0,0,4.32E-05,0.056451487,5.47E-05,1.84E-06,0,,,,0,0,0,0,0,0,0,8.50E-06
20,444,20444,0,0,0,1.82E-07,4.68E-05,0.056363575,5.92E-05,1.99E-06,0,,,,0,0,0,0,0,0,0,0.007383649
20,445,20445,1.19E-07,9.43E-07,0,0,0.00013795,0.175859615,0.000174435,5.86E-06,0,,,,0,0,0,0,0,0,0,0.02235605
20,446,20446,7.12E-08,5.66E-07,0,1.82E-07,0.000703377,0.900220105,0.000889404,2.99E-05,0,,0.145482705,,0,0,0,0,0,0,0,0.109113931
20,447,20447,1.15E-06,9.15E-06,0,4.56E-06,0.001458582,1.7328828,0.001844345,6.20E-05,0.067567641,,,,0,0,0,0,0,0,0,0
20,448,20448,0,0,0,0,0.000221948,0.290068521,0.000280649,9.43E-06,0,,,,0,0,0,0,0,0,0,0
20,449,20449,8.07E-07,6.41E-06,0,1.03E-06,0.000332532,0.383536103,0.000420479,1.41E-05,0.202702922,,,,0,0,0,0,0,0,0,0.165952118
20,450,20450,8.31E-08,6.60E-07,0,6.69E-07,0.001388435,1.63090117,0.001755645,5.90E-05,0,,,,0,0,0,0,0,0,0,0
20,451,20451,7.12E-08,5.66E-07,0,3.04E-07,8.49E-05,0.114317766,0.000107344,3.61E-06,0,,,,0,0,0,0,0,0,0,0.036754166
20,452,20452,2.14E-06,1.70E-05,0,1.52E-06,0.000405695,0.446076634,0.000512993,1.72E-05,0.540541125,,,,0,0,0,0,0.1005,0.0069,0,0.090298628
20,453,20453,4.87E-07,3.87E-06,0,2.25E-06,0.000468583,0.491215229,0.000592513,1.99E-05,0,,0.31376393,,0,0,0,0,0,0,0.002217169,0.057995058
20,454,20454,1.66E-07,1.32E-06,0,3.04E-07,0.000389052,0.501639184,0.000491948,1.65E-05,0,,,,0,0,0,0,0,0,0,8.97E-05
20,455,20455,7.96E-07,6.32E-06,0,3.65E-07,0.000252666,0.331445208,0.000319491,1.07E-05,0.067567641,,,,0,0,0,0,0,0,0,0.01940259
20,456,20456,2.56E-06,2.04E-05,0,4.86E-07,0.00017738,0.15169291,0.000224293,7.54E-06,0,,,,0,0,0,0,0,0,0,0.008204055
20,457,20457,4.75E-08,3.77E-07,0,0,0.000345824,0.490256771,0.000437287,1.47E-05,0,,,,0,0,0,0,0,0,0,0.000149003
20,458,20458,3.56E-08,2.83E-07,0,6.08E-08,0.000145322,0.206228868,0.000183757,6.18E-06,0.002967072,,,,0,0,0,0,0,0,0,3.94E-05
20,459,20459,1.52E-06,1.21E-05,0,4.50E-06,0.000475508,0.375971122,0.00060127,2.02E-05,0.070534713,,,,0,0,0,0,0,0,6.37E-05,0.073477567
20,460,20460,1.42E-07,1.13E-06,0,7.90E-07,0.000572799,0.683164352,0.000724292,2.43E-05,0.135135281,,0.11795895,,0,0,0,0,0,0,0,0.266382991
20,461,20461,4.75E-08,3.77E-07,0,2.43E-07,5.74E-05,0.059496238,7.26E-05,2.44E-06,0.276204707,,,,0,0,0,0,0,0,0,0.015136481
20,462,20462,5.94E-07,4.72E-06,0,1.76E-06,0.000424126,0.316258377,0.000536298,1.80E-05,0.611075838,,,,0,0,0,0,0,0,0,0.03732845
20,463,20463,5.94E-08,4.72E-07,0,0,6.38E-05,0.087004611,8.06E-05,2.71E-06,0.138102354,,,,0,0,0,0,0.2312,0.0159,0,0.033431524
20,464,20464,2.14E-07,1.70E-06,0,0,4.43E-05,0.047950122,5.61E-05,1.89E-06,0.205680719,,,,0,0,0,0,0,0,0,0.021658705
20,465,20465,3.56E-08,2.83E-07,0,6.08E-07,0.000179726,0.199199752,0.000227259,7.64E-06,0,,,,0,0,0,0,0,0,0,8.22E-05
20,466,20466,1.19E-08,9.43E-08,0,6.08E-08,0.001380057,1.463857631,0.001745052,5.87E-05,0.002967072,,0.39428109,,0,0,0,0,0,0,0,0.048993126
20,467,20467,1.59E-06,1.26E-05,0,1.05E-05,0.001862156,2.150705359,0.002354655,7.92E-05,3.716220235,,,,0,0,0,0,0,0,0,0.262971346
20,468,20468,9.50E-08,7.55E-07,0,3.04E-07,0.001428758,2.386517094,0.001806634,6.07E-05,1.418920453,,,,0,0,0,0,0,0,0,0.574823049
20,469,20469,1.97E-06,1.57E-05,0,1.95E-05,0.004111911,4.345631272,0.005199421,0.000174789,0.340826725,,3.8918718,,0,0,0,0,0,0,0,0.073590373
20,470,20470,4.75E-08,3.77E-07,0,9.12E-07,0.000460429,0.546397627,0.000582202,1.96E-05,0,,2.2160216,,0,0,0,0,0,0,0,0.43932446
20,471,20471,1.19E-07,9.43E-07,0,1.82E-07,4.46E-05,0.051860892,5.64E-05,1.89E-06,0,,,,0,0,0,0,0,0,0,1.12E-05
20,472,20472,1.90E-07,1.51E-06,0,2.37E-06,0.000307064,0.223727604,0.000388276,1.31E-05,0.002967072,,,,0,0,0,0,0,0,0,0.106579797
20,473,20473,1.42E-07,1.13E-06,0,0,0.00013795,0.197374262,0.000174435,5.86E-06,1.07E-05,,,,0,0,0,0,0,0,0,1.97E-05
20,474,20474,1.90E-07,1.51E-06,0,4.26E-07,0.000325718,0.330453021,0.000411863,1.38E-05,1.084049322,,,,0,0,0,0,0,0,0,0.02840099
20,475,20475,4.22E-06,3.35E-05,0,4.19E-06,0.000982181,0.993825381,0.001241946,4.18E-05,1.959461578,,0.04755572,,0,0,0,0,0,0,0,0.151150349
20,476,20476,1.31E-07,1.04E-06,0,1.82E-07,2.76E-05,0.030772125,3.49E-05,1.17E-06,0,,,,0,0,0,0,0,0,0,0.005455697
20,477,20477,0,0,0,1.82E-07,0.000161184,0.177801609,0.000203813,6.85E-06,0,,0.43809825,,0,0,0,0,0,0,0,0
20,478,20478,5.94E-08,4.72E-07,0,0,0.000208991,0.294501514,0.000264265,8.88E-06,0.073501785,,0.0483,,0,0,0,0,0,0,0,0.006320695
20,479,20479,2.37E-08,1.89E-07,0,0,2.08E-05,0.034069229,2.63E-05,8.83E-07,0,,,,0,0,0,0,0,0,0,0.008122014
20,480,20480,0,0,0,0,9.32E-05,0.135678389,0.000117796,3.96E-06,0,,,,0,0,0,0,0,0,0,0.015751786
20,481,20481,1.19E-07,9.43E-07,0,6.08E-07,0.000230996,0.277982025,0.00029209,9.82E-06,0,,0.18918432,,0,0,0,0,0,0,0,0.103576194
20,482,20482,6.32E-06,5.02E-05,0,4.05E-05,0.00484299,3.439546078,0.006123854,0.000205866,5.675681813,,,,0,0,0,0,0,0,0,0.254829445
20,483,20483,6.17E-07,4.91E-06,0,3.04E-06,0.000981064,0.567512918,0.001240533,4.17E-05,0.472984209,,0.3684393,,0,0,0,0,0.2898,0.0199,0,0.14590316
20,484,20484,1.42E-07,1.13E-06,0,1.52E-06,0.000417312,0.397218708,0.000527682,1.77E-05,0,,,,0,0,0,0,0,0,0,0.046619542
20,485,20485,0,0,0,6.08E-07,0.000303601,0.411648336,0.000383897,1.29E-05,0.070534713,,,,0,0,0,0,0,0,0,0.023908419
20,486,20486,2.73E-07,2.17E-06,0,1.64E-06,0.000239485,0.274199932,0.000302824,1.02E-05,0.948914041,,,,0,0,0,0,0,0,0,0.057100223
20,487,20487,3.80E-07,3.02E-06,0,2.43E-07,0.000207986,0.230248388,0.000262994,8.84E-06,0,,,,0,0,0,0,0,0,0,0.083406799
20,488,20488,9.50E-08,7.55E-07,0,0,1.25E-05,0.017085653,1.58E-05,5.32E-07,0,,,,0,0,0,0,0,0,0,0.004717332
20,489,20489,2.37E-08,1.89E-07,0,1.82E-07,0.000510694,0.686851084,0.000645761,2.17E-05,0.002967072,,,,0,0,0,0,0,0,0,0.029052909
20,490,20490,2.37E-08,1.89E-07,0,1.22E-07,0.0003265,0.416950154,0.000412852,1.39E-05,0,,,,0,0,0,0,0,0,0,0.003811215
20,491,20491,2.73E-07,2.17E-06,0,3.04E-07,0.0004802,0.667994054,0.000607202,2.04E-05,2.14E-05,,0.36806716,,0,0,0,0,0,0,0,0
20,492,20492,5.94E-08,4.72E-07,0,0,0.000361574,0.472965289,0.000457202,1.54E-05,0.138102354,,0.161,,0,0,0,0,0,0,0,0.062761021
20,493,20493,9.50E-08,7.55E-07,0,0,5.12E-05,0.016551808,6.47E-05,2.17E-06,0.951891838,,,,0,0,0,0,0,0,0,0.052916155
20,494,20494,0,0,0,6.08E-08,0.000495949,0.721465151,0.000627117,2.11E-05,0,,,,0,0,0,0,0,0,0,0.176368179
20,495,20495,1.07E-07,8.49E-07,0,1.09E-06,0.000309745,0.403876877,0.000391666,1.32E-05,0,,1.2854465,,0,0,0,0,0,0,0,0
20,496,20496,1.07E-07,8.49E-07,0,3.04E-07,0.000184752,0.167328827,0.000233615,7.85E-06,0.002988522,,,,0,0,0,0,0,0,0,2.59E-05
20,497,20497,2.37E-08,1.89E-07,0,2.43E-07,0.000447136,0.549584305,0.000565394,1.90E-05,0,,,,0,0,0,0,0,0,0,0.018848961
20,498,20498,8.31E-08,6.60E-07,0,6.08E-08,0.000590559,0.742332709,0.000746749,2.51E-05,1.959461578,,19.86324365,,0,0,0,0,0,0,0,1.351972941
20,499,20499,8.79E-07,6.98E-06,0,2.19E-06,0.000229097,0.159867377,0.000289689,9.74E-06,0.135135281,,,,0,0,0,0,0,0,0,0.012306082
20,500,20500,4.63E-07,3.68E-06,0,2.92E-06,0.000807146,1.060195045,0.001020619,3.43E-05,1.07E-05,,,,0,0,0,0,0,0,0,0.061407352
20,501,20501,1.31E-07,1.04E-06,0,1.82E-07,7.61E-05,0.087004426,9.62E-05,3.23E-06,0,,,,0,0,0,0,0,0,0,0.008819359
20,502,20502,2.73E-07,2.17E-06,0,4.26E-07,0.00055906,0.666569351,0.000706919,2.38E-05,0,,,,0,0,0,0,0,0,0,0.000223396
20,503,20503,2.85E-07,2.26E-06,0,6.08E-08,4.76E-05,0.053163205,6.02E-05,2.02E-06,0,,,,0,0,0,0,0,0,0,3.67E-06
20,504,20504,2.61E-07,2.08E-06,0,2.43E-07,0.000155822,0.195084089,0.000197033,6.62E-06,0.070545438,,1.96175615,,0,0,0,0,0,0,0,1.92E-05
20,505,20505,1.07E-06,8.49E-06,0,3.40E-06,0.000835742,0.300049356,0.001056777,3.55E-05,4.527031922,,,,0,0,0,0,0,0,0,0.341414845
20,506,20506,2.07E-06,1.64E-05,0,5.47E-07,8.09E-05,0.100145854,0.00010226,3.44E-06,0,,,,0,0,0,0,0,0,0,0.049025968
20,507,20507,2.61E-07,2.08E-06,0,8.51E-07,0.000322814,0.371789306,0.000408191,1.37E-05,0.337838203,,,,0,0,0,0,0,0,0,0.024092657
20,508,20508,1.66E-07,1.32E-06,0,9.73E-07,0.000153029,0.105732235,0.000193502,6.50E-06,0.070545438,,,,0,0,0,0,0,0,0,0.140943322
20,509,20509,2.14E-07,1.70E-06,0,1.34E-06,0.001003739,1.373831456,0.001269206,4.27E-05,0.202702922,,,,0,0,0,0,0,0,0,0.070293868
20,510,20510,5.94E-08,4.72E-07,0,3.04E-07,0.000223065,0.268214793,0.000282061,9.48E-06,0,,,,0,0,0,0,0,0,0,0.00744518
20,511,20511,4.75E-08,3.77E-07,0,2.43E-07,0.000367941,0.509057283,0.000465253,1.56E-05,0,,,,0,0,0,0,0,0,0,0.069816508
20,512,20512,9.50E-08,7.55E-07,0,1.82E-07,0.000104216,0.148869782,0.000131779,4.43E-06,0,,,,0,0,0,0,0,0,0,0
20,513,20513,6.29E-07,5.00E-06,0,2.13E-06,0.000884443,0.837761908,0.001118359,3.76E-05,0.067567641,,4.159964635,,0,0,0,0,0,0,0,0.445774229
20,514,20514,0,0,0,0,9.43E-05,0.119030598,0.000119209,4.01E-06,0,,,,0,0,0,0,0,0,0,2.77E-05
20,515,20515,1.03E-05,8.19E-05,0,5.36E-05,0.006722459,3.409094856,0.008500402,0.000285759,1.430788742,,2.860786,,0,0,0,0,0.3635,0.025,0.008314384,0.574928219
20,516,20516,1.19E-07,9.43E-07,0,1.28E-06,0.000421445,0.539069041,0.000532908,1.79E-05,0.002967072,,,,0,0,0,0,0,0,0,0
20,517,20517,1.31E-07,1.04E-06,0,7.29E-07,0.000412956,0.498162446,0.000522174,1.76E-05,0,,,,0,0,0,0,0,0,0,5.98E-05
20,518,20518,5.94E-08,4.72E-07,0,0,1.62E-05,0.015797347,2.05E-05,6.88E-07,0.067567641,,,,0,0,0,0,0,0,0,0.012306082
20,519,20519,9.62E-07,7.64E-06,0,5.47E-07,0.000213348,0.156971307,0.000269773,9.07E-06,0,,,,0,0,0,0,0,0,0,0.023024975
20,520,20520,1.02E-06,8.11E-06,0,3.10E-06,0.000700919,0.397523353,0.000886297,2.98E-05,0.810811688,,,,0,0,0,0,0,0,0.164375378,0.080953513
20,521,20521,0,0,0,0,3.19E-05,0.053069203,4.04E-05,1.36E-06,0,,,,0,0,0,0,0,0,0,0.007034977
20,522,20522,1.01E-06,8.02E-06,0,2.43E-07,0.000100642,0.136948142,0.00012726,4.28E-06,0,,,,0,0,0,0,0,0,0,1.35E-05
20,523,20523,1.78E-07,1.41E-06,0,4.86E-07,0.00015895,0.137098682,0.000200988,6.76E-06,1.148649891,,,,0,0,0,0,0,0,0,0.074451799
20,524,20524,1.42E-06,1.13E-05,0,0,4.48E-05,0.053217593,5.66E-05,1.90E-06,0,,,,0,0,0,0,0,0,0,0.017208005
20,525,20525,1.86E-06,1.48E-05,0,1.07E-05,0.001236075,1.030975144,0.00156299,5.25E-05,1.486488094,,,,0,0,0,0,0.1089,0.0075,0,0.700434388
20,526,20526,1.53E-06,1.22E-05,0,5.71E-06,0.001661095,2.254482561,0.002100418,7.06E-05,0,,,,0,0,0,0,0,0,0,0.127195054
20,527,20527,6.06E-07,4.81E-06,0,6.08E-08,0.00031075,0.432784217,0.000392937,1.32E-05,0,,1.6025572,,0,0,0,0,0,0,0,0.001395722
20,528,20528,2.73E-07,2.17E-06,0,1.82E-07,0.000117509,0.128901389,0.000148587,5.00E-06,0.067567641,,,,0,0,0,0,0,0,0,0.01486985
20,529,20529,0,0,0,0,0.000147556,0.195712342,0.000186581,6.27E-06,0,,,,0,0,0,0,0,0,0,0.006563244
20,530,20530,2.97E-06,2.36E-05,0,4.26E-07,0.00030874,0.352247832,0.000390394,1.31E-05,0.337838203,,0.49872786,,0,0,0,0,0,0,0,0.142848827
20,531,20531,2.11E-06,1.68E-05,0,1.03E-06,0.000201619,0.208820572,0.000254943,8.57E-06,0.070534713,,,,0,0,0,0,0,0,0,0.109172842
20,532,20532,0,0,0,9.12E-07,0.00041977,0.592435037,0.00053079,1.78E-05,0.067567641,,,,0,0,0,0,0,0,0,0.057551446
20,533,20533,5.94E-08,4.72E-07,0,4.86E-07,0.000219826,0.225149944,0.000277965,9.34E-06,0.135135281,,,,0,0,0,0,0,0,0,0
20,534,20534,5.58E-07,4.43E-06,0,4.86E-07,0.000364813,0.445364616,0.000461298,1.55E-05,0,,,,0,0,0,0,0,0,0,0.152403408
20,535,20535,2.26E-07,1.79E-06,0,1.03E-06,0.000347165,0.515856002,0.000438982,1.48E-05,0.002977797,,,,0,0,0,0,0,0,0,0
20,536,20536,2.26E-07,1.79E-06,0,0,5.05E-05,0.072157333,6.38E-05,2.15E-06,0,,,,0,0,0,0,0,0,0,0.019197489
20,537,20537,6.65E-07,5.28E-06,0,2.25E-06,0.000694217,0.780436185,0.000877823,2.95E-05,0.205669994,,,,0,0,0,0,0,0,0,0.084071053
20,538,20538,3.32E-07,2.64E-06,0,6.08E-08,7.76E-05,0.111374693,9.82E-05,3.30E-06,0.067567641,,,,0,0,0,0,0,0,0,0
20,539,20539,7.60E-07,6.04E-06,0,1.95E-06,0.000472716,0.052305088,0.000597739,2.01E-05,0.002967072,,,,0,0,0,0,0,0,0,0.13360751
20,540,20540,3.19E-06,2.54E-05,0,1.02E-05,0.000775535,0.417663163,0.000980647,3.30E-05,1.013514609,,,,0,0,0,0,0,0,0,0.070380537
20,541,20541,1.78E-07,1.41E-06,0,2.43E-07,0.000168779,0.199888172,0.000213418,7.17E-06,0,,,,0,0,0,0,0,0,0,2.49E-05
20,542,20542,1.19E-07,9.43E-07,0,1.82E-07,7.39E-05,0.094934565,9.35E-05,3.14E-06,0,,,,0,0,0,0,0,0,0,0.032422925
20,543,20543,8.31E-08,6.60E-07,0,4.86E-07,0.000596256,0.799008317,0.000753953,2.53E-05,0,,1.2617532,,0,0,0,0,0,0,0,0.121625399
20,544,20544,1.07E-07,8.49E-07,0,8.51E-07,0.000122535,0.100238946,0.000154943,5.21E-06,1.07E-05,,0.05579179,,0,0,0,0,0,0,0,1.78E-05
20,545,20545,1.23E-06,9.81E-06,0,1.07E-05,0.001056685,0.498828381,0.001336155,4.49E-05,0.067567641,0.297128431,,,0,0,0,0,0.0352,0.0024,0,0.003811215
20,546,20546,1.49E-05,0.000118006,0,2.61E-06,0.000606533,0.244543322,0.000766947,2.58E-05,0.135135281,,0.059909825,,0,0,0,0,0,0,0,0.045423421
20,547,20547,2.97E-07,2.36E-06,0,1.82E-07,0.000103323,0.112880976,0.000130649,4.39E-06,0.675676406,,,,0,0,0,0,0,0,0,0.033103362
20,548,20548,3.92E-07,3.11E-06,0,7.90E-07,0.000157051,0.185956466,0.000198587,6.68E-06,0.135135281,,,,0,0,0,0,0,0,0,0.043645572
20,549,20549,1.45E-06,1.15E-05,0,3.77E-06,0.001168162,1.414950497,0.001477115,4.97E-05,0.945946969,,,,0,0,0,0,0,0,0,0.244439818
20,550,20550,2.29E-06,1.82E-05,0,1.16E-06,0.000502763,0.254313034,0.000635733,2.14E-05,0.340805275,,,,0,0,0,0,0,0,0,0.073852217
20,551,20551,7.36E-06,5.85E-05,0,2.35E-05,0.001866959,0.639459556,0.002360728,7.94E-05,2.097563932,,,,0,0,0,0,0.072,0.0049,0.001468971,0.369496033
20,552,20552,2.85E-07,2.26E-06,0,6.08E-08,5.17E-05,0.07045925,6.54E-05,2.20E-06,0.067567641,,,,0,0,0,0,0,0,0,0.017515657
20,553,20553,9.07E-06,7.21E-05,0,1.26E-05,0.001020829,0.690994471,0.001290816,4.34E-05,0.202713647,,0.059909825,,0,0,0,0,0.0519,0.0036,0,0.084268277
20,554,20554,1.42E-07,1.13E-06,0,1.64E-06,0.000513151,0.613268867,0.000648868,2.18E-05,0,,0.1572786,,0,0,0,0,0,0,0,0.000141009
20,555,20555,2.37E-08,1.89E-07,0,1.22E-07,0.000318011,0.379784806,0.000402118,1.35E-05,0.810811688,,,,0,0,0,0,0,0,0,0.110034321
20,556,20556,0,0,0,0,2.47E-05,0.028256857,3.12E-05,1.05E-06,0.067567641,,,,0,0,0,0,0,0,0,0.009680785
20,557,20557,2.18E-06,1.74E-05,0,6.93E-06,0.001531858,0.424477,0.001937001,6.51E-05,0.608108766,,,,0,0,0,0,0,0,0.000906386,0.176998591
20,558,20558,8.31E-08,6.60E-07,0,3.04E-07,0.00017146,0.212248344,0.000216807,7.29E-06,0,,0.23069238,,0,0,0,0,0,0,0,0.001419219
20,559,20559,1.51E-06,1.20E-05,0,1.11E-05,0.002274553,3.340282762,0.002876122,9.67E-05,0.211604139,,,,0,0,0,0,0,0,0,0.743633645
20,560,20560,5.46E-07,4.34E-06,0,1.46E-06,0.000619378,0.736621468,0.00078319,2.63E-05,0.07351251,,10.59417224,,0,0,0,0,0,0,0,0.084503226
20,561,20561,2.39E-06,1.90E-05,0,1.03E-06,0.000284501,0.353083718,0.000359745,1.21E-05,0.002967072,,,,0,0,0,0,0,0,0,0.151463614
20,562,20562,3.92E-07,3.11E-06,0,0,0.000131695,0.178371203,0.000166525,5.60E-06,0.070534713,,,,0,0,0,0,0,0,0,0.015915867
20,563,20563,3.68E-07,2.92E-06,0,0,0.000124993,0.151979256,0.00015805,5.31E-06,0.067567641,,,,0,0,0,0,0,0,0,0.054586421
20,564,20564,2.91E-06,2.31E-05,0,4.86E-07,0.000131806,0,0.000166666,5.60E-06,0.002967072,,,,0,0,0,0,0,0,0,0.048526985
20,565,20565,8.49E-06,6.74E-05,0,2.23E-05,0.003536878,1.084397912,0.004472305,0.000150346,0.878379328,,0.1269393,,0,0,0,0,0.1122,0.0077,0,0.136348579
20,566,20566,9.50E-08,7.55E-07,0,4.26E-07,0.00038034,0.517729598,0.000480931,1.62E-05,0.002967072,,1.08209825,,0,0,0,0,0,0,0,0
20,567,20567,1.54E-07,1.23E-06,0,7.29E-07,0.000329851,0.330939156,0.000417089,1.40E-05,0.337838203,,0.483,,0,0,0,0,0,0,0,0.040179359
20,568,20568,2.59E-06,2.06E-05,0,1.82E-07,0.000145322,0.132232385,0.000183757,6.18E-06,0.135135281,,0.81015495,,0,0,0,0,0,0,0,0.013700772
20,569,20569,5.94E-08,4.72E-07,0,6.08E-07,0.000177715,0.23779104,0.000224717,7.55E-06,0,,,,0,0,0,0,0,0,0,0.04924484
20,570,20570,3.85E-06,3.06E-05,0,1.85E-05,0.002081312,1.461898538,0.002631773,8.85E-05,2.43541286,,,,0,0,0,0,0,0,0,0.222104865
21,1,21001,1.68E-05,0.000133193,5.77E-05,1.45E-05,0.099023944,3.193484054,0.007735008,0.000260028,4.932437766,,0.05213893,,0,0,0,0,0.6537,0.0449,0,0.551691395
21,2,21002,9.14E-07,7.26E-06,1.21E-05,3.04E-06,0.014821767,1.29484418,0.001157765,3.89E-05,0.945946969,,,,0,0,0,0,0,0,0,0
21,3,21003,5.75E-06,4.57E-05,0.000121805,3.05E-05,0.056798995,1.934098302,0.004436712,0.000149149,1.621623375,,,,0,0,0,0,0,0,0.002376281,0.408820386
21,4,21004,6.78E-06,5.39E-05,9.29E-05,2.33E-05,0.08931575,2.606192067,0.006976677,0.000234535,4.459464282,,,,0,0,0,0,0,0,0,0
21,5,21005,1.30E-05,0.000103196,1.94E-06,4.86E-07,0.005064752,0.457439388,0.00039562,1.33E-05,1.756758656,,,,0,0,0,0,0,0,0,0.094811294
21,6,21006,4.63E-07,3.68E-06,7.04E-06,1.76E-06,0.026206158,1.934425152,0.002047029,6.88E-05,0,,,,0,0,0,0,0,0,0,0
21,7,21007,2.14E-07,1.70E-06,4.85E-07,1.22E-07,0.005869398,0.51898881,0.000458473,1.54E-05,0.472973484,,,,0,0,0,0,0,0,0,0.027300193
21,8,21008,4.99E-07,3.96E-06,1.09E-05,2.74E-06,0.018232022,0.859198487,0.001424149,4.79E-05,1.959472303,,0.00786393,,0,0,0,0,0.0677,0.0047,1.180384957,0.085313102
21,9,21009,1.31E-07,1.04E-06,1.21E-06,3.04E-07,0.003401213,0.202534018,0.000265677,8.93E-06,0.205669994,,,,0,0,0,0,0,0,0,0.022124531
21,10,21010,6.16E-05,0.000489474,7.25E-05,1.82E-05,0.107148161,7.178744257,0.008369611,0.000281362,0.878379328,0.516437511,0.08058215,,0,0,0,0,0,0,0,0.032987733
21,11,21011,1.31E-07,1.04E-06,1.94E-06,4.86E-07,0.002987137,0.11705984,0.000233333,7.84E-06,0.135135281,,,,0,0,0,0,0,0,0,0.027868947
21,12,21012,4.39E-07,3.49E-06,7.28E-06,1.82E-06,0.010474869,0.277474624,0.000818218,2.75E-05,6.554061141,,0.0805,,0,0,0,0,0,0,0,0.296491468
21,13,21013,1.46E-05,0.000115836,6.43E-05,1.61E-05,0.032930832,0.782977199,0.00257231,8.65E-05,2.432435063,0.007074486,,,0,0,0,0,0.2604,0.0179,0.000967952,0.051187861
21,14,21014,5.46E-07,4.34E-06,2.67E-06,6.69E-07,0.009538224,0.67825975,0.000745055,2.50E-05,0,,0.090643,,0,0,0,0,0,0,0,0
21,15,21015,3.26E-05,0.000258839,0.000148981,3.73E-05,0.157987347,0.733189457,0.012340787,0.000414861,3.040543828,,0.247201994,,0,0,0,0,0.461,0.0317,0.044256017,0.295752088
21,16,21016,6.17E-07,4.91E-06,2.91E-06,7.29E-07,0.013608469,1.007935292,0.001062992,3.57E-05,1.756758656,,,,0,0,0,0,0,0,9.40E-05,0.003298773
21,17,21017,5.09E-06,4.05E-05,3.06E-05,7.66E-06,0.044805243,3.162842904,0.00349985,0.000117655,0.067567641,,0.001771,,0,0,0,0,0.0729,0.005,0.003690243,0
21,18,21018,1.31E-07,1.04E-06,2.43E-06,6.08E-07,0.006670428,0.366662292,0.000521044,1.75E-05,0.408372916,,,,0,0,0,0,0,0,0,0.007109425
21,19,21019,2.77E-05,0.00022007,0.000487221,0.000122069,0.217766246,2.75800534,0.017010266,0.000571835,17.36785071,,0.18284102,,0,0,0,0,0.7865,0.054,0.000119296,0.477753373
21,20,21020,4.65E-06,3.70E-05,7.28E-06,1.82E-06,0.011697208,0.367155173,0.000913698,3.07E-05,2.702705625,,,,0,0,0,0,0,0,0,0.062449191
21,21,21021,1.19E-07,9.43E-07,4.85E-07,1.22E-07,0.002139094,0.097174567,0.00016709,5.62E-06,0.472973484,0.740787162,,,0,0,0,0,0,0,0,0.026276436
21,22,21022,1.50E-06,1.19E-05,6.07E-06,1.52E-06,0.018969765,1.379726417,0.001481776,4.98E-05,3.516484385,,,,0,0,0,0,0,0,0,0.191556352
21,23,21023,4.51E-07,3.58E-06,6.07E-06,1.52E-06,0.014212406,0.62662137,0.001110167,3.73E-05,2.635137985,,0.03145572,,0,0,0,0,0,0,0,0.240127945
21,24,21024,2.37E-08,1.89E-07,4.85E-07,1.22E-07,0.001576745,0.061577896,0.000123164,4.14E-06,0.135135281,,,,0,0,0,0,0,0,0,0.01632324
21,25,21025,1.04E-06,8.30E-06,1.41E-05,3.53E-06,0.014617441,1.2160495,0.001141805,3.84E-05,0.337838203,,,,0,0,0,0,0,0,0.075180762,0
21,26,21026,9.62E-07,7.64E-06,1.33E-05,3.34E-06,0.023304006,1.174106677,0.001820334,6.12E-05,2.364867422,,0.043922325,,0,0,0,0,0,0,0,0.170626205
21,27,21027,3.56E-08,2.83E-07,2.43E-07,6.08E-08,0.008077203,0.606727408,0.000630931,2.12E-05,0.067567641,,,,0,0,0,0,0,0,0,0.003696901
21,28,21028,4.75E-08,3.77E-07,2.43E-07,6.08E-08,0.004149806,0.321836854,0.000324152,1.09E-05,0,,,,0,0,0,0,0,0,0,0
21,29,21029,5.22E-07,4.15E-06,2.91E-06,7.29E-07,0.00696878,0.45599278,0.000544349,1.83E-05,0,,,,0,0,0,0,0,0,0,0
21,30,21030,0,0,0,0,0.001245846,0.086647519,9.73E-05,3.27E-06,0.067567641,,,,0,0,0,0,0,0,0,0
21,31,21031,8.43E-07,6.70E-06,4.37E-06,1.09E-06,0.005455322,0.364133474,0.000426129,1.43E-05,1.959461578,,,,0,0,0,0,0,0,0,0.102830726
21,32,21032,5.94E-08,4.72E-07,7.28E-07,1.82E-07,0.002323529,0.162411629,0.000181497,6.10E-06,0.540541125,,,,0,0,0,0,0,0,0,0.049197222
21,33,21033,8.82E-06,7.01E-05,1.21E-06,3.04E-07,0.008073587,0.676226302,0.000630648,2.12E-05,1.216217531,,,,0,0,0,0,0,0,0,0.089066879
21,34,21034,4.53E-05,0.000360243,6.55E-05,1.64E-05,0.056563929,1.709910027,0.00441835,0.000148532,2.432435063,,,,0,0,0,0,0,0,0,0.142188504
21,35,21035,5.88E-06,4.67E-05,2.60E-05,6.50E-06,0.037445893,1.491052173,0.002924992,9.83E-05,0.205669994,2.327506041,,,0,0,0,0,0.5209,0.0358,0,0
21,36,21036,3.32E-07,2.64E-06,7.04E-06,1.76E-06,0.023743397,1.920425244,0.001854656,6.23E-05,0,,0.03553086,,0,0,0,0,0,0,0,0
21,37,21037,6.65E-07,5.28E-06,1.21E-06,3.04E-07,0.003902083,0.168698935,0.000304801,1.02E-05,0.540541125,,,,0,0,0,0,0,0,0,0.020304518
21,38,21038,2.52E-06,2.00E-05,2.16E-05,5.41E-06,0.013565072,0.338442894,0.001059602,3.56E-05,0.878379328,,,,0,0,0,0,0.224,0.0154,0,0.041689669
21,39,21039,3.21E-07,2.55E-06,5.58E-06,1.40E-06,0.015340719,1.108815413,0.001198302,4.03E-05,0.067567641,,,,0,0,0,0,0,0,0,0
21,40,21040,6.82E-06,5.41E-05,3.64E-06,9.12E-07,0.014751248,0.811421951,0.001152257,3.87E-05,1.824326297,,,,0,0,0,0,0,0,0,0.193376365
21,41,21041,0.000363251,0.002885811,0.000160628,4.02E-05,0.109287254,0.251236475,0.008536701,0.000286979,1.08108225,,,,0,0,0,0,0,0,0.060696068,0.159251124
21,42,21042,1.78E-07,1.41E-06,2.43E-06,6.08E-07,0.005610826,0.467997766,0.000438276,1.47E-05,0.472973484,,,,0,0,0,0,0,0,0,0.084459971
21,43,21043,6.90E-06,5.48E-05,0.000110644,2.77E-05,0.085335915,5.566472148,0.006665802,0.000224085,0.067567641,,,,0,0,0,0,0,0,0.000488675,0
21,44,21044,6.06E-07,4.81E-06,5.10E-06,1.28E-06,0.026481003,1.450508159,0.002068497,6.95E-05,14.39190745,,0.243536242,,0,0,0,0,0.5235,0.036,0,0.451476937
21,45,21045,8.20E-06,6.52E-05,0.000101909,2.55E-05,0.075488489,2.09777686,0.005896595,0.000198226,10.20273519,,1.07448893,,0,0,0,0,0.4402,0.0302,0.007739061,0.934974726
21,46,21046,9.52E-06,7.57E-05,1.58E-05,3.95E-06,0.012174571,0.408717451,0.000950986,3.20E-05,0.202702922,,,,0,0,0,0,0.375,0.0258,0.01262097,0.001421885
21,47,21047,3.61E-06,2.87E-05,7.72E-05,1.93E-05,0.032146076,1.255667783,0.00251101,8.44E-05,1.418931178,0.22992081,0.00161,,0,0,0,0,0,0,0.027647725,0.41223291
21,48,21048,2.99E-06,2.38E-05,1.31E-05,3.28E-06,0.030332457,1.147342092,0.002369344,7.97E-05,1.756758656,,0.02130243,,0,0,0,0,0,0,0,0.108063263
21,49,21049,2.97E-07,2.36E-06,2.91E-06,7.29E-07,0.02639421,2.265877864,0.002061718,6.93E-05,0,,0.068401085,,0,0,0,0,0,0,0,0
21,50,21050,1.19E-07,9.43E-07,1.21E-06,3.04E-07,0.045857612,3.609068667,0.003582053,0.000120418,0.067567641,,,,0,0,0,0,0,0,0,0.184845055
21,51,21051,1.71E-05,0.000135457,0.000115497,2.89E-05,0.056661572,1.296683309,0.004425977,0.000148788,6.295680318,6.676458154,,,0,0,0,0,0.5131,0.0352,0.222065177,0.455173839
21,52,21052,5.07E-06,4.03E-05,2.67E-06,6.69E-07,0.00210293,0.145570686,0.000164265,5.52E-06,0.135135281,,,,0,0,0,0,0,0,0,0
21,53,21053,1.54E-05,0.000122439,0.000108703,2.72E-05,0.097622594,5.78771757,0.007625545,0.000256349,10.48196059,,1.912874233,,0,0,0,0,0,0,0.060664591,0.003753777
21,54,21054,1.72E-05,0.000136966,2.89E-05,7.23E-06,0.052761297,2.639920894,0.004121317,0.000138547,0.411339988,,1.955764742,,0,0,0,0,0.099,0.0068,0.012004329,0
21,55,21055,1.23E-06,9.81E-06,2.91E-06,7.29E-07,0.007954246,0.420133933,0.000621326,2.09E-05,0.8813464,,,,0,0,0,0,0,0,0,0.051529114
21,56,21056,5.94E-08,4.72E-07,1.21E-06,3.04E-07,0.002070382,0.065478613,0.000161723,5.44E-06,0.202702922,,,,0,0,0,0,0,0,0.001945302,0.009100064
21,57,21057,1.54E-07,1.23E-06,1.94E-06,4.86E-07,0.01171529,0.921618533,0.000915111,3.08E-05,0.540541125,,,,0,0,0,0,0,0,0.035109416,0.04180342
21,58,21058,8.19E-07,6.51E-06,1.63E-05,4.07E-06,0.034766149,3.204849189,0.002715671,9.13E-05,0,,0.178546703,,0,0,0,0,0,0,0,0.3789608
21,59,21059,2.85E-07,2.26E-06,2.43E-06,6.08E-07,0.003891234,0.070659698,0.000303954,1.02E-05,0.067567641,,0.00786393,,0,0,0,0,0,0,2.09E-05,0.019906391
21,60,21060,7.01E-07,5.57E-06,8.25E-06,2.07E-06,0.010313939,0.649027669,0.000805648,2.71E-05,0.070534713,,,,0,0,0,0,0,0,0,0.045500321
21,61,21061,3.92E-07,3.11E-06,3.40E-06,8.51E-07,0.02143795,1.816876165,0.001674572,5.63E-05,0,,,,0,0,0,0,0,0,0,0
21,62,21062,1.54E-07,1.23E-06,3.88E-06,9.73E-07,0.007303296,0.314915026,0.000570479,1.92E-05,1.016481682,1.14557159,,,0,0,0,0,0,0,0,0.103626982
21,63,21063,1.63E-06,1.29E-05,2.86E-05,7.17E-06,0.024589632,0.420594536,0.001920758,6.46E-05,2.500002703,,,,0,0,0,0,0.5391,0.037,0,0.335166741
21,64,21064,1.26E-06,1.00E-05,1.75E-05,4.38E-06,0.029410278,2.302399518,0.00229731,7.72E-05,1.148649891,,,,0,0,0,0,0,0,0,0.025025177
21,65,21065,1.45E-06,1.15E-05,1.55E-05,3.89E-06,0.034610644,1.755354596,0.002703524,9.09E-05,2.1621645,,1.374712505,,0,0,0,0,0,0,7.06E-05,0.032077726
21,66,21066,4.99E-07,3.96E-06,8.49E-06,2.13E-06,0.01087448,0.592765101,0.000849433,2.86E-05,1.013514609,,,,0,0,0,0,0,0,0,0.354675004
21,67,21067,5.17E-06,4.10E-05,3.03E-05,7.60E-06,0.028231335,1.253564284,0.00220522,7.41E-05,3.986490797,,1.927658462,,0,0,0,0,0,0,0,0.13035842
21,68,21068,3.56E-07,2.83E-06,3.64E-06,9.12E-07,0.01355784,0.897892825,0.001059037,3.56E-05,0.067567641,,,,0,0,0,0,0,0,0,0
21,69,21069,1.32E-06,1.05E-05,1.46E-05,3.65E-06,0.043767339,1.71484032,0.003418776,0.000114929,11.28379599,,0.084245895,,0,0,0,0,0.2526,0.0174,4.87E-05,0.312814708
21,70,21070,3.11E-06,2.47E-05,1.46E-06,3.65E-07,0.011438636,0.892682164,0.0008935,3.00E-05,0.675676406,,,,0,0,0,0,0,0,0.080537392,0.001933764
21,71,21071,1.01E-05,8.01E-05,0.00029505,7.39E-05,0.1737548,5.431542935,0.013572422,0.000456265,0.340816,,0.862734778,,0,0,0,0,0,0,0.021243723,0.001706262
21,72,21072,9.86E-07,7.83E-06,1.92E-05,4.80E-06,0.028430237,2.893213054,0.002220757,7.47E-05,0,,,,0,0,0,0,0,0,0,0
21,73,21073,9.50E-07,7.55E-06,2.18E-05,5.47E-06,0.014335363,0.83164924,0.001119771,3.76E-05,1.283785172,0.097274189,,,0,0,0,0,0,0,0,0.159023623
21,74,21074,8.20E-05,0.000651248,0.000109188,2.74E-05,0.115993846,1.645332381,0.00906057,0.00030459,7.770278673,,0.040336965,,0,11.27529,1.54,0,0.3151,0.0216,0.013756874,0.284377008
21,75,21075,2.64E-06,2.09E-05,6.07E-06,1.52E-06,0.021700138,1.432225222,0.001695052,5.70E-05,0,,,,0,0,0,0,0,0,0,0
21,76,21076,7.69E-06,6.11E-05,2.18E-05,5.47E-06,0.046105334,3.415879162,0.003601403,0.000121069,0.945946969,,,,0,0,0,0,0,0,0,0
21,77,21077,2.97E-07,2.36E-06,7.28E-07,1.82E-07,0.008147723,0.598874162,0.000636439,2.14E-05,0,,,,0,0,0,0,0,0,0,0
21,78,21078,4.04E-07,3.21E-06,2.67E-06,6.69E-07,0.023063516,1.656931432,0.001801549,6.06E-05,0,,,,0,0,0,0,0,0,0,0
21,79,21079,9.86E-07,7.83E-06,8.01E-06,2.01E-06,0.008939712,0.23440515,0.000698303,2.35E-05,0.743244047,,,,0,0,0,0,0,0,0,0.110963908
21,80,21080,3.09E-07,2.45E-06,1.70E-06,4.26E-07,0.005912795,0.455116874,0.000461863,1.55E-05,0,,,,0,0,0,0,0,0,0,0
21,81,21081,2.14E-07,1.70E-06,4.12E-06,1.03E-06,0.006202106,0.398511676,0.000484462,1.63E-05,0.337838203,,,,0,0,0,0,0,0,0.001127711,0.081445575
21,82,21082,9.50E-07,7.55E-06,2.16E-05,5.41E-06,0.014013505,0.216178994,0.00109463,3.68E-05,2.027029219,,,,0,0,0,0,0,0,0.009745306,0.04180342
21,83,21083,7.96E-07,6.32E-06,5.10E-06,1.28E-06,0.044333304,3.904371468,0.003462985,0.000116415,2.303233926,,0.08706009,,0,0,0,0,0,0,0,0.001990639
21,84,21084,8.31E-07,6.60E-06,3.15E-06,7.90E-07,0.012604921,0.947862876,0.000984602,3.31E-05,0,,,,0,0,0,0,0,0,0,0
21,85,21085,1.32E-05,0.0001048,0.000329748,8.26E-05,0.121380457,1.652846702,0.009481331,0.000318735,4.397873685,8.282455008,,,0,0,0,0,0.5443,0.0374,0.25193291,0.646161437
21,86,21086,1.07E-07,8.49E-07,0,0,0.021571756,1.869875503,0.001685024,5.66E-05,0.202702922,,,,0,0,0,0,0,0,0,0.01706262
21,87,21087,4.22E-06,3.35E-05,1.38E-05,3.47E-06,0.020300596,1.476997856,0.00158573,5.33E-05,0.945946969,0.038909675,,,0,0,0,0,0,0,0.147730198,0.127400899
21,88,21088,6.65E-07,5.28E-06,8.74E-06,2.19E-06,0.008402678,0.586153262,0.000656354,2.21E-05,0,,0.004025,,0,0,0,0,0,0,0,0
21,89,21089,8.43E-07,6.70E-06,8.98E-06,2.25E-06,0.023182857,1.480049505,0.001810871,6.09E-05,0.135135281,,,,0,0,0,0,0,0,0,0
21,90,21090,3.16E-05,0.000250916,2.86E-05,7.17E-06,0.026813711,0.541984329,0.002094486,7.04E-05,1.08108225,,,,0,0,0,0,0,0,0.001183196,0.113750803
21,91,21091,1.21E-06,9.62E-06,4.32E-05,1.08E-05,0.01805301,0.21770809,0.001410166,4.74E-05,0,,0.046433327,,0,0,0,0,0,0,0.0199323,0
21,92,21092,2.90E-06,2.30E-05,1.21E-06,3.04E-07,0.008782399,0.484127598,0.000686015,2.31E-05,0.405405844,,,,0,0,0,0,0,0,0,0.020077017
21,93,21093,0,0,0,0,0.013628359,1.155712276,0.001064545,3.58E-05,1.013525334,,1.631342098,,0,0,0,0,0,0,0,0.121656484
21,94,21094,5.06E-06,4.02E-05,7.62E-05,1.91E-05,0.053871528,2.033150795,0.00420804,0.000141462,8.58109036,,0.226853618,,0,0,0,0,0.7918,0.0544,0,0.485374677
21,95,21095,2.14E-07,1.70E-06,4.85E-07,1.22E-07,0.000721469,0.059006124,5.64E-05,1.89E-06,0.002967072,,,,0,0,0,0,0,0,0,0
21,96,21096,4.51E-07,3.58E-06,4.85E-06,1.22E-06,0.004449966,0.154310118,0.000347598,1.17E-05,3.986490797,,,,0,0,0,0,0.3959,0.0272,0,0.095721301
21,97,21097,3.09E-07,2.45E-06,9.71E-07,2.43E-07,0.003961753,0.123551678,0.000309462,1.04E-05,0.067567641,,,,0,0,0,0,0,0,0,0.013365719
21,98,21098,2.61E-07,2.08E-06,3.88E-06,9.73E-07,0.009867315,0.60905149,0.000770761,2.59E-05,1.418920453,,,,0,0,0,0,0,0,0,0.054486635
21,99,21099,1.37E-06,1.08E-05,1.33E-05,3.34E-06,0.032448044,0.954138158,0.002534598,8.52E-05,1.692158088,,,,0,0,0,0,0.685,0.047,0,0.275163193
21,100,21100,1.31E-07,1.04E-06,1.94E-06,4.86E-07,0.018206707,1.474593165,0.001422171,4.78E-05,0,,0.030047948,,0,0,0,0,0,0,0,0
21,101,21101,4.99E-07,3.96E-06,1.94E-06,4.86E-07,0.006234653,0.413282009,0.000487004,1.64E-05,0,,,,0,0,0,0,0,0,0,0
21,102,21102,4.30E-06,3.41E-05,2.79E-05,6.99E-06,0.018204899,0.482909546,0.00142203,4.78E-05,0.270270563,,0.028658,,0,0,0,0,0,0,0.02074989,0.130813424
21,103,21103,2.37E-06,1.89E-05,1.19E-05,2.98E-06,0.010225338,0.545650101,0.000798727,2.69E-05,0.405405844,,2.890681991,,0,0,0,0,0,0,0,0
21,104,21104,5.56E-06,4.41E-05,2.43E-05,6.08E-06,0.049850104,1.140253853,0.003893916,0.000130902,9.054063845,,,,0,0,0,0,0.8386,0.0576,0,0.364286947
21,105,21105,9.50E-08,7.55E-07,1.21E-06,3.04E-07,0.00791989,0.416073274,0.000618642,2.08E-05,1.621623375,,0.024528414,,0,0,0,0,0,0,0,0.063017945
21,106,21106,1.53E-05,0.000121496,3.71E-05,9.30E-06,0.035733533,0.813680764,0.002791236,9.38E-05,2.094607585,,0.05863965,,0,0,0,0,0,0,0.208942794,0.028437701
21,107,21107,5.46E-07,4.34E-06,5.58E-06,1.40E-06,0.022141337,1.92233918,0.001729515,5.81E-05,0,,,,0,0,0,0,0,0,0,0
21,108,21108,3.21E-06,2.55E-05,2.72E-05,6.81E-06,0.027115679,0.629394406,0.002118074,7.12E-05,3.989457869,,0.020818358,,0,0,0,0,0.1328,0.0091,0.206343,0.301610254
21,109,21109,1.30E-05,0.000103573,1.55E-05,3.89E-06,0.032274457,2.205519877,0.002521039,8.48E-05,0,,0.91779798,,0,0,0,0,0,0,0.000281928,0
21,110,21110,8.83E-06,7.02E-05,3.74E-05,9.36E-06,0.075448709,3.136124637,0.005893487,0.000198122,5.472978891,,0.02415,,0,0,0,0,0,0,0,0.275504445
21,111,21111,1.02E-06,8.11E-06,1.55E-05,3.89E-06,0.032880202,3.20661555,0.002568355,8.63E-05,0.743244047,,,,0,0,0,0,0,0,0.002180143,0.023887669
21,112,21112,1.66E-06,1.32E-05,1.84E-05,4.62E-06,0.015859671,1.07575914,0.001238839,4.16E-05,0.746211119,0.026529324,,,0,0,0,0,0,0,0.001409639,0.199917036
21,113,21113,1.78E-07,1.41E-06,6.79E-06,1.70E-06,0.006896452,0.395523447,0.000538699,1.81E-05,0.472973484,,,,0,0,0,0,0,0,0.00050747,0.06296107
21,114,21114,0.000773665,0.006146298,0.007554594,0.001892733,2.831894222,4.099088987,0.221206343,0.007436311,2.500013428,,0.427685443,,0.458652789,0,0,0,0.6042,0.0415,4.172069179,0.455003212
21,115,21115,1.04E-05,8.23E-05,2.28E-05,5.71E-06,0.081708677,3.24834445,0.006382469,0.00021456,3.445949672,,0.017786878,,0,0,0,0,0,0,0,0.266347505
21,116,21116,3.09E-07,2.45E-06,2.91E-06,7.29E-07,0.036850997,3.312232382,0.002878524,9.68E-05,0,,1.56130757,,0,0,0,0,0,0,0,0.243199217
21,117,21117,3.88E-05,0.000308456,4.44E-05,1.11E-05,0.022680179,0.432396918,0.001771606,5.96E-05,0.337838203,,,,0,0,0,0,0,0,0,0.054884762
21,118,21118,1.50E-06,1.19E-05,2.31E-05,5.78E-06,0.046002267,0.633954927,0.003593352,0.000120798,1.418920453,,,,0,0,0,0,0,0,0,0.145601028
21,119,21119,3.81E-05,0.000302325,0.00030694,7.69E-05,0.167460476,1.212507685,0.013080757,0.000439737,2.500002703,,0.028175,,0,0,0,0,0,0,0.022007221,0.085313102
21,120,21120,6.89E-07,5.47E-06,1.21E-06,3.04E-07,0.008343008,0.673481287,0.000651693,2.19E-05,0,,,,0,0,0,0,0,0,0,0.002275016
21,121,21121,3.56E-07,2.83E-06,0,0,0.002300023,0.140645334,0.000179661,6.04E-06,0.070534713,,,,0,0,0,0,0,0,0.048435206,0.016209489
21,122,21122,2.97E-07,2.36E-06,3.40E-06,8.51E-07,0.015583017,0.599724694,0.001217228,4.09E-05,1.08108225,,0.0866893,,0,0,0,0,0,0,0,0.113750803
21,123,21123,3.56E-08,2.83E-07,2.43E-07,6.08E-08,0.007847563,0.560646486,0.000612993,2.06E-05,0,,,,0,0,0,0,0,0,0,0
21,124,21124,1.12E-05,8.87E-05,3.79E-05,9.48E-06,0.024390731,0.925140861,0.001905221,6.40E-05,0.543508197,0.076050729,,,0,0,0,0,0,0,0,0.050107229
21,125,21125,1.05E-05,8.33E-05,1.99E-05,4.98E-06,0.012753193,0.000351545,0.000996184,3.35E-05,3.310814391,,0.0161,,0,0,0,0,0,0,0,0.028437701
21,126,21126,1.66E-07,1.32E-06,1.70E-06,4.26E-07,0.009444198,0.530918157,0.00073771,2.48E-05,2.027029219,,,,0,0,0,0,0,0,0.002753495,0.108063263
21,127,21127,3.56E-07,2.83E-06,2.67E-06,6.69E-07,0.006684894,0.500946802,0.000522174,1.76E-05,0,,,,0,0,0,0,0,0,0,0.037935893
21,128,21128,5.94E-07,4.72E-06,7.52E-06,1.88E-06,0.014255803,0.529212384,0.001113556,3.74E-05,7.635143391,,,,0,0,0,0,0.4115,0.0283,0,0.230117875
21,129,21129,2.22E-06,1.76E-05,3.64E-06,9.12E-07,0.021712795,1.140312122,0.001696041,5.70E-05,1.216217531,0.350187079,,,0,0,0,0,0,0,0,0.026617688
21,130,21130,1.07E-07,8.49E-07,4.85E-06,1.22E-06,0.005728359,0.192745442,0.000447456,1.50E-05,5.270286694,,0.07938358,,0,0,0,0,0.2344,0.0161,0,0.400744079
21,131,21131,2.23E-06,1.77E-05,7.28E-07,1.82E-07,0.001408583,0.100174385,0.000110028,3.70E-06,0.067567641,,,,0,0,0,0,0,0,0,0
21,132,21132,9.36E-05,0.000743691,0.000441362,0.000110579,0.246424315,0.632609977,0.01924882,0.000647089,4.324329,,,,0,0,0,0,0.2995,0.0206,0.052985613,0.284377008
21,133,21133,4.75E-08,3.77E-07,1.21E-06,3.04E-07,0.001303708,0.027123655,0.000101836,3.42E-06,0.540541125,0.0327195,,,0,0,0,0,0,0,0,0.036684634
21,134,21134,6.45E-06,5.12E-05,1.92E-05,4.80E-06,0.031502358,0.192393661,0.002460728,8.27E-05,3.108111469,,,,0,0,0,0,0,0,0,0.199063905
21,135,21135,2.51E-06,1.99E-05,9.71E-07,2.43E-07,0.001010781,0.080676762,7.90E-05,2.65E-06,0,,,,0,0,0,0,0,0,0,0.031281471
21,136,21136,2.55E-05,0.00020243,5.17E-05,1.29E-05,0.020577249,0.040732804,0.00160734,5.40E-05,0.405405844,,,,0,0,0,0,0,0,0,0.022750161
21,137,21137,9.62E-07,7.64E-06,1.12E-05,2.80E-06,0.015657153,0.504551746,0.001223019,4.11E-05,9.864875532,,0.156734825,,0,0,0,0,0,0,0.413419012,0.157715488
21,138,21138,2.14E-06,1.70E-05,1.46E-05,3.65E-06,0.017570223,1.237079559,0.001372454,4.61E-05,0.205669994,,0.910390016,,0,0,0,0,0,0,0,0.091000642
21,139,21139,4.75E-07,3.77E-06,5.34E-06,1.34E-06,0.005809728,0.387865738,0.000453812,1.53E-05,0.202702922,,,,0,0,0,0,0,0,0,0.075018655
21,140,21140,0.000131525,0.001044884,0.000460531,0.000115382,0.215616303,1.337065139,0.016842329,0.00056619,2.972976188,,,,0,0,0,0,0.5782,0.0397,0.059348434,0.255939307
21,141,21141,5.22E-07,4.15E-06,5.82E-06,1.46E-06,0.005542115,0.311355394,0.000432908,1.46E-05,0.540541125,0.017686216,,,0,0,0,0,0,0,0,0.070923626
21,142,21142,1.55E-05,0.000123383,5.87E-05,1.47E-05,0.048674778,1.075638724,0.003802109,0.000127816,8.040549235,,0.767891315,,0,0,0,0,0.2136,0.0147,0.079569439,0.641554529
21,143,21143,6.35E-06,5.05E-05,3.71E-05,9.30E-06,0.044825133,0.661966757,0.003501403,0.000117707,5.000016132,,1.069401465,,0,0,0,0,0,0,0,0.284377008
21,144,21144,6.34E-06,5.04E-05,7.50E-05,1.88E-05,0.023828382,0.362754654,0.001861295,6.26E-05,0.135135281,,,,0,0,0,0,0,0,0,0.04316843
21,145,21145,1.31E-07,1.04E-06,1.94E-06,4.86E-07,0.023363677,2.194703934,0.001824995,6.14E-05,0.067567641,,,,0,0,0,0,0,0,0,0
21,146,21146,2.49E-06,1.98E-05,9.71E-07,2.43E-07,0.001482719,0.1145528,0.000115819,3.89E-06,0,,,,0,0,0,0,0,0,0,0
21,147,21147,4.76E-06,3.78E-05,8.74E-06,2.19E-06,0.009840193,0.639004346,0.000768642,2.58E-05,0.743244047,,,,0,0,0,0,0,0,0,0
21,148,21148,1.31E-07,1.04E-06,2.67E-06,6.69E-07,0.016420211,0.412075494,0.001282624,4.31E-05,4.121626079,,,,0,0,0,0,0,0,0.029367485,0.085313102
21,149,21149,2.02E-05,0.000160548,1.80E-05,4.50E-06,0.03827947,0.786865635,0.002990105,0.000100519,1.351352813,,0.02396393,,0,0,0,0,0.3099,0.0213,0.063593527,0.010237572
21,150,21150,4.63E-07,3.68E-06,4.37E-06,1.09E-06,0.011207187,0.785764877,0.000875421,2.94E-05,0.405405844,,,,0,0,0,0,0,0,0,0.112385793
21,151,21151,2.62E-06,2.08E-05,9.22E-06,2.31E-06,0.013563264,0.196148966,0.001059461,3.56E-05,1.621623375,,,,0,0,0,0,0,0,0,0.027982698
21,152,21152,1.63E-06,1.29E-05,1.26E-05,3.16E-06,0.019984162,1.569552916,0.001561013,5.25E-05,4.864870125,,0.006403644,,0,0,0,0,0,0,0,0.313155961
21,153,21153,1.18E-05,9.35E-05,1.43E-05,3.59E-06,0.034008516,0.627305188,0.00265649,8.93E-05,1.42189825,,0.004025,,0,0,0,0,0,0,0.036246525,0.193376365
21,154,21154,2.40E-05,0.000190451,0.000157716,3.95E-05,0.121946421,2.405757539,0.00952554,0.000320221,8.313797595,,,,0,0,0,0,0.3959,0.0272,0.053630312,0.555160794
21,155,21155,5.11E-07,4.06E-06,1.82E-05,4.56E-06,0.008558183,0.417516054,0.000668501,2.25E-05,0.273237635,,,,0,0,0,0,0,0,0,0.056079146
21,156,21156,0.000192615,0.001530207,0.000903591,0.000226386,0.503506126,2.164114585,0.039330123,0.001322164,4.397830786,,0.020635379,,0,0,0.017,0,0.7006,0.0481,0.527887474,0.097882566
21,157,21157,1.80E-06,1.43E-05,2.86E-05,7.17E-06,0.017756467,0.902015114,0.001387002,4.66E-05,0.810811688,,,,0,0,0,0,0,0,0.000150362,0.084573722
21,158,21158,2.97E-07,2.36E-06,7.28E-06,1.82E-06,0.012087778,0.778684871,0.000944207,3.17E-05,0.405405844,,,,0,0,0,0,0,0,0,0
21,159,21159,1.01E-05,7.99E-05,1.94E-06,4.86E-07,0.007306913,0.579372051,0.000570761,1.92E-05,0.27324836,,,,0,0,0,0,0,0,0,0.089578757
21,160,21160,1.42E-07,1.13E-06,7.28E-07,1.82E-07,0.005068368,0.281308618,0.000395903,1.33E-05,0.675676406,,,,0,0,0,0,0,0,0.020045071,0.053292251
21,161,21161,2.84E-05,0.000225918,1.50E-05,3.77E-06,0.031225705,0.948755681,0.002439118,8.20E-05,5.270275969,,,,0,0,0,0,0.2604,0.0179,0,0.31378159
21,162,21162,8.55E-07,6.79E-06,2.67E-06,6.69E-07,0.007715564,0.55658722,0.000602682,2.03E-05,0,,,,0,0,0,0,0,0,0,0
21,163,21163,2.67E-06,2.12E-05,1.89E-05,4.74E-06,0.026801054,0.254630148,0.002093497,7.04E-05,0.810811688,,0.303513318,,0,0,0,0,0,0,0,0.113750803
21,164,21164,1.90E-05,0.000151304,0.000207215,5.19E-05,0.125349443,2.595023005,0.009791359,0.000329157,7.570542823,,0.00805,,0,0,0,0,0.5808,0.0399,0.364456005,0.426565512
21,165,21165,2.24E-06,1.78E-05,2.43E-07,6.08E-08,0.002121012,0.195676586,0.000165678,5.57E-06,0.067567641,,,,0,0,0,0,0,0,0,0.041405292
21,166,21166,7.01E-07,5.57E-06,2.09E-05,5.23E-06,0.012821905,0.188049673,0.001001551,3.37E-05,2.027029219,1.402269331,,,0,0,0,0,0.3047,0.0209,0,0.140937245
21,167,21167,3.32E-07,2.64E-06,1.46E-06,3.65E-07,0.017573839,1.34539061,0.001372737,4.61E-05,0,,0.00786393,,0,0,0,0,0,0,0,0
21,168,21168,4.46E-06,3.55E-05,1.48E-05,3.71E-06,0.011147517,0.907777818,0.00087076,2.93E-05,2.09459686,,,,0,0,0,0,0,0,0.00488675,0.302861513
21,169,21169,2.08E-06,1.65E-05,1.82E-05,4.56E-06,0.03503557,1.484117419,0.002736716,9.20E-05,1.554055735,,,,0,0,0,0,0,0,0.128108019,0.030030212
21,170,21170,4.92E-06,3.91E-05,6.31E-06,1.58E-06,0.029934654,1.523871325,0.002338271,7.86E-05,10.27028138,,0.13629179,,0,0,0,0,0.5808,0.0399,0.098223666,0.622103142
21,171,21171,3.54E-06,2.81E-05,5.34E-06,1.34E-06,0.005401076,0.08329801,0.000421892,1.42E-05,0.337838203,,,,0,0,0,0,0,0,0,0.048287216
21,172,21172,1.84E-06,1.46E-05,3.42E-05,8.57E-06,0.044591876,3.213698663,0.003483183,0.000117094,0.337838203,,0.6923,,0,0,0,0,0,0,0.001560001,0.003810652
21,173,21173,2.97E-06,2.36E-05,1.70E-05,4.26E-06,0.010299474,0.214906783,0.000804518,2.70E-05,0.270270563,,,,0,0,0,0,0,0,0.008203622,0
21,174,21174,0.000141926,0.001127516,0.000335086,8.40E-05,0.169847293,2.021642221,0.013267197,0.000446004,1.07E-05,,0.009829913,,0,0,0,0,0.0599,0.0041,0.016133857,0
21,175,21175,9.62E-07,7.64E-06,9.46E-06,2.37E-06,0.016980751,0.722775004,0.001326409,4.46E-05,0.405405844,,0.135085816,,0,0,0,0,0,0,0.006183618,0.085313102
21,176,21176,2.14E-07,1.70E-06,7.76E-06,1.95E-06,0.014320898,0.389432495,0.001118641,3.76E-05,3.255147214,1.963169989,,,0,0,0,0,0,0,0,0.229662871
21,177,21177,1.78E-05,0.000141022,3.42E-05,8.57E-06,0.083732046,3.661778033,0.00654052,0.000219873,7.364872829,,0.00805,,0,0,0,0,0.4532,0.0311,0,0.498228517
21,178,21178,5.11E-07,4.06E-06,4.61E-06,1.16E-06,0.030336073,2.696800577,0.002369627,7.97E-05,0,,,,0,0,0,0,0,0,0,0
21,179,21179,2.18E-06,1.74E-05,2.11E-05,5.29E-06,0.050416069,2.666017252,0.003938125,0.000132388,9.327312204,,0.169275,,0,0,0,0,0,0,0,0.868316755
21,180,21180,3.91E-06,3.10E-05,2.35E-05,5.90E-06,0.064246946,1.918734961,0.00501849,0.000168707,6.894909316,,2.507556976,,0,0,0,0,0,0,0,0.568754015
21,181,21181,1.01E-06,8.02E-06,3.40E-06,8.51E-07,0.010532731,0.169479845,0.000822738,2.77E-05,1.283785172,,,,0,0,0,0,0,0,0,0.113750803
21,182,21182,1.31E-06,1.04E-05,6.07E-06,1.52E-06,0.008889082,0.130680455,0.000694348,2.33E-05,0.337838203,,,,0,0,0,0,0,0,0,0.045329695
21,183,21183,6.17E-07,4.91E-06,4.85E-06,1.22E-06,0.036225362,2.442591151,0.002829654,9.51E-05,0,,0.035945895,,0,0,0,0,0,0,0,0
21,184,21184,3.68E-07,2.92E-06,9.71E-07,2.43E-07,0.010827467,0.806165221,0.000845761,2.84E-05,0,,,,0,0,0,0,0,0,0,0
21,185,21185,5.11E-07,4.06E-06,7.04E-06,1.76E-06,0.013771207,0.460104065,0.001075703,3.62E-05,3.040543828,0.291822566,,,0,0,0,0,0,0,0.000657832,0.269361902
21,186,21186,9.68E-06,7.69E-05,7.06E-05,1.77E-05,0.087352051,5.104284374,0.006823287,0.000229379,2.840840154,,0.167418198,,0,0,0,0,0.2709,0.0186,0.001873949,0
21,187,21187,2.85E-07,2.26E-06,4.12E-06,1.03E-06,0.009297734,0.622749839,0.000726269,2.44E-05,0,,,,0,0,0,0,0,0,0,0
21,188,21188,1.58E-06,1.25E-05,9.95E-06,2.49E-06,0.025716137,2.206262519,0.002008752,6.75E-05,1.013525334,,0.107525532,,0,0,0,0,0,0,0,0.170626205
21,189,21189,4.67E-06,3.71E-05,3.28E-05,8.21E-06,0.033730054,0.642053163,0.002634739,8.86E-05,5.878384735,,,,0,0,0,0,0,0,0,0.15373421
21,190,21190,1.66E-07,1.32E-06,9.71E-07,2.43E-07,0.002008904,0.143782622,0.00015692,5.28E-06,0.067567641,,,,0,0,0,0,0,0,0,0.016209489
21,191,21191,1.53E-06,1.22E-05,4.76E-05,1.19E-05,0.014454704,0.471288241,0.001129093,3.80E-05,0.472973484,,,,0,0,0,0,0,0,0,0.065406712
21,192,21192,6.53E-07,5.19E-06,2.18E-06,5.47E-07,0.010549005,0.642958811,0.000824009,2.77E-05,0,,,,0,0,0,0,0,0,0,0
21,193,21193,2.87E-06,2.28E-05,1.70E-06,4.26E-07,0.009964958,0.694945108,0.000778388,2.62E-05,0.408372916,,,,0,0,0,0,0,0,0,0.147876044
21,194,21194,5.17E-06,4.10E-05,7.06E-05,1.77E-05,0.049944131,2.585272283,0.003901261,0.000131149,2.09459686,,,,0,0,0,0,0,0,0,0.031850225
21,195,21195,8.07E-07,6.41E-06,7.76E-06,1.95E-06,0.037223485,3.343619233,0.00290762,9.77E-05,0.067567641,,0.087154383,,0,0,0,0,0,0,0,0
21,196,21196,1.66E-07,1.32E-06,3.15E-06,7.90E-07,0.002285557,0.171919944,0.000178531,6.00E-06,0,,,,0,0,0,0,0,0,0,0.010351323
21,197,21197,1.63E-05,0.000129797,0.000232934,5.84E-05,0.132994488,4.491465788,0.010388532,0.000349232,0.202702922,,,,0,0,0,0,0,0,0.031242373,0
21,198,21198,3.56E-08,2.83E-07,0,0,0.002149943,0.149298928,0.000167937,5.65E-06,0.067567641,,,,0,0,0,0,0,0,0.00027253,0.025025177
21,199,21199,1.37E-05,0.00010895,2.09E-05,5.23E-06,0.067742186,3.437763202,0.005291512,0.000177885,0.337838203,,0.732215504,,0,0,0,0,0,0,0.00023494,0
21,200,21200,1.54E-06,1.23E-05,8.01E-06,2.01E-06,0.006842207,0.44972515,0.000534462,1.80E-05,0,,,,0,0,0,0,0,0,0,0
21,201,21201,1.54E-07,1.23E-06,1.21E-06,3.04E-07,0.005288968,0.255985966,0.000413135,1.39E-05,0.608108766,0.089315391,,,0,0,0,0,0,0,0.014040007,0.056704775
21,202,21202,1.85E-06,1.47E-05,5.82E-06,1.46E-06,0.021922546,1.434446775,0.001712425,5.76E-05,0,,0.02415,,0,0,0,0,0,0,0,0
21,203,21203,1.97E-06,1.57E-05,6.07E-06,1.52E-06,0.009977615,0.445109919,0.000779376,2.62E-05,1.418920453,,,,0,0,0,0,0,0,0,0.17278747
21,204,21204,1.15E-06,9.15E-06,7.28E-06,1.82E-06,0.013660907,0.696997292,0.001067088,3.59E-05,0,,,,0,0,0,0,0,0,0,0
21,205,21205,3.65E-06,2.90E-05,1.29E-05,3.22E-06,0.039485536,1.174190769,0.003084314,0.000103686,1.959461578,,,,0,0,0,0,0.2136,0.0147,0.000451085,0.245246731
21,206,21206,4.27E-07,3.40E-06,2.18E-06,5.47E-07,0.006740948,0.387574527,0.000526552,1.77E-05,0.543508197,,,,0,0,0,0,0,0,0,0.032817107
21,207,21207,8.25E-06,6.56E-05,0.000117923,2.95E-05,0.094827126,5.916770066,0.007407184,0.000249008,0.945957694,,0.0029025,,0,0,0,0,0,0,0.014522726,0
21,208,21208,1.30E-05,0.000103007,0.000177855,4.46E-05,0.129605932,6.07660925,0.010123844,0.000340334,3.851355516,,0.7955393,,0,0,0,0,0,0,0.018806098,0.003185022
21,209,21209,9.38E-07,7.45E-06,9.46E-06,2.37E-06,0.013418609,0.418228548,0.001048161,3.52E-05,0.138102354,,,,0,0,0,0,0,0,0.148839114,0.00284377
21,210,21210,7.24E-07,5.75E-06,9.46E-06,2.37E-06,0.009458664,0.600538882,0.00073884,2.48E-05,0,,,,0,0,0,0,0,0,0,0
21,211,21211,4.35E-06,3.45E-05,5.44E-05,1.36E-05,0.026745,0.599588526,0.002089119,7.02E-05,1.013514609,,,,0,0,0,0,0.3177,0.0218,0,0
21,212,21212,1.85E-05,0.000147248,1.29E-05,3.22E-06,0.033764409,2.678041966,0.002637422,8.87E-05,0.675676406,,0.15430465,,0,0,0,0,0,0,0,0
21,213,21213,2.49E-07,1.98E-06,4.61E-06,1.16E-06,0.021701946,1.947837114,0.001695193,5.70E-05,0.067578366,,0.04025,,0,0,0,0,0,0,0,0
21,214,21214,8.62E-06,6.85E-05,2.67E-05,6.69E-06,0.027419456,1.303102709,0.002141802,7.20E-05,0.608108766,0.05482727,,,0,0,0,0,0.2214,0.0152,0,0.05528289
21,215,21215,9.97E-07,7.92E-06,5.82E-06,1.46E-06,0.007997643,0.353516591,0.000624716,2.10E-05,0,,,,0,0,0,0,0,0,0,0
21,216,21216,1.07E-07,8.49E-07,1.70E-06,4.26E-07,0.004659716,0.338606462,0.000363982,1.22E-05,0,,,,0,0,0,0,0,0,0,0
21,217,21217,1.15E-06,9.15E-06,9.71E-06,2.43E-06,0.034446099,2.826797257,0.002690671,9.05E-05,0,,,,0,0,0,0,0,0,0,0
22,1,22001,2.23E-05,0.000176773,0.000167556,1.73E-05,0.39589562,5.705231008,0.008073425,0.000271405,17.43245128,,4.06811218,,0,0,0,0,0,0,0.002615629,1.529866349
22,2,22002,4.27E-07,3.40E-06,3.66E-05,3.77E-06,0.172612152,3.089758338,0.003520047,0.000118334,0,,1.50361615,,0,0,0,0,0,0,0,0
22,3,22003,3.21E-07,2.55E-06,3.48E-05,3.59E-06,0.084803114,1.129474638,0.001729374,5.81E-05,0.608108766,,0.04718358,,0,0,0,0,0,0,0,0.091697663
22,4,22004,1.03E-05,8.19E-05,0.000199415,2.05E-05,0.408535744,3.26401007,0.008331193,0.00028007,6.084054729,,0.534712685,,0,0,0,0,0,0,0.297697373,0.67472014
22,5,22005,1.77E-05,0.000140362,6.78E-05,6.99E-06,0.376654926,1.9917238,0.007681053,0.000258215,13.1170235,,0.40961965,,0,4.93155,0.674,0,0.4829,0.0332,0.964185144,1.2099725
22,6,22006,7.78E-05,0.000617762,0.000629514,6.49E-05,0.825112685,0.303666042,0.016826368,0.000565653,9.462436761,,2.191906325,,0,0,0,0,0,0,0.029706553,0.324609728
22,7,22007,2.08E-05,0.000165548,0.000426559,4.40E-05,0.266904017,0.991695778,0.005442924,0.000182975,7.162169907,,,,0,0,0,0,0,0,0.259961361,0.266359879
22,8,22008,3.68E-07,2.92E-06,4.96E-05,5.11E-06,0.239573644,1.400557236,0.00488558,0.000164239,8.04648338,,1.014696635,,0,0,0,0,0,0,0.003601016,0.694631632
22,9,22009,2.17E-06,1.73E-05,0.000225964,2.33E-05,0.149596737,1.588976835,0.003050698,0.000102556,1.351352813,,4.65107101,,0,0,0,0,0,0,0,0.069864886
22,10,22010,8.31E-08,6.60E-07,1.36E-05,1.40E-06,0.128693781,1.809013961,0.002624428,8.82E-05,1.216217531,,4.015476574,,0,0,0,0,0,0,0,0.096064219
22,11,22011,0.000248943,0.001977705,0.000349271,3.60E-05,0.583662069,1.405239249,0.011902511,0.000400128,22.36785612,,9.546129875,,0,4.93155,0.674,0,1.8797,0.1291,0.205910348,1.176612017
22,12,22012,2.29E-05,0.000181961,0.000316232,3.26E-05,0.417456555,0.738108952,0.008513113,0.000286186,23.04056546,,0.7548393,,0,0,0,0,0.7653,0.0526,0.008972244,1.308569321
22,13,22013,5.58E-07,4.43E-06,1.89E-05,1.95E-06,0.118311564,1.451233896,0.002412706,8.11E-05,0.270270563,,,,0,0,0,0,0,0,0,0.092570974
22,14,22014,0.000662492,0.005263094,0.010940674,0.001127311,5.374892535,1.842666675,0.109609177,0.00368474,11.76270361,,3.18999374,,0.487531543,0,0,0,1.107,0.076,2.825193722,0.698474201
22,15,22015,5.94E-07,4.72E-06,5.31E-05,5.47E-06,0.053185487,0.660540601,0.001084602,3.65E-05,0.202702922,,,,0,0,0,0,0,0,0,0.026199332
22,16,22016,0.000291024,0.002312007,0.002060816,0.000212344,1.533873892,1.144962474,0.031280003,0.001051542,24.96511864,,1.93730794,,0,0,0,0,2.463,0.1692,0.850837584,2.146598633
22,17,22017,3.69E-05,0.000293175,0.000659603,6.80E-05,0.399552598,0.388686896,0.008148001,0.000273912,10.94893558,,0.16514253,,0,0,0,0,0.7393,0.0508,0.001526699,0.533069083
22,18,22018,1.04E-06,8.30E-06,6.55E-05,6.75E-06,0.1760752,1.924914527,0.003590669,0.000120708,0.8813464,,,,0,0,0,0,0,0,0.173792326,0.04811944
23,1,23001,0,7.47E-05,0,0.000393258,0,0.069395801,0.011087965,0.000372745,0,,,,0,11.81817,0.72,1042.8,0,0,3.199821464,0
23,2,23002,0,6.21E-05,0,3.96E-05,0,9.271562091,0.009305484,0.000312823,1.357297682,,83.36058427,,0,0,0,166.8,0,0,0.040423547,0.055722208
23,3,23003,0,2.20E-05,0,9.53E-05,0,0,0.002053243,6.90E-05,0,,0.77180121,,0,0,0,1.2,0,0,0,0
23,4,23004,0,0.000340906,0,0.000275688,0,10.96745119,0.031120258,0.001046172,27.31518287,40.60932083,300.7800659,,0,5.65227,1.631,0.3,0,0,1.091864495,4.865143889
23,5,23005,0,0.000762557,0,0.002742837,0,1.146485228,0.09184185,0.003087455,0.270270563,,29.04543673,,0.00944741,86.8842,11.813,0,0,0,3.943362795,0
23,6,23006,0,2.28E-05,0,1.51E-05,0,4.940115736,0.004641513,0.000156034,0.141069426,,1.051102305,,0,0,0,54.7,0,0,0.018371766,0.151477848
23,7,23007,0,9.53E-06,0,6.87E-06,0,3.397508845,0.003190952,0.00010727,0.202735097,,17.54721952,,0,0,0,0,0,0,0.012849102,0.019656054
23,8,23008,0,0.000118194,0,0.002116809,0,0,0.02137678,0.000718625,0.205680719,,18.68994186,,0,0,0,3.7,0,0,0.425306832,0
23,9,23009,0,0,0,0,0,1.055612462,0.004348576,0.000146186,0,,,,0,0,0,0,0,0,0,0
24,1,24001,1.69E-06,1.34E-05,5.01E-05,5.17E-06,0.115422111,1.100075856,0.002363553,7.95E-05,3.313781463,,,,0,0,0,0,0.7394,0.0508,0,0.177049316
24,2,24002,1.19E-07,9.43E-07,5.90E-06,6.08E-07,0.051310212,0.554800472,0.001050703,3.53E-05,3.040543828,,,,0,0,0,0,0.3223,0.0221,0,0.156661819
24,3,24003,2.97E-07,2.36E-06,2.36E-05,2.43E-06,0.320959548,8.284093274,0.00657244,0.000220946,1.289772941,3.55492944,0.0786393,,0,0,0,0,0,0,0.004964212,0.289359387
24,4,24004,4.75E-08,3.77E-07,1.18E-06,1.22E-07,0.030093622,0.441920354,0.000616241,2.07E-05,1.286752244,,,,0,0,0,0,0,0,0.017965443,0.225693169
24,5,24005,3.78E-06,3.00E-05,0.000120947,1.25E-05,0.119450228,0.298086637,0.002446039,8.22E-05,3.716220235,,,,0,0,0,0,0.4882,0.0335,0.001324314,0.221281839
24,6,24006,5.70E-07,4.53E-06,6.84E-05,7.05E-06,0.061939199,0.682743047,0.001268358,4.26E-05,1.489455166,,,,0,0,0,0,0.9005,0.0618,0,0.183606698
24,7,24007,5.05E-06,4.01E-05,7.67E-05,7.90E-06,0.118615635,0.55318068,0.002428948,8.17E-05,5.902132038,,,,0,0,0,0,0.4574,0.0314,0,0.452578589
24,8,24008,4.75E-06,3.77E-05,0.000198825,2.05E-05,0.136597316,0.543990874,0.002797168,9.40E-05,11.28677378,,0.44033109,,0,0,0,0,0.237,0.0163,0,0.917556591
24,9,24009,4.75E-08,3.77E-07,5.90E-07,6.08E-08,0.022258106,0.052372254,0.00045579,1.53E-05,0.475940557,,1.15473432,,0,0,0,0,0,0,0,0.066766072
24,10,24010,1.91E-06,1.52E-05,0.000115047,1.19E-05,0.202585324,2.110485346,0.004148435,0.000139458,3.989457869,,9.48719939,,0,0,0,0,0.5782,0.0397,0,0.807750247
24,11,24011,7.18E-06,5.71E-05,0.000191745,1.98E-05,0.273670556,1.539596687,0.005604081,0.000188393,18.11705036,,,,0,0,0,0,0.2891,0.0199,0,1.46336923
24,12,24012,5.70E-07,4.53E-06,4.01E-05,4.13E-06,0.147191816,3.266655359,0.003014116,0.000101326,0.07945738,0.645546888,,,0,0,0,0,0,0,0.005048129,0.055678135
24,13,24013,4.58E-05,0.000363922,0.001851962,0.000190823,1.117740436,5.286275972,0.0228885,0.000769444,24.59252219,47.35484366,4.45830069,,0,0,0,0,1.0308,0.0708,0.141319756,3.727215974
24,14,24014,5.34E-07,4.24E-06,2.48E-05,2.55E-06,0.11996064,3.043297761,0.002456491,8.26E-05,0,,,,0,0,0,0,0,0,0,0
24,15,24015,1.09E-05,8.70E-05,0.000128617,1.33E-05,0.137956115,0.929334396,0.002824993,9.50E-05,2.508914645,,,,0,0,0,0,1.0901,0.0749,0.548449343,0.908495481
24,16,24016,9.62E-06,7.64E-05,0.000273753,2.82E-05,0.257640857,1.466322405,0.005275834,0.000177358,20.34972812,0.017686216,,,0,0,0,0,0.5924,0.0407,0.009589477,7.305400536
24,17,24017,2.61E-07,2.08E-06,1.59E-05,1.64E-06,0.165677011,2.063697855,0.003392647,0.000114051,7.914325896,,0.011795895,,0,0,0,0,0.2583,0.0177,0.002888561,0.972042474
24,18,24018,2.46E-06,1.95E-05,5.31E-06,5.47E-07,0.10444825,2.368111368,0.002138836,7.19E-05,0.135135281,,,,0,0,0,0,0,0,0,0
24,19,24019,1.19E-08,9.43E-08,5.90E-07,6.08E-08,0.037060057,0.504956506,0.000758896,2.55E-05,1.013525334,,,,0,0,0,0,0,0,0,0.201371242
24,20,24020,6.98E-05,0.000554655,0.000692642,7.14E-05,0.580421335,0.763205067,0.011885562,0.000399558,5.825652456,,,,0,0,0,0,0.1777,0.0122,0.025079498,1.150760942
24,21,24021,8.31E-07,6.60E-06,2.36E-05,2.43E-06,0.321683781,2.428078305,0.006587271,0.000221445,9.606473259,,0.82561467,,0,0,0,0,0.801,0.055,0,0.611267235
24,22,24022,2.59E-06,2.06E-05,5.43E-05,5.59E-06,0.12178157,0.808785354,0.002493779,8.38E-05,6.962434057,,0.0966,,0,0,0,0,0.4811,0.033,0,0.663487841
24,23,24023,1.35E-06,1.08E-05,4.31E-05,4.44E-06,0.095785039,0.770314827,0.001961436,6.59E-05,5.540557257,,0.03931965,,0,0,0,0,0.4597,0.0316,0,0.75529119
24,24,24024,1.03E-05,8.20E-05,0.000839548,8.65E-05,0.569054319,3.490780887,0.011652794,0.000391733,18.99837531,,1.46438932,,0,0,0,0,1.2323,0.0846,0.023721786,1.421640435
24,25,24025,6.46E-06,5.13E-05,0.000145136,1.50E-05,0.181768787,0.460118493,0.003722165,0.000125128,33.7192412,,,,0,0,0,0,0.9242,0.0635,0.001784274,3.058601452
24,26,24026,5.94E-08,4.72E-07,2.95E-06,3.04E-07,0.06622942,1.81326219,0.001356211,4.56E-05,0.138102354,,,,0,0,0,0,0,0,0,0
24,27,24027,1.35E-06,1.08E-05,4.48E-05,4.62E-06,0.065043056,0.478586164,0.001331917,4.48E-05,3.108111469,,,,0,0,0,0,0,0,0.000270852,0.043994072
24,28,24028,0.000931371,0.007399178,0.009753625,0.001005,5.28399305,1.281940065,0.108202825,0.003637463,12.71458473,,0.95776393,,0.247239202,0,0,0,1.0427,0.0716,2.617108948,1.121431561
24,29,24029,5.70E-07,4.53E-06,1.30E-05,1.34E-06,0.150626751,3.772639579,0.003084455,0.00010369,2.24160043,,,,0,0,0,0,0,0,0,0.012518639
24,30,24030,2.37E-08,1.89E-07,5.90E-06,6.08E-07,0.036018541,0.383869901,0.000737569,2.48E-05,1.354319885,,,,0,0,0,0,0,0,0,0.022652774
24,31,24031,0,0,5.90E-07,6.08E-08,0.073651087,1.57032578,0.001508188,5.07E-05,0.743244047,,0.26535969,,0,0,0,0,0,0,0,0.08321914
24,32,24032,4.29E-06,3.41E-05,0.000249563,2.57E-05,0.24657733,2.073408312,0.005049281,0.000169742,2.300277579,,1.10130074,,0,0,0,0,0,0,0.009205822,0.343845271
24,33,24033,1.54E-07,1.23E-06,4.72E-06,4.86E-07,0.073457959,0.35838011,0.001504233,5.06E-05,38.85437116,,,,0,0,0,0,0,0,0,4.005368199
24,34,24034,1.33E-06,1.06E-05,4.84E-05,4.98E-06,0.092039718,1.96023924,0.001884741,6.34E-05,2.174032789,4.598416191,,,0,0,0,0,0,0,0.002581757,0.684113789
24,35,24035,5.49E-05,0.000436272,0.00115578,0.00011909,1.73796012,0.32703468,0.035589031,0.001196399,6.169424803,,0.525507335,,0,1.26243,0.146,0,0,0,0.296504702,0.574784345
24,36,24036,1.05E-05,8.37E-05,0.000156346,1.61E-05,0.179444343,2.179139324,0.003674567,0.000123528,4.418728991,21.59133264,6.661099252,,0,0,0,0,0,0,0,1.529419951
24,37,24037,5.44E-06,4.32E-05,0.000419479,4.32E-05,0.679006743,14.14306992,0.013904342,0.000467423,0.810833137,,,,0,0,0,0,0,0,0.008165904,0.003934429
24,38,24038,3.21E-07,2.55E-06,1.36E-05,1.40E-06,0.111656097,2.618020255,0.002286435,7.69E-05,0.611075838,,,,0,0,0,0,0,0,0,0
24,39,24039,4.51E-07,3.58E-06,2.01E-05,2.07E-06,0.09795774,2.401809537,0.002005927,6.74E-05,3.378382032,0.226383566,,,0,0,0,0,0,0,0,0.040178868
24,40,24040,1.10E-05,8.74E-05,0.000349861,3.60E-05,0.247625744,2.375819246,0.005070749,0.000170464,14.20407207,4.603722056,0.11795895,,0,0,0,0,1.5474,0.1063,0.110758926,3.22849726
24,41,24041,6.17E-07,4.91E-06,3.66E-05,3.77E-06,0.140218483,3.654178836,0.00287132,9.65E-05,1.225118748,1.809299909,,,0,0,0,0,0,0,0,0.140685652
24,42,24042,2.35E-06,1.87E-05,9.56E-05,9.85E-06,0.092860516,1.418084207,0.001901549,6.39E-05,0.611075838,,,,0,0,0,0,0,0,0.001576721,0.00441133
24,43,24043,1.40E-06,1.11E-05,4.31E-05,4.44E-06,0.059152625,0.435826353,0.001211296,4.07E-05,0.135135281,,,,0,0,0,0,0,0,0.00260675,0.095737778
24,44,24044,7.01E-07,5.57E-06,1.06E-05,1.09E-06,0.047606275,0.622609335,0.000974856,3.28E-05,3.246224548,,,,0,0,0,0,1.955,0.1343,0,0.795470059
24,45,24045,6.17E-06,4.91E-05,5.37E-05,5.53E-06,0.094757318,0.893275887,0.00194039,6.52E-05,6.624617304,,,,0,0,0,0,1.3342,0.0916,0,1.073503059
24,46,24046,4.48E-06,3.56E-05,3.66E-05,3.77E-06,0.103337759,0.780242498,0.002116096,7.11E-05,29.18922075,,0.0644,,0,0,0,0,0,0,0,3.472789549
24,47,24047,1.66E-07,1.32E-06,5.31E-06,5.47E-07,0.061152888,0.715567081,0.001252257,4.21E-05,5.746216526,,,,0,0,0,0,0,0,0,1.876603526
24,48,24048,9.74E-07,7.73E-06,1.53E-05,1.58E-06,0.033714789,0.125694273,0.000690394,2.32E-05,0.205669994,,0.00805,,0,0,0,0,0,0,0.799054133,0.084411391
24,49,24049,5.26E-06,4.18E-05,6.67E-05,6.87E-06,0.235168929,1.291705122,0.004815665,0.000161889,101.5541639,,,,0,0,0,0,0,0,0,9.453360455
24,50,24050,3.10E-05,0.000246105,0.000179355,1.85E-05,0.292204033,2.326632032,0.0059836,0.000201151,7.649989478,,0.227657335,,0,0,0,0,1.0901,0.0749,0.014088978,0.87988145
24,51,24051,1.57E-06,1.25E-05,3.42E-05,3.53E-06,0.092088,0.773683801,0.00188573,6.34E-05,8.454856296,,2.79991144,,0,0,0,0,0.8886,0.061,0,0.498957164
24,52,24052,7.36E-07,5.85E-06,4.07E-05,4.19E-06,0.063677359,0.581050832,0.001303951,4.38E-05,8.448922151,,,,0,0,0,0,0.3578,0.0246,0,0.650730752
24,53,24053,1.46E-06,1.16E-05,0.000123897,1.28E-05,0.237238168,5.266305346,0.004858038,0.000163313,0.681610551,,,,0,0,0,0,0,0,0,0.034336837
24,54,24054,1.97E-06,1.57E-05,0.000126847,1.31E-05,0.358267914,7.392139862,0.007336422,0.000246629,0,,0.20716218,,0,0,0,0,0,0,0,0
24,55,24055,1.99E-06,1.58E-05,1.71E-05,1.76E-06,0.158634703,1.507416665,0.003248438,0.000109203,0.881357125,,0.376526324,,0,0,0,0,0,0,1.127941717,0.070342826
24,56,24056,1.57E-06,1.25E-05,3.72E-05,3.83E-06,0.100178722,0.710543982,0.002051407,6.90E-05,6.216222938,,0.33028506,,0,0,0,0,0,0,0,0.349448852
24,57,24057,1.91E-06,1.52E-05,7.32E-05,7.54E-06,0.2165044,0,0.004433463,0.00014904,0.202702922,,,,0,0,0,0,0,0,0,0
24,58,24058,7.94E-06,6.31E-05,0.000117407,1.21E-05,0.12297483,0,0.002518214,8.47E-05,11.4924545,18.92425125,5.53258024,,0,0,0,0,0,0,0,1.322445128
25,1,25001,0.000150451,0.001195245,0,0.00038572,0,1.634314815,0.057241093,0.001924278,140.4731249,23.55803987,,,0,16.25949,2.023,331.2,0.8308,0.0571,0.696141237,33.56904546
25,2,25002,4.25E-06,3.38E-05,0,2.26E-05,0,0.359097363,0.005945888,0.000199883,99.05712824,,,,0,0,0,0,0,0,0,0
25,3,25003,4.39E-07,3.49E-06,0,7.11E-06,0,4.607165809,0.004383604,0.000147364,5.273253766,,5.26413632,,0,0,0,0,0,0,0.000862002,0
25,4,25004,3.43E-06,2.73E-05,0,7.29E-06,0,1.873694832,0.003838549,0.000129041,10.96674874,,2.60797483,,0,0,0,0,0,0,0.035114544,0
25,5,25005,1.53E-06,1.22E-05,0,1.18E-05,0,1.74378166,0.00258149,8.68E-05,0.608108766,,6.56235671,,0,0,0,0,0,0,0,0
25,6,25006,0.000255842,0.00203251,0,0.000800863,0,8.52448386,0.114652384,0.003854278,168.9926355,17.85246655,0.14155074,,0.212196281,45.18189,5.55,0,3.2127,0.2207,2.226899035,29.19454505
25,7,25007,1.32E-06,1.05E-05,0,9.97E-06,0,3.905292993,0.004593067,0.000154405,0.675676406,,13.78455585,,0,0,0,0,1.3604,0.0934,0,0
25,8,25008,3.74E-06,2.97E-05,0,2.71E-05,0,2.668243662,0.006525689,0.000219375,26.91565755,0.095505567,0.06402786,,0,0,0,0,0.9815,0.0674,0.023095165,8.107268106
25,9,25009,7.43E-06,5.91E-05,0,3.56E-05,0,2.148305763,0.007079925,0.000238006,33.44599284,,,,0,0,0,0,1.4263,0.098,0.000117546,0
25,10,25010,1.52E-05,0.000121024,0,4.87E-05,0,4.725306045,0.013250672,0.000445449,41.29569671,,,,0,0,0,0,3.6411,0.2501,0.138979499,0
25,11,25011,6.06E-05,0.000481362,0,0.000183893,0,4.791060826,0.037260213,0.00125258,193.7988287,,,,0,0,0,0,0,0,0.071211805,22.91874466
25,12,25012,0.000143018,0.001136194,0,0.000931321,0,1.619247191,0.05941185,0.001997253,42.57948189,,,,0,20.89152,2.579,596.6,1.8429,0.1266,0.605701293,15.01890426
25,13,25013,1.95E-06,1.55E-05,0,1.09E-05,0,3.014339023,0.00599603,0.000201569,78.66060198,,,,0,0,0,0,0.7485,0.0514,0.737639522,0
25,14,25014,4.46E-06,3.55E-05,0,2.29E-05,0,1.765518972,0.006651113,0.000223591,34.06892624,,2.37892833,,0,0,0,0,1.1086,0.0761,0.025564264,0
25,15,25015,1.53E-05,0.000121402,0,7.14E-05,0,0.305629251,0.010935706,0.000367626,33.71921975,,,,0,0,0,0,1.2215,0.0839,0.105417223,22.24349246
25,16,25016,1.16E-06,9.24E-06,0,8.94E-06,0,1.747200389,0.003171461,0.000106615,15.75216148,,11.28371502,,0,0,0,0,0.7367,0.0506,0,0
25,17,25017,5.91E-06,4.70E-05,0,1.90E-05,0,6.265634328,0.011777229,0.000395916,73.73114202,,1.56181763,,0,0,0,0,1.1392,0.0782,0.000663643,0
25,18,25018,2.22E-05,0.000176113,0,5.31E-05,0,3.416330524,0.018760968,0.000630689,115.4055302,7.371614878,,,0,0,0,0,0.3978,0.0273,0.068593222,0
26,1,26001,1.12E-06,8.87E-06,0.000207923,6.69E-07,0.011887959,0.053292934,0.00033418,1.12E-05,2.435402135,,,,0,0,0,0,0,0,0,0
26,2,26002,9.17E-05,0.000728221,0.019525873,6.28E-05,0.368200144,0.097157936,0.010350397,0.00034795,2.843796501,,51.3235998,,0,0,0,0,0.6584,0.0452,0.020769005,0.346732932
26,3,26003,3.23E-06,2.57E-05,0.005254785,1.69E-05,0.121306424,3.002832628,0.003410019,0.000114635,6.237003169,,16.52289693,,0,0,0,0,0,0,0,0
26,4,26004,6.65E-07,5.28E-06,0.003421281,1.10E-05,0.045305887,0.030371323,0.001273584,4.28E-05,2.103530251,,,,0,0,0,0,0,0,0,0
26,5,26005,8.31E-08,6.60E-07,0.000113413,3.65E-07,0.00608969,0.08182918,0.000171186,5.75E-06,0.208637066,,,,0,0,0,0,0,0,0,0
26,6,26006,4.04E-07,3.21E-06,0.000396944,1.28E-06,0.014269571,0.158667052,0.000401129,1.35E-05,2.635137985,,,,0,0,0,0,0,0,0,0
26,7,26007,9.50E-08,7.55E-07,0,0,0.003527197,0.004185069,9.92E-05,3.33E-06,0.810811688,,,,0,0,0,0,0,0,0,0
26,8,26008,1.19E-08,9.43E-08,0.000151217,4.86E-07,0.00619018,0.054924372,0.000174011,5.85E-06,0.270270563,,0.0805,,0,0,0,0,0,0,0,0
26,9,26009,5.94E-08,4.72E-07,0.000170119,5.47E-07,0.003406609,0.035840391,9.58E-05,3.22E-06,0.675676406,,,,0,0,0,0,0,0,0,0
26,10,26010,8.31E-08,6.60E-07,0.000113413,3.65E-07,0.00663736,0.150982888,0.000186581,6.27E-06,1.891893938,,,,0,0,0,0,0,0,0,0
26,11,26011,2.37E-08,1.89E-07,0.000151217,4.86E-07,0.007114687,0.064395427,0.000199999,6.72E-06,1.891893938,,,,0,0,0,0,0,0,0,0
26,12,26012,3.86E-06,3.07E-05,0.002551784,8.21E-06,0.101725961,0.253970762,0.002859597,9.61E-05,35.15596408,,,,0,0,0,0,0,0,0,0
26,13,26013,8.91E-07,7.07E-06,0.000245727,7.90E-07,0.007230251,0.0081378,0.000203248,6.83E-06,0.405405844,,,,0,0,0,0,0,0,0,0
26,14,26014,2.61E-07,2.08E-06,0.000321336,1.03E-06,0.016585864,0.033153955,0.000466242,1.57E-05,1.756758656,,,,0,0,0,0,0,0,0.005000174,0
26,15,26015,0,0,3.78E-05,1.22E-07,0.006094715,0.074643446,0.000171327,5.76E-06,2.1621645,,,,0,0,0,0,0,0,0,0
26,16,26016,4.04E-07,3.21E-06,0.000774986,2.49E-06,0.025544541,0.040418834,0.000718077,2.41E-05,1.89486101,,,,0,0,0,0,7.382,0.507,0,0
26,17,26017,1.82E-05,0.000144418,0.017994803,5.79E-05,0.348524215,0.244975392,0.009797291,0.000329356,29.23672608,,,,0,0,0,23.2,1.6478,0.1132,0.971621263,6.42938366
26,18,26018,0.000285645,0.002269276,0.111692531,0.000359215,1.922618646,1.051222736,0.054046328,0.00181688,94.42169686,,,,0,1.5444,0.221,0,0.7789,0.0535,0.633952709,22.41802677
26,19,26019,1.06E-05,8.43E-05,0.007163897,2.30E-05,0.161924456,0.095360593,0.004551824,0.000153019,0.540541125,,0.322,,0,0,0,0,0.7195,0.0494,1.606919793,0
26,20,26020,4.16E-07,3.30E-06,0.000321336,1.03E-06,0.022630333,0.031566816,0.000636157,2.14E-05,3.648652594,,,,0,0,0,0,0.7857,0.054,0.000235857,0
26,21,26021,3.56E-08,2.83E-07,0.000113413,3.65E-07,0.008365787,0.02379641,0.000235169,7.91E-06,2.840818704,,,,0,0,0,0,0.7382,0.0507,0.071524785,0
26,22,26022,1.54E-07,1.23E-06,5.67E-05,1.82E-07,0.003828667,0.017748002,0.000107627,3.62E-06,0.611075838,,,,0,0,0,0,0,0,0,0
26,23,26023,4.39E-06,3.49E-05,0.000604867,1.95E-06,0.028066839,0.042484785,0.000788981,2.65E-05,5.948919448,,0.4025,,0,0,0,0,0,0,0,0
26,24,26024,2.37E-08,1.89E-07,3.78E-05,1.22E-07,0.003255874,0.006927498,9.15E-05,3.08E-06,0.273237635,,,,0,0,0,0,0,0,0,0
26,25,26025,0.000112657,0.000894995,0.010301646,3.31E-05,0.252812577,0.229320758,0.007106761,0.000238909,4.729734844,,,,0,0,0,0,0.672,0.0462,0.019857895,0
26,26,26026,3.55E-06,2.82E-05,0.006162086,1.98E-05,0.279316797,1.999865921,0.007851816,0.000263955,44.60357621,,,,0,0,0,0,0,0,0,0
26,27,26027,2.73E-07,2.17E-06,0.001417658,4.56E-06,0.0366939,0.114025507,0.001031494,3.47E-05,3.24324675,,0.322,,0,0,0,0,1.1217,0.077,0,0
26,28,26028,7.12E-08,5.66E-07,0.000207923,6.69E-07,0.00444668,0.00608517,0.000125,4.20E-06,0.743244047,,,,0,0,0,0,0,0,0,0
26,29,26029,7.84E-05,0.000622855,0.051735058,0.000166385,0.685230814,1.603782146,0.019262379,0.000647545,14.93838272,,,,0,0.117,0.023,195.4,1.8209,0.1251,0.101133513,1.339516226
26,30,26030,0.000487426,0.003872306,0.231588574,0.000744813,3.781215155,1.50450028,0.106292943,0.003573258,63.06734453,,,,0.135196844,38.59713,5.016,0,0.952,0.0654,3.424587748,7.92110478
26,31,26031,7.12E-08,5.66E-07,0.000226825,7.29E-07,0.006481601,0.15330753,0.000182203,6.13E-06,0.270270563,,6.44,,0,0,0,0,0,0,0,0
26,32,26032,4.75E-08,3.77E-07,0.000264629,8.51E-07,0.004225602,0.003233538,0.000118785,3.99E-06,1.283785172,,1.61,,0,0,0,0,0,0,0,0
26,33,26033,2.00E-05,0.000159133,0.009658975,3.11E-05,0.374159197,1.85373736,0.01051791,0.000353581,35.00003785,,,,0,0,0,0,0.9266,0.0636,0.013401506,0
26,34,26034,4.75E-08,3.77E-07,0.000170119,5.47E-07,0.005044595,0.004685049,0.000141808,4.77E-06,0.202702922,,,,0,0,0,0,0,0,0,0
26,35,26035,7.41E-06,5.89E-05,0.002400567,7.72E-06,0.054515789,0.052636268,0.001532482,5.15E-05,4.665134276,,4.6368,,0,0,0,0,0.5804,0.0399,0.005278914,0
26,36,26036,3.49E-05,0.000277233,0.008562653,2.75E-05,0.130300273,0.071579336,0.003662844,0.000123134,1.489455166,,0.0805,,0,0,0,0,0.4022,0.0276,0.003235888,1.024016417
26,37,26037,2.37E-07,1.89E-06,0.000604867,1.95E-06,0.006622287,0.015164338,0.000186158,6.26E-06,0.340805275,,,,0,0,0,0,0,0,0,0.449259054
26,38,26038,1.20E-06,9.53E-06,0.001417658,4.56E-06,0.022283643,0.016902752,0.000626411,2.11E-05,3.17567911,,,,0,0,0,0,0,0,0.001226458,0.56943868
26,39,26039,2.58E-06,2.05E-05,0.002211546,7.11E-06,0.031910579,0.007620471,0.000897032,3.02E-05,0.405405844,,,,0,0,0,0,0.7518,0.0516,0,0
26,40,26040,4.16E-07,3.30E-06,7.56E-05,2.43E-07,0.008365787,0.170438871,0.000235169,7.91E-06,0.81377876,,6.34355988,,0,0,0,0,0,0,0,0
26,41,26041,2.39E-05,0.000189696,0.003118847,1.00E-05,0.057314434,0.029224788,0.001611154,5.42E-05,0.405405844,,0.483,,0,0,0,0,0.4192,0.0288,1.797854632,0
26,42,26042,0.000125422,0.000996399,0.037596284,0.000120914,0.744364116,3.734769934,0.020924663,0.000703426,32.1800101,,,,0,0,0,0,1.7021,0.1169,0.211984993,11.77273731
26,43,26043,0.000460081,0.003655066,0.065079943,0.000209304,1.04962239,0.182942636,0.029505714,0.000991896,0.61998778,,0.805,,0,2.32011,0.242,0,0.9928,0.0682,0.153325459,0
26,44,26044,0,0,0.000151217,4.86E-07,0.001869113,0.017027047,5.25E-05,1.77E-06,0.135135281,,,,0,0,0,0,0,0,0,0
26,45,26045,3.67E-06,2.91E-05,0.000113413,3.65E-07,0.012852663,0.081456046,0.000361298,1.21E-05,1.621623375,,,,0,0,0,0,0.487,0.0335,0,0
26,46,26046,2.37E-08,1.89E-07,0,0,0.002115313,0.001353486,5.95E-05,2.00E-06,0.472973484,,,,0,0,0,0,0,0,0,0
26,47,26047,4.86E-06,3.86E-05,0.001720091,5.53E-06,0.046165076,0.049954723,0.001297737,4.36E-05,1.827293369,,,,0,0,0,0,0.6703,0.046,4.81E-06,0
26,48,26048,1.33E-05,0.000105271,0.054759394,0.000176112,0.265002006,0.013016695,0.007449416,0.000250428,0,,,,0,0,0,0.3,2.2825,0.1568,0.181228734,0
26,49,26049,2.02E-07,1.60E-06,0.000132315,4.26E-07,0.014942853,0.457321712,0.000420055,1.41E-05,3.85728966,,1.2075,,0,0,0,0,0,0,0,0
26,50,26050,3.44E-07,2.74E-06,0.000170119,5.47E-07,0.007747774,0.026890447,0.000217796,7.32E-06,2.635137985,,,,0,0,0,0,0,0,0.003168206,0
26,51,26051,4.87E-07,3.87E-06,0.000604867,1.95E-06,0.025524443,0.514168192,0.000717512,2.41E-05,1.962428651,,0.805,,0,0,0,0,0,0,0,0
26,52,26052,7.12E-07,5.66E-06,0.000888399,2.86E-06,0.028267819,0.20991356,0.000794631,2.67E-05,1.430799467,,4.0733,,0,0,0,0,0,0,0,0.12097177
26,53,26053,1.19E-08,9.43E-08,0,0,0.0014973,0.001292058,4.21E-05,1.41E-06,0.743244047,,,,0,0,0,0,0,0,0,0
26,54,26054,0,0,0,0,0.001175732,0.010806963,3.31E-05,1.11E-06,0.270270563,,,,0,0,0,0,0,0,0.001921165,0
26,55,26055,8.22E-05,0.000653324,0.050355204,0.000161948,0.818741741,0.195804282,0.023015477,0.000773713,37.37382794,,,,0,0,0,0,2.2061,0.1515,0.069427267,0
26,56,26056,1.78E-07,1.41E-06,0.000321336,1.03E-06,0.032011069,0.289429241,0.000899856,3.03E-05,5.746216526,,,,0,0,0,0,0.2885,0.0198,0,0
26,57,26057,2.26E-07,1.79E-06,0.000170119,5.47E-07,0.006933805,0.028300514,0.000194915,6.55E-06,0.337838203,,,,0,0,0,0,0,0,0,0
26,58,26058,1.28E-05,0.000101309,0.005802946,1.87E-05,0.075060957,0.067413917,0.002110023,7.09E-05,3.783787875,,,,0,0,0,0,0.4786,0.0329,0.000720437,0
26,59,26059,1.31E-07,1.04E-06,0.000245727,7.90E-07,0.009501323,0.049254741,0.00026709,8.98E-06,1.418920453,,2.898,,0,0,0,0,0.9249,0.0635,0,0
26,60,26060,2.37E-08,1.89E-07,0.000151217,4.86E-07,0.013118961,0.044431555,0.000368784,1.24E-05,1.692158088,,,,0,0,0,0,0,0,0,0
26,61,26061,0,0,0,0,0.005753049,0.065002708,0.000161723,5.44E-06,0.611075838,,,,0,0,0,0,0,0,0.00032677,0
26,62,26062,1.31E-07,1.04E-06,0.000151217,4.86E-07,0.005476701,0.021352145,0.000153954,5.18E-06,0.408372916,,4.4275,,0,0,0,0,0,0,0,0
26,63,26063,1.19E-08,9.43E-08,5.67E-05,1.82E-07,0.005521922,0.012329881,0.000155226,5.22E-06,0.270270563,,,,0,0,0,0,0,0,0,0
26,64,26064,4.75E-08,3.77E-07,0.000302434,9.73E-07,0.008265297,0.04107465,0.000232344,7.81E-06,1.689191016,,,,0,0,0,0,0.9622,0.0661,0.023883335,0
26,65,26065,3.56E-08,2.83E-07,1.89E-05,6.08E-08,0.008486375,0.05475972,0.000238559,8.02E-06,0.810811688,,,,0,0,0,0,0,0,0,0
26,66,26066,1.23E-06,9.81E-06,0.000907301,2.92E-06,0.040994869,0.052126439,0.001152398,3.87E-05,5.761051887,,,,0,0,0,0,0,0,0,1.208812396
26,67,26067,3.56E-08,2.83E-07,0.000302434,9.73E-07,0.007511623,0.016451348,0.000211158,7.10E-06,0.408372916,,1.5617,,0,0,0,0,0,0,0,0
26,68,26068,0,0,0,0,0.006682581,0.01052186,0.000187853,6.32E-06,1.089983467,,,,0,0,0,0,0,0,0,0
26,69,26069,1.04E-06,8.30E-06,0.001190833,3.83E-06,0.031131782,0.836248252,0.000875139,2.94E-05,0.411350713,,0.35465,,0,0,0,0,0,0,0,0
26,70,26070,1.35E-06,1.08E-05,0.006388911,2.05E-05,0.063655349,0.042625482,0.001789402,6.02E-05,6.154621617,,,,0,0,0,0,0,0,0,0
26,71,26071,2.55E-06,2.03E-05,0.003440183,1.11E-05,0.100876821,0.516277399,0.002835727,9.53E-05,20.20868014,,,,0,0,0,0,0,0,0.001408685,0
26,72,26072,6.89E-07,5.47E-06,0.001115224,3.59E-06,0.066835855,0.34205917,0.001878809,6.32E-05,21.3662527,,,,0,0,0,0,0,0,0,0
27,1,27001,5.77E-06,4.58E-05,0,2.55E-05,0.640844247,5.310174358,0.007445602,0.000250299,8.648658001,0.191011134,,,0,0,0,9.5,0.9285,0.0638,0.007081386,3.510884139
27,2,27002,3.60E-05,0.000286006,0,0.000176051,2.667487584,12.54789115,0.030992009,0.001041861,8.748959961,28.96906695,,,0,0,0,0,0,0,0.541154393,4.274008637
27,3,27003,5.18E-06,4.11E-05,0,3.78E-05,1.160838021,8.215465477,0.013487112,0.000453397,4.729734844,,8.002366365,,0,0,0,0,0,0,0.000424861,0.130632593
27,4,27004,0.000147281,0.001170059,0,0.000914421,6.997267885,6.439104759,0.081297245,0.002732976,2.638105057,,,,0.138811134,4.35474,0.632,0,0,0,4.93412136,0.503777245
27,5,27005,1.62E-05,0.000128948,0,0.00010067,2.168537182,14.25696806,0.025194991,0.000846982,3.989457869,0.117790199,,,0,0,0,0,0,0,0.161939052,0.302394209
27,6,27006,5.97E-06,4.74E-05,0,3.36E-05,1.401420543,8.883672231,0.016282302,0.000547363,2.432435063,3.569078413,,,0,0,0,0,0,0,0.025908125,0.221627891
27,7,27007,5.22E-06,4.15E-05,0,3.10E-05,0.321011727,1.165862101,0.003729651,0.00012538,2.641072129,0.079587973,,,0,0,0,0,0.1139,0.0078,0.011254604,1.433122661
27,8,27008,1.95E-05,0.000154888,0,5.94E-05,2.001199213,15.50845808,0.023250787,0.000781624,11.4367337,9.849135404,4.167636417,,0,0,0,0,1.5805,0.1086,0.513094498,2.236097558
27,9,27009,1.52E-06,1.21E-05,0,1.17E-05,0.414655343,2.727335782,0.004817643,0.000161955,0.743244047,,,,0,0,0,0,0,0,0.501678819,0.108896012
27,10,27010,4.35E-06,3.45E-05,0,2.06E-05,0.923391946,5.900417699,0.010728362,0.000360656,0.878379328,,,,0,0,0,0,0,0,0.000522371,0.013638639
27,11,27011,8.79E-07,6.98E-06,0,1.17E-05,0.354965592,3.730165094,0.004124142,0.000138642,1.351352813,,,,0,0,0,0,0,0,0.077699353,0.421732304
27,12,27012,2.49E-05,0.00019762,0,6.64E-05,1.808234768,11.57519985,0.021008843,0.000706256,3.313781463,,1.21555,,0,0,0,0,0.5623,0.0386,0.247444608,0.141287781
27,13,27013,3.97E-06,3.15E-05,0,3.49E-05,1.095252235,3.551726167,0.012725108,0.000427781,0.608108766,,,,0,0,0,0,0,0,0.012911607,0.085241497
27,14,27014,5.18E-06,4.11E-05,0,6.02E-05,1.012367362,4.302122406,0.011762116,0.000395408,0.472973484,,,,0,0,0,325.9,0,0,0.11548429,0.03303108
27,15,27015,2.93E-06,2.33E-05,0,1.57E-05,0.538593636,5.667664176,0.006257611,0.000210363,1.148649891,,,,0,0,0,0,0.459,0.0315,1.557095024,0.180925076
27,16,27016,6.14E-06,4.88E-05,0,3.56E-05,0.624821621,2.828740539,0.007259444,0.000244041,2.1621645,,,,0,0,0,0,0.3258,0.0224,1.880949808,1.393485365
27,17,27017,8.41E-06,6.68E-05,0,4.26E-05,0.668671098,4.402045236,0.007768906,0.000261168,4.867837198,6.450163018,3.20061951,,0,0,0,0,0.7181,0.0493,0.06723584,0.553217313
28,1,28001,0,0,0,4.50E-06,0.272008344,0.143583155,0.001607764,5.40E-05,19.18920994,,,,0,0,0,0,0,0,0,3.913802701
28,2,28002,0,0,0,1.67E-05,0.648083836,0.995946132,0.00383064,0.000128775,35.49081376,,0.0786393,,0,0,0,0,0,0,0.928241324,2.487260185
28,3,28003,0.00010019,0.000795949,0,8.41E-05,4.308188738,2.247195337,0.025464481,0.000856041,33.98653396,0.005305865,,,0,0,0,1092.6,1.3348,0.0917,0.498136397,8.779694404
28,4,28004,8.91E-07,7.07E-06,0,3.53E-06,0.197404984,0.68115645,0.001166805,3.92E-05,5.816751239,5.588844293,0.31976716,,0,0,0,0,0,0,0.328406407,0.71593347
28,5,28005,1.08E-06,8.58E-06,0,1.34E-06,0.110184527,0.081418823,0.000651269,2.19E-05,5.33784361,,,,0,0,0,0,0,0,0,0.731513808
28,6,28006,1.90E-07,1.51E-06,0,3.65E-07,0.171907935,0.8262357,0.001016099,3.42E-05,0.608108766,,1.457875687,,0,0,0,0,0,0,0,1.121390285
28,7,28007,1.05E-05,8.34E-05,0,9.54E-06,0.430916847,0.014997964,0.002547027,8.56E-05,21.2838068,,,0.034580144,0,0,0,0,1.005,0.069,0.32443658,1.335748743
28,8,28008,0,0,0,1.28E-06,0.095464582,0.353887126,0.000564264,1.90E-05,17.37081779,,0.236451615,,0,0,0,0,0.4604,0.0316,0,3.45918612
28,9,28009,8.18E-05,0.000649739,0,0.000214714,4.716093722,0.350453982,0.027875492,0.000937093,0,,,,0,0,0,0,0,0,1.340135122,0
28,10,28010,3.56E-08,2.83E-07,0,1.03E-06,0.053359803,0.035690267,0.000315395,1.06E-05,4.054058438,,,,0,0,0,0,0,0,0.001438572,0.366889278
28,11,28011,2.65E-06,2.10E-05,0,5.59E-06,0.198456409,0.583719493,0.00117302,3.94E-05,6.759731135,9.409066975,,,0,0,0,0,0,0,0,1.42803725
28,12,28012,8.53E-06,6.77E-05,0,2.60E-05,0.946951302,1.422719781,0.005597161,0.00018816,49.1922309,7.693504011,,,0,0,0,0,1.5518,0.1066,0.009402093,15.67795228
28,13,28013,2.45E-06,1.94E-05,0,1.16E-06,0.346229369,0.999212019,0.002046464,6.88E-05,15.20272987,,0.18861679,,0,0,0,0,0.104,0.0071,0,2.995752872
28,14,28014,2.37E-07,1.89E-06,0,5.53E-06,0.088845386,0.002757171,0.00052514,1.77E-05,2.97594326,,,,0,0,0,0,0,0,0,0.043596411
28,15,28015,6.90E-06,5.48E-05,0,1.19E-05,0.34778261,0.01403622,0.002055644,6.91E-05,20.27029219,,,,0,0,0,0,0.3785,0.026,0,1.282583769
28,16,28016,7.03E-06,5.58E-05,0,9.24E-06,0.552786526,1.302100577,0.003267364,0.000109839,14.8002911,,,,0,0,0,0,0.9651,0.0663,0,2.921412498
28,17,28017,4.29E-06,3.41E-05,0,7.42E-06,0.347997674,1.545098473,0.002056916,6.91E-05,0.411339988,,0.090807335,,0,0,0,0,0,0,0,0.656946959
28,18,28018,1.22E-06,9.72E-06,0,6.20E-06,0.19425071,0.089157555,0.001148161,3.86E-05,8.986496204,,,,0,0,0,0,0,0,0,1.356924143
28,19,28019,1.08E-06,8.58E-06,0,6.02E-06,0.411465491,1.310488466,0.002432056,8.18E-05,13.78676576,,0.036131965,,0,0,0,0,0.8854,0.0608,0.126067719,1.731530552
28,20,28020,2.37E-08,1.89E-07,0,1.82E-07,0.056729141,0.193583461,0.00033531,1.13E-05,3.108111469,,,,0,0,0,0,0,0,0,0.417732885
28,21,28021,2.50E-05,0.000198751,0,0.000111491,2.619839659,1.365834453,0.015485129,0.000520565,31.69220125,24.08685773,,,0,0,0,0,1.2551,0.0862,1.639739829,7.971989922
28,22,28022,0.000726787,0.005773887,0,0.00044025,11.60517161,0.310773718,0.068594877,0.002305959,93.31387878,,,0.048082755,0,1.02375,0.146,0,0.9806,0.0674,3.422218653,16.51085775
28,23,28023,1.90E-07,1.51E-06,0,1.16E-06,0.109826087,0.021953261,0.000649151,2.18E-05,19.72975106,,,,0,0,0,0,0,0,0,6.342088832
28,24,28024,1.83E-06,1.45E-05,0,7.66E-06,0.155013453,0.005000689,0.000916241,3.08E-05,4.459464282,,,,0,0,0,0,0,0,0.000158536,0.175993616
28,25,28025,3.47E-06,2.75E-05,0,3.86E-05,0.554148599,0.019632216,0.003275415,0.00011011,10.40541666,,,0.027434082,0,0,0,0,0,0,1.913277745,0.607858533
28,26,28026,1.78E-07,1.41E-06,0,5.47E-07,0.084878647,0.44946318,0.000501694,1.69E-05,0.540541125,,4.615446738,,0,0,0,0,0,0,0,0.512399378
28,27,28027,0.000257564,0.002046188,0,0.000339336,9.065813735,0.099353525,0.053585453,0.001801386,2.773240338,,,0.224996078,0,3.66678,0.343,0,0.58,0.0398,1.332171264,0.118446353
28,28,28028,2.73E-07,2.17E-06,0,1.46E-06,0.070302078,0.225322755,0.000415536,1.40E-05,3.581084953,3.632748791,0.28081965,,0,0,0,0,0,0,0,0.44651784
28,29,28029,1.02E-06,8.11E-06,0,6.26E-06,0.287851403,1.242180952,0.001701408,5.72E-05,8.516489792,10.69662351,0.72678183,,0,0,0,0,0,0,0,1.551182957
28,30,28030,1.04E-06,8.30E-06,0,1.37E-05,0.291842037,0.286384594,0.001724995,5.80E-05,15.95189733,,,,0,0,0,0,0,0,0,2.073196193
28,31,28031,1.78E-07,1.41E-06,0,7.29E-07,0.036680384,0.14630725,0.000216807,7.29E-06,0.270270563,,0.06365572,,0,0,0,0,0,0,0,0.135431968
28,32,28032,0.001251449,0.009942008,0,0.000538123,13.76632725,0.25110539,0.081368855,0.002735383,36.10485668,,,0.233583937,0.122176408,5.29425,0.257,0,1.0758,0.0739,2.091038786,10.24948796
28,33,28033,4.05E-05,0.000321379,0,7.82E-05,2.577472023,0.127917723,0.015234706,0.000512146,64.25683697,,,0.040652142,0,0,0,0,0.5645,0.0388,0.243955318,18.19816003
28,34,28034,2.02E-07,1.60E-06,0,9.73E-07,0.216832445,0.710581195,0.001281635,4.31E-05,9.054063845,,,,0,0,0,0,0,0,0,2.463559591
28,35,28035,9.65E-06,7.67E-05,0,3.14E-05,1.394523672,0.211707957,0.008242634,0.000277093,102.2974186,,,,0,0,0,0,0,0,0.004256998,22.86003298
28,36,28036,0,0,0,0,0.025234192,0.094585922,0.000149152,5.01E-06,0.067567641,,0.01572786,,0,0,0,0,0,0,0,0
28,37,28037,1.64E-06,1.30E-05,0,1.49E-05,0.530849984,0.454427229,0.003137704,0.00010548,42.9054518,,,,0,0,0,0,0,0,0,2.207202502
28,38,28038,7.35E-05,0.000583614,0,0.000496907,7.335670525,0.226999462,0.043359067,0.001457605,0.611075838,,,,0,17.4681,2.27,830.5,0.4826,0.0331,1.372549957,0
28,39,28039,2.53E-06,2.01E-05,0,1.26E-05,0.591091839,2.010132218,0.003493776,0.000117451,4.864870125,,2.746377709,,0,0,0,0,0,0,0.000521115,2.075075934
28,40,28040,4.30E-05,0.000341471,0,4.61E-05,1.53517562,0.075833941,0.009073988,0.000305041,52.84086205,,,,0,0,0,0,0,0,0.040099449,6.837489007
28,41,28041,9.57E-05,0.000760387,0,0.000268697,7.373736878,1.376636251,0.043584067,0.001465169,8.986496204,,3.75328755,,0.122176408,1.3806,0.171,0,1.0603,0.0728,2.139610041,1.550277057
28,42,28042,1.19E-07,9.43E-07,0,6.08E-07,0.149182825,0.419082319,0.000881777,2.96E-05,8.378387438,,,,0,0,0,0,0.912,0.0626,0,1.07675209
28,43,28043,1.23E-05,9.78E-05,0,1.41E-05,0.518089512,0.725151688,0.00306228,0.000102945,7.650000202,14.14897289,,,0,0,0,0,1.0271,0.0705,0.004138095,2.196110895
29,1,29001,0,9.34E-06,8.49E-06,2.13E-06,0.012008293,0.165157617,0.001126268,3.79E-05,0.270270563,,,,0,0,0,0,0,0,0.001466081,0.07732289
29,2,29002,0,7.07E-05,4.00E-05,1.00E-05,0.018684085,0.150111251,0.001752397,5.89E-05,0.135135281,,,,0,0,0,0,0,0,0.027305612,0.100310776
29,3,29003,0,8.49E-07,4.61E-06,1.16E-06,0.008180217,0.172724596,0.00076723,2.58E-05,5.405421975,,,,0,0,0,0,0.1445,0.0099,0.103037124,0.558277234
29,4,29004,0,2.05E-05,7.52E-06,1.88E-06,0.022588964,1.151362829,0.002118639,7.12E-05,9.256766767,,0.0805,,0,0,0,0,0,0,0,0.727352639
29,5,29005,0,0.000247803,0.000430686,0.000107904,0.11456972,0.163267723,0.010745593,0.000361235,2.165142297,,,,0,0,0,0,0.1342,0.0092,0.030694689,0.408209129
29,6,29006,0,0.000200166,0.000119621,3.00E-05,0.064630038,0.249013127,0.006061707,0.000203777,13.58109577,,0.23196144,,0,0,0,0,0.4976,0.0342,0.035542715,1.456197998
29,7,29007,0,3.47E-05,4.42E-05,1.11E-05,0.022367592,0.628403741,0.002097876,7.05E-05,0.945946969,,,,0,0,0,0,0.1487,0.0102,0,0.104390877
29,8,29008,0,1.75E-05,1.97E-05,4.92E-06,0.020515297,0.746402614,0.001924148,6.47E-05,7.972981595,,,,0,0,0,0,0.2932,0.0201,0,0.869559086
29,9,29009,0,2.45E-06,4.85E-07,1.22E-07,0.006654709,0.190379607,0.000624151,2.10E-05,1.08108225,,0.0322,,0,0,0,0,0,0,0.005929431,0.13563848
29,10,29010,0,0.000372223,0.000221773,5.56E-05,0.099033031,0.571439086,0.009288394,0.000312249,0.675676406,,0.51408358,,0,0,0,0,0.0413,0.0028,0.017818522,0.373777057
29,11,29011,0,1.51E-06,3.40E-06,8.51E-07,0.005922826,0.083847779,0.000555507,1.87E-05,6.351358219,,,,0,0,0,0,0.3572,0.0245,0,0.470505306
29,12,29012,0,8.21E-06,2.18E-06,5.47E-07,0.012791377,0.642957503,0.001199714,4.03E-05,6.084054729,,0.4247893,,0,0,0,0,0.351,0.0241,0.053903059,0.648437515
29,13,29013,0,0.000553901,0.000170576,4.27E-05,0.125004316,3.45675978,0.011724263,0.000394135,20.60813039,,1.633508075,,0,0,0,0,0.7805,0.0536,0.128122,2.360985274
29,14,29014,0,2.26E-05,1.89E-05,4.74E-06,0.018488314,0.324384158,0.001734035,5.83E-05,13.04055464,,0.1913393,,0,0,0,0,0.1528,0.0105,0.000806027,1.007187859
29,15,29015,0,0.000188564,4.83E-05,1.21E-05,0.050165571,0.719845945,0.004705072,0.000158171,5.743249454,,0.0483,,0,0,0,0,0.1569,0.0108,0,0.558973837
29,16,29016,0,1.80E-05,6.31E-06,1.58E-06,0.009820176,0.345839498,0.000921043,3.10E-05,3.108111469,,0.5161,,0,0,0,0,0.1012,0.0069,0,0.148276841
29,17,29017,0,2.21E-05,1.60E-05,4.01E-06,0.013012749,1.233615683,0.001220477,4.10E-05,0.135135281,,0.07226393,,0,0,0,0,0,0,0,0.0495583
29,18,29018,0,0.000198657,2.43E-05,6.08E-06,0.051343209,1.672831275,0.004815524,0.000161884,0.135135281,,0.46224322,,0,0,0,0,0.0826,0.0057,0.002052048,0.19096863
29,19,29019,0,0.000112629,3.42E-05,8.57E-06,0.026063147,0.195388317,0.002444485,8.22E-05,1.148649891,,,,0,0,0,0,0,0,0,0.202313301
29,20,29020,0,8.49E-06,6.55E-06,1.64E-06,0.011642352,0.148122154,0.001091946,3.67E-05,5.743249454,,,,0,0,0,0,0.033,0.0023,0,0.480755315
29,21,29021,0,5.80E-05,3.91E-05,9.79E-06,0.024123508,0.234200979,0.002262565,7.61E-05,5.743249454,,0.64657537,,0,0,0,0,0.256,0.0176,0,0.789051728
29,22,29022,0,1.48E-05,4.12E-06,1.03E-06,0.008068778,0.088110022,0.000756778,2.54E-05,0.202702922,,0.500799125,,0,0,0,0,0.031,0.0021,0.02047514,0.062495206
29,23,29023,0,1.96E-05,3.54E-05,8.88E-06,0.033065726,0.4611059,0.003101263,0.000104255,4.662167204,,,,0,0,0,0,0,0,0.023484036,0.426519826
29,24,29024,0,2.81E-05,1.60E-05,4.01E-06,0.033134998,0.611575414,0.00310776,0.000104474,2.905408547,,,,0,0,0,0,0,0,0.000391808,0.263713845
29,25,29025,0,0.000205355,7.57E-05,1.90E-05,0.10524349,2.187908041,0.009870878,0.00033183,1.351352813,,,,0,0,0,0,0,0,0.012896073,0.191963776
29,26,29026,0,3.58E-05,3.79E-05,9.48E-06,0.024828283,0.297131289,0.002328666,7.83E-05,0.135135281,,0.04025,,0,0,0,0,0.1301,0.0089,0,0.198929802
29,27,29027,0,1.74E-05,1.46E-05,3.65E-06,0.015928232,0.376449397,0.001493923,5.02E-05,0.472973484,,0.0161,,0,0,0,0,0.0083,0.0006,0,0.074835023
29,28,29028,0,0.00016234,1.80E-05,4.50E-06,0.030912244,0.491222258,0.002899286,9.75E-05,0.205669994,,0.60956716,,0,0,0,0,0.0785,0.0054,0,0.375866865
29,29,29029,0,4.43E-06,6.55E-06,1.64E-06,0.013682889,0.095089492,0.00128333,4.31E-05,0.472973484,,,,0,0,0,0,0,0,0,0.082298623
29,30,29030,0,5.57E-06,6.55E-06,1.64E-06,0.020280372,1.058854227,0.001902114,6.39E-05,5.270275969,,,,0,0,0,0,0,0,0,0.775517734
29,31,29031,0,0.000654456,3.71E-05,9.30E-06,0.039950842,0.308483994,0.003747024,0.000125964,4.803236629,,0.35345572,,0,0,0,0,0.3551,0.0244,0.00933648,0.783578421
29,32,29032,0,1.76E-05,8.74E-06,2.19E-06,0.017654028,0.138443489,0.001655787,5.57E-05,2.229732141,,,,0,0,0,0,0,0,0,0.222614291
29,33,29033,0,0.00022988,0.000523132,0.000131066,0.133598663,0.320577799,0.012530334,0.000421233,1.554055735,,,,0.087960729,0,0,0,0,0,0.113695101,0.211667679
29,34,29034,0,0.000137532,3.86E-05,9.67E-06,0.057260012,1.778782799,0.005370466,0.000180539,21.08407095,,1.066354154,,0,0,0,0,0.5017,0.0345,0.014940792,3.113813666
29,35,29035,0,5.66E-06,7.28E-07,1.82E-07,0.007841382,0.106376118,0.00073545,2.47E-05,0.202702922,,0.04006393,,0,0,0,0,0,0,0,0.0991166
29,36,29036,0,4.96E-05,4.49E-05,1.12E-05,0.031886582,0.164925142,0.00299067,0.000100538,0.135135281,,,,0,0,0,0,0,0,0.009687566,0.025475753
29,37,29037,0,1.08E-05,5.58E-06,1.40E-06,0.012639278,0.936914317,0.001185449,3.99E-05,1.759725729,,0.640526615,,0,0,0,0,0,0,0,0.42681837
29,38,29038,0,0.000100555,1.55E-05,3.89E-06,0.021470057,0.155954559,0.002013695,6.77E-05,1.621623375,,,,0,0,0,0,0.1941,0.0133,0.00060452,0.317451761
29,39,29039,0,0.000139418,1.70E-05,4.26E-06,0.031925736,0.742215875,0.002994342,0.000100661,2.027029219,,,,0,0,0,0,0.1507,0.0104,0,0.298145917
29,40,29040,0,9.43E-07,6.55E-06,1.64E-06,0.013560908,0.454669742,0.001271889,4.28E-05,3.581084953,,0.11232786,,0,0,0,0,0,0,0.105287283,0.990568911
29,41,29041,0,0.000354866,6.67E-05,1.67E-05,0.038244622,0.776806084,0.003586996,0.000120584,0.472973484,,0.083687685,,0,0,0,0,0.0599,0.0041,0.003278627,0.227390995
29,42,29042,0,6.40E-05,2.28E-05,5.71E-06,0.016151109,0.142047122,0.001514827,5.09E-05,0.408372916,,,,0,0,0,0,0.0268,0.0018,0,0.069958805
29,43,29043,0,7.76E-05,4.34E-05,1.09E-05,0.047114555,0.239744996,0.004418915,0.000148551,1.824326297,,,,0,0,0,0,0,0,0.016557139,0.250876454
29,44,29044,0,8.77E-05,0.000106034,2.66E-05,0.055130626,0.417591011,0.005170749,0.000173825,2.905408547,,,,0,0,0,0,0,0,0,0.164199187
29,45,29045,0,5.09E-06,1.70E-06,4.26E-07,0.008138051,0,0.000763275,2.57E-05,2.770283991,,,,0,0,0,0,0.2374,0.0163,0,0.361138696
29,46,29046,0,2.43E-05,3.64E-06,9.12E-07,0.006040289,0,0.000566524,1.90E-05,0.002967072,,,,0,0,0,0,0,0,0,0.027366531
29,47,29047,0,3.49E-06,3.40E-06,8.51E-07,0.003981681,0,0.000373445,1.26E-05,0.878379328,,0.0805,,0,0,0,0,0,0,0,0.082995225
29,48,29048,0,0.000153945,1.89E-05,4.74E-06,0.023727448,0,0.002225418,7.48E-05,0.067567641,,,,0,0,0,0,0.095,0.0065,0.000941733,0.059907824
29,49,29049,0,7.07E-06,1.70E-06,4.26E-07,0.006737535,0,0.000631919,2.12E-05,1.148649891,,,,0,0,0,0,0,0,0,0.066177248
29,50,29050,0,1.63E-05,2.38E-05,5.96E-06,0.015571326,0,0.001460448,4.91E-05,0.067567641,,0.108209825,,0,0,0,0,0,0,0,0.082000079
29,51,29051,0,4.24E-06,5.10E-06,1.28E-06,0.00444852,0,0.000417231,1.40E-05,0.472973484,,,,0,0,0,0,0,0,0.001746392,0.030152942
29,52,29052,0,1.16E-05,4.37E-06,1.09E-06,0.007948304,0,0.000745478,2.51E-05,3.310814391,,0.0483,,0,0,0,0,0,0,0,0.122900603
29,53,29053,0,0.000165453,4.85E-06,1.22E-06,0.010649944,0,0.000998867,3.36E-05,0.270270563,,,,0,0,0,0,0,0,0,0.030152942
29,54,29054,0,1.52E-05,5.34E-06,1.34E-06,0.007389603,0,0.000693077,2.33E-05,0.067567641,,,,0,0,0,0,0,0,0,0.051648108
29,55,29055,0,3.02E-06,5.10E-06,1.28E-06,0.00378591,0,0.000355084,1.19E-05,0.540541125,,,,0,0,0,0,0,0,0,0.340539162
29,56,29056,0,6.13E-06,2.67E-06,6.69E-07,0.009272017,0,0.00086963,2.92E-05,0.608108766,,,,0,0,0,0,0,0,0,0.036223336
29,57,29057,0,3.96E-06,1.21E-06,3.04E-07,0.005671336,0,0.00053192,1.79E-05,0.743244047,,,,0,0,0,0,0,0,0,0.042592274
29,58,29058,0,1.33E-05,1.21E-05,3.04E-06,0.010582177,0,0.000992512,3.34E-05,0.202702922,,0.059909825,,0,0,0,0,0.0578,0.004,0,0.046373831
29,59,29059,0,0.000283742,4.12E-06,1.03E-06,0.008291656,0,0.000777682,2.61E-05,0.067567641,,,,0,0,0,0,0,0,0,0.017315551
29,60,29060,0,0.000148851,7.76E-06,1.95E-06,0.006951377,0,0.000651976,2.19E-05,0.337838203,,,,0,0,0,0,0.0351,0.0024,0,0.010648068
30,1,30001,0,0,0,4.86E-07,0.098745113,0.820291744,0.001094206,3.68E-05,0.337838203,,0.081055283,,0,0,0,0,0.2122,0.0146,0.010240469,0.026997374
30,2,30002,2.92E-06,2.32E-05,0,1.03E-06,0.035918901,0.098058491,0.000398022,1.34E-05,0.067567641,0.026529324,,,0,0,0,0,0,0,0,0.028925757
30,3,30003,1.22E-05,9.70E-05,0,8.16E-05,1.03690654,4.741205614,0.011490083,0.000386263,7.705678104,4.626378098,0.07077537,,0,0,0,0,0,0,0.700759951,0.738988821
30,4,30004,9.38E-07,7.45E-06,0,5.65E-06,0.460190212,1.8110304,0.005099422,0.000171428,7.432440469,10.47298131,,,0,0,0,0,0,0,0,1.310706415
30,5,30005,6.53E-07,5.19E-06,0,2.67E-06,0.059843592,0.101215794,0.000663134,2.23E-05,0.540541125,3.462165236,,,0,0,0,0,0,0,0,0.185639083
30,6,30006,5.11E-07,4.06E-06,0,2.19E-06,0.251139146,1.920121258,0.002782902,9.36E-05,0.675676406,,0.0161,,0,0,0,0,0.782,0.0537,0,0.319147523
30,7,30007,1.90E-07,1.51E-06,0,1.70E-06,0.07242413,0.644380075,0.00080254,2.70E-05,0.608130216,5.143151647,,,0,0,0,0,0.4578,0.0314,0,0.319774247
30,8,30008,9.50E-08,7.55E-07,0,6.08E-07,0.121025539,1.23075467,0.001341098,4.51E-05,0,,0.036567275,,0,0,0,0,0,0,0,0.142507565
30,9,30009,2.64E-06,2.09E-05,0,1.45E-05,0.318184363,1.674800458,0.003525838,0.000118528,0.472973484,0.265293242,1.08522234,,0,0,0,0,0,0,0,0.629968284
30,10,30010,1.56E-05,0.000123571,0,1.93E-05,0.771988709,6.792675665,0.008554497,0.000287577,4.05702551,0.008843108,,,0,0,0,0,0,0,0,0.614086758
30,11,30011,4.10E-06,3.25E-05,0,5.93E-05,0.616866981,0.58285861,0.006835575,0.000229792,1.624590447,0.233458053,0.03931965,,0,0,0,0,0.9131,0.0627,0.355344273,0.059104964
30,12,30012,6.29E-07,5.00E-06,0,2.01E-06,0.092257278,0.061911261,0.001022314,3.44E-05,2.1621645,6.792603535,,,0,0,0,0,0,0,0,0.324415224
30,13,30013,5.33E-06,4.24E-05,0,3.60E-05,0.341114847,1.157163057,0.003779934,0.00012707,2.297299781,,,,0,0,0,0,0,0,0.007162111,0.075881903
30,14,30014,2.19E-05,0.000173754,0,1.81E-05,0.49330494,2.115512496,0.00546637,0.000183763,1.424929672,3.804305087,0.01572786,,0,0,0,0,0.4959,0.0341,0.014812957,0.318761846
30,15,30015,2.61E-06,2.08E-05,0,1.76E-05,0.428503061,2.278750293,0.004748293,0.000159624,2.032984813,11.49604048,,,0,0,0,0,0,0,0,0.703795816
30,16,30016,1.28E-05,0.000101592,0,5.23E-05,0.341739413,0.315097414,0.003786855,0.000127303,0.611086563,4.08197868,,,0,0,0,0,0.4721,0.0324,0.145801054,0.224688855
30,17,30017,3.09E-07,2.45E-06,0,1.34E-06,0.045057955,0.418879784,0.000499292,1.68E-05,0.337838203,,0.114026985,,0,0,0,0,0.1478,0.0102,0,0.14591759
30,18,30018,8.31E-08,6.60E-07,0,0,0.020024341,0.249387084,0.000221892,7.46E-06,0.067567641,,,,0,0,0,0,0,0,0,0.033296761
30,19,30019,3.56E-08,2.83E-07,0,7.90E-07,0.058849385,0.674042635,0.000652117,2.19E-05,0,,,,0,0,0,0,0,0,0,0.091212555
30,20,30020,4.63E-07,3.68E-06,0,2.74E-06,0.12546123,1.373761009,0.001390251,4.67E-05,0,,0.07077537,,0,0,0,0,0,0,0,0.070996664
30,21,30021,1.37E-05,0.000108573,0,1.92E-05,0.267951436,1.169083743,0.002969201,9.98E-05,0,4.886701513,0.00786393,,0,0,0,0,0.186,0.0128,0,0.407917458
30,22,30022,1.56E-06,1.24E-05,0,4.13E-06,0.239986187,1.380181263,0.002659315,8.94E-05,0.270270563,5.305864835,,,0,0,0,0,0,0,0,0.294721328
30,23,30023,3.46E-06,2.74E-05,0,4.26E-06,0.546048877,6.266548995,0.006050832,0.000203411,0.746211119,0.154577529,0.0907143,,0,0,0,0,0,0,0.000912218,1.459625855
30,24,30024,5.94E-07,4.72E-06,0,1.03E-06,0.178511077,2.028251453,0.001978102,6.65E-05,0.205669994,4.078441437,0.01572786,,0,0,0,0,0,0,0,0.542103404
30,25,30025,2.40E-06,1.91E-05,0,1.64E-06,0.331695377,3.90345945,0.003675555,0.000123561,1.486488094,,0.205784758,,0,0,0,0,0,0,0,0.405217721
30,26,30026,2.45E-06,1.94E-05,0,1.80E-05,0.255447375,0.130562523,0.002830642,9.52E-05,0,0.005305865,,,0,0,0,0,0.1669,0.0115,0.061841173,0.003406811
30,27,30027,4.51E-07,3.58E-06,0,1.58E-06,0.219834383,3.245844219,0.002436011,8.19E-05,0.070534713,,,,0,0,0,0,0,0,0.00774305,0.815899195
30,28,30028,1.78E-05,0.000141116,0,0.000511801,1.85843988,0.191278421,0.02059359,0.000692296,0.337838203,,,,0,0,0,0,0.0954,0.0066,0.415914955,0.00115703
30,29,30029,1.31E-07,1.04E-06,0,1.82E-07,0.175069592,2.31118151,0.001939967,6.52E-05,0,,0.035387685,,0,0,0,0,0,0,0,0.141736211
30,30,30030,6.89E-06,5.47E-05,0,4.28E-05,0.496478754,0.351827884,0.005501539,0.000184946,0,,0.235022328,,0,0,0,0,0.1097,0.0075,0.002911896,0.014977114
30,31,30031,8.31E-08,6.60E-07,0,5.47E-07,0.175808874,1.586622892,0.001948159,6.55E-05,0.270281287,5.031728486,,,0,0,0,0,0,0,0.009526018,0.351544371
30,32,30032,6.99E-06,5.56E-05,0,4.55E-05,0.606351334,4.428959529,0.00671905,0.000225875,1.08108225,0.159175945,,,0,0,0,0,0,0,0.025672618,0.292728664
30,33,30033,8.79E-07,6.98E-06,0,5.11E-06,0.297293278,2.857231681,0.003294342,0.000110746,4.935404838,,,,0,0,0,0,0,0,0,0.642923167
30,34,30034,3.25E-06,2.58E-05,0,2.24E-05,0.322505338,1.166333378,0.003573719,0.000120138,0.540541125,,,,0,0,0,0,0,0,1.08E-05,0.037185668
30,35,30035,2.01E-06,1.59E-05,0,4.98E-06,0.143739337,1.732714801,0.001592792,5.35E-05,0.270270563,,,,0,0,0,0,0,0,0,0.017291175
30,36,30036,1.04E-06,8.30E-06,0,4.44E-06,0.112918931,0.669242536,0.001251268,4.21E-05,0.202702922,,0.06291144,,0,0,0,0,0,0,0,0.048595272
30,37,30037,1.29E-06,1.03E-05,0,2.25E-06,0.098426457,1.34580623,0.001090675,3.67E-05,0.202702922,,,,0,0,0,0,0,0,0,0.095904955
30,38,30038,4.06E-05,0.000322794,0,5.84E-05,1.051258805,2.127727903,0.011649122,0.000391609,0.340816,5.29088461,0.098299125,,0,0,0,0,0.062,0.0043,0.033449591,0.840836412
30,39,30039,0.000208585,0.00165708,0,0.000449064,3.687142784,1.373972961,0.040857662,0.001373515,0.405405844,,,,0,0,0,293.4,0.4458,0.0306,1.444587089,0.129201716
30,40,30040,2.52E-06,2.00E-05,0,1.60E-05,0.584555265,2.136457564,0.006477525,0.000217755,1.959461578,,,,0,0,0,0,0,0,0.00803592,0.38021301
30,41,30041,2.73E-07,2.17E-06,0,3.65E-07,0.026117044,0.339850497,0.000289406,9.73E-06,0,0.20869735,,,0,0,0,0,0,0,0,0.053287673
30,42,30042,4.87E-07,3.87E-06,0,2.19E-06,0.070792611,0.692466019,0.000784461,2.64E-05,0.067567641,,,,0,0,0,0,0,0,0,0.067621993
30,43,30043,8.31E-07,6.60E-06,0,1.76E-06,0.219056863,2.560679524,0.002427395,8.16E-05,1.762714251,1.255721344,,,0,0,0,0,0,0,0,0.624760362
30,44,30044,7.79E-05,0.000619176,0,0.000288819,2.440968493,2.595332095,0.027048658,0.000909297,0.611075838,8.798892519,0.02359179,,0,0,0,0,0.2861,0.0197,0.348884775,0.577422396
30,45,30045,8.49E-06,6.74E-05,0,5.42E-05,0.700864696,1.08559029,0.007766364,0.000261082,11.63650172,32.74815149,,,0,0,0,0,0.9107,0.0626,0.001526765,1.307514939
30,46,30046,1.97E-06,1.57E-05,0,3.83E-06,0.187688369,2.493823659,0.002079797,6.99E-05,0.135135281,0.183936648,0.36174078,,0,0,0,0,0,0,0,0.292673384
30,47,30047,7.30E-06,5.80E-05,0,2.38E-05,0.644577304,5.334847042,0.007142637,0.000240115,0.743244047,,,,0,0,0,0,0,0,0.004173039,0.396732832
30,48,30048,1.62E-05,0.000128948,0,5.36E-05,1.405999381,4.796949493,0.015580044,0.000523756,0.475940557,,,,0,4.42026,0.5,0,0.0906,0.0062,0.055981373,0.180850263
30,49,30049,3.35E-06,2.66E-05,0,3.04E-06,0.239170428,1.770074573,0.002650276,8.91E-05,7.435407542,0.282979458,,,0,0,0,0,0,0,0.023815044,0.452077448
30,50,30050,1.21E-06,9.62E-06,0,2.74E-06,0.199950251,2.637097023,0.002215672,7.45E-05,0.675676406,,,,0,0,0,0,0,0,0,0.2359699
30,51,30051,3.69E-06,2.93E-05,0,7.90E-06,0.270551668,3.365229327,0.002998015,0.000100784,0.675676406,,,,0,0,0,0,0,0,0,0.263288671
30,52,30052,1.32E-05,0.000104517,0,4.38E-06,0.134434582,0.783312265,0.001489685,5.01E-05,0.337838203,6.897624286,,,0,0,0,0,0.267,0.0183,0,0.337145772
30,53,30053,1.01E-05,8.03E-05,0,2.04E-05,0.280468242,0.601330144,0.003107901,0.000104479,0.810822413,4.913230838,0.074707335,,0,0,0,0,0,0,0,0.271645001
30,54,30054,1.77E-06,1.41E-05,0,8.94E-06,0.142260773,0.470994304,0.001576408,5.30E-05,6.019507785,10.29666742,,,0,0,0,0,0.2932,0.0201,0,0.462488792
30,55,30055,3.09E-07,2.45E-06,0,1.22E-07,0.172902732,2.02652324,0.001915955,6.44E-05,1.286752244,,,,0,0,0,0,0,0,0,0.262902995
30,56,30056,2.85E-07,2.26E-06,0,2.43E-07,0.091913129,1.345324541,0.0010185,3.42E-05,0.884313473,,,,0,0,0,0,0,0,0,0.11448172
30,57,30057,5.22E-07,4.15E-06,0,9.73E-07,0.159710374,1.434242008,0.001769769,5.95E-05,0,,,,0,0,0,0,0,0,0,0.232659508
30,58,30058,9.50E-07,7.55E-06,0,9.18E-06,0.705300387,9.492508858,0.007815516,0.000262735,3.310814391,,,,0,0,0,0,0,0,0,1.829457733
30,59,30059,5.33E-06,4.24E-05,0,5.71E-06,0.181238772,1.231292771,0.002008328,6.75E-05,0.884313473,,,,0,0,0,0,0.3099,0.0213,0.172778145,0.117310016
30,60,30060,2.84E-06,2.25E-05,0,4.92E-06,0.186337267,1.806180902,0.002064825,6.94E-05,1.756758656,,,,0,0,0,0,0,0,0,0.081249238
30,61,30061,6.02E-06,4.78E-05,0,4.48E-05,0.859746564,5.149855561,0.009526953,0.000320268,2.367834494,,0.03145572,,0,0,0,0,0.8559,0.0588,0.004064171,1.558584085
30,62,30062,8.55E-07,6.79E-06,0,5.53E-06,0.218279342,1.166210004,0.002418779,8.13E-05,0.067567641,4.253534976,,,0,0,0,0,0,0,0.00012363,0.299992243
30,63,30063,1.12E-06,8.87E-06,0,2.67E-06,0.188708068,2.458659022,0.002091096,7.03E-05,3.513517313,,,,0,0,0,0,0,0,0,0.136192107
30,64,30064,1.78E-07,1.41E-06,0,3.04E-07,0.043961778,0.612330217,0.000487146,1.64E-05,0,,,,0,0,0,0,0,0,0,0.069614656
30,65,30065,5.33E-06,4.24E-05,0,1.97E-05,0.66299562,2.108503115,0.007346732,0.000246976,1.283785172,0.890677844,3.611473404,,0,0,0,0,0.9322,0.064,0.002557811,0.760886905
30,66,30066,1.45E-06,1.15E-05,0,7.66E-06,0.330051112,3.888727161,0.003657335,0.000122949,3.451883817,,,,0,0,0,0,0,0,0,0.361122011
30,67,30067,7.24E-07,5.75E-06,0,2.43E-06,0.214850604,3.091163909,0.002380785,8.00E-05,0,,,,0,0,0,0,0,0,0,0.051744966
30,68,30068,1.38E-05,0.00010961,0,5.12E-05,0.709812555,1.080814013,0.007865516,0.000264416,0.205669994,2.210777015,,,0,0,0,0,0.143,0.0098,0.042858638,0.240469463
30,69,30069,3.38E-06,2.69E-05,0,2.07E-05,0.303959561,1.674785563,0.003368212,0.000113229,6.216222938,,,,0,0,0,0,0,0,0,0.690843505
30,70,30070,1.48E-06,1.18E-05,0,5.84E-06,0.215182006,2.411431693,0.002384457,8.02E-05,1.351352813,,0.4755572,,0,0,0,0,0,0,0,0.691855906
30,71,30071,1.09E-05,8.69E-05,0,5.15E-05,0.652403495,3.758647927,0.00722936,0.00024303,0.743244047,1.857052692,,,0,0,0,0,0,0,0.026543327,0.698555111
30,72,30072,6.77E-07,5.38E-06,0,4.80E-06,0.259054561,2.476964714,0.002870614,9.65E-05,0.337859653,,0.809985295,,0,0,0,0,0,0,0.397711237,0.439542953
30,73,30073,5.76E-06,4.57E-05,0,1.50E-05,0.488792772,4.550168209,0.00541637,0.000182083,3.995402739,12.59026898,,,0,0,0,0,0,0,0,1.426496864
30,74,30074,1.75E-06,1.39E-05,0,9.12E-07,0.081422975,0.130677774,0.000902258,3.03E-05,0,,,,0,0,0,0,0.0715,0.0049,0.01071677,0.005785151
30,75,30075,1.14E-06,9.06E-06,0,1.37E-05,0.215844811,1.654050466,0.002391802,8.04E-05,1.621623375,,,,0,0,0,0,0,0,0,0.045156321
30,76,30076,5.94E-08,4.72E-07,0,3.65E-07,0.178179674,2.491241246,0.00197443,6.64E-05,0,,0.03145572,,0,0,0,0,0,0,0,0.247475924
30,77,30077,4.60E-06,3.65E-05,0,3.65E-05,0.479589987,1.941382961,0.005314393,0.000178654,13.5164952,0.530586484,,,0,0,0,0,0.5579,0.0383,0,0.906661794
30,78,30078,9.26E-07,7.36E-06,0,1.28E-06,0.165165764,2.304236167,0.001830221,6.15E-05,0.337838203,,,,0,0,0,0,0,0,0,0.270487971
30,79,30079,6.53E-07,5.19E-06,0,8.51E-07,0.133045242,1.607232458,0.00147429,4.96E-05,0,,0.02359179,,0,0,0,0,0,0,0,0.090168014
30,80,30080,3.74E-06,2.97E-05,0,4.44E-06,0.250170432,2.495628864,0.002772168,9.32E-05,0.135135281,,0.14155074,,0,0,0,0,0,0,0,0.5013213
30,81,30081,2.55E-06,2.03E-05,0,4.44E-06,0.227163471,0.86133574,0.002517225,8.46E-05,0,0.530586484,0.043251615,,0,0,0,0,0,0,0,0.033553879
30,82,30082,2.42E-06,1.92E-05,0,6.08E-06,0.186235298,0.777410806,0.002063695,6.94E-05,0.067567641,,,,0,0,0,0,0.1669,0.0115,0,0.10966076
30,83,30083,9.74E-07,7.73E-06,0,2.13E-06,0.640600478,9.469329627,0.007098569,0.000238633,2.770273266,,,,0,0,0,0,0,0,0,1.085615813
30,84,30084,2.73E-07,2.17E-06,0,7.29E-07,0.070015091,0.227081802,0.000775845,2.61E-05,5.067583772,7.833649588,,,0,0,0,0,0,0,0,0.322731103
30,85,30085,6.54E-05,0.000519471,0,3.31E-05,0.806250599,2.910053266,0.008934157,0.00030034,0.540541125,10.74968216,0.234963055,,0,0,0,0,0.1907,0.0131,0.281133345,0.633924042
30,86,30086,2.12E-05,0.000168189,0,6.44E-06,0.525884327,4.940482478,0.005827386,0.0001959,3.187547399,,0.07096144,,0,0,0,0,0,0,0,0.588091501
30,87,30087,7.50E-05,0.000595877,0,0.000616118,5.375037986,1.93688813,0.059561426,0.002002281,0.543508197,0.896691157,,,0,0,0,0,0.3838,0.0264,1.079963854,0.189300441
30,88,30088,1.08E-06,8.58E-06,0,7.78E-06,0.063234092,0.587883072,0.000700704,2.36E-05,0,0.084893837,,,0,0,0,0,0,0,0,0.209760593
30,89,30089,8.74E-06,6.94E-05,0,3.38E-05,0.479373301,2.494056769,0.005311992,0.000178574,1.689191016,,,,0,0,0,0,0.298,0.0205,0.748709682,0.332067694
30,90,30090,6.41E-07,5.09E-06,0,4.86E-06,0.123791473,0.700175331,0.001371748,4.61E-05,1.283785172,0.026529324,,,0,0,0,0,0,0,0,0.085459543
30,91,30091,1.76E-06,1.40E-05,0,9.97E-06,0.295547043,2.625222692,0.003274991,0.000110096,7.162169907,,,,0,0,0,0,0.6962,0.0478,0,0.427651252
30,92,30092,7.03E-06,5.58E-05,0,2.06E-05,0.442523924,3.288778737,0.00490366,0.000164847,0.270281287,0.053058648,0.00831393,,0,0,0,0,0,0,0.000112827,0.277334376
30,93,30093,3.79E-06,3.01E-05,0,2.74E-06,0.175566695,0.61110259,0.001945475,6.54E-05,0.070534713,1.34132263,,,0,0,0,0,0.1717,0.0118,0,0.14806131
30,94,30094,3.15E-06,2.50E-05,0,2.44E-05,0.444295652,2.840438646,0.004923292,0.000165507,11.1486607,,,,0,0,0,0,1.1849,0.0814,0,0.869315427
30,95,30095,2.22E-06,1.76E-05,0,8.02E-06,0.195858708,1.894264853,0.002170333,7.30E-05,0.067567641,,,,0,0,0,0,0,0,0,0.379763054
30,96,30096,9.50E-08,7.55E-07,0,1.82E-07,0.018392823,0.103531174,0.000203813,6.85E-06,0,,,,0,0,0,0,0,0,0,0.02262637
30,97,30097,1.47E-05,0.000116685,0,2.35E-05,0.232363936,0.130083675,0.002574852,8.66E-05,0.276226157,3.890967546,,,0,0,0,0,0,0,0,0.183260743
30,98,30098,0,0,0,3.65E-07,0.037461196,0.413012233,0.000415112,1.40E-05,0,,0.0786393,,0,0,0,0,0,0,0,0.024619033
30,99,30099,4.17E-06,3.31E-05,0,4.38E-06,0.188440397,1.046086694,0.00208813,7.02E-05,0.202713647,,1.507008302,,0,0,0,0,0.5984,0.0411,0,0.149771144
30,100,30100,1.69E-06,1.34E-05,0,4.32E-06,0.260571363,1.412095484,0.002887422,9.71E-05,2.702705625,3.029648821,,,0,0,0,0,0.4053,0.0278,0,0.395286544
30,101,30101,1.53E-06,1.22E-05,0,1.05E-05,0.393820545,1.378002369,0.004363972,0.000146704,0.678643479,7.994169685,0.106349125,,0,0,0,0,0,0,0.036079792,0.456255612
30,102,30102,1.70E-05,0.000135268,0,8.32E-05,1.27569458,4.86708368,0.014136121,0.000475215,10.67568722,1.243340993,,,0,0,0,0,0,0,0.01159717,2.381985979
30,103,30103,2.37E-07,1.89E-06,0,1.34E-06,0.154560894,2.240921178,0.001712707,5.76E-05,0,,,,0,0,0,0,0,0,0,0.107025302
30,104,30104,1.20E-06,9.53E-06,0,2.67E-06,0.170124051,2.074768365,0.001885165,6.34E-05,0.608108766,,0.14941467,,0,0,0,0,0,0,0,0.414409684
30,105,30105,7.23E-06,5.74E-05,0,2.20E-05,0.523322333,1.202778814,0.005798996,0.000194945,6.148655297,0.060133135,,,0,0,0,0,0.8821,0.0606,0,0.198077158
30,106,30106,2.04E-06,1.62E-05,0,6.69E-07,0.051991909,0.387242839,0.000576128,1.94E-05,0,,,,0,0,0,0,0,0,0,0.040094314
30,107,30107,2.37E-08,1.89E-07,0,2.43E-07,0.039194685,0.413435207,0.000434321,1.46E-05,0,,,,0,0,0,0,0,0,0.254820972,0.047181124
30,108,30108,9.33E-05,0.000741521,0,0.000211553,1.94306216,5.795487007,0.0215313,0.000723819,1.151616963,,,,0,0,0,0,0,0,0.088667581,1.050262109
30,109,30109,9.71E-06,7.72E-05,0,4.44E-05,0.732768532,4.335709196,0.008119894,0.000272967,3.71623096,1.044406434,,,0,0,0,0,0,0,0,0.979567558
30,110,30110,7.12E-08,5.66E-07,0,2.43E-07,0.134281627,1.506493657,0.00148799,5.00E-05,0,,0.231985935,,0,0,0,0,0,0,0,0.098026178
30,111,30111,1.65E-06,1.31E-05,0,9.61E-06,0.19819127,1.176084033,0.002196181,7.38E-05,0.472973484,,,,0,0,0,0,0.3648,0.0251,0,0.098347575
30,112,30112,6.85E-06,5.44E-05,0,9.67E-06,0.24248445,0.899716058,0.002686999,9.03E-05,0.270270563,2.296378301,0.52688331,,0,0,0,0,0,0,3.12E-05,0.155492016
30,113,30113,3.44E-07,2.74E-06,0,1.16E-06,0.058581714,0.770319773,0.000649151,2.18E-05,0,0.090199702,,,0,0,0,0,0,0,0,0.077970986
30,114,30114,4.27E-07,3.40E-06,0,5.11E-06,0.126098542,0.756574298,0.001397313,4.70E-05,6.756764063,0.755749701,,,0,0,0,0,0,0,0,0.206124947
30,115,30115,5.92E-06,4.71E-05,0,2.29E-05,0.401315334,3.664709339,0.004447022,0.000149496,0.337848928,,0.128626178,,0,0,0,0,0.1669,0.0115,0,0.07745675
30,116,30116,3.23E-06,2.57E-05,0,1.39E-05,0.175235293,1.020190634,0.001941803,6.53E-05,0.675676406,,,,0,0,0,0,0.217,0.0149,0.003815712,0.027961565
30,117,30117,1.18E-06,9.34E-06,0,5.59E-06,0.26861424,2.303022612,0.002976546,0.000100063,3.175689835,23.83748208,0.011795895,,0,0,0,0,0.2336,0.016,0,1.019022291
30,118,30118,7.77E-05,0.000617384,0,0.000269244,1.497173229,0.154513648,0.016590352,0.000557719,0.135135281,,0.072348156,,0,0,0,0,0.143,0.0098,0.674336105,0
30,119,30119,9.74E-07,7.73E-06,0,1.03E-05,0.071735833,0.143584565,0.000794913,2.67E-05,2.370823016,4.324067606,,,0,0,0,0,0.0644,0.0044,0,0.220549258
30,120,30120,2.04E-06,1.62E-05,0,7.66E-06,0.170073066,1.150151371,0.0018846,6.34E-05,0.067567641,,,,0,0,0,0,0,0,0,0.027640168
30,121,30121,4.30E-06,3.41E-05,0,6.32E-06,0.293979255,2.155323976,0.003257619,0.000109512,24.53002062,2.387639176,,,0,0,0,0,1.0538,0.0724,0,0.360447076
30,122,30122,2.84E-06,2.25E-05,0,6.63E-06,0.1946988,2.206929731,0.00215748,7.25E-05,0.405405844,,,,0,0,0,0,0,0,0,0.204280126
30,123,30123,2.95E-05,0.000234125,0,5.05E-05,1.141196267,3.055385624,0.01264573,0.000425112,53.6019407,21.22345934,,,0,0,0,0,1.0252,0.0704,0.017298532,2.779186765
30,124,30124,1.48E-05,0.000117817,0,5.53E-05,1.870854716,15.41485842,0.020731161,0.000696921,18.85137174,,,,0,0,0,0,0,0,0.081482665,2.317788796
30,125,30125,8.98E-06,7.13E-05,0,1.79E-05,0.347118326,1.722301236,0.003846459,0.000129307,4.065958902,17.64200058,,,0,0,0,0,0.3958,0.0272,0,0.809471249
30,126,30126,2.21E-06,1.75E-05,0,8.15E-06,0.370533167,1.533327073,0.004105921,0.000138029,4.729767019,6.12296802,,,0,0,0,0,0,0,0,0.994965703
30,127,30127,4.87E-07,3.87E-06,0,2.31E-06,0.255549345,2.731046972,0.002831772,9.52E-05,0,,0.06291144,,0,0,0,0,0,0,0,0.146042935
30,128,30128,1.99E-05,0.000158096,0,4.43E-05,0.844553048,2.90351762,0.009358591,0.000314609,9.400813989,,1.037659908,,0,0,0,0,0.6461,0.0444,0.141722151,1.277618562
30,129,30129,2.30E-06,1.83E-05,0,8.63E-06,0.232427668,2.263183505,0.002575558,8.66E-05,3.378382032,,,,0,0,0,0,0,0,0,0.358486553
30,130,30130,5.49E-06,4.36E-05,0,2.64E-05,0.460355913,4.675836697,0.005101258,0.000171489,5.472978891,,,,0,0,0,0,0,0,0,1.154780513
30,131,30131,5.26E-05,0.000418161,0,0.000288576,2.505923327,1.080894509,0.02776843,0.000933494,0.675676406,,,,0,0.07722,0.028,0,0,0,0.740201222,0
30,132,30132,2.78E-06,2.21E-05,0,2.67E-06,0.203429974,1.831617472,0.002254231,7.58E-05,0.135135281,,0.11347002,,0,0,0,0,0.4435,0.0305,0,0.104839801
30,133,30133,2.52E-05,0.000200449,0,2.53E-05,0.700061683,0.921765445,0.007757466,0.000260783,2.702705625,0.638472402,,,0,0,0,0,0.5841,0.0401,0,0.029504272
30,134,30134,4.04E-07,3.21E-06,0,6.08E-06,0.259398709,1.701978713,0.002874428,9.66E-05,5.411366845,8.163073049,0.011795895,,0,0,0,0,0.484,0.0332,0.204809379,0.981258108
30,135,30135,1.42E-06,1.13E-05,0,8.45E-06,0.246996619,1.541904517,0.002736998,9.20E-05,0,0.130877999,0.34601292,,0,0,0,0,0,0,0,0.059072824
30,136,30136,8.31E-07,6.60E-06,0,1.46E-06,0.08204754,0.240305576,0.000909178,3.06E-05,0,,,,0,0,0,0,0.186,0.0128,0,0.016937638
30,137,30137,2.14E-07,1.70E-06,0,6.08E-08,0.067733514,0.748065526,0.000750563,2.52E-05,0,,0.00786393,,0,0,0,0,0,0,0,0.056694484
30,138,30138,7.18E-06,5.71E-05,0,3.60E-05,0.508281771,0.159894855,0.00563233,0.000189342,0,0.212234593,0.066843405,,0,0,0,0,0.1073,0.0074,0.005570531,0.011441744
30,139,30139,3.09E-07,2.45E-06,0,3.28E-06,0.074246842,0.185704755,0.000822738,2.77E-05,0.948914041,2.210777015,,,0,0,0,0,0,0,0,0.140514901
30,140,30140,7.12E-08,5.66E-07,0,3.65E-07,0.034312875,0.317521668,0.000380225,1.28E-05,0,,0.1572786,,0,0,0,0,0,0,0,0.017355454
30,141,30141,2.30E-05,0.000182527,0,7.54E-05,1.963252203,17.84373587,0.021755028,0.00073134,2.032984813,1.061172967,0.00786393,,0,0,0,0,0,0,0.034005323,1.712404835
30,142,30142,2.32E-06,1.84E-05,0,8.94E-06,0.389117183,3.315040352,0.004311853,0.000144952,7.567575751,,,,0,0,0,0,0.9036,0.0621,2.102487354,0.563055937
30,143,30143,3.03E-06,2.41E-05,0,1.81E-05,0.719346742,6.79065161,0.007971166,0.000267967,1.692190263,1.326466209,,,0,0,0,1064.8,0,0,0.000354085,0.652243688
30,144,30144,2.56E-06,2.04E-05,0,1.62E-05,0.37221567,3.428352697,0.004124565,0.000138656,4.932437766,,,,0,0,0,0,0.7391,0.0508,0,0.322779312
30,145,30145,1.10E-06,8.77E-06,0,5.47E-06,0.166695313,1.705315575,0.00184717,6.21E-05,0.472973484,,,,0,0,0,0,0,0,0.109558356,0.134022676
30,146,30146,1.54E-07,1.23E-06,0,1.82E-07,0.042100827,0.590224626,0.000466524,1.57E-05,0,0.642009645,,,0,0,0,0,0,0,0,0.08920125
30,147,30147,4.55E-06,3.61E-05,0,1.58E-06,0.27108701,3.336910323,0.003003947,0.000100984,0.067567641,,0.432439725,,0,0,0,0,0,0,0,0.093398056
30,148,30148,2.52E-06,2.00E-05,0,1.49E-05,0.339700015,2.364622992,0.003764256,0.000126543,1.830260442,0.748126942,,,0,0,0,0,0.2456,0.0169,0,0.447706444
30,149,30149,7.24E-07,5.75E-06,0,7.60E-06,0.377186703,5.153857257,0.00417965,0.000140508,0.340805275,,0.52045895,,0,0,0,0,0,0,0,1.112581047
30,150,30150,4.57E-06,3.63E-05,0,4.92E-06,0.145765989,1.397648005,0.00161525,5.43E-05,1.554055735,,,,0,0,0,0,0,0,0,0.070771686
30,151,30151,5.82E-07,4.62E-06,0,9.54E-06,0.299931749,2.698954276,0.003323579,0.000111729,3.272917473,,,,0,0,0,0,0,0,0,0.443865746
30,152,30152,3.44E-07,2.74E-06,0,5.65E-06,0.152075377,0.959425832,0.001685165,5.67E-05,9.864875532,,,,0,0,0,0,0.4887,0.0336,0,0.140386342
30,153,30153,2.49E-07,1.98E-06,0,7.90E-07,0.074616483,0.913602991,0.000826834,2.78E-05,0.678643479,,,,0,0,0,0,0,0,0,0.061660073
30,154,30154,1.48E-06,1.18E-05,0,4.26E-07,0.171819301,1.933950402,0.00190395,6.40E-05,3.246213823,,,,0,0,0,0,0,0,0,0.180657424
30,155,30155,6.36E-06,5.06E-05,0,3.33E-05,1.305648242,16.26729414,0.014468041,0.000486373,10.6170208,,,,0,0,0,0,0,0,0.023514817,1.019729366
30,156,30156,3.56E-07,2.83E-06,0,1.22E-07,0.072105474,0.762505167,0.000799009,2.69E-05,0,,0.075157335,,0,0,0,0,0,0,0.03215031,0.071944786
30,157,30157,1.25E-06,9.90E-06,0,4.13E-06,0.226832069,2.570566819,0.002513553,8.45E-05,2.705672697,,,,0,0,0,0,0,0,0.000360086,1.044412678
30,158,30158,2.66E-06,2.11E-05,0,8.52E-05,0.301423059,1.913218807,0.003340104,0.000112285,5.810817094,0.018146058,,,0,0,0,0,0,0,0,0.749161045
30,159,30159,3.56E-07,2.83E-06,0,2.19E-06,0.285579484,3.171396712,0.00316454,0.000106383,0.067567641,,,,0,0,0,0,0,0,0,0.147649921
30,160,30160,1.51E-05,0.000119798,0,6.47E-05,1.29765635,14.47720508,0.014379482,0.000483396,54.53895428,,,,0,0,0,0,0,0,0.0427002,3.858888868
30,161,30161,5.53E-06,4.40E-05,0,1.65E-05,0.408835615,3.665115608,0.004530355,0.000152297,10.94595778,2.829794579,,,0,0,0,0,0,0,0,0.35405127
30,162,30162,1.42E-07,1.13E-06,0,1.58E-06,0.071264222,0.843942191,0.000789687,2.65E-05,0,,,,0,0,0,0,0,0,0,0.211538563
30,163,30163,2.85E-07,2.26E-06,0,6.08E-07,0.061398633,0.548867137,0.000680365,2.29E-05,0,,,,0,0,0,0,0,0,0,0.071992996
30,164,30164,2.18E-06,1.74E-05,0,6.57E-06,0.186082343,1.24119614,0.002062,6.93E-05,0.067567641,0.187473891,,,0,0,0,0,0,0,0,0.218293049
30,165,30165,2.61E-07,2.08E-06,0,6.69E-07,0.098579412,1.173245231,0.00109237,3.67E-05,0,0.05482727,0.00786393,,0,0,0,0,0,0,0,0.219964315
30,166,30166,7.84E-07,6.23E-06,0,2.43E-07,0.106979184,0.922745037,0.001185449,3.99E-05,0,1.193819588,,,0,0,0,0,0,0,0,0.126534119
30,167,30167,0,0,0,5.29E-06,0.177810034,2.30022218,0.001970334,6.62E-05,1.286752244,,,,0,0,0,0,0,0,0,0.128285734
30,168,30168,2.61E-07,2.08E-06,0,2.13E-06,0.162833203,1.731725724,0.001804374,6.07E-05,0,,,,0,0,0,0,0,0,0,0.23487715
30,169,30169,3.79E-06,3.01E-05,0,1.57E-05,0.279792691,1.532562873,0.003100416,0.000104227,8.58109036,8.49292098,,,0,0,0,0,0.4744,0.0326,0,1.261098741
30,170,30170,5.94E-08,4.72E-07,0,5.47E-07,0.133070735,1.837767607,0.001474572,4.96E-05,0,,0.01572786,,0,0,0,0,0,0,0,0.2741519
30,171,30171,2.26E-07,1.79E-06,0,3.65E-07,0.062252631,0.665619126,0.000689829,2.32E-05,0,,0.06291144,,0,0,0,0,0,0,0,0.072442952
30,172,30172,2.01E-06,1.59E-05,0,3.34E-06,0.23096185,2.424734041,0.002559315,8.60E-05,3.313781463,,,,0,0,0,0,0.2742,0.0188,0,0.782859553
30,173,30173,1.31E-05,0.000104045,0,2.13E-05,0.602960834,7.012771746,0.00668148,0.000224612,2.567613244,18.03994044,0.090435195,,0,0,0,0,0.3791,0.026,0,2.155804555
30,174,30174,1.14E-05,9.07E-05,0,6.23E-05,1.048760542,3.538143071,0.011621439,0.000390679,24.80031263,22.59994217,,,0,0,0,0,1.204,0.0827,0.063205144,1.954955024
30,175,30175,9.59E-06,7.62E-05,0,3.11E-05,1.007309773,7.226379382,0.011162118,0.000375238,12.91136423,,,,0,0,0,0,0,0,0.001581978,1.402626043
30,176,30176,6.17E-07,4.91E-06,0,5.78E-06,0.055777542,0.18765597,0.000618077,2.08E-05,4.59757736,6.417850301,,,0,0,0,0,0,0,0,0.381755717
30,177,30177,2.97E-07,2.36E-06,0,1.03E-06,0.127513375,1.174630002,0.001412991,4.75E-05,0,,0.020109825,,0,0,0,0,0,0,0.061633334,0.085555962
30,178,30178,2.65E-06,2.10E-05,0,1.50E-05,0.170200529,0.226400594,0.001886012,6.34E-05,2.364867422,4.761058634,0.5504751,,0,0,0,0,0,0,0,0.290012857
30,179,30179,5.34E-07,4.24E-06,0,3.65E-07,0.045083447,0.471001589,0.000499575,1.68E-05,0.675676406,2.269141528,,,0,0,0,0,0,0,0,0.169792267
30,180,30180,3.80E-07,3.02E-06,0,1.28E-06,0.136639682,1.948258662,0.00151412,5.09E-05,0.135135281,,,,0,0,0,0,0,0,0,0.425915707
30,181,30181,3.28E-06,2.60E-05,0,1.87E-05,0.437336205,2.167539139,0.004846174,0.000162914,12.43244588,0.801397825,,,0,0,0,0,0.7105,0.0488,0,0.516079864
30,182,30182,5.46E-07,4.34E-06,0,2.31E-06,0.19531062,1.989100449,0.00216426,7.28E-05,0.067567641,,,,0,0,0,0,0,0,0,0.047663863
30,183,30183,8.79E-06,6.98E-05,0,4.40E-05,0.712106878,2.87734858,0.00789094,0.00026527,1.084049322,0.172935821,,,0,0,0,0,0,0,5.52E-05,0.674015142
30,184,30184,1.31E-07,1.04E-06,0,1.64E-06,0.085833173,1.003568325,0.000951127,3.20E-05,0,,,,0,0,0,0,0,0,0,0.073471424
30,185,30185,1.01E-06,8.02E-06,0,6.81E-06,0.063246838,0.503809336,0.000700846,2.36E-05,0,0.033603811,0.098299125,,0,0,0,0,0,0,0,0.008806286
30,186,30186,1.21E-06,9.62E-06,0,3.34E-06,0.078363877,0.39620626,0.000868359,2.92E-05,0.067567641,2.829794579,,,0,0,0,0,0,0,0,0.166332747
30,187,30187,2.37E-07,1.89E-06,0,0,0.070920074,0.713266046,0.000785874,2.64E-05,0,,,,0,0,0,0,0,0,0,0.051584267
30,188,30188,1.04E-06,8.30E-06,0,2.92E-06,0.195144919,2.586677657,0.002162424,7.27E-05,0.405405844,3.448812143,,,0,0,0,0,0,0,0,0.5503646
30,189,30189,1.74E-05,0.000138098,0,0.000127175,1.788564998,4.422055209,0.019819298,0.000666267,17.03892445,,,,0,0,0,447.2,0,0,0.194416443,0.944650955
30,190,30190,5.58E-07,4.43E-06,0,2.55E-06,0.02612979,0.112319811,0.000289547,9.73E-06,1.013514609,1.500038734,,,0,0,0,0,0,0,0,0.095553347
30,191,30191,1.16E-05,9.18E-05,0,2.09E-05,0.328725503,0.178784066,0.003642646,0.000122455,0.957911782,12.24549388,,,0,0,0,0,0,0,0,0.522559876
30,192,30192,3.99E-06,3.17E-05,0,2.17E-05,0.229343078,0.70643015,0.002541378,8.54E-05,3.17567911,0.218831552,,,0,0,0,0,0,0,9.36E-05,0.114745265
30,193,30193,0.000160318,0.001273632,0,0.000811684,6.900877506,1.654820344,0.076469433,0.002570679,2.635137985,0.168019053,,,0.382861812,0,0,1492,1.0967,0.0753,1.647582983,0.077071073
30,194,30194,3.84E-06,3.05E-05,0,7.29E-07,0.137621142,1.222270169,0.001524996,5.13E-05,1.013514609,,0.019659825,,0,0,0,0,0.1574,0.0108,0.171587393,0.110110716
30,195,30195,1.48E-06,1.18E-05,0,7.90E-07,0.063259584,0.704499019,0.000700987,2.36E-05,0,,0.110409577,,0,0,0,0,0,0,0,0.110110716
30,196,30196,1.42E-06,1.13E-05,0,9.79E-06,0.172800762,0.440318922,0.001914826,6.44E-05,1.013568234,8.671551763,0.0786393,,0,0,0,0,0,0,0.02143354,0.351544371
30,197,30197,1.02E-06,8.11E-06,0,3.65E-06,0.13667792,0.995589488,0.001514544,5.09E-05,0,,,,0,0,0,0,0,0,0,0.222021257
30,198,30198,1.90E-07,1.51E-06,0,7.29E-07,0.083271179,0.937677513,0.000922738,3.10E-05,2.14E-05,,0.380403903,,0,0,0,0,0,0,0.114478917,0.124830713
30,199,30199,1.41E-06,1.12E-05,0,5.96E-06,0.13610434,1.591687646,0.001508188,5.07E-05,0,,,,0,0,0,0,0,0,0,0.050812914
30,200,30200,2.26E-07,1.79E-06,0,8.51E-07,0.149640845,1.658148465,0.001658188,5.57E-05,1.216217531,7.605072931,,,0,0,0,0,0,0,0,0.610751296
30,201,30201,2.02E-06,1.60E-05,0,1.21E-05,0.502431247,6.238711665,0.0055675,0.000187163,0,,0.013761878,,0,0,0,0,0,0,0.001792028,0.956606935
30,202,30202,4.27E-07,3.40E-06,0,1.22E-06,0.178867971,2.833314616,0.001982057,6.66E-05,0,,,,0,0,0,0,0,0,0,0.299670846
30,203,30203,7.12E-07,5.66E-06,0,2.25E-06,0.163088128,1.709483218,0.001807199,6.08E-05,0,,,,0,0,0,0,0,0,0,0.11563875
30,204,30204,3.97E-06,3.15E-05,0,3.19E-05,0.573669977,1.41368876,0.006356904,0.000213701,2.027029219,,,,0,0,0,0,0,0,0.000523325,0.152020925
30,205,30205,8.94E-06,7.10E-05,0,1.04E-05,0.237934043,0.930474721,0.002636575,8.86E-05,3.310814391,16.64449799,,,0,0,0,0,0,0,0,0.877864596
30,206,30206,2.98E-06,2.37E-05,0,3.31E-05,0.345372091,0.15003354,0.003827109,0.000128656,0,,,,0,0,0,0,0.2408,0.0165,0.433671953,0.011120347
30,207,30207,2.18E-05,0.000173566,0,3.63E-05,0.521958486,1.454007908,0.005783883,0.000194437,21.09897066,35.93485391,,,0,0,0,0,0.9298,0.0639,0,1.48513066
30,208,30208,2.25E-05,0.000178376,0,2.18E-05,0.275293269,0.740519616,0.003050557,0.000102551,5.95188652,11.5936507,,,0,0,0,0,0,0,0,0.359975265
30,209,30209,5.82E-07,4.62E-06,0,4.32E-06,0.159162286,0.428135404,0.001763696,5.93E-05,0.067567641,,,,0,0,0,0,0,0,0,0.201130433
30,210,30210,3.21E-07,2.55E-06,0,4.98E-06,0.332574867,0.894603104,0.003685301,0.000123889,0.337838203,,0.02359179,,0,0,0,0,0,0,0,0.986239766
30,211,30211,8.96E-06,7.12E-05,0,1.27E-05,0.363560974,0.977953561,0.004028662,0.000135432,18.04056005,,,,0,0,0,0,0,0,0,0
30,212,30212,9.86E-07,7.83E-06,0,2.07E-06,0.097343027,0.261845926,0.001078669,3.63E-05,0.270270563,,,,0,0,0,0,0,0,0,0
31,1,31001,3.21E-07,2.55E-06,0,1.36E-05,0.055244122,0.837172304,0.000888698,2.99E-05,0,,0.107279475,,0,0,0,0,0,0,0,0.005341812
31,2,31002,1.93E-05,0.000153474,0,1.01E-05,0.130410195,1.779304143,0.002097876,7.05E-05,0,,3.51121285,,0,0,0,0,0.3155,0.0217,0,0.00504855
31,3,31003,1.24E-05,9.87E-05,0,1.29E-05,0.086711848,1.518830951,0.001394912,4.69E-05,0,,,,0,0,0,0,0.1614,0.0111,0,0.013720178
31,4,31004,1.13E-05,8.94E-05,0,4.56E-06,0.048123495,0.5073026,0.000774151,2.60E-05,0.405405844,,,,0,0,0,0,0,0,0,0.007776995
31,5,31005,4.87E-07,3.87E-06,0,1.22E-06,0.017085992,0.224665565,0.000274858,9.24E-06,0,,,,0,0,0,0,0.0972,0.0067,0,0.003270421
31,6,31006,1.25E-06,9.90E-06,0,8.09E-06,0.075087052,1.218029767,0.001207906,4.06E-05,0,,,,0,0,0,0,0,0,0,0.126397514
31,7,31007,1.91E-06,1.52E-05,0,6.26E-06,0.05642943,0.765876916,0.000907766,3.05E-05,0,,,,0,0,0,0,0.2366,0.0163,0,0.003973877
31,8,31008,5.82E-07,4.62E-06,0,7.90E-07,0.03358372,0.598887843,0.000540253,1.82E-05,0.135135281,,0.000786393,,0,0,0,0,0.2714,0.0186,0,0.049332876
31,9,31009,8.79E-07,6.98E-06,0,3.53E-06,0.041310171,0.529375502,0.000664546,2.23E-05,0,,,,0,0,0,0,0,0,1.79E-05,0.012847819
31,10,31010,3.51E-06,2.79E-05,0,3.65E-07,0.020966777,0.416379801,0.000337287,1.13E-05,0,,,,0,0,0,0,0,0,0,0.006648496
31,11,31011,1.76E-06,1.40E-05,0,1.94E-05,0.05651723,0.540553969,0.000909178,3.06E-05,0,,0.21088523,,0,0,0,0,0,0,0.032287787,0.003813883
31,12,31012,4.16E-07,3.30E-06,0,1.40E-06,0.031002383,0.473419854,0.000498728,1.68E-05,0,,,,0,0,0,0,0,0,0,0.102082804
31,13,31013,2.41E-06,1.91E-05,0,6.63E-06,0.078590295,0.552620915,0.001264262,4.25E-05,0,,1.95029923,,0,0,0,0,0,0,0.023514683,0.002587234
31,14,31014,4.87E-07,3.87E-06,0,6.08E-07,0.014056872,0.260424823,0.000226129,7.60E-06,0,,,,0,0,0,0,0,0,0.04126813,0.004725592
31,15,31015,1.85E-06,1.47E-05,0,1.40E-06,0.044128569,0.680221289,0.000709885,2.39E-05,0,,,,0,0,0,0,0,0,0,0.003053482
31,16,31016,4.46E-06,3.55E-05,0,1.34E-06,0.023653475,0.477115976,0.000380507,1.28E-05,0,,,,0,0,0,0,0,0,0,0.004239298
31,17,31017,3.56E-08,2.83E-07,0,0,0.039975602,0.803302671,0.000643077,2.16E-05,0,,,,0,0,0,0,0,0,0,0.013149098
31,18,31018,1.14E-06,9.06E-06,0,7.29E-07,0.026269932,0.456656628,0.000422598,1.42E-05,0,,,,0,0,0,0,0.1761,0.0121,0,0.005735302
31,19,31019,3.38E-06,2.69E-05,0,7.60E-06,0.290461864,5.592911402,0.004672587,0.000157079,0,,0.466558315,,0,0,0,0,0,0,0,0.042786465
31,20,31020,8.19E-07,6.51E-06,0,2.07E-06,0.035383632,0.450427272,0.000569208,1.91E-05,0,,0.025650808,,0,0,0,0,0,0,0,0.00182713
31,21,31021,1.10E-06,8.77E-06,0,9.73E-07,0.069941938,1.330554474,0.001125138,3.78E-05,0,,,,0,0,0,0,0,0,0,0.011741592
31,22,31022,9.38E-07,7.45E-06,0,6.08E-07,0.038482992,0.781839019,0.000619066,2.08E-05,0,,,,0,0,0,0,0,0,0,0.014455188
31,23,31023,1.29E-06,1.03E-05,0,3.40E-06,0.039457579,0.301048588,0.000634744,2.13E-05,0,,,,0,0,0,0,0.2256,0.0155,0,0.004217025
31,24,31024,1.26E-05,0.000100178,0,2.92E-06,0.025795809,0.472189629,0.000414971,1.40E-05,0,,,,0,0,0,0,0,0,0,0.004684758
31,25,31025,5.40E-06,4.29E-05,0,5.59E-06,0.040879948,0.727513999,0.000657625,2.21E-05,0,,,,0,0,0,0,0,0,0,0.011340678
31,26,31026,8.43E-07,6.70E-06,0,3.71E-06,0.029202471,0.347915676,0.000469773,1.58E-05,0.067567641,,,,0,0,0,0,0,0,0,0.004684164
31,27,31027,1.89E-06,1.50E-05,0,1.06E-05,0.07316422,0.602591819,0.001176974,3.96E-05,0,,0.35648183,,0,0,0,0,0,0,0,0.012569406
31,28,31028,7.48E-07,5.94E-06,0,5.17E-06,0.019158086,0.114792944,0.000308191,1.04E-05,0,,,,0,0,0,0,0,0,0.001989491,0.024637669
31,29,31029,1.20E-06,9.53E-06,0,5.90E-06,0.051380897,0.792762099,0.000826552,2.78E-05,0,,0.01572786,,0,0,0,0,0,0,0,0.079614898
31,30,31030,8.19E-07,6.51E-06,0,3.16E-06,0.03049314,0.566463628,0.000490535,1.65E-05,0,,,,0,0,0,0,0.3686,0.0253,0,0.01131098
31,31,31031,5.34E-07,4.24E-06,0,3.16E-06,0.024601721,0.405165401,0.000395762,1.33E-05,0,,,,0,0,0,0,0.1559,0.0107,0,0.024162511
31,32,31032,8.99E-06,7.14E-05,0,5.23E-06,0.136152352,2.452285832,0.002190249,7.36E-05,0,,,,0,0,0,0,0.4585,0.0315,0,0.089118052
31,33,31033,3.22E-06,2.56E-05,0,8.45E-06,0.165284583,2.408643739,0.002658891,8.94E-05,0,,,,0,0,0,0,0.1119,0.0077,0,0.012276887
31,34,31034,8.07E-07,6.41E-06,0,4.19E-06,0.053611031,0.818459623,0.000862427,2.90E-05,0,,,,0,0,0,0,0.1596,0.011,0,0.006349666
31,35,31035,1.45E-06,1.15E-05,0,3.10E-06,0.049141982,0.606337532,0.000790535,2.66E-05,0,,,,0,0,0,0,0,0,0,0.004941269
31,36,31036,2.46E-06,1.95E-05,0,4.80E-06,0.065042666,0.995912234,0.001046325,3.52E-05,0,,,,0,0,0,0,0,0,0,0.004684758
31,37,31037,3.81E-06,3.03E-05,0,2.31E-06,0.040309244,0.657597079,0.000648445,2.18E-05,0,,,,0,0,0,0,0.2861,0.0197,0,0.004723736
31,38,31038,8.61E-06,6.84E-05,0,1.80E-05,0.257036185,2.523490712,0.004134876,0.000139002,0,,0.17672786,,0,0,0,0,0,0,0,0.008239309
31,39,31039,6.73E-06,5.35E-05,0,3.53E-06,0.033276418,0.444176444,0.000535309,1.80E-05,0,,0.13368681,,0,0,0,0,0,0,0,0.000797968
31,40,31040,2.75E-05,0.000218561,0,2.43E-05,0.219562899,2.581876962,0.003532053,0.000118737,0.135135281,,0.65570047,,0,0,0,0,0.4237,0.0291,0,0.03142834
31,41,31041,2.42E-05,0.000192431,0,4.61E-05,0.515881062,2.770842535,0.008298848,0.000278983,0.337838203,,,,0,0,0,0,0.1962,0.0135,0.706395887,0.002301545
31,42,31042,6.53E-07,5.19E-06,0,1.34E-06,0.048307877,0.778264448,0.000777117,2.61E-05,0,,,,0,0,0,0,0,0,0,0.004777562
31,43,31043,9.50E-08,7.55E-07,0,1.76E-06,0.024039798,0.449389097,0.000386722,1.30E-05,0,,,,0,0,0,0,0,0,0,0.005015141
31,44,31044,1.21E-06,9.62E-06,0,5.47E-06,0.054497817,0.752751393,0.000876693,2.95E-05,0,,,,0,0,0,0,0,0,0,0.006095753
31,45,31045,1.78E-07,1.41E-06,0,1.64E-06,0.019667329,0.303560112,0.000316383,1.06E-05,0,,,,0,0,0,0,0.2439,0.0168,0,0.00227556
31,46,31046,6.47E-06,5.14E-05,0,1.76E-06,0.023267153,0.42932157,0.000374293,1.26E-05,0,,,,0,0,0,0,0,0,1.04E-05,0.004877791
31,47,31047,6.27E-06,4.98E-05,0,4.26E-06,0.041617473,0.725789771,0.00066949,2.25E-05,0,,,,0,0,0,0,0,0,0,0.012959184
31,48,31048,1.38E-05,0.00010961,0,1.43E-05,0.192695923,2.809756061,0.003099851,0.000104208,0,,,,0,0,0,0,0.1907,0.0131,0,0.015494595
31,49,31049,9.25E-06,7.35E-05,0,3.77E-06,0.02891273,0.574134484,0.000465112,1.56E-05,0,,,,0,0,0,0,0,0,0,0.006804407
31,50,31050,0.00043967,0.003492914,0,0.001327497,7.154324536,8.03482484,0.115089812,0.003868983,0,,10.07517129,,0.09211038,20.41416,2.641,0,1.0087,0.0693,2.539136886,0.00999316
31,51,31051,2.61E-07,2.08E-06,0,1.52E-06,0.026577234,0.25100859,0.000427541,1.44E-05,0,,0.02359179,,0,0,0,0,0,0,0.015086976,0.002020571
31,52,31052,4.55E-05,0.000361092,0,4.13E-05,0.285474791,2.970361275,0.004592361,0.000154382,0,,0.22130646,,0,0,0,0,0,0,0.000606673,0.025909013
31,53,31053,5.33E-06,4.24E-05,0,1.68E-05,0.102568632,1.248638369,0.001649996,5.55E-05,0.202702922,,0.1426314,,0,0,0,0,0,0,0,0.015774864
31,54,31054,6.06E-07,4.81E-06,0,1.82E-06,0.023407633,0.346675759,0.000376553,1.27E-05,0,,,,0,0,0,0,0,0,0,0.002411054
31,55,31055,7.84E-07,6.23E-06,0,3.65E-06,0.051012134,0.816442067,0.000820619,2.76E-05,0.002967072,,,,0,0,0,0,0,0,0.031776598,0.010583395
31,56,31056,1.04E-05,8.25E-05,0,3.91E-05,0.236903513,3.276662713,0.003811007,0.000128115,0.681621276,,,,0,0,0,0,0.1394,0.0096,0,0.041531752
31,57,31057,2.33E-06,1.85E-05,0,7.66E-06,0.06557825,0.973917787,0.001054941,3.55E-05,0.067567641,,,,0,0,0,0,0,0,0,0.200536963
31,58,31058,1.03E-05,8.15E-05,0,2.01E-05,0.201256479,3.435235978,0.003237562,0.000108837,0.202702922,,,,0,0,0,0,0,0,0.086674126,0.05392921
31,59,31059,9.14E-06,7.26E-05,0,0.000114105,0.44083791,0.633720502,0.007091648,0.0002384,0,,11.38357693,,0,0,0,775.7,0.2568,0.0176,0.209054547,0.001510853
31,60,31060,8.31E-08,6.60E-07,0,1.82E-07,0.008411295,0.161686776,0.00013531,4.55E-06,0,,,,0,0,0,0,0.1504,0.0103,0,0.007895784
31,61,31061,3.25E-06,2.58E-05,0,5.65E-06,0.029913656,0.121587245,0.000481213,1.62E-05,0,,,,0,0,0,0,0,0,0.030844024,0.047105203
31,62,31062,6.77E-07,5.38E-06,0,3.95E-06,0.039255637,0.558039981,0.000631496,2.12E-05,0,,,,0,0,0,0,0,0,0,0.008517573
31,63,31063,5.82E-07,4.62E-06,0,1.70E-06,0.043803707,0.652826069,0.000704659,2.37E-05,0.202702922,,,,0,0,0,0,0,0,0,0.004749944
31,64,31064,1.31E-07,1.04E-06,0,1.22E-07,0.01373201,0.206353426,0.000220903,7.43E-06,0,,,,0,0,0,0,0.1229,0.0084,0,0.001017134
31,65,31065,3.56E-07,2.83E-06,0,5.59E-06,0.016278227,0.071207586,0.000261864,8.80E-06,0,,,,0,0,0,0,0,0,0,0.078003817
31,66,31066,6.06E-07,4.81E-06,0,8.15E-06,0.032345732,0.591436196,0.000520338,1.75E-05,0.270270563,,,,0,0,0,0,0,0,0,0.003198034
31,67,31067,1.54E-06,1.23E-05,0,3.89E-06,0.082005738,1.124693855,0.001319206,4.43E-05,0,,,,0,0,0,0,0.2623,0.018,0,0.00853799
31,68,31068,8.67E-07,6.89E-06,0,3.10E-06,0.02597141,0.30247922,0.000417796,1.40E-05,0.002967072,,4.66059488,,0,0,0,0,0,0,1.38E-05,0.007163596
31,69,31069,5.94E-07,4.72E-06,0,2.74E-06,0.073717363,1.293317293,0.001185873,3.99E-05,0,,,,0,0,0,0,0.1357,0.0093,0,0.016192483
31,70,31070,1.02E-06,8.11E-06,0,4.13E-06,0.03209989,0.53498591,0.000516383,1.74E-05,0.135135281,,,,0,0,0,0,0,0,0,0.090506404
31,71,31071,1.90E-07,1.51E-06,0,6.08E-08,0.013960292,0.248857582,0.000224576,7.55E-06,0,,,,0,0,0,0,0,0,0,0.008021998
31,72,31072,5.58E-07,4.43E-06,0,1.58E-06,0.01525974,0.22328103,0.00024548,8.25E-06,0,,,,0,0,0,0,0,0,0,0.007372369
31,73,31073,8.94E-06,7.10E-05,0,5.47E-07,0.037947409,0.772570688,0.00061045,2.05E-05,0,,,,0,0,0,0,0,0,0,0.009347243
31,74,31074,1.06E-06,8.40E-06,0,2.31E-06,0.03058094,0.430328802,0.000491948,1.65E-05,0,,,,0,0,0,0,0,0,0,0.005912001
31,75,31075,1.24E-05,9.87E-05,0,3.28E-06,0.052776926,0.967149455,0.000849009,2.85E-05,0,,,,0,0,0,0,0,0,0,0.00581697
31,76,31076,4.70E-06,3.74E-05,0,4.01E-06,0.140480921,2.047569997,0.002259881,7.60E-05,0,,0.001572786,,0,0,0,0,0.4604,0.0316,0,0.009343531
31,77,31077,5.70E-07,4.53E-06,0,1.58E-06,0.022283786,0.377700775,0.000358474,1.21E-05,0,,,,0,0,0,0,0.2274,0.0156,0,0.009915205
31,78,31078,1.28E-06,1.02E-05,0,3.22E-06,0.032811075,0.460092369,0.000527823,1.77E-05,0,,,,0,0,0,0,0.2036,0.014,0,0.007368656
31,79,31079,2.72E-05,0.000216202,0,3.67E-05,0.340754034,5.737357895,0.005481624,0.000184276,2.547497309,,0.50812934,,0,0,0,0,0.0734,0.005,0.02021268,0.095709752
31,80,31080,1.79E-05,0.00014206,0,5.17E-06,0.083559808,1.357249271,0.001344206,4.52E-05,0,,,,0,0,0,0,0,0,0,0.006737588
31,81,31081,2.46E-06,1.95E-05,0,1.64E-06,0.027086478,0.5244023,0.000435733,1.46E-05,0,,0.04718358,,0,0,0,0,0,0,0,0.006882362
31,82,31082,6.53E-07,5.19E-06,0,4.19E-06,0.030352659,0.312768821,0.000488276,1.64E-05,0,,,,0,0,0,0,0,0,0.011204705,0.005382423
31,83,31083,5.34E-07,4.24E-06,0,1.64E-05,0.014671476,0.123906671,0.000236016,7.93E-06,0,,,,0,0,0,0,0,0,0,0.000686751
31,84,31084,3.19E-06,2.54E-05,0,3.65E-06,0.06104774,1.034284154,0.00098206,3.30E-05,0,,,,0,0,0,0,0.0403,0.0028,0,0.03417052
31,85,31085,1.53E-05,0.000121779,0,4.56E-06,0.131516482,2.456711694,0.002115672,7.11E-05,0,,0.1572786,,0,0,0,0,0,0,0.024143307,0.132954133
31,86,31086,5.94E-07,4.72E-06,0,4.26E-07,0.0182713,0.269153371,0.000293926,9.88E-06,0,,,,0,0,0,0,0,0,0,0.005880076
31,87,31087,5.82E-07,4.62E-06,0,1.64E-06,0.040124863,0.551382548,0.000645479,2.17E-05,0,,,,0,0,0,0,0,0,0,0.002720501
31,88,31088,2.26E-07,1.79E-06,0,9.12E-07,0.017463534,0.250749657,0.000280931,9.44E-06,0,,,,0,0,0,0,0,0,0,0.003717738
31,89,31089,2.37E-05,0.000187904,0,5.30E-05,0.326205478,3.702774469,0.005247585,0.000176408,0,,,,0,0,0,0,0.3998,0.0275,0.030001254,0.013668208
31,90,31090,3.09E-07,2.45E-06,0,2.43E-07,0.058062521,0.883333344,0.000934037,3.14E-05,0,,1.89058518,,0,0,0,0,0,0,0,0.002500146
31,91,31091,3.60E-06,2.86E-05,0,3.27E-05,0.089811209,1.50651771,0.00144477,4.86E-05,0,,,,0,0,0,0,0.2604,0.0179,0.000766783,0.01502315
31,92,31092,9.74E-07,7.73E-06,0,9.73E-07,0.059010767,1.152474539,0.000949291,3.19E-05,0,,,,0,0,0,0,0,0,0,0.015672779
31,93,31093,2.04E-05,0.000162246,0,1.30E-05,0.145784076,1.194551635,0.002345192,7.88E-05,0,,1.46577339,,0,0,0,0,0.2128,0.0146,0,0.008565831
31,94,31094,3.04E-06,2.41E-05,0,9.12E-07,0.039554159,0.764534939,0.000636298,2.14E-05,0.002967072,,,,0,0,0,0,0,0,0,0.010397787
31,95,31095,2.32E-06,1.84E-05,0,2.07E-06,0.044611472,0.49458019,0.000717653,2.41E-05,0,,1.063247415,,0,0,0,0,0.1357,0.0093,0.100869976,0.002799124
31,96,31096,2.25E-05,0.000179131,0,6.78E-05,0.641804647,8.978891038,0.010324549,0.000347081,4.391896641,,32.41832392,,0,0,0,0,0.1064,0.0073,0.037241014,0.831405277
31,97,31097,6.89E-07,5.47E-06,0,1.82E-06,0.028886389,0.448213697,0.000464688,1.56E-05,0,,,,0,0,0,0,0.4952,0.034,0,0.032308867
31,98,31098,6.82E-06,5.41E-05,0,9.48E-06,0.124799738,2.079329501,0.002007622,6.75E-05,1.289719316,,,,0,0,0,0,0,0,0.002493772,0.046988641
31,99,31099,2.59E-06,2.06E-05,0,9.73E-07,0.026752835,0.518284777,0.000430366,1.45E-05,0,,,,0,0,0,0,0.1339,0.0092,0.006382951,0.008372798
31,100,31100,5.46E-07,4.34E-06,0,1.34E-06,0.027578161,0.37160998,0.000443643,1.49E-05,0,,0.13276242,,0,0,0,0,0,0,0.033337796,0.001562823
31,101,31101,9.24E-05,0.000733692,0,3.71E-05,0.48510696,2.600350645,0.007803793,0.000262341,0.067567641,,4.108816255,,0,0,0,0,0.3595,0.0247,0.015853759,0.007209033
31,102,31102,2.80E-05,0.000222428,0,7.74E-05,0.660023266,7.127800055,0.010617628,0.000356934,0.067567641,,0.389918223,,0,0,0,0,0.2513,0.0173,0.142814034,0.046346436
31,103,31103,7.60E-07,6.04E-06,0,1.76E-06,0.026375293,0.375664124,0.000424293,1.43E-05,0,,,,0,0,0,0,0,0,0,0.002509427
31,104,31104,2.37E-07,1.89E-06,0,8.51E-07,0.126037726,2.404829857,0.002027537,6.82E-05,0,,,,0,0,0,0,0,0,0,0.051060891
31,105,31105,7.12E-07,5.66E-06,0,2.25E-06,0.0244788,0.284744494,0.000393784,1.32E-05,0,,,,0,0,0,0,0,0,0,0.002813416
31,106,31106,5.34E-07,4.24E-06,0,2.98E-06,0.018139599,0.242743532,0.000291807,9.81E-06,0,,0.03145572,,0,0,0,0,0,0,0,0.008827539
32,1,32001,5.94E-07,4.72E-06,0,4.26E-06,0,0.177615486,0.000775845,2.61E-05,2.232699213,,,,0,0,0,0,0,0,0,0.215252966
32,2,32002,3.68E-07,2.92E-06,0,1.28E-06,0,0.31858887,0.000656354,2.21E-05,1.959461578,,,,0,0,0,0,0,0,0,0.281024705
32,3,32003,3.44E-07,2.74E-06,0,1.28E-06,0,0.125552836,0.000364547,1.23E-05,7.297305188,,,,0,0,0,0,0,0,0,0.134533104
32,4,32004,8.79E-07,6.98E-06,0,3.77E-06,0,0.228250016,0.000526129,1.77E-05,3.918923157,,,,0,0,0,0,0,0,0,0.135682959
32,5,32005,5.61E-05,0.000445894,0,2.67E-05,0,0.116328867,0.00543911,0.000182847,33.78382032,,,,0,0,0,0,0.1713,0.0118,0.024125069,2.316614048
32,6,32006,7.12E-07,5.66E-06,0,4.62E-06,0,0.089420355,0.001079234,3.63E-05,25.67571416,,,,0,0,0,0,0.5825,0.04,0,1.819071536
32,7,32007,9.74E-07,7.73E-06,0,1.05E-05,0,0.364353634,0.001731351,5.82E-05,2.168098645,,,,0,0,0,0,0.4146,0.0285,0.013585207,0.367723816
32,8,32008,1.21E-06,9.62E-06,0,5.71E-06,0,0.197296913,0.001622736,5.46E-05,8.58109036,,0.65534004,,0,0,0,0,0.2433,0.0167,0,0.409348588
32,9,32009,6.77E-07,5.38E-06,0,4.74E-06,0,0.231555067,0.001405081,4.72E-05,24.59462119,,4.77814535,,0,0,0,0,0.1627,0.0112,5.12E-06,1.782851085
32,10,32010,6.93E-05,0.000550316,0,0.000142312,0,1.836706085,0.029105715,0.000978449,262.9881034,,,,0,0,0,0,0.8274,0.0568,0.798285627,17.72732356
32,11,32011,6.89E-07,5.47E-06,0,3.34E-06,0,0.091271629,0.000397598,1.34E-05,1.216217531,,,,0,0,0,0,0,0,0,0.106936569
32,12,32012,3.21E-07,2.55E-06,0,1.76E-06,0,0.292385923,0.00101963,3.43E-05,6.013520016,,,,0,0,0,0,0.1884,0.0129,0,0.669215951
32,13,32013,3.56E-07,2.83E-06,0,2.19E-06,0,0.007936652,0.00081271,2.73E-05,11.35136363,,,,0,0,0,0,0.1799,0.0124,0,1.759279046
32,14,32014,1.10E-06,8.77E-06,0,3.65E-06,0,0.200813969,0.002817366,9.47E-05,77.57360704,,,,0,0,0,0,0.6544,0.0449,0.003509889,5.685001001
32,15,32015,7.12E-08,5.66E-07,0,2.43E-07,0,0.066000235,0.0002137,7.18E-06,3.043510901,,,,0,0,0,0,0,0,0,0.2109985
32,16,32016,1.37E-06,1.08E-05,0,3.95E-06,0,0.35914501,0.002925416,9.83E-05,20.33785983,,,,0,0,0,0,0,0,5.79E-05,2.228305139
32,17,32017,4.98E-05,0.000395333,0,0.000107844,0,0.28914227,0.019940343,0.000670336,60.07654446,,,,0,0,0,0,0.3872,0.0266,0.228888746,3.848106703
32,18,32018,1.66E-07,1.32E-06,0,1.40E-06,0,0.197678462,0.000565394,1.90E-05,3.918923157,,,,0,0,0,0,0,0,0,0.039670018
32,19,32019,5.05E-06,4.01E-05,0,2.02E-05,0,0.629227264,0.00316341,0.000106345,6.824331704,,,,0,0,0,0,0,0,0.002375756,0.502141934
32,20,32020,2.00E-05,0.000159133,0,7.11E-05,0,0.65163329,0.00720436,0.00024219,47.91733622,,,,0,0,0,0,0,0,0.009338004,2.021676091
32,21,32021,2.49E-07,1.98E-06,0,4.26E-07,0,0.560421664,0.000663275,2.23E-05,3.445949672,,,,0,0,0,0,0,0,0,0.50018718
32,22,32022,4.25E-06,3.38E-05,0,2.08E-05,0,0.051192709,0.002521321,8.48E-05,29.12165311,,,,0,0,0,0,0,0,0,4.838937261
32,23,32023,2.48E-06,1.97E-05,0,1.36E-05,0,0.31166211,0.001574713,5.29E-05,2.297299781,,,,0,0,0,0,0,0,0,0.226751521
32,24,32024,5.33E-06,4.24E-05,0,2.85E-05,0,0.316005937,0.006441932,0.000216559,18.38729947,,,,0,0,0,0,0.2022,0.0139,0,1.038779536
32,25,32025,6.44E-06,5.11E-05,0,1.02E-05,0,0.044877881,0.001499855,5.04E-05,14.06593754,,,,0,0,0,0,0.0822,0.0056,0.001276166,0.672435546
32,26,32026,1.07E-07,8.49E-07,0,2.55E-06,0,1.532798102,0.002132763,7.17E-05,7.18593866,,,,0,0,0,0,0.8257,0.0567,0.14523432,1.598644221
32,27,32027,5.94E-08,4.72E-07,0,3.04E-07,0,0.29757016,0.000351412,1.18E-05,0.337838203,,,,0,0,0,0,0,0,0,0.097967696
32,28,32028,1.54E-07,1.23E-06,0,1.03E-06,0,0.255982847,0.000330366,1.11E-05,0.337838203,,,,0,0,0,0,0,0,0,0.098312653
32,29,32029,9.82E-06,7.80E-05,0,1.06E-05,0,0.068148403,0.002837422,9.54E-05,90.94604429,,,,0,0,0,0,0,0,0,6.151727383
32,30,32030,4.51E-07,3.58E-06,0,2.92E-06,0,0.069086894,0.000363135,1.22E-05,3.581084953,,4.80959904,,0,0,0,0,0,0,0,0.086239169
32,31,32031,9.74E-07,7.73E-06,0,1.24E-05,0,0.185038698,0.001199291,4.03E-05,17.36488364,,3.580049795,,0,0,0,0,0,0,0.000225456,0.682209319
32,32,32032,3.98E-06,3.16E-05,0,6.08E-06,0,0.016513598,0.001588273,5.34E-05,18.24326297,,,,0,0,0,0,0.209,0.0144,0.299089278,1.540346542
32,33,32033,3.32E-07,2.64E-06,0,4.62E-06,0,0.240068155,0.000614123,2.06E-05,2.432435063,,,,0,0,0,0,0,0,8.68E-05,0.215712908
32,34,32034,4.52E-06,3.59E-05,0,2.02E-05,0,0.749219638,0.003515528,0.000118182,9.797307892,,0.02396393,,0,0,0,0,0,0,0,0.754305264
32,35,32035,9.50E-08,7.55E-07,0,1.09E-06,0,0.294664609,0.0017983,6.05E-05,17.57950848,,,,0,0,0,0,0.2501,0.0172,0,0.818582191
32,36,32036,6.48E-06,5.15E-05,0,1.85E-05,0,0.561568931,0.005198856,0.00017477,30.68164299,,,,0,0,0,0,0.1011,0.0069,0.003893082,2.371002217
32,37,32037,3.97E-06,3.15E-05,0,2.31E-06,0,0.168947977,0.002187424,7.35E-05,46.2868009,,,,0,0,0,0,0,0,0,2.830369524
32,38,32038,2.14E-06,1.70E-05,0,8.57E-06,0,3.251086822,0.009411699,0.000316394,98.38147328,,,,0,0,0,0,0.8925,0.0613,0.001085216,5.5592068
32,39,32039,9.34E-06,7.42E-05,0,3.90E-05,0,0.213382385,0.007830206,0.000263229,103.9895875,,,,0,0,0,0,0.8994,0.0618,0.002916464,8.756150284
32,40,32040,9.14E-07,7.26E-06,0,2.74E-06,0,0.740142881,0.002636151,8.86E-05,55.81977238,,,,0,0,0,0,0.5174,0.0355,0,3.559607936
32,41,32041,1.78E-07,1.41E-06,0,1.82E-07,0,0.26189521,0.000404377,1.36E-05,0.675676406,,,,0,0,0,0,0.4711,0.0324,0,0.219162475
32,42,32042,7.21E-06,5.73E-05,0,3.38E-05,0,1.063115649,0.007958313,0.000267535,192.7705002,,,,0,0,0,0,1.0399,0.0714,0.236237429,17.58934089
32,43,32043,1.66E-07,1.32E-06,0,4.86E-07,0,0.047326826,0.000167231,5.62E-06,0.135135281,,0.23566462,,0,0,0,0,0,0,1.43E-05,0.027021606
32,44,32044,1.12E-05,8.93E-05,0,7.84E-06,0,0.489338089,0.002024288,6.81E-05,4.324329,,,,0,0,0,0,0,0,0,0.25940742
32,45,32045,1.12E-06,8.87E-06,0,7.84E-06,0,0.406872512,0.001066099,3.58E-05,10.00001081,,,,0,0,0,0,0,0,0,0.35932987
32,46,32046,3.68E-07,2.92E-06,0,3.77E-06,0,0.255862345,0.000946608,3.18E-05,7.100536411,,0.07938358,,0,0,0,0,0,0,0,0.726593745
32,47,32047,1.39E-06,1.10E-05,0,5.71E-06,0,0.205497373,0.000711156,2.39E-05,4.142395584,,,,0,0,0,0,0,0,0,0.355880304
32,48,32048,6.03E-06,4.79E-05,0,3.57E-05,0,0.76780172,0.002940812,9.89E-05,10.20271374,,,,0,0,0,0,0,0,0.001283823,0.416592679
32,49,32049,4.73E-06,3.75E-05,0,1.69E-05,0,1.2286121,0.004428802,0.000148883,33.91896632,,,,0,0,0,0,0,0,0.004219003,2.122633411
32,50,32050,4.04E-07,3.21E-06,0,7.29E-07,0,0.03788956,0.001244488,4.18E-05,10.33784902,,,,0,0,0,0,0,0,0.009813356,1.253227603
32,51,32051,2.42E-06,1.92E-05,0,8.75E-06,0,0.625986798,0.004250695,0.000142896,87.84394204,,,,0,0,0,0,0.7401,0.0508,0.013445417,8.28999883
32,52,32052,1.66E-06,1.32E-05,0,4.74E-06,0,0.428943989,0.00244166,8.21E-05,4.391896641,,,,0,0,0,0,0,0,0,0.810648188
32,53,32053,8.67E-07,6.89E-06,0,2.55E-06,0,0.101298391,0.001621888,5.45E-05,11.42784321,,,,0,0,0,0,0,0,0,1.103746377
32,54,32054,6.77E-07,5.38E-06,0,4.62E-06,0,0.497714592,0.002432762,8.18E-05,10.14108024,,,,0,0,0,0,0.1216,0.0084,0,0.864116473
32,55,32055,3.43E-06,2.73E-05,0,1.49E-05,0,0.70815264,0.003904086,0.000131244,23.3873156,,,,0,0,0,0,0,0,0.000118258,2.33547168
32,56,32056,3.35E-05,0.000266385,0,0.00028736,0,0.118357158,0.019416898,0.000652739,19.86785342,,,,0.020817397,7.45758,1.053,0,0.3049,0.0209,0.568890351,1.053842644
32,57,32057,1.34E-06,1.07E-05,0,5.96E-06,0,0.426841089,0.002344485,7.88E-05,7.972981595,,,,0,0,0,0,0,0,0,0.968753331
32,58,32058,5.46E-07,4.34E-06,0,2.37E-06,0,0.125848562,0.000345621,1.16E-05,2.09459686,,,,0,0,0,0,0,0,0,0