ENTIDAD,MUNICIPIO,,,,,,,,,,,,,,,,,,,,,,,,,,,,,,,,,,,,,,,,,,,,,,,,,,,,,,,,,,
CLAVE,CLAVE,Offset,Rotograbado,Flexograf’a,Imprenta,Serigraf’a,Litograf’a,Asfaltado,LAVADO EN SECO,Pintado automotriz,Senializacion,Ind met basc,Otr Ind Manuf,Fab eq transport,INDUSTRIA DE LA MADERA,FABRICACION DE PRODUCTOS METALICOS,FABRICACION DE MAQUINARIA Y EQUIPO,335 FABRICACION,FABRICACION DE MUEBLES,Recub Arq,Productos en aerosol,Productos dom_sticos,Productos_personal,Productos de cuidado automotriz,Adhesivos y selladores,Pesticidas comerciales y dom_sticos,Productos miscelaneos,limpieza,Comb IndLPG,Comb Ind Diesel,Com Com NG,Comer Comb LPG,Comb. Agr Diesel,Comb. Agr Quer,Comb. Agr LPG,Comb Domet. NG,Comb Domet. Wood,Comb Domet. Quer,Comb Domet LPG,LPG,Gasol,Asados,Panificacion,Pesticidas,Qmas Agric,PTArs,untreated,Incendios,Hospi,Border,Terminal Buses,,Aviacion,Equipo basico aeropouertos,Embarcaciones marinas,Locomotoras de arrastre,Locomotoras de patio,Maq Contruc,Maq Agricola
57,Mg_per_year,2425010000,2425030000,2425040000,2425000000,2425000000,2425010000,2461020000,2420000055,2401005000,2401008000,2401100000,2401990000,2401080000,2401020000,2401050000,2401055000,2401065000,2401990000,2401001000,2465000000,2465200000,2465100000,2465400000,2465600000,2465800000,2465900000,2415000000,2102007000,2102004000,2103006000,2103007000,2801000000,2801000000,2267000000,2104006000,2104008000,2104011000,2104007000,2501000000,2501060000,2302002000,2302050000,2461850000,2801500250,2630030000,2630030000,2810030000,2850000010,2222222222,2201070000,2275000000,2275050000,2280000000,2285000000,2285002010,2260002000,2270005000,
1,1,1001,367.500839,133.6928699,92.79744668,2.203604408,5.020830633,9.722177052,16.17403267,167.2106313,236.7537839,2.952545024,2.87341873,17.57463084,19.37810957,170.7625752,75.80288996,19.16297058,2.346551617,32.01366849,1639.014733,35.149796,275.08536,802.3323,466.11686,198.67276,618.94206,22.92378,1711.821336,0.5086638,0.016493265,0.087482916,0.893006627,0.31145789,0.000127053,0,8.034265146,177.5321249,0.015483307,3.294834738,1995.692944,643.4618,7.8468,37.9143,12.7615,,966.8672188,0,0.025,0.2879,,1.800822967,21.62043,4.233,0,5.3054,0.7661,25.89804405,34.05853928
1,2,1002,0.356450862,0.129673007,0.090007223,0.002137347,0.004869865,0.009429852,11.71380726,0,2.198951553,2.138337671,0,0,0,2.483819275,0.533652345,0,0,0,88.64234807,1.900996,14.87736,43.3923,25.20886,10.74476,33.47406,1.23978,3.9916129,0.001186099,3.85E-05,0.001032965,0.01054428,0.148070144,2.54E-05,0,0.434514781,263.2534084,0.000837379,0.178193571,91.08778794,20.7,0.4244,0.6551,13.4881,,52.29079325,0,0,0,,0,0,0,0,2.6247,0.379,0,22.69759036
1,3,1003,1.782254312,0.648365034,0.450036114,0.010686733,0.024349324,0.047149258,10.72449352,3.745518142,7.085510561,1.957739954,0,0.267294766,0,5.381608429,1.334130863,0,0.033522166,0.279351383,104.375582,2.238406,17.51796,51.09405,29.68321,12.65186,39.41541,1.45983,75.40519642,0.022406482,0.000726523,0.003228691,0.032957774,0.046973977,0,0,0.511637317,360.8861472,0.000986007,0.209821356,124.3027492,28.2092,0.4997,2.5931,2.0601,,61.57194721,0,0,0.0339,,0,0,0,0,0,0,0.27150091,4.010736578
1,4,1004,0,0,0,0,0,0,2.992881913,0,0.488655901,0.546346034,0,0,0,0,0.50939542,0,0,0.033522166,30.33393231,0.650532,5.09112,14.8491,8.62662,3.67692,11.45502,0.42426,13.57148386,0.004032735,0.00013076,0.000243369,0.002484254,0.079651526,0,0,0.148693511,50.89320593,0.000286556,0.060978887,30.96163728,8.5609,0.1452,0.0273,4.2884,,17.89421667,0,0,0,,0,0,0,0,1.7161,0.2478,0.544492451,7.067871451
1,5,1005,16.75319053,6.094631315,4.23033947,0.100455293,0.228883647,0.443203028,6.305835919,6.688425254,5.130886958,1.151120741,0,7.484253437,9.207290707,23.18231323,20.88521224,17.63478432,0,8.022971719,197.3571709,4.23246,33.1236,96.6105,56.1261,23.9226,74.5281,2.7603,511.1078882,0.151874542,0.004924485,0.005781357,0.059014842,0.086118958,0,0.009739546,0.967422566,73.84382343,0.001864377,0.3967379,200.6464282,42.5867,0.9448,2.8115,3.9629,,116.4224916,0,0,0,,0,0,0,0,0,0,0.267036672,13.31489751
1,6,1006,3.564508623,1.296730067,0.900072228,0.021373467,0.048698648,0.094298517,4.896687352,1.605222061,3.176263355,0.893882816,0,0.100235537,0,4.139698792,1.309873938,0.024256925,0,0.067044332,87.861585,1.884252,14.74632,43.0101,24.98682,10.65012,33.17922,1.22886,41.44019938,0.012313861,0.000399273,0.002249808,0.022965551,0.098373039,0,0,0.430687568,39.12008742,0.000830003,0.176624039,92.50135836,22.0256,0.4206,1.474,3.8101,,51.83021519,0,0,0.0293,,0,0,0,0,0.9983,0.1441,0.431064467,9.55471511
1,7,1007,4.63386121,1.685749087,1.170093896,0.027785507,0.063308243,0.122588071,5.445382369,1.872759071,5.375214908,0.994046256,0,2.305417353,5.671427697,1.862864456,1.431158562,0,0,0.089392443,100.8020894,2.16177,16.9182,49.34475,28.66695,12.2187,38.06595,1.40985,81.10231665,0.024099368,0.000781414,0.002866342,0.029258996,0.153176012,2.54E-05,0,0.49412046,100.5214797,0.000952249,0.202637731,105.9452434,33.0052,0.4826,2.1564,7.9212,,59.46391687,0,0,0.0431,,0,0,0,0,1.3684,0.1976,0.795625451,13.51122728
1,8,1008,0.712901725,0.259346013,0.180014446,0.004274693,0.00973973,0.018859703,5.599183245,0,1.710295653,1.022122371,0,2.104946279,0,0.413969879,0.388110797,0,0,0.100566498,16.68559323,0.357834,2.80044,8.16795,4.74519,2.02254,6.30099,0.23337,5.8059824,0.001725234,5.59E-05,0.000584085,0.00596221,0.021785033,0,0,0.081790894,65.95969787,0.000157624,0.033542268,18.43915127,4.4211,0.0799,0.2457,2.8816,,9.842957961,0,0,0,,0,0,0,0,0,0,0,5.014823077
1,9,1009,0,0,0,0,0,0,3.840865122,0,0.732983851,0.701144077,0,0,0,0.413969879,0.460881571,0,0,0.022348111,37.27714676,0.799434,6.25644,18.24795,10.60119,4.51854,14.07699,0.52137,12.04741348,0.003579861,0.000116076,0.000578677,0.005907005,0.088842087,0,0,0.182728364,38.47393854,0.000352147,0.074936506,39.16589237,7.7783,0.1785,0.0819,8.6879,,21.99007153,0,0,0,,0,0,0,0,0,0,0,12.33511851
1,10,1010,0,0,0,0,0,0,9.078408469,0,0.732983851,1.657249636,0,0,0,3.104774094,0.388110797,0,0,0.011174055,37.93350253,0.81351,6.3666,18.56925,10.78785,4.5981,14.32485,0.53055,10.01531964,0.002976029,9.65E-05,0.000411023,0.00419563,0.165770484,2.54E-05,0,0.185945746,0,0.000358347,0.076255948,38.18572428,2.0903,0.1816,0.2184,10.6139,,22.37726077,0,0,0,,0,0,0,0,0,0,0,29.25313462
1,11,1011,4.277410348,1.556076081,1.080086673,0.02564816,0.058438378,0.11315822,3.562360832,1.337685051,3.909247206,0.650303543,0,0.267294766,0,1.655879517,17.07687505,0.339596947,0,0.502832489,71.26178992,1.528258,11.96028,34.88415,20.26603,8.63798,26.91063,0.99669,214.1318884,0.063628802,0.002063144,0.001779295,0.01816266,0.067397445,0,0,0.349317247,0,0.00067319,0.143254247,72.60139397,0,0.3412,1.1191,1.0664,,42.03787021,0,0,0,,0,0,0,0,2.3218,0.3353,0,7.215586225
2,1,2001,146.1448535,53.16593275,36.90296134,0.876312131,1.996644578,3.866239177,128.6621832,54.84508708,86.00343853,10.73633041,0.23388292,101.1376569,2.7347519,25.45914757,38.49573963,3.881107966,1.262668251,2.592380834,954.8067431,20.476486,160.25076,467.39805,271.53601,115.73666,360.56421,13.35423,756.1929202,0.224700999,0.00728586,1.3639758,0.434578893,0.382940029,0.000203286,0.038958185,40.2229151,307.2815201,0.009019788,1.919403384,1543.433946,485.3915,4.5711,18.2065,72.4579,,311.8440865,217.4481,0,0.117,,0,0,0,43.9,0,0,4.553184415,93.94293298
2,2,2002,241.6736846,87.91829855,61.02489704,1.449121037,3.30176835,6.393439419,221.8966005,140.9920043,207.1901019,18.51635934,35.18267352,342.6050658,16.41070623,42.01794274,280.6768767,16.51896578,50.61847059,12.06797974,1949.170718,41.801304,327.14064,954.1602,554.32164,236.26824,736.06644,27.26172,2643.681511,0.785563923,0.025471665,2.360793988,0.752177009,1.002451898,0.000279518,0.068176824,82.11224827,395.5886308,0.018413263,3.918326824,3175.828968,1049.3743,9.3317,26.7502,163.9323,,636.6077392,443.9051,0.7094,0.1392,45.442,1.009048209,0.34515,0.061,0,7.4798,1.08,49.30447218,213.4009348
2,3,2003,8.911271558,3.241825168,2.250180569,0.053433667,0.121746621,0.235746291,11.9824383,9.898869375,16.12564473,0.99988523,0,28.40006885,0.182170472,14.69593071,55.35430236,0.800478518,5.810508766,5.497635217,218.7702417,4.691678,36.71748,107.09265,62.21573,26.51818,82.61433,3.05979,412.3699,0.122534774,0.003973152,0.326959138,0.104173065,0.024508162,5.08E-05,0,9.216081602,58.62380625,0.00206666,0.439783595,327.3805138,104.1549,1.0474,4.7768,0.2028,,71.45132421,49.8228,0,0,,0,0,0,0,2.5059,0.3618,0.952972963,3.768575928
2,4,2004,1066.144529,387.8519631,269.2116033,6.392803865,14.56576569,28.20468629,7.929956886,307.6675617,382.6175703,0.661722311,39.89374377,1195.67631,12.64877624,430.5286744,270.1008575,71.00001885,148.860765,110.7684104,3303.382817,70.843312,554.42592,1617.0756,939.44392,400.41872,1247.45832,46.20216,6134.492142,1.822850328,0.059105353,4.212003013,1.341994195,0.067057054,0,0,139.1608172,222.7429582,0.03120612,6.640636132,4993.576534,1396.6975,15.815,50.7707,,,1078.899373,752.3139,1.5452,0.1392,92.127,1.009048209,87.85296,16.262,0,4.3877,0.6335,43.75675687,2.063934062
2,5,2005,13.90158363,5.057247262,3.510281688,0.08335652,0.189924728,0.367764214,1.728183708,9.631332365,11.72774162,0.144209828,0,0.534589531,0,2.897789154,12.07994854,2.498463253,0.033522166,13.68821776,178.9599048,3.837918,30.03588,87.60465,50.89413,21.69258,67.58073,2.50299,239.2427623,0.07109044,0.002305085,0.46921322,0.149496906,0.019742686,2.54E-05,0.009739546,7.539001071,0,0.001690583,0.359754735,272.482674,126.5769,0.8568,3.6031,0.0027,,58.44909291,40.7564,0.2203,0.0447,,0,0,0,1.1,0,0,0.393553569,1.481082277
3,1,3001,8.911271558,3.241825168,2.250180569,0.053433667,0.121746621,0.235746291,68.01772913,8.026110304,19.54623603,5.915930089,0,0.133647383,0.010974125,2.276834336,2.352921704,0,0,0.312873549,134.5550776,2.885626,22.58316,65.86755,38.26591,16.31006,50.81211,1.88193,64.62784159,0.019204016,0.000622684,0,0.056972233,0.269930171,7.62E-05,0.019479093,0,149.4293521,0.001271104,0.270489786,192.1758794,100.8789,0.6442,4.0944,34.4964,,39.40249074,91.1676,0,0.03,,0,0,0,9.2,0,0,0.142666146,79.33685435
3,2,3002,6.059664659,2.204441114,1.530122787,0.036334893,0.082787702,0.160307478,67.03151476,10.4339434,6.108198759,5.830152817,0,1.436709365,0,5.588593369,1.188589314,0,0,0.134088664,119.7742031,2.56864,20.1024,58.632,34.0624,14.5184,45.2304,1.6752,94.49236356,0.02807819,0.000910427,0,0.051286051,0.029273638,0,0,0,44.79888168,0.001131473,0.240776484,163.4713774,68.0751,0.5734,3.9306,1.4403,,35.07412735,81.1528,0,0,,0,0,0,6.8,0,0,7.912598869,7.647635583
3,3,3003,120.1239406,43.69980326,30.33243407,0.720285825,1.641144446,3.177860006,73.39143258,62.87119738,55.95110064,6.383314907,0,5.245659775,0.076818874,27.52899697,12.46805934,1.212846239,0,2.178940787,488.3587215,10.473188,81.96408,239.0619,138.88358,59.19628,184.41918,6.83034,150.2297946,0.04464044,0.001447452,0,0.306556986,0.097011474,0.000127053,0.009739546,0,332.2973889,0.004613386,0.98172472,697.5485097,301.2433,2.338,14.1121,2.2215,,143.0087243,330.8866,0.397,0.1147,,1.763166708,38.05542,6.539,0.7,0,0,5.347318986,9.907164278
3,8,3008,50.61602245,18.41356695,12.78102563,0.303503226,0.691520805,1.339038934,36.8005501,101.6640639,53.99647703,3.20077551,0,2.539300273,0.006584475,59.6116626,10.98838693,0.485138496,0,3.620393923,414.7996864,8.895664,69.61824,203.0532,117.96424,50.27984,156.64104,5.80152,96.48817001,0.028671239,0.000929656,0,1.293358015,0.028592855,2.54E-05,0.009739546,0,167.6046705,0.003918495,0.833852429,746.8195102,311.7045,1.9859,7.6975,0.3903,,121.4680344,281.0468,0.2945,0.0316,,0,30.87396,7.153,1.6,0,0,0,5.099405699
3,9,3009,3.564508623,1.296730067,0.900072228,0.021373467,0.048698648,0.094298517,21.08324404,2.942907112,3.176263355,1.833742458,0,0,0,4.346683731,0.824735443,0,0,0.078218387,25.50778695,0.547032,4.28112,12.4866,7.25412,3.09192,9.63252,0.35676,7.87436363,0.002339849,7.59E-05,0,0.042949997,0.005786649,0,0,0,0,0.000240965,0.051277112,42.41934574,0,0.1221,0.6824,,,7.469583138,17.2828,0.0209,0.0185,,0,0.34515,0.061,0.2,0,0,0,1.013400093
4,1,4001,2.495156036,0.907711047,0.630050559,0.014961427,0.034089054,0.066008962,14.38389446,1.337685051,5.375214908,2.387328098,0,0.668236914,0,25.66613251,1.334130863,0,0.011174055,0.35756977,110.1991307,2.363296,18.49536,53.9448,31.33936,13.35776,41.61456,1.54128,123.377126,0.036661231,0.001188729,0,0.034779561,0.000340391,0,0,92.39466161,3120.902763,0.00104102,0.221528164,88.32333968,10.4559,0.5276,3.0026,0.5908,,1.633058246,76.4475,0.0043,0.0162,,0,0,0,0,2.3982,0.3463,0.012419227,5.941464147
4,2,4002,85.54820695,31.12152161,21.60173346,0.512963199,1.168767558,2.263164396,28.28188946,47.62158781,76.47464847,4.694010343,0.066823691,2.439064736,0,28.56392166,13.19576708,0,0,1.553193689,533.7738218,11.447146,89.58636,261.29355,151.79911,64.70126,201.56931,7.46553,270.0870438,0.080255748,0.002602268,0,0.305839312,0.063312751,7.62E-05,0,447.5339446,2013.672004,0.00504241,1.073020574,518.5344293,166.0784,2.5554,12.9111,5.867,,7.910078198,370.2902,0.0244,0.1422,,1.258174895,0.19188,0.415,3,5.505,0.7949,7.660169945,24.37977038
4,3,4003,43.13055434,15.69043381,10.89087396,0.258618946,0.589253644,1.14101205,40.18610874,53.50740203,43.97903107,6.66978104,1.971298896,4.944953164,0.019753425,20.49150902,16.81004888,0,0.111740553,0.983316868,462.8444997,9.926018,77.68188,226.57215,131.62763,56.10358,174.78423,6.47349,78.63477413,0.023366144,0.00075764,0,0.518049838,0.093607563,0.000152464,0,388.0644127,2935.835735,0.004372361,0.930434672,478.9969687,121.9432,2.2159,4.9406,3.9407,,6.858965421,321.085,0.0198,0.0693,,0,0.19188,0.119,3.4,0,0,9.112141692,10.43814164
4,4,4004,5.703213797,2.074768107,1.440115564,0.034197547,0.077917837,0.150877626,44.38135836,3.745518142,9.773118015,7.366076284,0,0.267294766,0,2.897789154,1.479672412,0,0,0.290525438,170.0218836,3.646236,28.53576,83.2293,48.35226,20.60916,64.20546,2.37798,91.51679758,0.027194007,0.000881757,0,0.063431294,0.041527719,0.000177875,0.009739546,142.5520719,4678.006857,0.001606148,0.341787049,146.7444009,55.7527,0.814,3.6577,19.8567,298.109,2.519581028,117.9478,0.0071,0.0216,,0,0,0,0,7.2648,1.049,1.232382842,84.95634818
4,5,4005,0,0,0,0,0,0,10.36903105,0.53507402,0.488655901,1.720971969,0,0.100235537,0,3.311759033,0.388110797,0,0,0.089392443,60.63354536,1.300328,10.17648,29.6814,17.24348,7.34968,22.89708,0.84804,26.70751904,0.007936078,0.000257325,0,0.015291966,0.08373622,0.000127053,0,50.83720598,1590.321926,0.000572788,0.121888783,46.89791229,0,0.2903,1.3921,1.1343,,0.898538043,42.0628,0.0023,0,,0,0,0,0,2.3359,0.3373,0.078973545,18.26795319
4,6,4006,1.782254312,0.648365034,0.450036114,0.010686733,0.024349324,0.047149258,28.27680815,0.53507402,1.221639752,4.693166987,0,0,0,3.104774094,0.388110797,0.024256925,0,0.044696221,79.9381268,1.714328,13.41648,39.1314,22.73348,9.68968,30.18708,1.11804,8.16466275,0.002426111,7.87E-05,0,0.015678405,0.278780341,0.000203286,0,67.02281705,2952.836323,0.000755153,0.160695881,55.42202007,8.8112,0.3827,1.2556,6.4547,,1.184615671,55.4548,0.0028,0.0146,,0,0,0,0,0,0,0.197752304,60.21176514
4,7,4007,0,0,0,0,0,0,9.954269804,0.26753701,0,1.65213309,0,0,0,0,0.145541549,0,0,0.100566498,17.86317269,0.383088,2.99808,8.7444,5.08008,2.16528,6.74568,0.24984,2.86670381,0.000851834,2.76E-05,0,0.007894408,0.017019557,0,0,14.97708545,409.0714901,0.000168748,0.035909501,16.64030094,4.1754,0.0855,0.3821,5.5167,,0.264717165,12.3921,0.0008,0.01,,0,0,0,0,0,0,0,15.85568982
4,8,4008,0.356450862,0.129673007,0.090007223,0.002137347,0.004869865,0.009429852,9.367379471,0,0,1.554725549,0,0,0,2.897789154,0.266826173,0,0,0.011174055,20.18615733,0.432906,3.38796,9.88155,5.74071,2.44686,7.62291,0.28233,27.39697945,0.00814095,0.000263968,0,0.00507892,0.01497721,5.08E-05,0,16.92475398,621.1149713,0.000190693,0.040579289,15.62913813,14.3492,0.0966,0.4094,0.9662,,0.29914184,14.0036,0.0008,0,,0,0,0,0,1.5807,0.2282,0.430214755,8.776395918
4,9,4009,2.851606898,1.037384054,0.720057782,0.017098773,0.038958919,0.075438813,23.08181245,4.815666183,8.551478263,3.830941583,0,0,0,36.63633431,1.697984735,0,0,0.480484379,103.1400887,2.21191,17.3106,50.48925,29.33185,12.5021,38.94885,1.44255,25.18344866,0.007483204,0.000242641,0,0.043557259,0.024167771,7.62E-05,0,86.47612316,0,0.000974335,0.207337701,92.8296375,35.3681,0.4938,1.6924,9.609,,1.528449193,71.5505,0.0045,0.0262,,0,0,0,0,4.2592,0.615,2.93826169,24.7686896
4,10,4010,0,0,0,0,0,0,39.81263308,0.53507402,0.977311802,6.607794423,0,0,0,1.034924698,0.097027699,0,0,0,52.54278078,1.126816,8.81856,25.7208,14.94256,6.36896,19.84176,0.73488,1.88694428,0.000560701,1.82E-05,0,0.012918123,0.002723129,2.54E-05,0.019479093,44.05363654,480.8323679,0.000496357,0.105624297,38.94641133,7.32,0.2515,0.273,68.3843,,0.77863973,36.45,0.0019,0.0162,,0,0,0,0,3.426,0.4947,0,2.97314273
4,11,4011,2.495156036,0.907711047,0.630050559,0.014961427,0.034089054,0.066008962,32.41870411,1.070148041,1.954623603,5.380607,0,0.033411846,0,0.827939758,0.60642312,0,0,0.156436774,76.40538839,1.638566,12.82356,37.40205,21.72881,9.26146,28.85301,1.06863,6.49544281,0.001930106,6.26E-05,0,0.016396079,0.046973977,5.08E-05,0,64.06085023,699.2051672,0.00072178,0.153594182,64.88336687,0.9857,0.3658,0.8189,2.3158,,1.132263465,53.004,0.0033,0.0362,,0,0,0,0,0,0,0,3.058319251
5,1,5001,0,0,0,0,0,0,2.199491042,0,0,0.325807563,0,0,16.02002738,0.413969879,0.024256925,0,0,0,1.981937028,0.042504,0.33264,0.9702,0.56364,0.24024,0.74844,0.02772,0.39916129,0.00011861,3.85E-06,0,0,0.014296428,0,0,0.045855115,2.065254464,1.87E-05,0.003984195,2.158673225,0,0.0095,0,0.3945,,0.56285412,1.0613,0,0,,0,0,0,0,1.2437,0.1796,0,0
5,2,5002,11.40642759,4.149536215,2.880231129,0.068395093,0.155835674,0.301755253,7.893334788,7.758573294,20.76787578,1.169228755,0.300706611,27.93230301,0,9.521307221,26.80390189,11.6433239,30.40460452,4.525492404,286.3620162,6.14123,48.0618,140.18025,81.43805,34.7113,108.13905,4.00515,600.8466036,0.178540196,0.00578911,0,0.082311627,0.015657992,2.54E-05,0.009739546,6.625419033,57.64258527,0.002705181,0.575660181,237.4291323,82.2887,1.371,2.6204,0.1285,,81.32450145,153.3436,0,0.0339,4.8201,0,0,0,0,1.0906,0.1575,0.447627493,111.4882152
5,3,5003,2.851606898,1.037384054,0.720057782,0.017098773,0.038958919,0.075438813,3.56086957,1.337685051,2.198951553,0.52746668,0,0,0,0.413969879,0.824735443,0,0,0.044696221,42.46793422,0.910754,7.12764,20.78895,12.07739,5.14774,16.03719,0.59397,29.50164807,0.008766347,0.000284246,0,0.010489074,0.013275254,0,0,0.98255999,3.959255993,0.000401183,0.085371304,39.63323609,19.564,0.2033,0.5732,1.2616,,12.06055057,22.7411,0,0.0362,,0,0,0,0,0,0,0.018837361,0
5,4,5004,0,0,0,0,0,0,17.06822786,0,0.732983851,2.528292965,0,0,3.511719936,0.620954819,1.16433239,0,0,1.128579587,42.99773773,0.922116,7.21656,21.0483,12.22806,5.21196,16.23726,0.60138,88.94039289,0.026428435,0.000856934,0,0.010268251,0.081353482,0.000152464,0.029218639,0.994817797,323.3058854,0.000406187,0.086436343,36.8989786,28.3939,0.2059,0.1092,21.5544,,12.21101049,23.0248,0,0,,0,0,0,0,0,0,0.240008038,0
5,5,5005,0,0,0,0,0,0,3.507656077,0,0,0.519584239,0,0,0.00438965,0.20698494,0,0,0,0,3.601376916,0.077234,0.60444,1.76295,1.02419,0.43654,1.35999,0.05037,0.7257478,0.000215654,6.99E-06,0,0.000662468,0.008169387,2.54E-05,0,0.08332331,20.33205245,3.40E-05,0.00723968,3.550505783,0,0.0172,0.0273,0.3083,,1.022761978,1.9285,0,0,,0,0,0,0,0,0,0,0
5,6,5006,1.069352587,0.38901902,0.270021668,0.00641204,0.014609594,0.028289555,13.09938818,5.083203193,0.977311802,1.940394237,0.434353994,0,3.180301367,0.413969879,3.735566417,0,0,0.078218387,52.57066517,1.127414,8.82324,25.73445,14.95049,6.37234,19.85229,0.73527,72.06675654,0.021414472,0.000694358,0,0.006624678,0.015998383,0.000101643,0.009739546,1.216301974,120.2657511,0.00049662,0.105680352,43.6205595,18.501,0.2517,0.6551,0.2051,,14.92964463,28.151,0,0,,0,0,0,0,5.2999,0.7653,0.113687316,0
5,7,5007,0,0,0,0,0,0,13.04617469,0.26753701,3.664919256,1.932511796,0,0.267294766,0.52236834,2.897789154,0.55790927,0,0,0,26.39579769,0.566076,4.43016,12.9213,7.50666,3.19956,9.96786,0.36918,26.01805863,0.007731207,0.000250682,0,0.009384961,0.024508162,7.62E-05,0,0.610706765,133.4089676,0.000249354,0.053062239,23.94650612,9.2506,0.1264,0.4367,5.7375,,7.496193512,14.1346,0,0,,0,0,0,0,10.3224,1.4905,0.050633416,0
5,8,5008,0,0,0,0,0,0,2.106367429,0,0,0.312013291,0,0,0,0,0,0,0,0,5.739895549,0.123096,0.96336,2.8098,1.63236,0.69576,2.16756,0.08028,0,0,0,0,0,0.013956037,0,0,0.132801178,27.74861171,5.42E-05,0.011538644,5.173982658,0.9672,0.0275,0,0.0898,,1.630084011,3.0736,0,0,,0,0,0,0,2.3247,0.3357,0,0
5,9,5009,5.703213797,2.074768107,1.440115564,0.034197547,0.077917837,0.150877626,10.26133522,0,6.841182611,1.519997382,0,0.133647383,0,4.96763855,1.067304691,0.169798473,0,0.078218387,116.7862829,2.504562,19.60092,57.16935,33.21267,14.15622,44.10207,1.63341,38.31948384,0.011386547,0.000369205,0,0.025173777,0.103478906,0.000152464,0.019479093,2.702027565,144.6531651,0.001103247,0.234770008,91.58567343,30.355,0.5591,1.9107,13.7908,,33.16636179,62.5377,0,0.0231,,0,0,0,0,0,0,0.000350397,0
5,10,5010,7.841918971,2.852806148,1.980158901,0.047021627,0.107137026,0.207456736,2.101932972,2.942907112,5.130886958,0.311356421,11.12614462,1.403297519,14.80189953,2.276834336,58.70175798,57.02803017,0,1.385582859,154.5417543,3.314254,25.93764,75.65145,43.94989,18.73274,58.35969,2.16147,467.8170319,0.139010763,0.004507381,0,0.030252697,0.010552125,5.08E-05,0.009739546,3.575557589,19.75037602,0.001459912,0.310668068,131.098762,44.3605,0.7399,3.6304,0.3097,,43.88861095,82.7553,0,0,,0,0,0,0,1.1002,0.1589,0.074113428,67.41706571
5,11,5011,0,0,0,0,0,0,18.30987603,0.26753701,0,2.71221659,0,0,0,0,0.169798473,0,0,0.022348111,24.27443869,0.520582,4.07412,11.88285,6.90337,2.94242,9.16677,0.33951,2.35868035,0.000700876,2.27E-05,0,0.004747686,0.045612412,0.000177875,0,0.561625911,384.1603092,0.000229314,0.04879777,20.74991446,5.1776,0.1162,0.3003,2.2992,,6.893744676,12.9987,0,0,,0,0,0,0,7.0028,1.0111,0.022290877,0
5,12,5012,0,0,0,0,0,0,7.689349731,0,0,1.139012731,0,0,0,0,0,0,0,0,3.918830033,0.084042,0.65772,1.91835,1.11447,0.47502,1.47987,0.05481,3.01185337,0.000894965,2.90E-05,0,0.000828085,0.014636819,2.54E-05,0,0.090668069,3.610496531,3.70E-05,0.007877841,4.079194446,2.0598,0.0188,0,0.4952,,1.112916102,2.0985,0,0,,0,0,0,0,0,0,0,0
5,13,5013,0,0,0,0,0,0,2.603026697,0,0,0.385582741,0,0,0,0,0,0,0,0,3.367576985,0.07222,0.5652,1.6485,0.9577,0.4082,1.2717,0.0471,0.65317302,0.000194089,6.29E-06,0,0.001324936,0.00612704,0,0,0.077913995,2.719105791,3.18E-05,0.006769683,3.175792946,0,0.0161,0,0.0106,,0.956364685,1.8033,0,0,,0,0,0,0,0,0,0.463546441,0
5,14,5014,0,0,0,0,0,0,7.649439612,0,0,1.1331009,0,0.46776584,0.076818874,0.20698494,0,0,0,0,20.98622498,0.450064,3.52224,10.2732,5.96824,2.54384,7.92504,0.29352,5.00765982,0.001488015,4.82E-05,0,0.002208226,0.019742686,0,0,0.485548105,15.58809489,0.000198251,0.042187628,17.95134487,0,0.1005,0,0.5108,,5.959918521,11.2379,0,0,,0,0,0,0,4.6398,0.6699,0,0
5,15,5015,0,0,0,0,0,0,4.722697499,0,0,0.699566643,0,0,0,0,0,0,0,0,2.859223007,0.061318,0.47988,1.39965,0.81313,0.34658,1.07973,0.03999,0.03628739,1.08E-05,3.50E-07,0,5.52E-05,0.004084694,7.62E-05,0,0.066152455,2.337654505,2.70E-05,0.005747762,2.732366303,0,0.0137,0,0.1327,,0.811996258,1.5311,0,0,,0,0,0,0,0,0,0,0
5,16,5016,0,0,0,0,0,0,0.359191077,0,0,0.053206477,0,0,0,0.827939758,0,0,0,0.011174055,3.605666823,0.077326,0.60516,1.76505,1.02541,0.43706,1.36161,0.05043,1.41520821,0.000420526,1.36E-05,0,0.000331234,0.005446258,0,0,0.083422564,4.967866995,3.41E-05,0.007248304,3.482391061,0,0.0173,0,0.2101,,1.023980277,1.9308,0,0,,0,0,0,0,0,0,0,0
5,17,5017,4.277410348,1.556076081,1.080086673,0.02564816,0.058438378,0.11315822,6.829064929,0,8.551478263,1.011579934,1.403297519,0.367530303,0.00438965,3.932713852,2.935087899,0,0,0.480484379,221.4514335,4.749178,37.16748,108.40515,62.97823,26.84318,83.62683,3.09729,144.6415365,0.042979902,0.00139361,0,0.026057068,0.147048971,0.000152464,0,5.123614376,112.1827482,0.002091989,0.44517347,165.4436383,36.8576,1.0602,2.4294,11.3752,,62.89041986,118.5847,0,0.0154,,0,0,0,0,0,0,0.271954775,0
5,18,5018,69.50791815,25.28623631,17.55140844,0.416782599,0.949623641,1.838821072,3.995446429,24.34586792,56.19542859,0.591839948,199.5689544,2.372241045,5.138085231,18.42165962,50.18757738,6.816195865,1.285016362,1.24032014,435.5242271,9.340116,73.09656,213.1983,123.85806,52.79196,164.46726,6.09138,545.3994717,0.162064207,0.005254881,0,0.165616956,0.015998383,5.08E-05,0.009739546,10.07651274,56.29656489,0.004114274,0.875514005,399.7276122,175.9479,2.0851,16.2412,0.1963,,123.6853655,233.2183,0,0.0262,,0,0,0,0,0.5931,0.0856,7.318201932,0
5,19,5019,1.425803449,0.518692027,0.360028891,0.008549387,0.019479459,0.037719407,2.234966704,0.53507402,0.732983851,0.331062524,0,0,0,0.620954819,0.50939542,0,0,0.033522166,15.44581011,0.331246,2.59236,7.56105,4.39261,1.87226,5.83281,0.21603,5.37053372,0.001595842,5.17E-05,0,0.002870694,0.006467432,0,0,0.357362215,6.006244667,0.000145912,0.03104999,14.05709046,8.0427,0.0739,0.6005,1.6082,,4.386485412,8.2711,0,0,,0,0,0,0,0,0,0.090204729,0
5,20,5020,5.703213797,2.074768107,1.440115564,0.034197547,0.077917837,0.150877626,14.01288648,1.337685051,4.642231057,2.075709475,0,0.066823691,0,3.518743973,1.406901638,0.582166195,1.083883366,0.134088664,133.7249806,2.867824,22.44384,65.4612,38.02984,16.20944,50.49864,1.87032,26.19949558,0.00778512,0.00025243,0,0.026498713,0.025529335,0.000101643,0.029218639,3.093929997,15.10157438,0.001263262,0.26882108,117.8835613,0,0.6402,1.8561,0.5308,,37.97681524,71.6082,0,0,,0,0,0,0,4.7833,0.6907,5.462645165,0
5,21,5021,0.356450862,0.129673007,0.090007223,0.002137347,0.004869865,0.009429852,2.093064056,0,0.488655901,0.310042681,0,0,0,0.827939758,0.218312323,0,0,0,12.44073026,0.2668,2.088,6.09,3.538,1.508,4.698,0.174,0.79832258,0.00023722,7.69E-06,0,0.000552057,0.013275254,0,0,0.28783514,28.94350797,0.000117524,0.025009019,10.90078363,4.3055,0.0596,0.0273,0.3819,,3.533066989,6.6619,0,0,,0,0,0,0,1.148,0.1658,0,0
5,22,5022,0.356450862,0.129673007,0.090007223,0.002137347,0.004869865,0.009429852,3.387925718,0.53507402,13.92669317,0.501848747,0,0.23388292,0.171196347,0.20698494,0.60642312,0,0,0.011174055,58.16041398,1.24729,9.7614,28.47075,16.54015,7.0499,21.96315,0.81345,20.17578884,0.00599519,0.000194392,0,0.005244537,0.023146597,2.54E-05,0,1.34562928,8.168128959,0.000549425,0.116917163,45.26955222,16.595,0.2784,0.737,1.1103,,16.51708817,31.1442,0,0,,0,0,0,0,4.3241,0.6244,7.298565708,0
5,23,5023,0,0,0,0,0,0,43.20935628,0.53507402,0,6.400542129,0,0.133647383,0,0,0.072770774,0,0.011174055,0.044696221,20.99051489,0.450156,3.52296,10.2753,5.96946,2.54436,7.92666,0.29358,20.90153664,0.006210844,0.000201385,0,0.002649871,0.015317601,2.54E-05,0.009739546,0.485647359,108.2220875,0.000198291,0.042196251,19.02810572,2.1839,0.1005,0.1365,0.2868,,5.96113682,11.2402,0,0,,0,0,0,0,6.0844,0.8785,0.029806599,0
5,24,5024,1.782254312,0.648365034,0.450036114,0.010686733,0.024349324,0.047149258,31.0855488,2.140296081,4.153575156,4.60465931,0,0.267294766,0,2.897789154,1.431158562,0,0,0.055870277,98.31179842,2.108364,16.50024,48.1257,27.95874,11.91684,37.12554,1.37502,127.1510146,0.037782634,0.00122509,0,0.024014459,0.055143364,7.62E-05,0.155832741,2.274592382,636.889337,0.000928724,0.197631615,83.97133303,22.5037,0.4707,2.6477,5.4375,,27.91975731,52.6448,0,0,,0,0,0,0,20.5108,2.9616,0,0
5,25,5025,164.6802984,59.9089291,41.58333692,0.987454158,2.249877548,4.356591463,1.556494669,16.58729463,38.11516026,0.230561401,0,0.501177686,12.66194519,15.10990059,10.18790841,21.22480919,26.59425166,0.726313596,326.0908448,6.993242,54.72972,159.62835,92.73647,39.52702,123.14187,4.56081,477.6509146,0.141932878,0.004602129,0,0.140222356,0.016679166,0,0,7.544605665,26.27485445,0.003080488,0.655525189,291.293696,131.6252,1.5612,4.1217,0.4273,,92.60716814,174.6179,0.0925,0.0477,3.8799,0,0,0,0,1.0619,0.1533,0.390577221,0
5,26,5026,0,0,0,0,0,0,5.179446647,0,0,0.767224262,0,0,0,0,0,0,0,0,7.01185297,0.150374,1.17684,3.43245,1.99409,0.84994,2.64789,0.09807,0,0,0,0,0.000110411,0.004765476,2.54E-05,0.009739546,0.16222984,10.36270137,6.62E-05,0.0140956,6.524725957,1.1543,0.0336,0,0.0245,,1.991309653,3.7548,0,0,,0,0,0,0,1.5115,0.2183,0.564992676,0
5,27,5027,7.129017246,2.593460134,1.800144455,0.042746933,0.097397296,0.188597033,25.68881372,3.210444122,6.108198759,3.805248414,36.21844074,0.033411846,37.87389951,17.8007048,26.97370036,46.42775404,30.13642719,0.234655162,142.4485065,3.054906,23.90796,69.73155,40.51071,17.26686,53.79291,1.99233,1123.276157,0.333778945,0.010822678,0,0.034117093,0.039825763,7.62E-05,0,3.295761982,308.940355,0.001345671,0.286357577,112.4058229,54.1424,0.682,3.0026,1.8634,,40.45422618,76.2796,0.0367,0,,0,0,0,0,17.5452,2.5334,0.555151534,0
5,28,5028,14.61448535,5.316593275,3.690296134,0.087631213,0.199664458,0.386623918,5.871222056,4.280592162,12.94938137,0.869695995,0.400942148,0.768472451,5.879936068,5.17462349,3.735566417,0.436624646,0.446962213,0.201132996,113.2664142,2.429076,19.01016,55.4463,32.21166,13.72956,42.77286,1.58418,177.6630614,0.052792173,0.00171177,0,0.04151465,0.010552125,0,0,2.620590071,13.75993734,0.001069996,0.22769418,108.2159764,60.0557,0.5423,1.9926,0.1359,,32.16674749,60.6529,0.0602,0,,0,0,0,0,4.3911,0.634,1.887341023,35.14990841
5,29,5029,0,0,0,0,0,0,0.49222481,0,0,0.07291258,0,0,0,0,0.218312323,0,0,0.011174055,4.525851871,0.09706,0.7596,2.2155,1.2871,0.5486,1.7091,0.0633,1.23377126,0.000366612,1.19E-05,0,0.000496851,0.000680782,2.54E-05,0,0.104712439,8.008790477,4.28E-05,0.009098109,3.954570174,0,0.0217,0.3003,0.1948,,1.285305405,2.4235,0,0,,0,0,0,0,0,0,0,0
5,30,5030,284.804239,103.6087324,71.91577099,1.707739983,3.891021994,7.534451469,33.15200611,84.00662119,201.0819032,4.910760771,34.04667077,5.646601923,27.57358597,65.40724091,128.4404167,41.94022295,24.73935847,16.02359533,1480.03936,31.74046,248.4036,724.5105,420.9061,179.4026,558.9081,20.7003,1401.527864,0.416460804,0.013503611,0,0.511922011,0.046973977,0.000330339,0.029218639,34.2429526,778.0507451,0.013981512,2.975253974,1223.527715,496.385,7.0857,34.475,4.6701,,420.3192333,792.5442,0,0.0878,,6.404135539,0,0,0,21.2283,3.0652,10.8064346,188.9321226
5,31,5031,0,0,0,0,0,0,3.476614873,1.337685051,1.465967702,0.514986148,0,0,0,1.241909638,0.363853872,0,0,0.16761083,41.55632898,0.891204,6.97464,20.3427,11.81814,5.03724,15.69294,0.58122,6.96717888,0.002070281,6.71E-05,0,0.004747686,0.028592855,5.08E-05,0,0.961468622,20.0617012,0.000392571,0.083538747,37.9762581,16.317,0.199,0.6551,0.4268,,11.80166204,22.2529,0,0,,0,0,0,0,0,0,0.00106916,0
5,32,5032,7.841918971,2.852806148,1.980158901,0.047021627,0.107137026,0.207456736,3.569738485,1.605222061,4.642231057,0.52878042,0,0.23388292,0,1.034924698,1.479672412,0.533652345,0,0.078218387,86.02764977,1.844922,14.43852,42.11235,24.46527,10.42782,32.48667,1.20321,39.15409381,0.01163455,0.000377247,0,0.028651733,0.010892516,7.62E-05,0.009739546,1.990379994,9.87733143,0.000812679,0.172937365,83.01815087,30.743,0.4119,2.0199,0.3799,,24.43115823,46.0668,0,0.0208,,0,0,0,0,0,0,0.843934777,0
5,33,5033,6.416115521,2.334114121,1.62013001,0.03847224,0.087657567,0.16973733,18.51386109,1.605222061,4.397903107,2.742432614,6.91625206,0.568001377,2.572334853,11.79814156,4.730100333,0,0,0.592224932,205.8640565,4.414896,34.55136,100.7748,58.54536,24.95376,77.74056,2.87928,196.4599295,0.058377619,0.001892876,0,0.030307903,0.117434942,2.54E-05,0.009739546,4.762976796,600.7703561,0.001944739,0.413838894,160.5491458,37.8413,0.9856,4.3128,15.0723,,58.46373058,110.2379,0.0323,0.0462,,0,0,0,0,4.4485,0.6423,0.487092698,0
5,34,5034,0,0,0,0,0,0,15.22349344,0.80261103,0.488655901,2.255035009,0,0,0,1.655879517,0.072770774,0,0,0,10.8341601,0.232346,1.81836,5.30355,3.08111,1.31326,4.09131,0.15153,0,0.000215654,6.99E-06,0,0.001711375,0.007828996,2.54E-05,0,0.250664706,48.08226407,0.000102347,0.021779406,10.32742138,4.7729,0.0519,0.0546,,,3.076814028,5.8016,0,0,,0,0,0,0,10.6094,1.5319,2.515995424,0
5,35,5035,307.973545,112.0374778,77.76624047,1.846667516,4.207563208,8.147391826,9.476436203,80.26110304,175.6717963,1.403731376,81.42466797,11.52708677,13.5596286,84.86382523,118.6406191,111.6061109,11.62101753,18.43719128,1293.177447,27.733078,217.04148,633.03765,367.76473,156.75218,488.34333,18.08679,1624.259864,0.482645109,0.015649617,0,0.58418621,0.042889283,5.08E-05,0,29.91961917,249.2185127,0.01221628,2.5996142,1153.832622,441.148,6.1911,28.6336,3.6965,,367.251958,692.4818,0.4348,0.0747,,0,41.94099,7.728,0,1.9229,0.2776,9.900754262,0
5,36,5036,0,0,0,0,0,0,19.37414589,0,0,2.86986541,0,0,0.206313546,0,0.024256925,0,0,0,42.08398754,0.90252,7.0632,20.601,11.9682,5.1012,15.8922,0.5886,4.28191202,0.00127236,4.13E-05,0,0.000607262,0.029273638,0.000203286,0,0.973676802,222.8532952,0.000397555,0.084599474,31.38615942,2.7803,0.2015,0,4.5412,,11.95151282,22.5355,0,0,,0,0,0,0,4.2763,0.6175,0,0
5,37,5037,0,0,0,0,0,0,4.585229309,0,0,0.67920367,0,0,0,1.241909638,0.242569248,0,0,0,13.0756365,0.280416,2.19456,6.4008,3.71856,1.58496,4.93776,0.18288,0,0.001725234,5.59E-05,0,0.002373843,0.013615645,0,0,0.302524658,10.06960663,0.000123522,0.026285341,12.13080758,3.2782,0.0626,0.0819,1,,3.713375236,7.0019,0,0,,0,0,0,0,2.229,0.3219,0,0
5,38,5038,0,0,0,0,0,0,2.57641995,0.80261103,1.465967702,0.381641521,0,11.39343938,0,0.413969879,0.703450819,0,0,0.078218387,26.41081237,0.566398,4.43268,12.92865,7.51093,3.20138,9.97353,0.36939,56.10030494,0.016670077,0.000540522,0,0.004747686,0.03301794,0,0.009739546,0.611054152,10.51829372,0.000249495,0.053092422,24.66574743,10.5668,0.1264,1.01,2.5133,,7.500457559,14.1427,0,0,,0,0,0,0,3.1474,0.4545,0.014262949,0
6,1,6001,1.425803449,0.518692027,0.360028891,0.008549387,0.019479459,0.037719407,5.579434561,1.872759071,2.931935405,0.995958199,0,1.035767217,0,7.037487946,0.654936969,0,0,0.122914609,51.32015729,1.100596,8.61336,25.1223,14.59486,6.22076,19.38006,0.71778,23.9496774,0.007116592,0.000230753,0,0.043060409,0.075226441,0,0,0,624.0099976,0.000484807,0.103166514,85.94000241,10.7626,0.2457,1.3648,5.0271,0.7778,16.5679611,43.8155,0,0,,0,0,0,0,2.4462,0.3532,0.047321545,11.44983208
6,2,6002,80.91434574,29.43577252,20.43163957,0.485177692,1.105459315,2.140576325,10.87989739,60.99843831,74.03136896,1.942118488,0,5.613190078,3.788267881,33.73854515,14.79672412,0.266826173,0.122914609,2.223637008,289.5301125,6.209172,48.59352,141.7311,82.33902,35.09532,109.33542,4.04946,187.5332315,0.055725071,0.001806868,0,0.287124596,0.054462582,0,0,0,445.3475249,0.002735109,0.582028857,482.9999551,152.658,1.3861,5.5957,6.8722,46.0122,93.47055611,247.1914,0.0938,0.1317,,0.592831405,0.02925,0.066,0,1.5767,0.2277,2.661862244,10.83170943
6,3,6003,0,0,0,0,0,0,5.756116655,0.53507402,2.198951553,1.027496875,0,0.434353994,0.00438965,2.483819275,0.824735443,0,0,0.458136268,42.27703336,0.90666,7.0956,20.6955,12.0231,5.1246,15.9651,0.5913,12.91831084,0.003838647,0.000124467,0,0.033951476,0.022806206,0,0,0,574.8175505,0.000399379,0.084987545,65.7522722,5.3038,0.2024,2.4839,4.3775,18.0751,13.64852099,36.0948,0.0103,0,,0,0,0,0,0,0,0.008551798,5.935919162
6,4,6004,0,0,0,0,0,0,4.203174036,0.53507402,1.710295653,0.75028851,0,0.334118457,0,2.483819275,0.897506217,0,0,0.122914609,36.436325,0.781402,6.11532,17.83635,10.36207,4.41662,13.75947,0.50961,9.14442228,0.002717244,8.81E-05,0,0.012366066,0.036762243,0,0,0,414.6123311,0.000344204,0.073246242,56.03844479,8.7045,0.1744,0.5459,4.2498,6.3621,11.76293385,31.1081,0,0,,0,0,0,0,2.5274,0.3649,0.398400393,7.638183625
6,5,6005,0.712901725,0.259346013,0.180014446,0.004274693,0.00973973,0.018859703,5.258617073,1.872759071,4.153575156,0.938690603,0,0,0,0.20698494,1.11581854,0,0,0.156436774,54.30593255,1.164628,9.11448,26.5839,15.44398,6.58268,20.50758,0.75954,17.92597066,0.005326661,0.000172715,0,0.014739909,0.049356715,0,0.029218639,0,229.8741259,0.000513013,0.109168679,83.65265891,18.6655,0.26,0.8735,16.9595,171.4491,17.53187491,46.3646,0,0,,0,0,0,0,3.0027,0.4336,1.20076007,6.750158209
6,6,6006,0,0,0,0,0,0,6.049036969,0.80261103,0,1.079784681,0,0,0,0,0,0,0,0,9.815307187,0.210496,1.64736,4.8048,2.79136,1.18976,3.70656,0.13728,0.54431085,0.000161741,5.24E-06,0,0.000938496,0.01497721,5.08E-05,0,0,191.4778718,9.27E-05,0.019731253,15.07853278,0,0.047,0.0546,0.509,,3.168728162,8.38,0,0.0462,,0,0,0,0,0,0,0,4.867311318
6,7,6007,24.5951095,8.947437463,6.210498371,0.14747692,0.336020673,0.650659764,16.6127664,28.35892308,29.563682,2.965465538,0,0.735060605,0.00438965,14.69593071,7.083022037,0,0,0.681617374,319.7525072,6.857312,53.66592,156.5256,90.93392,38.75872,120.74832,4.47216,81.24746621,0.024142499,0.000782813,0,0.383016814,0.069099401,0,0,0,1098.484894,0.003020611,0.642783525,526.048717,111.7497,1.5308,5.1317,2.0168,,103.2274136,272.9943,0.0988,0.0693,,0,10.28079,1.748,9.5,3.0259,0.4369,1.391443382,16.16762891
6,8,6008,0,0,0,0,0,0,6.695321473,0,0.732983851,1.195149839,0,0,0,0,0.169798473,0,0,0.089392443,15.46082478,0.331568,2.59488,7.5684,4.39688,1.87408,5.83848,0.21624,2.79412903,0.000830269,2.69E-05,0,0.005354948,0.004765476,0,0,0,297.5693655,0.000146054,0.031080174,23.80073677,11.784,0.074,0.4094,0.9393,,4.991300829,13.1999,0,0,,0,0,0,0,0,0,1.96885351,5.199349976
6,9,6009,10.33707501,3.760517195,2.61020946,0.061983053,0.14122608,0.273465698,10.91244409,6.955962264,32.25128945,1.947928244,0,1.971298896,0.015363775,33.94553009,5.554835776,0.194055398,0,0.916272536,213.2491314,4.573274,35.79084,104.38995,60.64559,25.84894,80.52939,2.98257,78.92507325,0.023452405,0.000760437,0,0.127028205,0.138539193,2.54E-05,0,0,1540.820149,0.002014504,0.428684765,317.5648916,80.0761,1.0209,3.3574,13.7153,6.5021,68.84435864,182.0652,0.0645,0.0616,,0,0,0,0,2.8056,0.4051,0.314975948,30.82910976
6,10,6010,23.52575691,8.558418443,5.940476703,0.14106488,0.321411078,0.622370209,3.366258852,32.10444122,34.69456895,0.60089478,0.334118457,0.868707988,0,23.18231323,6.985994338,0.121284624,0,1.508497468,240.2905601,5.153196,40.32936,117.6273,68.33586,29.12676,90.74106,3.36078,48.91540172,0.0145351,0.000471296,0,0.088439455,0.02110425,0,0.009739546,0,254.1029085,0.002269957,0.483044886,342.8644456,83.167,1.1504,2.675,3.0722,21.4039,77.57428782,205.1522,0.072,0,,0,0,0,0,0,0,1.046783109,4.605175535
7,1,7001,0,0,0,0,0,0,1.947847106,0,0.732983851,0.331915366,0,0,0,0.413969879,0.679193894,0,0,0.223481106,31.57371543,0.67712,5.2992,15.456,8.9792,3.8272,11.9232,0.4416,4.24562463,0.001261578,4.09E-05,0,0.00469248,0.001361565,0,0,1.821695487,989.7856935,0.000298268,0.063471165,24.14958309,0,0.1512,0.0273,3.0674,,1.836121823,5.281,0,0,,0,0,0,0,0,0,0,1.417875586
7,2,7002,0,0,0,0,0,0,3.057123012,0.53507402,3.176263355,0.520937244,0,0.46776584,0,0.413969879,0.60642312,0,0,0.134088664,57.17802528,1.226222,9.59652,27.98985,16.26077,6.93082,21.59217,0.79971,9.03556011,0.002684896,8.71E-05,0,0.011537981,0.01191369,2.54E-05,0,3.298976671,1523.350257,0.000540145,0.114942313,49.13698234,10.4832,0.2737,1.2829,9.2055,,3.325101863,9.5636,0,0.0139,,0,0,0,0,0,0,0,2.800824955
7,3,7003,0,0,0,0,0,0,3.706843027,0,0.24432795,0.631650274,0,0.167059229,0,1.241909638,0.60642312,0,0,0.312873549,50.36350803,1.08008,8.4528,24.654,14.3228,6.1048,19.0188,0.7044,8.20095014,0.002436894,7.90E-05,0,0.013801413,0.007828996,0,0,2.905802312,1176.057841,0.00047577,0.101243407,45.40352194,3.4376,0.2411,0.3276,3.7688,22.0059,2.928813886,8.4238,0,0,,0,0,0,0,1.8081,0.2611,0.01899117,5.235685096
7,4,7004,0,0,0,0,0,0,6.397444163,0.53507402,1.221639752,1.090131773,0,0,0,9.521307221,0.727707744,0,0,0.100566498,54.74779297,1.174104,9.18864,26.8002,15.56964,6.63624,20.67444,0.76572,5.58825806,0.001660538,5.38E-05,0,0.007894408,0,2.54E-05,0,3.158760572,1674.088397,0.000517187,0.11005693,39.135935,2.9508,0.2621,0.3003,6.6321,,3.183775367,9.1572,0,0,,0,0,0,0,0,0,0,1.238654358
7,5,7005,0,0,0,0,0,0,2.182589601,0,0,0.371915754,0,0,0,0.620954819,0.072770774,0,0,0.134088664,43.79351548,0.939182,7.35012,21.43785,12.45437,5.30842,16.53777,0.61251,1.16119648,0.000345047,1.12E-05,0,0.002318637,0,0,0,2.526736193,1954.581153,0.000413705,0.088036058,29.07152193,0,0.2097,0.1092,6.359,,2.546745873,7.3249,0,0,,0,0,0,0,0,0,0,1.288392359
7,6,7006,0,0,0,0,0,0,1.692918179,0,0,0.288475186,0,0,0,0,0.072770774,0,0,0.011174055,54.01636383,1.158418,9.06588,26.44215,15.36163,6.54758,20.39823,0.75549,1.59664516,0.000474439,1.54E-05,0,0.00165617,0,0,0,3.11655961,1698.511077,0.000510277,0.108586572,39.56818685,0,0.2586,0.1638,6.4946,,3.141240208,9.0348,0,0,,0,0,0,0,0,0,0,1.568048725
7,7,7007,0,0,0,0,0,0,1.048422566,0,0,0.1786524,0,0,0,0,0,0,0,0.022348111,19.8644143,0.426006,3.33396,9.72405,5.64921,2.40786,7.50141,0.27783,32.11434015,0.009542703,0.000309419,0,0.001104113,0,0,0,1.146108825,740.3336948,0.000187653,0.039932504,13.83111181,0,0.0951,0,2.4393,,1.155185068,3.3225,0,0,,0,0,0,0,0,0,0,0.416538634
7,8,7008,0,0,0,0,0,0,5.284236279,1.872759071,3.420591305,0.900439881,0,0,0,0.413969879,0.630680044,0,0,0.391091936,66.6136757,1.428576,11.18016,32.6088,18.94416,8.07456,25.15536,0.93168,7.65663929,0.002275153,7.38E-05,0,0.014739909,0.001021173,0,0,3.843381457,1994.111148,0.00062928,0.13391036,44.42784101,5.8371,0.3189,0.9554,5.2597,,3.873817889,11.1419,0,0.0185,,0,0,0,0,0,0,0,2.110508084
7,9,7009,6.772566384,2.463787128,1.710137233,0.040609587,0.092527432,0.179167181,5.629792166,1.070148041,10.75042982,0.959322998,0,0.100235537,0,1.241909638,1.140075465,0,0.055870277,0.078218387,82.21606741,1.76318,13.7988,40.2465,23.3813,9.9658,31.0473,1.1499,22.96991787,0.006825459,0.000221313,0,0.030307903,0.01191369,0,0,4.743586143,943.5444758,0.000776672,0.165275119,82.20723053,25.7518,0.3936,1.4467,2.0188,,4.781151458,13.7515,0,0.0354,,0,0,0,0,2.3795,0.3436,0.547452853,0.417497769
7,10,7010,0,0,0,0,0,0,0.478490929,0,0,0.081535399,0,0,0,0,0,0,0,0,13.97651696,0.299736,2.34576,6.8418,3.97476,1.69416,5.27796,0.19548,0,0,0,0,0.000552057,0,0,0,0.806397269,501.3772619,0.000132032,0.028096339,9.057821106,0,0.0669,0,1.9677,,0.812783274,2.3377,0,0,,0,0,0,0,0,0,0,0.303155173
7,11,7011,0,0,0,0,0,0,1.550498523,0.53507402,0,0.264206715,0,0,0,0,0.04851385,0,0,0,36.5006736,0.782782,6.12612,17.86785,10.38037,4.42442,13.78377,0.51051,0.18143695,5.39E-05,1.75E-06,0,0.002097815,0,0,0,2.105964138,1672.730765,0.000344812,0.073375599,25.22051175,0,0.1747,0.0546,5.8041,,2.122641648,6.1051,0,0,,0,0,0,0,0,0,0,1.209504875
7,12,7012,0.356450862,0.129673007,0.090007223,0.002137347,0.004869865,0.009429852,2.403218005,5.618277213,1.710295653,0.409511086,0,0.768472451,0.0087793,2.069849396,1.940553983,0,0.033522166,0.413440047,78.62327031,1.68613,13.1958,38.48775,22.35955,9.5303,29.69055,1.09965,53.12473896,0.015785895,0.000511853,0,0.017610603,0.00306352,0,0,4.536294027,1384.968786,0.000742732,0.158052687,57.61225056,20.7483,0.3764,2.3202,2.9951,,4.572217759,13.1506,0,0,,0,0,0,0,0,0,0.042977017,0.518206945
7,13,7013,0,0,0,0,0,0,2.746708749,0.80261103,7.085510561,0.4680423,0,0.033411846,0,0.20698494,0.800478518,0.04851385,0,0.067044332,61.65454322,1.322224,10.34784,30.1812,17.53384,7.47344,23.28264,0.86232,6.1688563,0.001833062,5.94E-05,0,0.013911824,0,0,0,3.557256459,1603.976714,0.000582433,0.123941248,43.37531243,9.7028,0.2952,0.5732,6.8374,,3.585427016,10.3124,0,0,,0,0,0,0,0,0,0,0.941596543
7,14,7014,0,0,0,0,0,0,1.15991978,0,0,0.197651652,0,0,0,0.413969879,0.145541549,0,0,0.089392443,32.56682889,0.698418,5.46588,15.94215,9.26163,3.94758,12.29823,0.45549,1.92323167,0.000571484,1.85E-05,0,0.001876992,0,0,0.009739546,1.878994741,1031.878568,0.00030765,0.065467575,23.85968038,0,0.1559,0.1092,7.8833,,1.893874839,5.4472,0,0,,0,0,0,0,0,0,0,1.23057022
7,15,7015,0,0,0,0,0,0,1.731355827,0,3.420591305,0.295025005,0,0.033411846,0,0.20698494,0.460881571,0,0,0.491658434,87.36395579,1.87358,14.6628,42.7665,24.8453,10.5898,32.9913,1.2219,7.72921407,0.002296718,7.45E-05,0,0.011593187,0.000340391,0,0,5.040601711,2136.348616,0.000825302,0.175623678,68.78819481,20.28,0.4183,0.8462,4.0667,,5.080519147,14.6126,0,0,,0,0,0,0,0,0,0,1.24982143
7,16,7016,0,0,0,0,0,0,4.246522369,0,0,0.723612249,0,0,0,0,0.194055398,0,0,0.055870277,34.24847243,0.734482,5.74812,16.76535,9.73987,4.15142,12.93327,0.47901,1.77808211,0.000528353,1.71E-05,0,0.003643573,0.00612704,5.08E-05,0,1.976019826,1252.248671,0.000323536,0.068848104,28.94290723,8.0429,0.164,0.0819,12.2431,,1.991668284,5.7284,0,0,,0,0,0,0,0,0,0,1.659069267
7,17,7017,11.04997673,4.019863208,2.790223906,0.066257747,0.15096581,0.292325401,20.98081482,2.407833091,15.14833292,3.575154746,0,0.46776584,0.006584475,15.31688553,2.449949403,0,0,1.486149357,168.8207097,3.620476,28.33416,82.6413,48.01066,20.46356,63.75186,2.36118,40.31529029,0.011979596,0.000388435,0,0.043060409,0.051739453,5.08E-05,0,9.740378058,3060.290501,0.001594801,0.339372385,127.5013203,25.3126,0.8082,2.4566,11.1841,,9.817513871,28.2371,0,0.0154,,0,0,0,0,0,0,0.052083283,2.461757027
7,18,7018,0,0,0,0,0,0,1.025446139,1.070148041,0,0.17473719,0,0,0,5.588593369,0.169798473,0,0,0.089392443,17.13603346,0.367494,2.87604,8.38845,4.87329,2.07714,6.47109,0.23967,0,0.001595842,5.17E-05,0,0.003146722,0,0,0.009739546,0.988690574,523.2923118,0.000161879,0.034447767,13.96519502,0,0.082,1.6651,3.0372,,0.996520193,2.8662,0,0,,0,0,0,0,0,0,0,0.601514672
7,19,7019,41.34830003,15.04206878,10.44083784,0.247932213,0.56490432,1.093862792,6.802519937,13.37685051,61.5706435,1.159157146,0,1.136002754,0.085598173,33.94553009,7.519646684,0,0,2.681773276,273.0783192,5.856352,45.83232,133.6776,77.66032,33.10112,103.12272,3.81936,125.6269442,0.03732976,0.001210406,0,0.138952626,0.011573299,7.62E-05,0,15.75568586,3819.622873,0.002579693,0.548956586,243.1455411,91.9703,1.3074,5.7049,10.5569,,15.88045798,45.6753,0.0441,0.0955,,0,1.91412,0.186,0,0,0,3.991228345,2.230673999
7,20,7020,0,0,0,0,0,0,18.11125057,0,0.977311802,3.086177729,0,0.066823691,0,0.20698494,0.145541549,0,0,0.055870277,87.10227147,1.867968,14.61888,42.6384,24.77088,10.55808,32.89248,1.21824,3.88275073,0.001153751,3.74E-05,0,0.007507969,0.046633586,0,0,5.02550342,2811.649371,0.00082283,0.175097627,67.04366223,9.2794,0.417,0.2184,19.7339,,5.065301289,14.5688,0,0,,0,0,0,0,0,0,0,4.268870153
7,21,7021,2.138705174,0.77803804,0.540043337,0.01282408,0.029219189,0.05657911,2.013644481,1.337685051,1.465967702,0.343127313,0,0.133647383,0,0.620954819,0.169798473,0,0,0.033522166,43.52110638,0.93334,7.3044,21.3045,12.3769,5.2754,16.4349,0.6087,4.60849853,0.001369405,4.44E-05,0,0.010047429,0,0,0,2.511019119,1117.343823,0.000411132,0.087488447,37.30099985,0,0.2084,0.464,2.5902,,2.530904333,7.2794,0,0,,0,0,0,0,0,0,0,0.802384947
7,22,7022,0,0,0,0,0,0,1.360081385,0,0,0.231759417,0,0,0,0,0.072770774,0,0,0.033522166,30.41973045,0.652372,5.10552,14.8911,8.65102,3.68732,11.48742,0.42546,0.43544868,0.000129393,4.20E-06,0,0.00126973,0,0,0,1.755114497,1054.587283,0.000287367,0.061151363,21.21756478,0,0.1456,0,5.8511,,1.769013566,5.088,0,0,,0,0,0,0,0,0,0,1.148906725
7,23,7023,0,0,0,0,0,0,2.18051762,0,0,0.371562686,0,0.066823691,0,1.448894577,0.50939542,0,0,0.067044332,152.2681036,3.265494,25.55604,74.53845,43.30329,18.45714,57.50109,2.12967,2.75784164,0.000819486,2.66E-05,0,0.004416452,0,0,0,8.785349248,6308.268956,0.001438434,0.306097454,109.5263611,0,0.729,0.0546,8.0019,,8.854922016,25.4685,0,0,,0,0,0,0,0,0,0,1.240024551
7,24,7024,0,0,0,0,0,0,2.6538115,0,0,0.452212503,0,0,0,0,0.121284624,0,0,0,21.41092577,0.459172,3.59352,10.4811,6.08902,2.59532,8.08542,0.29946,0,0.00011861,3.85E-06,0,0.000331234,0,0,0,1.235337252,828.4648764,0.000202263,0.043041384,11.74889489,0,0.1025,0,2.5292,,1.245120111,3.5812,0,0,,0,0,0,0,0,0,0,0.392834297
7,25,7025,0,0,0,0,0,0,1.286372187,0,0,0.219199286,0,0,0,0.620954819,0.097027699,0,0,0.011174055,15.56378255,0.333776,2.61216,7.6188,4.42616,1.88656,5.87736,0.21768,0.58059824,0.000172523,5.59E-06,0,0.000828085,0,0,0,0.897977069,590.3350097,0.000147027,0.031287145,10.17946444,0,0.0745,0,1.3822,,0.905088312,2.6032,0,0,,0,0,0,0,0,0,0,0.307745319
7,26,7026,0,0,0,0,0,0,1.470573381,0,0,0.250587379,0,0,0,1.655879517,0,0,0,0.022348111,69.91261417,1.499324,11.73384,34.2237,19.88234,8.47444,26.40114,0.97782,0.87089736,0.000258785,8.39E-06,0,0.002318637,0,0,0.009739546,4.033718934,2404.281131,0.000660445,0.140542062,43.48141534,0,0.3347,0,6.2222,,4.065662683,11.6936,0,0,,0,0,0,0,0,0,0,1.547564341
7,27,7027,0.356450862,0.129673007,0.090007223,0.002137347,0.004869865,0.009429852,6.309333669,1.337685051,2.687607454,1.075117644,0,1.570356748,0,25.45914757,0.994533916,0,0,0.33522166,172.4242315,3.697756,28.93896,84.4053,49.03546,20.90036,65.11266,2.41158,37.92032255,0.011267937,0.000365359,0,0.033841065,0.019402295,0,0,9.948288956,3003.790793,0.001628843,0.346616376,134.3073551,24.3316,0.8255,0.3003,14.387,,10.02707125,28.8398,0.0029,0,,0,0,0,0,0,0,4.228324225,2.922826929
7,28,7028,0,0,0,0,0,0,0.365352541,0,0,0.062256489,0,0,0,0,0.072770774,0,0,0.011174055,10.36441528,0.222272,1.73952,5.0736,2.94752,1.25632,3.91392,0.14496,2.06838123,0.000614615,1.99E-05,0,0.001435347,0,0,0,0.597991345,301.2733283,9.79E-05,0.0208351,8.862419765,0,0.0496,0.3003,3.3119,,0.602726946,1.7336,0,0,,0,0,0,0,0,0,0,0.581646875
7,29,7029,0,0,0,0,0,0,0.882253764,0.26753701,0,0.150337046,0,0,0,0,0.024256925,0,0,0,11.71144607,0.25116,1.9656,5.733,3.3306,1.4196,4.4226,0.1638,1.85065689,0.000549918,1.78E-05,0,0.003533162,0,0,0,0.675710418,253.45868,0.000110635,0.023542973,9.541482763,0,0.0561,0.3548,0.7215,,0.681061491,1.9589,0,0,,0,0,0,0,0,0,0,0.206899124
7,30,7030,0,0,0,0,0,0,6.904334229,0,2.931935405,1.176506418,0,0.100235537,0,0,0.388110797,0.024256925,0,0.134088664,64.57382492,1.38483,10.8378,31.61025,18.36405,7.8273,24.38505,0.90315,3.51987683,0.001045923,3.39E-05,0,0.007673586,0.010552125,0,0,3.725689038,2029.154774,0.000610011,0.129809743,44.03792369,4.7047,0.3091,0.3003,8.3728,,3.755193442,10.8007,0,0,,0,0,0,0,0,0,0,2.296443257
7,31,7031,0,0,0,0,0,0,11.5481368,0,2.198951553,1.967815665,0,0,0,0,0.266826173,0,0,0.033522166,226.6808302,4.861326,38.04516,110.96505,64.46541,27.47706,85.60161,3.17043,2.43125513,0.000722442,2.34E-05,0,0.00888811,0.000340391,0,0,13.07870929,9277.645857,0.002141389,0.455685882,128.6443223,0,1.0852,0.1911,25.2834,,13.18228195,37.9148,0,0,,0,0,0,0,0,0,0,5.097288765
7,32,7032,3.564508623,1.296730067,0.900072228,0.021373467,0.048698648,0.094298517,2.368267851,0.80261103,2.443279504,0.40355554,0,0.167059229,0,0.827939758,0.824735443,0,0,0.245829217,57.4354197,1.231742,9.63972,28.11585,16.33397,6.96202,21.68937,0.80331,9.4347214,0.002803506,9.09E-05,0,0.016672107,0.002723129,0,0,3.31382745,1353.105409,0.000542576,0.115459741,46.15949475,18.2182,0.275,1.2283,7.36,,3.340070248,9.6067,0,0,,0,0,0,0,0,0,0,3.25338596
7,33,7033,0,0,0,0,0,0,1.288341595,0,0,0.219534875,0,0,0,0,0,0,0,0,15.14337166,0.32476,2.5416,7.413,4.3066,1.8356,5.7186,0.2118,0,0.000129393,4.20E-06,0,0.000276028,0,0,0,0.873720798,673.5294024,0.000143055,0.030442013,8.710738492,0,0.0725,0,1.5146,,0.88063995,2.5329,0,0,,0,0,0,0,0,0,0,0.224026535
7,34,7034,2.495156036,0.907711047,0.630050559,0.014961427,0.034089054,0.066008962,5.370685085,0.26753701,9.284462114,0.915170857,0,0.334118457,0.002194825,1.241909638,1.819269359,0.121284624,0,0.257003272,127.3930779,2.732032,21.38112,62.3616,36.22912,15.44192,48.10752,1.78176,15.2407038,0.00452874,0.000146843,0,0.03174325,0.030294811,0,0,7.35014527,3479.368586,0.001203446,0.256092352,101.8457954,103.9318,0.6099,1.201,14.777,,7.408352398,21.3079,0,0,,0,0,0,0,0,0,0.011812508,4.012472812
7,35,7035,0,0,0,0,0,0,0.596416072,0,1.221639752,0.101629978,0,0,0,0,0.097027699,0,0,0.022348111,22.60137496,0.484702,3.79332,11.06385,6.42757,2.73962,8.53497,0.31611,1.37892082,0.000409743,1.33E-05,0,0.004416452,0.01804073,0,0,1.304022102,574.1801649,0.000213509,0.045434488,19.45621964,14.1648,0.1082,0.2457,4.2051,,1.314348889,3.7803,0,0,,0,0,0,0,0,0,0,1.187272125
7,36,7036,0,0,0,0,0,0,0.410006132,0,0,0.069865512,0,0,0,0,0.097027699,0,0,0.011174055,14.90313687,0.319608,2.50128,7.2954,4.23828,1.80648,5.62788,0.20844,0,0.000161741,5.24E-06,0,0.001987403,0,0,0,0.859860071,505.7960271,0.000140786,0.02995908,8.988949488,0,0.0713,0.0819,2.2164,,0.866669458,2.4927,0,0,,0,0,0,0,0,0,0,0.348508557
7,37,7037,0,0,0,0,0,0,2.123404787,0.26753701,0.977311802,0.361830595,0,0.100235537,0,3.725728913,0.533652345,0,0,0.111740553,63.78019213,1.36781,10.7046,31.22175,18.13835,7.7311,24.08535,0.89205,6.5317302,0.001940889,6.29E-05,0,0.012476477,0.006467432,0,0.009739546,3.679899138,1907.259449,0.000602513,0.12821434,53.45996138,5.5505,0.3053,0.3276,3.3553,33.6132,3.709040924,10.6679,0,0,,0,0,0,0,1.1717,0.1692,0,3.645947588
7,38,7038,0,0,0,0,0,0,2.17493763,0,0,0.37061185,0,0,0,0,0,0,0,0,40.87423377,0.876576,6.86016,20.0088,11.62416,4.95456,15.43536,0.57168,0,5.39E-05,1.75E-06,0,0.000772879,0,0,0,2.358303614,1540.830148,0.000386127,0.082167562,26.32696174,0,0.1957,0,3.7501,,2.376979447,6.8367,0,0,,0,0,0,0,0,0,0,0.622341603
7,39,7039,0,0,0,0,0,0,2.504574136,0,0,0.426782286,0,0,0,0,0.04851385,0,0,0.055870277,43.53183115,0.93357,7.3062,21.30975,12.37995,5.2767,16.43895,0.60885,0.76203519,0.000226437,7.34E-06,0,0.001987403,0,0,0,2.511637902,1886.038413,0.000411233,0.087510006,29.82657684,0,0.2084,0.0819,7.2038,,2.531528016,7.2812,0,0,,0,0,0,0,0,0,0,2.373996173
7,40,7040,7.129017246,2.593460134,1.800144455,0.042746933,0.097397296,0.188597033,2.759858651,2.407833091,9.040134164,0.470283058,0,1.069179062,0.035117199,0.827939758,1.770755509,0.097027699,0,0.324047604,101.7244194,2.18155,17.073,49.79625,28.92925,12.3305,38.41425,1.42275,43.94402929,0.013057868,0.000423397,0,0.048194534,0.015317601,2.54E-05,0,5.869151391,1842.039826,0.000960962,0.204491848,87.71263541,26.1144,0.487,1.8834,6.9558,239.5123,5.915630261,17.0145,0,0.0516,,0,0,0,0,0.7088,0.1023,0.078148664,2.35742369
7,41,7041,0,0,0,0,0,0,3.531538361,0,0,0.60177816,0,0,0,0,0.460881571,0.024256925,0,0.201132996,83.78402841,1.796806,14.06196,41.01405,23.82721,10.15586,31.63941,1.17183,0,0.001488015,4.82E-05,0,0.005189331,0.009871343,2.54E-05,0.009739546,4.834052135,3048.9674,0.000791484,0.168427118,61.19802806,0,0.4011,1.0373,14.0285,,4.872333867,14.0138,0,0,,0,0,0,0,0,0,0,3.778580888
7,42,7042,0,0,0,0,0,0,0.654335815,0,0.24432795,0.111499568,0,0,0,0,0.072770774,0,0,0.022348111,18.85199625,0.404294,3.16404,9.22845,5.36129,2.28514,7.11909,0.26367,0.50802346,0.000150958,4.89E-06,0,0.001876992,0,0,0,1.087695763,650.4146234,0.000178089,0.037897287,13.86494938,0,0.0903,0,1.542,,1.096309423,3.1532,0,0,,0,0,0,0,0,0,0,0.404754975
7,43,7043,0,0,0,0,0,0,0.899561305,0.26753701,1.221639752,0.153286271,0,0,0,0,0.121284624,0,0,0.111740553,21.41307073,0.459218,3.59388,10.48215,6.08963,2.59558,8.08623,0.29949,1.99580645,0.000593049,1.92E-05,0,0.003974807,0.000340391,0,0,1.235461009,657.2337456,0.000202283,0.043045696,16.04205194,0,0.1025,0.4094,0.5447,,1.245244848,3.5816,0,0,,0,0,0,0,0,0,0,0.163875068
7,44,7044,0,0,0,0,0,0,1.733311558,0,0.488655901,0.295358264,0,0,0,0.20698494,0.436624646,0,0,0.022348111,50.3785227,1.080402,8.45532,24.66135,14.32707,6.10662,19.02447,0.70461,2.72155425,0.000808704,2.62E-05,0,0.002484254,0,2.54E-05,0,2.906668608,1460.768051,0.000475912,0.10127359,32.02559849,7.0513,0.2412,0.1365,5.6958,,2.929687041,8.4264,0,0,,0,0,0,0,0,0,0,1.350434693
7,45,7045,0,0,0,0,0,0,0.594262032,0,0,0.101262927,0,0,0,0,0,0,0,0.011174055,10.75479682,0.230644,1.80504,5.2647,3.05854,1.30364,4.06134,0.15042,0,0.000129393,4.20E-06,0,0.000772879,0.000340391,0,0,0.620515025,451.1762403,0.000101598,0.021619866,7.543248654,0,0.0515,0.0273,0.4215,,0.625428996,1.7989,0,0,,0,0,0,0,0,0,0,0.114685144
7,46,7046,0,0,0,0,0,0,8.902640577,0.26753701,1.710295653,1.517020096,0,0.066823691,0,0,0.242569248,0,0,0.279351383,77.71166507,1.66658,13.0428,38.0415,22.1003,9.4198,29.3463,1.0869,4.13676246,0.00122923,3.99E-05,0,0.006459061,0.088161304,0.000152464,0,4.48369752,1654.796021,0.00073412,0.156220129,67.36363137,6.7356,0.372,0.1638,17.1449,,4.519204731,12.9981,0,0,,0,0,0,0,0,0,0,3.359986965
7,47,7047,0,0,0,0,0,0,1.580798686,0.26753701,0.977311802,0.269369897,0,0,0,4.346683731,0.242569248,0,0,0.558702766,34.91555297,0.748788,5.86008,17.0919,9.92958,4.23228,13.18518,0.48834,5.76969501,0.001714452,5.56E-05,0,0.003588367,0,0,0,2.014508094,1065.720154,0.000329837,0.070189105,24.05505728,5.2203,0.1672,0.3548,3.4689,,2.030461347,5.84,0,0,,0,0,0,0,0,0,0,0.584935338
7,48,7048,0,0,0,0,0,0,4.862345316,0.53507402,2.443279504,0.828549181,0,0,0,0.620954819,0.145541549,0,0,0.134088664,43.01918727,0.922576,7.22016,21.0588,12.23416,5.21456,16.24536,0.60168,4.46334897,0.001326274,4.30E-05,0,0.008943316,0.008509778,0,0,2.482060101,1055.970528,0.00040639,0.086479462,37.3974618,9.7868,0.206,0.3821,3.4435,,2.501715983,7.1954,0,0,,0,0,0,0,1.772,0.2559,0,0.830199862
7,49,7049,0,0,0,0,0,0,1.168282926,0,0.732983851,0.199076741,0,0.100235537,0,0,0.121284624,0,0,0.111740553,36.68942951,0.78683,6.1578,17.96025,10.43405,4.4473,13.85505,0.51315,3.73760117,0.00111062,3.60E-05,0,0.004140424,0,0,0,2.116854708,1337.067407,0.000346595,0.073755046,24.28766842,0,0.1757,0.6278,3.4321,,2.133618463,6.1367,0,0,,0,0,0,0,0,0,0,0.918851341
7,50,7050,0,0,0,0,0,0,2.454217467,0,0,0.418201452,0,0,0,0,0.04851385,0,0,0.022348111,11.32535445,0.24288,1.9008,5.544,3.2208,1.3728,4.2768,0.1584,0,0.000215654,6.99E-06,0,0.000662468,0.00885017,0,0,0.653434251,392.7488265,0.000106987,0.022766831,10.62689635,0,0.0542,0,5.7787,,0.658608915,1.8943,0,0,,0,0,0,0,0,0,0,0.741340114
7,51,7051,2.851606898,1.037384054,0.720057782,0.017098773,0.038958919,0.075438813,8.2036922,0.53507402,7.574166462,1.397918496,0,0.033411846,0.006584475,0.827939758,1.431158562,0,0,0.536354655,79.2002628,1.698504,13.29264,38.7702,22.52364,9.60024,29.90844,1.10772,0,0.007936078,0.000257325,0,0.028596528,0.015317601,0,0,4.569584522,1736.458607,0.000748182,0.159212588,72.09542656,14.9458,0.3792,0.9554,4.9252,,4.605771887,13.2471,0,0,,0,0,0,0,1.6996,0.2454,0,10.75611682
7,52,7052,2.495156036,0.907711047,0.630050559,0.014961427,0.034089054,0.066008962,25.08869907,0.53507402,8.307150313,4.275142902,0,0,0,10.55623192,1.237103164,0,0,0.424614102,218.4678032,4.685192,36.66672,106.9446,62.12972,26.48152,82.50012,3.05556,16.07531377,0.004776743,0.000154884,0,0.012807711,0.003403911,2.54E-05,0.009739546,12.6048457,8474.722602,0.002063803,0.439175617,139.0086695,17.1001,1.0459,2.1291,32.5859,,12.70466575,36.5411,0,0.0193,,0,0,0,0,0,0,0.031990626,6.422094
7,53,7053,1.425803449,0.518692027,0.360028891,0.008549387,0.019479459,0.037719407,0.716809814,0,0,0.122145209,0,0,0,0,0.072770774,0,0,0.011174055,14.28968017,0.306452,2.39832,6.9951,4.06382,1.73212,5.39622,0.19986,0.47173607,0.000140175,4.55E-06,0,0.000441645,0,0,0,0.824465716,439.7440005,0.000134991,0.028725876,9.75071942,0,0.0684,0.0546,1.2813,,0.830994809,2.3901,0,0,,0,0,0,0,0,0,0,0.198938303
7,54,7054,0,0,0,0,0,0,2.567048135,0,0.24432795,0.437427926,0,0.066823691,0,0.413969879,0.412367721,0,0,0.648095208,51.3887958,1.102068,8.62488,25.1559,14.61438,6.22908,19.40598,0.71874,6.31400586,0.001876192,6.08E-05,0,0.012586889,0.065014707,0,0,2.964957913,1359.455173,0.000485455,0.103304495,46.23823261,5.5224,0.246,0.5732,7.4216,25.316,2.98843795,8.5953,0,0,,0,0,0,0,0,0,0,3.019680382
7,55,7055,0,0,0,0,0,0,0.233450071,0,0.488655901,0.039780158,0,0,0,0,0.072770774,0,0,0.044696221,10.24644284,0.219742,1.71972,5.01585,2.91397,1.24202,3.86937,0.14331,0,0.000366612,1.19E-05,0,0.003974807,0.004425085,0,0,0.591184738,300.9289287,9.68E-05,0.020597945,9.325228324,0,0.0491,0.0546,2.3012,,0.595866437,1.7138,0,0,,0,0,0,0,0,0,0,0.420375174
7,56,7056,0,0,0,0,0,0,0.285926589,0,0,0.048722216,0,0,0,0,0,0,0,0,21.68976973,0.465152,3.64032,10.6176,6.16832,2.62912,8.19072,0.30336,0.21772434,6.47E-05,2.10E-06,0,5.52E-05,0,0,0,1.251425596,832.8953987,0.000204897,0.043601931,14.91695838,0,0.1038,0,1.7801,,1.261335861,3.6279,0,0,,0,0,0,0,0,0,0,0.285000118
7,57,7057,0.356450862,0.129673007,0.090007223,0.002137347,0.004869865,0.009429852,4.160340253,1.070148041,5.130886958,0.708926718,0,0.601413223,0,2.069849396,1.382644713,0,0,0.290525438,124.0448055,2.660226,20.81916,60.72255,35.27691,15.03606,46.84311,1.73493,24.09482696,0.007159723,0.000232152,0,0.035276412,0,0,0,7.156961394,3438.362218,0.001171816,0.249361477,87.60837754,30.8704,0.5939,2.2383,16.9616,,7.213638664,20.7478,0,0,,0,0,0,0,0,0,0.083266784,3.676981087
7,58,7058,0,0,0,0,0,0,0.20494836,0,0,0.034923434,0,0,0,0,0,0,0,0,9.002369812,0.193062,1.51092,4.40685,2.56017,1.09122,3.39957,0.12591,0,0,0,0,0,0,0,0,0.519405976,0,8.50E-05,0.018097043,5.940209218,0,0.0431,0,3.0974,,0.523519245,1.5057,0,0,,0,0,0,0,0,0,0,0.594389669
7,59,7059,3.208057761,1.16705706,0.810065005,0.01923612,0.043828783,0.084868665,80.68760398,1.605222061,6.35252671,13.74925963,0,0.601413223,0,1.655879517,1.819269359,0,0.067044332,0.670443319,380.5984029,8.162194,63.87804,186.31095,108.23779,46.13414,143.72559,5.32317,21.66357183,0.006437281,0.000208727,0,0.052610986,0.00885017,7.62E-05,0.009739546,21.95922728,15771.6784,0.003595405,0.765099187,243.4101016,0,1.8221,2.4839,53.9357,,22.13312637,63.6592,0,0,,0,0,0,0,0,0,0.01234426,9.213368711
7,60,7060,0,0,0,0,0,0,0.447356503,0,0,0.076230058,0,0,0,0.827939758,0.072770774,0,0,0.022348111,24.4996588,0.525412,4.11192,11.9931,6.96742,2.96972,9.25182,0.34266,1.74179472,0.00051757,1.68E-05,0,0.001490553,0,0,0,1.413546593,810.570353,0.000231441,0.049250519,15.0933736,0,0.1173,0.4094,1.9815,,1.424740724,4.0978,0,0,,0,0,0,0,0,0,0,0.419279019
7,61,7061,2.495156036,0.907711047,0.630050559,0.014961427,0.034089054,0.066008962,12.73967652,5.083203193,8.795806214,2.170855391,0,0.568001377,2.030213088,5.17462349,1.406901638,0,0,1.385582859,164.1876101,3.521116,27.55656,80.3733,46.69306,19.90196,62.00226,2.29638,77.2921407,0.022967183,0.000744704,0,0.031577633,0.040506545,2.54E-05,0,9.473064046,4229.254727,0.001551034,0.330058681,123.7627393,61.0022,0.786,4.8587,19.4493,,9.548082951,27.4622,0.0367,0,,0,0,0,0,0,0,0.054039374,5.708497551
7,62,7062,0,0,0,0,0,0,4.579154016,0,0,0.780293061,0,0,0,0,0.072770774,0,0,0.055870277,34.03612204,0.729928,5.71248,16.6614,9.67948,4.12568,12.85308,0.47604,0,0.000366612,1.19E-05,0,0.003588367,0.000680782,0,0,1.963767934,1250.195063,0.00032153,0.068421226,26.8007734,0,0.1629,0.0546,4.7519,,1.979319367,5.6929,0,0,,0,0,0,0,0,0,0,1.047375433
7,63,7063,0,0,0,0,0,0,0.598453862,0.53507402,0.488655901,0.10197722,0,0,0,0,0.04851385,0,0,0,7.771166507,0.166658,1.30428,3.80415,2.21003,0.94198,2.93463,0.10869,0,0.00023722,7.69E-06,0,0.004140424,0,0,0,0.448369752,149.5830538,7.34E-05,0.015622013,6.925881791,0,0.0372,0.1092,1.8012,,0.451920473,1.2998,0,0,,0,0,0,0,0,0,0,0.472716541
7,64,7064,0,0,0,0,0,0,2.79786549,0,0,0.476759467,0,0.133647383,0,0.413969879,0.121284624,0,0,0.044696221,93.90177404,2.013788,15.76008,45.9669,26.70458,11.38228,35.46018,1.31334,2.50382991,0.000744007,2.41E-05,0,0.002870694,0,0,0,5.417811483,3351.350991,0.000887063,0.188766349,54.89466873,0,0.4496,0.7916,7.2774,,5.460716111,15.7061,0,0,,0,0,0,0,0,0,0,1.382798648
7,65,7065,11.40642759,4.149536215,2.880231129,0.068395093,0.155835674,0.301755253,19.64066686,5.618277213,13.68236522,3.346792006,0,0.902119834,0.002194825,3.518743973,2.304407855,0,0,0.402265991,225.0184912,4.825676,37.76616,110.1513,63.99266,27.27556,84.97386,3.14718,27.28811728,0.008108602,0.000262919,0,0.102240868,0.027571682,5.08E-05,0,12.98279801,6824.950932,0.002125686,0.452344159,179.8561246,57.4234,1.0773,3.0845,49.1927,,13.08561114,37.6368,0,0.0347,,0,0,-0.002,0,5.4533,0.7874,0.39186833,6.297895607
7,66,7066,0,0,0,0,0,0,1.57624443,0,0,0.268593846,0,0,0,1.655879517,0.169798473,0,0,0.011174055,43.95224204,0.942586,7.37676,21.51555,12.49951,5.32766,16.59771,0.61473,2.10466862,0.000625397,2.03E-05,0,0.005189331,0,0,0,2.535894173,1390.242875,0.000415204,0.088355139,27.03364429,0,0.2104,0.0819,3.0699,,2.555976377,7.3515,0,0,,0,0,0,0,0,0,0,0.749221463
7,67,7067,0,0,0,0,0,0,0.767378468,0,0.24432795,0.130762165,0,0,0,0,0.04851385,0,0,0.089392443,22.69360796,0.48668,3.8088,11.109,6.4538,2.7508,8.5698,0.3174,0.97975953,0.000291133,9.44E-06,0,0.001214524,0,0,0,1.309343631,708.2758209,0.00021438,0.0456199,15.96945516,0,0.1086,0.1638,1.2041,,1.31971256,3.7958,0,0,,0,0,0,0,0,0,0,0.220601053
7,68,7068,2.495156036,0.907711047,0.630050559,0.014961427,0.034089054,0.066008962,3.992865351,1.337685051,3.176263355,0.680388804,0,0.200471074,0.015363775,0.620954819,0.460881571,0,0,0.100566498,63.03160336,1.351756,10.57896,30.8553,17.92546,7.64036,23.80266,0.88158,7.18490322,0.002134978,6.92E-05,0,0.017500192,0.000680782,2.54E-05,0,3.636708124,1532.138287,0.000595442,0.126709487,53.98341288,12.6533,0.3018,1.3102,1.2057,,3.665507872,10.5427,0,0.0454,,0,0,0,0,2.582,0.3728,3.44049801,0.927346537
7,69,7069,1.782254312,0.648365034,0.450036114,0.010686733,0.024349324,0.047149258,12.32244239,1.070148041,8.062822363,2.09975822,0,0.200471074,0,0,0.800478518,0,0,0.592224932,98.36542226,2.109514,16.50924,48.15195,27.97399,11.92334,37.14579,1.37577,14.55124339,0.004323869,0.0001402,0,0.02627789,0.027571682,0.000101643,0,5.675348733,2253.986089,0.00092923,0.197739412,89.63560098,17.5242,0.4709,1.2556,4.867,,5.720292844,16.4527,0,0,,0,0,0,0,4.7228,0.6819,0.009970364,1.116433154
7,70,7070,0,0,0,0,0,0,0.766304867,0,0.488655901,0.130579222,0,0,0,0,0.194055398,0,0,0.011174055,28.54718605,0.612214,4.79124,13.97445,8.11849,3.46034,10.78029,0.39927,0,0.000226437,7.34E-06,0,0.003091517,0,0,0,1.647075084,984.271062,0.000269677,0.057387074,15.19763185,1.3097,0.1367,0.1365,2.475,,1.660118569,4.7748,0,0,,0,0,0,0,0,0,0,0.399479732
7,71,7071,0,0,0,0,0,0,3.245823757,0,2.198951553,0.553092066,0,0,0,0,0.339596947,0,0,0.16761083,56.63964195,1.214676,9.50616,27.7263,16.10766,6.86556,21.38886,0.79218,0,0.001488015,4.82E-05,0,0.008777699,0.018381121,0,0,3.267913793,1923.590464,0.000535059,0.113860026,44.46164794,3.7752,0.2712,0.6824,3.9522,47.2877,3.293792992,9.4736,0,0,,0,0,0,0,1.3308,0.1922,0.018184045,2.069381744
7,72,7072,0,0,0,0,0,0,1.605717168,0,1.221639752,0.273616035,0,0,0,2.483819275,0.388110797,0,0,0.212307051,64.78832027,1.38943,10.8738,31.71525,18.42505,7.8533,24.46605,0.90615,5.29795894,0.001574276,5.10E-05,0,0.004471658,0.000340391,0,0,3.738064687,2044.530999,0.000612037,0.130240933,41.04968276,0,0.3102,0.5459,7.3832,,3.767667096,10.8366,0,0,,0,0,0,0,0,0,0,1.306752944
7,73,7073,0,0,0,0,0,0,0.386605736,1.070148041,0.24432795,0.065878058,0,0.100235537,0,0,0.266826173,0,0,0.122914609,18.51952846,0.397164,3.10824,9.0657,5.26674,2.24484,6.99354,0.25902,3.66502639,0.001089054,3.53E-05,0,0.003753984,0,0,0,1.068513508,506.9615836,0.000174949,0.037228943,12.8859361,0,0.0887,0.464,0.8448,,1.076975259,3.0976,0,0,,0,0,0,0,0,0,0,0.16921882
7,74,7074,2.138705174,0.77803804,0.540043337,0.01282408,0.029219189,0.05657911,2.978278309,2.675370101,5.863870809,0.507502017,0,0.033411846,0,0.413969879,0.921763142,0,0,0.089392443,74.44275595,1.596476,12.49416,36.4413,21.17066,9.02356,28.11186,1.04118,72.10304393,0.021425255,0.000694707,0,0.027768443,0.012594472,0,0,4.295092634,554.2630604,0.00070324,0.149648794,70.12767222,26.0135,0.3564,0.7097,3.3281,,4.329106248,12.4514,0,0,,0,0,0,0,0,0,0.174187009,0.540815127
7,75,7075,0,0,0,0,0,0,1.638567988,0,3.420591305,0.279213852,0,0.267294766,0,0.827939758,0.824735443,0,0,0.234655162,56.92706572,1.22084,9.5544,27.867,16.1894,6.9004,21.4974,0.7962,9.57987096,0.002846637,9.23E-05,0,0.010654691,0.002723129,0,0,3.284497162,1755.361139,0.000537774,0.11443782,43.76907207,3.3581,0.2725,1.2556,4.9738,44.1767,3.310507688,9.5217,0,0,,0,0,0,0,0,0,0.005697351,0.908163837
7,76,7076,0,0,0,0,0,0,1.677627914,0,0,0.285869708,0,0,0,0,0.072770774,0,0,0.100566498,53.2613402,1.142226,8.93916,26.07255,15.14691,6.45606,20.11311,0.74493,0,0.000291133,9.44E-06,0,0.001159319,0,0,0,3.072997326,2444.649222,0.000503145,0.107068784,35.25067907,0,0.255,0,8.8892,,3.097332947,8.9085,0,0,,0,0,0,0,0,0,0,1.91895512
7,77,7077,0,0,0,0,0,0,7.96239185,0.26753701,2.687607454,1.356800642,0,0,0,0,0.194055398,0,0,0.044696221,121.4043677,2.6036,20.376,59.43,34.526,14.716,45.846,1.698,0,0.000894965,2.90E-05,0,0.008336053,0.000340391,0,0,7.004617158,5185.836156,0.001146873,0.244053528,77.77984349,5.2887,0.5812,0.464,25.7724,,7.060087987,20.3062,0,0,,0,0,0,0,1.4827,0.2141,0,4.125504132
7,78,7078,50.25957158,18.28389395,12.69101841,0.301365879,0.68665094,1.329609083,2.708640366,33.70966328,65.9685466,0.461555404,0.066823691,2.940242422,0.032922374,46.36462647,9.557228366,0.169798473,0.089392443,1.776674796,388.1743787,8.324666,65.14956,190.01955,110.39231,47.05246,146.58651,5.42913,107.7372609,0.032013881,0.00103804,0,0.261398762,0.001021173,2.54E-05,0,22.39633519,2103.137734,0.003666973,0.780328817,325.3090118,118.0064,1.8584,11.3552,5.8808,,22.57369581,64.9264,0.0147,0.0839,,0,0.20826,0.012,0,0,0,3.366958327,1.100949974
7,79,7079,1.069352587,0.38901902,0.270021668,0.00641204,0.014609594,0.028289555,2.635621828,2.140296081,0.488655901,0.449112962,0,0.100235537,0,0.413969879,0.55790927,0,0,0.111740553,66.96115816,1.436028,11.23848,32.7789,19.04298,8.11668,25.28658,0.93654,7.51148973,0.002232022,7.24E-05,0,0.011372364,0,5.08E-05,0,3.863430008,1515.330961,0.000632563,0.134608888,53.7461782,14.0402,0.3206,1.3102,4.289,,3.894025208,11.2,0,0,,0,0,0,0,0,0,0,0.928305672
7,80,7080,0,0,0,0,0,0,5.571181763,0,0.24432795,0.949335719,0,0.167059229,0,0,0.121284624,0,0,0.022348111,81.6583795,1.75122,13.7052,39.9735,23.2227,9.8982,30.8367,1.1421,0,0.000528353,1.71E-05,0,0.007728791,0,0,0,4.711409456,2694.723811,0.000771404,0.164154025,46.68873273,4.0014,0.3909,0.4913,12.0036,,4.748719959,13.6583,0,0,,0,0,0,0,0,0,0,2.518858445
7,81,7081,0,0,0,0,0,0,2.304002238,0,1.710295653,0.392604606,0,1.503533057,0,0,0.242569248,0,0,0.067044332,70.09708017,1.50328,11.7648,34.314,19.9348,8.4968,26.4708,0.9804,4.89879765,0.001455667,4.72E-05,0,0.00761838,0,0,0,4.044361992,2099.575613,0.000662187,0.140912885,48.95925654,6.1168,0.3356,0.1911,15.8809,,4.076390025,11.7245,0,0,,0,0,0,0,0,0,0,3.33217205
7,82,7082,0,0,0,0,0,0,0.737721098,0,0,0.125708515,0,0,0,0.20698494,0,0,0,0,24.69270462,0.529552,4.14432,12.0876,7.02232,2.99312,9.32472,0.34536,0.10886217,3.23E-05,1.05E-06,0,0.000772879,0,0,0,1.424684677,719.7212054,0.000233265,0.04963859,15.02762974,0,0.1182,0,2.6431,,1.435967012,4.1301,0,0,,0,0,0,0,0,0,0,0.597267074
7,83,7083,0,0,0,0,0,0,3.323854711,0,0,0.566388629,0,0.066823691,0,0,0.242569248,0,0,0.067044332,34.62598425,0.742578,5.81148,16.95015,9.84723,4.19718,13.07583,0.48429,2.39496774,0.000711659,2.31E-05,0,0.001932198,0.007488605,0,0.009739546,1.997800968,1233.933494,0.000327102,0.069606998,27.84063744,0,0.1658,0.1092,6.8117,129.2013,2.013621915,5.7916,0,0,,0,0,0,0,0,0,0,1.84962336
7,84,7084,0,0,0,0,0,0,1.012296238,0,0,0.172496432,0,0,0,0,0.097027699,0,0,0.044696221,17.3140646,0.371312,2.90592,8.4756,4.92392,2.09872,6.53832,0.24216,0,0.000366612,1.19E-05,0,0.001380141,0,0,0,0.998962362,632.7283801,0.000163561,0.034805655,12.17928016,0,0.0829,0.0819,1.0991,,1.006873326,2.896,0,0,,0,0,0,0,0,0,0,0.252389527
7,85,7085,0,0,0,0,0,0,0.574205526,0,0.24432795,0.097845276,0,0.066823691,0,1.448894577,0.145541549,0,0,0.134088664,20.45856642,0.438748,3.43368,10.0149,5.81818,2.47988,7.72578,0.28614,2.24981818,0.000668528,2.17E-05,0,0.001987403,0,0,0,1.180389372,564.9842535,0.000193266,0.0411269,14.65084888,0,0.0979,0,2.5304,,1.189737089,3.4219,0,0,,0,0,0,0,0,0,0,0.5576685
7,86,7086,0.712901725,0.259346013,0.180014446,0.004274693,0.00973973,0.018859703,2.110952384,0,2.198951553,0.359708691,0,0.100235537,0,0.413969879,0.388110797,0,0,0.067044332,42.46364431,0.910662,7.12692,20.78685,12.07617,5.14722,16.03557,0.59391,7.80178885,0.002318284,7.52E-05,0,0.00507892,0.005446258,0,0,2.450007171,944.830971,0.000401142,0.08536268,31.32066603,6.4498,0.2033,0.5459,5.907,,2.46940922,7.1025,0,0,,0,0,0,0,0,0,0.226521448,1.09409901
7,87,7087,0,0,0,0,0,0,1.647772235,1.872759071,1.465967702,0.280782266,0,0.033411846,0,1.034924698,0.388110797,0,0,0.122914609,72.59595099,1.55687,12.1842,35.53725,20.64545,8.7997,27.41445,1.01535,6.78574193,0.002016368,6.54E-05,0,0.021695821,0.014636819,2.54E-05,0,4.188538299,1077.823608,0.000685793,0.145936248,60.88684676,0,0.3476,1.1191,1.7711,,4.22170809,12.1425,0,0,2.4248,0,0,0,0,1.0342,0.1493,0,1.800799278
7,88,7088,0,0,0,0,0,0,0.641849221,0,0,0.109371838,0,0,0,0.620954819,0.024256925,0,0,2.178940787,4.652404128,0.099774,0.78084,2.27745,1.32309,0.56394,1.75689,0.06507,0.3628739,0.000107827,3.50E-06,0,0.000220823,0,0,0,0.26842782,190.1270657,4.39E-05,0.009352511,3.314016693,0,0.0223,0,0.4917,,0.270553548,0.7782,0,0,,0,0,0,0,0,0,0,0.122221204
7,89,7089,69.15146729,25.1565633,17.46140122,0.414645252,0.944753776,1.82939122,6.140436416,30.49921916,62.0592994,1.04633736,0.100235537,2.104946279,0.015363775,13.24703613,11.6433239,0.072770774,0,0.033522166,611.5584153,13.11529,102.6414,299.37075,173.92015,74.1299,230.94315,8.55345,119.6032374,0.035539829,0.001152368,0,0.327038283,0.11675416,0,0.009739546,35.28483076,6377.020713,0.005777219,1.229387308,567.4128319,173.4718,2.9278,6.6875,16.726,16.3532,35.56425771,102.2898,0,0.1178,,0,16.81992,1.391,0.1,3.7898,0.5472,5.300179219,8.588457996
7,90,7090,0,0,0,0,0,0,0.419887364,0,0,0.071549285,0,0,0,0.20698494,0.04851385,0,0,0.111740553,8.755700161,0.187772,1.46952,4.2861,2.49002,1.06132,3.30642,0.12246,0,0.000172523,5.59E-06,0,0.001104113,0,0,0,0.50517398,284.3434437,8.27E-05,0.017601175,6.882216429,0,0.0419,0.0546,0.7175,,0.509174543,1.4645,0,0,,0,0,0,0,0,0,0,0.155105833
7,91,7091,0,0,0,0,0,0,0.306407065,0,3.176263355,0.052212113,0,0,0,0,0.485138496,0,0,0.178784885,20.9990947,0.45034,3.5244,10.2795,5.9719,2.5454,7.9299,0.2937,5.22538416,0.001552711,5.03E-05,0,0.007673586,0,0,0,1.211576007,419.1734427,0.000198372,0.042213499,18.95180185,9.7781,0.1005,0.9827,1.1776,,1.221170696,3.5123,0,0,,0,0,0,0,0,0,0,0.326105904
7,92,7092,0,0,0,0,0,0,10.11461974,0.53507402,2.687607454,1.723542726,0,0.23388292,0,0.827939758,0.485138496,0,0,0.022348111,79.97673596,1.715156,13.42296,39.1503,22.74446,9.69436,30.20166,1.11858,6.93089149,0.002059499,6.68E-05,0,0.018217865,0,0,0,4.61438437,2883.702334,0.000755518,0.160773496,64.34025745,12.7922,0.3829,1.1191,6.4666,,4.650926514,13.377,0,0,,0,0,0,0,0,0,0.009495585,1.216731272
7,93,7093,0,0,0,0,0,0,1.329569237,0,1.221639752,0.226560113,0,0,0,0.413969879,0.072770774,0,0,0.290525438,86.42446616,1.853432,14.50512,42.3066,24.57812,10.47592,32.63652,1.20876,0,0.000625397,2.03E-05,0,0.001600964,0,0,0,4.98639637,3136.605678,0.000816427,0.173735066,48.78146456,0,0.4138,0.3003,8.1647,,5.025884543,14.4554,0,0,,0,0,0,0,0,0,0,1.454733774
7,94,7094,0,0,0,0,0,0,1.998730318,0.26753701,6.35252671,0.340585923,0,0.267294766,0,10.55623192,0.703450819,0,0,0,76.52336084,1.641096,12.84336,37.4598,21.76236,9.27576,28.89756,1.07028,13.20860996,0.003924908,0.000127264,0,0.010765102,0.000680782,0,0,4.415136427,2408.60648,0.000722894,0.153831337,51.0068618,12.2305,0.3664,1.2283,4.5322,,4.450100689,12.7994,0,0,,0,0,0,0,0,0,0,0.972014825
7,96,7096,0,0,0,0,0,0,5.337861618,0,0.977311802,0.9095777,0,1.470121211,0,1.448894577,0.50939542,0,0,0.145262719,141.7685562,3.040324,23.79384,69.3987,40.31734,17.18444,53.53614,1.98282,9.36214662,0.00278194,9.02E-05,0,0.011096336,0,0,0,8.179561245,6437.077258,0.001339247,0.284990705,90.7764348,0,0.6787,0,17.8734,,8.244336668,23.7123,0,0.0154,,0,0,0,0,0,0,0,3.788857335
7,97,7097,3.920959485,1.426403074,0.99007945,0.023510813,0.053568513,0.103728368,10.72584057,4.815666183,5.619542859,1.827695451,0,0.200471074,0,3.104774094,2.183123231,0,0,0.379917881,168.1815135,3.606768,28.22688,82.3284,47.82888,20.38608,63.51048,2.35224,0,0.009542703,0.000309419,0,0.069117476,0.026550509,7.62E-05,0,9.703498625,2936.978666,0.001588763,0.338087439,158.4455165,30.9947,0.8052,1.5832,1.6438,,9.780342383,28.1302,0,0.03,,0,0,0,0,5.3376,0.7707,0,0.593978611
7,98,7098,0,0,0,0,0,0,1.078209862,0,0,0.183728189,0,0,0,0,0,0,0,0,12.94479433,0.27761,2.1726,6.33675,3.68135,1.5691,4.88835,0.18105,1.0886217,0.000323481,1.05E-05,0,0.000110411,0.000680782,0,0,0.746870398,417.1887154,0.000122286,0.026022315,8.607525844,0,0.062,2.6477,4.875,,0.752785,2.1652,0,0,,0,0,0,0,0,0,0.294144317,0.948858565
7,99,7099,0,0,0,0,0,0,11.60009361,0,2.687607454,1.976669166,0,0,0,2.276834336,1.188589314,0,0.011174055,0.145262719,126.9898266,2.723384,21.31344,62.1642,36.11444,15.39304,47.95524,1.77612,6.85831671,0.002037933,6.61E-05,0,0.00673509,0.047654759,5.08E-05,0,7.32687905,4585.852978,0.001199637,0.255281715,103.1766849,11.0784,0.608,0.3003,26.337,,7.384901929,21.2404,0,0,,0,0,0,0,0,0,0,5.275516603
7,100,7100,0,0,0,0,0,0,3.079196794,0,0,0.524698641,0,0,0,0.20698494,0.145541549,0,0,0.011174055,66.94185358,1.435614,11.23524,32.76945,19.03749,8.11434,25.27929,0.93627,0,0.000258785,8.39E-06,0,0.001987403,0,0,0,3.8623162,2909.932797,0.000632381,0.134570081,38.64667773,0,0.3205,0.6551,7.7789,,3.892902579,11.1968,0,0,,0,0,0,0,0,0,0,1.611072781
7,101,7101,303.6961347,110.4814017,76.6861538,1.821019356,4.14912483,8.034233607,2.223543715,90.42750943,165.4100224,0.378894382,0.066823691,6.314838837,6.213549462,40.36206322,25.37274333,0.097027699,0.100566498,4.525492404,1141.0552,24.470712,191.50992,558.5706,324.50292,138.31272,430.89732,15.95916,375.2479,0.111504056,0.003615484,0,0.682121036,0.003403911,5.08E-05,0,65.83498585,1430.978163,0.010779225,2.293809955,1089.861175,349.5825,5.4628,0.2184,3.3926,,66.35634499,190.854,0.1454,0.2213,,22.52736418,19.34712,3.932,0,0,0,0,0.61905314
7,102,7102,0,0,0,0,0,0,1.128942633,0.80261103,1.221639752,0.192373111,0,0,0,0,0.315340022,0,0,0.100566498,73.65341306,1.579548,12.36168,36.0549,20.94618,8.92788,27.81378,1.03014,5.40682111,0.001606625,5.21E-05,0,0.007949614,0.009871343,0,0,4.249550247,2547.829325,0.000695783,0.148062015,58.83792458,27.2925,0.3526,13.457,6.6828,,4.283203203,12.3193,0,0,,0,0,0,0,0,0,22.05244676,1.668192011
7,103,7103,0,0,0,0,0,0,1.596239392,0,0,0.272001011,0,0,0,0,0.072770774,0,0,0.111740553,53.83618773,1.154554,9.03564,26.35395,15.31039,6.52574,20.33019,0.75297,7.11232844,0.002113412,6.85E-05,0,0.001821787,0.000680782,0,0,3.106164065,1965.637623,0.000508575,0.108224373,40.00267356,0,0.2577,1.474,3.2691,11.4517,3.130762339,9.0047,0,0,,0,0,0,0,0.5641,0.0815,1.2796794,1.490824654
7,104,7104,0,0,0,0,0,0,2.541452669,0,0,0.43306643,0,0,0,0.20698494,0.121284624,0.04851385,0,0.011174055,27.91442477,0.598644,4.68504,13.6647,7.93854,3.38364,10.54134,0.39042,3.59245161,0.001067489,3.46E-05,0,0.001545758,0.004425085,0,0.019479093,1.61056692,887.270567,0.0002637,0.056115064,24.5809518,3.8462,0.1336,0.1092,4.1217,58.3008,1.623321291,4.669,0,0,,0,0,0,0,0,0,0.667131441,0.988457139
7,105,7105,0,0,0,0,0,0,0,0,0,0,0,0,0,0.20698494,0.097027699,0,0,0.067044332,28.02381739,0.60099,4.7034,13.71825,7.96965,3.3969,10.58265,0.39195,1.8143695,0.000539136,1.75E-05,0,0.003753984,0,0,0,1.616878501,888.253133,0.000264733,0.056334971,22.91164431,0,0.1342,0.2457,1.7817,,1.629682854,4.6873,0,0,,0,0,0,0,0,0,0,0.625809561
7,106,7106,1.069352587,0.38901902,0.270021668,0.00641204,0.014609594,0.028289555,8.401453589,0.26753701,3.420591305,1.431617262,0,0.066823691,0,1.655879517,1.334130863,0.097027699,0,0.234655162,125.3360675,2.687918,21.03588,61.35465,35.64413,15.19258,47.33073,1.75299,47.68163046,0.014168488,0.000459409,0,0.029479818,0.010892516,2.54E-05,0.019479093,7.231462799,3457.450318,0.001184014,0.25195724,103.4058298,15.9816,0.6,0,26.6503,238.9586,7.288730059,20.9638,0,0,,0,0,0,0,0,0,0,5.902053737
7,107,7107,0,0,0,0,0,0,18.96111168,0,3.664919256,3.230995029,0,0.300706611,0.00438965,8.693367463,1.261360089,0,0,0.536354655,144.5763003,3.100538,24.26508,70.77315,41.11583,17.52478,54.59643,2.02209,26.92524338,0.008000775,0.000259423,0,0.0224687,0.061951187,0,0,8.341558486,3194.833552,0.001365771,0.290634981,123.2851578,21.1892,0.6922,1.4467,12.4065,,8.407616794,24.182,0,0.0193,,0,0,0,0,0,0,0.07703768,6.578981084
7,108,7108,9.624173282,3.501171181,2.430195015,0.05770836,0.13148635,0.254605995,13.73113669,3.210444122,17.34728448,2.339801334,0,0.601413223,0.961333332,1.655879517,2.183123231,0,0,0.838054149,206.1085812,4.42014,34.5924,100.8945,58.6149,24.9834,77.8329,2.8827,68.72831666,0.020422462,0.000662192,0,0.051893313,0.107223208,5.08E-05,0,11.89176083,3527.106321,0.001947049,0.414330451,177.050088,31.958,0.9867,3.1391,17.6649,,11.98593383,34.4739,0.0029,0.0362,,0,0,0,0,0,0,0.137368428,5.637864108
7,109,7109,1.425803449,0.518692027,0.360028891,0.008549387,0.019479459,0.037719407,1.175579309,1.070148041,5.375214908,0.200320053,0,0.133647383,0.00438965,1.448894577,1.091561615,0,0,0.145262719,73.4903966,1.576052,12.33432,35.9751,20.89982,8.90812,27.75222,1.02786,10.92250439,0.003245597,0.000105237,0,0.01943239,0,0,0,4.240144754,1460.8115,0.000694243,0.147734311,52.78880188,16.8496,0.3518,5.2681,4.0593,,4.273723226,12.2921,0,0.0354,,0,0,0,0,0,0,0.09310421,0.881445076
7,110,7110,0,0,0,0,0,0,0.788426516,0,0,0.134348776,0,0.033411846,0,0,0.024256925,0,0,0.011174055,13.07349154,0.28037,2.1942,6.39975,3.71795,1.5847,4.93695,0.18285,0,0.000345047,1.12E-05,0,0.00253946,0,0,0,0.754295788,432.7332721,0.000123502,0.026281029,10.19135432,0,0.0626,1.1737,3.0233,,0.760269192,2.1867,0,0.0046,,0,0,0,0,0,0,0.211912968,0.608571165
7,111,7111,0,0,0,0,0,0,1.377587234,0,0.977311802,0.234742434,0,0,0,0,0.04851385,0,0,0.067044332,68.46691551,1.46832,11.4912,33.516,19.4712,8.2992,25.8552,0.9576,9.54358357,0.002835854,9.20E-05,0,0.00165617,0,0,0,3.950307062,2674.1222,0.000646788,0.137635841,43.34219972,0,0.3278,0,9.3358,,3.981590257,11.4518,0,0,,0,0,0,0,0,0,0,1.37471451
7,112,7112,0,0,0,0,0,0,1.247373805,0,0,0.212553917,0,0,0,0.20698494,0.218312323,0,0,0,58.46285242,1.253776,9.81216,28.6188,16.62616,7.08656,22.07736,0.81768,0,0.000258785,8.39E-06,0,0.000938496,0,0,0,3.373106807,2055.953993,0.000552282,0.117525141,34.83153643,0,0.2799,0.0273,6.3435,,3.399819049,9.7786,0,0,,0,0,0,0,0,0,0,1.213442809
7,113,7113,0,0,0,0,0,0,0,0,0,0,0,0,0,0,0,0,0,0.033522166,11.61706812,0.249136,1.94976,5.6868,3.30376,1.40816,4.38696,0.16248,0,3.23E-05,1.05E-06,0,0.000276028,0,0,0,0.670265133,159.4661233,0.000109743,0.023353249,6.67154622,0,0.0556,0.2457,1.0041,,0.675573084,1.9431,0.022,0,,0,0,0,0,0,0,0,0
7,114,7114,0,0,0,0,0,0,0,0.53507402,3.420591305,0,0,0.033411846,0,3.311759033,0.388110797,0,0,0.134088664,35.03352541,0.751318,5.87988,17.14965,9.96313,4.24658,13.22973,0.48999,0,0.00111062,3.60E-05,0,0.008060025,0.002382738,0,0,2.021314701,320.6007129,0.000330952,0.070426259,23.96004957,0,0.1677,0,9.6899,,2.037321857,5.8597,0,0,,0,0,0,0,0,0,0,1.620934059
7,115,7115,0,0,0,0,0,0,0,0,0,0,0,0,0,0,0.072770774,0,0,0.111740553,24.63264592,0.528264,4.13424,12.0582,7.00524,2.98584,9.30204,0.34452,0.94347214,0.000280351,9.09E-06,0,0.003698779,0.000340391,0,0,1.421219496,225.419616,0.000232698,0.049517857,15.24656214,0,0.1179,0.4913,3.3485,,1.432474389,4.1201,0,0,,0,0,0,0,0,0,0,0
7,116,7116,0,0,0,0,0,0,0,0,0,0,0,0.167059229,0,0,0.097027699,0,0,0.156436774,19.48046763,0.417772,3.26952,9.5361,5.54002,2.36132,7.35642,0.27246,2.21353079,0.000657746,2.13E-05,0,0.002208226,0.002382738,0,0,1.123956414,178.2707203,0.000184026,0.039160674,12.63221724,0,0.0933,0.1365,10.0633,,1.132857228,3.2583,0,0,,0,0,0,0,0,0,0,1.542974195
7,117,7117,0,0,0,0,0,0,0,0,0.24432795,0,0,0,0,0,0,0,0,0.044696221,15.66888527,0.33603,2.6298,7.67025,4.45605,1.8993,5.91705,0.21915,0,0.000150958,4.89E-06,0,0.001766581,0,0,0,0.904041137,215.0849392,0.00014802,0.031498428,9.198622559,0,0.075,0.0273,2.1104,,0.911200402,2.6208,0,0,,0,0,0,0,0,0,0,0
7,118,7118,0,0,0,0,0,0,0,0,0,0,0,0,0,0,0,0,0,0,7.099796064,0.15226,1.1916,3.4755,2.0191,0.8606,2.6811,0.0993,0,0,0,0,0.000110411,0,0,0,0.409633972,97.4580628,6.71E-05,0.014272388,4.733247443,0,0.034,0,1.9272,,0.412877937,1.1875,0,0,,0,0,0,0,0,0,0,0
7,119,7119,0,0,0,0,0,0,0,0,0,0,0,0,0,0,0,0,0,0,6.795212668,0.145728,1.14048,3.3264,1.93248,0.82368,2.56608,0.09504,0.32658651,9.70E-05,3.15E-06,0,0.000165617,0,0,0,0.39206055,93.27708246,6.42E-05,0.013660099,4.104357715,0,0.0325,0,0.7753,,0.395165349,1.1366,0,0,,0,0,0,0,0,0,0,0
8,1,8001,1.069352587,0.38901902,0.270021668,0.00641204,0.014609594,0.028289555,16.55823535,0,0.977311802,1.881823968,0,0,0,0.827939758,0.218312323,0.291083097,0,0.055870277,24.93508436,0.53475,4.185,12.20625,7.09125,3.0225,9.41625,0.34875,11.93855131,0.003547513,0.000115027,0,0.011372364,0.130710196,0.000127053,0.019479093,0.836872424,19.06474396,0.000235555,0.050125835,24.91413376,17.7003,0.1194,0.5732,20.9587,,8.408535639,10.3362,0,0,,0,0,0,0,16.0321,2.3149,0,33.6408555
8,2,8002,0.356450862,0.129673007,0.090007223,0.002137347,0.004869865,0.009429852,10.88011844,0.80261103,4.153575156,1.236512661,0,0,0,0,9.266145268,0,0,0.178784885,42.93124417,0.92069,7.2054,21.01575,12.20915,5.2039,16.21215,0.60045,0,0.012313861,0.000399273,0,0.015788816,0.134454499,0.000127053,0,1.44086035,42.68733702,0.000405559,0.086302674,39.54583634,16.866,0.2055,0.8735,8.9301,,14.4771476,17.796,0,0.0046,,0,0,0,0,15.7427,2.2731,0.007024074,21.46469998
8,3,8003,0,0,0,0,0,0,7.059439354,0.80261103,0.24432795,0.802296978,0,0,0,0.20698494,0.218312323,0,0,0.514006545,17.1939472,0.368736,2.88576,8.4168,4.88976,2.08416,6.49296,0.24048,4.10047507,0,0,0,0.002815488,0.070460965,5.08E-05,0.019479093,0.57706403,32.600267,0.000162426,0.034564189,17.17061824,4.1808,0.0823,0.1365,10.4655,,5.798092188,7.1273,0,0,,0,0,0,0,3.8392,0.5544,0,14.96103784
8,4,8004,0,0,0,0,0,0,0.705356139,0,0,0.080162895,0,0,0,0.827939758,7.058765113,0,0,0,14.10950408,0.302588,2.36808,6.9069,4.01258,1.71028,5.32818,0.19734,10.74106744,0.003191684,0.000103489,0,0.001214524,0.002382738,5.08E-05,0.019479093,0.473543811,1.912250707,0.000133288,0.028363677,9.47651595,0,0.0675,0.0273,,,4.757965371,5.8487,0,0,,0,0,0,0,0,0,0,0
8,5,8005,2.138705174,0.77803804,0.540043337,0.01282408,0.029219189,0.05657911,11.47379319,2.407833091,2.687607454,1.303983098,0,0,1.606611871,0.827939758,0.315340022,0,0,0.201132996,48.02979863,1.030032,8.06112,23.5116,13.65912,5.82192,18.13752,0.67176,29.7556598,0.008841826,0.000286693,0,0.010930719,0.206277029,5.08E-05,0.009739546,1.611978264,29.87381844,0.000453724,0.09655206,43.65581196,31.5043,0.2299,0.3821,76.5961,,16.1964671,19.9095,0.0147,0,,0,0,0,0,9.9164,1.4318,5.252672809,63.47701262
8,6,8006,0,0,0,0,0,0,6.50103241,0,0,0.738834685,0,0,0,0,0.024256925,0,0,0,12.08895789,0.259256,2.02896,5.9178,3.43796,1.46536,4.56516,0.16908,0,0.000161741,5.24E-06,0,0.00038644,0.175641827,0,0,0.405730149,94.80501184,0.000114201,0.024301867,12.70012189,2.5604,0.0579,0,1.9356,,4.076602741,5.0112,0,0,,0,0,0,0,0,0,0,51.14583012
8,7,8007,0,0,0,0,0,0,11.32096602,0,0,1.28661447,0,0,0,0.20698494,0.194055398,0,0,0.067044332,33.95246885,0.728134,5.69844,16.62045,9.65569,4.11554,12.82149,0.47487,1.48778299,0.000442091,1.43E-05,0,0.002373843,0.03608146,7.62E-05,0,1.139514288,1483.062538,0.000320739,0.068253062,26.71122475,8.8733,0.1625,0.273,2.6499,,11.44935145,14.0741,0,0,,0,0,0,0,0,0,0,19.6323931
8,8,8008,0,0,0,0,0,0,4.978638745,0,0,0.565816436,0,0,0,29.18487648,0,0,0,0.011174055,28.92255291,0.620264,4.85424,14.1582,8.22524,3.50584,10.92204,0.40452,0,0.001574276,5.10E-05,0,0.001766581,0.000340391,2.54E-05,0.009739546,0.970700023,1369.985607,0.000273223,0.058141657,21.1113171,0,0.1385,0,0.8899,,9.753178026,11.9891,0,0,,0,0,0,0,0,0,0,0.201721859
8,9,8009,0,0,0,0,0,0,23.41194583,1.872759071,3.909247206,2.660740101,0,0.066823691,0,48.84844574,0.485138496,0,0,0.245829217,66.38416567,1.423654,11.14164,32.49645,18.87889,8.04674,25.06869,0.92847,14.33351905,0.004259172,0.000138102,0,0.021143765,0.012254081,0,0,2.227988358,2918.94123,0.000627112,0.133448987,56.84195704,23.069,0.3178,1.2283,3.4906,,22.38587264,27.5179,0,0,,0,0,0,0,6.135,0.8858,0,3.640332429
8,10,8010,1.069352587,0.38901902,0.270021668,0.00641204,0.014609594,0.028289555,15.03584169,0.80261103,0.488655901,1.708805719,0,0,2.980572296,1.034924698,0.727707744,0,0,0.044696221,44.44129143,0.953074,7.45884,21.75495,12.63859,5.38694,16.78239,0.62157,60.92652781,0.018104179,0.000587022,0,0.01308374,0.324052362,0,0.009739546,1.491540624,69.91369771,0.000419824,0.089338252,41.79129024,13.4414,0.2128,0.6005,59.4642,,14.98636128,18.422,0.0044,0,,0,0,0,0,0,0,0.004766336,49.8832007
8,11,8011,8.911271558,3.241825168,2.250180569,0.053433667,0.121746621,0.235746291,17.86902218,3.745518142,10.75042982,2.030793349,0.066823691,7.116723134,0,7.658442765,2.134609381,0.04851385,11.34166615,0.16761083,102.1362505,2.190382,17.14212,49.99785,29.04637,12.38042,38.56977,1.42851,102.7296011,0.030525866,0.000989792,0,0.034172299,0.113350249,0.000152464,0.029218639,3.427901439,67.42526794,0.000964852,0.205319732,94.74706795,39.4582,0.489,1.3102,19.8411,,34.44208529,42.338,0.0279,0.0554,,0,0,0,0,8.1993,1.1839,1.59357355,20.98654447
8,12,8012,0,0,0,0,0,0,3.685485824,0.26753701,0,0.418851128,0,0,0,0,0.04851385,0,0,0.067044332,18.06908823,0.387504,3.03264,8.8452,5.13864,2.19024,6.82344,0.25272,0,0.000226437,7.34E-06,0,0.001159319,0.081353482,0,0.009739546,0.606435553,753.3713402,0.000170694,0.036323444,14.50401675,2.3996,0.0865,0.0273,3.034,,6.093204664,7.4901,0,0,,0,0,0,0,0,0,0,22.86367843
8,13,8013,0,0,0,0,0,0,15.58249269,0.26753701,0.488655901,1.770931963,0,0,0,1.034924698,0.072770774,0,0,0.044696221,17.27974534,0.370576,2.90016,8.4588,4.91416,2.09456,6.52536,0.24168,2.64897947,0.000787138,2.55E-05,0,0.001711375,0.094288345,2.54E-05,0,0.579943591,263.8145797,0.000163237,0.034736665,16.53485283,20.9932,0.0827,0.0273,12.2173,,5.827024784,7.1629,0.0015,0,,0,0,0,0,4.9871,0.7201,0,20.42807377
8,14,8014,0,0,0,0,0,0,2.809668619,0,0,0.319315533,0,0,0,0,0,0,0,0.022348111,4.221268475,0.090528,0.70848,2.0664,1.20048,0.51168,1.59408,0.05904,0,0.000161741,5.24E-06,0,0.00038644,0.037443025,0,0,0.141674403,25.33246974,3.99E-05,0.008485819,4.099556111,0,0.0202,0.0546,3.9552,,1.423483711,1.7498,0,0,,0,0,0,0,0,0,0,4.185728565
8,15,8015,0,0,0,0,0,0,8.052815915,0,0,0.915193055,0,0,0,0,0.024256925,0,0,0,2.985775263,0.064032,0.50112,1.4616,0.84912,0.36192,1.12752,0.04176,0.25401173,7.55E-05,2.45E-06,0,0.001490553,0.034039114,7.62E-05,0.029218639,0.100208724,16.31394636,2.82E-05,0.006002165,3.899640624,1.3946,0.0143,0,0.8226,,1.006854332,1.2377,0,0,,0,0,0,0,0,0,0,0.246548938
8,16,8016,0,0,0,0,0,0,2.168970126,0,0.488655901,0.246500903,0,0,0,0.413969879,0.121284624,0,0,0,7.116955692,0.152628,1.19448,3.4839,2.02398,0.86268,2.68758,0.09954,0.68946041,0.000204872,6.64E-06,0,0.000828085,0.043229674,0,0.009739546,0.238859587,20.41999065,6.72E-05,0.014306884,6.898084716,0,0.0341,0.0273,4.2188,,2.399958817,2.9502,0,0,,0,0,0,0,1.9968,0.2883,0,4.469633403
8,17,8017,24.95156036,9.07711047,6.300505594,0.149614266,0.340890538,0.660089616,18.13353073,13.91192453,51.30886958,2.060854435,7.183546826,33.54549308,3.456849312,25.04517769,13.75367635,1.649470885,2.111896455,1.0503612,294.4720853,6.315156,49.42296,144.1503,83.74446,35.69436,111.20166,4.11858,224.5100819,0.066712658,0.002163137,0,0.099646202,1.353395159,0,0,9.883085387,398.4582729,0.002781794,0.591963474,276.0707732,165.4273,1.4098,5.896,24.4537,,99.30100849,122.0659,0,0.0685,,0,0,0,0,5.2862,0.7633,0.438906824,206.3651969
8,18,8018,0,0,0,0,0,0,7.782429396,0,0,0.884463945,0,0,0,0,0,0,0,0,9.875365884,0.211784,1.65744,4.8342,2.80844,1.19704,3.72924,0.13812,0,0,0,0,0.000110411,0.405746235,0,0,0.331437474,64.98394133,9.33E-05,0.019851987,9.87909599,7.4329,0.0473,0,10.1193,,3.330141771,4.0936,0,0,,0,0,0,0,0,0,0.006271494,85.68322721
8,19,8019,880.7900807,320.4219996,222.4078475,5.281383601,12.03343598,23.30116343,31.88209746,159.452058,229.1796175,3.62336287,24.4908829,82.12631673,44.41228307,313.9961534,88.00412312,8.077555954,5.721116323,16.89517164,1716.41538,36.809706,288.07596,840.22155,488.12871,208.05486,648.17091,24.00633,2484.960467,0.738400327,0.0239424,0,0.742295197,0.230104408,5.08E-05,0,57.60641027,296.449273,0.016214489,3.450429642,1615.940796,801.9418,8.2173,26.8048,10.3479,,578.8045344,711.4961,0.6448,0.2472,,2.19708178,78.15834,12.303,0,20.9324,3.0225,19.44428135,44.2219141
8,20,8020,0,0,0,0,0,0,1.786902218,0,0,0.203079335,0,0,0,0,0.024256925,0,0,0,16.99875644,0.36455,2.853,8.32125,4.83425,2.0605,6.41925,0.23775,0,6.47E-05,2.10E-06,0,0.001159319,0.000680782,0,0,0.570513029,758.0016323,0.000160582,0.034171806,11.82318311,0,0.0814,0.0546,0.9991,,5.732270532,7.0464,0,0,,0,0,0,0,0,0,0,0.028016925
8,21,8021,41.34830003,15.04206878,10.44083784,0.247932213,0.56490432,1.093862792,16.16441151,17.92497968,31.5183056,1.837066352,0,32.6099614,0,27.52899697,7.34984821,0.072770774,0,24.01304488,283.18534,6.073104,47.52864,138.6252,80.53464,34.32624,106.93944,3.96072,367.4823985,0.109196555,0.003540664,0,0.079220111,0.151133665,0,0,9.504279134,60.71741193,0.002675172,0.569274258,256.4878914,118.917,1.3558,7.2335,19.2184,,95.49492552,117.3872,0.1395,0.1117,,0,0,0,0,1.7653,0.2549,1.104828316,28.67625643
8,22,8022,0,0,0,0,0,0,3.626706146,0,0,0.412170887,0,0,0,0,0,0,0,0,5.167192966,0.110814,0.86724,2.52945,1.46949,0.62634,1.95129,0.07227,0,6.47E-05,2.10E-06,0,0.000220823,0.044250848,0,0.009739546,0.173421563,30.81190661,4.88E-05,0.010387367,6.216094583,0,0.0247,0.1092,2.9836,,1.742465579,2.1419,0,0,,0,0,0,0,0,0,0,10.68005173
8,23,8023,0,0,0,0,0,0,4.437865705,0,0,0.504358217,0,0,0.144858447,20.28452408,0,0,0,0.011174055,7.818355484,0.16767,1.3122,3.82725,2.22345,0.9477,2.95245,0.10935,5.98741935,0.001779148,5.77E-05,0,0.000220823,0.074545659,0,0,0.262399999,17.44804061,7.39E-05,0.015716875,6.499996007,3.8961,0.0374,0,19.674,,2.636482787,3.2409,0,0,,0,0,0,0,0,0,0,9.72747629
8,24,8024,0,0,0,0,0,0,4.431987737,0,1.710295653,0.503690192,0,0,0,0,0.024256925,0,0,0,7.702527995,0.165186,1.29276,3.77055,2.19051,0.93366,2.90871,0.10773,1.30634604,0.000388178,1.26E-05,0,0.002042609,0.077268788,0,0,0.258512591,11.02678406,7.28E-05,0.015484032,8.08610993,4.7107,0.0369,0.2457,1.6476,,2.597423783,3.1929,0,0,,0,0,0,0,0,0,0,19.43253904
8,25,8025,0.712901725,0.259346013,0.180014446,0.004274693,0.00973973,0.018859703,5.607581302,0.26753701,1.221639752,0.637295018,0,0,1.94680974,0,0.04851385,0,0,0.033522166,15.55305778,0.333546,2.61036,7.61355,4.42311,1.88526,5.87331,0.21753,34.90846918,0.010372972,0.00033634,0,0.00596221,0.122200418,0,0,0.521992426,243.0659604,0.000146925,0.031265585,16.97458069,8.527,0.0745,0.3003,7.2475,,5.244756294,6.4471,0,0.0154,,0,0,0,0,0,0,0,47.31124701
8,26,8026,0,0,0,0,0,0,5.378340557,0,0,0.611242077,0,0,0,0,0.04851385,0,0,0,6.231089899,0.13363,1.0458,3.05025,1.77205,0.7553,2.35305,0.08715,0,0.000161741,5.24E-06,0,0.000110411,0.090203651,0,0,0.20912812,27.86172426,5.89E-05,0.012526069,6.747416446,0,0.0298,0,2.7198,,2.101229766,2.5829,0,0,,0,0,0,0,0,0,0,13.09884624
8,27,8027,0.356450862,0.129673007,0.090007223,0.002137347,0.004869865,0.009429852,22.45383708,0.80261103,4.397903107,2.551852169,0,0,0,46.15764153,0.533652345,0,0,0.044696221,103.3524391,2.216464,17.34624,50.5932,29.39224,12.52784,39.02904,1.44552,0,0.003547513,0.000115027,0,0.012421272,0.034379505,7.62E-05,0.107135009,3.468719216,4270.307235,0.000976341,0.207764579,74.18409292,20.5443,0.4948,0.2457,6.0456,,34.85220484,42.8421,0,0,,0,0,0,0,0,0,0,36.39585311
8,28,8028,0,0,0,0,0,0,0.869939238,0,0.24432795,0.098867571,0,0,0,0,0.024256925,0,0,0.044696221,18.89275037,0.405168,3.17088,9.2484,5.37288,2.29008,7.13448,0.26424,1.12490909,0.000334264,1.08E-05,0,0.001821787,0.041187328,0,0,0.634079339,13.06654146,0.000178474,0.037979213,16.85868571,4.429,0.0904,0.4094,0.9368,,6.370957584,7.8315,0.022,0,,0,0,0,0,0,0,0,7.691579754
8,29,8029,0,0,0,0,0,0,11.40325757,0,2.198951553,1.295966808,0,0,0,49.46940056,0.242569248,0,0,0.078218387,114.7614468,2.461138,19.26108,56.17815,32.63683,13.91078,43.33743,1.60509,10.26933137,0.003051508,9.89E-05,0,0.006955912,0.01497721,0.000127053,0,3.851628844,5520.058767,0.001084119,0.230699574,74.65712615,20.734,0.5494,0.273,5.7616,,38.69951676,47.5714,0,0.0462,,0,0,0,0,0,0,0,34.18625164
8,30,8030,0,0,0,0,0,0,6.195378084,2.140296081,0,0.704097431,0,0,0,0,0.242569248,0,0,0.111740553,17.33336918,0.371726,2.90916,8.48505,4.92941,2.10106,6.54561,0.24243,0,0.000366612,1.19E-05,0,0.003257133,0.000340391,0,0,0.581743317,767.2324168,0.000163743,0.034844462,13.50974612,0,0.083,0.1092,1.4934,,5.845107656,7.1851,0,0,,0,0,0,0,4.1286,0.5961,0,0.186779499
8,31,8031,1.425803449,0.518692027,0.360028891,0.008549387,0.019479459,0.037719407,35.2736849,0.26753701,6.108198759,4.008812792,0,0,0,31.66869576,0.751964668,0,0,0.245829217,78.53961712,1.684336,13.18176,38.4468,22.33576,9.52016,29.65896,1.09848,15.67615248,0.004658133,0.000151039,0,0.01104113,0.651508636,0,0,2.635950166,1417.785029,0.000741941,0.157884523,75.52969311,24.2018,0.376,1.2829,23.6703,,26.48489815,32.5566,0,0,,0,0,0,0,13.119,1.8943,0,119.157849
8,32,8032,58.81439228,21.39604611,14.85119176,0.352662199,0.803527696,1.555925522,4.88459126,12.30670247,35.4275528,0.55512805,1.269650137,1.303061982,4.769354638,298.058313,6.428085068,1.649470885,0.067044332,3.385738761,223.7679833,4.798858,37.55628,109.53915,63.63703,27.12398,84.50163,3.12969,199.9072315,0.059401977,0.001926091,0,0.110632127,0.046973977,5.08E-05,0,7.510111132,200.1355169,0.002113873,0.449830322,211.0889117,92.6328,1.0713,6.6875,1.0439,,75.45837965,92.7573,0,0.047,,0,0,0,0,3.0482,0.4401,0.663326618,5.726659429
8,33,8033,0,0,0,0,0,0,0.32328823,0,0,0.036741327,0,0,0,0,0,0,0,0,2.121359005,0.045494,0.35604,1.03845,0.60329,0.25714,0.80109,0.02967,0,0,0,0,0,0.006467432,0,0,0.071197146,26.98694798,2.00E-05,0.004264469,2.114930875,0,0.0102,0,0.616,,0.71535843,0.8794,0,0,,0,0,0,0,0,0,0,1.787479802
8,34,8034,0,0,0,0,0,0,3.532658661,0.80261103,0,0.401482501,0,0,1.670261795,0.413969879,0.024256925,0,0,0.044696221,13.57970057,0.291226,2.27916,6.64755,3.86191,1.64606,5.12811,0.18993,28.63075071,0.008507562,0.000275855,0,0.001214524,0.14670858,0,0,0.455762522,335.2765608,0.000128284,0.027298638,14.20277387,6.6503,0.065,0.1365,2.8711,,4.579306592,5.6291,0,0,,0,0,0,0,0,0,0,33.42232349
8,35,8035,0,0,0,0,0,0,11.8558611,0.53507402,0,1.347404666,0,0,0,0,0.04851385,0,0,0,16.63196939,0.356684,2.79144,8.1417,4.72994,2.01604,6.28074,0.23262,0.29029912,8.63E-05,2.80E-06,0,0.003643573,0.270270563,0,0,0.558202906,84.21406674,0.000157117,0.033434471,15.23903189,9.9529,0.0796,0,34.7655,,5.608583686,6.8944,0,0,,0,0,0,0,0,0,0,56.11976816
8,36,8036,2.138705174,0.77803804,0.540043337,0.01282408,0.029219189,0.05657911,34.0863354,4.013055152,8.795806214,3.873871918,0,0.066823691,0,4.139698792,2.134609381,0,7.453094897,0.134088664,89.17644149,1.91245,14.967,43.65375,25.36075,10.8095,33.67575,1.24725,62.23287385,0.018492356,0.000599609,0,0.027271592,0.132071761,0.000152464,0.019479093,2.992943745,73.42177451,0.000842425,0.179267234,76.99719641,0,0.4269,2.0199,23.5909,,30.0718167,36.9658,0,0.0193,,0,0,0,0,0,0,0.130608564,39.14711512
8,37,8037,990.9333972,360.4909587,250.2200793,5.94182372,13.53822421,26.21498759,33.53968439,144.4699855,228.6909616,3.811745674,128.9697244,736.6977858,169.3461094,220.4389607,163.8797839,131.9334139,312.1248872,21.14131266,2968.83442,63.668692,498.27672,1453.3071,844.30222,359.86652,1121.12262,41.52306,8374.766738,2.488542808,0.080690223,0,0.985476094,0.053441408,5.08E-05,0.009739546,99.6401545,197.0912124,0.028045736,5.968109122,2603.500909,0,14.2133,28.1969,1.0939,,1001.141591,1230.6543,1.2676,0.1534,21.0743,0,81.46476,12.303,0,9.3762,1.3538,18.66635883,6.582109532
8,38,8038,0,0,0,0,0,0,2.991885621,0,0,0.340024281,0,0,0,0,0.097027699,0,0,0,9.300518348,0.199456,1.56096,4.5528,2.64496,1.12736,3.51216,0.13008,0,0.000194089,6.29E-06,0,0.000717673,0.076588006,2.54E-05,0,0.312144416,12.91141341,8.79E-05,0.018696397,9.102952217,4.2372,0.0445,0.1092,5.5921,,3.136293379,3.8553,0,0,,0,0,0,0,0,0,0,8.683378892
8,39,8039,0,0,0,0,0,0,5.772164401,0,0.24432795,0.655999694,0,0,0,0.413969879,0.097027699,0,0,0.033522166,8.238766369,0.176686,1.38276,4.03305,2.34301,0.99866,3.11121,0.11523,0,0.000345047,1.12E-05,0,0.002042609,0.050718279,0.000101643,0,0.276509848,21.44530251,7.78E-05,0.016562007,8.249894027,2.4251,0.0394,0.1911,8.0584,,2.778252507,3.4152,0,0,,0,0,0,0,1.4952,0.2159,0,8.096891267
8,40,8040,2.138705174,0.77803804,0.540043337,0.01282408,0.029219189,0.05657911,18.36277147,0.80261103,4.642231057,2.086907376,0,0.200471074,0.092182648,66.44216561,0.436624646,0,0,0.16761083,66.56219681,1.427472,11.17152,32.5836,18.92952,8.06832,25.13592,0.93096,0,0.006210844,0.000201385,0,0.014022236,0.303628894,5.08E-05,0.038958185,2.233963447,2053.153656,0.000628794,0.133806874,63.75512883,24.7414,0.3187,1.5559,8.2478,,22.44590778,27.5917,0,0,,0,0,0,0,9.5981,1.3859,0,59.44444324
8,41,8041,0,0,0,0,0,0,2.15721419,0,0,0.245164855,0,0,0,0,0.024256925,0,0,0,4.888349012,0.104834,0.82044,2.39295,1.39019,0.59254,1.84599,0.06837,0,7.55E-05,2.45E-06,0,0.00038644,0.000340391,0,0,0.16406299,241.9644053,4.62E-05,0.00982682,3.785302038,0,0.0234,0,0.5717,,1.648434643,2.0263,0,0,,0,0,0,0,0,0,0,0.108332109
8,42,8042,0,0,0,0,0,0,4.678862386,0,0,0.531747206,0,0,0,0,0,0,0,0,3.341837543,0.071668,0.56088,1.6359,0.95038,0.40508,1.26198,0.04674,0,6.47E-05,2.10E-06,0,0.00088329,0.011573299,0,0,0.112158902,37.02001746,3.16E-05,0.00671794,3.580966737,0,0.016,0,0.049,,1.126924604,1.3853,0,0,,0,0,0,0,0,0,0,0.423989462
8,43,8043,0,0,0,0,0,0,7.882354849,0,0,0.895820356,0,0,1.112776255,0,0.04851385,0,0,0.011174055,6.647210877,0.142554,1.11564,3.25395,1.89039,0.80574,2.51019,0.09297,18.94201758,0.005628577,0.000182505,0,0.001159319,0.052760626,0,0,0.223093991,164.506955,6.28E-05,0.013362577,6.97708004,3.4855,0.0318,0,4.1568,,2.241552856,2.7554,0,0,,0,0,0,0,2.6817,0.3872,0,12.99611752
8,44,8044,0,0,0,0,0,0,6.048428888,0,0.24432795,0.687396828,0,0,0,0,0.242569248,0.776221593,0,1.106231477,9.017384487,0.193384,1.51344,4.4142,2.56444,1.09304,3.40524,0.12612,5.66083284,0.001682104,5.45E-05,0,0.001104113,0.046633586,2.54E-05,0,0.302641864,45.10082934,8.52E-05,0.018127227,8.652485316,3.588,0.0432,0.1092,1.7958,,3.040815813,3.7379,0,0,,0,0,0,0,1.8617,0.2688,0.254823353,13.14554112
8,45,8045,2.851606898,1.037384054,0.720057782,0.017098773,0.038958919,0.075438813,4.490767416,1.337685051,7.085510561,0.510370434,0,0,4.670587515,4.760653611,1.72224166,0,0,0.703965485,90.20172926,1.934438,15.13908,44.15565,25.65233,10.93378,34.06293,1.26159,154.1488327,0.045804974,0.001485212,0,0.013359768,0.27537643,0,0,3.027354499,32.19882065,0.00085211,0.181328322,81.24923696,32.6475,0.4318,1.9107,25.4519,,30.41756122,37.3908,0,0,,0,0,0,0,0,0,0,34.30018713
8,46,8046,0,0,0,0,0,0,2.351187129,0,0,0.267209651,0,0,0,0,0,0,0,0,14.57710394,0.312616,2.44656,7.1358,4.14556,1.76696,5.50476,0.20388,0.07257478,2.16E-05,6.99E-07,0,0.000607262,0,0,0,0.489237419,681.9934356,0.000137706,0.029303671,11.12570593,0,0.0698,0.0546,0.8253,,4.915648017,6.0426,0,0,,0,0,0,0,0,0,0,0
8,47,8047,0,0,0,0,0,0,1.316664792,0,0,0.149637405,0,0,0,0,0.04851385,0,0,0,11.03793068,0.236716,1.85256,5.4033,3.13906,1.33796,4.16826,0.15438,0,0.000107827,3.50E-06,0,0.00126973,0.000680782,0,0.019479093,0.370455526,533.2054054,0.000104272,0.022189036,9.393144685,0,0.0528,0,0.7675,,3.722178443,4.5755,0,0,,0,0,0,0,0,0,0,0.186779499
8,48,8048,1.069352587,0.38901902,0.270021668,0.00641204,0.014609594,0.028289555,13.81910235,0,2.198951553,1.570524725,0,0,0,0.20698494,0.169798473,0,0,0.033522166,41.74293994,0.895206,7.00596,20.43405,11.87121,5.05986,15.76341,0.58383,0,0.001595842,5.17E-05,0,0.007011118,0.936075626,0,0.009739546,1.40097843,193.8107177,0.000394334,0.083913882,43.59443084,28.8238,0.1998,0.1911,40.9267,,14.07643115,17.3035,0,0,,0,0,0,0,0,0,0.004265497,229.3521498
8,49,8049,0,0,0,0,0,0,2.891960168,0,0,0.328667871,0,0,0,0,0.072770774,0,0,0.022348111,5.900767061,0.126546,0.99036,2.88855,1.67811,0.71526,2.22831,0.08253,0.61688563,0.000183306,5.94E-06,0,0.000165617,0.008169387,0,0,0.19804181,192.2680685,5.57E-05,0.011862036,5.06298655,1.5207,0.0282,0,2.3698,,1.989839273,2.446,0,0,,0,0,0,0,0,0,0,5.323215712
8,50,8050,14.25803449,5.186920268,3.600288911,0.085493866,0.194794593,0.377194066,3.61495021,5.083203193,22.96682734,0.410834839,0,1.1694146,6.915893449,12.62608132,2.862317125,0,0,0.659269264,116.3143931,2.494442,19.52172,56.93835,33.07847,14.09902,43.92387,1.62681,153.1690732,0.04551384,0.001475772,0,0.045599869,0.172237915,0,0,3.903748899,79.77628209,0.001098789,0.23382139,111.7568742,25.4802,0.5569,2.2656,10.1687,,39.22319674,48.2152,0,0.0177,,0,0,0,0,5.8071,0.8385,0.178348952,24.56337187
8,51,8051,0,0,0,0,0,0,6.283547601,0.53507402,0,0.714117793,0,0,0,0,0,0,0,0.011174055,12.97911359,0.278346,2.17836,6.35355,3.69111,1.57326,4.90131,0.18153,0,1.08E-05,3.50E-07,0,0.001104113,0.002382738,0,0.009739546,0.435605595,618.8350787,0.00012261,0.026091306,11.25631486,15.69,0.0621,0,0.9933,,4.376778422,5.3802,0,0,,0,0,0,0,0,0,0.031658503,0.470684337
8,52,8052,0.356450862,0.129673007,0.090007223,0.002137347,0.004869865,0.009429852,26.26276023,3.745518142,14.90400497,2.984731803,0,3.207537187,0,3.104774094,0.679193894,10.21216533,0,0.18995894,43.55328069,0.93403,7.3098,21.32025,12.38605,5.2793,16.44705,0.60915,30.22739587,0.008982002,0.000291239,0,0.025725834,0.13173137,0.000127053,0.009739546,1.461737168,47.77984929,0.000411435,0.087553125,48.16556374,38.3174,0.2085,1.4194,11.9544,,14.68690892,18.0539,0,0.0223,4.0128,0,0,0,0,7.1383,1.0307,0.06495072,31.31918633
8,53,8053,0,0,0,0,0,0,1.922095478,0,0.488655901,0.21844389,0,2.372241045,0.144858447,0.413969879,0.072770774,1.770755509,0,0,17.71302595,0.379868,2.97288,8.6709,5.03738,2.14708,6.68898,0.24774,8.63639882,0.002566286,8.32E-05,0,0.002705077,0.058206884,0,0.009739546,0.594485375,10.21689004,0.00016733,0.035607668,16.88477418,7.8625,0.0848,0.273,2.2794,,5.973134392,7.3425,0,0,,0,0,0,0,0,0,0,11.13392591
8,54,8054,0,0,0,0,0,0,4.220380896,0,0,0.479641324,0,0,0,0,0,0,0,0,15.86193108,0.34017,2.6622,7.76475,4.51095,1.9227,5.98995,0.22185,0,0.000226437,7.34E-06,0,5.52E-05,0.535775649,0,0,0.532358845,121.1532423,0.000149843,0.031886499,12.65697362,14.7709,0.0759,0.2457,15.6632,,5.348913639,6.5752,0,0,,0,0,0,0,2.1415,0.3092,0,95.78052691
8,55,8055,0,0,0,0,0,0,3.75014347,0,0.977311802,0.426199394,0,0,0,0,0.097027699,0,0,0.033522166,35.15149785,0.753848,5.89968,17.2074,9.99668,4.26088,13.27428,0.49164,0,0.000539136,1.75E-05,0,0.001104113,0.176663,0,0,1.179756154,30.46767193,0.000332066,0.070663414,30.38664366,3.5297,0.1683,0.5732,18.5078,,11.85368448,14.5712,0,0,,0,0,0,0,3.0096,0.4346,0,20.04704359
8,56,8056,0,0,0,0,0,0,1.410712277,0,0,0.160325791,0,0,0,0,0.04851385,0,0,0,4.262022592,0.091402,0.71532,2.08635,1.21207,0.51662,1.60947,0.05961,0,2.16E-05,6.99E-07,0,0,0.025188944,0,0,0.143042194,82.54251764,4.03E-05,0.008567745,3.996581285,0,0.0204,0,1.1721,,1.437226694,1.7667,0,0,,0,0,0,0,0,0,0,4.312738624
8,57,8057,0,0,0,0,0,0,5.360706653,0,0.488655901,0.609238005,0,0,0,0.620954819,0,0,0,0,4.648114221,0.099682,0.78012,2.27535,1.32187,0.56342,1.75527,0.06501,0,9.70E-05,3.15E-06,0,0.000496851,0.019061904,0,0,0.156000219,47.56675119,4.39E-05,0.009343887,5.132818434,2.0732,0.0223,0.0273,0.9343,,1.567423375,1.9268,0,0,,0,0,0,0,0,0,0,0.057901645
8,58,8058,0,0,0,0,0,0,1.933851413,0,0,0.219779938,0,0,0,0,0,0,0,0,5.548994688,0.119002,0.93132,2.71635,1.57807,0.67262,2.09547,0.07761,0,0,0,0,0.000276028,0.037443025,0,0,0.18623561,10.38314604,5.24E-05,0.011154885,5.347415867,4.631,0.0266,0,3.4624,,1.87121563,2.3002,0,0,,0,0,0,0,0,0,0,3.154705732
8,59,8059,0,0,0,0,0,0,5.278415104,0,0.24432795,0.599885667,0,0.066823691,0,0.827939758,0.04851385,0,0,0.055870277,9.890380559,0.212106,1.65996,4.84155,2.81271,1.19886,3.73491,0.13833,0,0.000539136,1.75E-05,0,0.002097815,0.009871343,2.54E-05,0,0.331941398,29.25705426,9.34E-05,0.01988217,10.09635027,0,0.0474,0.6005,1.0858,,3.335204975,4.0998,0,0,,0,0,0,0,0,0,0,1.262629411
8,60,8060,0,0,0,0,0,0,1.757512379,0,0.977311802,0.199739214,0,0,0,3.311759033,0.291083097,0,0,0.100566498,20.85752777,0.447304,3.50064,10.2102,5.93164,2.52824,7.87644,0.29172,0,0.001045923,3.39E-05,0,0.00596221,0.019742686,5.08E-05,0,0.700021286,49.13842631,0.000197035,0.041928914,20.76445424,12.1368,0.0999,0.6005,3.4185,,7.033514026,8.646,0,0,,0,0,0,0,2.7781,0.4011,9.497977299,3.375105541
8,61,8061,0,0,0,0,0,0,7.553188651,0,0,0.858411004,0,0,0,0,0,0,0,0,7.822645391,0.167762,1.31292,3.82935,2.22467,0.94822,2.95407,0.10941,0,0.000140175,4.55E-06,0,0.00038644,0.075907223,0,0,0.262543977,104.4321734,7.39E-05,0.015725499,7.840367181,3.8505,0.0375,0.1638,6.8947,,2.637929417,3.2427,0,0,,0,0,0,0,0,0,0,16.05369791
8,62,8062,9.624173282,3.501171181,2.430195015,0.05770836,0.13148635,0.254605995,20.13203979,0.80261103,2.931935405,2.287982638,0,0.066823691,0,4.139698792,1.358387788,0.55790927,0,0.033522166,59.18999165,1.26937,9.9342,28.97475,16.83295,7.1747,22.35195,0.82785,35.41649264,0.01052393,0.000341235,0,0.0097714,0.191980601,0,0,1.986537165,26.52258994,0.000559151,0.118986875,54.94207654,19.8254,0.2834,1.5559,26.2376,,19.95987449,24.5357,0,0,,0,0,0,0,1.717,0.2479,19.17476091,27.21937634
8,63,8063,0,0,0,0,0,0,8.746416118,0,0,0.994019902,0,0,0,0,0.04851385,0,0,0.022348111,13.09279612,0.280784,2.19744,6.4092,3.72344,1.58704,4.94424,0.18312,0,0.000215654,6.99E-06,0,0.001324936,0.08986326,5.08E-05,0,0.439421013,562.0525563,0.000123684,0.026319836,13.38814449,1.0483,0.0627,0,8.536,,4.415114111,5.4273,0,0,,0,0,0,0,3.0772,0.4443,0,22.26038065
8,64,8064,0,0,0,0,0,0,0.846427366,0,0,0.096195474,0,0,0,0,0.024256925,0,0,0,3.695754869,0.079258,0.62028,1.80915,1.05103,0.44798,1.39563,0.05169,0,5.39E-05,1.75E-06,0,0.000110411,0.012594472,5.08E-05,0,0.124037091,29.81683972,3.49E-05,0.007429403,3.627816388,1.6458,0.0177,0,3.7706,,1.246271562,1.532,0,0,,0,0,0,0,0,0,0,3.759871308
8,65,8065,0,0,0,0,0,0,4.843445485,0,0,0.550451881,0,0,0,9.521307221,0,0,0,0,44.06592457,0.945024,7.39584,21.5712,12.53184,5.34144,16.64064,0.61632,0,0.000657746,2.13E-05,0,0.009329755,0.000340391,2.54E-05,0.009739546,1.478942545,1879.0784,0.000416278,0.088583669,33.84943086,3.0887,0.211,0.1092,1.9893,,14.85978118,18.2664,0,0,,0,0,0,0,5.1318,0.741,0,0.138216829
8,66,8066,0,0,0,0,0,0,4.108699507,0,0,0.466948865,0,0,0,0,0.04851385,0,0,0,16.73063725,0.3588,2.808,8.19,4.758,2.028,6.318,0.234,0,0.000129393,4.20E-06,0,0.000772879,0.000340391,2.54E-05,0.019479093,0.561514401,843.6299131,0.00015805,0.033632818,13.48988001,0,0.0801,0.0546,0.9732,,5.641856171,6.9353,0,0,,0,0,0,0,0,0,0,0
8,67,8067,0,0,0,0,0,0,9.140239962,0,0.732983851,1.038777519,0,0,0,0.20698494,0.169798473,0,0,0.044696221,8.858657928,0.18998,1.4868,4.3365,2.5193,1.0738,3.3453,0.1239,0,0.000474439,1.54E-05,0,0.003919601,0.077609179,2.54E-05,0,0.297314676,76.71492878,8.37E-05,0.017808146,9.822739533,4.8227,0.0424,0.2457,1.8231,,2.987290511,3.6721,0,0,,0,0,0,0,0,0,0,13.08950727
9,2,9002,102,,,,,,11,253,153,14,,,,,111,,,,755,22.89829438,179.204043,522.6784586,303.651295,129.4251421,403.2090967,14.93367025,327,0.574664799,0.018633327,0.13,0.87,,,,0.44,0,0,3.56,1167.12413,30,1,108,,,3,0,1,1,,0,0,0,0,1.5558,0.2246,0,0
9,3,9003,151,,,,,,6,376,227,21,,,,,166,,,,1123,34.01326595,266.190777,776.3897663,451.0454833,192.2488945,598.9292483,22.18256475,486,0.248638626,0.00806203,0.13,0.87,,,,0.66,0,0,5.34,1773.081482,60,1,160,,,68,0,1,1,,3.25,0,0,0,0,0,0.548455602,0
9,4,9004,45,,,,,,2,112,67,6,,,,,49,,,,333,10.11244473,79.14087176,230.8275426,134.0998105,57.15729627,178.0669615,6.595072647,144,0.060253812,0.001953711,,,,,,0.22,0,0,1.78,433.0757413,12,1.9109,48,,,0,0,0.0382,0.0362,,0,0,0,0,0,0,2.865136798,0.037762065
9,5,9005,284,,,,,,34,707,427,39,,,,,311,,,,2112,63.98736576,500.7706886,1460.581175,848.5281112,361.6677195,1126.734049,41.73089071,913,0.366418223,0.011880996,0.39,2.61,,,,1.32,0,0,10.68,3039.05896,74,2,302,,,63,0,1,2,,3.25,0,0,0,2.4009,0.3467,2.762180356,0
9,6,9006,94,,,,,,5,234,141,13,,,,,103,,,,698,21.18382817,165.7864814,483.543904,280.9159823,119.734681,373.0195831,13.81554011,302,0.365458561,0.01184988,0.13,0.87,,,,0.44,0,0,3.56,1031.296321,37,1,100,,,6,0,1,1,,0,0,0,0,0,0,0.774674894,0
9,7,9007,447,,,,,,17,1113,672,59,,,,,488,,,,3320,100.4415666,786.0644346,2292.687934,1331.942514,567.7132028,1768.644978,65.50536955,1435,0.793144171,0.025717452,0.52,3.48,,,,2.31,0,0,18.69,4334.830966,101,3,473,,,534,0,2,4,,0,0,0,0,0,0,0.405251936,0
9,8,9008,56,,,,,,6,140,85,8,,,,,62,,,,419,12.71320278,99.49463045,290.1926721,168.5881238,71.8572331,223.8629185,8.291219204,181,0.018815838,0.000610098,0.13,0.87,,,,0.22,0,0,1.78,564.5369871,7,2.4032,60,,2,0,0,0.0533,0.0339,,0,0,0,0,1.5558,0.2246,18.78252545,0.096583742
9,9,9009,31,,,,,,5,76,46,4,,,,,33,,,,227,6.872394188,53.78395452,156.8698673,91.13392293,38.84396715,121.0138977,4.48199621,98,0.016335813,0.000529684,,,,,,0.11,0,0,0.89,262.6043235,3,1.301,32,0.6942,5,6,0,0.0245,0.0516,,0,0,0,0,0,0,0.135873498,6.585123097
9,10,9010,173,,,,,,7,431,260,24,,,,,190,,,,1287,39.01137081,305.3063803,890.4769425,517.3246999,220.4990524,686.9393557,25.44219836,557,0.182098492,0.005904487,0.26,1.74,,,,0.77,0,0,6.23,1867.746786,59,7.3793,184,,,19,0,1,1,,3.25,0,0,0,1.7671,0.2551,0,0.047202581
9,11,9011,89,,,,,,5,220,133,12,,,,,97,,,,658,19.91977258,155.8938724,454.6904611,264.153506,112.590019,350.7612129,12.99115603,284,0.109088728,0.003537168,0.13,0.87,,,,0.44,0,0,3.56,812.0094212,9,3.77,94,0.0016,2,40,0,1,1,,0,0,0,0,0.6338,0.0915,4.85863426,3.278037677
9,12,9012,149,,,,,,10,372,224,20,,,,,164,,,,1109,33.60644346,263.0069488,767.1036008,445.6506633,189.949463,591.7656349,21.91724574,480,0.168285834,0.005456616,0.13,0.87,,,,0.66,0,0,5.34,1566.028209,26,6.3591,159,,8,41,0,1,1,,0,0,0,0,7.0682,1.0206,0.046423762,4.903985032
9,13,9013,102,,,,,,7,253,153,14,,,,,111,,,,755,22.89829438,179.204043,522.6784586,303.651295,129.4251421,403.2090967,14.93367025,327,0.158991134,0.005155238,0.13,0.87,,,,0.44,0,0,3.56,942.0086375,20,1,108,,,25,0,1,1,,0,0,0,0,0,0,12.9647437,0.854729806
9,14,9014,87,,,,,,4,217,131,12,,,,,96,,,,649,19.67277322,153.9608339,449.0524321,260.8780796,111.1939356,346.4118762,12.83006949,281,0.246417387,0.007990007,0.13,0.87,,,,0.44,0,0,3.56,1402.838072,46,1,93,,,0,0,1,1,,0,0,0,0,0,0,0.373897537,0
9,15,9015,128,,,,,,3,318,192,17,,,,,140,,,,950,28.82627922,225.5969678,657.991156,382.2615287,162.9311434,507.5931775,18.79974732,411,0.440204342,0.014273488,0.13,0.87,,,,0.55,0,0,4.45,2095.605668,60,1,136,,,4,0,1,1,,0,0,0,0,0.5762,0.0832,19.34952954,0
9,16,9016,86,,,,,,2,215,130,12,,,,,95,,,,641,19.42577385,152.0277953,443.414403,257.6026532,109.7978522,342.0625395,12.66898294,277,0.450803751,0.014617171,0.13,0.87,,,,0.44,0,0,3.56,1409.478588,93,1,92,,,41,0,0.0966,1,,0,0,0,0,2.1128,0.3051,6.845290486,0
9,17,9017,107,,,,,,8,265,160,15,,,,,117,,,,792,23.9734681,187.618446,547.2204675,317.9090335,135.502211,422.1415035,15.6348705,343,0.164921627,0.005347532,0.26,1.74,,,,0.55,0,0,4.45,1289.611325,47,1,113,,,0,0,1,1,,3.25,466.73757,113.365,0,0,0,53.65089418,0
10,1,10001,0.712901725,0.259346013,0.180014446,0.004274693,0.00973973,0.018859703,16.89050956,0,1.954623603,1.845301028,0,0,0.583823439,0.620954819,0.50939542,0,0,0.18995894,60.82015631,1.30433,10.2078,29.77275,17.29655,7.3723,22.96755,0.85065,14.98669207,0.004453261,0.000144396,0,0.010875513,0.297501853,2.54E-05,0.019479093,1.802805383,568.578325,0.000574551,0.122263919,67.94070707,20.5795,0.2912,0.9827,17.2812,,20.10173447,37.0077,0,0.0154,,0,0,0,0,5.0092,0.7233,0,86.1810875
10,2,10002,0,0,0,0,0,0,4.041174357,0,0,0.441501375,0,0,0,9.107337342,0.024256925,0,0,0.011174055,8.579813974,0.184,1.44,4.2,2.44,1.04,3.24,0.12,0,0.000625397,2.03E-05,0,0.001545758,0.001361565,0,0,0.254319222,354.5514966,8.11E-05,0.017247599,8.743752598,0,0.0411,0.1638,0.1325,,2.835723431,5.2206,0,0,,0,0,0,0,0,0,0,1.239202282
10,3,10003,0,0,0,0,0,0,7.719442645,0,0,0.843354985,0,0,0,0,0,0,0,0,8.87796251,0.190394,1.49004,4.34595,2.52479,1.07614,3.35259,0.12417,0,0,0,0,0.000496851,0.040166154,0,0,0.263156815,220.894051,8.39E-05,0.017846953,8.989227516,0,0.0425,0,2.0305,,2.93426482,5.402,0,0,,0,0,0,0,0,0,0,5.455593588
10,4,10004,0.356450862,0.129673007,0.090007223,0.002137347,0.004869865,0.009429852,28.74954177,0,2.198951553,3.140909324,0,0,0.373120243,0.620954819,0.266826173,0.072770774,0,0.346395715,65.66775121,1.40829,11.0214,32.14575,18.67515,7.9599,24.79815,0.91845,15.89387682,0.004722829,0.000153136,0,0.013525385,0.363878125,0.000152464,0.019479093,1.946495744,167.1205229,0.000620345,0.132008812,71.48699636,20.7126,0.3144,1.3375,26.7788,,21.70391821,39.9573,0,0.0323,,0,0,0,0,4.5387,0.6554,3.006055445,1.933066887
10,5,10005,222.7817889,81.04562919,56.25451423,1.335841664,3.043665515,5.893657282,50.16099982,65.8141045,135.6020125,5.480127415,0.434353994,28.86783468,5.153449006,798.5478969,28.7687128,26.41579109,0.044696221,11.3528402,1166.966238,25.026392,195.85872,571.2546,331.87172,141.45352,440.68212,16.32156,743.2746094,0.220862352,0.007161393,0,0.483822334,0.435700655,0.000279518,0.07791637,34.59072031,3411.082734,0.011023999,2.345897704,1265.065454,346.2968,5.5869,28.1969,14.9102,,385.6952511,710.072,0.3792,0.2077,,1.131006714,32.83137,5.536,0,20.8763,3.0144,8.696431044,113.2152053
10,6,10006,0,0,0,0,0,0,15.5496024,0,0,1.698805899,0,0,0,0,0.04851385,0,0,0,19.7721813,0.424028,3.31848,9.6789,5.62298,2.39668,7.46658,0.27654,1.05233431,0.000312699,1.01E-05,0,0.000828085,0.063653143,5.08E-05,0,0.586078647,149.8685066,0.000186782,0.039747092,19.91640364,3.1627,0.0947,0.3003,4.3843,,6.534924647,12.0309,0,0.0077,,0,0,0,0,0,0,0,34.05478614
10,7,10007,99.44979058,36.17876887,25.11201515,0.596319719,1.358692286,2.630928611,21.23308049,68.22193759,69.63346586,2.319730207,28.23300962,8.419785116,3.428316588,47.60653611,54.38402537,13.36556556,1.988981847,19.02941621,694.8297998,14.901102,116.61732,340.13385,197.60157,84.22362,262.38897,9.71811,886.246926,0.26334625,0.00853892,0,0.191839641,0.143304669,0,0,20.59585143,318.4915886,0.00656386,1.396783882,719.6020013,201.9943,3.3265,8.571,20.1245,,229.6489353,422.7879,0.221,0.0708,,0,0,0,0,5.3487,0.7723,4.804663189,50.89153271
10,8,10008,3.920959485,1.426403074,0.99007945,0.023510813,0.053568513,0.103728368,10.63499309,0.80261103,5.130886958,1.161881091,0,0,0,2.483819275,1.867783208,0.60642312,0,0.279351383,66.53645737,1.42692,11.1672,32.571,18.9222,8.0652,25.1262,0.9306,16.43818767,0.00488457,0.000158381,0,0.022579112,0.359112649,2.54E-05,0.009739546,1.972245565,134.2200911,0.000628551,0.133755131,75.97979168,25.4199,0.3185,1.9653,24.5682,,21.99103521,40.4859,0,0,,0,0,0,0,2.0111,0.2904,0.026717933,109.2049782
10,9,10009,0,0,0,0,0,0,7.22736662,0,0,0.789595305,0,0,0,1.655879517,0,0,0,0.044696221,21.35730194,0.458022,3.58452,10.45485,6.07377,2.58882,8.06517,0.29871,0,0.000312699,1.01E-05,0,0.001380141,0.034039114,0.000203286,0.07791637,0.633064123,887.6160141,0.000201756,0.042933586,25.344495,3.1119,0.1022,0.2184,0.2958,,7.058824551,12.9954,0,0,,0,0,0,0,0,0,0.150471731,1.037471678
10,10,10010,0,0,0,0,0,0,15.48194194,0,0,1.691413943,0,0,0,0,0.024256925,0,0,0,8.611988277,0.18469,1.4454,4.21575,2.44915,1.0439,3.25215,0.12045,0,3.23E-05,1.05E-06,0,0.000165617,0.085778566,0,0,0.255272919,67.31476186,8.14E-05,0.017312278,10.13640888,5.5124,0.0412,0,1.7856,,2.846357394,5.2402,0,0,,0,0,0,0,0,0,0,10.96660767
10,11,10011,0,0,0,0,0,0,14.53469559,0,0,1.587926558,0,0,0,0,0.04851385,0,0,0,9.678030163,0.207552,1.62432,4.7376,2.75232,1.17312,3.65472,0.13536,0,0.000215654,6.99E-06,0,0.000662468,0.114371422,0,0,0.286872082,112.692043,9.14E-05,0.019455292,12.07806617,0,0.0463,0.273,1.8409,,3.19869603,5.8889,0,0,,0,0,0,0,0,0,0.151365875,0.412328487
10,12,10012,13.90158363,5.057247262,3.510281688,0.08335652,0.189924728,0.367764214,14.46088419,2.407833091,8.551478263,1.579862606,0,0.601413223,0.098767123,27.94296685,8.029042104,0.897506217,0,2.491814336,299.7551058,6.428454,50.30964,146.73645,85.24689,36.33474,113.19669,4.19247,171.7845043,0.051045373,0.00165513,0,0.04824974,0.056504929,7.62E-05,0.009739546,8.88521423,350.7383061,0.002831701,0.602583684,287.1337693,61.3901,1.4351,2.675,12.8266,,99.07237845,182.3941,0.0902,0.0424,,0,0,0,0,4.9354,0.7126,0.284840724,34.90604496
10,13,10013,0,0,0,0,0,0,26.11078409,0,1.710295653,2.852623038,0,0,0,0.620954819,1.188589314,0,0,0.033522166,50.00744575,1.072444,8.39304,24.4797,14.22154,6.06164,18.88434,0.69942,10.81364222,0.003213249,0.000104189,0,0.01523676,0.09871343,0.000228696,0.009739546,1.482299584,308.4130677,0.000472406,0.100527632,51.12567414,22.0849,0.2394,1.0373,5.1402,,16.52801402,30.4284,0,0.0077,,0,0,0,0,12.5922,1.8182,0,24.42048719
10,14,10014,0,0,0,0,0,0,25.3911229,0.26753701,0,2.773999506,0,0,0,0,0.242569248,0,0,0.022348111,61.71031201,1.32342,10.3572,30.2085,17.5497,7.4802,23.3037,0.8631,1.56035777,0.000463657,1.50E-05,0,0.001435347,0.009190561,7.62E-05,0,1.829191003,2548.11106,0.00058296,0.124053357,49.41743338,2.3341,0.2954,0.1092,1.3153,,20.39594078,37.5493,0,0.0246,,0,0,0,0,0,0,0,7.268952205
10,15,10015,0,0,0,0,0,0,10.91793681,0,0.24432795,1.192792908,0,0.033411846,0,0,0.169798473,0,0,0.011174055,25.3898145,0.544502,4.26132,12.42885,7.22057,3.07762,9.58797,0.35511,1.70550733,0.000506788,1.64E-05,0,0.003367545,0.054462582,2.54E-05,0.009739546,0.752594157,118.8259769,0.00023985,0.051039958,27.69793596,5.7525,0.1216,0.1638,3.9377,,8.391614564,15.4491,0,0,,0,0,0,0,0,0,0,15.31379135
10,16,10016,0.712901725,0.259346013,0.180014446,0.004274693,0.00973973,0.018859703,12.15427782,0,0.24432795,1.327864104,0,0,0,0,0.121284624,0,0,0.022348111,36.22826451,0.77694,6.0804,17.7345,10.3029,4.3914,13.6809,0.5067,4.17304985,0.001240012,4.02E-05,0,0.00634865,0.152154838,0,0,1.073862914,225.0760746,0.000342238,0.072827987,40.01304154,8.8967,0.1734,0.1365,17.8676,,11.97384219,22.0441,0,0,,0,0,0,0,0,0,0,34.04591887
10,17,10017,0,0,0,0,0,0,15.14363967,0,0.24432795,1.654454162,0,0,0,6.416533127,0.339596947,0,0,0.044696221,19.08794114,0.409354,3.20364,9.34395,5.42839,2.31374,7.20819,0.26697,3.2658651,0.000970444,3.15E-05,0,0.00507892,0.122540809,0,0,0.565796689,219.4869028,0.000180318,0.038371596,23.61496494,7.2858,0.0914,0.273,1.5187,,6.308775704,11.6146,0,0,,0,0,0,0,1.3192,0.1905,0,2.128147032
10,18,10018,1.425803449,0.518692027,0.360028891,0.008549387,0.019479459,0.037719407,21.96504357,0.80261103,2.198951553,2.399697731,0,0.033411846,0,1.241909638,0.315340022,0,0,0.245829217,21.45382484,0.460092,3.60072,10.5021,6.10122,2.60052,8.10162,0.30006,0,0.001186099,3.85E-05,0,0.007783997,0.04493163,5.08E-05,0,0.635925214,234.9051914,0.000202668,0.043127622,28.01927886,13.3021,0.1027,0.4913,0.4501,,7.09072644,13.0542,0,0.0323,,0,0,0,0,0,0,0.007743159,1.573942075
10,19,10019,0,0,0,0,0,0,5.025326407,0,0,0.549020735,0,0,0,0,0.024256925,0,0,0,9.435650418,0.202354,1.58364,4.61895,2.68339,1.14374,3.56319,0.13197,0,3.23E-05,1.05E-06,0,0.000441645,0.003403911,5.08E-05,0.009739546,0.279687564,398.9044043,8.91E-05,0.018968047,8.573714729,0,0.0452,0,0.1271,,3.118586843,5.7414,0,0,,0,0,0,0,0,0,1.144446784,1.403246949
10,20,10020,0,0,0,0,0,0,12.7140143,0,0.488655901,1.389015741,0,0,0.517978691,1.241909638,0.533652345,0,0,0.078218387,24.14574148,0.517822,4.05252,11.81985,6.86677,2.92682,9.11817,0.33771,11.21280351,0.003331859,0.000108034,0,0.004250835,0.145687407,0.000101643,0,0.71571787,75.09494976,0.000228098,0.048539056,28.06470327,9.5697,0.1156,0.2184,10.1934,,7.980434666,14.6921,0,0.0008,,0,0,0,0,1.9834,0.2864,0,55.67321307
10,21,10021,0,0,0,0,0,0,11.85903221,0,0.732983851,1.295608296,0,0,0,0.20698494,0.218312323,0,0,0.055870277,20.58297372,0.441416,3.45456,10.0758,5.85356,2.49496,7.77276,0.28788,0,0.002016368,6.54E-05,0,0.002760283,0.093947954,0,0.019479093,0.610111813,108.8534617,0.000194442,0.04137699,22.75977545,4.6854,0.0985,0.273,8.2244,,6.802900512,12.5243,0,0.0077,,0,0,0,0,3.7269,0.5381,0,45.45810732
10,22,10022,0,0,0,0,0,0,5.369779625,0.26753701,2.443279504,0.586652512,0,0.066823691,0,1.448894577,0.55790927,0.04851385,0,0.055870277,48.06411788,1.030768,8.06688,23.5284,13.66888,5.82608,18.15048,0.67224,0,0.002134978,6.92E-05,0,0.008612082,0.200830771,5.08E-05,0,1.42469628,155.8178895,0.000454048,0.09662105,52.26307549,12.1228,0.2301,0.9281,31.4798,,15.88572266,29.2459,0,0,,0,0,0,0,0,0,0,67.73936338
10,23,10023,3.564508623,1.296730067,0.900072228,0.021373467,0.048698648,0.094298517,15.86945181,0.26753701,2.198951553,1.733749691,0,0.100235537,0.877929984,217.3341866,1.043047766,0,0.033522166,0.201132996,105.9456879,2.272078,17.78148,51.86265,30.12973,12.84218,40.00833,1.48179,64.01095596,0.019020709,0.000616741,0,0.025615423,0.006807823,0.00038116,0.155832741,3.14039733,4040.265179,0.001000839,0.212977666,95.81614824,27.8061,0.5072,1.2556,1.1429,,35.01622186,64.4655,0,0.0131,,0,0,0,0,0,0,0,0.786971038
10,24,10024,0,0,0,0,0,0,10.17982277,0,1.221639752,1.112153387,0,0.033411846,0.096572298,0.20698494,0.291083097,0,0,0.055870277,23.0239308,0.493764,3.86424,11.2707,6.54774,2.79084,8.69454,0.32202,3.77388856,0.001121402,3.64E-05,0,0.007507969,0.023486988,0,0,0.682465632,167.3083949,0.000217501,0.046283932,25.84873931,9.4827,0.1102,0.3548,4.3646,,7.609663828,14.0095,0,0,,0,0,0,0,0,0,0,14.80613961
10,25,10025,0,0,0,0,0,0,7.454951781,0,0,0.814459157,0,0,0,0.20698494,0.04851385,0,0,0,7.715397716,0.165462,1.29492,3.77685,2.19417,0.93522,2.91357,0.10791,0,6.47E-05,2.10E-06,0,5.52E-05,0.035060287,0,0,0.22869656,176.8343807,7.29E-05,0.015509904,9.414263925,0,0.0369,0,0.4301,,2.550024296,4.6946,0,0,,0,0,0,0,0,0,0,2.414116789
10,26,10026,0,0,0,0,0,0,6.212459818,0.26753701,0.488655901,0.678715964,0,0,0,1.655879517,0.072770774,0,0,0.022348111,40.29724128,0.864202,6.76332,19.72635,11.46007,4.88462,15.21747,0.56361,0,0.000463657,1.50E-05,0,0.005354948,0.009190561,0.000533625,0.155832741,1.194473805,1538.946426,0.000380677,0.081007661,40.89716075,0,0.1929,0.1092,1.1312,,13.31868403,24.5199,0,0,,0,0,0,0,0,0,3.052040015,7.359841817
10,27,10027,0,0,0,0,0,0,11.21318242,0,0,1.225048716,0,0,0,0.413969879,0.145541549,0,0,0,12.06750835,0.258796,2.02536,5.9073,3.43186,1.46276,4.55706,0.16878,0,0.000215654,6.99E-06,0,0.001766581,0.011232908,0.000127053,0,0.357699985,283.3007053,0.000113998,0.024258748,12.61943071,2.849,0.0578,0.1638,0.345,,3.988445006,7.3428,0,0,,0,0,0,0,4.0959,0.5914,0,9.434785173
10,28,10028,0.356450862,0.129673007,0.090007223,0.002137347,0.004869865,0.009429852,9.312538776,0.26753701,0,1.01740195,0,0,0,0,0.291083097,0,0,0.100566498,21.64258075,0.46414,3.6324,10.5945,6.1549,2.6234,8.1729,0.3027,1.34263343,0.00039896,1.29E-05,0,0.004250835,0.064674316,2.54E-05,0,0.641520237,240.7080252,0.000204451,0.043507069,24.20078845,7.5648,0.1036,0.1365,9.9888,,7.153112355,13.169,0,0.0123,,0,0,0,0,0,0,0,28.07380626
10,29,10029,0,0,0,0,0,0,2.171285461,0,0,0.23721459,0,0,0,0,0,0,0,0,4.152629964,0.089056,0.69696,2.0328,1.18096,0.50336,1.56816,0.05808,0,8.63E-05,2.80E-06,0,0.000828085,0.021444642,0,0,0.123090503,23.81953271,3.92E-05,0.008347838,4.702894429,2.6329,0.0199,0.0819,0.2521,,1.372490141,2.5268,0,0,,0,0,0,0,0,0,0,9.632082138
10,30,10030,0,0,0,0,0,0,10.35820033,0,0,1.131641271,0,0,0,0,0,0,0,0,3.002934891,0.0644,0.504,1.47,0.854,0.364,1.134,0.042,0,2.16E-05,6.99E-07,0,0.000110411,0.02382738,0,0,0.089011728,24.16834265,2.84E-05,0.00603666,3.66542986,0,0.0144,0,0.294,,0.992503201,1.8272,0,0,,0,0,0,0,0,0,0,8.802991523
10,31,10031,0,0,0,0,0,0,8.463707633,0,0,0.924666502,0,0,0,0,0.169798473,0,0,0.011174055,13.15714473,0.282164,2.20824,6.4407,3.74174,1.59484,4.96854,0.18402,1.27005865,0.000377395,1.22E-05,0,0.001104113,0.19776725,0,0,0.389998527,14.70736348,0.000124292,0.026449193,14.6403897,1.4049,0.063,0.1638,7.5099,,4.348581882,8.0058,0,0,,0,0,0,0,0,0,0,39.85176999
10,32,10032,7.485468108,2.723133141,1.890151678,0.04488428,0.102267161,0.198026885,16.13394268,3.477981132,10.50610187,1.762645519,0,0.23388292,0,192.9099637,1.964810908,0,0.033522166,1.285016362,86.53600374,1.855824,14.52384,42.3612,24.60984,10.48944,32.67864,1.21032,51.5280938,0.015311455,0.000496469,0,0.031798456,0.202192335,0.000101643,0.058437278,2.565063671,1000.705152,0.000817481,0.173959285,98.97115094,33.3004,0.4143,1.4467,4.1842,,28.60110653,52.6552,0,0.0485,,0,0,0,0,6.0516,0.8738,3.562929111,57.25158879
10,33,10033,0,0,0,0,0,0,5.117590662,0,0,0.559100676,0,0,0,1.034924698,0.145541549,0,0,0,14.40121776,0.308844,2.41704,7.0497,4.09554,1.74564,5.43834,0.20142,0,0.000744007,2.41E-05,0,0.00126973,0.041187328,2.54E-05,0,0.426874814,192.7726469,0.000136044,0.028950095,15.22264948,3.2649,0.0689,0.1911,1.8184,,4.759761779,8.7628,0,0.0069,,0,0,0,0,0,0,0,17.16261908
10,34,10034,0,0,0,0,0,0,4.656269388,0,0,0.508700975,0,0,0,22.76834336,0.024256925,0,0,0.044696221,55.82884953,1.197288,9.37008,27.3294,15.87708,6.76728,21.08268,0.78084,0,0.001488015,4.82E-05,0,0.003312339,0.004765476,7.62E-05,0.048697731,1.654855176,2348.014059,0.000527399,0.112230128,46.19252711,3.3074,0.2673,0.0819,1.4299,,18.45205237,33.9706,0,0.0131,,0,0,0,0,0,0,0,0
10,35,10035,0.712901725,0.259346013,0.180014446,0.004274693,0.00973973,0.018859703,8.59287759,0.53507402,2.198951553,0.938778418,0,0.133647383,0,22.97532829,0.363853872,0,0,0.145262719,23.90550669,0.51267,4.0122,11.70225,6.79845,2.8977,9.02745,0.33435,8.3460997,0.002480024,8.04E-05,0,0.007563174,0.042889283,5.08E-05,0.029218639,0.708596932,502.3509267,0.000225829,0.048056123,29.55216533,8.9385,0.1144,0.3276,0.4257,,7.90103441,14.5459,0,0,,0,0,0,0,1.7804,0.2571,0,13.40067584
10,36,10036,0,0,0,0,0,0,11.61914514,0,0.977311802,1.269400452,0,0,0,0.413969879,0.072770774,0,0,0,42.75321303,0.916872,7.17552,20.9286,12.15852,5.18232,16.14492,0.59796,55.77371843,0.016573033,0.000537375,0,0.004637275,0.039485372,0,0,1.267272682,69.83962005,0.000403877,0.085944787,45.33319976,5.7387,0.2047,0.3548,4.0581,,14.13040986,26.0143,0,0,,0,0,0,0,0,0,0.035827235,17.96289104
10,37,10037,0,0,0,0,0,0,2.798682393,0.26753701,0.732983851,0.305758182,0,0,0,0,0.024256925,0,0,0,16.59765013,0.355948,2.78568,8.1249,4.72018,2.01188,6.26778,0.23214,0.90718475,0.000269568,8.74E-06,0,0.002429049,0.001021173,0,0.009739546,0.491980534,661.6435524,0.000156793,0.033365481,16.02114426,2.3813,0.0795,0.2457,0.1054,,5.485706978,10.0993,0,0,,0,0,0,0,0,0,0.011507755,2.139231131
10,38,10038,2.138705174,0.77803804,0.540043337,0.01282408,0.029219189,0.05657911,6.45234688,1.605222061,2.931935405,0.704923808,0,0.033411846,0,4.346683731,1.16433239,0,0,0.737487651,44.63219229,0.957168,7.49088,21.8484,12.69288,5.41008,16.85448,0.62424,15.45842814,0.004593437,0.000148941,0,0.017113752,0.094288345,0,0.019479093,1.322968592,90.32421163,0.000421628,0.089722011,50.01463887,15.0722,0.2137,1.1191,10.5099,,14.75143329,27.1577,0,0,,0,0,0,0,0,0,0,35.42921444
10,39,10039,2.138705174,0.77803804,0.540043337,0.01282408,0.029219189,0.05657911,13.67356255,0,3.664919256,1.493847117,0,0.066823691,1.753665143,5.17462349,0.727707744,0,0,0.111740553,49.90663293,1.070282,8.37612,24.43035,14.19287,6.04942,18.84627,0.69801,38.28319645,0.011375764,0.000368856,0,0.011593187,0.673293668,0,0.029218639,1.479311333,307.7841437,0.000471454,0.100324972,53.76232425,28.6503,0.2389,1.1737,8.4238,,16.49469427,30.367,0,0.0146,,0,0,0,0,0,0,0,78.65055056
11,1,11001,4.63386121,1.685749087,1.170093896,0.027785507,0.063308243,0.122588071,7.065044959,0,6.59685466,2.045591841,0,0.033411846,0,1.448894577,2.037581682,0,0,0.134088664,159.9534719,3.430312,26.84592,78.3006,45.48892,19.38872,60.40332,2.23716,53.66904981,0,0,0.004012879,0.040962594,0.321329233,0.000177875,0.009739546,2.971262048,1333.664448,0.001511035,0.321546991,171.8156092,32.9891,0.7658,2.5112,22.788,,26.2196478,57.134,0,0.0162,,0,0,0,0,1.5094,0.2179,0.067290247,75.77337833
11,2,11002,19.96124829,7.261688376,5.040404475,0.119691413,0.27271243,0.528071692,11.36135608,8.026110304,20.76787578,3.289532825,0,0.367530303,0,6.416533127,3.687052567,0.60642312,0,0.491658434,209.62416,4.495534,35.18244,102.61545,59.61469,25.40954,79.16049,2.93187,54.90282107,0.016314248,0.000528984,0.005840847,0.059622104,0.345156613,0.000127053,0.019479093,3.893934301,905.2032643,0.00198026,0.421397655,255.4239953,49.2359,1.0036,10.0996,9.274,,34.36169018,74.8759,0.0264,0.0477,,0,0,0,0,5.0993,0.7363,0.583287099,32.40230468
11,3,11003,17.46609225,6.353977329,4.410353916,0.104729986,0.238623376,0.462062731,9.776494646,23.00818287,10.75042982,2.830656817,1.236238291,13.89932781,0,29.8058313,6.646397391,0,0.268177328,2.949950604,303.6396165,6.51176,50.9616,148.638,86.3516,36.8056,114.6636,4.2468,140.686211,0.041804586,0.001355501,0.019977862,0.203929679,0.170535959,0.000254107,0.009739546,5.640345647,2232.386476,0.002868397,0.610392534,330.305874,76.5385,1.4537,5.1863,12.7962,,49.77274772,108.4574,0.0573,0.077,,0,0,0,0,4.9035,0.708,0.125502976,28.00068502
11,4,11004,2.851606898,1.037384054,0.720057782,0.017098773,0.038958919,0.075438813,4.105363963,0.53507402,12.70505342,1.188654718,0,1.069179062,0.006584475,18.00768974,4.948412656,0,0.055870277,2.413595949,122.4918592,2.626922,20.55852,59.96235,34.83527,14.84782,46.25667,1.71321,31.64260408,0.009402528,0.000304874,0.002915016,0.029755846,0.090884433,2.54E-05,0,2.27538301,616.8731421,0.001157146,0.246239661,132.9668469,32.1588,0.5864,2.4839,5.8032,,20.07892275,43.753,0.022,0,,0,0,0,0,0,0,0.012247784,42.00018753
11,5,11005,3.920959485,1.426403074,0.99007945,0.023510813,0.053568513,0.103728368,2.8451127,1.872759071,5.619542859,0.823765363,0,0.400942148,2.576724503,3.932713852,11.8373793,2.522720178,9.006288587,0.268177328,164.7281384,3.532708,27.64728,80.6379,46.84678,19.96748,62.20638,2.30394,189.3838884,0.05627499,0.001824699,0.002877158,0.029369407,0.123561983,0,0,3.059955248,484.5564598,0.00155614,0.33114528,166.8786753,27.9598,0.7886,2.9753,9.6347,,27.00231336,58.8395,0,0.0169,,0,0,0,0,3.2309,0.4665,0.508953079,25.32275307
11,6,11006,0,0,0,0,0,0,0,0,0,0,0,0,0,0,0.04851385,0,0,0,10.54244642,0.22609,1.7694,5.16075,2.99815,1.2779,3.98115,0.14745,0,2.16E-05,6.99E-07,6.49E-05,0.000662468,0,0,0,0.195834267,305.9835558,9.96E-05,0.021192987,11.38823127,0,0.0505,0,0.4263,,1.72812274,3.7657,0,0,,0,0,0,0,0,0,0,0
11,7,11007,393.8782028,143.2886724,99.45798116,2.361768061,5.38120063,10.41998607,6.695880447,66.61671553,153.4379528,1.93870506,2.205181816,7.818371894,11.71158599,66.85613549,39.27196123,30.90332218,68.02764878,4.827191897,922.201305,19.77724,154.7784,451.437,262.2634,111.7844,348.2514,12.8982,1090.798943,0.324128415,0.010509763,0.037278668,0.380532559,0.257335699,0,0,17.13061746,772.4440526,0.008711774,1.853858195,1065.396992,304.8429,4.415,19.3529,22.6929,,151.1676685,329.4023,0.0602,0.1348,,0,0,0,0,4.1692,0.602,4.809083195,47.04021004
11,8,11008,4.277410348,1.556076081,1.080086673,0.02564816,0.058438378,0.11315822,8.586257342,1.337685051,5.375214908,2.486039093,0,0.033411846,0,3.725728913,0.630680044,7.277077436,0,0.022348111,69.94693342,1.50006,11.7396,34.2405,19.8921,8.4786,26.4141,0.9783,36.90427563,0.010966021,0.00035557,0.001325007,0.013525385,0.201851944,0.000228696,0,1.299319522,610.7321688,0.000660769,0.140611052,84.7148771,17.8126,0.3349,0.9008,13.1002,,11.46573399,24.9844,0.0029,0,,0,0,0,0,0,0,0.002589706,49.85926262
11,9,11009,1.425803449,0.518692027,0.360028891,0.008549387,0.019479459,0.037719407,2.049499529,0.26753701,5.375214908,0.593405921,0.133647383,0.400942148,0,1.448894577,1.309873938,0,0,0.18995894,149.5440126,3.207074,25.09884,73.20495,42.52859,18.12694,56.47239,2.09157,21.55470966,0.006404933,0.000207678,0.002195726,0.022413495,0.036421852,0,0,2.777898122,1769.425141,0.0014127,0.300621341,144.9187493,19.5627,0.7159,3.1118,6.6649,,24.51332437,53.4158,0,0.0208,,0,0,0,0,1.436,0.2073,0.289399082,31.92014253
11,10,11010,0,0,0,0,0,0,1.336630127,0.26753701,2.198951553,0.387003862,0,0.200471074,0,1.655879517,0.315340022,0,0,0.089392443,23.81327369,0.510692,3.99672,11.6571,6.77222,2.88652,8.99262,0.33306,4.75364809,0.001412536,4.58E-05,0.00071929,0.007342352,0.013956037,0,0,0.442350363,435.6286791,0.000224957,0.047870711,28.19217145,7.5262,0.114,0.8735,0.1778,,3.903482942,8.5059,0,0.0077,,0,0,0,0,0,0,0.004474859,4.992982294
11,11,11011,12.11932932,4.408882228,3.060245574,0.072669786,0.165575404,0.320614956,2.806923267,6.420888244,12.94938137,0.81270811,0,0.23388292,0,10.34924698,5.651863475,0,0,0.670443319,177.4219732,3.804936,29.77776,86.8518,50.45676,21.50616,66.99996,2.48148,107.4469618,0.031927619,0.001035243,0.004975537,0.0507892,0.126285112,2.54E-05,0.009739546,3.295753253,468.9885619,0.001676055,0.356663103,188.3270294,38.9695,0.8494,3.685,5.7785,,29.08309269,63.3736,0,0.0154,,0,0,0,0,0,0,0.019590361,29.41189133
11,12,11012,0.712901725,0.259346013,0.180014446,0.004274693,0.00973973,0.018859703,2.227716879,0,2.931935405,0.645006436,0,0.902119834,0,0.620954819,1.16433239,0,0,0.178784885,49.47120738,1.060944,8.30304,24.2172,14.06904,5.99664,18.68184,0.69192,10.08789442,0.002997595,9.72E-05,0.001249292,0.012752506,0.10484047,5.08E-05,0,0.918966742,381.5573747,0.00046734,0.099449657,56.05244862,0,0.2368,1.9107,5.5174,,8.109343412,17.6707,0,0.0162,,0,0,0,0,0,0,0.002361202,15.10830746
11,13,11013,0.356450862,0.129673007,0.090007223,0.002137347,0.004869865,0.009429852,2.444123661,0.26753701,0.977311802,0.707664204,0,0,0.217287671,0.620954819,0.218312323,0,0,0.022348111,46.71923204,1.001926,7.84116,22.87005,13.28641,5.66306,17.64261,0.65343,20.03063928,0.005952059,0.000192994,0.000183879,0.001876992,0.037102634,7.62E-05,0.009739546,0.867846627,597.6053637,0.000441343,0.093917489,43.76739554,9.1279,0.2237,0.7097,9.5205,,7.658238331,16.6877,0,0,,0,0,0,0,0,0,0,18.86144422
11,14,11014,18.8918957,6.872669356,4.770382807,0.113279373,0.258102836,0.499782137,12.91439299,6.153351233,13.92669317,3.739194455,0,1.804239668,0.068039574,18.00768974,3.201914072,0,0,0.536354655,290.0620609,6.22058,48.6828,141.9915,82.4903,35.1598,109.5363,4.0569,137.1663342,0.040758663,0.001321587,0.006684525,0.068234186,0.213084852,0.000457392,0.009739546,5.38813183,2369.619178,0.002740134,0.583098209,286.4805072,61.2503,1.3887,3.6577,37.336,,47.54710847,103.6076,0.022,0.067,,0,0,0,0,5.0667,0.7316,0.425087501,35.90848033
11,15,11015,19.96124829,7.261688376,5.040404475,0.119691413,0.27271243,0.528071692,10.17748368,19.26266473,20.52354783,2.946757976,0,1.837651514,0,23.59628311,4.099420289,0,4.972454617,0.33522166,344.1728027,7.381022,57.76452,168.47985,97.87877,41.71882,129.97017,4.81371,66.33334892,0.019710803,0.000639117,0.019372144,0.197746645,0.016679166,7.62E-05,0.009739546,6.393281587,908.5610552,0.003251303,0.691874504,378.9796984,95.9952,1.6477,5.9506,1.8622,,56.41696653,122.9355,0.0411,0.0631,,1.131006714,0,0,0,0,0,19.13020586,7.798594821
11,16,11016,0.356450862,0.129673007,0.090007223,0.002137347,0.004869865,0.009429852,2.50140781,0.53507402,2.198951553,0.724250084,0,0,0,1.448894577,0.291083097,0,0,0.089392443,37.73402186,0.809232,6.33312,18.4716,10.73112,4.57392,14.24952,0.52776,0,0.001186099,3.85E-05,0.000557044,0.005686182,0.055143364,5.08E-05,0.009739546,0.700939253,218.5562881,0.000356463,0.075854941,41.66638424,13.3798,0.1807,0.5459,6.0152,,6.185378482,13.4783,0,0.0069,,0,0,0,0,0,0,0.000217078,15.32334842
11,17,11017,187.1367027,68.07832852,47.25379195,1.122106997,2.556679032,4.950672117,8.579892436,73.57267779,118.9877118,2.484196217,3.007066113,31.30689942,1.310310501,80.5171415,65.03281535,4.220704913,16.99573814,5.318850332,1026.21868,22.007964,172.23624,502.3557,291.84474,124.39284,387.53154,14.35302,926.9976649,0.275455239,0.00893155,0.036651318,0.374128704,0.458847252,5.08E-05,0,19.06282233,2220.599592,0.009694397,2.062959464,1094.75652,294.3203,4.913,16.2139,35.2029,,168.2182452,366.5564,0,0.1494,,0,0,0,0,3.957,0.5714,3.640117078,88.62543572
11,18,11018,0.356450862,0.129673007,0.090007223,0.002137347,0.004869865,0.009429852,1.871282178,1.605222061,4.642231057,0.541805406,0,0.066823691,0,2.690804215,1.867783208,0,0,0.279351383,66.1568006,1.418778,11.10348,32.38515,18.81423,8.01918,24.98283,0.92529,36.43253956,0.010825846,0.000351025,0.001568376,0.016009639,0.115732986,0,0.009739546,1.228914812,209.5150125,0.000624965,0.132991925,76.98427395,11.2972,0.3167,2.1018,5.8598,,10.84445365,23.6306,0,0,,0,0,0,0,0,0,0.057125858,23.14210333
11,19,11019,0.712901725,0.259346013,0.180014446,0.004274693,0.00973973,0.018859703,7.065044959,0,0.488655901,2.045591841,0,0.100235537,0,1.034924698,0.703450819,0,0,0.022348111,94.24711155,2.021194,15.81804,46.13595,26.80279,11.42414,35.59059,1.31817,0,0.001940889,6.29E-05,0.001206027,0.01231086,0.111307902,5.08E-05,0,1.750714519,1461.181646,0.000890326,0.189460565,111.2747398,15.1622,0.4512,0.9281,5.1972,,15.44903053,33.6642,0,0.0085,,0,0,0,0,0,0,0.008909857,46.28588667
11,20,11020,744.9823022,271.016584,188.1150956,4.467054523,10.17801748,19.70838995,10.89035309,160.2546691,311.7624647,3.153160036,2.104946279,43.76951787,0.943774733,166.4158914,117.0154052,27.77417888,0.793357928,11.14053315,2933.378339,62.908312,492.32592,1435.9506,834.21892,355.56872,1107.73332,41.02716,4023.618378,1.195609011,0.038767249,0.110478549,1.127741059,0.28763051,0.000177875,0,54.48981899,1172.141309,0.027710793,5.896833419,2996.228032,790.8907,14.0436,56.0116,13.8576,,480.840747,1047.7772,0.3246,0.6675,,0,0,0,0,2.3742,0.3428,20.90636377,57.39241626
11,21,11021,16.75319053,6.094631315,4.23033947,0.100455293,0.228883647,0.443203028,2.132243298,6.955962264,14.65967702,0.617363303,0,1.069179062,0,6.830503007,3.34745562,0.315340022,0,0.245829217,98.73435426,2.117426,16.57116,48.33255,28.07891,11.96806,37.28511,1.38093,165.3979236,0.049147615,0.001593596,0.0054136,0.055260858,0.014296428,0,0,1.834068596,157.9616203,0.000932715,0.198481059,130.4734958,22.0952,0.4727,3.6577,0.5909,,16.18458145,35.2671,0.0323,0,,0,0,0,0,0,0,0.019243797,2.483051087
11,22,11022,0,0,0,0,0,0,3.978065855,0,0.732983851,1.151797208,0,0.033411846,0,1.862864456,0.533652345,0,0,0,42.8561708,0.91908,7.1928,20.979,12.1878,5.1948,16.1838,0.5994,0,0.001552711,5.03E-05,0.000557044,0.005686182,0.147389362,0.000127053,0,0.796087214,419.5377006,0.00040485,0.086151758,43.7693863,9.4625,0.2052,0.1365,15.1557,,7.025003528,15.3079,0,0,,0,0,0,0,0,0,0,24.78011064
11,23,11023,14.25803449,5.186920268,3.600288911,0.085493866,0.194794593,0.377194066,16.21141397,1.872759071,25.41010684,4.693803981,0,2.272005508,0.100961948,14.07497589,4.050906439,0,1.005664979,0.446962213,291.4777302,6.25094,48.9204,142.6845,82.8929,35.3314,110.0709,4.0767,102.5481641,0.030471953,0.000988044,0.004375227,0.044661372,0.568112807,0.000482803,0.019479093,5.414429005,2566.272376,0.002753507,0.585944062,317.2339311,66.0761,1.3955,3.6304,41.5129,,47.77916564,104.1133,0,0.0593,,0,0,0,0,6.1028,0.8812,0.918444763,103.8026235
11,24,11024,0,0,0,0,0,0,0.585571294,0,0.24432795,0.169544549,0,0,0,0.620954819,0.751964668,0,0,0.044696221,20.18830228,0.432952,3.38832,9.8826,5.74132,2.44712,7.62372,0.28236,5.04394721,0.001498797,4.86E-05,0.000757147,0.007728791,0.069780183,0,0,0.375013657,140.6769745,0.000190713,0.040583601,24.24108091,11.1675,0.0967,0.5459,2.3135,,3.309275936,7.2111,0,0,,0,0,0,0,0,0,0,6.849390583
11,25,11025,86.9740104,31.64021364,21.96176236,0.521512585,1.188247017,2.300883803,2.431393851,0.26753701,3.909247206,0.703978453,0,0.70164876,0,2.690804215,2.061838607,0.388110797,0,0.35756977,133.6520522,2.86626,22.4316,65.4255,38.0091,16.2006,50.4711,1.8693,246.5728151,0.073268549,0.00237571,0.002233583,0.022799934,0.147048971,2.54E-05,0,2.482692408,138.7072455,0.001262573,0.268674476,122.4277542,15.288,0.6399,0.7097,12.0111,,21.9083068,47.7394,0,0.0092,,0,0,0,0,0.8322,0.1202,0.100092119,28.4660471
11,26,11026,3.208057761,1.16705706,0.810065005,0.01923612,0.043828783,0.084868665,3.88895718,0.26753701,3.420591305,1.12599695,0,0.23388292,0,3.518743973,1.479672412,0.194055398,0,0.134088664,104.8539066,2.248664,17.59824,51.3282,29.81924,12.70984,39.59604,1.46652,21.73614661,0.006458846,0.000209426,0.001617049,0.01650649,0.199128815,5.08E-05,0,1.947744113,1158.627326,0.000990525,0.210782909,110.0135381,16.8036,0.502,2.3748,12.3363,,17.18770133,37.4529,0,0.0162,,0,0,0,0,0,0,0,49.03269893
11,27,11027,42.06120175,15.30141479,10.62085229,0.252206906,0.574644049,1.112722495,7.987956237,10.4339434,36.89352051,2.312808793,0.167059229,3.842362256,0.177780822,12.41909638,8.756749848,0.388110797,0.044696221,1.24032014,508.7529393,10.910556,85.38696,249.0453,144.68346,61.66836,192.12066,7.11558,317.5509499,0.094359539,0.003059579,0.016262434,0.166003396,0.462931946,0.000152464,0.009739546,9.450487585,1399.466684,0.004806045,1.022722263,584.4648466,147.4589,2.4357,12.0103,28.1831,,83.39501936,181.7221,0,0.0493,,0,0,0,0,1.8113,0.2615,1.396072363,81.1628424
11,28,11028,9.26772242,3.371498174,2.340187792,0.055571013,0.126616485,0.245176143,6.358540463,3.745518142,11.23908572,1.841032657,0,0.668236914,0,10.34924698,4.681586484,0.024256925,0,0.33522166,192.0762954,4.119208,32.23728,94.0254,54.62428,23.28248,72.53388,2.68644,67.67598235,0.020109764,0.000652053,0.006933302,0.070773646,0.331881358,2.54E-05,0.009739546,3.567968861,697.8093857,0.00181449,0.386122002,234.5011149,39.4966,0.9196,4.9133,16.2879,,31.48523603,68.608,0.022,0.0408,,0,0,0,0,1.4033,0.2026,0.125977697,47.13933048
11,29,11029,0,0,0,0,0,0,4.678205446,0.26753701,2.443279504,1.354513516,0,0.267294766,0,0.827939758,0.55790927,0,0,0.089392443,72.59166108,1.556778,12.18348,35.53515,20.64423,8.79918,27.41283,1.01529,11.10394134,0.003299511,0.000106986,0.000800412,0.008170436,0.080332308,0.00038116,0.019479093,1.348447427,1122.44196,0.000685753,0.145927625,73.68690036,14.878,0.3475,1.8561,10.8818,,11.89925898,25.9291,0,0,,0,0,0,0,2.8066,0.4053,0,11.90621316
11,30,11030,4.277410348,1.556076081,1.080086673,0.02564816,0.058438378,0.11315822,13.58907296,2.675370101,7.085510561,3.934539261,0,0.334118457,0.318249619,5.588593369,1.576700111,0,0,0.100566498,203.5196223,4.364618,34.15788,99.62715,57.87863,24.66958,76.85523,2.84649,29.13877417,0.00865852,0.00028075,0.00260134,0.026553919,0.260739611,0.000330339,0.048697731,3.780537694,2774.613052,0.001922592,0.409125988,192.0535851,29.0794,0.9744,3.0845,44.5226,,33.36103152,72.6954,0.025,0.0169,,0,0,0,0,4.7566,0.6868,0.029351266,63.1128418
11,31,11031,81.62724747,29.69511854,20.61165401,0.489452386,1.115199045,2.159436028,4.347230367,8.293647315,15.14833292,1.258683989,0.601413223,3.508243799,0.024143075,11.38417168,6.500855843,6.064231196,0,0.938620647,226.9682539,4.86749,38.0934,111.10575,64.54715,27.5119,85.71015,3.17445,509.7652547,0.151475581,0.004911548,0.008312391,0.084851087,0.200830771,7.62E-05,0,4.216114542,461.9392445,0.002144105,0.456263676,239.6213827,67.5169,1.0866,5.3773,9.4442,,37.20474216,81.0711,0.0235,0.0169,,0,0,0,0,0,0,2.420192809,34.48047396
11,32,11032,96.95463455,35.27105783,24.48196459,0.581358292,1.324603232,2.564919649,6.161228397,3.210444122,8.062822363,1.783903515,1.1694146,0.367530303,1.512234397,8.900352402,2.401435554,0.194055398,0,2.592380834,132.0111628,2.83107,22.1562,64.62225,37.54245,16.0017,49.85145,1.84635,236.4849206,0.070270954,0.002278514,0.005035027,0.051396462,0.099053821,2.54E-05,0,2.452211591,601.3317039,0.001247072,0.265375873,139.1581292,65.0693,0.632,2.7296,12.4684,,21.63933144,47.1532,0,0.0354,,0,0,0,0,2.1784,0.3145,8.945860796,30.73573724
11,33,11033,15.68383794,5.705612295,3.960317802,0.094043253,0.214274052,0.414913473,8.268012073,6.420888244,22.23384348,2.393895316,0,0.534589531,0,11.17718674,2.959344824,0,0,0.212307051,218.017363,4.675532,36.59112,106.7241,62.00162,26.42692,82.33002,3.04926,45.43181228,0.013499959,0.000437732,0.004899822,0.050016321,0.123902374,0.000330339,0.038958185,4.049844675,1549.934075,0.002059548,0.438270118,207.4756397,56.3626,1.0438,4.8314,18.9569,,35.73750794,77.8739,0.0103,0.0385,,0,0,0,0,5.2869,0.7634,1.44682899,33.83871109
11,34,11034,0,0,0,0,0,0,3.72346964,0,0,1.078082186,0,0,0,0.20698494,0.194055398,0,0,0,9.605101744,0.205988,1.61208,4.7019,2.73158,1.16428,3.62718,0.13434,0,0.000560701,1.82E-05,0.000297451,0.003036311,0.001701956,0,0,0.17842235,224.728407,9.07E-05,0.019308687,10.7590235,3.8112,0.046,0.5732,0.3014,,1.574472763,3.4309,0,0.01,,0,0,0,0,0,0,0,0.734163278
11,35,11035,2.851606898,1.037384054,0.720057782,0.017098773,0.038958919,0.075438813,3.36703494,0.26753701,4.886559008,0.974881157,0,0.066823691,0.166806697,3.932713852,2.498463253,0,0,0.268177328,154.7176404,3.318026,25.96716,75.73755,43.99991,18.75406,58.42611,2.16393,112.8900703,0.033545027,0.001087687,0.003461243,0.035331617,0.110627119,2.54E-05,0.019479093,2.874002344,933.447295,0.001461574,0.311021644,149.2427697,32.0561,0.7407,2.2656,7.8783,,25.36138786,55.2638,0,0.0223,,0,0,0,0,0,0,0.189067979,31.92014253
11,36,11036,0,0,0,0,0,0,1.673970112,0,0,0.484676265,0,0,0,0,0.339596947,0,0,0,12.98125854,0.278392,2.17872,6.3546,3.69172,1.57352,4.90212,0.18156,0,0.001045923,3.39E-05,0.00017847,0.001821787,0.035060287,0,0,0.241137128,86.45460269,0.00012263,0.026095618,16.74772201,1.7822,0.0621,0,0.8538,,2.127893962,4.6368,0.0015,0,,0,0,0,0,0,0,0,5.454984357
11,37,11037,19.60479743,7.132015369,4.950397252,0.117554066,0.267842565,0.518641841,7.529683051,4.815666183,17.10295653,2.180121755,0,0.534589531,23.35952205,17.38673493,21.24906611,3.808337191,0.413440047,0.346395715,332.5664594,7.132116,55.81656,162.7983,94.57806,40.31196,125.58726,4.65138,523.9173368,0.15568084,0.005047903,0.009139845,0.093297552,0.19776725,0.000304928,0,6.177684594,1718.719144,0.003141661,0.668542815,314.4520468,71.8509,1.5922,5.4865,14.2558,,54.5144493,118.7898,0.0147,0.0693,,0,57.91266,10.918,0,3.2309,0.4665,0.586364773,31.30525978
11,38,11038,1.069352587,0.38901902,0.270021668,0.00641204,0.014609594,0.028289555,0.649220348,0.26753701,0.488655901,0.187973304,0,0,0,1.034924698,0.873249292,0,0,0,21.0591534,0.451628,3.53448,10.3089,5.98898,2.55268,7.95258,0.29454,0,0.001682104,5.45E-05,0.000319083,0.003257133,0.045612412,0,0,0.391190404,105.9100352,0.00019894,0.042334232,25.38407312,5.3981,0.1008,0.9008,3.9947,,3.452026258,7.5221,0,0.0046,,0,0,0,0,0.7751,0.1119,0.137074725,6.30002813
11,39,11039,0,0,0,0,0,0,4.169013016,0.53507402,3.176263355,1.207083474,0,0.033411846,0,1.862864456,1.67372781,0,0,0.111740553,67.21426267,1.441456,11.28096,32.9028,19.11496,8.14736,25.38216,0.94008,13.0634604,0.003881777,0.000125865,0.001476436,0.015071143,0.136156455,2.54E-05,0,1.248558005,299.1594341,0.000634954,0.135117692,83.26716636,11.6065,0.3218,1.474,6.2017,,11.01779332,24.0083,0.0059,0.0131,,0,0,0,0,0.9709,0.1402,0.028057864,25.09091203
11,40,11040,0,0,0,0,0,0,1.20933202,0,0,0.350146351,0,0,0,0.20698494,0.218312323,0,0,0.011174055,36.65940016,0.786186,6.15276,17.94555,10.42551,4.44366,13.84371,0.51273,2.46754252,0.000733225,2.38E-05,0.000275818,0.002815488,0.002382738,0,0,0.680977306,1273.484589,0.000346311,0.073694679,31.99937602,0,0.1755,0.6278,0.3059,,6.009225991,13.0944,0,0.0108,,0,0,0,0,0,0,0.013055163,1.113844973
11,41,11041,24.23865864,8.817764456,6.120491148,0.145339573,0.331150808,0.641229912,1.215696925,1.337685051,8.795806214,0.351989227,0.066823691,0.434353994,0,14.48894577,3.34745562,0,0,0.134088664,112.1360237,2.404834,18.82044,54.89295,31.89019,13.59254,42.34599,1.56837,110.7491143,0.032908846,0.001067059,0.004764617,0.048636179,0.021785033,2.54E-05,0,2.083015188,171.0671356,0.001059317,0.225421809,137.6997136,42.2848,0.5369,3.1663,0.684,,18.38138936,40.054,0,0.0685,,0,0,0,0,0,0,0.035753657,1.982408852
11,42,11042,10.69352587,3.890190201,2.700216683,0.0641204,0.146095945,0.28289555,8.325296222,2.675370101,11.23908572,2.410481196,0,0.501177686,0,7.658442765,3.90536489,0,0,0.290525438,269.3375203,5.776128,45.20448,131.8464,76.59648,32.64768,101.71008,3.76704,71.30472135,0.021188035,0.000687015,0.005402784,0.055150446,0.425829312,2.54E-05,0.009739546,5.003157122,2082.912926,0.002544355,0.541436633,291.2175063,46.1098,1.2895,5.2409,22.574,,44.14993209,96.205,0,0.0108,,0,0,0,0,0,0,0.390171338,89.49903962
11,43,11043,0,0,0,0,0,0,4.487258285,0,0.732983851,1.29922725,0,0,0,0.620954819,0.218312323,0,0,0.011174055,42.83472127,0.91862,7.1892,20.9685,12.1817,5.1922,16.1757,0.5991,3.22957771,0.000959662,3.11E-05,0.000362349,0.003698779,0.002042347,5.08E-05,0.009739546,0.795688772,1028.444182,0.000404647,0.086108639,40.20087273,5.9003,0.2051,0.7643,1.6528,,7.021487511,15.3002,0,0,,0,0,0,0,0,0,0,1.804328056
11,44,11044,4.63386121,1.685749087,1.170093896,0.027785507,0.063308243,0.122588071,1.610321058,2.140296081,6.59685466,0.46624751,68.56110738,0.167059229,0.56626484,2.897789154,2.498463253,0,0,0.458136268,110.4736847,2.369184,18.54144,54.0792,31.41744,13.39104,41.71824,1.54512,174.2157594,0.051767815,0.001678555,0.002996138,0.030583931,0.102798123,0,0,2.05213593,216.0239073,0.001043614,0.222080087,111.3728398,16.5103,0.5289,1.4467,7.4597,,18.10889798,39.4602,0,0.02,,0,0,0,0,1.4849,0.2144,0.756367956,27.56052306
11,45,11045,0,0,0,0,0,0,4.818233364,0,0,1.395056778,0,0,0,0.413969879,0.145541549,0,0,0,22.07157145,0.47334,3.7044,10.8045,6.2769,2.6754,8.3349,0.3087,0,0.000226437,7.34E-06,0.000248777,0.00253946,0,0,0,0.409996868,758.8463292,0.000208504,0.044369449,23.25658711,0,0.1057,0.1092,1.323,,3.617982298,7.8838,0.0015,0,,0,0,0,0,0,0,0,0.330961478
11,46,11046,2.138705174,0.77803804,0.540043337,0.01282408,0.029219189,0.05657911,7.326006079,4.013055152,9.528790065,2.121149738,0.066823691,0.066823691,0,2.690804215,2.183123231,0,0,0.33522166,129.9584423,2.787048,21.81168,63.6174,36.95868,15.75288,49.07628,1.81764,33.05781229,0.009823053,0.000318509,0.002860934,0.02920379,0.182109258,2.54E-05,0,2.414080687,1240.433627,0.001227681,0.261249384,159.1167612,26.6635,0.6222,1.9107,6.3542,,21.30284854,46.42,0,0,,0,0,0,0,0,0,0.12888736,21.77289722
12,1,12001,130.4610156,47.46032046,32.94264353,0.782268878,1.782370525,3.451325704,13.02157333,155.9740769,162.478087,1.483537804,0,10.69179062,0.02194825,34.35949997,25.13017408,0.024256925,0.268177328,2.972298715,1528.71479,32.784338,256.57308,748.33815,434.74883,185.30278,577.28943,21.38109,285.7994836,0.084924664,0.002753656,0,1.641871296,0.01191369,2.54E-05,0.009739546,0,10031.17718,0.014441335,3.073103916,1649.173712,433.102,7.3187,14.6853,8.3683,,112.9486107,594.5908,0.1922,0.187,,4.330629048,51.52212,7.52,5.2,0,0,8.347402444,1.626951687
12,2,12002,0,0,0,0,0,0,6.612072344,0,0.24432795,0.753308301,0,0,0,0,0.169798473,0,0,0.134088664,52.33472029,1.122354,8.78364,25.61895,14.88339,6.34374,19.76319,0.73197,0,0.000722442,2.34E-05,0,0.002429049,0.000680782,0,0.009739546,0,2043.489124,0.000494391,0.105206043,32.52710351,0,0.2506,0.3003,2.0175,,3.866734324,20.3555,0,0,,0,0,0,0,0,0,0,0.437420733
12,3,12003,0,0,0,0,0,0,14.6077938,0,1.465967702,1.664254677,0,0.100235537,0,0,0.703450819,0,0,0.044696221,77.40279177,1.659956,12.99096,37.8903,22.01246,9.38236,29.22966,1.08258,10.12418181,0.003008378,9.75E-05,0,0.012476477,0.009190561,2.54E-05,0.019479093,0,2175.246814,0.000731202,0.155599216,59.04619712,4.3952,0.3706,1.0373,6.2582,,5.718880889,30.1057,0,0,,0,0,0,0,0,0,0.032091572,1.292550107
12,4,12004,0,0,0,0,0,0,3.207055357,0,0.24432795,0.365377343,0,0,0,0,0.145541549,0,0,0.067044332,36.33765713,0.779286,6.09876,17.78805,10.33401,4.40466,13.72221,0.50823,1.19748387,0.00035583,1.15E-05,0,0.002263432,0.002723129,0,0,0,1312.630663,0.000343272,0.073047894,21.31497788,0,0.174,0.273,1.4538,,2.684796351,14.1335,0,0.0177,,0,0,0,0,0,0,0,0.308822792
12,5,12005,0,0,0,0,0,0,0.804928781,0,0.488655901,0.091704915,0,0,0,0.620954819,0.097027699,0,0,0.011174055,11.95168087,0.256312,2.00592,5.8506,3.39892,1.44872,4.51332,0.16716,0,0.000409743,1.33E-05,0,0.002981105,0.00306352,0,0,0,270.1599637,0.000112904,0.024025906,10.14996369,0,0.0572,0.0546,0.2992,,0.883046176,4.6486,0,0,,0,0,0,0,0,0,0,0.055146927
12,6,12006,0,0,0,0,0,0,4.762169614,1.337685051,0,0.54255031,0,0.066823691,0,3.311759033,0.460881571,0,0,0.022348111,25.51422181,0.54717,4.2822,12.48975,7.25595,3.0927,9.63495,0.35685,0,0.001595842,5.17E-05,0,0.004582069,0.001701956,0,0,0,633.476112,0.000241026,0.051290048,21.11723463,4.7859,0.1221,0.3548,1.311,,1.885110241,9.9237,0,0,,0,0,0,0,0,0,0.000301698,0.292865384
12,7,12007,1.782254312,0.648365034,0.450036114,0.010686733,0.024349324,0.047149258,5.822413746,1.872759071,5.863870809,0.663343106,0,0,0,0,0.970276991,0,0,0.100566498,65.24090546,1.399136,10.94976,31.9368,18.55376,7.90816,24.63696,0.91248,13.39004691,0.003978822,0.000129012,0,0.021088559,0.008169387,2.54E-05,0,0,1061.99062,0.000616312,0.131150744,56.75014168,20.677,0.3123,1.4194,3.4712,,4.82030375,25.3753,0,0.0131,,0,0,0,0,0,0,0,0.54536791
12,8,12008,0,0,0,0,0,0,4.701873515,0,0.977311802,0.535680822,0,0,0,0,0.194055398,0,0,0,15.70105957,0.33672,2.6352,7.686,4.4652,1.9032,5.9292,0.2196,3.30215249,0.000981227,3.18E-05,0,0.005410154,0.002382738,0,0,0,456.3716848,0.000148323,0.031563106,14.21870081,3.6454,0.0752,0.1638,0.9706,,1.160067841,6.1069,0,0,,0,0,0,0,0,0,0,0.216598357
12,9,12009,0,0,0,0,0,0,0.695525161,0,0,0.079240645,0,0,0,0,0,0,0,0,11.57416905,0.248216,1.94256,5.6658,3.29156,1.40296,4.37076,0.16188,0.14514956,4.31E-05,1.40E-06,0,0.00038644,0,0,0,0,398.1931124,0.000109338,0.023267011,7.349236158,12.6182,0.0554,0,0.6223,,0.855153835,4.5018,0,0,,0,0,0,0,0,0,0,0.135168639
12,10,12010,0,0,0,0,0,0,4.378830675,0,0.488655901,0.4988768,0,0,0,0.20698494,0.072770774,0,0,0,52.29825608,1.121572,8.77752,25.6011,14.87302,6.33932,19.74942,0.73146,0,0.000366612,1.19E-05,0,0.002429049,0,0,0,0,1930.261298,0.000494047,0.105132741,34.70874166,0,0.2504,0.5186,1.2608,,3.864040177,20.3413,0,0,,0,0,0,0,0,0,0,0.278315982
12,11,12011,3.920959485,1.426403074,0.99007945,0.023510813,0.053568513,0.103728368,10.99588243,0.53507402,6.108198759,1.252752401,0,0.066823691,0,1.034924698,1.309873938,0,0,0.35756977,123.5493212,2.6496,20.736,60.48,35.136,14.976,46.656,1.728,21.33698532,0.006340236,0.00020558,0,0.027602826,0.005786649,0,0,0,2992.533151,0.001167135,0.248365428,111.2768308,24.8522,0.5915,2.0745,27.9882,,9.128402683,48.0543,0,0.0347,,0,0,0,0,0,0,0,1.085103793
12,12,12012,0,0,0,0,0,0,7.990281829,0.26753701,3.664919256,0.910326644,0,0,0,2.483819275,1.140075465,0,0,0.111740553,124.203532,2.66363,20.8458,60.80025,35.32205,15.0553,46.90305,1.73715,9.50729618,0.002825071,9.16E-05,0,0.021530204,0.001361565,0,0,0,3819.037591,0.001173316,0.249680557,83.08930482,10.9075,0.5946,1.4194,3.5717,,9.176738843,48.3087,0,0,,0,0,0,0,0,0,0,0.731928791
12,13,12013,0,0,0,0,0,0,6.486674263,0,0.24432795,0.739021794,0,0,0,1.034924698,0.266826173,0,0,0.022348111,27.35673686,0.586684,4.59144,13.3917,7.77994,3.31604,10.33074,0.38262,0,0.000894965,2.90E-05,0,0.002870694,0.001701956,0,0,0,856.7253094,0.000258431,0.05499397,23.4940894,11.5666,0.131,0.4913,0.9563,,2.021243886,10.6404,0,0,,0,0,0,0,0,0,0.003948319,0.32595354
12,14,12014,0,0,0,0,0,0,1.78316358,0,3.420591305,0.203154451,0,0,0,3.518743973,0.460881571,0,0,0.044696221,29.91566637,0.641562,5.02092,14.64435,8.50767,3.62622,11.29707,0.41841,7.76550146,0,0,0,0.008446465,0.006807823,2.54E-05,0,0,506.7851134,0.000282605,0.060138066,31.52435383,0,0.1432,0.9281,1.4426,,2.210309587,11.6356,0,0,,0,0,0,0,0,0,0,0.110293854
12,15,12015,0,0,0,0,0,0,2.272654434,1.605222061,1.954623603,0.258921766,0,1.837651514,0,0.827939758,0.485138496,0,0,0.033522166,24.90934492,0.534198,4.18068,12.19365,7.08393,3.01938,9.40653,0.34839,25.98177124,0.007720424,0.000250332,0,0.006403856,0.003744303,0,0,0,177.2273952,0.000235312,0.050074092,24.38771699,5.6159,0.1193,1.2283,0.2929,,1.840419103,9.6884,0,0,,0,0,0,0,2.1863,0.3157,0.158942806,0.091520432
12,16,12016,0,0,0,0,0,0,18.59279106,0,0.977311802,2.11826234,0,0,0,0,0.072770774,0,0,0.033522166,27.39320107,0.587466,4.59756,13.40955,7.79031,3.32046,10.34451,0.38313,0,0.000226437,7.34E-06,0,0.002097815,0,0,0,0,862.7214565,0.000258776,0.055067272,22.21414198,2.3047,0.1311,0,4.0952,,2.023938032,10.6545,0,0.0131,,0,0,0,0,0,0,0,0.422167328
12,17,12017,0.712901725,0.259346013,0.180014446,0.004274693,0.00973973,0.018859703,3.398543757,0,0,0.387193468,0,0,0,0.20698494,0.291083097,0,0,0.022348111,27.9637587,0.599702,4.69332,13.68885,7.95257,3.38962,10.55997,0.39111,3.84646334,0.001142968,3.71E-05,0,0.002705077,0.009871343,0,0,0,565.5809479,0.000264166,0.056214238,25.88179838,4.056,0.1339,0.6824,1.3548,,2.066093503,10.8765,0,0,,0,0,0,0,2.4748,0.3573,0,0.338390932
12,18,12018,0.356450862,0.129673007,0.090007223,0.002137347,0.004869865,0.009429852,2.333229682,0.26753701,0,0.265823058,0,0,0,0,0.169798473,0,0,0.011174055,24.65624041,0.52877,4.1382,12.06975,7.01195,2.9887,9.31095,0.34485,0,0.000851834,2.76E-05,0,0.009164138,0.00306352,0,0,0,762.1083746,0.000232921,0.049565288,22.31492132,5.2371,0.118,0.5186,1.5102,,1.821718556,9.59,0,0.0108,,0,0,0,0,0,0,0.021440292,0.220587709
12,19,12019,0,0,0,0,0,0,6.027316369,0,0.24432795,0.686687504,0,0,0,0.20698494,0.291083097,0,0,0,30.87017068,0.662032,5.18112,15.1116,8.77912,3.74192,11.65752,0.43176,99.89918467,0.029684815,0.000962521,0,0.002484254,0,0,0,0,1163.690433,0.000291622,0.062056862,19.75182038,0,0.1478,0.5459,1.0302,,2.280832837,12.0069,0,0,,0,0,0,0,0,0,0,0.241473141
12,20,12020,0,0,0,0,0,0,2.354354442,0,0,0.268229785,0,0,0,0.20698494,0.242569248,0,0,0.011174055,40.47741738,0.868066,6.79356,19.81455,11.51131,4.90646,15.28551,0.56613,0,0.000312699,1.01E-05,0,0.001104113,0,0,0,0,1403.706283,0.000382379,0.081369861,24.50182165,0,0.1938,0.273,1.139,,2.990661233,15.7436,0,0,,0,0,0,0,0,0,0.010880833,0.251329187
12,21,12021,3.920959485,1.426403074,0.99007945,0.023510813,0.053568513,0.103728368,13.85760832,3.210444122,3.909247206,1.578786625,0,0,0.002194825,3.932713852,1.091561615,0,0,0.089392443,148.3063745,3.180532,24.89112,72.5991,42.17662,17.97692,56.00502,2.07426,15.02297946,0.004464044,0.000144745,0,0.026719536,0.009530952,2.54E-05,0,0,3827.670323,0.001401008,0.298133375,127.9150893,18.7197,0.71,2.7023,9.417,,10.95756976,57.6835,0,0,,0,0,0,0,0,0,0.0712993,1.404251968
12,22,12022,0,0,0,0,0,0,26.24690252,0.53507402,2.687607454,2.990289354,0,0.23388292,0,0.20698494,0.50939542,0,0,0.078218387,87.03792286,1.866588,14.60808,42.6069,24.75258,10.55028,32.86818,1.21734,0,0.002426111,7.87E-05,0,0.016064845,0.025529335,5.08E-05,0.019479093,0,1624.287689,0.000822223,0.17496827,76.1081527,9.6458,0.4167,0.4094,6.1121,,6.430769515,33.8532,0,0.0608,,0,0,0,0,0,0,0.68866034,1.56335672
12,23,12023,0.712901725,0.259346013,0.180014446,0.004274693,0.00973973,0.018859703,4.769668903,1.605222061,7.574166462,0.543404698,0,0.835296143,0.028532724,2.897789154,1.212846239,0,0,0.178784885,48.47594895,1.0396,8.136,23.73,13.786,5.876,18.306,0.678,14.18836949,0.004216042,0.000136704,0,0.019487595,0.016338775,0,0,0,1427.147263,0.000457939,0.097448935,43.14085787,13.0658,0.2321,1.2829,2.9592,,3.581630219,18.8546,0,0.0131,,0,0,0,0,0,0,0,0.313046812
12,24,12024,0,0,0,0,0,0,1.787720492,0,0,0.203673616,0,0.300706611,0,0.20698494,0.145541549,0,0,0,15.19056064,0.325772,2.54952,7.4361,4.32002,1.84132,5.73642,0.21246,0,0.000506788,1.64E-05,0,0.000828085,0.000340391,0,0,0,530.5184063,0.000143501,0.030536874,11.00938157,0,0.0727,0.3548,0.731,,1.122349788,5.9083,0,0,,0,0,0,0,0,0,0,0.162390101
12,25,12025,0,0,0,0,0,0,2.31572631,0,0,0.263828912,0,0,0,0,0.04851385,0,0,0,31.76890619,0.681306,5.33196,15.55155,9.03471,3.85086,11.99691,0.44433,2.5401173,0.00075479,2.45E-05,0,0.003201928,0,0,0,0,1197.478672,0.000300112,0.063863548,23.03633899,0,0.1521,1.2283,2.7563,,2.347235627,12.3565,0,0,,0,0,0,0,0,0,0,0.498199687
12,26,12026,0,0,0,0,0,0,2.855826053,0,0,0.325362059,0,0,0,0,0.072770774,0,0,0,18.30717807,0.39261,3.0726,8.96175,5.20635,2.2191,6.91335,0.25605,0,0.000463657,1.50E-05,0,0.002318637,0.000340391,0,0,0,594.8100271,0.000172943,0.036802065,16.12858507,0,0.0876,0.1365,0.8699,,1.352620085,7.1205,0,0,,0,0,0,0,0,0,0,0.202048955
12,27,12027,0,0,0,0,0,0,10.17605315,1.070148041,2.687607454,1.159349884,0,0,0,0,0.412367721,0,0,0.067044332,41.42334187,0.888352,6.95232,20.2776,11.78032,5.02112,15.64272,0.57936,4.3544868,0.001293926,4.20E-05,0,0.013194151,0.021444642,2.54E-05,0,0,626.7479298,0.000391315,0.083271409,41.70709186,5.335,0.1983,1.0373,3.1403,,3.060550566,16.1115,0,0,,0,0,0,0,0,0,0,0.755160901
12,28,12028,3.564508623,1.296730067,0.900072228,0.021373467,0.048698648,0.094298517,6.695990451,2.942907112,5.375214908,0.762869026,0.100235537,11.05932093,0,74.92854813,3.032115598,0,0,0.290525438,248.0681614,5.319992,41.63472,121.4346,70.54772,30.06952,93.67812,3.46956,123.7762873,0.036779841,0.001192575,0,0.045986308,0.003403911,0,0,0,7262.25872,0.00234343,0.498679834,171.2240073,29.1472,1.1876,4.9406,3.252,,18.32843797,96.4857,0,0.04,,0,0,0,0,0,0,0.058536129,1.045914275
12,29,12029,68.79501642,25.0268903,17.37139399,0.412507906,0.939883911,1.819961369,16.44929189,43.34099564,59.61601989,1.874055134,0,2.439064736,0.015363775,38.91316864,9.848311463,0,0.011174055,2.12307051,477.9921613,10.25087,80.2242,233.98725,135.93545,57.9397,180.50445,6.68535,127.9856245,0.038030636,0.001233131,0,0.294908593,0.007148214,0.000203286,0,0,3123.075462,0.004515456,0.960885309,415.9727539,154.7697,2.2884,9.6082,3.3543,,35.31630027,185.9142,0.0519,0.117,,0,0,0,0,0,0,2.824015257,0.730286117
12,30,12030,2.138705174,0.77803804,0.540043337,0.01282408,0.029219189,0.05657911,1.874362184,0.53507402,1.710295653,0.213544638,0,0.033411846,0,0.827939758,0.60642312,0,0,0.067044332,38.97594993,0.835866,6.54156,19.07955,11.08431,4.72446,14.71851,0.54513,7.07604105,0.002102629,6.82E-05,0,0.013635796,0.004084694,0,0,0,1249.971629,0.000368195,0.078351531,32.10892336,7.9123,0.1866,0.7643,2.0837,,2.879725784,15.1596,0,0,,0,0,0,0,0,0,0,0.279019985
12,31,12031,0,0,0,0,0,0,2.003743791,0.53507402,0.732983851,0.228284984,0,0.100235537,0,0,0.121284624,0,0,0.011174055,12.91047508,0.276874,2.16684,6.31995,3.67159,1.56494,4.87539,0.18057,1.66921994,0.000496005,1.61E-05,0,0.00165617,0,0,0,0,432.4805963,0.000121962,0.025953325,10.59477521,0,0.0618,0,1.065,,0.953886384,5.0215,0,0,,0,0,0,0,0,0,0,0.234902443
12,32,12032,0,0,0,0,0,0,12.43058555,1.605222061,1.221639752,1.416207022,0,0.066823691,0,0,0.630680044,0,0,0.022348111,75.07766218,1.610092,12.60072,36.7521,21.35122,9.10052,28.35162,1.05006,5.11652199,0.001520363,4.93E-05,0,0.007066323,0,0,0,0,2649.661897,0.000709237,0.150925116,48.67797162,5.2506,0.3594,0.7643,4.5919,,5.547089422,29.2013,0,0.0116,,0,0,0,0,0,0,0,0.995695371
12,33,12033,0,0,0,0,0,0,2.126501277,0.53507402,0.488655901,0.24227065,0,0,0,0.20698494,0.266826173,0,0,0.055870277,28.22973293,0.605406,4.73796,13.81905,8.02821,3.42186,10.66041,0.39483,2.61269208,0.000776355,2.52E-05,0,0.005907005,0.006807823,2.54E-05,0,0,598.9988408,0.000266678,0.056748913,24.98564983,5.5949,0.1351,0.4367,0.96,,2.085744925,10.9799,0,0,,0,0,0,0,0,0,0,0.185387543
12,34,12034,0,0,0,0,0,0,10.04088486,1.337685051,3.176263355,1.143950266,0,0.133647383,0,3.932713852,1.018790841,0,0,0.044696221,72.16481534,1.547624,12.11184,35.3262,20.52284,8.74744,27.25164,1.00932,30.95314367,0.009197656,0.000298231,0,0.020426091,0.032677549,0,0.019479093,0,1049.481725,0.000681721,0.145069557,69.69278134,9.107,0.3455,1.5013,3.005,,5.33187465,28.0684,0,0.0362,,0,0,0,0,0,0,0.077543154,0.707523343
12,35,12035,22.45640432,8.169399423,5.670455035,0.13465284,0.306801484,0.594080654,4.288937279,10.4339434,39.33680001,0.488635315,0.133647383,5.112012392,0,20.9054789,7.39836206,0,0.011174055,0.681617374,269.7257569,5.784454,45.26964,132.03645,76.70689,32.69474,101.85669,3.77247,121.4538943,0.036089747,0.001170199,0,0.183834821,0.024848553,7.62E-05,0,0,800.1384444,0.002548023,0.542217087,267.5515911,90.1962,1.2913,5.2681,1.9336,,19.92860259,104.9093,0,0.0693,,0,0,0,0,1.3664,0.1973,0.253872093,0.479660933
12,36,12036,0,0,0,0,0,0,1.34101482,0,0,0.152780784,0,0.133647383,0,0,0.242569248,0,0,0.033522166,23.04538033,0.494224,3.86784,11.2812,6.55384,2.79344,8.70264,0.32232,4.49963636,0.001337057,4.34E-05,0,0.005741388,0.001701956,0,0,0,823.7384711,0.000217703,0.046327051,16.36779009,3.4967,0.1103,0.8189,1.4925,,1.702700667,8.9635,0,0,,0,0,0,0,0,0,0.051190419,0.277846646
12,37,12037,0,0,0,0,0,0,1.618118852,0.26753701,0.24432795,0.184351032,0,0.100235537,0,2.069849396,0.121284624,0,0,1.620238021,12.43644036,0.266708,2.08728,6.0879,3.53678,1.50748,4.69638,0.17394,7.6203519,0.00226437,7.34E-05,0,0.002263432,0.000340391,0,0,0,397.4574014,0.000117484,0.025000395,10.90822162,0,0.0595,0.7097,0.6364,,0.918862478,4.8371,0,0,,0,0,0,0,0,0,0.009549423,0.132117958
12,38,12038,38.14024227,13.87501172,9.630772836,0.228696093,0.521075536,1.008994127,10.82920807,21.40296081,23.94413914,1.233763321,0,1.436709365,0,84.24287041,5.724634249,0,0,1.106231477,228.4547067,4.899368,38.34288,111.8334,64.96988,27.69208,86.27148,3.19524,65.93418763,0.019592193,0.000635271,0,0.470186538,0.012934863,0.000152464,0.009739546,0,1068.333397,0.002158147,0.459251823,300.4002992,90.4056,1.0937,4.8314,3.9687,,16.87930404,88.857,0.0296,0.0647,,0,22.44879,3.439,0,0,0,0.30139586,0.562733325
12,39,12039,0.712901725,0.259346013,0.180014446,0.004274693,0.00973973,0.018859703,3.062909052,1.070148041,3.664919256,0.348954865,0,0.066823691,0,1.862864456,0.848992367,0,0,0.067044332,49.05294144,1.051974,8.23284,24.01245,13.95009,5.94594,18.52389,0.68607,0,0.00226437,7.34E-05,0,0.014463881,0.000680782,2.54E-05,0,0,1269.363523,0.000463389,0.098608836,41.63688819,8.4239,0.2348,1.6378,1.977,,3.624261128,19.0791,0,0,,0,0,0,0,0,0,0.14452685,0.417473972
12,40,12040,0.356450862,0.129673007,0.090007223,0.002137347,0.004869865,0.009429852,5.369295201,0.80261103,0.732983851,0.61171966,0,58.67120105,0,5.588593369,0.654936969,0,0,0.111740553,48.5016884,1.040152,8.14032,23.7426,13.79332,5.87912,18.31572,0.67836,98.04852778,0.029134896,0.00094469,0,0.009826606,0.001361565,2.54E-05,0.009739546,0,1370.496622,0.000458182,0.097500678,36.58595718,6.253,0.2322,0.9827,2.3115,,3.58353197,18.8646,0,0.0177,,0,0,0,0,0,0,0,0.603096183
12,41,12041,0,0,0,0,0,0,5.870389584,0,0.24432795,0.668808956,0,0,0,0,0,0,0,0.067044332,58.78459544,1.260676,9.86616,28.7763,16.71766,7.12556,22.19886,0.82218,0,0.000258785,8.39E-06,0,0.001766581,0,0,0.009739546,0,1999.031572,0.000555321,0.118171926,37.35185896,0,0.2814,0.1365,4.4025,,4.343281318,22.8642,0,0.0116,,0,0,0,0,0,0,0,0.41348462
12,42,12042,0,0,0,0,0,0,4.708761695,0,0,0.536465587,0,5.145424238,0,0.827939758,0.388110797,0,0,0.067044332,35.01851074,0.750996,5.87736,17.1423,9.95886,4.24476,13.22406,0.48978,26.67123165,0.007925296,0.000256975,0,0.003257133,0.003403911,2.54E-05,0,0,1220.450114,0.00033081,0.070396076,24.80103688,0,0.1677,0.6551,1.0672,,2.587331635,13.6204,0,0,,0,0,0,0,0,0,0,0.261419902
12,43,12043,0,0,0,0,0,0,8.899740447,0,0,1.013940563,0,0,0,0,0,0,0,0.022348111,38.19518686,0.819122,6.41052,18.69735,10.86227,4.62982,14.42367,0.53421,0,0.000312699,1.01E-05,0,0.002318637,0.000340391,0,0,0,1445.598948,0.000360819,0.076782,24.2124058,0,0.1829,0.4094,1.3869,,2.82203935,14.8559,0,0,,0,0,0,0,0,0,0,0.360684371
12,44,12044,0,0,0,0,0,0,3.891920059,1.070148041,0,0.44340345,0,0,0,0,0.218312323,0,0,0.033522166,23.89049201,0.512348,4.00968,11.6949,6.79418,2.89588,9.02178,0.33414,0,0.000442091,1.43E-05,0,0.003146722,0.000680782,0,0,0,711.8945788,0.000225687,0.04802594,19.10427433,0,0.1144,0,1.0417,,1.765141477,9.2922,0,0,,0,0,0,0,0,0,0,0.224577061
12,45,12045,0,0,0,0,0,0,5.361456406,0.53507402,0.488655901,0.610826592,0,7.818371894,0,20.49150902,0.60642312,0,0,0.18995894,47.45066118,1.017612,7.96392,23.2281,13.49442,5.75172,17.91882,0.66366,17.7808211,0.00528353,0.000171317,0,0.007011118,0.003744303,0,0,0,1517.842566,0.000448253,0.095387847,34.31323011,0,0.2272,0.737,1.4394,,3.505877155,18.4558,0,0.0154,,0,0,0,0,0,0,0,0.374999105
12,46,12046,2.495156036,0.907711047,0.630050559,0.014961427,0.034089054,0.066008962,4.607038434,3.210444122,8.551478263,0.524876334,0,2.071534433,0,1.448894577,1.867783208,0,0,0.089392443,127.1742926,2.72734,21.3444,62.2545,36.1669,15.4154,48.0249,1.7787,48.04450436,0.014276315,0.000462905,0,0.034337916,0.002382738,0,0,0,3948.036527,0.001201379,0.255652539,93.37286043,24.7837,0.6088,2.0199,4.037,,9.396232553,49.4642,0,0.0516,,0,0,0,0,0,0,0.03783247,0.805145137
12,47,12047,0,0,0,0,0,0,2.361204899,0,0,0.269010252,0,0,0,0,0.04851385,0,0,0,14.45055169,0.309902,2.42532,7.07385,4.10957,1.75162,5.45697,0.20211,0,0.000269568,8.74E-06,0,0.000772879,0,0,0,0,531.5899501,0.00013651,0.029049269,10.82194799,0,0.0692,0.3003,1.0731,,1.06767446,5.6205,0,0,,0,0,0,0,0,0,0,0.230443755
12,48,12048,2.138705174,0.77803804,0.540043337,0.01282408,0.029219189,0.05657911,15.01767449,2.407833091,7.085510561,1.710952068,0,0.601413223,0,8.486382523,1.455415487,0,0,0.156436774,92.78854318,1.989914,15.57324,45.42195,26.38799,11.24734,35.03979,1.29777,19.63147799,0.005833449,0.000189148,0,0.042894792,0.02110425,0,0.019479093,0,1733.414972,0.000876547,0.186528473,86.82042061,15.1708,0.4442,1.5559,5.671,,6.855652285,36.0899,0,0.01,,0,0,0,0.2,0,0,0.128773771,0.746712861
12,49,12049,0.712901725,0.259346013,0.180014446,0.004274693,0.00973973,0.018859703,1.159787017,0,0.24432795,0.13213364,0,0.033411846,0,0.620954819,0.169798473,0,0,0.178784885,23.45077655,0.502918,3.93588,11.47965,6.66913,2.84258,8.85573,0.32799,11.03136656,0.003277945,0.000106286,0,0.005796593,0.014296428,0,0,0,408.2497114,0.000221533,0.047142,21.33099153,0,0.1123,0.4367,0.6662,,1.732653238,9.1211,0,0,,0,0,0,0,0,0,0.082822884,0.23631045
12,50,12050,9.624173282,3.501171181,2.430195015,0.05770836,0.13148635,0.254605995,0.983289652,5.083203193,18.81325218,0.112025431,0,0.501177686,0.010974125,1.448894577,3.34745562,0,0,0.592224932,79.05869587,1.695468,13.26888,38.7009,22.48338,9.58308,29.85498,1.10574,28.26787681,0.008399735,0.000272359,0,0.070773646,0.006807823,0,0,0,253.6060308,0.000746845,0.158928002,75.83685792,45.4972,0.3785,2.5385,0.5173,,5.841226842,30.7497,0.0089,0,,0,0,0,0,0,0,0.002394121,0.128128605
12,51,12051,0,0,0,0,0,0,6.252083809,0.53507402,1.221639752,0.712295085,0,0,0,0.827939758,0.436624646,0,0,0.078218387,75.19777958,1.612668,12.62088,36.8109,21.38538,9.11508,28.39698,1.05174,0,0.001186099,3.85E-05,0,0.007894408,0.002723129,0,0,0,2598.745384,0.000710372,0.151166583,53.34346119,4.3527,0.36,0.4367,3.0798,,5.555964258,29.248,0,0.0146,,0,0,0,0,0,0,0,0.673261848
12,52,12052,0,0,0,0,0,0,8.143541959,1.872759071,1.954623603,0.927787453,0,0.100235537,0,5.17462349,0.533652345,0,0,0.145262719,98.44907545,2.111308,16.52328,48.1929,27.99778,11.93348,37.17738,1.37694,23.18764221,0.006890155,0.000223411,0,0.013746207,0.002382738,5.08E-05,0,0,3273.228133,0.00093002,0.197907577,60.48254882,6.3862,0.4713,1.474,8.8095,,7.273878929,38.2916,0,0.0162,,0,0,0,0,0,0,0,1.298416801
12,53,12053,0,0,0,0,0,0,9.105963366,0.80261103,2.687607454,1.037435381,0,0.267294766,0,2.276834336,1.334130863,0,0,0.033522166,92.28662406,1.97915,15.489,45.17625,26.24525,11.1865,34.85025,1.29075,17.23651025,0.00512179,0.000166072,0,0.030639137,0.010552125,0,0,0,2902.646072,0.000871806,0.185519488,82.47329213,15.7573,0.4418,2.4566,8.964,,6.81856815,35.8947,0,0,,0,0,0,0,0,0,0,1.511729809
12,54,12054,0,0,0,0,0,0,18.60668813,0.53507402,0.732983851,2.119845623,0,0,0,0,0.242569248,0,0,0.134088664,57.97380302,1.243288,9.73008,28.3794,16.48708,7.02728,21.89268,0.81084,0,0.00122923,3.99E-05,0,0.004361247,0.004765476,0,0,0,2000.909986,0.000547662,0.116542028,38.8216341,4.0906,0.2775,0.8462,3.7731,,4.283376175,22.5488,0,0,,0,0,0,0,0,0,0.018364276,0.832131932
12,55,12055,7.485468108,2.723133141,1.890151678,0.04488428,0.102267161,0.198026885,4.928881689,3.745518142,19.05758013,0.561543688,1.603768594,119.4473484,0,13.86799095,7.034508188,0,0.011174055,1.285016362,208.3865218,4.468992,34.97472,102.0096,59.26272,25.25952,78.69312,2.91456,281.6264338,0.083684652,0.002713449,0,0.11388926,0.003744303,5.08E-05,0.009739546,0,2018.090148,0.001968568,0.418909688,199.661212,33.7795,0.9977,4.5039,1.9536,,15.39657252,81.0516,0.0258,0.0277,,0,0,0,0,0,0,4.792984124,0.506178392
12,56,12056,0,0,0,0,0,0,5.245157061,0,0.488655901,0.597576697,0,0.033411846,0,2.276834336,0.412367721,0,0,0,91.98633057,1.97271,15.4386,45.02925,26.15985,11.1501,34.73685,1.28655,4.78993548,0.001423318,4.62E-05,0,0.004637275,0.000680782,0,0,0,3166.030708,0.000868969,0.184915822,64.27410635,5.3409,0.4404,0.9554,2.8501,,6.79638106,35.7779,0,0,,0,0,0,0,0,0,0,0.578690734
12,57,12057,4.63386121,1.685749087,1.170093896,0.027785507,0.063308243,0.122588071,20.87601542,1.337685051,8.307150313,2.37838833,0,0.200471074,0.00438965,185.2515209,1.212846239,0,0,2.033678068,122.0542886,2.617538,20.48508,59.74815,34.71083,14.79478,46.09143,1.70709,60.49107913,0.017974786,0.000582827,0,0.045213429,0.027571682,5.08E-05,0.019479093,0,2296.878781,0.001153012,0.245360034,119.1580473,32.4252,0.5843,2.2383,9.2479,,9.017942671,47.4728,0,0.0123,,0,0,0,0,0,0,0,0.778862347
12,58,12058,6.416115521,2.334114121,1.62013001,0.03847224,0.087657567,0.16973733,7.611250833,2.942907112,11.48341367,0.867143935,0,0.167059229,0,3.725728913,1.867783208,0,0,0.078218387,106.958106,2.29379,17.9514,52.35825,30.41765,12.9649,40.39065,1.49595,19.30489148,0.005736404,0.000186001,0,0.031191193,0.00612704,2.54E-05,0,0,2785.799655,0.001010403,0.215012883,91.82457354,25.174,0.5121,3.3301,3.3263,,7.902565968,41.6012,0,0,,0,0,0,0,0,0,0.044395637,0.715971383
12,59,12059,0,0,0,0,0,0,6.455115381,0,0.977311802,0.735426315,0,0,0,1.034924698,0.582166195,0,0,0.055870277,59.98791435,1.286482,10.06812,29.36535,17.05987,7.27142,22.65327,0.83901,7.00346627,0.002081064,6.75E-05,0,0.008998521,0.008169387,2.54E-05,0,0,1101.478566,0.000566689,0.120590901,54.78064286,10.7952,0.2872,0.6005,1.9842,,4.432188157,23.3322,0,0.0116,,0,0,0,0,0,0,0.073365282,0.479191597
12,60,12060,0,0,0,0,0,0,1.720815361,0,0.977311802,0.196051166,0,0.066823691,0,1.448894577,0.097027699,0,0,1.329712583,26.52234995,0.56879,4.4514,12.98325,7.54265,3.2149,10.01565,0.37095,6.42286803,0.001908541,6.19E-05,0,0.002263432,0.000680782,0,0.009739546,0,863.6186849,0.000250549,0.053316641,21.4541352,0,0.127,0.273,0.697,,1.959595472,10.3158,0,0,,0,0,0,0,0,0,0,0.181867526
12,61,12061,0.356450862,0.129673007,0.090007223,0.002137347,0.004869865,0.009429852,2.912425319,0.80261103,3.909247206,0.33181037,0,16.90639392,0,5.381608429,1.309873938,0,0,0.145262719,85.07314546,1.824452,14.27832,41.6451,24.19382,10.31212,32.12622,1.18986,48.66138999,0.014459621,0.000468849,0,0.027878854,0.005105867,0,0,0,1820.740719,0.000803662,0.171018569,65.09642851,18.1461,0.4073,2.3748,1.0037,,6.285602555,33.089,0,0.0108,,0,0,0,0,0,0,0.50471904,0.206038307
12,62,12062,0,0,0,0,0,0,6.364656143,0.53507402,0,0.725120364,0,0.167059229,0,1.034924698,0.097027699,0,0,0.011174055,43.12857989,0.924922,7.23852,21.11235,12.26527,5.22782,16.28667,0.60321,14.58753078,0.004334651,0.00014055,0,0.003477956,0.000680782,0,0,0,1501.298776,0.000407423,0.086699369,25.08506953,0,0.2065,0.4913,2.4719,,3.186541541,16.7748,0,0,,0,0,0,0,0,0,0,0.512279754
12,63,12063,0,0,0,0,0,0,2.09341085,0,0,0.238500683,0,0,0,0,0.04851385,0,0,0,18.55813763,0.397992,3.11472,9.0846,5.27772,2.24952,7.00812,0.25956,0,2.16E-05,6.99E-07,0,0.000717673,0,0,0,0,658.7731874,0.000175313,0.037306557,13.07620673,0,0.0888,0,0.6036,,1.371162153,7.2182,0,0.0116,,0,0,0,0,0,0,0,0.112640532
12,64,12064,0,0,0,0,0,0,3.0511999,0,0.24432795,0.347620851,0,0,0,2.897789154,0.50939542,0,0,0.033522166,23.03465557,0.493994,3.86604,11.27595,6.55079,2.79214,8.69859,0.32217,0,0.002275153,7.38E-05,0,0.006790295,0.00885017,0,0,0,408.4700588,0.000217602,0.046305492,22.92409977,2.9241,0.1103,0.737,2.2445,,1.701908271,8.9593,0,0,,0,0,0,0,0,0,0,0.306241447
12,65,12065,0,0,0,0,0,0,0.863972484,0,0,0.098431718,0,0,0,0,0,0,0,0.011174055,13.16143464,0.282256,2.20896,6.4428,3.74296,1.59536,4.97016,0.18408,0,0.000409743,1.33E-05,0,0.003091517,0,0,0,0,457.8572669,0.000124332,0.026457817,11.0289675,1.9563,0.063,0.5186,0.5912,,0.972428452,5.1191,0,0,,0,0,0,0,0,0,0,0.141270001
12,66,12066,3.920959485,1.426403074,0.99007945,0.023510813,0.053568513,0.103728368,4.606306612,4.280592162,15.63698882,0.524792958,0,0.133647383,0,3.518743973,2.765289426,0,0,0.245829217,151.7297202,3.253948,25.46568,74.2749,43.15018,18.39188,57.29778,2.12214,18.61543107,0.005531533,0.000179358,0,0.044826989,0.001361565,2.54E-05,0,0,3563.843544,0.001433348,0.305015167,104.8211727,34.2487,0.7264,1.6105,1.6224,,11.21050259,59.015,0,0.0886,,0,0,0,0,0,0,0.112113903,0.417004637
12,67,12067,1.425803449,0.518692027,0.360028891,0.008549387,0.019479459,0.037719407,2.172892758,0,2.443279504,0.247555995,0,0.167059229,0,1.655879517,0.654936969,0,0,0.044696221,43.36881469,0.930074,7.27884,21.22995,12.33359,5.25694,16.37739,0.60657,17.12764808,0.005089442,0.000165024,0,0.014795115,0.005786649,0,0,0,723.6391572,0.000409693,0.087182302,38.81862352,4.8209,0.2076,4.5857,2.4223,,3.204291212,16.8682,0,0,,0,0,0,0,0,0,0,0.386967162
12,68,12068,0,0,0,0,0,0,14.01329026,1.070148041,1.221639752,1.596523347,0,0,0,0.620954819,0.242569248,0,0,0.111740553,52.34544506,1.122584,8.78544,25.6242,14.88644,6.34504,19.76724,0.73212,3.19329032,0.000948879,3.08E-05,0,0.024842543,0.023146597,0.000228696,0,0,1436.218303,0.000494493,0.105227602,49.30468745,18.1513,0.2506,0.2457,2.1976,,3.86752672,20.3597,0,0,,0,0,0,0,0,0,0,0.42615668
12,69,12069,0,0,0,0,0,0,1.733769365,0,0,0.197527006,0,0,0,0,0.04851385,0,0,0.022348111,27.08218281,0.580796,4.54536,13.2573,7.70186,3.28276,10.22706,0.37878,0,0.000150958,4.89E-06,0,0.000496851,0,0,0,0,984.3094521,0.000255838,0.054442047,16.38531566,0,0.1297,0,0.4589,,2.000958546,10.5336,0,0,,0,0,0,0,0,0,0,0.096213788
12,70,12070,0,0,0,0,0,0,2.124109653,0.80261103,0,0.241998174,0,0,0,0,0.218312323,0,0,0.011174055,14.47414617,0.310408,2.42928,7.0854,4.11628,1.75448,5.46588,0.20244,0,0.000808704,2.62E-05,0,0.002208226,0.001361565,0,0,0,383.3371158,0.000136733,0.0290967,12.52070473,1.9328,0.0693,0.3821,0.3265,,1.069417731,5.6297,0,0.0108,,0,0,0,0,0,0,0,0.066645648
12,71,12071,0,0,0,0,0,0,3.514330073,0.26753701,0,0.400384914,0,0.200471074,0,1.448894577,0.630680044,0,0,0.067044332,58.57224505,1.256122,9.83052,28.67235,16.65727,7.09982,22.11867,0.81921,34.14643399,0.010146535,0.000328998,0,0.005575771,0,0,0,0,2049.894407,0.000553315,0.117745048,39.52025149,0,0.2804,0.737,2.3022,,4.327591876,22.7816,0,0.0116,,0,0,0,0,0,0,0,0.483650285
12,72,12072,0,0,0,0,0,0,1.700580859,0,0,0.193745865,0,0,0,0,0,0,0,0,20.84036814,0.446936,3.49776,10.2018,5.92676,2.52616,7.86996,0.29148,0,1.08E-05,3.50E-07,0,0.000496851,0,0,0,0,709.1674174,0.000196873,0.041894418,14.35185761,0,0.0998,0,0.5556,,1.539784036,8.1058,0,0,,0,0,0,0,0,0,0,0.114752542
12,73,12073,0.712901725,0.259346013,0.180014446,0.004274693,0.00973973,0.018859703,16.46411695,0.80261103,0.732983851,1.875744141,0,0,0,0.413969879,0.266826173,0,0,0.022348111,41.14235296,0.882326,6.90516,20.14005,11.70041,4.98706,15.53661,0.57543,3.44730205,0.001024358,3.32E-05,0,0.00673509,0.006467432,0,0,0,946.3144083,0.00038866,0.08270655,35.78422914,3.8183,0.197,0.7097,3.8915,,3.039789789,16.0022,0,0,,0,0,0,0,0,0,0.006748871,0.948057813
12,74,12074,0,0,0,0,0,0,2.284627646,0,0,0.260285865,0,1.102590908,0,1.448894577,0.145541549,0,0,0.011174055,45.77974241,0.981778,7.68348,22.41015,13.01923,5.54918,17.28783,0.64029,103.1287624,0.030644476,0.000993638,0,0.002594666,0.000680782,0,0,0,1716.016353,0.000432468,0.092028877,31.57042165,0,0.2192,0.3821,1.7175,,3.382421848,17.8059,0,0,,0,0,0,0,0,0,0,0.362561713
12,75,12075,0,0,0,0,0,0,9.646440337,2.140296081,3.909247206,1.099011505,0,0.634825068,0,34.15251503,1.940553983,0,0,0.16761083,85.69947188,1.837884,14.38344,41.9517,24.37194,10.38804,32.36274,1.19862,82.04578879,0.024379719,0.000790505,0,0.035221206,0.004425085,7.62E-05,0,0,1853.193207,0.000809579,0.172277644,67.62075075,8.3286,0.4103,2.8661,2.1875,,6.331878486,33.3327,0,0.0154,,0,0,0,0,0,0,2.802204833,0.486466298
12,76,12076,0,0,0,0,0,0,4.788054989,0,0,0.545499411,0,0,0,0,0,0,0,0.078218387,68.45190084,1.467998,11.48868,33.50865,19.46693,8.29738,25.84953,0.95739,0,4.31E-05,1.40E-06,0,0.001435347,0,0,0,0,0,0.000646646,0.137605658,41.65647738,0,0.3277,0,1.3964,,5.057547132,26.6242,0,0.0139,,0,0,0,0,0,0,0,0.287702693
12,77,12077,1.782254312,0.648365034,0.450036114,0.010686733,0.024349324,0.047149258,0,0.53507402,0,0,0,0.167059229,0,1.655879517,0.315340022,0,0,0,28.39489435,0.608948,4.76568,13.8999,8.07518,3.44188,10.72278,0.39714,6.71316715,0.001994802,6.47E-05,0,0.011593187,0.001701956,0,0,0,324.8111368,0.000268239,0.057080929,22.597399,0,0.1359,0.5459,1.9936,,2.097947825,11.0441,0,0,,0,0,0,0,0,0,0,0
12,78,12078,0,0,0,0,0,0,0,0,0,0,0,0,0,0.20698494,0,0,0,0,39.6001314,0.849252,6.64632,19.3851,11.26182,4.80012,14.95422,0.55386,0,1.08E-05,3.50E-07,0,0.000717673,0,0,0,0,543.5863309,0.000374091,0.079606294,21.54659298,0,0.1896,0,0.8464,,2.925843235,15.4024,0,0,,0,0,0,0,0,0,0,0
12,79,12079,0,0,0,0,0,0,0,0,0,0,0,0,0,0.20698494,0.072770774,0,0,0.022348111,35.26303543,0.75624,5.9184,17.262,10.0284,4.2744,13.3164,0.4932,2.68526686,0.000797921,2.59E-05,0,0.000552057,0,0,0,0,484.0515264,0.00033312,0.070887633,19.57819082,0,0.1688,0.9008,1.6686,,2.605398266,13.7155,0,0,,0,0,0,0,0,0,0,0
12,80,12080,0,0,0,0,0,0,0,0.26753701,0.732983851,0,0,0.100235537,0,0,0.169798473,0,0,0,15.16911111,0.325312,2.54592,7.4256,4.31392,1.83872,5.72832,0.21216,0,0.000506788,1.64E-05,0,0.00165617,0.000340391,0,0,0,173.5204985,0.000143298,0.030493755,11.15709943,0,0.0726,0.3003,1.4753,,1.120764996,5.9,0,0,,0,0,0,0,0,0,0,0
12,81,12081,0,0,0,0,0,0,0,0,0,0,0,0,0,0,0,0,0,0,22.8394648,0.489808,3.83328,11.1804,6.49528,2.76848,8.62488,0.31944,0,0.000183306,5.94E-06,0,0.001380141,0,0,0,0,313.5146383,0.000215758,0.045913109,14.96149888,0,0.1093,0.3003,2.3634,,1.687486663,8.8834,0,0,,0,0,0,0,0,0,0,0
13,1,13001,0,0,0,0,0,0,1.152165069,0.53507402,0,0.275591428,0,0,0,0,0.04851385,0,0,0.044696221,36.76021297,0.788348,6.16968,17.9949,10.45418,4.45588,13.88178,0.51414,0,0.001293926,4.20E-05,0.000106762,0.002649871,0.055143364,0.000127053,0.009739546,1.093191496,344.4271462,0.000347263,0.073897339,42.35953541,12.9028,0.176,0.2457,0.6059,,0.822419126,11.7296,0,0,,0,0,0,0,0,0,0.024328196,7.428560168
13,2,13002,0.356450862,0.129673007,0.090007223,0.002137347,0.004869865,0.009429852,3.793503491,0,1.465967702,0.907384778,0,0.100235537,0,2.690804215,0.266826173,0,0,0.201132996,74.60791737,1.600018,12.52188,36.52215,21.21763,9.04358,28.17423,1.04349,9.0718475,0.002695679,8.74E-05,0.000298043,0.007397557,0.007488605,0,0,2.218723294,2586.029158,0.0007048,0.14998081,67.72724984,13.0789,0.3572,0.5459,0.5473,,1.669168191,23.8062,0,0,,0,0,0,0,0,0,0,1.739315447
13,3,13003,11.40642759,4.149536215,2.880231129,0.068395093,0.155835674,0.301755253,1.152165069,8.561184325,20.27921988,0.275591428,0,0.167059229,0.0087793,9.107337342,2.134609381,0,0,0.502832489,104.6201066,2.24365,17.559,51.21375,29.75275,12.6815,39.50775,1.46325,95.29068614,0.02831541,0.000918118,0.002001779,0.049685087,0.034719896,0,0,3.111239073,539.1799822,0.000988316,0.210312912,123.3353122,46.5407,0.5009,3.685,1.6149,,2.340616926,33.3827,0,0.04,,0,0,0,0,0,0,0.002886621,7.803354593
13,4,13004,0,0,0,0,0,0,1.728247604,0.53507402,1.221639752,0.413387142,0,0,0,5.381608429,0.097027699,0,0,0.033522166,18.52810828,0.397348,3.10968,9.0699,5.26918,2.24588,6.99678,0.25914,2.57640469,0.000765573,2.48E-05,0.000120107,0.002981105,0.004084694,0,0,0.550997091,640.3971654,0.00017503,0.03724619,20.45482382,9.1428,0.0887,0.5459,0.2148,,0.414520738,5.912,0,0,,0,0,0,0,0,0,0.27731769,2.966935511
13,5,13005,0,0,0,0,0,0,2.352337017,0.80261103,0.488655901,0.562665833,0,0.033411846,0,1.241909638,0.194055398,0,0,0.089392443,35.90437653,0.769994,6.02604,17.57595,10.21079,4.35214,13.55859,0.50217,65.78903807,0.019549062,0.000633872,0.00026468,0.006569473,0.038464198,0,0,1.067740253,194.8352744,0.000339178,0.072176891,39.60047302,8.6125,0.1719,0.7097,0.902,,0.803271896,11.4565,0,0,,0,0,0,0,2.286,0.3301,0.018306951,17.27420774
13,6,13006,0,0,0,0,0,0,4.032577743,0.53507402,0.24432795,0.964569999,0,0.133647383,0.234846271,0.620954819,0.412367721,0,0,0.011174055,34.36001001,0.736874,5.76684,16.81995,9.77159,4.16494,12.97539,0.48057,0,0.002081064,6.75E-05,0.000129004,0.003201928,0.037783416,0.000152464,0.019479093,1.021813197,833.548175,0.000324589,0.069072323,42.16452786,9.0359,0.1645,0.4913,4.4899,,0.768720503,10.9638,0,0,,0,0,0,0,0,0,0.007089388,17.8599643
13,7,13007,0,0,0,0,0,0,0,0,0.977311802,0,0,0.367530303,0,3.311759033,0.485138496,0,0,0.011174055,23.52156001,0.504436,3.94776,11.5143,6.68926,2.85116,8.88246,0.32898,4.97137243,0.001477232,4.79E-05,4.00E-05,0.000993702,0.056164538,0,0,0.69949457,273.8542133,0.000222202,0.047284293,25.30358431,8.5552,0.1126,0.6824,2.5694,,0.526236908,7.5054,0,0,,0,0,0,0,0.8422,0.1216,0.001311442,28.80979664
13,8,13008,2.851606898,1.037384054,0.720057782,0.017098773,0.038958919,0.075438813,1.680240726,4.815666183,6.841182611,0.401904166,0,1.770827822,0,5.381608429,1.018790841,0.097027699,0,0.223481106,84.37389062,1.809456,14.16096,41.3028,23.99496,10.22736,31.86216,1.18008,45.39552489,0.013489177,0.000437382,0.000983096,0.024400898,0.123561983,0,0.009739546,2.509148132,240.2123321,0.000797056,0.16961289,99.73164991,17.2917,0.4039,2.7023,5.8076,,1.887657763,26.9224,0,0.0531,,0,0,0,0,2.1416,0.3092,0.029352657,58.12231155
13,9,13009,0,0,0,0,0,0,1.152165069,0,0,0.275591428,0,0.033411846,0,0.20698494,0.072770774,0,0,0.011174055,31.90403826,0.684204,5.35464,15.6177,9.07314,3.86724,12.04794,0.44622,0,0.000776355,2.52E-05,0.000242438,0.006017416,0.013275254,0,0,0.948776422,191.0735006,0.000301388,0.064135197,34.70506388,10.5329,0.1527,0.0546,0.2019,,0.713774191,10.1801,0,0,,0,0,0,0,0,0,0.008552882,3.613287574
13,10,13010,6.416115521,2.334114121,1.62013001,0.03847224,0.087657567,0.16973733,1.102237916,2.942907112,5.130886958,0.263649133,0,0,0,0.20698494,36.07004716,0,0,0.268177328,57.60487102,1.235376,9.66816,28.1988,16.38216,6.98256,21.75336,0.80568,348.8669675,0.103665023,0.003361306,0.000362544,0.008998521,0.021444642,5.08E-05,0,1.71307917,126.0401003,0.000544177,0.115800381,60.36314128,25.1563,0.2758,0.8462,0.6849,,1.288766954,18.3808,0,0,,0,0,0,0,0.6377,0.0921,0,4.194555575
13,11,13011,1.069352587,0.38901902,0.270021668,0.00641204,0.014609594,0.028289555,1.440206337,0.53507402,1.221639752,0.344489285,0,0,0,0,0.169798473,0,0,0.055870277,42.59448648,0.913468,7.14888,20.8509,12.11338,5.16308,16.08498,0.59574,0,0.000776355,2.52E-05,0.000255783,0.00634865,0,5.08E-05,0,1.266693706,1997.62301,0.000402378,0.085625706,39.97593866,11.2179,0.2039,0.4094,0.51,,0.95294661,13.5912,0,0.0139,,0,0,0,0,0,0,0.002413813,0.13465668
13,12,13012,3.208057761,1.16705706,0.810065005,0.01923612,0.043828783,0.084868665,3.869354358,2.407833091,3.664919256,0.92552788,0,0.100235537,0,3.518743973,0.679193894,0,0,0,48.57676177,1.041762,8.15292,23.77935,13.81467,5.88822,18.34407,0.67941,17.85339588,0.005305096,0.000172016,0.000507117,0.012586889,0.016338775,0.000101643,0.009739546,1.444597258,609.0445344,0.000458891,0.097651595,59.69187588,20.5143,0.2326,2.2383,0.4372,,1.08678527,15.5001,0,0,,0,0,0,0,0,0,0.000138558,13.45220231
13,13,13013,0,0,0,0,0,0,1.681200864,2.140296081,10.01744597,0.402133826,0,1.570356748,0.050480974,5.17462349,6.79193894,0,0,0.055870277,59.86994191,1.283952,10.04832,29.3076,17.02632,7.25712,22.60872,0.83736,0,0.021188035,0.000687015,0.000562722,0.01396703,0.013275254,0.000127053,0.029218639,1.780438852,87.7159737,0.000565574,0.120353747,64.49894535,14.8293,0.2866,1.5286,0.4442,,1.33944233,19.1036,0,0,,0,0,0,0,0.8181,0.1181,1.076793409,4.764602186
13,14,13014,0,0,0,0,0,0,1.728247604,0.26753701,0.977311802,0.413387142,0,0.066823691,0,1.655879517,0.242569248,0,0,0.067044332,34.47154759,0.739266,5.78556,16.87455,9.80331,4.17846,13.01751,0.48213,3.628739,0.001078272,3.50E-05,0.000146797,0.003643573,0.000340391,0,0,1.025130151,1227.845153,0.000325643,0.069296542,39.32261184,0,0.165,0.4913,0.7615,,0.771215881,10.9993,0,0,,0,0,0,0,0,0,0,0
13,15,13015,0,0,0,0,0,0,0.960137558,0,0,0.229659524,0,0,0,0.20698494,0.024256925,0.388110797,0,0,32.42955187,0.695474,5.44284,15.87495,9.22259,3.93094,12.24639,0.45357,0,0.000560701,1.82E-05,7.78E-05,0.001932198,0.007488605,2.54E-05,0,0.964404378,790.5073701,0.000306353,0.065191613,37.23772724,0,0.1553,0.3276,0.7506,,0.725531262,10.3478,0,0,,0,0,0,0,0,0,0.022807684,3.207073257
13,16,13016,1.782254312,0.648365034,0.450036114,0.010686733,0.024349324,0.047149258,2.480995449,1.070148041,4.153575156,0.593440209,0,0.133647383,0,5.588593369,0.824735443,0,0,0.413440047,97.40019319,2.088814,16.34724,47.67945,27.69949,11.80634,36.78129,1.36227,38.86379469,0.011548288,0.00037445,0.000462633,0.011482776,0.055483755,7.62E-05,0,2.896530088,1210.237443,0.000920112,0.195799058,104.8572078,21.2638,0.4663,2.3475,2.4126,,2.179089164,31.0789,0,0,,0,0,0,0,2.2258,0.3214,0,24.17985113
13,17,13017,0,0,0,0,0,0,2.400343894,0,0.488655901,0.574148809,0,1.470121211,0,1.448894577,0.04851385,0,0,0.011174055,24.96511371,0.535394,4.19004,12.22095,7.09979,3.02614,9.42759,0.34917,0,0.001682104,5.45E-05,8.67E-05,0.00215302,0.008509778,7.62E-05,0,0.74242361,604.5456054,0.000235838,0.050186202,28.7441958,3.2279,0.1195,0.1092,0.648,,0.558532863,7.966,0,0,,0,0,0,0,1.2152,0.1755,0.013456534,5.954069524
13,18,13018,1.069352587,0.38901902,0.270021668,0.00641204,0.014609594,0.028289555,4.992715301,1.337685051,0,1.194229523,0,0.033411846,0,0.20698494,0.072770774,0,0,0.100566498,42.89906987,0.92,7.2,21,12.2,5.2,16.2,0.6,0,0.001045923,3.39E-05,0.000295819,0.007342352,0,0,0,1.275751542,1669.926204,0.000405255,0.086237996,48.10025758,0,0.2054,1.0645,1.0944,,0.959760913,13.6884,0,0,,0,0,0,0,0,0,0.005701921,0
13,19,13019,0,0,0,0,0,0,0.36581241,0,0,0.087500278,0,0,0,0,0.097027699,0,0,0,31.41713382,0.673762,5.27292,15.37935,8.93467,3.80822,11.86407,0.43941,0,0.000161741,5.24E-06,6.23E-05,0.001545758,0.033698723,0,0,0.934296642,610.7825557,0.000296789,0.063156396,35.29956154,2.8083,0.1504,0,0.5336,,0.702880904,10.0247,0,0,,0,0,0,0,0,0,0,10.74111449
13,20,13020,0,0,0,0,0,0,2.256323261,0,0.488655901,0.53969988,0,0,0,0,0,0,0,0.044696221,4.86260957,0.104282,0.81612,2.38035,1.38287,0.58942,1.83627,0.06801,0,6.47E-05,2.10E-06,4.45E-06,0.000110411,0.000680782,5.08E-05,0.009739546,0.144606437,155.2283193,4.59E-05,0.009775077,6.838511998,0,0.0233,0.0546,0.2149,,0.108788899,1.5516,0,0,,0,0,0,0,0,0,5.70E-05,1.256795678
13,21,13021,4.63386121,1.685749087,1.170093896,0.027785507,0.063308243,0.122588071,1.814659984,0.80261103,0,0.4340565,0,1.603768594,0,0,1.11581854,0,0,0,26.90200672,0.576932,4.51512,13.1691,7.65062,3.26092,10.15902,0.37626,10.84992961,0.003224032,0.000104538,0.000302491,0.007507969,0.027912073,0,0,0.800023792,21.15697156,0.000254136,0.054079847,30.97201495,6.5605,0.1288,0.6278,0.6329,,0.601866068,8.584,0,0,,0,0,0,0,1.8408,0.2658,0,6.652039981
13,22,13022,0,0,0,0,0,0,2.477154899,0,0.977311802,0.592521571,0,1.804239668,0,0,0.242569248,0,0,0,24.20151027,0.519018,4.06188,11.84715,6.88263,2.93358,9.13923,0.33849,3.70131378,0.001099837,3.57E-05,4.67E-05,0.001159319,0.01191369,2.54E-05,0,0.719715232,222.8641266,0.000228625,0.048651165,28.24488181,6.455,0.1159,0.5186,2.081,,0.541449119,7.7223,0,0,,0,0,0,0,0,0,0.053350974,21.76949657
13,23,13023,1.425803449,0.518692027,0.360028891,0.008549387,0.019479459,0.037719407,2.454111598,1.605222061,2.687607454,0.587009742,0,0.100235537,0,6.002563248,0.824735443,0,0,0.111740553,62.53397415,1.341084,10.49544,30.6117,17.78394,7.58004,23.61474,0.87462,0,0.003579861,0.000116076,0.000567171,0.014077441,0.051058671,0,0,1.859663023,264.0125429,0.000590741,0.125709126,69.89636516,9.1761,0.2994,0.6005,1.2204,,1.399043482,19.9536,0,0,,0,0,0,0,0,0,0.020127781,14.87731884
13,24,13024,0,0,0,0,0,0,2.530922602,0.26753701,0,0.605382504,0,0.033411846,0,0,0.04851385,0,0,0,31.60159982,0.677718,5.30388,15.46965,8.98713,3.83058,11.93373,0.44199,0,0.00023722,7.69E-06,0.000366993,0.009108933,0.022806206,2.54E-05,0,0.939782373,508.7818256,0.000298531,0.06352722,36.44768607,13.4349,0.1513,0,0.9831,,0.707007876,10.0836,0.0118,0,,0,0,0,0,0,0,0,12.79462886
13,25,13025,0,0,0,0,0,0,0.67209629,0.80261103,0,0.160761666,0,0,0,0.413969879,0.242569248,0,0,0.044696221,49.19879828,1.055102,8.25732,24.08385,13.99157,5.96362,18.57897,0.68811,0,0.001488015,4.82E-05,0.000162367,0.004030013,0.001361565,0.000279518,0,1.463095656,2215.303713,0.000464767,0.098902045,50.05256974,0,0.2355,0.4913,0.83,,1.100701803,15.6986,0,0,,0,0,0,0,0,0,0.003098044,1.054810658
13,26,13026,0,0,0,0,0,0,1.344192581,0,0,0.321523333,0,0,0,0,0,0,0,0,27.22374974,0.583832,4.56912,13.3266,7.74212,3.29992,10.28052,0.38076,0,0.000150958,4.89E-06,1.78E-05,0.000441645,0,0,0,0.809591928,1200.905416,0.000257175,0.054726632,22.55065392,0,0.1303,0.0819,0.6784,,0.609064275,8.6867,0,0,,0,0,0,0,0,0,0,0
13,27,13027,0,0,0,0,0,0,2.928419551,0,0,0.700461547,0,0,0,0.413969879,0.097027699,0,0,0.022348111,48.90922956,1.048892,8.20872,23.9421,13.90922,5.92852,18.46962,0.68406,2.97556598,0.000884183,2.87E-05,0.000155694,0.003864396,0,0,0,1.454484333,2197.885792,0.000462032,0.098319939,49.06300085,0,0.2342,0.9554,1.9648,,1.094223417,15.6062,0,0.0108,,0,0,0,0,0,0,0,0
13,28,13028,9.980624144,3.630844188,2.520202238,0.059845707,0.136356215,0.264035846,3.942324812,8.293647315,11.23908572,0.942982004,0,0.501177686,0,6.623518067,1.867783208,0,0,1.530845579,264.6507969,5.675618,44.41788,129.55215,75.26363,32.07958,99.94023,3.70149,59.5113196,0.017683653,0.000573387,0.002846975,0.070663235,0.001361565,0.000177875,0.009739546,7.870302624,9666.809449,0.002500081,0.532015132,242.7875685,48.6306,1.267,5.7322,2.3107,,5.920909035,84.446,0,0.0431,,0,0,0,0,0,0,0.587909948,2.468705796
13,29,13029,6.059664659,2.204441114,1.530122787,0.036334893,0.082787702,0.160307478,12.48754908,3.210444122,8.307150313,2.986951764,0,0.334118457,0,1.034924698,1.406901638,0,0,0.100566498,83.66605597,1.794276,14.04216,40.9563,23.79366,10.14156,31.59486,1.17018,55.48341931,0.016486771,0.000534578,0.000911922,0.022634317,0.052760626,0.000279518,0.019479093,2.488098232,778.9768993,0.000790369,0.168189963,97.53108768,24.8945,0.4006,2.2656,1.7384,,1.871821708,26.6966,0,0.0347,,0,0,0,0,3.3207,0.4795,3.34753853,22.3372989
13,30,13030,14.25803449,5.186920268,3.600288911,0.085493866,0.194794593,0.377194066,4.407991528,5.885814223,22.47817143,1.054366873,0,0.868707988,0,20.49150902,3.34745562,0,0,0.234655162,151.3479185,3.24576,25.4016,74.088,43.0416,18.3456,57.1536,2.1168,62.19658646,0.018481574,0.000599259,0.003463078,0.0859552,0.091565216,2.54E-05,0,4.50085144,1070.5346,0.001429741,0.304247649,190.5694971,60.602,0.7246,3.7942,4.1411,,3.3860365,48.2928,0,0.0701,,0,0,0,0,0,0,0.000178971,25.34463141
13,31,13031,0,0,0,0,0,0,4.138192874,0.26753701,3.664919256,0.989832547,0,0,0,0,0.194055398,0,0,0.089392443,24.74847341,0.530748,4.15368,12.1149,7.03818,2.99988,9.34578,0.34614,0,0.00075479,2.45E-05,0.000349199,0.008667287,0.001021173,2.54E-05,0,0.735981064,567.8790347,0.000233792,0.0497507,33.58355351,10.8901,0.1185,0.4913,0.2897,,0.553686071,7.8969,0,0.02,,0,0,0,0,0,0,0.010339483,2.580919696
13,32,13032,0,0,0,0,0,0,0.576082535,0,0,0.137795714,0,3.34118457,0,1.034924698,0.194055398,0,0,0.134088664,22.74079694,0.487692,3.81672,11.1321,6.46722,2.75652,8.58762,0.31806,18.76058063,0.005574664,0.000180757,0.000217972,0.005410154,0.000680782,2.54E-05,0,0.676275892,1017.916507,0.000214826,0.045714762,22.36890917,0,0.1089,3.5212,0.3269,,0.50876926,7.2562,0,0,,0,0,0,0,0,0,0,0
13,33,13033,0,0,0,0,0,0,0.288041267,0,0,0.068897857,0,0,0,0,0.04851385,0,0,0,5.827838642,0.124982,0.97812,2.85285,1.65737,0.70642,2.20077,0.08151,0,2.16E-05,6.99E-07,2.67E-05,0.000662468,0,0,0,0.173310847,186.3776749,5.51E-05,0.011715432,7.857553441,0,0.0279,0,0.0683,,0.13038352,1.8596,0,0,,0,0,0,0,0,0,0,0
13,34,13034,0,0,0,0,0,0,3.360481452,0,0,0.803808332,0,0,0,0.20698494,0.072770774,0,0,0,20.46929119,0.438978,3.43548,10.02015,5.82123,2.48118,7.72983,0.28629,0,6.47E-05,2.10E-06,4.45E-06,0.000110411,0,0,0,0.608724848,702.1663021,0.000193368,0.04114846,20.53944082,0,0.098,0,0.2643,,0.45794992,6.5314,0,0,,0,0,0,0,0,0,3.208470953,0
13,35,13035,0,0,0,0,0,0,2.275526012,0,0.732983851,0.544293071,1.236238291,0.033411846,0,0.20698494,0.169798473,0,0,0.033522166,19.06434665,0.408848,3.19968,9.3324,5.42168,2.31088,7.19928,0.26664,5.87855718,0.0017468,5.66E-05,1.78E-05,0.000441645,0.026550509,2.54E-05,0.019479093,0.566943985,392.1692291,0.000180095,0.038324165,21.81790627,10.9052,0.0913,0.4913,1.159,,0.42651775,6.0831,0,0,,0,0,0,0,1.1911,0.172,0.226290239,13.76191267
13,36,13036,0,0,0,0,0,0,4.128591499,0,0,0.987535951,0,0,0,0,0.097027699,0.218312323,0,0,17.76235988,0.380926,2.98116,8.69505,5.05141,2.15306,6.70761,0.24843,0,0.000625397,2.03E-05,0.000149021,0.003698779,0.00306352,2.54E-05,0.009739546,0.528224926,404.3984657,0.000167796,0.035706842,23.46173372,5.0031,0.085,0.2184,0.5444,,0.397389006,5.6677,0,0,,0,0,0,0,0,0,0,1.685452775
13,37,13037,0,0,0,0,0,0,4.416632766,0,0.732983851,1.056433808,0,0,0,1.241909638,0.097027699,0,0,0.011174055,42.39715075,0.909236,7.11576,20.7543,12.05726,5.13916,16.01046,0.59298,0,0.000625397,2.03E-05,0.000166815,0.004140424,0.046973977,5.08E-05,0,1.260825249,1141.135246,0.000400514,0.085229011,52.79418649,8.8994,0.203,0.273,1.9524,,0.94853171,13.5283,0,0,,0,0,0,0,0,0,0,13.40282819
13,38,13038,0,0,0,0,0,0,3.071480047,0,2.443279504,0.734680816,0,0,0,0,0,0,0,0.067044332,14.10950408,0.302588,2.36808,6.9069,4.01258,1.71028,5.32818,0.19734,0,0.000140175,4.55E-06,0.000369217,0.009164138,0.001701956,0,0,0.419594682,454.7919256,0.000133288,0.028363677,18.14092463,0,0.0675,0,0.1265,,0.315665364,4.5021,0,0,,0,0,0,0,0,0,0,1.559773207
13,39,13039,0,0,0,0,0,0,0.864123802,0.53507402,0,0.206693571,0,0.634825068,0,1.655879517,0.291083097,0,0,0.078218387,24.57473218,0.527022,4.12452,12.02985,6.98877,2.97882,9.28017,0.34371,6.05999413,0.001800713,5.84E-05,0.000891904,0.022137466,0,0,0,0.730814271,193.1681093,0.000232151,0.049401436,32.0341737,8.8911,0.1177,1.6105,0.0307,,0.549799039,7.8414,0,0,,0,0,0,0,0,0,0.3801882,0.594733669
13,40,13040,0,0,0,0,0,0,1.344192581,0,0,0.321523333,0,0,0,0,0,0,0,0,20.54865447,0.44068,3.4488,10.059,5.8438,2.4908,7.7598,0.2874,0,0.000215654,6.99E-06,7.12E-05,0.001766581,0,0,0,0.611084989,638.516683,0.000194117,0.041308,25.59524795,0,0.0984,0.1365,1.5247,,0.459725477,6.5568,0,0,,0,0,0,0,0,0,0,0
13,41,13041,4.63386121,1.685749087,1.170093896,0.027785507,0.063308243,0.122588071,1.929876491,3.210444122,4.642231057,0.461615642,0,0.400942148,0,4.760653611,2.595490952,0,0.011174055,0.301699494,82.06377571,1.759914,13.77324,40.17195,23.33799,9.94734,30.98979,1.14777,38.06547211,0.011311068,0.000366758,0.000716192,0.01777622,0.070801356,2.54E-05,0.009739546,2.440448912,344.1712952,0.000775233,0.164968974,92.24062478,18.296,0.3929,1.1737,3.0448,,1.835974638,26.1853,0,0.0254,,0,0,0,0,0,0,0.596768731,22.0410542
13,42,13042,0,0,0,0,0,0,1.728247604,0,1.465967702,0.413387142,0,0,0,1.034924698,0.145541549,0,0,0,22.24102277,0.476974,3.73284,10.88745,6.32509,2.69594,8.39889,0.31107,0,0.000711659,2.31E-05,0.000164591,0.004085218,0.001361565,0,0,0.661413387,693.7573912,0.000210105,0.044710089,26.22611715,8.1877,0.1065,0.5459,0.5141,,0.497588045,7.0968,0,0,,0,0,0,0,0,0,0.000190064,0
13,43,13043,0,0,0,0,0,0,0,0,0,0,0,0,0,0.20698494,0.04851385,0,0,0,12.81609712,0.27485,2.151,6.27375,3.64475,1.5535,4.83975,0.17925,0,0.000129393,4.20E-06,2.89E-05,0.000717673,0.000340391,0,0,0.381130773,460.8081188,0.00012107,0.025763601,15.11207711,0,0.0614,0,0.1249,,0.286728573,4.0894,0,0,,0,0,0,0,0,0,0.04428492,0.13465668
13,44,13044,0,0,0,0,0,0,5.242351066,0.53507402,0,1.253940999,0,0,0,0,0.04851385,0,0,0,32.80706368,0.70357,5.5062,16.05975,9.32995,3.9767,12.38895,0.45885,0,0.000884183,2.87E-05,8.67E-05,0.00215302,0.047654759,0.000127053,0.029218639,0.975630992,714.1726165,0.000309919,0.065950507,38.96930736,2.19,0.1571,0.1638,0.9479,,0.733977158,10.4682,0,0,,0,0,0,0,5.0532,0.7296,0,12.00913156
13,45,13045,0,0,0,0,0,0,0.768110046,0,0,0.183727619,0,0,0,0.827939758,0.121284624,0,0,0,15.59166694,0.334374,2.61684,7.63245,4.43409,1.88994,5.88789,0.21807,0,0.000312699,1.01E-05,5.12E-05,0.00126973,0.005446258,0,0,0.463671898,381.079686,0.00014729,0.0313432,17.46132162,0,0.0746,0.0273,0.1027,,0.348825104,4.9751,0,0,,0,0,0,0,0,0,0,1.167024558
13,46,13046,0,0,0,0,0,0,2.553965904,0.26753701,1.465967702,0.610894333,0,0.033411846,0,7.037487946,0.363853872,0,0,0.581050877,86.64325142,1.858124,14.54184,42.4137,24.64034,10.50244,32.71914,1.21182,15.16812902,0.004507175,0.000146144,0.000331406,0.008225642,0.001361565,0,0,2.576635389,3885.699308,0.000818494,0.17417488,81.15342916,9.3536,0.4148,2.5931,1.3737,,1.938429115,27.6465,0,0,,0,0,0,0,0,0,0,0.516183939
13,47,13047,0,0,0,0,0,0,0,0,0,0,0,0,0,0,0,0,0,0,8.790019417,0.188508,1.47528,4.3029,2.49978,1.06548,3.31938,0.12294,0,7.55E-05,2.45E-06,8.90E-06,0.000220823,0,0,0,0.261401491,268.5798436,8.30E-05,0.017670165,11.48603043,6.8652,0.0421,0.0546,0.0661,,0.196655011,2.8048,0,0,,0,0,0,0,0,0,0,0.262580526
13,48,13048,143.2932466,52.1285487,36.18290355,0.859213358,1.957685659,3.790800364,0.432061901,77.05065892,106.2826584,0.103346786,8.987786493,4.477187324,0.063649924,52.36718972,24.01435554,1.964810908,0.391091936,2.324203506,629.1641936,13.492858,105.59628,307.98915,178.92703,76.26398,237.59163,8.79969,242.8352139,0.072157929,0.002339698,0.016109876,0.399854538,0.011232908,0,0.009739546,18.71036348,138.3242837,0.005943536,1.264779382,782.1787622,251.8253,3.0121,19.1892,0.7615,,14.07599751,200.7567,0.0558,0.1935,,3.788854487,0,0,0,1.3957,0.2015,12.62418146,8.988333376
13,49,13049,0,0,0,0,0,0,0.32644677,0,0.488655901,0.078084238,0,0,0,1.862864456,0.145541549,0,0,0.055870277,37.15488442,0.796812,6.23592,18.1881,10.56642,4.50372,14.03082,0.51966,0,0.000625397,2.03E-05,0.000115658,0.002870694,0,0,0,1.10492841,1614.313653,0.000350992,0.074690728,36.23534832,0,0.1779,0.3548,1.3612,,0.831248927,11.8556,0,0,,0,0,0,0,0,0,0,0.26931336
13,50,13050,1.069352587,0.38901902,0.270021668,0.00641204,0.014609594,0.028289555,1.372996708,0.80261103,3.176263355,0.328413119,0,0.167059229,0,3.725728913,1.528186261,2.037581682,0,0.156436774,41.65928675,0.893412,6.99192,20.3931,11.84742,5.04972,15.73182,0.58266,23.80452784,0.007073461,0.000229355,0.000680605,0.01689293,0.018721513,0,0,1.238882322,79.21316185,0.000393543,0.083745718,49.00771431,23.4256,0.1994,2.4839,1.6793,,0.932023822,13.2928,0,0,,0,0,0,0,0,0,1.686457177,8.739218518
13,51,13051,3.208057761,1.16705706,0.810065005,0.01923612,0.043828783,0.084868665,0.374453648,15.7846836,15.88131677,0.089567214,0.100235537,0.501177686,0.059260274,19.04261444,5.336523453,1.867783208,0,0.424614102,179.828611,3.856548,30.18168,88.0299,51.14118,21.79788,67.90878,2.51514,109.9145043,0.032660844,0.001059018,0.003042705,0.075521332,0.024167771,0,0,5.347822888,62.1135722,0.00169879,0.361501055,196.2415691,69.5853,0.8609,3.7396,0.8533,,4.02322177,57.3806,0.0162,0,,0,0,0,0,1.2392,0.1789,2.115390999,8.236500247
13,52,13052,1.782254312,0.648365034,0.450036114,0.010686733,0.024349324,0.047149258,1.526618717,1.872759071,1.710295653,0.365158642,0,0.167059229,0,1.862864456,0.630680044,0,0,0.122914609,62.12428803,1.332298,10.42668,30.41115,17.66743,7.53038,23.46003,0.86889,12.41028738,0.003687689,0.000119572,0.000235765,0.005851799,0.020423468,2.54E-05,0,1.847479595,406.0311291,0.000586871,0.124885554,61.70661933,30.5118,0.2974,1.3102,1.177,,1.389877766,19.8229,0,0,,0,0,0,0,2.3822,0.344,0.030980437,13.91452358
13,53,13053,0,0,0,0,0,0,0.576082535,0,0,0.137795714,0,0,0,0,0.072770774,0,0,0.033522166,38.60701793,0.827954,6.47964,18.89895,10.97939,4.67974,14.57919,0.53997,2.1772434,0.000646963,2.10E-05,0.000226868,0.005630977,0,0,0,1.1481126,1656.740761,0.00036471,0.077609884,39.09713183,0,0.1848,0.5186,1.3686,,0.863736833,12.3189,0,0.02,,0,0,0,0,0,0,0,0
13,54,13054,0.356450862,0.129673007,0.090007223,0.002137347,0.004869865,0.009429852,1.632233848,0,0.732983851,0.39042119,0,0.133647383,0,0.620954819,0.266826173,0.097027699,0,0,58.94117705,1.264034,9.89244,28.85295,16.76219,7.14454,22.25799,0.82437,3.37472727,0.001002793,3.25E-05,0.000108986,0.002705077,0.061951187,0,0,1.752818831,553.7625326,0.000556801,0.118486694,64.77449536,11.1092,0.2822,0.1092,1.846,,1.318663506,18.8072,0,0,,0,0,0,0,0,0,0.017789994,13.19186606
13,55,13055,0.712901725,0.259346013,0.180014446,0.004274693,0.00973973,0.018859703,1.016785674,0,1.954623603,0.243209435,0,0.23388292,0,0,0.218312323,0,0,0,29.17565742,0.625692,4.89672,14.2821,8.29722,3.53652,11.01762,0.40806,0,0.000830269,2.69E-05,7.34E-05,0.001821787,0.015657992,7.62E-05,0,0.867638624,426.6827769,0.000275614,0.058650461,33.70380963,9.462,0.1397,0.2184,0.9582,,0.652733397,9.3095,0,0,,0,0,0,0,0,0,0.00074125,5.137152334
13,56,13056,0,0,0,0,0,0,0.662494915,3.745518142,20.76787578,0.158465071,0,6.715780986,0.028532724,6.416533127,1.140075465,0,0,0.223481106,65.80288328,1.411188,11.04408,32.2119,18.71358,7.97628,24.84918,0.92034,40.75073897,0.012108989,0.00039263,0.000371441,0.009219344,0.019061904,2.54E-05,0,1.95687529,191.192683,0.000621621,0.132280462,71.75629052,15.9112,0.315,1.201,0.3229,,1.472177264,20.9967,0,0,,0,0,0,0,1.2753,0.1841,0,2.078201425
13,57,13057,1.069352587,0.38901902,0.270021668,0.00641204,0.014609594,0.028289555,2.354257292,0.26753701,0,0.563125152,0,0,0,0.20698494,0.072770774,0,0,0,27.16369104,0.582544,4.55904,13.2972,7.72504,3.29264,10.25784,0.37992,15.31327858,0.004550306,0.000147542,0.000166815,0.004140424,0.057866493,0.000127053,0.029218639,0.807805876,616.8178554,0.000256608,0.054605899,32.31519927,15.4749,0.13,0.6278,2.999,,0.60772061,8.6675,0,0,,0,0,0,0,2.7071,0.3909,0.031930758,29.34617908
13,58,13058,0,0,0,0,0,0,1.325949967,0.80261103,0.488655901,0.317159802,0,0,0,1.862864456,0.388110797,0,0,0.044696221,31.54797598,0.676568,5.29488,15.4434,8.97188,3.82408,11.91348,0.44124,4.42706158,0.001315491,4.27E-05,0.000182384,0.004526863,0.015317601,0,0,0.938187684,524.2796322,0.000298025,0.063419422,39.31655113,12.2541,0.151,0.1365,2.2072,,0.705808175,10.0665,0,0,,0,0,0,0,0,0,0,9.825449068
13,59,13059,0.712901725,0.259346013,0.180014446,0.004274693,0.00973973,0.018859703,3.312474574,0.26753701,1.710295653,0.792325356,0,0.066823691,0,2.069849396,0.727707744,0,0,0.100566498,64.76043588,1.388832,10.86912,31.7016,18.41712,7.84992,24.45552,0.90576,6.02370674,0.001789931,5.80E-05,0.000311388,0.007728791,0.019061904,0.000127053,0,1.925874528,879.6340428,0.000611773,0.130184878,75.00241948,15.022,0.31,1.0918,2.1026,,1.448855074,20.6641,0,0,,0,0,0,0,1.9611,0.2832,0.026450733,24.09456857
13,60,13060,0,0,0,0,0,0,4.272612132,0,0.732983851,1.02198488,0,0,0,0.827939758,0.121284624,0,0,0,32.28583999,0.692392,5.41872,15.8046,9.18172,3.91352,12.19212,0.45156,0,0.000787138,2.55E-05,0.000204626,0.00507892,0,0,0,0.96013061,1074.63888,0.000304995,0.064902716,35.79563698,6.6157,0.1546,0.2457,0.5093,,0.722316063,10.3019,0,0,,0,0,0,0,0,0,0,1.391452358
13,61,13061,19.96124829,7.261688376,5.040404475,0.119691413,0.27271243,0.528071692,4.867897418,8.026110304,14.41534907,1.164373784,26.56241733,0.93553168,6.790788426,12.0051265,36.07004716,7.058765113,0.793357928,0.71513954,106.1923576,2.277368,17.82288,51.9834,30.19988,12.87208,40.10148,1.48524,252.8505335,0.075133959,0.002436195,0.001528025,0.037926283,0.054122191,0,0.009739546,3.157995367,166.8821187,0.001003169,0.213473535,134.4353386,41.0936,0.5084,3.9579,2.119,,2.375792163,33.8844,0,0,,0,0,0,0,2.2499,0.3249,0.039979702,20.27031886
13,62,13062,0,0,0,0,0,0,2.688385162,0,0,0.643046666,0,0,0,0,0,0,0,0.011174055,61.1847984,1.31215,10.269,29.95125,17.40025,7.4165,23.10525,0.85575,0,7.55E-05,2.45E-06,4.00E-05,0.000993702,0,0,0,1.819540637,2771.433837,0.000577995,0.122996941,54.23091187,0,0.2929,0.0819,0.5118,,1.368859002,19.5231,0,0,,0,0,0,0,0,0,0.006956344,0
13,63,13063,8.198369833,2.982479154,2.070166124,0.049158973,0.112006891,0.216886588,1.703284028,4.013055152,8.307150313,0.407415995,8.920962802,0.133647383,0.305080669,4.760653611,4.220704913,0.121284624,4.74897351,0.111740553,153.12394,3.283848,25.69968,74.9574,43.54668,18.56088,57.82428,2.14164,427.1751551,0.126934122,0.004115799,0.001570285,0.03897519,0.01497721,7.62E-05,0.009739546,4.553667553,487.1843404,0.001446518,0.307817902,172.7082077,37.9665,0.7331,3.2755,0.8319,,3.425770602,48.8595,0,0,,0,0,0,0,1.3114,0.1894,0.037324011,16.56501589
13,64,13064,1.069352587,0.38901902,0.270021668,0.00641204,0.014609594,0.028289555,2.316811927,0,0,0.55416843,0,0,0,0,0.097027699,0,0,0,19.39037958,0.41584,3.2544,9.492,5.5144,2.3504,7.3224,0.2712,0,0.000226437,7.34E-06,4.00E-05,0.000993702,0.013956037,5.08E-05,0,0.576639697,338.8524503,0.000183175,0.038979574,22.81714635,7.3953,0.0928,0.1092,0.5124,,0.433811933,6.1872,0,0,,0,0,0,0,2.2258,0.3214,0.004181409,5.904695409
13,65,13065,0,0,0,0,0,0,0.384055023,0,0.24432795,0.091863809,0,0,0,1.034924698,0.266826173,0,0,0,21.9771935,0.471316,3.68856,10.7583,6.25006,2.66396,8.29926,0.30738,0,0.001024358,3.32E-05,0.000122331,0.003036311,0.016338775,0,0.009739546,0.653567515,42.43602249,0.000207612,0.044179725,22.90085235,6.1937,0.1052,0.4913,0.4138,,0.491685516,7.0126,0,0,,0,0,0,0,0,0,0,3.58411196
13,66,13066,0.712901725,0.259346013,0.180014446,0.004274693,0.00973973,0.018859703,0.950536182,1.070148041,1.221639752,0.227362928,0.100235537,2.572712119,0.002194825,2.069849396,6.452341993,0,0,0.022348111,25.64077406,0.549884,4.30344,12.5517,7.29194,3.10804,9.68274,0.35862,0,0.005574664,0.000180757,0.000413701,0.010268251,0.040506545,0,0,0.762516697,82.34004368,0.000242221,0.05154445,26.4254693,1.7788,0.1228,0.8462,0.6807,,0.573649098,8.1816,0,0,,0,0,0,0,1.3957,0.2015,0.145741101,8.600073282
13,67,13067,0.712901725,0.259346013,0.180014446,0.004274693,0.00973973,0.018859703,0,1.337685051,4.642231057,0,0,0.267294766,0,4.760653611,1.503929337,0,0,0.033522166,94.34148951,2.023218,15.83388,46.18215,26.82963,11.43558,35.62623,1.31949,14.07950732,0.004183693,0.000135655,0.000380338,0.009440166,0.055824146,0,0.009739546,2.805569003,962.7261256,0.000891217,0.189650288,97.19772919,11.0459,0.4517,0.7097,2.8939,,2.110658211,30.1029,0,0,,0,0,0,0,0,0,0.00699241,19.48482156
13,68,13068,0,0,0,0,0,0,1.267381576,0,0,0.303150571,0,0.066823691,0,0,0,0,0,0,29.75479486,0.638112,4.99392,14.5656,8.46192,3.60672,11.23632,0.41616,0,0.000496005,1.61E-05,4.23E-05,0.001048907,0,0,0,0.884861269,1079.23743,0.000281085,0.059814674,33.18385258,0,0.1425,0.5459,0.5056,,0.665690169,9.4943,0,0,,0,0,0,0,0,0,0,0
13,69,13069,19.96124829,7.261688376,5.040404475,0.119691413,0.27271243,0.528071692,1.54102078,8.293647315,123.6299429,0.368603535,9.823082636,4.610834707,0,12.0051265,14.16604407,6.112745046,8.268800936,3.028168991,134.21403,2.878312,22.52592,65.7006,38.16892,16.26872,50.68332,1.87716,423.727853,0.125909764,0.004082585,0.00261121,0.064811435,0.031656376,0,0.009739546,3.991316274,99.54913263,0.001267882,0.269804194,147.8968395,62.3309,0.6426,5.4046,1.2359,,3.002707992,42.8256,0,0,,0,0,0,0,2.2884,0.3304,0.028371516,0
13,70,13070,2.495156036,0.907711047,0.630050559,0.014961427,0.034089054,0.066008962,2.304330139,1.070148041,4.397903107,0.551182857,0,0.46776584,0,0.827939758,2.377178629,0.145541549,0,0.122914609,35.25660057,0.756102,5.91732,17.25885,10.02657,4.27362,13.31397,0.49311,11.17651612,0.003321076,0.000107685,0.000404804,0.010047429,0.012254081,0,0,1.048476405,77.7178393,0.000333059,0.070874697,36.75464436,13.5811,0.1688,1.1191,0.7407,,0.788779506,11.2498,0,0,,0,0,0,0,0,0,0.019732942,5.170816504
13,71,13071,0,0,0,0,0,0,0,0,0,0,0,0,0,0,0,0,0,0,19.23594293,0.412528,3.22848,9.4164,5.47048,2.33168,7.26408,0.26904,0,0,0,4.00E-05,0.000993702,0.000680782,0,0,0.572046991,601.2378232,0.000181716,0.038669117,25.35729351,0,0.0921,0,0.308,,0.430356793,6.1379,0,0,,0,0,0,0,0,0,0,0.581268001
13,72,13072,0,0,0,0,0,0,1.449807712,0,2.931935405,0.346785881,0,0.100235537,0,1.448894577,0.50939542,0,0,0.055870277,17.84386811,0.382674,2.99484,8.73495,5.07459,2.16294,6.73839,0.24957,0,0.003687689,0.000119572,0.000160142,0.003974807,0.018381121,0,0,0.530648854,23.24078702,0.000168566,0.035870694,21.81700637,5.634,0.0854,0.4094,0.9886,,0.399212552,5.6937,0,0,,0,0,0,0,1.3475,0.1946,0.049378636,9.441677531
13,73,13073,0,0,0,0,0,0,4.32061901,0.53507402,2.687607454,1.033467856,0,0,0,0.20698494,0.55790927,0,0,0.055870277,74.98113927,1.608022,12.58452,36.70485,21.32377,9.08882,28.31517,1.04871,3.04814076,0.000905748,2.94E-05,0.000189057,0.00469248,0,0,0,2.229822332,2817.370732,0.000708326,0.150731081,70.16134657,0,0.359,0.4367,1.7469,,1.677518111,23.9253,0,0.0208,,0,0,0,0,0,0,0,0
13,74,13074,7.129017246,2.593460134,1.800144455,0.042746933,0.097397296,0.188597033,1.462289501,2.140296081,9.773118015,0.349771454,0,11.42685123,0,4.139698792,1.067304691,0,0,0.156436774,56.83483272,1.218862,9.53892,27.82185,16.16317,6.88922,21.46257,0.79491,34.61817006,0.01028671,0.000333543,0.000733986,0.018217865,0.016338775,0,0,1.69017943,252.9100875,0.000536903,0.114252409,58.28136744,6.9895,0.2721,1.3648,1.2171,,1.271539245,18.1351,0,0,,0,0,0,0,1.2272,0.1772,0,9.423723307
13,75,13075,0,0,0,0,0,0,2.064295749,0.80261103,4.153575156,0.493767976,0.167059229,0.400942148,0.070234399,1.241909638,0.751964668,0,0,0.033522166,25.99040148,0.557382,4.36212,12.72285,7.39137,3.15042,9.81477,0.36351,21.15554837,0.006286323,0.000203832,0.000424822,0.01054428,0.040506545,0,0,0.772914072,45.38050486,0.000245524,0.05224729,29.67708767,4.1504,0.1244,1.2556,1.3207,,0.581471149,8.2931,0,0,,0,0,0,0,0,0,0,12.00688728
13,76,13076,16.75319053,6.094631315,4.23033947,0.100455293,0.228883647,0.443203028,4.877498794,18.19251669,20.03489193,1.16667038,0,0.634825068,0.054870624,7.037487946,2.644004802,0.436624646,0,0.35756977,208.7833382,4.477502,35.04132,102.20385,59.37557,25.30762,78.84297,2.92011,105.9591788,0.031485528,0.001020908,0.003576513,0.088770688,0.039825763,0.000177875,0.009739546,6.208891391,527.5885201,0.001972317,0.41970739,250.7860158,77.5697,0.9996,3.7942,1.6803,,4.671012398,66.6196,0,0.0762,,0,0,0,0,5.2578,0.7592,1.633866959,22.03880992
13,77,13077,36.00153709,13.09697368,9.0907295,0.215872013,0.491856347,0.952415017,3.763739227,22.74064586,60.83765964,0.900265332,0,2.372241045,0.096572298,26.70105721,4.608815709,0.242569248,0,1.016839034,285.1822917,6.11593,47.8638,139.60275,81.10255,34.5683,107.69355,3.98865,182.4892843,0.054226274,0.00175827,0.005057829,0.125537653,0.04799515,5.08E-05,0.009739546,8.480877312,488.2145145,0.002694036,0.573288636,332.007059,122.8388,1.3653,9.0896,1.581,,6.380250608,90.9973,0,0.067,,0,0,0,0,2.2619,0.3266,0.863532648,10.0566097
13,78,13078,0,0,0,0,0,0,0,0,0,0,0,0,0,0,0.024256925,0,0,0.022348111,41.98960959,0.900496,7.04736,20.5548,11.94136,5.08976,15.85656,0.58728,0,0.000183306,5.94E-06,3.78E-05,0.000938496,0.000680782,2.54E-05,0.009739546,1.248705609,2156.305496,0.000396664,0.08440975,35.23353301,0,0.201,0.1911,0.7003,,0.939413981,13.3982,0,0,,0,0,0,0,0,0,0.000893301,0.359084479
13,79,13079,0,0,0,0,0,0,2.371539768,0,0,0.567259023,0,0,0,0,0,0,0,0,14.85380294,0.31855,2.493,7.27125,4.22425,1.8005,5.60925,0.20775,0,0.000140175,4.55E-06,2.22E-05,0.000552057,0,0,0,0.441728971,510.6620093,0.00014032,0.029859906,17.65182813,0,0.0711,0.1365,0.3025,,0.332317216,4.7396,0,0,,0,0,0,0,0,0,0.787492311,0
13,80,13080,0,0,0,0,0,0,1.440206337,0,0,0.344489285,0,0,0,0,0.024256925,0,0,0.044696221,51.64619022,1.107588,8.66808,25.2819,14.68758,6.26028,19.50318,0.72234,0,0.000614615,1.99E-05,2.67E-05,0.000662468,0,2.54E-05,0,1.535877281,2627.560821,0.000487887,0.103821923,45.37576751,0,0.2473,0.4367,0.5833,,1.155456163,16.4795,0,0,,0,0,0,0,0,0,0.001482499,0.17954224
13,81,13081,0.712901725,0.259346013,0.180014446,0.004274693,0.00973973,0.018859703,1.632233848,14.71453556,6.108198759,0.39042119,0,0.133647383,0,3.725728913,1.212846239,0,0,0.033522166,56.46375576,1.210904,9.47664,27.6402,16.05764,6.84424,21.32244,0.78972,54.431085,0.016174073,0.000524439,0.000504893,0.012531683,0.001361565,0,0.029218639,1.679144179,526.7949893,0.000533397,0.11350645,68.82519126,20.1436,0.2703,1.5832,0.1976,,1.263237313,18.0167,0,0,,0,0,0,0,0,0,0.000138558,0
13,82,13082,0.712901725,0.259346013,0.180014446,0.004274693,0.00973973,0.018859703,1.152165069,9.096258345,1.221639752,0.275591428,0,0.367530303,0,0.413969879,0.194055398,0,0,6.447429919,37.30074125,0.79994,6.2604,18.2595,10.6079,4.5214,14.0859,0.5217,35.23505569,0.010470016,0.000339487,0.000206851,0.005134126,0.046973977,2.54E-05,0,1.109265966,21.88072782,0.00035237,0.074983937,40.07191335,26.9304,0.1786,0.9008,1.3271,,0.834512114,11.9021,0,0,,0,0,0,0,0,0,0,16.38996221
13,83,13083,0.356450862,0.129673007,0.090007223,0.002137347,0.004869865,0.009429852,5.914447356,0.80261103,1.710295653,1.414702665,0.23388292,0.300706611,0,0.827939758,0.824735443,0,0,0.022348111,62.4996549,1.340348,10.48968,30.5949,17.77418,7.57588,23.60178,0.87414,10.05160703,0.002986812,9.68E-05,0.000318061,0.007894408,0.056164538,0.000152464,0.019479093,1.858642421,310.3213384,0.000590417,0.125640136,68.25634724,15.0458,0.2992,0.7097,4.202,,1.398275674,19.9427,0.0015,0,,0,0,0,0,3.5854,0.5177,0.437472927,40.77404264
13,84,13084,3.920959485,1.426403074,0.99007945,0.023510813,0.053568513,0.103728368,8.449210509,2.140296081,4.153575156,2.021003807,0,0,0,1.862864456,0.824735443,0,0,0.055870277,69.53939226,1.49132,11.6712,34.041,19.7762,8.4292,26.2602,0.9726,13.4263343,0.003989605,0.000129362,0.000638345,0.015844022,0.00306352,0.00035575,0.009739546,2.067993249,911.3921594,0.000656919,0.139791791,84.70980409,22.5817,0.3329,1.4194,0.4486,,1.55577244,22.189,0,0,,0,0,0,0,0,0,2.160528316,3.7636542
14,1,14001,1.069352587,0.38901902,0.270021668,0.00641204,0.014609594,0.028289555,1.532517702,1.070148041,3.420591305,0.20209996,0,0.133647383,0,1.448894577,0.703450819,0,0,0.033522166,38.41826202,0.823906,6.44796,18.80655,10.92571,4.65686,14.50791,0.53733,37.48487387,0.011138545,0.000361164,0.000546227,0.005575771,0.052760626,2.54E-05,0,0.116989302,81.21028543,0.000362926,0.077230437,44.86789869,22.6013,0.1839,0.5459,2.1297,,3.685815572,18.2967,0,0,,0,0,0,0,0,0,0,20.64324189
14,2,14002,0,0,0,0,0,0,2.085837251,1.872759071,0.732983851,0.275068683,0,0,0,2.690804215,3.662795643,0,0,0.033522166,50.57585842,1.084634,8.48844,24.75795,14.38319,6.13054,19.09899,0.70737,21.11926098,0.00627554,0.000203482,0.00134664,0.013746207,0.02110425,0,0.019479093,0.154010985,33.82019493,0.000477776,0.101670285,55.11048145,11.1688,0.2421,0.4367,1.6531,22.555,4.85220509,24.0867,0,0,,0,0,0,0,2.3108,0.3337,0.065440974,6.011158439
14,3,14003,1.782254312,0.648365034,0.450036114,0.010686733,0.024349324,0.047149258,0.635591552,0.53507402,3.420591305,0.083818299,0,0,0.00438965,7.865427705,0.824735443,0,0,0.324047604,46.9701916,1.007308,7.88328,22.9929,13.35778,5.69348,17.73738,0.65694,0,0.003299511,0.000106986,0.001379089,0.014077441,0.078630353,0,0.038958185,0.143031195,139.477959,0.000443714,0.094421982,59.76054616,7.9747,0.2249,1.201,8.268,149.301,4.506280464,22.3695,0,0,,0,0,0,0,1.4414,0.2081,0,19.96798806
14,4,14004,0,0,0,0,0,0,0.750127086,0,0,0.098922612,0,0,0,0,0.194055398,0,0,0.011174055,10.47380791,0.224618,1.75788,5.12715,2.97863,1.26958,3.95523,0.14649,0,0.000323481,1.05E-05,0.000167654,0.001711375,0.017700339,0,0,0.031894298,99.67627849,9.89E-05,0.021055007,13.50032581,0,0.0501,0.2184,2.2382,,1.004848274,4.9881,0,0,,0,0,0,0,1.8418,0.2659,0,5.380878138
14,5,14005,0,0,0,0,0,0,2.109228311,0,1.221639752,0.278153366,0,0,0,1.448894577,0.50939542,0,0,0.044696221,29.96500031,0.64262,5.0292,14.6685,8.5217,3.6322,11.3157,0.4191,41.83936067,0.01243247,0.000403119,0.000584085,0.00596221,0.031996767,0,0.009739546,0.091247867,111.0981866,0.000283071,0.06023724,33.96465323,6.6233,0.1435,0.5186,0.3639,4.987,2.874816791,14.2708,0,0,,0,0,0,0,1.0067,0.1454,0,12.29856892
14,6,14006,5.703213797,2.074768107,1.440115564,0.034197547,0.077917837,0.150877626,10.40740837,6.955962264,13.68236522,1.372471467,0,0.066823691,0,6.209548188,2.668261726,0.072770774,0,0.257003272,112.5135355,2.41293,18.8838,55.07775,31.99755,13.6383,42.48855,1.57365,45.50438706,0.013521525,0.000438431,0.003764102,0.038423134,0.120158071,0,0.019479093,0.342620393,463.1412816,0.001062883,0.226180703,154.2382906,36.6739,0.5387,2.7569,9.6504,165.3216,10.79445345,53.5845,0,0.0339,,0,0,0,0,0,0,0,35.62614818
14,7,14007,0,0,0,0,0,0,0.395228249,0,0.732983851,0.052120516,0,0,0,0,0.169798473,0,0,3.117561434,17.64009753,0.378304,2.96064,8.6352,5.01664,2.13824,6.66144,0.24672,0,0.00075479,2.45E-05,0.000275818,0.002815488,0.046973977,0,0,0.053716712,60.37937589,0.000166641,0.035461064,22.8809167,2.5272,0.0845,0.3821,3.3705,58.3792,1.692376041,8.4011,0,0,,0,0,0,0,1.1897,0.1718,0,10.52745133
14,8,14008,14.25803449,5.186920268,3.600288911,0.085493866,0.194794593,0.377194066,0.626719081,5.083203193,18.08026833,0.082648247,0,4.944953164,0,22.35437348,6.500855843,0,0,0.022348111,127.8885621,2.742658,21.46428,62.60415,36.37003,15.50198,48.29463,1.78869,124.1028738,0.036876885,0.001195721,0.005062068,0.05167249,0.188236299,0,0,0.389439628,401.9692317,0.001208127,0.257088401,152.8088895,57.0542,0.6123,2.1018,16.6917,,12.26952051,60.9069,0,0,,0,0,0,0,0,0,0,45.92051491
14,9,14009,0,0,0,0,0,0,1.629308294,0,1.465967702,0.214864168,0.133647383,0.100235537,0,0.413969879,0.339596947,0,0,0.044696221,32.47245094,0.696394,5.45004,15.89595,9.23479,3.93614,12.26259,0.45417,14.69639295,0,0,0.000989699,0.010102634,0.028933247,0,0.009739546,0.098883426,23.51507682,0.000306758,0.065277851,38.32875725,15.3308,0.1555,0.7643,3.0813,55.261,3.115379484,15.465,0,0,,0,0,0,0,2.8828,0.4163,0.04747136,9.992129617
14,10,14010,0,0,0,0,0,0,0,0.53507402,0,0,0,0.133647383,0,4.553668671,0.266826173,0,0,0,13.70839778,0.293986,2.30076,6.71055,3.89851,1.66166,5.17671,0.19173,0,0.000787138,2.55E-05,0.000210919,0.00215302,0.020083077,0,0,0.041744103,389.2492745,0.000129499,0.027557352,14.41554749,2.1599,0.0656,0.1911,1.0255,,1.315172091,6.5286,0,0,,0,0,0,0,0,0,0,5.303590048
14,11,14011,0,0,0,0,0,0,1.875317714,0,0,0.24730653,0,0,0,0,0.169798473,0,0,0,10.11131077,0.216844,1.69704,4.9497,2.87554,1.22564,3.81834,0.14142,0,0.00035583,1.15E-05,0.000183879,0.001876992,0.033358331,0,0,0.03079044,275.9104455,9.55E-05,0.020326296,12.4971148,1.4559,0.0484,0.4094,9.0605,,0.970070605,4.8155,0,0,,0,0,0,0,0,0,0,20.29992006
14,12,14012,0,0,0,0,0,0,6.394631758,0,0.977311802,0.843288676,0,0,0,0.620954819,0.04851385,0,0,0.033522166,8.485436021,0.181976,1.42416,4.1538,2.41316,1.02856,3.20436,0.11868,0,0.000474439,1.54E-05,0.000248777,0.00253946,0.026210118,2.54E-05,0,0.02583941,42.4295345,8.02E-05,0.017057876,12.14051241,2.9016,0.0406,0.1365,7.7025,,0.814085556,4.0412,0,0,,0,0,0,0,0,0,0,9.468197727
14,13,14013,3.920959485,1.426403074,0.99007945,0.023510813,0.053568513,0.103728368,7.630324979,9.631332365,10.26177392,1.006245065,0,0.100235537,0.015363775,13.66100601,3.34745562,0,0.022348111,0.514006545,109.99965,2.359018,18.46188,53.84715,31.28263,13.33358,41.53923,1.53849,84.00530785,0.024961985,0.000809385,0.003374712,0.034448327,0.197426859,2.54E-05,0,0.334965239,306.1293809,0.001039135,0.221127157,134.1911871,39.5244,0.5266,2.3475,3.6309,,10.55327341,52.3873,0,0.0139,,0,0,0,0,0,0,0.002519193,49.12105537
14,14,14014,0,0,0,0,0,0,7.231063788,0.53507402,1.710295653,0.953592707,0,0,0,0.413969879,0.460881571,0,0,0.022348111,16.24373281,0.348358,2.72628,7.95165,4.61953,1.96898,6.13413,0.22719,9.97903225,0.002965247,9.61E-05,0.000573268,0.005851799,0.017359948,0,0,0.049464574,199.5537435,0.00015345,0.032654017,23.13496901,0,0.0778,0.1911,2.1158,,1.55840999,7.7361,0,0,,0,0,0,0,0,0,0,10.39402768
14,15,14015,19.96124829,7.261688376,5.040404475,0.119691413,0.27271243,0.528071692,4.218456622,8.293647315,19.05758013,0.556306733,0,1.303061982,0.024143075,11.38417168,2.28015093,0.024256925,0,1.072709311,115.8167639,2.48377,19.4382,56.69475,32.93695,14.0387,43.73595,1.61985,58.16868617,0.017284692,0.000560451,0.005310845,0.05421195,0.073524486,2.54E-05,0.009739546,0.352679213,350.4960652,0.001094088,0.232821029,152.0333264,40.5815,0.5545,2.0199,15.653,134.7078,11.11136239,55.1577,0.0499,0.0416,,0,0,0,0,0,0,0.073811452,23.921884
14,16,14016,0.712901725,0.259346013,0.180014446,0.004274693,0.00973973,0.018859703,1.83095536,1.337685051,4.153575156,0.241456268,0,34.11349446,0.006584475,7.865427705,1.018790841,0,0,0.413440047,74.42559632,1.596108,12.49128,36.4329,21.16578,9.02148,28.10538,1.04094,0,0.019549062,0.000633872,0.001243884,0.0126973,0.114371422,5.08E-05,0.009739546,0.226636972,297.6460648,0.000703077,0.149614299,85.34809788,15.5256,0.3563,0.4913,8.1383,,7.140328776,35.4452,0,0,,0,0,0,0,0,0,0.000419865,35.48906352
14,17,14017,1.425803449,0.518692027,0.360028891,0.008549387,0.019479459,0.037719407,5.513837374,0,4.397903107,0.727134383,0,0.334118457,0,7.865427705,0.55790927,0,0,0.044696221,25.36836497,0.544042,4.25772,12.41835,7.21447,3.07502,9.57987,0.35481,5.95113196,0.001768365,5.73E-05,0.001022148,0.010433868,0.03608146,2.54E-05,0.009739546,0.077250431,345.7610119,0.000239648,0.050996839,33.10793003,6.7708,0.1215,0.6005,1.0372,,2.433819483,12.0817,0,0,,0,0,0,0,0,0,0,21.21273308
14,18,14018,8.198369833,2.982479154,2.070166124,0.049158973,0.112006891,0.216886588,4.218456622,5.618277213,14.17102112,0.556306733,0,0.267294766,0,4.346683731,2.255894005,0.582166195,0,0.435788157,124.9692804,2.680052,20.97432,61.1751,35.53982,15.14812,47.19222,1.74786,40.67816419,0.012087424,0.000391931,0.003466651,0.035386823,0.252570223,2.54E-05,0,0.380549982,149.3862445,0.001180549,0.251219906,152.6577967,52.3271,0.5983,2.1564,9.0422,,11.98944709,59.5166,0,0.0593,,0,0,0,0,2.0706,0.299,0.073000402,73.46436284
14,19,14019,0,0,0,0,0,0,7.513369681,0,0,0.990821647,0,0.033411846,0,0.20698494,0.097027699,0,0,0,10.57676568,0.226826,1.77516,5.17755,3.00791,1.28206,3.99411,0.14793,0,0.00011861,3.85E-06,0.000140613,0.001435347,0.002382738,0,0,0.032207819,272.6149149,9.99E-05,0.021261978,10.75674415,3.4946,0.0506,0.0273,0.1463,,1.014725955,5.0372,0,0,,0,0,0,0,0,0,0,2.437422271
14,20,14020,0,0,0,0,0,0,11.53582535,0,1.465967702,1.521280859,0,0,0,2.276834336,0.072770774,0,0,0.011174055,19.65635381,0.421544,3.29904,9.6222,5.59004,2.38264,7.42284,0.27492,0,0.000496005,1.61E-05,0.000757147,0.007728791,0.005786649,0,0,0.059856511,370.7268521,0.000185688,0.03951425,25.18140272,0,0.0941,0.0819,2.4496,,1.885813964,9.3613,0,0,,0,0,0,0,0,0,0,66.39453656
14,21,14021,2.851606898,1.037384054,0.720057782,0.017098773,0.038958919,0.075438813,4.379774274,0.80261103,5.619542859,0.577580413,0,0.033411846,0,0.827939758,1.043047766,0.04851385,0,0.771009817,39.02099395,0.836832,6.54912,19.1016,11.09712,4.72992,14.73552,0.54576,0,0.008766347,0.000284246,0.002168685,0.022137466,0.063993534,0,0.019479093,0.11882471,169.9896082,0.00036862,0.078442081,55.60716883,14.6542,0.1868,0.4094,8.766,136.0673,3.743641164,18.5837,0,0,,0,0,0,0,0,0,0.031383843,46.94584311
14,22,14022,3.208057761,1.16705706,0.810065005,0.01923612,0.043828783,0.084868665,7.356084969,10.4339434,8.307150313,0.970079809,0,0.100235537,0,9.314322282,1.843526284,0,0,0.111740553,64.00970215,1.372732,10.74312,31.3341,18.20362,7.75892,24.17202,0.89526,13.93435776,0.004140563,0.000134256,0.008955966,0.09142056,0.030975593,0,0,0.194919031,245.2810119,0.000604681,0.128675714,99.44120598,40.7553,0.3064,1.7197,29.8417,,6.141036698,30.4846,0,0.0108,,0,0,0,0,0,0,0.10449287,24.99822234
14,23,14023,34.57573364,12.57828165,8.730700609,0.207322626,0.472376888,0.91469561,1.024367095,21.40296081,56.43975654,0.135087868,0,5.379307158,0.169001522,35.60140961,6.331057369,0.04851385,0,0.949794702,214.4224209,4.598436,35.98776,104.9643,60.97926,25.99116,80.97246,2.99898,101.2781055,0.030094558,0.000975807,0.010443219,0.106602114,0.06297236,2.54E-05,0.009739546,0.652948054,175.2726525,0.002025588,0.431043374,263.3821045,71.0784,1.0265,4.0398,10.9176,1.9936,20.57150575,102.1186,0.0044,0.0539,,0,0,0,0,0,0,0.911848211,24.89237833
14,24,14024,4.63386121,1.685749087,1.170093896,0.027785507,0.063308243,0.122588071,4.718541345,0,3.176263355,0.622255141,0,0.868707988,0,2.897789154,1.528186261,0,0,0.16761083,52.16312401,1.118674,8.75484,25.53495,14.83459,6.32294,19.69839,0.72957,22.35303224,0.006642152,0.00021537,0.002114603,0.02158541,0.055483755,2.54E-05,0,0.158844444,208.3859959,0.00049277,0.104861091,70.62240771,20.8976,0.2497,1.5013,5.1047,82.0965,5.004486008,24.8427,0,0.0323,,0,0,0,0,0,0,0.009441526,19.56364932
14,25,14025,0.712901725,0.259346013,0.180014446,0.004274693,0.00973973,0.018859703,7.442389913,0.53507402,4.153575156,0.981461228,0,0.100235537,0,2.483819275,0.630680044,0,0,0.011174055,33.90527987,0.727122,5.69052,16.59735,9.64227,4.10982,12.80367,0.47421,16.00273899,0.004755177,0.000154185,0.001654907,0.01689293,0.029273638,0,0,0.103246603,128.0011739,0.000320294,0.0681582,46.07648686,15.3196,0.1623,0.7643,4.4038,,3.252843881,16.1474,0,0.0462,,0,0,0,0,0,0,0,6.527996096
14,26,14026,0,0,0,0,0,0,1.86805842,1.070148041,1.954623603,0.246349215,0,0.066823691,0,8.072412644,0.315340022,0,0,0.670443319,10.8062757,0.231748,1.81368,5.2899,3.07318,1.30988,4.08078,0.15114,8.99927272,0.002674113,8.67E-05,0.000519186,0.005299743,0.024848553,0,0,0.032906711,66.1682515,0.000102084,0.021723351,15.07859928,2.9117,0.0517,0.4094,8.6832,,1.036744953,5.1465,0,0,,0,0,0,0,0,0,0.000738443,8.374107534
14,27,14027,0,0,0,0,0,0,5.517870315,0.80261103,0.24432795,0.727666225,0,0,0,0.620954819,0.04851385,0,0,0.044696221,35.01851074,0.750996,5.87736,17.1423,9.95886,4.24476,13.22406,0.48978,0,0.000506788,1.64E-05,0.000405614,0.004140424,0.066035881,0,0,0.106636556,1075.040865,0.00033081,0.070396076,40.62183467,2.9037,0.1677,0.1638,8.4021,62.7293,3.359646308,16.6775,0,0,,0,0,0,0,0,0,0,65.05867295
14,28,14028,0,0,0,0,0,0,0.483952958,0,0,0.06382104,0,0,0,0,0.242569248,0,0,0.011174055,4.10115108,0.087952,0.68832,2.0076,1.16632,0.49712,1.54872,0.05736,0,0.000269568,8.74E-06,0.000221736,0.002263432,0.004425085,0,0.009739546,0.012488613,77.35649783,3.87E-05,0.008244352,5.988556846,0,0.0196,0.0819,0.1968,,0.393460967,1.9532,0,0,,0,0,0,0,0,0,0,3.652879171
14,29,14029,0,0,0,0,0,0,5.045209592,0,1.710295653,0.665334343,0,0,0,0.20698494,0.388110797,0,0,0,33.52347815,0.718934,5.62644,16.41045,9.53369,4.06354,12.65949,0.46887,3.12071554,0.000927313,3.01E-05,0.000665208,0.006790295,0.127306285,2.54E-05,0,0.10208396,581.1496861,0.000316687,0.067390682,41.56204281,7.567,0.1605,0.3821,3.7726,,3.216214146,15.9655,0,0,,0,0,0,0,0,0,0,38.49882443
14,30,14030,3.564508623,1.296730067,0.900072228,0.021373467,0.048698648,0.094298517,1.290541223,14.71453556,10.75042982,0.17018944,0,1.002355371,0.015363775,6.209548188,2.910830974,0,0,0.469310323,92.92153029,1.992766,15.59556,45.48705,26.42581,11.26346,35.09001,1.29963,0,0.008507562,0.000275855,0.007744531,0.079054494,0.028933247,0,0,0.282959833,66.59283644,0.000877803,0.186795811,129.9003489,35.3524,0.4449,1.747,0.7747,,8.914813042,44.2538,0.0867,0,,0,0,0,0,0,0,0,6.28718268
14,31,14031,0,0,0,0,0,0,6.838255304,0,0,0.901791296,0,0,0,0,0,0,0,0,6.973243808,0.149546,1.17036,3.41355,1.98311,0.84526,2.63331,0.09753,0,0,0,3.24E-05,0.000331234,0.006467432,0,0,0.021234561,233.4825074,6.59E-05,0.014017986,8.115770156,0,0.0334,0,0.2175,,0.669007114,3.321,0,0,,0,0,0,0,0,0,0,2.800269512
14,32,14032,0,0,0,0,0,0,3.975673554,1.070148041,0.488655901,0.524289844,0,0,0,5.17462349,0.145541549,0,0,0.122914609,10.55960605,0.226458,1.77228,5.16915,3.00303,1.27998,3.98763,0.14769,0,0.001121402,3.64E-05,0.000367757,0.003753984,0.004765476,0,0.009739546,0.032155566,260.6900875,9.98E-05,0.021227483,12.02645655,0,0.0506,0.3003,1.2294,,1.013079675,5.029,0,0,,0,0,0,0,0,0,0,7.818300409
14,33,14033,0.356450862,0.129673007,0.090007223,0.002137347,0.004869865,0.009429852,2.750465981,0.53507402,4.642231057,0.362716244,0,0.167059229,0,1.655879517,1.212846239,0.242569248,0,0.156436774,39.26122875,0.841984,6.58944,19.2192,11.16544,4.75904,14.82624,0.54912,32.44092666,0.009639747,0.000312566,0.001060006,0.010820308,0.084757393,5.08E-05,0,0.119556261,159.9113896,0.00037089,0.078925014,50.00437452,17.0377,0.188,0.9281,2.146,,3.766689086,18.6981,0,0,,0,0,0,0,0,0,2.21005553,16.10846494
14,34,14034,0,0,0,0,0,0,1.750296533,0,0,0.230819428,0,0,0,0,0.121284624,0,0,0,3.845901614,0.082478,0.64548,1.88265,1.09373,0.46618,1.45233,0.05379,0,0.000150958,4.89E-06,0.000108164,0.001104113,0.00306352,0,0,0.01171134,31.49253056,3.63E-05,0.007731236,6.046613426,0,0.0184,0,1.4655,,0.368972549,1.8316,0,0,,0,0,0,0,0,0,0,4.697488716
14,35,14035,4.277410348,1.556076081,1.080086673,0.02564816,0.058438378,0.11315822,3.920018964,4.815666183,7.574166462,0.516950425,0,0,0.006584475,3.932713852,2.207380155,0.194055398,0,0.145262719,100.0041667,2.144658,16.78428,48.95415,28.44003,12.12198,37.76463,1.39869,38.93636947,0.011569853,0.000375149,0.002428278,0.024787338,0.25154905,0,0,0.304527511,220.820064,0.000944711,0.201033704,118.9729994,34.6548,0.4788,2.4566,73.2595,,9.594315192,47.6269,0,0.0146,,0,0,0,0,5.205,0.7516,0.525087809,51.25908799
14,36,14036,0,0,0,0,0,0,0,1.337685051,4.642231057,0,0,0,0,2.690804215,0.703450819,0,0,0.826880094,37.75332644,0.809646,6.33636,18.48105,10.73661,4.57626,14.25681,0.52803,10.23304398,0.003040726,9.86E-05,0.001400722,0.014298264,0.04799515,0,0.009739546,0.114964475,121.3883287,0.000356645,0.075893748,47.61853695,14.4433,0.1807,1.0373,3.2027,44.7737,3.622022214,17.98,0,0,,0,0,0,0,0.4919,0.071,0.003439323,12.78914489
14,37,14037,6.772566384,2.463787128,1.710137233,0.040609587,0.092527432,0.179167181,3.661910719,1.605222061,6.35252671,0.482912537,0,0.133647383,0,5.17462349,2.498463253,0.024256925,0,0.469310323,45.4344049,0.974372,7.62552,22.2411,12.92102,5.50732,17.15742,0.63546,19.34117887,0.005747187,0.000186351,0.002963689,0.030252697,0.029273638,0,0,0.138354497,153.9291487,0.000429206,0.091334661,63.84519504,11.7563,0.2175,1.2829,6.4332,105.3085,4.358938387,21.6381,0,0.0116,,0,0,0,0,0,0,0.22485699,10.28338368
14,38,14038,0,0,0,0,0,0,6.957630367,0.53507402,0,0.91753382,0,0,0,0,0.04851385,0,0,0.055870277,8.448971811,0.181194,1.41804,4.13595,2.40279,1.02414,3.19059,0.11817,0,0.000345047,1.12E-05,0.000189287,0.001932198,0.020763859,2.54E-05,0,0.025728371,194.5179825,7.98E-05,0.016984573,12.02846722,2.4017,0.0404,0,4.6168,,0.810587211,4.0238,0,0,,0,0,0,0,0,0,0,9.131384369
14,39,14039,1866.733166,679.0975361,471.3678256,11.19328447,25.50348208,49.3841331,0,521.6971698,600.80243,0,75.71124236,212.0983965,3.463433787,298.265298,336.6618591,48.92621729,10.14604223,64.83186896,3387.254788,72.642004,568.50264,1658.1327,963.29614,410.58524,1279.13094,47.37522,4212.784542,1.251819304,0.04058985,0.23482911,2.397084616,0,0,0,10.3146929,182.0776635,0.031998435,6.809240038,4521.492049,1081.3723,16.2165,80.8238,,,324.9703601,1613.1784,0.8872,1.6121,,19.18444859,216.05337,35.97,0,1.1096,0.1602,35.39563981,0
14,40,14040,0,0,0,0,0,0,6.197824222,0.26753701,0.24432795,0.817334787,0,0,0,0.827939758,0.145541549,0,0,0,17.43632695,0.373934,2.92644,8.53545,4.95869,2.11354,6.58449,0.24387,1.63293255,0.000485222,1.57E-05,0.000146021,0.001490553,0.01497721,0,0.009739546,0.0530962,299.8465977,0.000164716,0.035051433,20.00468062,1.4438,0.0835,0.1365,0.8197,,1.672826463,8.304,0,0,,0,0,0,0,3.3518,0.484,0.007911893,5.402030667
14,41,14041,0,0,0,0,0,0,2.731914451,0.26753701,1.221639752,0.360269771,0,0,0.768188736,1.034924698,0.630680044,0,0,0.067044332,10.60679503,0.22747,1.7802,5.19225,3.01645,1.2857,4.00545,0.14835,0,0.004464044,0.000144745,0.000243369,0.002484254,0.008169387,0,0,0.032299263,39.33772171,0.000100199,0.021322344,15.18438576,3.0176,0.0508,0.1092,3.4121,,1.017606946,5.0515,0,0,,0,0,0,0,0,0,0,2.609896744
14,42,14042,0.356450862,0.129673007,0.090007223,0.002137347,0.004869865,0.009429852,7.572250624,0.53507402,0.488655901,0.998586541,0,0,0,0,0.460881571,0,0,0.044696221,16.15149981,0.34638,2.7108,7.9065,4.5933,1.9578,6.0993,0.2259,3.15700293,0.000938096,3.04E-05,0.000443472,0.004526863,0.01497721,0,0,0.049183711,204.0962888,0.000152579,0.032468605,21.05468654,8.9688,0.0773,0.1638,6.5267,,1.549561234,7.6921,0,0.0123,,0,0,0,0,0,0,0,4.987115661
14,43,14043,0,0,0,0,0,0,18.29503501,1.070148041,3.909247206,2.412648052,0,0.066823691,0,0,0.582166195,0,0,0.636921153,41.53058954,0.890652,6.97032,20.3301,11.81082,5.03412,15.68322,0.58086,7.58406451,0.002253587,7.31E-05,0.003861449,0.039416836,0.061951187,0,0.009739546,0.126466801,324.106936,0.000392328,0.083487004,62.10552306,6.7014,0.1988,0.1365,4.388,15.5552,3.984409642,19.7789,0,0.0131,,0,0,0,0,0,0,0.553832531,65.86084196
14,44,14044,0,0,0,0,0,0,1.935811834,2.942907112,0.732983851,0.25528416,5.412719003,0.167059229,3.678526633,1.862864456,6.428085068,0,0,0.078218387,52.28753131,1.121342,8.77572,25.59585,14.86997,6.33802,19.74537,0.73131,107.3018122,0.031884488,0.001033845,0.000751739,0.007673586,0.073184094,0,0,0.159223283,127.2467365,0.000493945,0.105111181,59.32450714,22.7768,0.2503,0.9008,1.4244,,5.01642154,24.9019,0.0088,0,,0,0,0,0,1.5787,0.2279,0.202491723,14.5854828
14,45,14045,0.356450862,0.129673007,0.090007223,0.002137347,0.004869865,0.009429852,8.924899143,0.53507402,3.664919256,1.176966348,0,0,0,3.311759033,0.727707744,0,0,0.458136268,37.33720546,0.800722,6.26652,18.27735,10.61827,4.52582,14.09967,0.52221,10.45076832,0.003105422,0.000100692,0.001000516,0.010213046,0.108925164,0,0,0.113697325,355.3165855,0.000352714,0.07505724,47.02858599,19.149,0.1788,0.2184,3.0179,,3.58209992,17.7818,0,0,,0,0,0,0,0,0,0.159112871,32.16486212
14,46,14046,9.624173282,3.501171181,2.430195015,0.05770836,0.13148635,0.254605995,2.863388338,1.337685051,3.420591305,0.377607821,0,0.133647383,0,16.76578011,1.892040133,0,0.055870277,0.35756977,59.68333096,1.27995,10.017,29.21625,16.97325,7.2345,22.53825,0.83475,38.71864513,0.011505157,0.000373051,0.002309298,0.023572813,0.073184094,0,0,0.181744589,194.7599631,0.000563811,0.119978612,72.84088312,23.6726,0.2857,1.0373,18.2865,,5.725968304,28.4242,0,0,,0,0,0,0,0,0,0.013967226,11.04812899
14,47,14047,0.356450862,0.129673007,0.090007223,0.002137347,0.004869865,0.009429852,2.347171849,0.53507402,3.909247206,0.309532044,0,0.066823691,0,1.241909638,0.873249292,0.291083097,0,0.324047604,45.52878285,0.976396,7.64136,22.2873,12.94786,5.51876,17.19306,0.63678,0,0.002997595,9.72E-05,0.001763071,0.017997043,0.117434942,2.54E-05,0.019479093,0.138641892,41.4305295,0.000430097,0.091524385,55.22742133,13.7239,0.218,0.7916,4.0641,,4.367992928,21.6831,0,0,,0,0,0,0,0,0,0.034548601,25.62710332
14,48,14048,2.138705174,0.77803804,0.540043337,0.01282408,0.029219189,0.05657911,1.839021242,0.26753701,0.732983851,0.242519952,0,0.133647383,0,1.448894577,0.703450819,0,0,0.268177328,36.8374313,0.790004,6.18264,18.0327,10.47614,4.46524,13.91094,0.51522,35.05361874,0.010416103,0.000337739,0.001022148,0.010433868,0.085778566,2.54E-05,0,0.112175438,320.9733307,0.000347993,0.074052567,45.45946665,15.2634,0.1764,0.5459,16.7489,,3.534152009,17.5438,0,0,,0,0,0,0,0,0,0.163060541,34.67550468
14,49,14049,0,0,0,0,0,0,3.871623668,0,0,0.510568321,0,0,0,0,0.072770774,0,0,0,17.59719846,0.377384,2.95344,8.6142,5.00444,2.13304,6.64524,0.24612,0,0.000194089,6.29E-06,0.000140613,0.001435347,0.066035881,2.54E-05,0.009739546,0.053586078,272.7741791,0.000166236,0.035374826,21.81533549,1.2481,0.0842,0.0819,15.4231,,1.68826034,8.3807,0,0,,0,0,0,0,0,0,0,37.33177428
14,50,14050,1.069352587,0.38901902,0.270021668,0.00641204,0.014609594,0.028289555,3.099718699,3.745518142,2.687607454,0.408773762,0,0,0,0,1.334130863,0,0,0.134088664,83.30141388,1.786456,13.98096,40.7778,23.68996,10.09736,31.45716,1.16508,13.13603518,0.003903343,0.000126565,0.003477468,0.035497234,0.046633586,0,0,0.253665152,187.5561114,0.000786925,0.16745694,92.16200266,23.5203,0.3988,1.5559,5.814,,7.991867207,39.6723,0,0,,0,0,0,0,0,0,0.030792334,19.41314093
14,51,14051,0,0,0,0,0,0,1.564781232,0.26753701,0.732983851,0.206354696,0.200471074,0,0,7.037487946,0.363853872,0,0,0.413440047,25.62361443,0.549516,4.30056,12.5433,7.28706,3.10596,9.67626,0.35838,9.76130791,0.00290055,9.40E-05,0.000400206,0.004085218,0.024167771,0,0,0.078027704,33.96564029,0.000242059,0.051509955,29.83113186,0.312,0.1227,0.2457,0.3115,,2.458307901,12.2032,0,0,,0,0,0,0,0,0,0,5.672132201
14,52,14052,0,0,0,0,0,0,2.077771368,0,2.198951553,0.274004999,0,0,0,0,0.218312323,0,0,0.35756977,10.92424814,0.234278,1.83348,5.34765,3.10673,1.32418,4.12533,0.15279,0,0.001078272,3.50E-05,0.000367757,0.003753984,0.009190561,0,0,0.033265955,113.7602315,0.000103198,0.021960506,15.23148313,2.4991,0.0523,0.0546,2.2225,,1.048063129,5.2027,0,0,,0,0,0,0,0,0,0,10.19877356
14,53,14053,20.31769915,7.391361383,5.130411698,0.12182876,0.277582295,0.537501544,18.08370888,13.91192453,22.72249939,2.384779531,2.071534433,2.205181816,1.266414002,18.00768974,11.32798387,14.04475945,0,3.072865213,305.9411516,6.561118,51.34788,149.76465,87.00613,37.08458,115.53273,4.27899,268.5992608,0.079813657,0.002587933,0.008928925,0.091144531,0.258356873,0.000152464,0.009739546,0.931636154,872.7097377,0.002890139,0.615019203,334.3818744,94.1379,1.4647,6.8786,88.3115,,29.35173538,145.7043,0.0132,0.0454,,0,0,0,0,1.3041,0.1883,0.554456109,93.28916454
14,54,14054,0,0,0,0,0,0,0,0,2.687607454,0,0,0,0,2.897789154,0.218312323,0,0,0,11.0829747,0.237682,1.86012,5.42535,3.15187,1.34342,4.18527,0.15501,0,0.000614615,1.99E-05,0.000502962,0.005134126,0.003403911,2.54E-05,0,0.033749301,41.1618533,0.000104698,0.022279586,18.03817155,5.9247,0.0531,0.0546,1.3891,14.1863,1.063291221,5.2783,0,0,,0,0,0,0,0,0,0,6.671182451
14,55,14055,0.356450862,0.129673007,0.090007223,0.002137347,0.004869865,0.009429852,2.091483369,4.815666183,2.931935405,0.275813262,0,0.501177686,0,1.448894577,0.55790927,0,0,0.100566498,41.20241166,0.883614,6.91524,20.16945,11.71749,4.99434,15.55929,0.57627,0,0.002436894,7.90E-05,0.001319599,0.013470179,0.022125424,2.54E-05,0.019479093,0.125467451,196.6268712,0.000389227,0.082827283,47.92108317,13.1797,0.1973,0.6824,1.4457,22.6048,3.952924534,19.6226,0,0.0408,,0,0,0,0,2.4595,0.3551,0.04747136,8.958096337
14,56,14056,0,0,0,0,0,0,3.669976602,0,0,0.483976221,0,0,0,0,0.024256925,0,0,0,5.540414874,0.118818,0.92988,2.71215,1.57563,0.67158,2.09223,0.07749,0,7.55E-05,2.45E-06,7.03E-05,0.000717673,0.003744303,0,0,0.016871385,134.9371396,5.23E-05,0.011137637,6.983647286,0,0.0265,0,8.5955,,0.531542718,2.6386,0,0,,0,0,0,0,0,0,0,9.87823138
14,57,14057,0,0,0,0,0,0,1.12922357,0,0.732983851,0.14891576,0,0,0,0,0.218312323,0,0,0,7.4901776,0.160632,1.25712,3.6666,2.13012,0.90792,2.82852,0.10476,0,0.000571484,1.85E-05,0.000265001,0.002705077,0.003403911,0,0,0.022808701,55.0747931,7.08E-05,0.015057154,10.60927118,2.5016,0.0359,0.0819,3.6463,,0.718601305,3.5672,0,0,,0,0,0,0,0,0,0.005696563,3.84382143
14,58,14058,0.712901725,0.259346013,0.180014446,0.004274693,0.00973973,0.018859703,7.997322639,1.337685051,3.176263355,1.054642687,0,0.534589531,0,4.553668671,1.043047766,0,0,0.201132996,27.40821574,0.587788,4.60008,13.4169,7.79458,3.32228,10.35018,0.38334,14.11579471,0.004194476,0.000136005,0.001790112,0.018273071,0.065355098,5.08E-05,0.009739546,0.083462079,177.4954136,0.000258918,0.055097456,39.39263243,14.016,0.1312,0.6551,7.1874,,2.629521042,13.0531,0,0.0139,,0,0,0,0,0,0,0.000474714,16.00432941
14,59,14059,0,0,0,0,0,0,4.307181331,0.53507402,1.954623603,0.568007257,0,0.23388292,0,13.45402107,0.242569248,0,0,0.067044332,25.11740541,0.53866,4.2156,12.2955,7.1431,3.0446,9.4851,0.3513,6.13256891,0.001822279,5.91E-05,0.003033996,0.030970371,0.016338775,0,0,0.076486222,255.3045662,0.000237277,0.050492347,34.69819793,13.1374,0.1202,0.273,5.1772,0.0716,2.409742636,11.9622,0,0,,0,0,0,0,0,0,0.000896681,5.985417437
14,60,14060,0,0,0,0,0,0,3.686108367,0,0,0.486103589,0,0,0,0,0.291083097,0,0,0.011174055,12.44716512,0.266938,2.08908,6.09315,3.53983,1.50878,4.70043,0.17409,0,0.001240012,4.02E-05,0.000194695,0.001987403,0.015998383,0,0,0.037903463,79.46149668,0.000117585,0.025021954,17.39704191,2.0179,0.0596,0.0273,2.5722,,1.194170497,5.928,0,0,,0,0,0,0,0,0,0,5.960132028
14,61,14061,0,0,0,0,0,0,20.66479133,0.26753701,0,2.725158412,0,0,0,0,0.194055398,0,0,0.078218387,34.4436632,0.738668,5.78088,16.8609,9.79538,4.17508,13.00698,0.48174,0,0.000463657,1.50E-05,0.000313675,0.003201928,0.007488605,5.08E-05,0.019479093,0.10488606,1369.722992,0.00032538,0.069240487,35.87627169,2.4216,0.1649,0.1365,2.4649,,3.304495922,16.4038,0,0,,0,0,0,0,0,0,0,5.887725292
14,62,14062,0,0,0,0,0,0,2.125360076,0.26753701,0.488655901,0.280280734,0,0,0,1.448894577,0.04851385,0,0,0,6.690109946,0.143474,1.12284,3.27495,1.90259,0.81094,2.52639,0.09357,0,0.000172523,5.59E-06,9.19E-05,0.000938496,0.018381121,2.54E-05,0,0.020372376,91.11347179,6.32E-05,0.013448815,9.062423904,2.5671,0.032,0,4.1512,,0.641843491,3.1862,0,0,,0,0,0,0,0,0,0,7.125148281
14,63,14063,43.4870052,15.82010682,10.98088118,0.260756293,0.594123508,1.150441901,1.000169448,15.51714659,20.27921988,0.131896816,1.637180439,0.768472451,0,12.41909638,9.363172967,0.315340022,0.201132996,29.09724005,196.9453399,4.223628,33.05448,96.4089,56.00898,23.87268,74.37258,2.75454,163.1843928,0.04848987,0.001572269,0.007490346,0.076459828,0.132071761,0,0,0.599727752,111.2283569,0.001860487,0.395910015,240.3040433,46.4969,0.9429,4.0125,2.0504,,18.89476937,93.7951,0,0,,0,0,0,0,3.981,0.5748,0.565992024,24.419782
14,64,14064,0,0,0,0,0,0,12.27627338,0.80261103,2.687607454,1.61892705,0,0.133647383,0,1.655879517,1.067304691,0,0,0.078218387,60.26890326,1.292508,10.11528,29.5029,17.13978,7.30548,22.75938,0.84294,17.88968327,0.005315879,0.000172366,0.001698172,0.017334575,0.103819297,2.54E-05,0,0.183527744,319.3209004,0.000569343,0.12115576,65.07489402,13.4487,0.2885,1.3102,13.2895,,5.782147615,28.703,0,0.0131,,0,0,0,0,0,0,0,32.356862
14,65,14065,0,0,0,0,0,0,7.749700042,0,3.176263355,1.021987589,0,0,0,1.448894577,0.363853872,0,0,0.078218387,23.79825901,0.51037,3.9942,11.64975,6.76795,2.8847,8.98695,0.33285,0,0.001261578,4.09E-05,0.000621942,0.00634865,0.01497721,0,0.009739546,0.072469226,252.5876837,0.000224815,0.047840528,34.0917749,5.459,0.1139,0.3276,7.3227,28.55,2.283184846,11.3339,0,0,,0,0,0,0,0,0,0,23.70661633
14,66,14066,3.208057761,1.16705706,0.810065005,0.01923612,0.043828783,0.084868665,3.242484822,1.337685051,6.35252671,0.427600969,0,0,0,1.448894577,1.697984735,0.50939542,0,1.374408804,97.60396377,2.093184,16.38144,47.7792,27.75744,11.83104,36.85824,1.36512,74.28028733,0.022072218,0.000715685,0.002282257,0.023296785,0.081353482,5.08E-05,0,0.297218537,563.7812751,0.000922037,0.196208688,101.8292528,34.1471,0.4673,1.6651,2.5842,,9.36404175,46.4838,0,0,,0,0,0,0,3.8094,0.55,0.143580399,23.43049446
14,67,14067,84.83530523,30.8621756,21.42171902,0.508688505,1.159027828,2.244304693,2.452834911,95.51071262,63.76959505,0.323466305,0,0.23388292,0,26.08010239,12.68637166,0.145541549,0,2.335377562,514.8295926,11.040874,86.40684,252.01995,146.41159,62.40494,194.41539,7.20057,94.02062749,0.027938015,0.000905881,0.104751273,1.069278274,0.035741069,2.54E-05,0,1.567732419,412.10918,0.004863449,1.034937876,811.7798153,202.296,2.4647,5.7322,3.5455,,49.39231577,245.1873,0,0.0585,,0,69.59862,16.395,2.1,0,0,1.318445931,66.38151962
14,68,14068,0,0,0,0,0,0,10.83893309,0.26753701,1.954623603,1.429378561,0,2.138358125,0,1.862864456,0.533652345,0,0,0.033522166,22.63998412,0.48553,3.7998,11.08275,6.43855,2.7443,8.54955,0.31665,0,0.00075479,2.45E-05,0.000616534,0.006293444,0.011573299,0,0,0.068942107,499.9165847,0.000213874,0.045512102,30.77145516,5.3656,0.1084,0.1092,3.3409,37.3324,2.172060932,10.7823,0,0,,0,0,0,0,0,0,0,122.7725367
14,69,14069,0,0,0,0,0,0,1.766428298,0.26753701,0,0.232946796,0,0,0,0,0.024256925,0,0,0.022348111,16.96229223,0.363768,2.84688,8.3034,4.82388,2.05608,6.40548,0.23724,0,0.000140175,4.55E-06,0.000173062,0.001766581,0.01497721,0,0.009739546,0.051652694,253.9855943,0.000160238,0.034098504,23.84871582,2.9266,0.0812,0,10.1693,,1.627347973,8.0783,0,0,,0,0,0,0,0,0,0,24.68841913
14,70,14070,63.80470435,23.2114682,16.11129288,0.382585052,0.871705803,1.687943446,0.629138846,11.50409144,22.96682734,0.082967352,16.53886362,3.34118457,8.79685844,13.66100601,91.08475257,12.39528857,1.530845579,3.016994936,271.3087325,5.818402,45.53532,132.81135,77.15707,32.88662,102.45447,3.79461,1117.869336,0.33217232,0.010770584,0.006138298,0.062658415,0.011232908,2.54E-05,0,0.826175305,111.5588815,0.002562977,0.545399269,273.2255224,74.6007,1.2989,3.6031,0.1543,,26.02913038,129.2106,0.0485,0,,0,0,0,0,1.2698,0.1833,0.099168645,3.410438638
14,71,14071,0,0,0,0,0,0,3.982932848,0,0,0.52524716,0,0,0,0,0,0,0,0,6.492774225,0.139242,1.08972,3.17835,1.84647,0.78702,2.45187,0.09081,0,3.23E-05,1.05E-06,2.70E-05,0.000276028,0.009871343,0,0,0.01977146,191.2128086,6.13E-05,0.013052121,7.956794913,0,0.0311,0,1.1395,,0.622911269,3.0922,0,0,,0,0,0,0,0,0,0,6.874572159
14,72,14072,0,0,0,0,0,0,2.348785025,0,1.954623603,0.309744781,0,0.100235537,0.035117199,2.069849396,0.55790927,0,0,0.067044332,12.79464759,0.27439,2.1474,6.26325,3.63865,1.5509,4.83165,0.17895,0,0.003051508,9.89E-05,0.000535411,0.00546536,0.038123807,0,0,0.038961598,44.94617874,0.000120867,0.025720482,15.41596118,6.6705,0.0613,0.4367,9.7699,,1.22750767,6.0934,0,0,,0,0,0,0,0,0,0,7.660469994
14,73,14073,7.841918971,2.852806148,1.980158901,0.047021627,0.107137026,0.207456736,1.508320054,3.745518142,16.12564473,0.198908908,0,0.367530303,0.212898021,18.42165962,3.808337191,0,0,0.16761083,122.8414866,2.63442,20.6172,60.1335,34.9347,14.8902,46.3887,1.7181,39.48068032,0.011731594,0.000380393,0.007409223,0.075631743,0.223977368,0,0,0.374070534,261.1262258,0.001160449,0.246942501,146.7138431,46.2642,0.5881,1.9653,64.3023,,11.78530835,58.5032,0,0.0154,,0,0,0,0,0,0,0.106985458,38.6912311
14,74,14074,0.712901725,0.259346013,0.180014446,0.004274693,0.00973973,0.018859703,4.649174755,0.80261103,5.619542859,0.613107458,0,0.033411846,0.010974125,4.553668671,1.11581854,0,0,0.234655162,26.51806004,0.568698,4.45068,12.98115,7.54143,3.21438,10.01403,0.37089,0,0.003579861,0.000116076,0.001054597,0.010765102,0.024848553,0,0,0.080751423,31.37906335,0.000250509,0.053308017,34.31532411,2.3357,0.127,1.6378,6.4456,,2.544120257,12.6292,0,0,,0,0,0,0,0,0,0,4.287455063
14,75,14075,0,0,0,0,0,0,0,0,0,0,0,0.100235537,0,0.620954819,0.04851385,0,0,0.011174055,7.58884546,0.162748,1.27368,3.7149,2.15818,0.91988,2.86578,0.10614,0,0.000776355,2.52E-05,0.000221736,0.002263432,0.006807823,0,0.009739546,0.023109159,34.00654154,7.17E-05,0.015255501,9.625603293,1.0951,0.0363,0.2457,0.7231,8.4402,0.728067416,3.6142,0,0,,0,0,0,0,0,0,0,5.405284903
14,76,14076,0,0,0,0,0,0,2.208438667,0,0,0.29123668,0,0,0,0,0.072770774,0,0,0,6.574282458,0.14099,1.1034,3.21825,1.86965,0.7969,2.48265,0.09195,0,0.000334264,1.08E-05,0.00011898,0.001214524,0.001361565,0,0,0.020019665,122.0526608,6.21E-05,0.013215973,8.10239784,2.2722,0.0315,0.1365,0.1439,,0.6307311,3.131,0,0,,0,0,0,0,0,0,5.430143359,2.071320795
14,77,14077,1.069352587,0.38901902,0.270021668,0.00641204,0.014609594,0.028289555,4.162802031,1.872759071,6.841182611,0.548967313,0,1.002355371,0,7.244472886,1.334130863,0,0,1.150927698,49.38755419,1.05915,8.289,24.17625,14.04525,5.9865,18.65025,0.69075,18.97830497,0.00563936,0.000182854,0.002347155,0.023959253,0.073864877,0,0.009739546,0.150392423,192.5296839,0.00046655,0.099281493,71.76110846,9.957,0.2364,1.2556,8.1143,97.282,4.738200187,23.5208,0,0,,0,0,0,0,0,0,0.010865667,40.44168429
14,78,14078,17.82254312,6.483650336,4.500361139,0.106867333,0.243493241,0.471492583,0,1.070148041,6.108198759,0,0,0.400942148,0,7.658442765,1.819269359,0,0,0.156436774,55.93609721,1.199588,9.38808,27.3819,15.90758,6.78028,21.12318,0.78234,95.25439875,0.028304627,0.000917769,0.001860418,0.018990744,0.063312751,0,0,0.170333707,83.84396254,0.000528412,0.112445723,68.47700138,32.9723,0.2678,1.2556,23.4342,,5.366461866,26.6395,0,0.0177,,0,0,0,0,0,0,0.047873227,13.15036502
14,79,14079,0,0,0,0,0,0,3.908726728,0.26753701,0.24432795,0.515461267,0,0.334118457,0,21.52643372,0.50939542,0,0,1.095057421,27.05000851,0.580106,4.53996,13.24155,7.69271,3.27886,10.21491,0.37833,17.56309676,0.005218834,0.000169219,0.000481329,0.004913303,0.026210118,0,0.009739546,0.082371285,373.2890143,0.000255534,0.054377368,30.39697541,6.2325,0.1295,0.2184,0.9137,0.5314,2.595154943,12.8826,0,0,,0,0,0,0,1.7045,0.2461,1.470188014,9.466489253
14,80,14080,0,0,0,0,0,0,8.681309487,0,0,1.144843091,0,0.066823691,0,0.20698494,0,0,0,0,11.53770484,0.247434,1.93644,5.64795,3.28119,1.39854,4.35699,0.16137,0,0.000258785,8.39E-06,0.000438064,0.004471658,0.009190561,0,0,0.035134021,260.7326303,0.000108993,0.023193709,15.89284963,0,0.0552,0,0.5336,,1.106917646,5.4948,0,0,,0,0,0,0,0,0,0.369485417,9.627655259
14,81,14081,0,0,0,0,0,0,4.936320177,0,0,0.650974609,0,0,0,0.20698494,0.072770774,0,0,0,7.541656483,0.161736,1.26576,3.6918,2.14476,0.91416,2.84796,0.10548,0,0.000215654,6.99E-06,0.000135205,0.001380141,0.002723129,0,0,0.022965462,85.00018785,7.12E-05,0.01516064,10.78146557,0,0.0361,0,4.5034,,0.723540146,3.5917,0,0,,0,0,0,0,0,0,0,2.427659565
14,82,14082,2.138705174,0.77803804,0.540043337,0.01282408,0.029219189,0.05657911,0,4.815666183,6.841182611,0,0,0.066823691,0,6.830503007,3.856851041,0,0,1.039187145,77.51003944,1.662256,13.00896,37.9428,22.04296,9.39536,29.27016,1.08408,33.09409968,0.009833836,0.000318859,0.002174093,0.022192672,0.034379505,2.54E-05,0.009739546,0.236029559,168.1985985,0.000732215,0.155814811,87.60086345,18.4695,0.3711,1.938,3.4069,1.3549,7.436247641,36.9141,0,0.0439,,0,0,0,0,1.3041,0.1883,0,11.30684069
14,83,14083,2.851606898,1.037384054,0.720057782,0.017098773,0.038958919,0.075438813,2.6254448,8.293647315,11.23908572,0.346229142,0,0.23388292,0,2.690804215,3.39596947,0.242569248,0,0.145262719,122.6269912,2.62982,20.5812,60.0285,34.8737,14.8642,46.3077,1.7151,52.83443984,0.015699633,0.000509056,0.003369304,0.034393121,0.08373622,0,0.019479093,0.373417364,96.34908505,0.001158422,0.246511311,150.8686031,25.1531,0.5871,2.7842,17.7463,287.3662,11.76472984,58.401,0,0.0439,,0,0,0,0,3.1345,0.4526,0.746212833,26.26753683
14,84,14084,1.425803449,0.518692027,0.360028891,0.008549387,0.019479459,0.037719407,5.734842558,1.337685051,2.198951553,0.756279325,0,0.100235537,0,3.518743973,0.727707744,0,0,0.122914609,29.27647023,0.627854,4.91364,14.33145,8.32589,3.54874,11.05569,0.40947,8.67268621,0.002577069,8.36E-05,0.002120011,0.021640616,0.01497721,0,0.019479093,0.089151191,409.6909593,0.000276567,0.05885312,39.11438992,7.3516,0.1402,0.1911,4.1607,,2.808759798,13.9429,0,0,,0,0,0,0,0,0,0,15.28026205
14,85,14085,0.712901725,0.259346013,0.180014446,0.004274693,0.00973973,0.018859703,7.073779077,9.096258345,12.70505342,0.932850869,0,0.133647383,0,4.553668671,1.212846239,0,0,0.111740553,73.93869188,1.585666,12.40956,36.19455,21.02731,8.96246,27.92151,1.03413,40.38786507,0.012001162,0.000389134,0.002190318,0.022358289,0.03608146,2.54E-05,0.038958185,0.225154276,427.0171072,0.000698478,0.148635498,105.8689655,24.2001,0.354,1.6651,12.9327,120.7305,7.093615576,35.2133,0.0191,0.0116,,0,0,0,0,0,0,0,28.77980652
14,86,14086,0,0,0,0,0,0,6.480130114,1.337685051,0.488655901,0.854563727,0,1.035767217,0,24.01025299,0.388110797,0,0,0.055870277,34.85978418,0.747592,5.85072,17.0646,9.91372,4.22552,13.16412,0.48756,11.32166568,0.003364207,0.000109083,0.002006439,0.020481297,0.032677549,0,0,0.10615321,742.5785517,0.00032931,0.070076995,39.19670053,9.166,0.1669,0.6278,2.0739,,3.344418216,16.602,0,0,,0,0,0,0,0,0,0,9.912400851
14,87,14087,2.495156036,0.907711047,0.630050559,0.014961427,0.034089054,0.066008962,8.67082384,2.140296081,4.397903107,1.143460302,0,0.23388292,0,4.139698792,0.679193894,0,0,0.424614102,33.02799389,0.708308,5.54328,16.1679,9.39278,4.00348,12.47238,0.46194,11.28537829,0.003353424,0.000108734,0.001384497,0.014132647,0.019742686,0,0.019479093,0.100575137,313.6861923,0.000312006,0.066394633,45.2695707,7.956,0.1581,1.2283,5.0741,19.0968,3.168677806,15.7296,0,0,,0,0,0,0,0,0,0,18.17773557
14,88,14088,3.920959485,1.426403074,0.99007945,0.023510813,0.053568513,0.103728368,2.67625986,1.337685051,3.420591305,0.352930352,0,0.033411846,0,1.241909638,0.848992367,0,0,0.089392443,31.10397061,0.667046,5.22036,15.22605,8.84561,3.77026,11.74581,0.43503,9.65244574,0.002868202,9.30E-05,0.001130312,0.011537981,0.03880459,0,0,0.094716201,282.1025618,0.00029383,0.062526859,43.37642349,11.9729,0.1489,0.7916,2.5993,,2.984088639,14.8133,0,0,,0,0,0,0,0,0,8.06100612,17.65422673
14,89,14089,0,0,0,0,0,0,0,0,0,0,0,0,0,0,0,0,0,0.022348111,6.312598132,0.135378,1.05948,3.09015,1.79523,0.76518,2.38383,0.08829,0,0.000107827,3.50E-06,9.19E-05,0.000938496,0.005105867,0,0,0.019222797,49.29374393,5.96E-05,0.012689921,8.408742249,5.4535,0.0302,0,0.5583,,0.605625327,3.0064,0,0,,0,0,0,0,1.4986,0.2164,0,2.907659278
14,90,14090,0,0,0,0,0,0,2.656095154,0.26753701,1.710295653,0.350271142,0,0,0,0.20698494,0.412367721,0,0,0,14.84093322,0.318274,2.49084,7.26495,4.22059,1.79894,5.60439,0.20757,0,0.000905748,2.94E-05,0.000427247,0.004361247,0.02995442,0,0,0.045192841,83.80706012,0.000140198,0.029834035,20.63123682,3.9028,0.0711,0.3821,4.0532,,1.423826584,7.068,0,0,,0,0,0,0,0,0,0,16.56731212
14,91,14091,1.782254312,0.648365034,0.450036114,0.010686733,0.024349324,0.047149258,11.61971053,0,2.931935405,1.532343172,0,0.601413223,0,12.83306625,1.334130863,0,0,0.100566498,76.8708433,1.648548,12.90168,37.6299,21.86118,9.31788,29.02878,1.07514,16.90992374,0.005024745,0.000162926,0.001752254,0.017886631,0.09871343,0,0,0.234083112,531.695015,0.000726177,0.154529865,96.30706677,22.9156,0.368,0.5732,46.0623,,7.374923704,36.6097,0,0.0139,,0,0,0,0,0,0,0.033335444,34.42980992
14,92,14092,0,0,0,0,0,0,3.637713071,0,0.977311802,0.479721485,0,0.200471074,0,0.20698494,0.072770774,0,0,0,20.85752777,0.447304,3.50064,10.2102,5.93164,2.52824,7.87644,0.29172,0,0.000485222,1.57E-05,0.000297451,0.003036311,0.050037497,0,0,0.063514264,155.8726459,0.000197035,0.041928914,29.13084644,4.6488,0.0999,0.1092,7.6079,0.14,2.001053577,9.9334,0,0,,0,0,0,0,0,0,0,20.76852995
14,93,14093,30.65477416,11.15187858,7.740621158,0.183811813,0.418808375,0.810967242,8.073948524,10.96901742,39.82545591,1.064747685,0,2.338829199,0.068039574,14.28196083,11.69183775,9.241888343,0.122914609,2.391247838,276.5359842,5.930504,46.41264,135.3702,78.64364,33.52024,104.42844,3.86772,208.9065042,0.062076091,0.002012798,0.010637914,0.108589518,0.157601096,0,0,0.842093061,268.857938,0.002612357,0.555907368,330.0873777,98.279,1.3239,4.2036,15.5012,,26.53062848,131.7001,0,0.0439,,0,0,0,0,0,0,0.800156344,62.18681026
14,94,14094,1.425803449,0.518692027,0.360028891,0.008549387,0.019479459,0.037719407,3.445745064,5.083203193,5.863870809,0.454405805,0,0.835296143,0,16.14482529,4.075163364,0.242569248,0,0.536354655,86.0812736,1.846072,14.44752,42.1386,24.48052,10.43432,32.50692,1.20396,59.69275655,0.017737566,0.000575135,0.003682979,0.037595049,0.030294811,0,0,0.262130237,469.6021314,0.000813185,0.173045162,94.91032649,18.7762,0.4121,1.8288,0.3065,0.658,8.258564599,40.9962,0,0,,0,0,0,0,3.2374,0.4675,0.009494272,16.74466795
14,95,14095,0,0,0,0,0,0,0,0,0,0,0,0,0,0.413969879,0.097027699,0,0,0,15.88767053,0.340722,2.66652,7.77735,4.51827,1.92582,5.99967,0.22221,0,0.000409743,1.33E-05,0.00023796,0.002429049,0.034719896,2.54E-05,0.029218639,0.048380312,16.00798371,0.000150086,0.031938242,21.90465271,12.297,0.0761,0.0546,2.6758,48.5321,1.524249676,7.5665,0,0,,0,0,0,0,1.2927,0.1867,0,8.161166644
14,96,14096,2.851606898,1.037384054,0.720057782,0.017098773,0.038958919,0.075438813,3.26668247,2.675370101,2.931935405,0.430792021,0,0,0,1.241909638,0.921763142,0,0,0.100566498,39.69021944,0.851184,6.66144,19.4292,11.28744,4.81104,14.98824,0.55512,0,0.002081064,6.75E-05,0.001054597,0.010765102,0.019061904,0,0,0.120862601,180.8842539,0.000374942,0.079787394,50.78982728,7.1209,0.19,0.464,4.4072,,3.807846091,18.9024,0,0,,0,0,0,0,0,0,0,7.673486936
14,97,14097,119.054588,43.31078424,30.06241241,0.713873785,1.626534851,3.149570451,2.753692334,28.35892308,20.76787578,0.363141718,12.02826445,9.488964179,1.553936072,67.27010537,30.05432981,1.212846239,14.29161675,16.06829155,577.5308731,12.385546,96.93036,282.71355,164.24311,70.00526,218.09331,8.07753,865.0913776,0.257059927,0.008335088,0.019972454,0.203874473,0.204915464,7.62E-05,0.07791637,1.758667111,401.3434084,0.00545577,1.16098333,585.0265059,235.1352,2.7649,4.2309,2.145,2.8622,55.4078236,275.0488,0.0764,0,,0,0,0,0,3.6721,0.5302,0.019818542,30.87626628
14,98,14098,240.2478812,87.39960652,60.66486815,1.44057165,3.282288891,6.355720013,0,78.65588098,127.0505342,0,6.047544072,26.06123965,2.820350074,113.220762,93.34064658,21.44312151,2.659425166,21.007224,1307.025266,28.030054,219.36564,639.81645,371.70289,158.43074,493.57269,18.28047,1133.94465,0.336949063,0.010925468,0.037127239,0.378986801,0.034379505,2.54E-05,0,3.980085666,540.2953755,0.012347097,2.627451825,1383.716462,420.0359,6.2574,14.6034,4.1334,,125.3948988,622.4701,0.2306,0,,0,0,0,0,1.6931,0.2445,3.787091319,8.975181073
14,99,14099,0,0,0,0,0,0,6.743077888,0.53507402,0.488655901,0.889239825,0,0,0,0,0.121284624,0,0,0,18.05621851,0.387228,3.03048,8.8389,5.13498,2.18868,6.81858,0.25254,0,0.000334264,1.08E-05,0.000113572,0.001159319,0.019742686,0,0,0.054983862,381.0260463,0.000170572,0.036297572,21.58948464,0,0.0864,0,6.4262,,1.732298335,8.5993,0,0,,0,0,0,0,0,0,0,12.23022997
14,100,14100,2.851606898,1.037384054,0.720057782,0.017098773,0.038958919,0.075438813,23.67175238,1.070148041,2.931935405,3.121699807,0,0.033411846,0,1.241909638,0.363853872,0,0,0.201132996,66.03668321,1.416202,11.08332,32.32635,18.78007,8.00462,24.93747,0.92361,0,0.001660538,5.38E-05,0.002022664,0.020646914,0.08373622,0,0,0.201091488,804.8933965,0.00062383,0.132750459,85.55447981,28.752,0.3162,0.2184,12.0521,,6.335503546,31.4499,0,0.0123,,0,0,0,0,0,0,0.087587243,52.37529071
14,101,14101,29.58542157,10.76285956,7.47059949,0.177399773,0.40419878,0.782677687,1.685769472,44.67868069,67.67884226,0.222309956,4.143068867,15.77039117,0.158027397,60.6465873,24.15989709,1.552443186,0.681617374,17.30861169,953.1851582,20.44171,159.9786,466.60425,271.07485,115.5401,359.95185,13.33155,404.2052372,0.120108663,0.003894486,0.0188151,0.192060463,0.006467432,0,0,2.90259009,348.6263453,0.00900447,1.916143588,943.1930072,161.079,4.5634,8.8166,0.2082,,91.44777806,453.9539,0.2526,0,,0,0,0,0,0,0,0.229134726,3.753760467
14,102,14102,1.069352587,0.38901902,0.270021668,0.00641204,0.014609594,0.028289555,3.984546025,0,1.221639752,0.525459897,0,0,0,0.827939758,0.242569248,0,0,0.022348111,11.43689203,0.245272,1.91952,5.5986,3.25252,1.38632,4.31892,0.15996,0,0.00278194,9.02E-05,0.000378573,0.003864396,0.012254081,0,0,0.034827031,100.3960817,0.000108041,0.02299105,16.02439297,4.7458,0.0548,0.2184,1.0313,,1.09724575,5.4468,0,0,,0,0,0,0,0,0,0,12.84772113
14,103,14103,0,0,0,0,0,0,3.203768585,0.80261103,0.488655901,0.422495285,0,0.100235537,0,2.276834336,0.097027699,0,0,0.033522166,15.20557532,0.326094,2.55204,7.44345,4.32429,1.84314,5.74209,0.21267,0,0.001822279,5.91E-05,0.000297451,0.003036311,0.005446258,7.62E-05,0.029218639,0.046303231,86.24025697,0.000143643,0.030567058,20.55462664,0,0.0728,0.5732,2.1229,27.4144,1.458810038,7.2416,0,0,,0,0,0,0,1.1897,0.1718,0.299706985,5.798315176
14,104,14104,0,0,0,0,0,0,2.877906927,0,0,0.379522452,0,0,0,0,0.072770774,0,0,0,8.545494718,0.183264,1.43424,4.1832,2.43024,1.03584,3.22704,0.11952,0,0.000463657,1.50E-05,0.000146021,0.001490553,0.016338775,0,0,0.026022298,92.8305066,8.07E-05,0.017178609,13.06779333,2.4261,0.0409,0.273,5.2997,,0.819847537,4.0698,0,0,,0,0,0,0,0,0,0,4.350912652
14,105,14105,0,0,0,0,0,0,11.08010298,1.070148041,5.375214908,1.461182713,0,0,0,0,0.291083097,0,0,0.614573043,41.1680924,0.882878,6.90948,20.15265,11.70773,4.99018,15.54633,0.57579,7.91065102,0.002350632,7.62E-05,0.001032965,0.01054428,0.130369805,0,0,0.125362943,112.6385309,0.000388903,0.082758293,52.11549984,12.4188,0.1971,0.0819,2.1906,,3.949631973,19.6063,0,0,,0,0,0,0,0,0,0,25.94276414
14,106,14106,0,0,0,0,0,0,3.518338008,0,0,0.463978961,0,0,0,0,0.024256925,0,0,0,7.777601368,0.166796,1.30536,3.8073,2.21186,0.94276,2.93706,0.10878,0,0.000312699,1.01E-05,8.65E-05,0.00088329,0.017359948,0,0,0.023683949,157.0381852,7.35E-05,0.015634949,10.00254574,0,0.0372,0.1638,4.0297,,0.746176498,3.7041,0,0,,0,0,0,0,0,0,0,8.742503246
14,107,14107,0,0,0,0,0,0,1.935811834,0.80261103,0,0.25528416,0,0,0,0.413969879,0.315340022,0,0,0.078218387,11.9409561,0.256082,2.00412,5.84535,3.39587,1.44742,4.50927,0.16701,1.95951906,0.000582267,1.89E-05,0.000562452,0.005741388,0.006807823,0,0,0.036361981,39.59936296,0.000112803,0.024004346,16.29263765,0,0.0572,0.2457,0.4134,,1.145605231,5.6869,0,0,,0,0,0,0,0,0,0,2.8084051
14,108,14108,3.564508623,1.296730067,0.900072228,0.021373467,0.048698648,0.094298517,10.90668651,2.140296081,8.307150313,1.438313507,0,0.167059229,0,1.448894577,1.11581854,0,0,0.33522166,69.60803077,1.492792,11.68272,34.0746,19.79572,8.43752,26.28612,0.97356,45.28666272,0.013456828,0.000436333,0.00185501,0.018935539,0.063312751,0,0.009739546,0.211966771,459.757148,0.000657567,0.139929772,82.0786837,20.1992,0.3332,1.8288,7.6451,95.7844,6.678135612,33.1508,0,0,,0,0,0,0,4.6331,0.669,9.603012644,39.23823551
14,109,14109,0.712901725,0.259346013,0.180014446,0.004274693,0.00973973,0.018859703,5.01375265,0.26753701,0.977311802,0.661185975,0,0.200471074,0,1.448894577,0.533652345,0,0,0.111740553,32.13140333,0.68908,5.3928,15.729,9.1378,3.8948,12.1338,0.4494,21.59099705,0.006415715,0.000208028,0.00050837,0.005189331,0.055143364,5.08E-05,0,0.097844886,197.4872931,0.000303536,0.064592259,37.58003935,5.5537,0.1538,0.273,8.0017,,3.082659665,15.3026,0,0,,0,0,0,0,2.551,0.3683,0,16.33626142
14,110,14110,0,0,0,0,0,0,4.941966294,0.80261103,5.619542859,0.651719188,0,0,0,3.104774094,0.55790927,0,0,0.145262719,27.09290758,0.581026,4.54716,13.26255,7.70491,3.28406,10.23111,0.37893,0,0.001725234,5.59E-05,0.001308782,0.013359768,0.050037497,0,0,0.082501919,158.6610128,0.000255939,0.054463606,38.23229313,14.3145,0.1297,0.4367,2.042,,2.599270643,12.903,0,0,,0,0,0,0,0,0,0,19.45870023
14,111,14111,1.425803449,0.518692027,0.360028891,0.008549387,0.019479459,0.037719407,2.182627843,0,1.954623603,0.287832891,0,0,0,0,0.291083097,0,0,0.044696221,12.83325675,0.275218,2.15388,6.28215,3.64963,1.55558,4.84623,0.17949,6.35029325,0.001886975,6.12E-05,0.000427247,0.004361247,0.027912073,0,0,0.039079169,19.6350568,0.000121232,0.025798096,16.14391209,4.4931,0.0614,0.1638,1.997,,1.231211801,6.1118,0,0,,0,0,0,0,0,0,0.022153301,6.632131626
14,112,14112,0,0,0,0,0,0,0,0.26753701,2.198951553,0,0,0.267294766,0,1.862864456,0.242569248,0,0,0.044696221,10.63253447,0.228022,1.78452,5.20485,3.02377,1.28882,4.01517,0.14871,0,0.001822279,5.91E-05,0.00044888,0.004582069,0.002723129,0,0,0.032377643,50.58873455,0.000100443,0.021374087,16.01829737,3.5272,0.0509,0.8189,4.6368,,1.020076366,5.0637,0,0,,0,0,0,0,0,0,0.001107665,4.17900767
14,113,14113,0.356450862,0.129673007,0.090007223,0.002137347,0.004869865,0.009429852,2.364110202,0.80261103,1.710295653,0.311765781,0,4.911541318,0,1.034924698,0.266826173,0,0,0.145262719,27.76856793,0.595516,4.66056,13.5933,7.89706,3.36596,10.48626,0.38838,9.18070967,0.002728027,8.85E-05,0.000416431,0.004250835,0.038123807,0,0.009739546,0.084559405,411.0075119,0.000262322,0.055821855,35.3955185,11.2576,0.1329,0.1911,8.6943,,2.664092926,13.2248,0,0,,0,0,0,0,0,0,0,25.30167978
14,114,14114,0.356450862,0.129673007,0.090007223,0.002137347,0.004869865,0.009429852,1.067922862,0,0.732983851,0.140831762,0,0,0,1.655879517,1.16433239,0,0,0.011174055,31.27342194,0.67068,5.2488,15.309,8.8938,3.7908,11.8098,0.4374,8.85412316,0.002630982,8.53E-05,0.001476436,0.015071143,0.039485372,0,0.009739546,0.095232205,44.14347536,0.000295431,0.062867499,43.59440801,8.6307,0.1497,1.1737,4.1494,68.0648,3.000345656,14.894,0,0,,0,0,0,0,0,0,0.204496069,7.255089898
14,115,14115,0,0,0,0,0,0,4.059558733,0,0.977311802,0.535352158,0,0,0,0.827939758,0.072770774,0,0,0.022348111,10.55102623,0.226274,1.77084,5.16495,3.00059,1.27894,3.98439,0.14757,0,0.000420526,1.36E-05,0.000286634,0.0029259,0.004765476,0,0,0.032129439,143.9445262,9.97E-05,0.021210235,14.69913024,3.2312,0.0505,0.3003,6.3161,,1.012256535,5.0249,0,0,,0,0,0,0,0,0,0,3.988065411
14,116,14116,3.920959485,1.426403074,0.99007945,0.023510813,0.053568513,0.103728368,5.346067015,0.26753701,0.977311802,0.705009756,0,0.100235537,0,2.690804215,0.800478518,0,0,0.022348111,38.55339409,0.826804,6.47064,18.8727,10.96414,4.67324,14.55894,0.53922,22.60704397,0.006717631,0.000217817,0.002065929,0.021088559,0.032337158,0,0,0.117400799,74.35506449,0.000364203,0.077502087,46.26962679,12.7654,0.1846,0.5732,10.0873,,3.698780028,18.361,0,0,,0,0,0,0,0,0,0.050938528,10.88053587
14,117,14117,0,0,0,0,0,0,1.527678172,0,0,0.20146175,0,0,0,0.620954819,0.291083097,0,0,0,8.195867299,0.175766,1.37556,4.01205,2.33081,0.99346,3.09501,0.11463,0,0.00035583,1.15E-05,0.00023796,0.002429049,0.024167771,0,0,0.024957631,53.1847797,7.74E-05,0.016475769,12.27918739,2.1732,0.0392,0,9.1699,,0.786304578,3.9033,0,0,,0,0,0,0,0,0,0,6.14074209
14,118,14118,0.712901725,0.259346013,0.180014446,0.004274693,0.00973973,0.018859703,7.280265672,0,9.773118015,0.96008118,0,0.23388292,0,6.416533127,1.67372781,0,0,0.022348111,47.47211072,1.018072,7.96752,23.2386,13.50052,5.75432,17.92692,0.66396,14.95040468,0.004442479,0.000144046,0.001968582,0.020094857,0.05990884,0,0,0.144559614,308.8018116,0.000448456,0.095430966,69.0699085,14.5326,0.2273,0.9008,20.3043,,4.55443416,22.6086,0,0.04,,0,0,0,0,0,0,0.12010254,17.71931144
14,119,14119,3.564508623,1.296730067,0.900072228,0.021373467,0.048698648,0.094298517,3.121496582,2.140296081,4.886559008,0.411645709,0,0.200471074,0,4.139698792,1.188589314,0,0,3.519827425,53.39647227,1.145124,8.96184,26.1387,15.18534,6.47244,20.16414,0.74682,22.64333136,0.006728414,0.000218167,0.001654907,0.01689293,0.057185711,0,0.009739546,0.162600173,259.896346,0.000504421,0.107340433,66.28387915,14.3259,0.2556,0.7916,5.4292,8.2474,5.122812397,25.43,0,0,,0,0,0,0,3.2145,0.4642,8.243100266,17.5598539
14,120,14120,1101.433165,400.6895907,278.1223184,6.604401185,15.0478823,29.1382416,6.856000245,349.6708723,335.2179479,0.904131401,3.174125342,88.94233325,2.021433788,254.5914757,88.63480317,33.59584083,4.067356136,49.43402073,2646.327793,56.752316,444.14856,1295.4333,752.58506,320.77396,999.33426,37.01238,3118.937458,0.926785142,0.030050719,0.116903481,1.193325374,0.083395828,5.08E-05,0.009739546,8.058460374,638.7604369,0.024999108,5.319789117,3162.549208,915.0997,12.6693,60.8157,3.4395,10.5775,253.8864507,1260.3123,0.3334,0.2295,,0,0,0,0,2.8828,0.4163,19.23318615,30.75252398
14,121,14121,2.495156036,0.907711047,0.630050559,0.014961427,0.034089054,0.066008962,3.403802475,2.407833091,7.329838511,0.448874649,0,0.066823691,0,4.553668671,1.334130863,0.145541549,0,0.257003272,56.62677223,1.2144,9.504,27.72,16.104,6.864,21.384,0.792,41.51277416,0.012335426,0.000399972,0.00173603,0.017721014,0.042889283,7.62E-05,0.048697731,0.172436915,234.1339282,0.000534937,0.113834154,74.83095247,12.7153,0.2711,1.3648,10.1537,165.774,5.432724644,26.9685,0.0015,0,,0,0,0,0,2.1163,0.3056,10.41817012,22.41938727
14,122,14122,0,0,0,0,0,0,5.662249614,0.26753701,0.24432795,0.746706169,0,0,0,0.620954819,0.266826173,0,0,0.022348111,13.36520522,0.286626,2.24316,6.54255,3.80091,1.62006,5.04711,0.18693,0,0.000442091,1.43E-05,0.000227144,0.002318637,0.007148214,0,0,0.040699031,400.1120128,0.000126257,0.026867448,16.27695286,2.8925,0.064,0.0273,1.6635,12.4286,1.282246487,6.3652,0,0,,0,0,0,0,0,0,0,8.281931318
14,123,14123,0,0,0,0,0,0,3.014220343,0,0,0.397498711,0,0,0,0.413969879,0.194055398,0,0,0.044696221,35.61695276,0.76383,5.9778,17.43525,10.12905,4.3173,13.45005,0.49815,60.27335479,0.01791009,0.000580729,0.000421839,0.004306041,0.120838854,0,0,0.1084589,191.5443201,0.000336463,0.071599096,41.23228664,4.7122,0.1705,0,1.9819,,3.41706033,16.9626,0,0,,0,0,0,0,0,0,0,28.23700006
14,124,14124,8.554820695,3.112152161,2.160173346,0.05129632,0.116876756,0.22631644,5.363811957,22.47310885,13.43803727,0.707349861,0,1.436709365,0.744045661,7.037487946,2.158866306,0,0,0.100566498,121.6853566,2.609626,20.42316,59.56755,34.60591,14.75006,45.95211,1.70193,81.6466275,0.024261109,0.000786659,0.004250839,0.043391642,0.071482139,0,0,0.370549947,321.6329568,0.001149527,0.244618387,145.6508797,58.2104,0.5826,0.8189,5.1053,,11.67439022,57.9526,0.0191,0,,0,0,0,0,0,0,0,27.0524584
14,125,14125,1.782254312,0.648365034,0.450036114,0.010686733,0.024349324,0.047149258,0.268593892,0,3.909247206,0.035420677,0,0.033411846,0,2.897789154,0.630680044,0,0,0.18995894,43.59188985,0.934858,7.31628,21.33915,12.39703,5.28398,16.46163,0.60969,31.2071554,0.009273135,0.000300679,0.000805821,0.008225642,0.010211734,0,0,0.132743766,299.1903641,0.0004118,0.087630739,47.7727339,0,0.2087,0.1911,,,4.182169051,20.7606,0,0,,0,0,0,0,0,0,0,0
15,1,15001,1.425803449,0.518692027,0.360028891,0.008549387,0.019479459,0.037719407,6.093120971,1.872759071,0.732983851,1.693498488,0,8.085666659,0,4.139698792,0.970276991,0,0,0.111740553,124.0555303,2.660456,20.82096,60.7278,35.27996,15.03736,46.84716,1.73508,32.25948971,0.009585834,0.000310818,0.000362544,0.008998521,0.054802973,0,0,1.149658766,3329.162185,0.001171917,0.249383036,128.1231775,17.4716,0.5939,0.7916,0.83,,8.406609763,52.2182,0.0088,0.0347,,0,0,0,0,0,0,0.001007333,0
15,2,15002,9.980624144,3.630844188,2.520202238,0.059845707,0.136356215,0.264035846,1.484482708,20.60034978,10.99475777,0.412591385,0.46776584,4.443775478,0.133884323,9.521307221,6.258286595,0.582166195,0.648095208,1.340886638,184.4895949,3.956506,30.96396,90.31155,52.46671,22.36286,69.66891,2.58033,119.7120996,0.035572177,0.001153417,0.001229982,0.030528726,0.012594472,0.000177875,0.087655917,1.709718862,69.28206266,0.001742821,0.370870813,185.5034707,39.4441,0.8832,2.8115,0.6815,,12.5019177,77.6564,0,0.1375,,0,0,0,0,2.7817,0.4017,2.143049739,0
15,3,15003,0.712901725,0.259346013,0.180014446,0.004274693,0.00973973,0.018859703,4.533587295,1.070148041,0,1.260047727,0,0,0,0,5.724634249,0,0,0.044696221,90.93530336,1.95017,15.2622,44.51475,25.86095,11.0227,34.33995,1.27185,34.43673311,0.010232797,0.000331795,0.000280249,0.006955912,0.051399062,0,0,0.842723967,1581.874305,0.00085904,0.182802992,93.38050983,17.6263,0.4354,1.0645,2.9728,,6.162221124,38.277,0,0,,0,0,0,0,0,0,0.15034439,0
15,4,15004,0,0,0,0,0,0,1.483210658,0.53507402,0.977311802,0.412237837,0,0,0,0,0.097027699,0,0,0.044696221,29.51241512,0.632914,4.95324,14.44695,8.39299,3.57734,11.14479,0.41277,0,0.001153751,3.74E-05,0.000258007,0.006403856,0.005105867,0,0,0.273500155,668.3560312,0.000278795,0.059327429,34.19555418,6.7821,0.1413,1.6105,1.0093,,1.99990566,12.4225,0,0,,0,0,0,0,0,0,0,0
15,5,15005,2.495156036,0.907711047,0.630050559,0.014961427,0.034089054,0.066008962,7.673007453,2.942907112,6.59685466,2.132606029,0,0.066823691,0.0087793,2.483819275,1.528186261,0,0,0.16761083,292.1919998,6.266258,49.04028,143.03415,83.09603,35.41798,110.34063,4.08669,37.59373604,0.011170893,0.000362213,0.000625,0.015512788,0.162366572,2.54E-05,0,2.707828447,6020.360325,0.002760255,0.587379925,270.3942663,63.4621,1.3989,1.8561,1.0443,,19.80035967,122.9911,0,0,,0,0,0,0,1.8707,0.2701,0.045329967,0
15,6,15006,0,0,0,0,0,0,0.16536654,5.350740203,0,0.045961337,0,0.267294766,0,1.241909638,0.339596947,0,0,0.022348111,19.5834254,0.41998,3.2868,9.5865,5.5693,2.3738,7.3953,0.2739,37.99289733,0.011289503,0.000366059,0.000115658,0.002870694,0.006807823,0,0,0.181485312,34.03157343,0.000184999,0.039367645,22.28530126,0,0.0938,0.464,0.0258,,1.327068731,8.2432,0,0,,0,0,0,0,0,0,0,0
15,7,15007,0,0,0,0,0,0,1.246609301,0.26753701,0,0.34647777,0,0,0,0.413969879,0.04851385,0,0,0.011174055,44.01444569,0.94392,7.3872,21.546,12.5172,5.3352,16.6212,0.6156,0,0.00035583,1.15E-05,0.000160142,0.003974807,0.01497721,0,0,0.4078947,1637.820855,0.000415792,0.088480184,45.52366245,15.0067,0.2107,0.1911,0.2697,,2.982634213,18.5268,0,0,,0,0,0,0,0,0,0.001510999,0
15,8,15008,0,0,0,0,0,0,6.884336263,0.53507402,1.710295653,1.913405807,0,0.066823691,0,0.620954819,0.679193894,0,0,0,56.05192469,1.202072,9.40752,27.4386,15.94052,6.79432,21.16692,0.78396,0,0.001595842,5.17E-05,0.000326957,0.008115231,0.001701956,0,0,0.519449527,1477.361516,0.000529507,0.112678565,65.12484278,12.3959,0.2683,1.1464,1.1587,,3.798352693,23.5937,0,0,,0,0,0,0,0,0,0.006043996,0
15,9,15009,11.40642759,4.149536215,2.880231129,0.068395093,0.155835674,0.301755253,1.404343539,4.548129173,5.863870809,0.390317814,0,0.033411846,0,1.448894577,0.970276991,0,0,0.178784885,108.5603862,2.328152,18.22032,53.1426,30.87332,13.15912,40.99572,1.51836,14.66010556,0.004356217,0.000141249,0.000776246,0.019266773,0.027912073,2.54E-05,0.009739546,1.006060749,653.9373327,0.001025539,0.218233872,115.8059702,53.4376,0.5197,1.747,0.6921,,7.356582982,45.6959,0,0.0447,,0,0,0,0,0.6507,0.094,0,0
15,10,15010,1.069352587,0.38901902,0.270021668,0.00641204,0.014609594,0.028289555,0.70217177,3.745518142,2.931935405,0.195158907,0,0.23388292,0,2.483819275,5.215238829,0.388110797,0,0.067044332,58.11965986,1.246416,9.75456,28.4508,16.52856,7.04496,21.94776,0.81288,45.61324923,0.013553873,0.00043948,0.000409253,0.01015784,0.008169387,2.54E-05,0.019479093,0.538611832,107.2168293,0.00054904,0.116835237,61.29290754,9.0919,0.2782,1.8015,0.692,,3.938472546,24.4641,0,0,,0,0,0,0,0.7483,0.108,4.923009091,0
15,11,15011,7.129017246,2.593460134,1.800144455,0.042746933,0.097397296,0.188597033,0.386703293,6.955962264,6.841182611,0.107478818,0,0.066823691,0.669421613,1.862864456,1.479672412,0.55790927,0,0.536354655,102.0375826,2.188266,17.12556,49.94955,29.01831,12.36846,38.53251,1.42713,30.66284455,0.009111394,0.000295434,0.000395907,0.009826606,0.008169387,5.08E-05,0,0.945612026,119.8791185,0.00096392,0.205121385,92.144101,21.3142,0.4885,1.3648,0.516,,6.914565894,42.9502,0,0,,0,0,0,0,0,0,0,0
15,12,15012,0,0,0,0,0,0,0.174270892,29.69660813,2.931935405,0.048436178,0,1.470121211,0,0.20698494,0.097027699,0,0,0.011174055,20.31485454,0.435666,3.40956,9.94455,5.77731,2.46246,7.67151,0.28413,30.69913194,0.009122177,0.000295784,0.000220196,0.00546536,0.007828996,0,0,0.18826368,47.37404196,0.000191909,0.040838003,19.99797385,0,0.0973,0.2457,0.026,,1.376633949,8.551,0,0,,0,0,0,0,0,0,0,0
15,13,15013,202.8205406,73.78394082,51.21410976,1.216150251,2.770953085,5.365585589,0.335185256,74.91036284,56.68408449,0.093160094,5.078600546,5.813661152,1.786587517,36.42934937,51.61873594,6.937480489,14.34748703,12.43672357,1026.255144,22.008746,172.24236,502.37355,291.85511,124.39726,387.54531,14.35353,532.1545744,0.158128516,0.005127268,0.008185054,0.203156799,0.000340391,0,0,9.510605612,60.24360737,0.009694741,2.063032766,1215.171899,265.2361,4.9132,13.3478,0.0015,,69.54407027,431.9772,0,0.1221,,0,0,0,0,0,0,1.032956308,0
15,14,15014,14.25803449,5.186920268,3.600288911,0.085493866,0.194794593,0.377194066,5.203957807,11.23655443,13.92669317,1.446367915,0,11.05932093,0,2.897789154,7.180049737,1.140075465,11.79980242,0.368743826,172.216171,3.693294,28.90404,84.30345,48.97629,20.87514,65.03409,2.40867,266.6760291,0.079242173,0.002569403,0.001937278,0.048084123,0.055143364,0.000127053,0,1.595977465,2244.023466,0.001626877,0.346198122,183.7923804,107.0878,0.8245,3.9579,1.212,,11.67021044,72.4902,0,0.0593,,0,0,0,0,1.3339,0.1926,0.167664261,118.997613
15,15,15015,1.069352587,0.38901902,0.270021668,0.00641204,0.014609594,0.028289555,0.969302334,0.80261103,1.465967702,0.269404144,0,0.735060605,0,1.241909638,0.315340022,0,0,0.022348111,51.65691499,1.107818,8.66988,25.28715,14.69063,6.26158,19.50723,0.72249,7.36634017,0.002188891,7.10E-05,0.000286922,0.007121529,0.005786649,0,0,0.478719691,924.6793587,0.000487988,0.103843483,53.19950102,0.2808,0.2473,1.4467,0.373,,3.500525329,21.7437,0.0036,0,,0,0,0,0,0.1789,0.0258,0,0
15,16,15016,0.712901725,0.259346013,0.180014446,0.004274693,0.00973973,0.018859703,2.014927687,0.80261103,1.465967702,0.560021212,0,0.23388292,0,1.241909638,0.630680044,0,0.055870277,0.067044332,50.10611361,1.07456,8.4096,24.528,14.2496,6.0736,18.9216,0.7008,0,0.002976029,9.65E-05,0.000193505,0.004802892,0.088161304,2.54E-05,0.009739546,0.464347963,198.5435996,0.000473338,0.100725979,53.13110989,26.9618,0.2399,0.8735,3.3427,,3.395435439,21.091,0,0,,0,0,0,0,3.1233,0.451,0,0
15,17,15017,0,0,0,0,0,0,0.572422638,0,0,0.159096935,0,0,0,0,0.072770774,0,0,0.044696221,14.46556636,0.310224,2.42784,7.0812,4.11384,1.75344,5.46264,0.20232,0,0.000291133,9.44E-06,7.12E-05,0.001766581,0.02382738,0,0.009739546,0.134056621,32.54468754,0.000136652,0.029079452,16.01261845,0,0.0693,0,0.2899,,0.98025756,6.0889,0,0,,0,0,0,0,1.0248,0.148,0.0463373,0
15,18,15018,3.208057761,1.16705706,0.810065005,0.01923612,0.043828783,0.084868665,0.656581487,2.407833091,3.420591305,0.18248772,0,0.033411846,0,2.069849396,0.703450819,0,0,0.111740553,88.44501235,1.896764,14.84424,43.2957,25.15274,10.72084,33.39954,1.23702,29.71937241,0.008831044,0.000286344,0.000407028,0.010102634,0.068078227,0,0,0.819645715,346.8473725,0.000835515,0.177796876,78.47667044,16.4815,0.4234,2.675,0.2767,,5.99346682,37.2288,0,0,,0,0,0,0,0,0,0.86459357,0
15,19,15019,4.63386121,1.685749087,1.170093896,0.027785507,0.063308243,0.122588071,0.638569254,5.083203193,6.108198759,0.17748147,0.033411846,0.23388292,3.373445964,3.725728913,1.431158562,0,0.927446591,0.156436774,69.79249677,1.496748,11.71368,34.1649,19.84818,8.45988,26.35578,0.97614,89.70242808,0.026654872,0.000864276,0.005718417,0.141933731,0.006807823,2.54E-05,0,0.646787415,60.49681423,0.00065931,0.140300595,98.09287052,1.1897,0.3341,2.6204,0.0479,,4.729481093,29.3775,0,0,,0,0,0,0,0,0,0.030219978,0
15,20,15020,27.4467164,9.984821517,6.930556153,0.164575693,0.374979591,0.726098577,0.232785206,72.50252975,31.5183056,0.06469942,0,1.236238291,0.803305935,12.62608132,4.996926506,2.110352456,0.178784885,0.983316868,664.3156914,14.246706,111.49596,325.19655,188.92371,80.52486,250.86591,9.29133,85.09392955,0.025285467,0.000819873,0.007451068,0.184938934,0,0,0,6.156407186,28.86138536,0.006275602,1.335442796,787.1451692,92.4652,3.1804,9.0623,0.0375,,45.01728191,279.6276,0,0,,0,0,0,0,0,0,0.036979704,0
15,21,15021,0,0,0,0,0,0,3.579549564,0.26753701,3.420591305,0.994886168,0,0,0,1.448894577,0.533652345,0,0,0.055870277,65.75354935,1.41013,11.0358,32.18775,18.69955,7.9703,24.83055,0.91965,6.38658064,0.001897758,6.15E-05,0.000549377,0.013635796,0.02110425,0,0,0.609357311,1644.435121,0.000621155,0.132181288,73.26640411,15.8398,0.3148,1.3375,4.8912,,4.455782251,27.6774,0.0049,0.0154,,0,0,0,0,0,0,0.004885563,34.27232688
15,22,15022,0,0,0,0,0,0,0.08395532,0.80261103,0.977311802,0.023334217,0,0,0,1.448894577,0.121284624,0,0,0,28.22329807,0.605268,4.73688,13.8159,8.02638,3.42108,10.65798,0.39474,6.09628152,0.001811496,5.87E-05,0.000113434,0.002815488,0.004084694,0,0,0.261553531,30.36421358,0.000266617,0.056735977,25.80382685,0.1441,0.1351,0.3548,0.2307,,1.91254878,11.8799,0,0,,0,0,0,0,0,0,0,0
15,23,15023,3.208057761,1.16705706,0.810065005,0.01923612,0.043828783,0.084868665,0.389247394,1.605222061,4.153575156,0.108185916,0,0.133647383,0,3.725728913,1.16433239,0,0.268177328,0.18995894,89.93575503,1.928734,15.09444,44.02545,25.57669,10.90154,33.96249,1.25787,20.46608796,0.006081451,0.000197189,0.000455961,0.011317159,0.002382738,2.54E-05,0,0.833460862,214.2988438,0.000849598,0.180793646,87.07935487,13.1985,0.4306,1.1191,0.1615,,6.094486838,37.8563,0,0,,0,0,0,0,0.911,0.1315,0.05036663,0
15,24,15024,97.31108541,35.40073083,24.57197182,0.583495639,1.329473097,2.574349501,0.770862486,20.60034978,7.574166462,0.214250539,1.804239668,1.102590908,0.006584475,20.9054789,11.01264385,0,0.067044332,0.067044332,276.8877566,5.938048,46.47168,135.5424,78.74368,33.56288,104.56128,3.87264,224.6915189,0.066766572,0.002164885,0.003282918,0.081483542,0.00612704,0,0,2.565999564,31.91800513,0.00261568,0.55661452,294.9072743,132.0324,1.3256,2.5931,0.8291,,18.76326926,116.5492,0,0.1494,,0,0,0,0,1.2526,0.1809,0.019803188,0
15,25,15025,71.64662332,26.06427435,18.09145178,0.429606679,0.97884283,1.895400182,2.19555883,30.49921916,41.53575156,0.610225134,16.60568731,1.871063359,0.272158295,13.24703613,24.76632021,0.679193894,0.826880094,7.218439736,603.8065534,12.949046,101.34036,295.57605,171.71561,73.19026,228.01581,8.44503,211.8094954,0.062938708,0.002040768,0.005422598,0.13459138,0.023146597,0.000177875,0.009739546,5.595651363,1195.356233,0.005703989,1.213804103,591.0962664,230.6841,2.8907,8.5983,1.0421,,40.91688663,254.1577,0.039,0.0685,,0,0,0,0,2.7003,0.3899,0.159574905,0
15,26,15026,0,0,0,0,0,0,3.019847429,0,0.977311802,0.83932472,0,0,0,0,0.145541549,0,0,0,46.905843,1.005928,7.87248,22.9614,13.33948,5.68568,17.71308,0.65604,0,0.002318284,7.52E-05,5.34E-05,0.001324936,0.009871343,0,0,0.434690122,1358.309277,0.000443106,0.094292625,49.5722931,0,0.2246,0.2184,0.5054,,3.178569443,19.7439,0,0,,0,0,0,0,0,0,0.051877629,0
15,27,15027,0,0,0,0,0,0,0.106852226,0,0.488655901,0.029698095,0,0.167059229,0,0.827939758,0.145541549,0,0,0.011174055,15.44366515,0.3312,2.592,7.56,4.392,1.872,5.832,0.216,0,0.000442091,1.43E-05,6.67E-05,0.00165617,0.008509778,0,0,0.143120947,12.85765107,0.000145892,0.031045678,15.13305809,6.3025,0.0739,0,0.0312,,1.04653832,6.5006,0.001,0,,0,0,0,0,0,0,0,0
15,28,15028,1.425803449,0.518692027,0.360028891,0.008549387,0.019479459,0.037719407,0.711076122,5.350740203,5.130886958,0.197633748,0.033411846,0.100235537,0,3.932713852,0.970276991,0,0.011174055,0.100566498,52.17599373,1.11895,8.757,25.54125,14.83825,6.3245,19.70325,0.72975,22.82476831,0.006782328,0.000219915,0.000298043,0.007397557,0.002042347,0.000101643,0.019479093,0.483530145,81.5704339,0.000492892,0.104886962,49.58864164,22.219,0.2498,0.6005,0.2411,,3.535700645,21.9622,0,0,,0,0,0,0,0.9923,0.1433,0.004290691,0
15,29,15029,95.5288311,34.7523658,24.1219357,0.572808905,1.305123773,2.527200242,0.323100778,21.93803483,16.12564473,0.089801381,0.501177686,3.508243799,0.081208524,6.416533127,12.80765629,1.067304691,0.089392443,1.530845579,467.7521533,10.031266,78.50556,228.97455,133.02331,56.69846,176.63751,6.54213,94.56493834,0.028099755,0.000911126,0.002313167,0.057413878,0.009190561,2.54E-05,0.009739546,4.334795572,111.9422183,0.004418722,0.940300299,431.8651162,56.1686,2.2394,5.159,0.4011,,31.69717473,196.8889,0,0,,0,0,0,0,0,0,5.564641539,0
15,30,15030,12.11932932,4.408882228,3.060245574,0.072669786,0.165575404,0.320614956,0.078867119,7.758573294,2.198951553,0.021920022,0,0.501177686,0,0.827939758,0.60642312,0.097027699,0,0.067044332,44.62790239,0.957076,7.49016,21.8463,12.69166,5.40956,16.85286,0.62418,41.25876243,0.012259947,0.000397525,0.001074288,0.02666433,0.000340391,0,0,0.413579782,31.28313987,0.000421587,0.089713387,44.40280437,0,0.2137,0.9281,0.0263,,3.024205041,18.785,0,0,,0,0,0,0,0,0,0,0
15,31,15031,28.15961812,10.24416753,7.110570599,0.168850386,0.384719321,0.74495828,0.272218766,65.27903048,51.06454163,0.075659431,0.601413223,8.018842968,0.00438965,26.28708733,14.89375182,1.212846239,0.100566498,3.408086872,1172.609611,25.147418,196.80588,574.01715,333.47663,142.13758,442.81323,16.40049,206.6203987,0.06139678,0.001990771,0.007702402,0.191177173,0.001701956,2.54E-05,0,10.86691512,260.2545431,0.01107731,2.357242313,1210.088036,103.1977,5.6139,23.3928,0.0444,,79.46176508,493.5816,0,0.1101,,0,0,0,0,0.9272,0.1339,0.143544895,0
15,32,15032,0,0,0,0,0,0,2.007295385,0,0.24432795,0.557899919,0,0,0,0.620954819,0.072770774,0,0,0,66.75524263,1.431612,11.20392,32.6781,18.98442,8.09172,25.20882,0.93366,0,0.000345047,1.12E-05,0.000166815,0.004140424,0.008169387,0,0,0.618640295,2514.839271,0.000630618,0.134194945,59.88825189,0,0.3196,0.2184,0.3408,,4.52366189,28.099,0,0,,0,0,0,0,0,0,0.076204711,0
15,33,15033,348.2524925,126.6905276,87.93705665,2.088187689,4.757857933,9.212965063,1.936060568,361.9775747,242.1289988,0.53810119,45.30646277,24.99206058,4.784718413,191.0470992,126.4028351,22.77725237,7.754794391,43.2882903,3699.42703,79.336752,620.89632,1810.9476,1052.07432,448.42512,1397.01672,51.74136,1936.222556,0.57534411,0.018655353,0.03540703,0.878818774,0,0,0,34.28366881,477.9047145,0.034947437,7.436785309,4138.192012,813.0308,17.711,67.7216,0.0213,,250.6912777,1557.1841,0,0.2201,,0,0,0,0,3.5788,0.5167,5.544676807,0
15,34,15034,0,0,0,0,0,0,0.41341635,0,0,0.114903342,0,0,0,3.932713852,0.169798473,0,0,0.044696221,18.53883304,0.397578,3.11148,9.07515,5.27223,2.24718,7.00083,0.25929,0,0.000787138,2.55E-05,0.000146797,0.003643573,0.000340391,5.08E-05,0,0.171804771,613.1949469,0.000175131,0.03726775,16.36757083,0,0.0888,0.1092,0.1025,,1.256282042,7.8035,0.0011,0,,0,0,0,0,0,0,0.051474696,0
15,35,15035,6.416115521,2.334114121,1.62013001,0.03847224,0.087657567,0.16973733,0.875170611,3.745518142,3.664919256,0.243241536,0,1.202826445,2.256280059,4.553668671,43.17732612,0,5.363546553,0.089392443,153.3298555,3.288264,25.73424,75.0582,43.60524,18.58584,57.90204,2.14452,172.7279764,0.051325724,0.001664221,0.000707295,0.017555397,0.010211734,0,0,1.420952473,54.33613364,0.001448464,0.308231845,146.1609747,29.5367,0.7341,1.4194,1.5991,,10.39038129,64.5405,0,0.0254,,0,0,0,0,1.8219,0.2631,0.128419478,0
15,36,15036,1.069352587,0.38901902,0.270021668,0.00641204,0.014609594,0.028289555,2.025104089,0.80261103,1.710295653,0.562849602,0.133647383,0,0,1.241909638,0.363853872,0,0,0.067044332,82.88100299,1.77744,13.9104,40.572,23.5704,10.0464,31.2984,1.1592,9.32585923,0.002771158,8.99E-05,0.000229093,0.005686182,0.060589622,0,0,0.768082418,287.2203021,0.000782953,0.166611808,80.07227466,9.5705,0.3968,1.1191,2.6675,,5.616422319,34.8867,0,0,,0,0,0,0,0,0,0.040293304,0
15,37,15037,7.485468108,2.723133141,1.890151678,0.04488428,0.102267161,0.198026885,3.653328482,31.5693672,19.30190808,1.015391995,0,1.035767217,0,6.416533127,9.775540689,0.60642312,0,1.072709311,514.5378789,11.034618,86.35788,251.87715,146.32863,62.36958,194.30523,7.19649,70.79669789,0.021037077,0.000682121,0.003565392,0.08849466,0,0,0,4.768372531,233.7440177,0.004860693,1.034351457,558.8283245,168.1156,2.4634,7.5883,0.1065,,34.86760443,216.5822,0,0.0162,,0,0,0,0,3.5788,0.5167,9.565727318,0
15,38,15038,0,0,0,0,0,0,0.839553203,0.53507402,0,0.233342172,0,0.100235537,0,0.413969879,0.242569248,0,0,0,20.21404172,0.433504,3.39264,9.8952,5.74864,2.45024,7.63344,0.28272,0,0.000539136,1.75E-05,0.000129004,0.003201928,0.00306352,0,0,0.187329418,173.2407477,0.000190956,0.040635344,20.50788498,0,0.0968,0.2457,0.0284,,1.369802379,8.5086,0,0,,0,0,0,0,0,0,0.254351481,0
15,39,15039,59.17084314,21.52571911,14.94119898,0.354799546,0.808397561,1.565355374,2.121779912,61.53351233,27.12040249,0.589719306,1.069179062,4.644246552,0.024143075,51.95321984,15.20909184,0.04851385,0.011174055,4.447274017,1084.713706,23.26243,182.0538,530.99025,308.48005,131.4833,409.62105,15.17115,361.1683927,0.107320363,0.003479829,0.00647242,0.160648447,0.035741069,7.62E-05,0,10.05235815,589.4237815,0.010246983,2.180549283,1062.613047,181.4346,5.1931,12.5289,0.6399,,73.50550851,456.5839,0,0.0832,,0,0,0,0,0,0,13.80340901,0
15,40,15040,1.782254312,0.648365034,0.450036114,0.010686733,0.024349324,0.047149258,3.220831378,2.675370101,10.50610187,0.895185422,0,0.267294766,0,5.588593369,1.237103164,0,0,0.312873549,65.28380453,1.400056,10.95696,31.9578,18.56596,7.91336,24.65316,0.91308,0,0.003547513,0.000115027,0.002528915,0.062768826,0.004425085,0,0,0.605004049,570.702711,0.000616718,0.131236982,83.96850782,20.9944,0.3125,1.9653,0.8447,,4.423950044,27.4796,0,0.0431,,0,0,0,0,0,0,0.006396562,0
15,41,15041,0,0,0,0,0,0,1.091419164,0,0,0.303344823,0,0,0,0,0,0,0,0,13.84781975,0.296976,2.32416,6.7788,3.93816,1.67856,5.22936,0.19368,0,0.000150958,4.89E-06,5.78E-05,0.001435347,0,2.54E-05,0.019479093,0.128331783,450.9650443,0.000130816,0.027837625,15.33623,0,0.0663,0.0819,0.1165,,0.938396027,5.8289,0,0,,0,0,0,0,0,0,0.000503666,0
15,42,15042,15.32738708,5.575939289,3.870310579,0.091905906,0.209404187,0.405483621,7.103128915,4.280592162,8.062822363,1.974216191,0,0,0.0087793,5.588593369,2.061838607,0,0,0.279351383,287.8549038,6.173246,48.31236,140.91105,81.86261,34.89226,108.70281,4.02603,95.76242221,0.028455585,0.000922663,0.001839413,0.045655074,0.161345399,0,0.009739546,2.667635314,6252.661401,0.002719284,0.578661264,272.4267811,46.4966,1.3781,2.948,1.6878,,19.50645682,121.1655,0,0.0308,,0,0,0,0,4.9452,0.714,0.026445508,0
15,43,15043,0.356450862,0.129673007,0.090007223,0.002137347,0.004869865,0.009429852,1.129580673,2.407833091,2.687607454,0.313951285,0,0,0,1.241909638,0.848992367,0,0,0.111740553,45.22419946,0.969864,7.59024,22.1382,12.86124,5.48184,17.07804,0.63252,12.15627565,0.00361221,0.000117125,0.000616103,0.015291966,0.011232908,0,0,0.419105841,402.6887924,0.00042722,0.090912095,43.88303652,24.7486,0.2165,0.6005,0.05,,3.064613048,19.036,0,0.0193,,0,0,0,0,0,0,0.075549945,0
15,44,15044,0.712901725,0.259346013,0.180014446,0.004274693,0.00973973,0.018859703,0.307836174,19.79773875,2.443279504,0.085558796,0,0.033411846,0.048286149,0.620954819,0.460881571,0,0,0.011174055,58.72024684,1.259296,9.85536,28.7448,16.69936,7.11776,22.17456,0.82128,16.25675072,0.004830656,0.000156633,0.000213523,0.005299743,0.000680782,2.54E-05,0,0.544177647,8.791436044,0.000554714,0.118042569,63.15499856,21.109,0.2811,1.01,0.0562,,3.979171258,24.7169,0,0,,0,0,0,0,0,0,0,0
15,45,15045,6.059664659,2.204441114,1.530122787,0.036334893,0.082787702,0.160307478,6.454383259,5.350740203,6.841182611,1.793906332,0.367530303,0.200471074,0,6.002563248,86.08782606,0,0,0.044696221,159.8612389,3.428334,26.83044,78.25545,45.46269,19.37754,60.36849,2.23587,186.372035,0.055380025,0.00179568,0.000976424,0.024235281,0.050377888,2.54E-05,0,1.481480707,2512.221847,0.001510164,0.321361579,167.0072531,69.257,0.7653,2.0745,2.0736,,10.83297979,67.2897,0.0112,0.0477,,0,0,0,0,1.708,0.2466,0.033692925,42.78885116
15,46,15046,4.277410348,1.556076081,1.080086673,0.02564816,0.058438378,0.11315822,1.297491313,0.53507402,0.24432795,0.36061972,0,0,0,0.827939758,0.145541549,0,0,0.022348111,29.58963344,0.63457,4.9662,14.48475,8.41495,3.5867,11.17395,0.41385,2.93927859,0.0008734,2.83E-05,0.000126779,0.003146722,0.001701956,2.54E-05,0,0.27421576,144.8420729,0.000279525,0.059482658,33.35184056,6.864,0.1417,0.3821,0.0328,,2.005138351,12.455,0,0,,0,0,0,0,0,0,1.586246645,0
15,47,15047,0.712901725,0.259346013,0.180014446,0.004274693,0.00973973,0.018859703,4.372036906,0,0,1.215147036,0,0.066823691,0,0.20698494,0.533652345,0,0,0,136.3117945,2.9233,22.878,66.7275,38.7655,16.523,51.4755,1.9065,0,0.001606625,5.21E-05,0.00019573,0.004858097,0.07488605,0.000203286,0,1.26324114,4472.543016,0.001287699,0.274021232,131.1681714,13.7914,0.6526,1.4467,0.8251,,9.237154203,57.3771,0.0091,0,,0,0,0,0,0,0,0,0
15,48,15048,3.208057761,1.16705706,0.810065005,0.01923612,0.043828783,0.084868665,4.760012249,1.070148041,3.909247206,1.322979403,26.26171072,0.066823691,0,2.897789154,23.43218934,0,23.04090207,0.122914609,124.804119,2.67651,20.9466,61.09425,35.49285,15.1281,47.12985,1.74555,193.5932257,0.057525785,0.001865256,0.000311388,0.007728791,0.13173137,0,0.009739546,1.156596156,1542.856023,0.001178989,0.250887889,129.8938553,29.9436,0.5975,1.9107,1.3034,,8.457337801,52.5333,0,0,,0,0,0,0,0.6344,0.0916,0.310020246,0
15,49,15049,0,0,0,0,0,0,0.608040047,0,1.221639752,0.1689963,0,0,0,1.034924698,0.145541549,0.097027699,0,0.033522166,24.4074258,0.523434,4.09644,11.94795,6.94119,2.95854,9.21699,0.34137,5.55197067,0.001649755,5.35E-05,0.000140125,0.003477956,0.004425085,0,0,0.226190731,314.5620982,0.00023057,0.049065108,25.00627937,8.9059,0.1169,0.3821,0.1244,,1.653966604,10.2737,0,0,,0,0,0,0,0,0,0,0
15,50,15050,0.712901725,0.259346013,0.180014446,0.004274693,0.00973973,0.018859703,0.442673507,1.337685051,2.687607454,0.123034963,0,0.367530303,0,0.20698494,0.460881571,0,0,0.055870277,48.26574351,1.035092,8.10072,23.6271,13.72622,5.85052,18.22662,0.67506,8.74526099,0.002598634,8.43E-05,0.00044484,0.01104113,0.051739453,0,0,0.447292716,75.21628769,0.000455953,0.097026369,47.39171693,6.148,0.2311,0.737,1.1547,,3.270722956,20.3163,0,0,,0,0,0,0,0,0,0,0
15,51,15051,9.26772242,3.371498174,2.340187792,0.055571013,0.126616485,0.245176143,2.953700813,10.96901742,2.687607454,0.820940186,2.87341873,18.91110467,9.32800608,44.70874695,39.75709972,7.471132834,2.167766732,22.73920257,238.0040396,5.10416,39.9456,116.508,67.6856,28.8496,89.8776,3.3288,929.1023336,0.276080636,0.008951828,0.001574733,0.039085602,0.043229674,0.000101643,0,2.205652823,726.3924132,0.002248357,0.478448401,240.7122024,70.8021,1.1394,5.35,0.3869,,16.12831834,100.182,0,0,,0,0,0,0,0.5531,0.0799,0.487997319,0
15,52,15052,0.712901725,0.259346013,0.180014446,0.004274693,0.00973973,0.018859703,2.564453419,0.26753701,0.977311802,0.71275427,0,0.066823691,0,2.690804215,0.436624646,0,0,0.067044332,51.59256638,1.106438,8.65908,25.25565,14.67233,6.25378,19.48293,0.72159,0,0.001908541,6.19E-05,0.00131895,0.032736952,0.002723129,0,0,0.478123354,1178.156432,0.00048738,0.103714126,57.40628433,8.2161,0.247,0.9008,0.4126,,3.496164753,21.7166,0,0.0231,,0,0,0,0,0,0,0,0
15,53,15053,3.564508623,1.296730067,0.900072228,0.021373467,0.048698648,0.094298517,0.256954162,4.815666183,11.48341367,0.071416846,0,0,0,0.20698494,1.140075465,0.072770774,0,0.111740553,81.94580327,1.757384,13.75344,40.1142,23.30444,9.93304,30.94524,1.14612,0,0.003924908,0.000127264,0.000529359,0.013138945,0.008509778,0,0,0.759415649,40.65028672,0.000774119,0.16473182,86.41128339,21.5779,0.3923,2.0199,0.2578,,5.55304861,34.4931,0,0,,0,0,0,0,0,0,0,0
15,54,15054,23.88220777,8.68809145,6.030483926,0.143202226,0.326280943,0.631800061,1.684194607,86.9495283,36.40486461,0.468098538,0.534589531,5.613190078,0,16.97276505,9.217631419,2.377178629,0.033522166,0.938620647,459.1766292,9.847358,77.06628,224.77665,130.58453,55.65898,173.39913,6.42219,114.7770146,0.034105728,0.001105868,0.011392349,0.28276335,0.022465815,0,0,4.255323691,149.6227102,0.004337711,0.923061324,566.9448412,132.4931,2.1983,11.9557,0.1647,,31.11605526,193.2793,0,0,,0,0,0,0,0,0,2.514586831,0
15,55,15055,0.712901725,0.259346013,0.180014446,0.004274693,0.00973973,0.018859703,0.068690717,1.872759071,1.465967702,0.019091632,0,0,0,0.413969879,0.242569248,0,0,0,22.89094368,0.490912,3.84192,11.2056,6.50992,2.77472,8.64432,0.32016,0,0.001789931,5.80E-05,0.000242438,0.006017416,0.004425085,0,0.009739546,0.212137049,14.66542499,0.000216244,0.046016595,21.84328347,18.7672,0.1096,0.273,0.0286,,1.551202355,9.6354,0.0014,0,,0,0,0,0,0,0,0,0
15,56,15056,0.356450862,0.129673007,0.090007223,0.002137347,0.004869865,0.009429852,3.088538146,0,2.687607454,0.858416353,0,0.100235537,0,0.20698494,0.436624646,0,0,0.022348111,58.6065643,1.256858,9.83628,28.68915,16.66703,7.10398,22.13163,0.81969,0,0.005315879,0.000172366,0.000302491,0.007507969,0.01497721,2.54E-05,0,0.543124117,2371.317651,0.00055364,0.117814038,59.99463059,7.4426,0.2806,0.5186,0.6738,,3.971467573,24.669,0,0,,0,0,0,0,0,0,0.000503666,0
15,57,15057,594.5600383,216.2945752,150.1320476,3.565094232,8.122934526,15.72899255,2.177750126,284.6593788,141.7102112,0.605275451,12.56285398,64.98603989,2.488931505,61.47452706,140.0109699,24.15989709,32.94111508,32.09188687,1735.230912,37.213218,291.23388,849.43215,493.47963,210.33558,655.27623,24.26949,1914.232397,0.568809785,0.01844348,0.028478649,0.706853168,0.000340391,5.08E-05,0,16.08089075,248.4273096,0.016392234,3.488253627,2257.062453,507.9013,8.3074,31.4724,0.0266,,117.5877375,730.4034,0,0.121,,0,0,0,0,1.399,0.202,33.89591937,0
15,58,15058,260.5655803,94.79096791,65.79527984,1.56240041,3.559871186,6.893221557,0.101764025,345.3902801,219.1621715,0.0282839,2.372241045,23.28805645,0.155832572,109.702018,45.2149078,8.053299029,1.93311157,13.81113237,2371.741571,50.863626,398.06316,1161.01755,674.49591,287.49006,895.64211,33.17193,601.4634893,0.178723502,0.005795054,0.029744218,0.738265184,0.001021173,0,0,21.9796206,84.66959843,0.02240517,4.767801266,2938.371226,529.6481,11.3547,52.4085,,,160.7208144,998.3271,0,0.2862,,0,0,0,0,3.0094,0.4345,0.941710367,0
15,59,15059,1.782254312,0.648365034,0.450036114,0.010686733,0.024349324,0.047149258,0.379070992,20.86788679,0.732983851,0.105357526,0,0.133647383,0.054870624,0,0.751964668,0,0,0.111740553,52.39048908,1.12355,8.793,25.64625,14.89925,6.3505,19.78425,0.73275,14.00693254,0.004162128,0.000134956,0.000251335,0.006238239,0.013956037,2.54E-05,0,0.485517936,51.91069257,0.000494918,0.105318152,51.55539668,10.6952,0.2508,0.7097,1.6394,,3.550235899,22.0525,0,0,,0,0,0,0,1.1712,0.1691,0,0
15,60,15060,76.28048453,27.75002344,19.26154567,0.457392186,1.042151072,2.017988253,2.614699406,21.93803483,32.25128945,0.726719445,0,0.46776584,0.048286149,15.10990059,7.34984821,0.266826173,0.145262719,1.095057421,705.3014628,15.125674,118.37484,345.25995,200.57959,85.49294,266.34339,9.86457,122.9053899,0.036521056,0.001184184,0.003445285,0.085513555,0.010892516,0,0,6.536234278,452.1658359,0.006662783,1.417834577,742.5498946,109.1473,3.3766,12.8292,0.1557,,47.79467833,296.8795,0,0,,0,0,0,0,0,0,0.35399664,0
15,61,15061,0,0,0,0,0,0,0.574966739,0.53507402,0,0.159804033,0.066823691,0,0,3.725728913,0.363853872,0.04851385,0,0,18.85414121,0.40434,3.1644,9.2295,5.3619,2.2854,7.1199,0.2637,11.35795307,0.00337499,0.000109433,7.56E-05,0.001876992,0.013615645,0,0,0.174726823,29.57209484,0.00017811,0.037901599,20.43188837,0,0.0903,0,1.1378,,1.277648866,7.9362,0,0,,0,0,0,0,1.7243,0.249,0.061447289,0
15,62,15062,3.564508623,1.296730067,0.900072228,0.021373467,0.048698648,0.094298517,1.914181302,3.745518142,10.99475777,0.532020151,4.009421484,2.906830576,0,6.209548188,6.549369692,0.04851385,5.732290378,3.709786366,123.4763928,2.648036,20.72376,60.4443,35.11526,14.96716,46.62846,1.72698,159.5556538,0.047411598,0.001537306,0.004330516,0.107485404,0.008169387,2.54E-05,0,1.14429173,254.9157804,0.001166446,0.248218823,137.3130309,114.2957,0.5911,2.948,0.1722,,8.367364576,51.9744,0,0,,0,0,0,0,2.2937,0.3312,0.201772486,0
15,63,15063,0,0,0,0,0,0,2.65095284,0,0.977311802,0.736795584,0,0.334118457,0,1.448894577,0.485138496,0,0,0.067044332,57.92232414,1.242184,9.72144,28.3542,16.47244,7.02104,21.87324,0.81012,0,0.001369405,4.44E-05,0.000787367,0.019542801,0.013956037,0,0,0.536783064,1346.240216,0.000547176,0.116438542,59.84291138,5.8629,0.2773,1.0645,0.3696,,3.925100111,24.381,0.0039,0,,0,0,0,0,0,0,0,0
15,64,15064,1.425803449,0.518692027,0.360028891,0.008549387,0.019479459,0.037719407,2.500850904,0.53507402,0,0.695076832,0,0.634825068,0,0.20698494,0.679193894,0,0,0.033522166,72.1111915,1.546474,12.10284,35.29995,20.50759,8.74094,27.23139,1.00857,0,0.001779148,5.77E-05,0.000280249,0.006955912,0.01191369,0,0,0.668275435,1576.188045,0.000681214,0.144961759,69.61565019,9.7627,0.3452,1.1737,0.316,,4.886607193,30.3535,0,0.0131,,0,0,0,0,1.9195,0.2772,0.001964299,0
15,65,15065,1.425803449,0.518692027,0.360028891,0.008549387,0.019479459,0.037719407,1.404343539,3.210444122,5.130886958,0.390317814,0,0.534589531,0,0.827939758,0.776221593,0,0,0.145262719,66.29622258,1.421768,11.12688,32.4534,18.85388,8.03608,25.03548,0.92724,19.84920233,0.005898145,0.000191246,0.000656139,0.016285667,0.027912073,0,0.029218639,0.614386423,431.76203,0.000626282,0.133272199,71.63435112,12.3625,0.3174,0.9281,1.4898,,4.492556445,27.9058,0,0.02,,0,0,0,0,3.6276,0.5238,0.699885938,0
15,66,15066,0,0,0,0,0,0,1.091419164,0,0,0.303344823,0,0,0,0.20698494,0.072770774,0,0,0,9.907540187,0.212474,1.66284,4.84995,2.81759,1.20094,3.74139,0.13857,0,0.000312699,1.01E-05,3.34E-05,0.000828085,0.002382738,0,0,0.091816063,288.151337,9.36E-05,0.019916665,10.44647866,0,0.0474,0.3276,0.0751,,0.671383403,4.1703,0,0,,0,0,0,0,0,0,0,0
15,67,15067,2.495156036,0.907711047,0.630050559,0.014961427,0.034089054,0.066008962,1.170286283,3.745518142,1.465967702,0.325264845,0,7.918607431,0,13.24703613,1.431158562,0,0,0.446962213,159.3743345,3.417892,26.74872,78.0171,45.32422,19.31852,60.18462,2.22906,0,0.009197656,0.000298231,0.00044484,0.01104113,0.016338775,0,0,1.476968421,1489.294161,0.001505564,0.320382778,138.6987395,17.5545,0.763,2.2656,0.235,,10.79998476,67.0848,0,0.0108,,0,0,0,0,0,0,0.054458768,0
15,68,15068,2.138705174,0.77803804,0.540043337,0.01282408,0.029219189,0.05657911,1.07869866,2.140296081,2.198951553,0.299809336,0.133647383,0.501177686,0,3.518743973,1.406901638,0.994533916,0,0,53.03183017,1.137304,8.90064,25.9602,15.08164,6.42824,20.02644,0.74172,17.99854544,0.005348227,0.000173415,0.000607206,0.015071143,0.012254081,2.54E-05,0,0.491461431,203.1870672,0.000500977,0.10660741,57.23798589,5.4144,0.2539,2.4294,0.2504,,3.59369631,22.3225,0,0,,0,0,0,0,0.7158,0.1033,0,0
15,69,15069,0,0,0,0,0,0,0.122116829,2.407833091,1.710295653,0.03394068,1.035767217,0.066823691,0,0.413969879,0.363853872,0,0,0.022348111,8.382478253,0.179768,1.40688,4.1034,2.38388,1.01608,3.16548,0.11724,6.74945454,0.002005585,6.50E-05,0.000144573,0.003588367,0.001021173,2.54E-05,0,0.07768287,8.496184575,7.92E-05,0.016850904,8.728927656,0,0.0401,1.6924,0.0488,,0.568037744,3.5284,0,0,,0,0,0,0,0,0,0.012762055,0
15,70,15070,50.25957158,18.28389395,12.69101841,0.301365879,0.68665094,1.329609083,0.544437531,38.25779245,38.35948821,0.151318863,3.742126718,14.90168318,1.422246574,49.46940056,11.18244233,12.00717777,0.458136268,7.553661395,525.5436353,11.270644,88.20504,257.2647,149.45854,63.70364,198.46134,7.35042,387.2590261,0.115073135,0.00373121,0.006003114,0.149000055,0.000680782,0,0,4.870366084,166.812643,0.004964662,1.056475815,585.7768115,56.5133,2.516,15.5315,0.0731,,35.61340834,221.2148,0,0,,0,0,0,0,1.5454,0.2231,0.106662173,0
15,71,15071,0,0,0,0,0,0,1.564621878,2.407833091,0.732983851,0.434864956,0,0.100235537,0,0,1.503929337,0,0,0.044696221,28.21900816,0.605176,4.73616,13.8138,8.02516,3.42056,10.65636,0.39468,0,0.005531533,0.000179358,0.000229093,0.005686182,0.045612412,5.08E-05,0,0.261513776,63.43055177,0.000266577,0.056727354,31.15642189,10.0725,0.1351,1.3648,4.6999,,1.912258075,11.8781,0.0021,0,,0,0,0,0,2.3913,0.3453,0,0
15,72,15072,0,0,0,0,0,0,0.221336753,0.53507402,0.488655901,0.061517482,0,1.503533057,0.002194825,10.55623192,0.242569248,0,0.055870277,0.022348111,26.03330055,0.558302,4.36932,12.74385,7.40357,3.15562,9.83097,0.36411,37.55744865,0.01116011,0.000361863,0.000108986,0.002705077,0.018721513,0,0,0.241258186,48.40984683,0.000245929,0.052333528,22.98468191,0.9048,0.1246,0.464,0.0651,,1.764143833,10.9581,0,0,,0,0,0,0,0,0,0.119066713,0
15,73,15073,0.356450862,0.129673007,0.090007223,0.002137347,0.004869865,0.009429852,0.129749131,1.872759071,0.24432795,0.036061972,0,4.143068867,0,25.87311745,0.873249292,0,0,0.067044332,25.81666025,0.553656,4.33296,12.6378,7.34196,3.12936,9.74916,0.36108,43.43600583,0.01290691,0.000418503,0.000193505,0.004802892,0.009530952,0,0,0.239250517,43.64924831,0.000243883,0.051898026,23.96734343,0,0.1236,0.2457,0.0745,,1.749463226,10.8669,0,0,,0,0,0,0,0,0,1.93140916,0
15,74,15074,1.069352587,0.38901902,0.270021668,0.00641204,0.014609594,0.028289555,8.576163171,1.070148041,0.488655901,2.383625638,0,0.568001377,0,3.518743973,1.091561615,0.145541549,0,0.022348111,213.5129607,4.578932,35.83512,104.5191,60.72062,25.88092,80.62902,2.98626,15.42214075,0.004582654,0.000148591,0.000649466,0.01612005,0.042889283,0,0,1.978686854,9888.28884,0.002016996,0.429215129,196.124581,38.7836,1.0222,1.938,1.0076,,14.46868298,89.8731,0,0.0608,,0,0,0,0,1.0574,0.1527,0.086734873,0
15,75,15075,5.346762935,1.945095101,1.350108342,0.0320602,0.073047972,0.141447775,0.761958134,4.548129173,1.221639752,0.211775698,0,2.272005508,0,2.690804215,1.334130863,0,0,0.055870277,48.90493965,1.0488,8.208,23.94,13.908,5.928,18.468,0.684,37.7388856,0.011214024,0.000363611,0.000529359,0.013138945,0.001021173,0,0,0.453216333,107.1573769,0.000461991,0.098311315,52.89466282,43.9598,0.2341,1.5832,0.115,,3.314038014,20.5853,0,0,,0,0,0,0,1.0411,0.1503,0,0
15,76,15076,86.26110868,31.38086762,21.78174791,0.517237892,1.178507287,2.2820241,0.458446931,12.30670247,7.574166462,0.127418968,0.434353994,0.801884297,0.215092846,8.072412644,6.23402967,0.097027699,0,6.056337983,153.5250463,3.29245,25.767,75.15375,43.66075,18.6095,57.97575,2.14725,426.884856,0.12684786,0.004113002,0.003153915,0.078281615,0.004084694,0,0,1.422761363,250.0560885,0.001450308,0.308624227,159.6230329,54.7883,0.735,13.8937,0.0159,,10.40360837,64.6226,0,0,,0,0,0,0,0.3253,0.047,0.030254871,0
15,77,15077,0,0,0,0,0,0,1.363637929,0,0,0.379004255,0,0,0,0.413969879,0.097027699,0,0,0,12.08681294,0.25921,2.0286,5.91675,3.43735,1.4651,4.56435,0.16905,0,0.000215654,6.99E-06,3.78E-05,0.000938496,0.001021173,0,0,0.112012019,320.8598697,0.000114181,0.024297555,12.10013961,0,0.0579,0.1365,0.0807,,0.819061588,5.0877,0,0,,0,0,0,0,0,0,0,0
15,78,15078,0,0,0,0,0,0,0.783582989,0,0,0.217786027,0,0,0,0,0,0,0,0,19.6756584,0.421958,3.30228,9.63165,5.59553,2.38498,7.43013,0.27519,0,0.000161741,5.24E-06,1.33E-05,0.000331234,0.000340391,0,0,0.182340063,417.4067199,0.00018587,0.039553057,20.0696245,0,0.0942,0.0546,0.0957,,1.333318891,8.282,0,0,,0,0,0,0,0,0,0,0
15,79,15079,0,0,0,0,0,0,1.869913952,0,2.198951553,0.519716655,0,0,0,0,0.315340022,0,0,0.033522166,24.10284241,0.516902,4.04532,11.79885,6.85457,2.92162,9.10197,0.33711,19.12345453,0.005682491,0.000184253,0.000175712,0.004361247,0.015317601,5.08E-05,0,0.223368067,172.2709194,0.000227693,0.048452818,27.10982831,0,0.1154,0.4094,0.4659,,1.633326542,10.1455,0.0018,0,,0,0,0,0,0,0,0.004130064,0
15,80,15080,0,0,0,0,0,0,5.233214964,0,0.732983851,1.454499536,0,0,0,0.620954819,0.194055398,0,0,0.022348111,52.2467772,1.120468,8.76888,25.5759,14.85838,6.33308,19.72998,0.73074,2.32239296,0.000690094,2.24E-05,0.000189057,0.00469248,0,0,0,0.484186116,1609.787911,0.00049356,0.105029255,53.66377346,6.8572,0.2501,0.7097,0.7781,,3.540497279,21.992,0,0.0108,,0,0,0,0,0,0,0.010274793,0
15,81,15081,40.6353983,14.78272277,10.2608234,0.243657519,0.55516459,1.075003088,2.114147611,54.84508708,48.62126213,0.587598014,6.816016523,2.87341873,1.652703195,34.77346985,19.13871366,1.334130863,0.413440047,2.201288898,693.2768535,14.867798,116.35668,339.37365,197.15993,84.03538,261.80253,9.69639,182.6344339,0.054269405,0.001759669,0.006152135,0.152698833,0.035741069,0.000101643,0.009739546,6.424798718,291.2549045,0.00654919,1.393662067,711.4322448,147.5381,3.3191,10.6728,2.5585,,46.97983196,291.8181,0,0.0239,,0,0,0,0,0,0,6.9282392,0
15,82,15082,6.059664659,2.204441114,1.530122787,0.036334893,0.082787702,0.160307478,11.82497966,4.815666183,9.040134164,3.286589132,0,0.066823691,0,2.690804215,2.207380155,0,0,0.111740553,133.4911807,2.86281,22.4046,65.34675,37.96335,16.1811,50.41035,1.86705,18.17998239,0.00540214,0.000175163,0.001563612,0.038809573,0.004084694,0,0,1.237101689,2411.176941,0.001261053,0.268351083,143.0386884,42.2047,0.6391,2.675,0.5306,,9.046015607,56.1899,0,0.0531,,0,0,0,0,0,0,0.231787231,28.76408339
15,83,15083,0,0,0,0,0,0,0.269674665,1.605222061,0,0.074952334,0,0,0,0.413969879,0.097027699,0,0,0.078218387,23.56874899,0.505448,3.95568,11.5374,6.70268,2.85688,8.90028,0.32964,0,0.000463657,1.50E-05,9.56E-05,0.002373843,0.009190561,2.54E-05,0,0.218418468,6.616022648,0.000222647,0.047379155,22.21502729,7.5209,0.1128,0.273,0.0841,,1.597133759,9.9207,0,0,,0,0,0,0,0,0,0.08117932,0
15,84,15084,4.277410348,1.556076081,1.080086673,0.02564816,0.058438378,0.11315822,2.203191132,2.407833091,4.153575156,0.612346426,0.133647383,1.002355371,0,2.897789154,0.703450819,0,0,0.111740553,76.6220287,1.643212,12.85992,37.5081,21.79042,9.28772,28.93482,1.07166,11.53939002,0.003428903,0.000111181,0.000200178,0.004968509,0.056504929,0,0,0.710078678,188.6140199,0.000723827,0.154029684,78.2244003,3.8491,0.3668,1.3375,2.9966,,5.192283594,32.2522,0,0,,0,0,0,0,1.399,0.202,0,0
15,85,15085,2.138705174,0.77803804,0.540043337,0.01282408,0.029219189,0.05657911,3.251360585,3.210444122,6.35252671,0.903670592,0,0.334118457,0,0,1.16433239,0,0,0.558702766,124.6818567,2.673888,20.92608,61.0344,35.45808,15.11328,47.08368,1.74384,81.90063923,0.024336588,0.000789106,0.000371441,0.009219344,0.034719896,0,0,1.155463115,2773.954552,0.001177834,0.250642111,126.6397733,28.4518,0.5969,1.5832,0.7268,,8.449052706,52.4818,0.0087,0,,0,0,0,0,3.774,0.5449,0,0
15,86,15086,0.712901725,0.259346013,0.180014446,0.004274693,0.00973973,0.018859703,5.884504721,0.26753701,0,1.635516494,0,0,0,0.20698494,0.121284624,0,0,0,65.38247239,1.402172,10.97352,32.0061,18.59402,7.92532,24.69042,0.91446,0,0.000334264,1.08E-05,0.000246886,0.006127827,0.032337158,7.62E-05,0.029218639,0.605918433,2295.464207,0.00061765,0.131435329,68.43601009,12.0975,0.313,0.273,0.6129,,4.430636261,27.5212,0,0,,0,0,0,0,0,0,0.181773168,0
15,87,15087,1.425803449,0.518692027,0.360028891,0.008549387,0.019479459,0.037719407,3.574461363,0.53507402,5.130886958,0.993471973,0,1.503533057,0.010974125,14.69593071,0.897506217,0,0,0.581050877,179.9701779,3.859584,30.20544,88.0992,51.18144,21.81504,67.96224,2.51712,18.36141934,0.005456054,0.000176911,0.000389235,0.009660989,0.064674316,0,0,1.667836107,5439.300069,0.001700127,0.36178564,150.5375093,26.3334,0.8616,1.3375,0.4714,,12.19565989,75.7541,0,0.0262,,0,0,0,0,0,0,0,0
15,88,15088,8.911271558,3.241825168,2.250180569,0.053433667,0.121746621,0.235746291,2.429616087,7.491036284,11.48341367,0.675278103,0,1.269650137,0,10.55623192,1.916297058,0,0,2.033678068,176.370946,3.782396,29.60136,86.3373,50.15786,21.37876,66.60306,2.46678,61.54341344,0.018287485,0.000592966,0.002297598,0.057027439,0.011232908,2.54E-05,0,1.634480975,1113.270661,0.001666126,0.354550272,182.9378257,44.8687,0.8444,18.3157,0.5877,,11.95175832,74.2391,0,0.0693,,0,0,0,0,0,0,0.000343805,0
15,89,15089,0,0,0,0,0,0,0.262042363,0,1.710295653,0.072831041,0,0.066823691,0,0,0.121284624,0,0,0.044696221,21.70692935,0.46552,3.6432,10.626,6.1732,2.6312,8.1972,0.3036,0,0.001326274,4.30E-05,0.000129004,0.003201928,0.014636819,0,0,0.201164443,32.44062148,0.000205059,0.043636426,22.60800505,0,0.1039,1.8834,0.1173,,1.47096775,9.137,0,0,,0,0,0,0,1.5454,0.2231,0.029011179,0
15,90,15090,6.059664659,2.204441114,1.530122787,0.036334893,0.082787702,0.160307478,2.264249547,6.688425254,9.773118015,0.629316766,0,0.768472451,1.163257229,6.623518067,3.759823342,0,0,0.324047604,153.6151343,3.294382,25.78212,75.19785,43.68637,18.62042,58.00977,2.14851,86.7268621,0.025770689,0.000835607,0.002024021,0.050237143,0.051399062,0,0,1.423596235,1410.606025,0.001451159,0.308805327,157.5051585,26.8325,0.7354,11.2733,0.5653,,10.40971318,64.6606,0.0102,0,,0,0,0,0,0,0,0.180765835,0
15,91,15091,7.841918971,2.852806148,1.980158901,0.047021627,0.107137026,0.207456736,0.544437531,7.491036284,9.773118015,0.151318863,0.568001377,0.801884297,0.037312024,7.451457825,2.158866306,0.072770774,0.067044332,0.122914609,168.0099172,3.603088,28.19808,82.2444,47.78008,20.36528,63.44568,2.34984,57.80581227,0.017176865,0.000556954,0.001043149,0.025891451,0.012934863,0,0,1.556996884,89.56515802,0.001587142,0.337742487,169.8706146,90.6858,0.8043,3.9579,1.0089,,11.38517411,70.7197,0.0114,0,,0,0,0,0,0.6995,0.101,0.005036663,0
15,92,15092,7.485468108,2.723133141,1.890151678,0.04488428,0.102267161,0.198026885,1.238976999,8.293647315,6.108198759,0.344356478,0,0.835296143,0,17.38673493,1.406901638,0.097027699,0,0.122914609,104.4506553,2.240016,17.53056,51.1308,29.70456,12.66096,39.44376,1.46088,0,0.017737566,0.000575135,0.001532473,0.038036694,0.006467432,5.08E-05,0,0.967974674,81.74203377,0.000986716,0.209972272,116.8138878,19.7222,0.5001,3.3847,0.2925,,7.078087507,43.966,0,0,,0,0,0,0,0,0,0,0
15,93,15093,0.712901725,0.259346013,0.180014446,0.004274693,0.00973973,0.018859703,0.576238789,2.942907112,1.221639752,0.160157581,0,0,0,4.139698792,0.291083097,0.097027699,0,0,59.01196051,1.265552,9.90432,28.8876,16.78232,7.15312,22.28472,0.82536,0,0.003989605,0.000129362,9.56E-05,0.002373843,0.020083077,0.000101643,0.009739546,0.546881042,205.6290749,0.000557469,0.118628987,57.04404585,0,0.2825,0.2457,0.4955,,3.998939204,24.8397,0,0,,0,0,0,0,0,0,0,0
15,94,15094,0,0,0,0,0,0,0.407056098,1.070148041,1.465967702,0.113135598,0,0.100235537,0,0.827939758,0.412367721,0,0,0.044696221,37.00259272,0.793546,6.21036,18.11355,10.52311,4.48526,13.97331,0.51753,0,0.001121402,3.64E-05,0.000618327,0.015347171,0.005786649,0,0,0.342913814,236.013543,0.000349553,0.074384583,40.17442121,19,0.1772,0.3548,0.453,,2.507476745,15.5753,0,0.0169,,0,0,0,0,1.4478,0.209,0,0
15,95,15095,90.18206816,32.8072707,22.77182736,0.540748705,1.2320758,2.385752468,2.009839485,3.210444122,7.818494412,0.558607017,1.403297519,1.202826445,2.837908673,22.56135842,23.57773089,6.476598918,0,0.681617374,154.0998938,3.304778,25.86348,75.43515,43.82423,18.67918,58.19283,2.15529,391.1780642,0.116237668,0.00376897,0.002157473,0.053549482,0.015657992,5.08E-05,0.009739546,1.428088642,164.1108548,0.001455738,0.309779817,172.7812471,63.4578,0.7378,1.9926,1.2264,,10.44256285,64.8646,0,0,,0,0,0,0,0,0,0.220172948,0
15,96,15096,5.346762935,1.945095101,1.350108342,0.0320602,0.073047972,0.141447775,0.605495946,3.210444122,9.773118015,0.168289203,0.100235537,0.367530303,0,3.104774094,1.795012434,0.121284624,0,0.625747098,71.25535506,1.52812,11.9592,34.881,20.2642,8.6372,26.9082,0.9966,19.01459236,0.005650143,0.000183204,0.000591637,0.014684703,0.030294811,0,0.009739546,0.660344149,221.9243395,0.000673129,0.143241311,75.83792249,12.9494,0.3411,1.1464,1.1845,,4.828611528,29.9932,0,0,,0,0,0,0,2.0822,0.3007,0,0
15,97,15097,0,0,0,0,0,0,1.668930003,0,0,0.463855953,0,0,0,0.827939758,0.654936969,0,0,0,33.79374229,0.72473,5.6718,16.54275,9.61055,4.0963,12.76155,0.47265,0,0.00111062,3.60E-05,0.000220196,0.00546536,0.008509778,0,0.009739546,0.313176462,1215.85752,0.00031924,0.067933981,35.32484791,9.9486,0.1618,1.01,0.6004,,2.290029338,14.2247,0,0.0185,,0,0,0,0,0,0,0,0
15,98,15098,0,0,0,0,0,0,0.251865961,0,0,0.070002651,0,0.167059229,0,0.827939758,0.04851385,0.727707744,0,0.033522166,10.56389596,0.22655,1.773,5.17125,3.00425,1.2805,3.98925,0.14775,0,0.001412536,4.58E-05,0.00022242,0.005520565,0.005786649,0,0,0.097898704,55.91972854,9.98E-05,0.021236106,11.3746147,7.1086,0.0506,0.1092,0.0476,,0.715861282,4.4466,0,0,,0,0,0,0,0,0,0.012591657,0
15,99,15099,38.14024227,13.87501172,9.630772836,0.228696093,0.521075536,1.008994127,2.678937947,75.44543686,32.9842733,0.744573657,11.79438153,11.92802891,0.039506849,17.17974999,5.457808077,25.76085412,0.793357928,0.893924425,460.7488801,9.881076,77.33016,225.5463,131.03166,55.84956,173.99286,6.44418,195.0084339,0.057946311,0.001878891,0.007308719,0.181405773,0.070120574,0.000203286,0.038958185,4.269894198,465.1503963,0.004352564,0.926221946,514.0838297,158.2994,2.2058,7.561,2.2482,,31.22259867,193.9411,0,0.0254,,0,0,0,0,2.2774,0.3288,7.425051781,47.48363291
15,100,15100,22.09995346,8.039726416,5.580447812,0.132515493,0.301931619,0.584650802,0.913332121,2.675370101,9.040134164,0.253847999,0,0.066823691,0.465302892,1.862864456,1.261360089,0.436624646,0,0.033522166,62.48035031,1.339934,10.48644,30.58545,17.76869,7.57354,23.59449,0.87387,23.55051611,0.006997982,0.000226907,0.000300267,0.007452763,0.007828996,0,0,0.579023622,55.69038671,0.000590234,0.125601329,59.9107487,27.461,0.2991,0.9827,0.0746,,4.233974269,26.2996,0,0,,0,0,0,0,0,0,0,0
15,101,15101,5.703213797,2.074768107,1.440115564,0.034197547,0.077917837,0.150877626,1.693098959,5.885814223,10.99475777,0.470573379,0,0.93553168,8.572986294,9.9352771,2.28015093,4.341989537,0,0.491658434,148.4114772,3.182786,24.90876,72.65055,42.20651,17.98966,56.04471,2.07573,305.4309616,0.090758113,0.002942803,0.00179048,0.04444055,0.030294811,0,0,1.375372427,1270.052608,0.001402001,0.298344658,142.2611983,45.6851,0.7105,2.7296,0.3291,,10.05708791,62.4702,0,0,,0,0,0,0,0,0,0.012188724,0
15,102,15102,0,0,0,0,0,0,1.679106405,0,0.488655901,0.466684343,0,0,0,0,0.072770774,0,0,0.067044332,31.45574298,0.67459,5.2794,15.39825,8.94565,3.8129,11.87865,0.43995,18.5065689,0.005499185,0.000178309,0.000108986,0.002705077,0.007148214,2.54E-05,0,0.291509541,652.0215636,0.000297153,0.06323401,34.42391318,6.4364,0.1506,0.5186,0.3421,,2.131595065,13.2405,0.0024,0,,0,0,0,0,0,0,0.005036663,0
15,103,15103,2.851606898,1.037384054,0.720057782,0.017098773,0.038958919,0.075438813,0.442673507,4.280592162,5.619542859,0.123034963,0,0,0,2.897789154,0.55790927,0,0,0.111740553,97.41949777,2.089228,16.35048,47.6889,27.70498,11.80868,36.78858,1.36254,40.49672724,0.01203351,0.000390183,0.000707295,0.017555397,0.009190561,5.08E-05,0.009739546,0.902814887,98.44711495,0.000920294,0.195837865,105.9253397,12.6599,0.4664,1.8834,0.4204,,6.601621866,41.0064,0,0,,0,0,0,0,0,0,0.033997475,0
15,104,15104,1087.888032,395.7620165,274.7020439,6.523182012,14.86282744,28.77990724,2.135136441,182.1927039,124.1185988,0.593431568,50.81941731,29.43583606,12.49952815,108.2531234,118.3980499,46.69458021,26.4825111,34.3602201,1436.559008,30.807994,241.10604,703.22595,408.54079,174.13214,542.48859,20.09217,2297.173224,0.682599777,0.022133085,0.024701958,0.613113971,0,2.54E-05,0,13.31301114,89.72401299,0.013570765,2.887847453,1887.967681,567.788,6.8775,33.6834,0.0034,,97.3482678,604.6847,0,0.1255,,0,0,0,0,2.7491,0.397,13.34591625,0
15,105,15105,0,0,0,0,0,0,8.512560656,0,0,2.365948201,0,0,0,0,0.097027699,0,0,0.011174055,69.75388761,1.49592,11.7072,34.146,19.8372,8.4552,26.3412,0.9756,2.03209384,0.000603832,1.96E-05,9.56E-05,0.002373843,0.002382738,0,0,0.646429612,1989.6858,0.000658945,0.140222981,77.08305353,2.0469,0.3339,0.4367,0.5963,,4.726864747,29.3612,0,0.0185,,0,0,0,0,0,0,0,0
15,106,15106,829.1047057,301.6194136,209.3568002,4.971468335,11.32730558,21.93383494,6.635014402,234.6299579,205.2354783,1.844110253,8.286137734,43.8697534,27.97304412,119.2233252,76.06971613,16.32491038,6.570344527,8.358193378,1710.544642,36.683804,287.09064,837.3477,486.45914,207.34324,645.95394,23.92422,2218.139289,0.659115023,0.021371599,0.025885232,0.642483378,0.110286728,2.54E-05,0,15.85211589,5581.749195,0.01615903,3.438627973,1918.820295,527.5671,8.1892,39.0334,0.8938,,115.9148751,720.0123,0,0.4305,,13.03863437,160.95456,20.592,0,3.8228,0.552,13.33174782,116.7973708
15,107,15107,5.346762935,1.945095101,1.350108342,0.0320602,0.073047972,0.141447775,1.233888798,0,2.198951553,0.342942283,0,0,0,0.827939758,0.50939542,0,0,0.022348111,23.12903352,0.496018,3.88188,11.32215,6.57763,2.80358,8.73423,0.32349,0,0.001315491,4.27E-05,0.000662811,0.016451284,0.009530952,0,0,0.214343497,88.50606564,0.000218493,0.046495215,31.27720567,13.9148,0.1107,0.4367,0.5602,,1.567336487,9.7356,0.0019,0,,0,0,0,0,0,0,0.006094362,0
15,108,15108,4.990312072,1.815422094,1.260101119,0.029922853,0.068178108,0.132017923,0.127205031,12.57423948,13.43803727,0.035354874,0,0.100235537,2.561360728,6.623518067,8.247354427,0.315340022,0,0.279351383,255.5647739,5.480762,42.89292,125.10435,72.67967,30.97822,96.50907,3.57441,80.26770668,0.023851366,0.000773373,0.001294484,0.032129689,0.007148214,0,0,2.368393267,53.16999862,0.002414248,0.513749924,253.0268878,50.8169,1.2235,3.7942,0.4047,,17.31831962,107.5738,0,0,,0,0,0,0,1.1712,0.1691,0,0
15,109,15109,110.1433165,40.06895907,27.81223184,0.660440118,1.50478823,2.91382416,0.376526891,69.82715965,91.13432549,0.104650428,30.10407298,77.04771618,10.11375342,31.8756807,46.33072634,21.54014921,18.75006482,5.017150838,1079.278394,23.145866,181.14156,528.32955,306.93431,130.82446,407.56851,15.09513,1012.236744,0.300783836,0.009752822,0.006852758,0.170088614,0.000340391,0,0,10.00198753,148.5356448,0.010195637,2.169622929,1196.79361,192.5355,5.167,19.4894,0.3301,,73.13718517,454.2961,0,0,,0,0,0,0,0.8947,0.1292,4.77189247,0
15,110,15110,1.425803449,0.518692027,0.360028891,0.008549387,0.019479459,0.037719407,3.337860006,4.013055152,5.375214908,0.927711907,0,0.835296143,0,10.14226204,2.134609381,0,0.022348111,1.039187145,114.8215055,2.462426,19.27116,56.20755,32.65391,13.91806,43.36011,1.60593,22.17159529,0.006588239,0.000213622,0.003211744,0.079716962,0.012594472,0,0,1.064084366,1111.655108,0.001084686,0.230820308,138.7079024,51.1539,0.5497,2.7842,0.3736,,7.780867059,48.3313,0,0.057,,0,0,0,0,0,0,0.132699066,49.64713561
15,111,15111,0,0,0,0,0,0,2.902818801,0.53507402,0,0.806798236,0,0,0,1.862864456,0.097027699,0,0,0.100566498,93.6315099,2.007992,15.71472,45.8346,26.62772,11.34952,35.35812,1.30956,3.33843988,0.00099201,3.22E-05,0.000262456,0.006514267,0.022465815,0,0,0.867710499,4086.789972,0.00088451,0.18822305,86.36575008,13.1818,0.4483,1.0373,0.5353,,6.344929272,39.4119,0,0,,0,0,0,0,0,0,0,0
15,112,15112,1.425803449,0.518692027,0.360028891,0.008549387,0.019479459,0.037719407,3.688945891,3.477981132,1.221639752,1.02529136,0,0,0,2.483819275,1.091561615,0,0,0.18995894,89.51963405,1.91981,15.0246,43.82175,25.45835,10.8511,33.80535,1.25205,15.49471553,0.004604219,0.00014929,0.000369217,0.009164138,0.01497721,2.54E-05,0.009739546,0.829604547,2389.206206,0.000845667,0.179957138,87.00610346,12.2346,0.4286,1.1191,0.5198,,6.066288444,37.6811,0,0,,0,0,0,0,0,0,0.027053616,0
15,113,15113,1.069352587,0.38901902,0.270021668,0.00641204,0.014609594,0.028289555,3.515947049,2.675370101,4.642231057,0.977208731,0,0.100235537,0.010974125,2.069849396,0.921763142,0,0,0.022348111,114.2166286,2.449454,19.16964,55.91145,32.48189,13.84474,43.13169,1.59747,0,0.002717244,8.81E-05,0.000607206,0.015071143,0.032337158,0,0,1.058478796,1505.628722,0.001078972,0.229604352,120.9393372,31.6618,0.5468,1.7197,0.979,,7.739877642,48.0767,0.0082,0,,0,0,0,0,0,0,0.043315302,0
15,114,15114,0,0,0,0,0,0,4.261368529,1.337685051,0.977311802,1.184388295,0,0,0,1.034924698,0.121284624,0,0,0.022348111,173.8184513,3.727656,29.17296,85.0878,49.43196,21.06936,65.63916,2.43108,18.72429324,0.005563881,0.000180407,0.000302491,0.007507969,0.075566832,0,0,1.610826263,7524.273699,0.001642014,0.349419111,154.7347055,31.3718,0.8322,1.1737,0.745,,11.7787888,73.1647,0,0.0177,,0,0,0,0,0,0,0.034652241,0
15,115,15115,5.703213797,2.074768107,1.440115564,0.034197547,0.077917837,0.150877626,0.62076055,4.280592162,5.130886958,0.172531788,0,5.613190078,0,5.795578309,1.746498585,0,0,0.16761083,102.575966,2.199812,17.21592,50.2131,29.17142,12.43372,38.73582,1.43466,23.2239296,0.006900938,0.000223761,0.000578292,0.01435347,0.008169387,0,0,0.950601381,744.3892463,0.000969006,0.206203672,97.92372782,31.4697,0.4911,1.6924,0.0739,,6.951049383,43.1769,0,0,,0,0,0,0,0,0,0.125916575,0
15,116,15116,0,0,0,0,0,0,0.516452425,0.53507402,0,0.14354079,0,0,0,0,0.121284624,0,0,0,8.481146114,0.181884,1.42344,4.1517,2.41194,1.02804,3.20274,0.11862,0,0.00023722,7.69E-06,0.000133452,0.003312339,0,0,0,0.078597254,100.4969858,8.01E-05,0.017049252,9.722374651,4.3073,0.0406,0.1638,0.1285,,0.574723961,3.5699,0,0,,0,0,0,0,0,0,12.63139677,0
15,117,15117,0,0,0,0,0,0,3.083449945,0,0.732983851,0.857002158,0,0.100235537,0,0.827939758,0.266826173,0,0,0.044696221,28.15680451,0.603842,4.72572,13.78335,8.00747,3.41302,10.63287,0.39381,0,0.000851834,2.76E-05,0.000206851,0.005134126,0.005446258,0,0,0.260937316,803.9523023,0.000265989,0.056602309,31.42204244,0,0.1348,0.9554,0.7683,,1.908042852,11.8519,0,0.0185,,0,0,0,0,0,0,2.194440542,0
15,118,15118,11.40642759,4.149536215,2.880231129,0.068395093,0.155835674,0.301755253,3.597358269,14.44699855,45.44499877,0.999835851,0,0.835296143,0.528952815,27.94296685,6.670654316,5.190981904,0,0.312873549,312.5840726,6.70358,52.4628,153.0165,88.8953,37.8898,118.0413,4.3719,88.83153072,0.026396086,0.000855885,0.002246441,0.055757709,0.038123807,2.54E-05,0,2.896807731,2186.582703,0.002952893,0.628373156,301.6956235,87.8606,1.4965,7.3154,0.5868,,21.18222631,131.5747,0,0,,0,0,0,0,0,0,1.231454358,0
15,119,15119,0,0,0,0,0,0,1.289859011,0,0,0.358498427,0,0,0,0,0.121284624,0,0,0,35.50756013,0.761484,5.95944,17.3817,10.09794,4.30404,13.40874,0.49662,0,0.000312699,1.01E-05,0.000129004,0.003201928,0.003403911,0,0,0.329058912,1061.737682,0.00033543,0.071379189,32.97612874,4.1343,0.17,0.1092,1.5523,,2.406166022,14.946,0,0,,0,0,0,0,0,0,0,0
15,120,15120,14.25803449,5.186920268,3.600288911,0.085493866,0.194794593,0.377194066,2.129412214,10.4339434,20.27921988,0.591840599,0,0.634825068,0,11.38417168,5.142468055,0.145541549,0.201132996,0.491658434,299.746526,6.42827,50.3082,146.73225,85.24445,36.3337,113.19345,4.19235,67.53083279,0.020066633,0.000650654,0.0020129,0.049961115,0.054462582,0,0,2.777838444,222.8806054,0.00283162,0.602566436,285.4843597,51.886,1.435,5.0225,4.7282,,20.31229133,126.171,0,0.0169,,0,0,0,0,0.5693,0.0822,0.443478177,83.60859026
15,121,15121,128.6787613,46.81195542,32.49260742,0.771582145,1.758021201,3.404176446,1.111771968,110.4927852,50.57588573,0.309001603,27.36430163,92.98516658,3.184691017,31.46171082,47.98019723,25.88213875,23.39847184,6.279819089,1125.055992,24.127598,188.82468,550.73865,319.95293,136.37338,424.85553,15.73539,1198.391055,0.356099165,0.011546404,0.013165036,0.326762254,0.004765476,0,0,10.42622187,96.43995889,0.010628085,2.261647494,1327.933261,243.5466,5.3862,14.9856,1.89,,76.23929917,473.565,0,0,,0,0,0,0,2.7166,0.3923,2.45578037,0
15,122,15122,28.15961812,10.24416753,7.110570599,0.168850386,0.384719321,0.74495828,0.08141122,39.5954775,47.15529442,0.02262712,0.200471074,2.840006885,0.122910198,27.32201203,16.56747963,0.097027699,0.111740553,2.871732217,732.0318732,15.698926,122.86116,358.34505,208.18141,88.73306,276.43761,10.23843,181.4006626,0.053902793,0.001747781,0.006178826,0.153361301,0.00306352,2.54E-05,0,6.783952785,0,0.006915297,1.471569472,801.2378202,21.8948,3.5046,15.6953,0.0015,,49.60606174,308.1311,0,0.0693,,0,0,0,0,0,0,0.007252795,0
15,123,15123,0.712901725,0.259346013,0.180014446,0.004274693,0.00973973,0.018859703,0,1.605222061,1.221639752,0,0,0,0,0,0.703450819,0,0,0.022348111,60.35899131,1.29444,10.1304,29.547,17.1654,7.3164,22.7934,0.8442,0,0.001725234,5.59E-05,0.000213523,0.005299743,0.01497721,0,0,0.559364369,828.5407514,0.000570194,0.12133686,59.85984645,0,0.289,0.464,0.9197,,4.090220602,25.4067,0,0.0193,,0,0,0,0,0,0,0,0
15,124,15124,0,0,0,0,0,0,0,0.53507402,0,0,0,0,0,8.486382523,0.412367721,0,0,0.011174055,184.901426,3.965338,31.03308,90.51315,52.58383,22.41278,69.82443,2.58609,0,0.00122923,3.99E-05,0.000173488,0.004306041,0.065695489,0,0,1.713535421,2538.120057,0.001746711,0.371698698,153.3310574,0,0.8852,0.7916,0.8846,,12.52982539,77.8298,0,0,,0,0,0,0,0,0,0,0
15,125,15125,0,0,0,0,0,0,0,0.26753701,0,0,0,0,0,0,0.194055398,0,0,0.122914609,19.42040893,0.416484,3.25944,9.5067,5.52294,2.35404,7.33374,0.27162,3.41101466,0.001013575,3.29E-05,5.34E-05,0.001324936,0.011573299,0,0,0.179974591,266.5816618,0.000183459,0.039039941,18.45706479,0,0.093,0.3003,0.2529,,1.316021938,8.1746,0,0,,0,0,0,0,0,0,0,0
16,1,16001,0,0,0,0,0,0,2.201933903,0.26753701,1.954623603,0.263764241,0,0,0,4.96763855,0.679193894,0,0,0.212307051,21.62971103,0.463864,3.63024,10.5882,6.15124,2.62184,8.16804,0.30252,0,0.00226437,7.34E-05,0.00044888,0.004582069,0.014296428,2.54E-05,0,0.304271535,557.9678946,0.00020433,0.043481197,23.16547647,8.6793,0.1036,0.464,0.446,,2.571115835,12.6861,0.0004,0,,0,0,0,0,0,0,0,4.943351716
16,2,16002,0,0,0,0,0,0,1.458605898,0,2.687607454,0.174722809,0,0,0,31.8756807,0.363853872,0,0,0.279351383,33.26393878,0.713368,5.58288,16.2834,9.45988,4.03208,12.56148,0.46524,0,0.003277945,0.000106286,0.000946434,0.009660989,0.024508162,0,0,0.467933654,425.0419284,0.000314235,0.066868942,38.41264088,3.2339,0.1593,0.4367,4.2191,,3.95407223,19.5098,0.0007,0,,0,0,0,0,0,0,0,14.34487114
16,3,16003,0.712901725,0.259346013,0.180014446,0.004274693,0.00973973,0.018859703,6.093887139,0,0.732983851,0.729971737,0,0,0,0.20698494,0.630680044,0,0,0.044696221,38.59414821,0.827678,6.47748,18.89265,10.97573,4.67818,14.57433,0.53979,0,0.000959662,3.11E-05,0.00023796,0.002429049,0.102457732,0.000101643,0.009739546,0.542915285,234.05355,0.000364588,0.077584013,43.65439843,5.2101,0.1848,0.3821,2.4965,,4.587672274,22.636,0.0009,0,,0,0,0,0,0,0,0,18.78749914
16,4,16004,0,0,0,0,0,0,3.359001081,0.26753701,1.954623603,0.402366469,0,0,0,1.241909638,0.800478518,0,0,0.011174055,24.91577978,0.534336,4.18176,12.1968,7.08576,3.02016,9.40896,0.34848,4.39077419,0.001304709,4.23E-05,0.000475921,0.004858097,0.063993534,0,0.009739546,0.350497635,192.5028622,0.000235372,0.050087028,29.58752145,6.0052,0.1193,1.1191,3.4735,,2.961729625,14.6135,0.0006,0,,0,0,0,0,1.7844,0.2576,0,14.72127724
16,5,16005,0,0,0,0,0,0,1.697031862,0,1.465967702,0.203283269,0,0.066823691,0,2.690804215,0.145541549,0,0,1.229146085,21.67904496,0.464922,3.63852,10.61235,6.16527,2.62782,8.18667,0.30321,0,0.002016368,6.54E-05,0.000400206,0.004085218,0.002042347,0,0,0.30496553,572.4020227,0.000204796,0.043580371,20.86214626,3.4058,0.1038,0.5459,0.0886,,2.576980141,12.7151,0.0004,0,,0,0,0,0,0.6747,0.0974,0,0.222735722
16,6,16006,23.88220777,8.68809145,6.030483926,0.143202226,0.326280943,0.631800061,7.307054545,9.898869375,47.88827827,0.875294073,0,0.968943525,0.002194825,27.52899697,7.277077436,0,0,0.592224932,244.0549535,5.233926,40.96116,119.47005,69.40641,29.58306,92.16261,3.41343,60.01934306,0.017834611,0.000578282,0.013525889,0.138069336,0.118115724,2.54E-05,0,3.433193132,1406.214975,0.002305518,0.49061227,290.5061373,71.6731,1.1684,5.1317,16.2146,,29.010723,143.1419,0.0053,0.0485,,0,0,0,0,0.506,0.0731,0.191851925,48.95523968
16,7,16007,0,0,0,0,0,0,0.729302949,0,0,0.087361405,0,0,0,3.518743973,0.169798473,0,0,0.089392443,5.596183665,0.120014,0.93924,2.73945,1.59149,0.67834,2.11329,0.07827,0,0.000582267,1.89E-05,5.95E-05,0.000607262,0.004425085,0,0,0.078723169,153.8261922,5.29E-05,0.011249747,5.733003043,0,0.0268,0.1638,0.1502,,0.665216304,3.2822,0.0001,0,,0,0,0,0,0.9854,0.1423,0,0.906482589
16,8,16008,0,0,0,0,0,0,16.91421839,0.26753701,0,2.026112577,0,0,0,0.20698494,0.169798473,0,0,0.078218387,45.40866546,0.97382,7.6212,22.2285,12.9137,5.5042,17.1477,0.6351,1.01604692,0.000301916,9.79E-06,0.000411023,0.00419563,0.005786649,0,0,0.638777112,1662.591994,0.000428963,0.091282919,43.77263465,5.3652,0.2174,0.1911,1.2715,,5.397711446,26.6329,0.0009,0,,0,0,0,0,0,0,3.393313478,4.36838276
16,9,16009,0.356450862,0.129673007,0.090007223,0.002137347,0.004869865,0.009429852,10.44866725,1.605222061,11.48341367,1.251620124,0,0.267294766,0,10.76321686,1.043047766,0.097027699,0,0.122914609,68.74575947,1.4743,11.538,33.6525,19.5505,8.333,25.9605,0.9615,12.11998826,0.003601427,0.000116775,0.001817153,0.018549099,0.090884433,7.62E-05,0,0.967066908,1373.221122,0.000649422,0.138196388,76.74333712,16.6903,0.3291,1.9926,1.7727,,8.17178327,40.3204,0.0015,0,,0,0,0,0,0,0,0,0
16,10,16010,0,0,0,0,0,0,13.19757836,1.605222061,3.176263355,1.580905419,0,0.033411846,0.006584475,2.483819275,0.582166195,0,0,0.257003272,44.19247683,0.947738,7.41708,21.63315,12.56783,5.35678,16.68843,0.61809,7.43891495,0.002210457,7.17E-05,0.001633274,0.016672107,0.005105867,2.54E-05,0,0.621668627,991.8364503,0.000417474,0.088838071,50.13168135,7.7084,0.2116,0.8462,0.9709,,5.253143548,25.9195,0.0009,0.0092,,0,0,0,0,7.0488,1.0178,0,0
16,11,16011,1.425803449,0.518692027,0.360028891,0.008549387,0.019479459,0.037719407,1.458605898,1.337685051,1.465967702,0.174722809,0,0,0,0.827939758,0.679193894,0.097027699,0,0.033522166,20.37491324,0.436954,3.41964,9.97395,5.79439,2.46974,7.69419,0.28497,0,0.001940889,6.29E-05,0.000540819,0.005520565,0.066035881,0,0,0.286619924,69.49088609,0.000192476,0.040958736,23.67668113,4.7112,0.0975,0,2.99,0.1244,2.42195848,11.9502,0.0005,0,,0,0,0,0,0,0,0,16.89338218
16,12,16012,0.356450862,0.129673007,0.090007223,0.002137347,0.004869865,0.009429852,7.8400067,1.605222061,4.153575156,0.9391351,0,0,0,2.069849396,0.679193894,0,0,0.033522166,81.57472631,1.749426,13.69116,39.93255,23.19891,9.88806,30.80511,1.14093,10.48705571,0.003116205,0.000101042,0.002368788,0.024180076,0.139900757,7.62E-05,0,1.147535775,714.6086976,0.000770613,0.163985861,94.81327359,23.3021,0.3905,1.6378,16.9456,4.7599,9.696757865,47.8448,0.0018,0,,0,0,0,0,0,0,0.013387149,48.45796924
16,13,16013,0,0,0,0,0,0,6.234137707,0,0.732983851,0.746772007,0,0,0,0,0.339596947,0,0,0.089392443,19.06863656,0.40894,3.2004,9.3345,5.4229,2.3114,7.2009,0.2667,0,0.000851834,2.76E-05,0.000346124,0.003533162,0.005105867,0,0,0.268244144,536.2397902,0.000180136,0.038332789,21.88381649,0,0.0913,0.3821,1.5503,,2.266681849,11.184,0.0004,0,,0,0,0,0,0,0,0,7.97704678
16,14,16014,0,0,0,0,0,0,9.831564752,0.53507402,1.221639752,1.177698936,0,0,0,1.655879517,0.60642312,0,0,0.055870277,23.77466452,0.509864,3.99024,11.6382,6.76124,2.88184,8.97804,0.33252,4.93508504,0.001466449,4.75E-05,0.000870719,0.00888811,0.024848553,2.54E-05,0,0.33444523,408.2385969,0.000224593,0.047793097,30.62574537,8.8906,0.1138,0.4367,4.5042,,2.826085671,13.9442,0.0006,0.0139,,0,0,0,0,0,0,0,9.736486318
16,15,16015,0,0,0,0,0,0,8.849810782,0.53507402,1.221639752,1.060097045,0,0.066823691,0,17.17974999,0.727707744,0,0,0.514006545,37.46804763,0.803528,6.28848,18.3414,10.65548,4.54168,14.14908,0.52404,0,0.003105422,0.000100692,0.00077878,0.007949614,0.00612704,0,0.009739546,0.527074095,546.1347021,0.00035395,0.075320266,41.85059769,9.5517,0.1794,0.6551,0.6673,,4.45381311,21.9756,0.0008,0,,0,0,0,0,0,0,0.003765136,6.322931885
16,16,16016,0,0,0,0,0,0,5.715210608,0,1.954623603,0.684611008,0,19.77981265,0,0.413969879,0.436624646,0,0,0,39.42853512,0.845572,6.61752,19.3011,11.21302,4.77932,14.88942,0.55146,25.29231083,0.007515552,0.000243689,0.000302859,0.003091517,0.069099401,0.000152464,0.029218639,0.554652852,585.5391694,0.00037247,0.079261342,50.51536083,6.8663,0.1888,1.0918,0.4089,,4.686855541,23.1254,0.001,0,,0,0,0,0,1.0919,0.1577,0.040012036,17.51669688
16,17,16017,0,0,0,0,0,0,8.548272063,0,0,1.023976464,0,0,0,1.241909638,0.363853872,0,0,0,67.57890477,1.449276,11.34216,33.0813,19.21866,8.19156,25.51986,0.94518,6.82202932,0.00202715,6.57E-05,0.000259593,0.002649871,0.0537818,7.62E-05,0,0.950652418,1442.938178,0.000638399,0.135850715,68.20063575,10.6296,0.3235,0.3276,1.2585,,8.033079679,39.636,0.0014,0,,0,0,0,0,2.468,0.3564,0.04906629,12.15377322
16,18,16018,0,0,0,0,0,0,2.587622963,0,0,0.309964984,0,0,0,0,0.072770774,0,0,0,16.52686667,0.35443,2.7738,8.09025,4.70005,2.0033,6.24105,0.23115,0,0.000269568,8.74E-06,0.000108164,0.001104113,0.016338775,0,0,0.232488316,193.4856581,0.000156125,0.033223188,18.84144181,0,0.0791,0.273,0.4502,,1.964542593,9.6933,0.0004,0,,0,0,0,0,0,0,0,2.256709987
16,19,16019,1.069352587,0.38901902,0.270021668,0.00641204,0.014609594,0.028289555,5.02798283,2.140296081,4.397903107,0.602289684,0,3.708714873,0,9.9352771,0.897506217,0,0,0.324047604,37.03262207,0.79419,6.2154,18.12825,10.53165,4.4889,13.98465,0.51795,21.44584749,0.006372585,0.000206629,0.00146562,0.014960732,0.032337158,2.54E-05,0,0.520948835,213.5887347,0.000349837,0.07444495,47.51676092,8.298,0.1773,1.6378,2.1578,61.194,4.402054233,21.7202,0.0009,0,,0,0,0,0,0,0,0,3.570678082
16,20,16020,0.356450862,0.129673007,0.090007223,0.002137347,0.004869865,0.009429852,3.057462362,1.337685051,2.198951553,0.366245889,0,0.167059229,0,2.690804215,1.11581854,0,0,0.055870277,54.4003105,1.166652,9.13032,26.6301,15.47082,6.59412,20.54322,0.76086,21.88129617,0.006501977,0.000210825,0.001990215,0.02031568,0.028252464,2.54E-05,0,0.765265239,458.8523717,0.000513904,0.109358402,62.02677481,5.0853,0.2604,1.3648,0.6724,,6.466545002,31.9066,0.0012,0,,0,0,0,0,0,0,0.093521026,4.843206973
16,21,16021,0,0,0,0,0,0,3.541326819,0,0.732983851,0.424206821,0,0.100235537,0,17.38673493,0.169798473,0,0,0.100566498,23.13761334,0.496202,3.88332,11.32635,6.58007,2.80462,8.73747,0.32361,0,0.009823053,0.000318509,0.000405614,0.004140424,0.006807823,2.54E-05,0,0.325483642,843.7061088,0.000218574,0.046512463,23.93932724,0,0.1108,0.2184,0.2417,,2.75035963,13.5706,0.0005,0,,0,0,0,0,0,0,0,6.07429666
16,22,16022,0,0,0,0,0,0,7.447305112,0,0.977311802,0.892094344,0,0.033411846,0,2.069849396,0.291083097,0,0,0.033522166,41.23458596,0.884304,6.92064,20.1852,11.72664,4.99824,15.57144,0.57672,7.14861583,0.002124195,6.89E-05,0.000346124,0.003533162,0.02995442,2.54E-05,0,0.580059103,573.8395831,0.000389531,0.082891962,38.28446604,5.1789,0.1974,0.9008,0.6625,,4.901540143,24.1847,0.0008,0,,0,0,0,0,1.0298,0.1487,0.064545181,8.412158422
16,23,16023,0,0,0,0,0,0,3.863903123,1.070148041,0.732983851,0.462847442,0,0,0,1.034924698,0.436624646,0,0,0.033522166,19.647774,0.42136,3.2976,9.618,5.5876,2.3816,7.4196,0.2748,5.0802346,0.00150958,4.89E-05,0.0003299,0.003367545,0.052760626,0,0,0.276391041,57.18964681,0.000185607,0.039497002,25.96928016,4.2432,0.0941,0.737,2.0894,,2.335523705,11.5237,0.0005,0,,0,0,0,0,1.163,0.1679,0.004900653,3.422187601
16,24,16024,1.069352587,0.38901902,0.270021668,0.00641204,0.014609594,0.028289555,1.479643483,2.675370101,3.420591305,0.17724285,0,0.868707988,0,26.28708733,1.188589314,0,0.011174055,1.363234749,33.54492769,0.719394,5.63004,16.42095,9.53979,4.06614,12.66759,0.46917,21.99015834,0.006534325,0.000211873,0.000984291,0.010047429,0.012254081,0,0,0.471886408,1237.792035,0.000316889,0.067433801,33.12580089,12.013,0.1606,1.3375,0.1935,,3.987473278,19.6746,0.0006,0.0223,,0,0,0,0,0,0,0,2.888657849
16,25,16025,0,0,0,0,0,0,2.917211795,0,1.221639752,0.349445619,0,10.99249724,0,2.069849396,0.460881571,0,0,0.100566498,65.55621362,1.405898,11.00268,32.09115,18.64343,7.94638,24.75603,0.91689,101.786129,0.030245516,0.000980701,0.001097863,0.011206747,0.010552125,0,0,0.922198624,1727.3202,0.000619291,0.131784593,65.79712818,8.1437,0.3139,2.948,0.2801,,7.792643123,38.4497,0.0013,0,,0,0,0,0,0,0,0.005416212,0.75453884
16,26,16026,0,0,0,0,0,0,7.222904204,0,0,0.865213911,0,0,0,0,0.072770774,0,0,0.044696221,10.83201514,0.2323,1.818,5.3025,3.0805,1.313,4.0905,0.1515,0,0.000301916,9.79E-06,0.000146021,0.001490553,0.003403911,2.54E-05,0,0.152377157,418.0360136,0.000102327,0.021775094,12.22217965,0,0.0519,0.0273,0.6276,,1.287597676,6.3531,0.0002,0,,0,0,0,0,0,0,0,3.044054864
16,27,16027,0,0,0,0,0,0,3.934028406,0,0.488655901,0.471247577,0,0,0,0,0.04851385,0,0,0,10.96714721,0.235198,1.84068,5.36865,3.11893,1.32938,4.14153,0.15339,0,0.000258785,8.39E-06,0.000129797,0.001324936,0.015998383,2.54E-05,0,0.1542781,136.1575432,0.000103604,0.022046744,14.8083383,0,0.0525,0.0819,0.2184,,1.303660776,6.4324,0.0003,0,,0,0,0,0,0,0,0,1.949369224
16,28,16028,0,0,0,0,0,0,4.459968033,0,0,0.53424859,0,0,0,0.413969879,0.388110797,0,0,0.011174055,10.90708851,0.23391,1.8306,5.33925,3.10185,1.3221,4.11885,0.15255,3.81017595,0.001132185,3.67E-05,0.000313675,0.003201928,0.060930013,0,0,0.153433236,55.04685606,0.000103036,0.02192601,16.24373897,3.4632,0.0522,0.3276,0.5661,,1.29652162,6.3972,0.0003,0,,0,0,0,0,0,0,0,6.153721801
16,29,16029,0,0,0,0,0,0,3.36601361,0,0.488655901,0.403206483,0,0,0,0,0.218312323,0,0,0.033522166,28.65443372,0.614514,4.80924,14.02695,8.14899,3.47334,10.82079,0.40077,0,0.001649755,5.35E-05,0.000659799,0.00673509,0.004084694,2.54E-05,0,0.403090385,902.3782743,0.00027069,0.057602669,29.41310832,2.7339,0.1372,0.273,1.7961,,3.40614205,16.8063,0.0006,0,,0,0,0,0,0,0,0,11.45103339
16,30,16030,0.356450862,0.129673007,0.090007223,0.002137347,0.004869865,0.009429852,3.478214063,0,0.732983851,0.416646699,1.770827822,0.033411846,0,0.20698494,0.412367721,0,0,0.022348111,25.11955036,0.538706,4.21596,12.29655,7.14371,3.04486,9.48591,0.35133,0,0.001714452,5.56E-05,0.000432655,0.004416452,0.09292678,2.54E-05,0.029218639,0.353364136,82.88015773,0.000237297,0.050496658,33.31847633,6.5988,0.1203,0.2184,4.043,,2.985951759,14.733,0.0006,0,,0,0,0,0,1.376,0.1987,0,6.619912847
16,31,16031,0,0,0,0,0,0,9.778970789,0.26753701,0,1.171398834,0,0.033411846,0,0,0.194055398,0,0,0.022348111,34.33856048,0.736414,5.76324,16.80945,9.76549,4.16234,12.96729,0.48027,0,0.000614615,1.99E-05,0.000194695,0.001987403,0.05684532,0,0,0.483050675,801.6395278,0.000324387,0.069029204,36.73796797,3.2614,0.1644,0.1365,0.6709,,4.081812118,20.1401,0.0007,0,,0,0,0,0,0,0,0.009323193,5.100475365
16,32,16032,0,0,0,0,0,0,5.259396265,0.26753701,0,0.63001013,0,0.334118457,0,1.034924698,0.266826173,0,0,0.759835762,27.09934244,0.581164,4.54824,13.2657,7.70674,3.28484,10.23354,0.37902,5.84226979,0.001736017,5.63E-05,0.000227144,0.002318637,0.022125424,0,0.048697731,0.381214456,748.9030317,0.000256,0.054476542,29.42201815,3.2849,0.1297,0.2457,0.1958,,3.221288919,15.8942,0.0006,0,,0,0,0,0,1.8643,0.2692,0,0
16,33,16033,0,0,0,0,0,0,5.406659361,0,1.954623603,0.647650413,0,0,0,0.827939758,0.582166195,0,0,0.033522166,43.67983294,0.936744,7.33104,21.3822,12.42204,5.29464,16.49484,0.61092,0,0.002070281,6.71E-05,0.001368273,0.01396703,0.029614029,0,0,0.614457114,507.893153,0.000412631,0.087807527,50.51408384,7.2058,0.2091,0.7097,2.3398,7.1865,5.192205757,25.6189,0.001,0,,0,0,0,0,1.4825,0.2141,0,19.45915957
16,34,16034,18.17899398,6.613323342,4.590368361,0.10900468,0.248363106,0.480922434,12.15271164,6.420888244,26.38741864,1.455743406,0,3.10730165,0.00438965,297.8513281,5.021183431,0.145541549,0,26.08024511,236.4060493,5.06989,39.6774,115.72575,67.23115,28.6559,89.27415,3.30645,218.5226626,0.06493351,0.002105449,0.006662893,0.068013363,0.049016324,0,0,3.325593737,3498.360691,0.002233261,0.475236035,243.2896431,64.2245,1.1318,6.2235,1.7164,,28.10150057,138.6557,0.0046,0,,0,0,0,0,0,0,0.066696985,14.56070032
16,35,16035,0,0,0,0,0,0,15.41353732,0,1.954623603,1.846349687,0,0.267294766,0.166806697,0.827939758,0.776221593,0,0,0.033522166,66.69947384,1.430416,11.19456,32.6508,18.96856,8.08496,25.18776,0.93288,11.86597653,0.003525948,0.000114328,0.002379605,0.024290487,0.029273638,0,0.019479093,0.938281204,1831.461588,0.000630091,0.134082836,75.75260214,10.5014,0.3193,1.3102,4.8621,,7.928542046,39.1202,0.0014,0,,0,0,0,0,2.7698,0.3999,0.4216653,10.18541103
16,36,16036,0.356450862,0.129673007,0.090007223,0.002137347,0.004869865,0.009429852,2.366027067,0.80261103,0.732983851,0.283420557,0,0.100235537,0,1.241909638,0.703450819,0,0,0.078218387,22.61853459,0.48507,3.7962,11.07225,6.43245,2.7417,8.54145,0.31635,0,0.001488015,4.82E-05,0.000551636,0.005630977,0.012254081,0,0,0.318181608,63.13097589,0.000213671,0.045468983,29.71144247,7.7372,0.1083,0.737,0.2957,,2.688656929,13.2661,0.0006,0,,0,0,0,0,0,0,0.000125451,2.791966373
16,37,16037,0.356450862,0.129673007,0.090007223,0.002137347,0.004869865,0.009429852,6.241150235,0,0.488655901,0.747612021,0,0,0,0.20698494,0.218312323,0,0,0,15.27421383,0.327566,2.56356,7.47705,4.34381,1.85146,5.76801,0.21363,0,0.001089054,3.53E-05,0.000156838,0.001600964,0.009190561,2.54E-05,0,0.214866878,203.8809342,0.000144291,0.030705038,22.38855736,0.1872,0.0731,0.5459,0.187,,1.815640208,8.9586,0.0004,0,,0,0,0,0,0,0,0,10.15087836
16,38,16038,2.138705174,0.77803804,0.540043337,0.01282408,0.029219189,0.05657911,15.69403846,2.407833091,9.773118015,1.879950227,0,0.501177686,0.0087793,1.241909638,0.848992367,0,0,0.346395715,85.19969772,1.827166,14.29956,41.70705,24.22981,10.32746,32.17401,1.19163,18.28884456,0.005434488,0.000176212,0.003369304,0.034393121,0.038464198,0,0,1.198529319,1007.762641,0.000804857,0.171272972,108.6250137,29.4001,0.4079,1.6924,1.6466,,10.12765689,49.9709,0.002,0,,0,0,0,0,0,0,0.830899677,13.76817555
16,39,16039,0,0,0,0,0,0,2.3001093,0.26753701,1.221639752,0.27552443,0,0,0,0,0.04851385,0,0,0,16.03352736,0.34385,2.691,7.84875,4.55975,1.9435,6.05475,0.22425,0,0.000226437,7.34E-06,9.73E-05,0.000993702,0.010552125,0,0,0.225548366,259.3119962,0.000151464,0.032231451,15.74278514,0,0.0768,0.1638,0.1377,,1.90589953,9.4039,0.0003,0,,0,0,0,0,0.4261,0.0615,0.042552008,1.536703817
16,40,16040,0,0,0,0,0,0,3.49223912,0,0.488655901,0.418326726,0.066823691,0,0,32.9106054,0.339596947,0,0,0.055870277,31.19620361,0.669024,5.23584,15.2712,8.87184,3.78144,11.78064,0.43632,17.81710849,0.005294313,0.000171666,0.001114088,0.011372364,0.069439792,5.08E-05,0.009739546,0.438846213,368.7963575,0.000294702,0.062712271,34.25718082,4.2126,0.1494,0.8735,1.1987,,3.708281307,18.297,0.0006,0,,0,0,0,0,1.0564,0.1525,0.128970834,11.76182742
16,41,16041,0,0,0,0,0,0,3.891953236,0,0.24432795,0.466207496,0,0,0,0,0.363853872,0,0,0.413440047,23.07755464,0.494914,3.87324,11.29695,6.56299,2.79734,8.71479,0.32277,12.80944867,0.003806298,0.000123418,0.000346124,0.003533162,0.022806206,5.08E-05,0,0.324638779,241.200332,0.000218007,0.04639173,25.12546819,7.7624,0.1105,0.6551,0.5154,,2.743220474,13.5353,0.0005,0,,0,0,0,0,0.8256,0.1192,0.056308484,0.837417249
16,42,16042,0,0,0,0,0,0,1.970520467,0,0.732983851,0.236043795,0,0,0,0.620954819,0.121284624,0,0,0,26.37649311,0.565662,4.42692,12.91185,7.50117,3.19722,9.96057,0.36891,0,0.001067489,3.46E-05,0.000421839,0.004306041,0.050377888,5.08E-05,0.009739546,0.371045921,79.63410075,0.000249171,0.053023432,33.15714114,3.9,0.1263,0.7097,5.1199,,3.135364084,15.4702,0.0006,0,,0,0,0,0,0,0,0.072643211,6.688978187
16,43,16043,5.346762935,1.945095101,1.350108342,0.0320602,0.073047972,0.141447775,2.068695864,1.605222061,4.397903107,0.247803984,0,0.133647383,0,14.90291565,2.401435554,0,0,0.212307051,137.028209,2.938664,22.99824,67.0782,38.96924,16.60984,51.74604,1.91652,114.5955776,0.034051814,0.001104119,0.003758694,0.038367928,0.03301794,0,0.009739546,1.927616298,149.1229065,0.001294467,0.275461406,142.6840709,24.1176,0.656,1.938,10.4317,,16.28849306,80.3691,0.0027,0,,0,0,0,0,0,0,0.819818787,3.729528364
16,44,16044,0.712901725,0.259346013,0.180014446,0.004274693,0.00973973,0.018859703,3.53431429,1.337685051,1.954623603,0.423366807,0,0.100235537,0,0.827939758,0.460881571,0,0,0,26.11051888,0.559958,4.38228,12.78165,7.42553,3.16498,9.86013,0.36519,0,0.001089054,3.53E-05,0.000400206,0.004085218,0.03880459,0,0,0.367304383,184.8916737,0.000246659,0.052488756,35.24130941,4.5357,0.125,0.9827,1.4105,,3.103747824,15.3142,0.0007,0,,0,0,0,0,0.6836,0.0987,0.09658829,11.9828365
16,45,16045,6.416115521,2.334114121,1.62013001,0.03847224,0.087657567,0.16973733,5.343546606,6.153351233,16.85862858,0.640090292,0,0.668236914,0.0087793,14.48894577,1.309873938,0,0,0.424614102,65.16583209,1.397526,10.93716,31.90005,18.53241,7.89906,24.60861,0.91143,34.1101466,0.010135752,0.000328649,0.003493692,0.035662851,0.013615645,0,0,0.916707012,202.1642434,0.000615603,0.130999827,86.05779431,23.4546,0.312,2.3202,1.6469,,7.746238613,38.2207,0.0016,0,,0,0,0,0,0,0,0.066478593,9.950588872
16,46,16046,0,0,0,0,0,0,3.45016395,0.26753701,0.732983851,0.413286645,0,0,0,1.034924698,0.169798473,0,0,0,24.95867885,0.535256,4.18896,12.2178,7.09796,3.02536,9.42516,0.34908,0,0.000711659,2.31E-05,0.000383982,0.003919601,0.000340391,0,0,0.351101109,239.8919414,0.000235778,0.050173266,27.44567476,0,0.1195,0.7097,1.5295,,2.966829021,14.6386,0.0005,0,,0,0,0,0,0,0,0,3.025061896
16,47,16047,0,0,0,0,0,0,3.83585301,0,0.488655901,0.459487388,0,0.033411846,0,0,0.412367721,0,0,0.011174055,39.27838837,0.842352,6.59232,19.2276,11.17032,4.76112,14.83272,0.54936,0,0.001789931,5.80E-05,0.000475921,0.004858097,0.001701956,0,0.009739546,0.552540693,651.3663063,0.000371052,0.078959509,40.88721482,3.2994,0.188,0.9554,2.5504,,4.669007652,23.0374,0.0008,0,,0,0,0,0,0,0,1.040761161,5.233426145
16,48,16048,0,0,0,0,0,0,1.570806351,0,0,0.188163025,0,0,0,0.827939758,0.072770774,0,0,0,9.924699815,0.212842,1.66572,4.85835,2.82247,1.20302,3.74787,0.13881,0,0.000560701,1.82E-05,0.000146021,0.001490553,0.002723129,0,0,0.139613684,99.32221769,9.38E-05,0.01995116,12.11962664,10.0084,0.0475,0.2457,0.0901,,1.179745435,5.821,0.0002,0,,0,0,0,0,0.9233,0.1333,0,2.020161197
16,49,16049,0.356450862,0.129673007,0.090007223,0.002137347,0.004869865,0.009429852,4.263617239,0.53507402,3.176263355,0.510728212,0,0,0,1.034924698,0.315340022,0,0,0,32.6032931,0.6992,5.472,15.96,9.272,3.952,12.312,0.456,0,0.00075479,2.45E-05,0.000551636,0.005630977,0.00612704,2.54E-05,0,0.458640156,902.573597,0.000307994,0.065540877,33.25277787,54.6032,0.1561,0.3003,0.6645,,3.87554152,19.1223,0.0006,0,,0,0,0,0,0,0,0,16.85712288
16,50,16050,5.703213797,2.074768107,1.440115564,0.034197547,0.077917837,0.150877626,10.53983012,2.675370101,8.062822363,1.2625403,0,0.200471074,0.006584475,10.34924698,2.522720178,0,0,0.793357928,152.6134411,3.2729,25.614,74.7075,43.4015,18.499,57.6315,2.1345,33.78356009,0.010038708,0.000325502,0.003136751,0.032019278,0.110967511,2.54E-05,0,2.146858362,1666.322906,0.001441696,0.30679167,156.3616134,15.4091,0.7306,4.3674,9.2938,,18.14110389,89.5101,0.003,0,,0,0,0,0,4.208,0.6076,0.052363563,19.04649416
16,51,16051,0,0,0,0,0,0,3.211737986,0.26753701,1.710295653,0.384726186,0,0.534589531,0,2.483819275,1.261360089,0.363853872,0,0.011174055,22.70647768,0.486956,3.81096,11.1153,6.45746,2.75236,8.57466,0.31758,0,0.005563881,0.000180407,0.000816637,0.008336053,0.014296428,0,0,0.31941873,64.20759469,0.000214502,0.045645771,29.18081428,43.5863,0.1087,1.0373,0.098,,2.699110693,13.3177,0.0006,0,,0,0,0,0,0,0,0,3.049234765
16,52,16052,24.23865864,8.817764456,6.120491148,0.145339573,0.331150808,0.641229912,10.21024128,15.7846836,47.39962237,1.223059665,140.9979889,1.236238291,0.061455099,20.49150902,9.460200666,0,0.044696221,0.648095208,345.7922426,7.415752,58.03632,169.2726,98.33932,41.91512,130.58172,4.83636,291.7143282,0.086682246,0.002810645,0.022806346,0.232802235,0.034379505,5.08E-05,0,4.864361635,1679.894741,0.003266601,0.695129989,447.502062,61.7702,1.6555,5.8414,24.5907,,41.10419734,202.8123,0.008,0.0847,,0,0,0,4.1,3.2048,0.4627,10.12708918,4.88119291
16,53,16053,336.8460649,122.5409913,85.05682552,2.019792595,4.602022258,8.91120981,26.44424442,155.7065399,234.7991603,3.167690932,4.577422861,19.64616527,0.136079148,129.1586023,49.04750192,6.015717347,6.994958629,9.66555785,1535.443509,32.92864,257.7024,751.632,436.6624,186.1184,579.8304,21.4752,750.9312487,0.223137505,0.007235164,0.08699077,0.887982913,0.043570065,7.62E-05,0.019479093,21.59953746,2392.824623,0.014504899,3.086630345,1805.13522,515.9347,7.3509,37.5048,1.18,,182.517608,900.5606,0.0325,0.4805,,10.06386423,33.20811,6.733,0,3.8972,0.5627,12.93027034,37.78910083
16,54,16054,0,0,0,0,0,0,4.445942976,0,0,0.532568563,0,0,0,1.241909638,0.145541549,0,0,0,17.07168486,0.366114,2.86524,8.35695,4.85499,2.06934,6.44679,0.23877,0,0.001089054,3.53E-05,0.000173062,0.001766581,0.01191369,5.08E-05,0,0.240152434,315.0994464,0.000161271,0.03431841,21.40736784,1.4327,0.0817,0.6551,0.1361,,2.029304931,10.0128,0.0004,0,,0,0,0,0,0,0,0,8.160069931
16,55,16055,0.712901725,0.259346013,0.180014446,0.004274693,0.00973973,0.018859703,4.200504484,0.80261103,9.773118015,0.50316809,0,0.167059229,0,1.241909638,2.328664779,0,0,0.16761083,84.03498797,1.802188,14.10408,41.1369,23.89858,10.18628,31.73418,1.17534,17.16393547,0.005100224,0.000165373,0.003645121,0.037208609,0.039144981,2.54E-05,0,1.182145002,687.4352381,0.000793855,0.16893161,98.56062662,41.7788,0.4023,0.8735,8.4813,,9.989208267,49.2878,0.0018,0.0254,,0,0,0,0,3.6309,0.5243,0.245295898,20.31556979
16,56,16056,0.356450862,0.129673007,0.090007223,0.002137347,0.004869865,0.009429852,5.799360949,0,0.24432795,0.69469117,0,0.367530303,0,66.44216561,2.304407855,0,0,7.743620336,55.61864409,1.19278,9.3348,27.2265,15.8173,6.7418,21.0033,0.7779,58.02353661,0.017241561,0.000559052,0.000519186,0.005299743,0.014636819,2.54E-05,0.009739546,0.782403898,2221.732715,0.000525414,0.111807562,48.40189297,1.4976,0.2663,1.2556,0.4835,,6.611367869,32.6212,0.0009,0,,0,0,0,0,0,0,0,6.366097722
16,57,16057,0,0,0,0,0,0,2.734886058,0,1.221639752,0.327605267,0,0,0,0,0.194055398,0,0,0.011174055,15.86193108,0.34017,2.6622,7.76475,4.51095,1.9227,5.98995,0.22185,0,0.000603832,1.96E-05,0.000281226,0.002870694,0.000680782,0,0,0.223134471,442.6494372,0.000149843,0.031886499,17.63848456,5.4511,0.0759,0.3821,0.5501,,1.885501943,9.3033,0.0003,0,,0,0,0,0,0,0,0,0.828784081
16,58,16058,0.712901725,0.259346013,0.180014446,0.004274693,0.00973973,0.018859703,1.87234507,0.53507402,0.977311802,0.224283606,0,3.34118457,0.0263379,131.8494065,1.261360089,0,0,0.592224932,34.91984288,0.74888,5.8608,17.094,9.9308,4.2328,13.1868,0.4884,68.47430493,0.020346983,0.000659745,0.002860934,0.02920379,0.039144981,5.08E-05,0,0.491227746,405.6930482,0.000329878,0.070197729,40.97458947,12.792,0.1672,2.4566,0.886,,4.150908944,20.481,0.0007,0,,0,0,0,0,0,0,0.003299908,0
16,59,16059,0,0,0,0,0,0,1.626906578,0,0,0.194883133,0,0,0,0,0.04851385,0,0,0,15.94987418,0.342056,2.67696,7.8078,4.53596,1.93336,6.02316,0.22308,0,0.000161741,5.24E-06,0.000189287,0.001932198,0.009190561,0,0,0.224371592,367.8445188,0.000150674,0.032063287,18.53827188,1.6536,0.0764,0.1092,1.2665,20.1595,1.895955707,9.3548,0.0004,0,,0,0,0,0,2.2993,0.332,0,10.03001401
16,60,16060,0,0,0,0,0,0,3.029412249,0,1.221639752,0.362885835,0,0,0,0.413969879,0.363853872,0,0,0.033522166,20.03172068,0.429594,3.36204,9.80595,5.69679,2.42814,7.56459,0.28017,0,0.000830269,2.69E-05,0.000335308,0.00342275,0.024508162,0,0,0.281792133,86.00026304,0.000189234,0.040268832,22.37975521,7.4259,0.0959,0.6005,0.9985,,2.381163306,11.7489,0.0004,0,,0,0,0,0,0,0,0.081667583,8.015032717
16,61,16061,0,0,0,0,0,0,2.272059187,0,0.24432795,0.272164376,0,0,0,19.66356926,0.630680044,0,0,0.257003272,47.73594,1.02373,8.0118,23.36775,13.57555,5.7863,18.02655,0.66765,7.47520234,0.002221239,7.20E-05,0.000297451,0.003036311,0.00612704,0,0,0.671515571,1912.14135,0.000450948,0.09596133,41.66646813,4.0748,0.2285,0.9281,0.2229,,5.674353719,27.9978,0.0008,0,,0,0,0,0,1.0298,0.1487,0.061796034,0.240002057
16,62,16062,0.356450862,0.129673007,0.090007223,0.002137347,0.004869865,0.009429852,4.116354144,0.26753701,1.465967702,0.493087928,0,0.23388292,0,2.069849396,0.533652345,0,0,0.011174055,37.91419795,0.813096,6.36336,18.5598,10.78236,4.59576,14.31756,0.53028,0,0.002566286,8.32E-05,0.001211435,0.012366066,0.114711813,0,0.009739546,0.533350224,201.4868576,0.000358165,0.076217141,45.22728932,5.07,0.1815,0.7643,5.4275,,4.506846836,22.2372,0.0009,0,,0,0,0,0,0,0,0,23.39761059
16,63,16063,0.356450862,0.129673007,0.090007223,0.002137347,0.004869865,0.009429852,4.544118373,0,0.488655901,0.544328752,0,0,0,0.620954819,0.339596947,0,0,0.033522166,32.28798494,0.692438,5.41908,15.80565,9.18233,3.91378,12.19293,0.45159,0,0.00127236,4.13E-05,0.00038939,0.003974807,0.011573299,2.54E-05,0,0.454204623,391.7336708,0.000305015,0.064907028,39.79923105,6.5994,0.1546,0.8462,2.4713,,3.838060954,18.9374,0.0008,0,,0,0,0,0,1.2429,0.1795,0.016435116,1.329507797
16,64,16064,0,0,0,0,0,0,9.03213652,0,0.977311802,1.081937396,0,0,0,0.413969879,0.315340022,0,0,0.055870277,47.63083728,1.021476,7.99416,23.3163,13.54566,5.77356,17.98686,0.66618,0,0.001488015,4.82E-05,0.000843678,0.008612082,0.053101017,0,0,0.67003706,700.2658627,0.000449955,0.095750047,53.32530213,14.9462,0.228,1.0645,10.258,,5.661860197,27.9362,0.001,0,,0,0,0,0,0.9321,0.1346,0,28.23909093
16,65,16065,4.277410348,1.556076081,1.080086673,0.02564816,0.058438378,0.11315822,6.100899668,0.26753701,6.59685466,0.73081175,0,33.64572862,0,48.43447586,1.552443186,0.630680044,0.055870277,1.866067238,68.15160735,1.461558,11.43828,33.36165,19.38153,8.26098,25.73613,0.95319,84.29560697,0.025048247,0.000812182,0.002709504,0.027658032,0.009871343,2.54E-05,0.019479093,0.958708795,1500.131239,0.000643809,0.137001992,73.0382554,8.424,0.3263,3.6304,0.4254,,8.101156626,39.9719,0.0013,0,,0,0,0,0,0,0,0.033557518,5.956885582
16,66,16066,9.624173282,3.501171181,2.430195015,0.05770836,0.13148635,0.254605995,7.49639281,6.420888244,25.65443479,0.897974438,0,4.310128095,0,42.63889756,3.274684846,0.024256925,0.067044332,9.844342735,175.8347076,3.770896,29.51136,86.0748,50.00536,21.31376,66.40056,2.45928,78.96136064,0.023463188,0.000760787,0.010032196,0.102406484,0.028252464,0.000101643,0,2.473518779,2323.853444,0.001661061,0.353472297,190.2539331,55.1574,0.8418,4.9679,0.2188,,20.90140734,103.1297,0.0034,0.0347,,0,0,0,0,3.2669,0.4717,0.7988777,0
16,67,16067,0,0,0,0,0,0,6.619826766,0,1.465967702,0.79297275,0,0,0,1.034924698,0.412367721,0,0,0.089392443,33.3411571,0.715024,5.59584,16.3212,9.48184,4.04144,12.59064,0.46632,0,0.001099837,3.57E-05,0.000308267,0.003146722,0.070460965,5.08E-05,0.009739546,0.469019907,280.8708735,0.000314964,0.06702417,40.03624955,5.79,0.1596,0.6551,3.0927,,3.963251144,19.5551,0.0008,0,,0,0,0,0,0,0,0,25.40050545
16,68,16068,0,0,0,0,0,0,4.999932716,0.80261103,0.488655901,0.59892963,0,0.100235537,0,1.862864456,0.55790927,0,0,0.111740553,45.99638272,0.986424,7.71984,22.5162,13.08084,5.57544,17.36964,0.64332,0,0.001811496,5.87E-05,0.001487253,0.015181554,0.040166154,0,0,0.647044704,417.4982809,0.000434515,0.092464379,48.92649606,27.636,0.2202,0.4367,4.1231,33.5058,5.467573181,26.9776,0.0009,0,,0,0,0,0,0,0,0.010847176,8.659067013
16,69,16069,38.14024227,13.87501172,9.630772836,0.228696093,0.521075536,1.008994127,6.374388274,11.23655443,29.80800995,0.763572277,0,4.811305781,0.089987823,24.83819275,4.705843408,1.091561615,0.089392443,0.793357928,198.8993925,4.265534,33.38244,97.36545,56.56469,24.10954,75.11049,2.78187,114.8858767,0.034138076,0.001106916,0.007641775,0.078005586,0.077268788,0,0,2.797976516,211.7562871,0.001878946,0.399838156,233.7665373,59.4805,0.9522,4.9952,1.0067,,23.643098,116.6575,0.0044,0.0554,,0,0,0,0,1.5624,0.2256,0.294619049,12.82370702
16,70,16070,1.069352587,0.38901902,0.270021668,0.00641204,0.014609594,0.028289555,2.159858733,0,3.909247206,0.25872416,0,0.066823691,0.0175586,3.104774094,1.285617014,0,0,0.279351383,31.77534105,0.681444,5.33304,15.5547,9.03654,3.85164,11.99934,0.44442,41.07732548,0.012206033,0.000395777,0.000854494,0.008722493,0.01804073,0,0,0.44699311,52.17449399,0.000300173,0.063876483,38.81908327,9.4162,0.1521,1.6378,0.3949,,3.777123163,18.6367,0.0007,0,,0,0,0,0,0,0,0,0.041439204
16,71,16071,7.129017246,2.593460134,1.800144455,0.042746933,0.097397296,0.188597033,10.80630619,1.605222061,14.17102112,1.294460813,0,0.46776584,0.006584475,12.21211144,3.250427921,0.121284624,0,0.793357928,131.1059924,2.811658,22.00428,64.17915,37.28503,15.89198,49.50963,1.83369,27.9412903,0.008302691,0.000269212,0.003374712,0.034448327,0.141602713,0,0.009739546,1.844306728,710.7710918,0.001238521,0.263556251,155.327573,28.9365,0.6277,4.5584,6.4306,,15.58452134,76.8956,0.003,0.0354,,0,0,0,0,0,0,0.248456192,51.56418291
16,72,16072,2.495156036,0.907711047,0.630050559,0.014961427,0.034089054,0.066008962,3.330950968,0.26753701,0.488655901,0.399006415,0,0,0,2.897789154,0.291083097,0,0,0.044696221,25.43700348,0.545514,4.26924,12.45195,7.23399,3.08334,9.60579,0.35577,5.18909677,0.001541928,5.00E-05,0.000670616,0.006845501,0.046293195,2.54E-05,0,0.357829843,338.9581312,0.000240296,0.05113482,28.479261,4.3046,0.1218,1.1737,1.5462,,3.023687295,14.9192,0.0005,0,,0,0,0,0,0,0,0,11.69103544
16,73,16073,6.059664659,2.204441114,1.530122787,0.036334893,0.082787702,0.160307478,3.40808878,0.80261103,3.664919256,0.408246564,0,8.987786493,0,157.722524,1.989067832,0,0.100566498,1.988981847,48.93925891,1.049536,8.21376,23.9568,13.91776,5.93216,18.48096,0.68448,123.9940116,0.036844537,0.001194673,0.002817668,0.028762145,0.002042347,5.08E-05,0.019479093,0.688443013,695.2545494,0.000462315,0.098380306,57.87336978,12.287,0.2343,2.0472,0.2523,,5.817391797,28.7036,0.001,0,,0,0,0,0,0,0,0,0
16,74,16074,0,0,0,0,0,0,1.78819473,0,1.221639752,0.214203444,0,0.066823691,0,1.241909638,0.363853872,0,0,0.022348111,19.63061437,0.420992,3.29472,9.6096,5.58272,2.37952,7.41312,0.27456,0,0.001541928,5.00E-05,0.000411023,0.00419563,0.012934863,0,0,0.276149652,150.8538008,0.000185445,0.039462507,23.95970201,3.7262,0.094,0.3003,0.6218,,2.333483947,11.5136,0.0005,0,,0,0,0,0,0,0,0,3.587944417
16,75,16075,7.841918971,2.852806148,1.980158901,0.047021627,0.107137026,0.207456736,4.067266445,8.293647315,15.39266087,0.487207834,0,2.40565289,0,65.40724091,2.183123231,0.024256925,0,0.33522166,106.6063336,2.286246,17.89236,52.18605,30.31761,12.92226,40.25781,1.49103,0,0.01116011,0.000361863,0.004104818,0.04190109,0.027912073,5.08E-05,0,1.499662789,991.8493793,0.00100708,0.214305731,128.6144012,28.1853,0.5104,2.4839,4.0094,75.0381,12.67225586,62.5262,0.0024,0,,0,0,0,0,0.3551,0.0513,0.004090795,9.147704294
16,76,16076,22.09995346,8.039726416,5.580447812,0.132515493,0.301931619,0.584650802,3.071487419,8.561184325,34.450241,0.367925916,0.267294766,7.116723134,0.096572298,15.10990059,5.579092701,0,0,1.352060694,133.4826009,2.862626,22.40316,65.34255,37.96091,16.18006,50.40711,1.86693,112.2368973,0.033350938,0.001081394,0.006235646,0.063652117,0.013615645,0,0,1.877739181,179.6118302,0.001260972,0.268333836,155.7771956,44.3102,0.639,5.5411,1.1662,0.2178,15.86702792,78.2895,0.0029,0.0385,,0,0,0,0,0,0,0.397439815,4.813854204
16,77,16077,0,0,0,0,0,0,5.049020415,0,2.198951553,0.604809724,0,0,0,1.448894577,0.50939542,0,0,0.044696221,33.43553506,0.717048,5.61168,16.3674,9.50868,4.05288,12.62628,0.46764,0,0.001768365,5.73E-05,0.000735514,0.007507969,0.013615645,2.54E-05,0,0.47034755,424.7106984,0.000315856,0.067213894,45.01667284,11.6541,0.1601,0.1365,1.8933,,3.974469817,19.6104,0.0009,0,,0,0,0,0,0,0,0,11.15405242
16,78,16078,0,0,0,0,0,0,3.772740254,0,1.221639752,0.451927266,0,0,0,3.725728913,0.388110797,0,0,0.122914609,24.36452673,0.522514,4.08924,11.92695,6.92899,2.95334,9.20079,0.34077,0,0.001315491,4.27E-05,0.000346124,0.003533162,0.048335541,0,0,0.342742996,98.64470803,0.000230165,0.04897887,28.06105048,4.0753,0.1166,0.3003,0.7131,,2.896202377,14.2902,0.0006,0,,0,0,0,0,0,0,0,1.460731943
16,79,16079,0.356450862,0.129673007,0.090007223,0.002137347,0.004869865,0.009429852,9.193424672,1.337685051,6.59685466,1.101257707,1.269650137,4.644246552,0.02194825,44.08779213,1.649470885,0,0,4.693103234,81.26370806,1.742756,13.63896,39.7803,23.11046,9.85036,30.68766,1.13658,40.02499117,0.011893335,0.000385638,0.002136236,0.021806233,0.033698723,0.000203286,0.019479093,1.143160589,2232.791981,0.000767675,0.163360635,79.04835307,17.7385,0.3891,1.4467,0.5675,1.0889,9.659787238,47.6624,0.0015,0,,0,0,0,0,1.2961,0.1871,0,0
16,80,16080,0,0,0,0,0,0,6.507626312,0,0,0.779532534,0,0,0,0,0.145541549,0,0,0.011174055,33.71652397,0.723074,5.65884,16.50495,9.58859,4.08694,12.73239,0.47157,0,0.000226437,7.34E-06,3.79E-05,0.00038644,0.023146597,0,0,0.474300304,850.694738,0.00031851,0.067778753,33.2168849,2.7197,0.1614,0.1638,0.3956,,4.007870865,19.7752,0.0007,0,,0,0,0,0,0.9677,0.1397,0.049096172,4.307950588
16,81,16081,0,0,0,0,0,0,1.809232315,0,0,0.216723485,0,0,0,0,0.04851385,0,0,0,15.69033481,0.33649,2.6334,7.68075,4.46215,1.9019,5.92515,0.21945,0,0.000150958,4.89E-06,6.49E-05,0.000662468,0,2.54E-05,0,0.220720575,484.2846365,0.000148222,0.031541547,16.4752349,0,0.0751,0.1911,0.4869,,1.865104356,9.2026,0.0003,0,,0,0,0,0,0,0,0,2.28778939
16,82,16082,3.564508623,1.296730067,0.900072228,0.021373467,0.048698648,0.094298517,9.642226486,2.942907112,9.284462114,1.155018571,0,0.100235537,0,12.83306625,1.309873938,0,0,0.134088664,129.2570425,2.772006,21.69396,63.27405,36.75921,15.66786,48.81141,1.80783,23.98596479,0.007127375,0.000231103,0.003596448,0.036711759,0.059228058,5.08E-05,0.019479093,1.818297003,2603.069828,0.001221055,0.259839393,135.8876766,32.5723,0.6188,1.8834,6.1976,99.8766,15.36473734,75.8112,0.0026,0.0316,,0,0,0,0,0,0,0.100582907,23.16796833
16,83,16083,0,0,0,0,0,0,2.391272169,0.53507402,1.710295653,0.286444606,0,0,0,11.79814156,0.315340022,0,0,0,55.1660589,1.183074,9.25884,27.00495,15.68859,6.68694,20.83239,0.77157,0,0.001736017,5.63E-05,0.000946434,0.009660989,0.162706963,0,0,0.776037248,1651.805444,0.000521138,0.110897751,56.24755424,16.842,0.2641,0.6005,3.5852,,6.557569233,32.3557,0.0011,0,,0,0,0,0,0,0,0,31.30213876
16,84,16084,0,0,0,0,0,0,4.817606979,0,1.221639752,0.577089279,0.400942148,0,0,7.451457825,0.873249292,0,0,0.100566498,50.17904203,1.076124,8.42184,24.5637,14.27034,6.08244,18.94914,0.70182,12.77316128,0.003795516,0.000123068,0.000811229,0.008280848,0.021444642,0,0,0.705883409,900.5478679,0.000474027,0.100872584,53.02818751,10.608,0.2402,0.8189,1.2418,,5.964764363,29.4308,0.001,0,,0,0,0,0,0,0,0,0.54734282
16,85,16085,0.712901725,0.259346013,0.180014446,0.004274693,0.00973973,0.018859703,8.983048821,0.80261103,5.375214908,1.076057301,0,0.267294766,0,14.07497589,2.741032501,0,0,0.18995894,62.0706642,1.331148,10.41768,30.3849,17.65218,7.52388,23.43978,0.86814,32.80380056,0.009747574,0.000316062,0.00152511,0.015567994,0.060249231,2.54E-05,0.019479093,0.873166371,552.7414984,0.000586364,0.124777756,78.47763696,20.4075,0.2972,2.3202,6.0779,,7.378317138,36.4054,0.0015,0,,0,0,0,0,0,0,0.062616434,4.724069262
16,86,16086,0.356450862,0.129673007,0.090007223,0.002137347,0.004869865,0.009429852,1.367443029,0.26753701,1.710295653,0.163802634,0,0,0,2.276834336,0.55790927,0,0,0,30.85301105,0.661664,5.17824,15.1032,8.77424,3.73984,11.65104,0.43152,0,0.001304709,4.23E-05,0.000632758,0.006459061,0.066376272,0,0,0.434018421,98.55263099,0.00029146,0.062022367,34.69400835,7.9795,0.1477,0.6005,8.1327,,3.667486133,18.0958,0.0007,0,,0,0,0,0,0.4883,0.0705,0,19.14836554
16,87,16087,0.356450862,0.129673007,0.090007223,0.002137347,0.004869865,0.009429852,0.350626418,0,1.221639752,0.042000675,0,0,0,0.413969879,0.266826173,0,0,0.011174055,25.34262553,0.54349,4.2534,12.40575,7.20715,3.0719,9.57015,0.35445,13.09974779,0.00389256,0.000126215,0.000248777,0.00253946,0.002042347,2.54E-05,0.038958185,0.3565022,372.2003579,0.000239405,0.050945096,30.56226303,5.8892,0.1213,0.3003,2.4165,65.9228,3.012468622,14.8638,0.0006,0,,0,0,0,0,1.2695,0.1833,0.004482304,4.330396823
16,88,16088,0,0,0,0,0,0,5.357571662,1.070148041,0.488655901,0.641770319,0,0.033411846,0,0.827939758,0.776221593,0,0,0.111740553,119.1757611,2.555806,20.00196,58.33905,33.89221,14.44586,45.00441,1.66683,18.79686802,0.005585446,0.000181106,0.00077878,0.007949614,0.054122191,7.62E-05,0,1.676480639,620.2743401,0.00112582,0.239573464,126.0523391,68.0476,0.5706,1.01,1.4754,,14.1663791,69.8984,0.0025,0,,0,0,0,0,0,0,0.655055841,14.60386616
16,89,16089,1.782254312,0.648365034,0.450036114,0.010686733,0.024349324,0.047149258,1.612881521,0.80261103,6.841182611,0.193203106,0,0.066823691,0,1.862864456,1.649470885,0,0,0.100566498,45.99423776,0.986378,7.71948,22.51515,13.08023,5.57518,17.36883,0.64329,0,0.004442479,0.000144046,0.002179501,0.022247878,0.089522869,0,0,0.647014531,357.5488571,0.000434495,0.092460067,60.02698111,18.3543,0.2202,0.5186,9.8462,47.2877,5.467318211,26.9763,0.0011,0,,0,0,0,0,0,0,0.331546641,45.04096153
16,90,16090,0,0,0,0,0,0,2.601648019,0.80261103,0.488655901,0.311645011,0,0.100235537,0,15.31688553,0.412367721,0,0,4.838365953,28.26619714,0.606188,4.74408,13.8369,8.03858,3.42628,10.67418,0.39534,26.30835775,0.007817468,0.000253479,0.001238476,0.012642094,0.026210118,7.62E-05,0.009739546,0.397628946,752.0489799,0.000267023,0.056822215,27.83938999,5.2338,0.1353,1.5559,0.1972,,3.35999251,16.5785,0.0005,0,,0,0,0,0,0.6747,0.0974,0.008964608,4.490973739
16,91,16091,0,0,0,0,0,0,4.565155958,1.605222061,0.24432795,0.546848793,0,0.066823691,0,13.45402107,0.436624646,0,0,0.011174055,25.59358509,0.548872,4.29552,12.5286,7.27852,3.10232,9.66492,0.35796,15.34956597,0.004561088,0.000147892,0.000767963,0.007839203,0.065695489,0,0,0.360032523,248.9405825,0.000241775,0.051449588,32.29031453,6.3336,0.1225,6.4692,1.2418,12.2886,3.042300093,15.011,0.0006,0,,0,0,0,0,2.5922,0.3743,0,1.441738974
16,92,16092,0,0,0,0,0,0,6.549701482,0.80261103,0,0.784572615,0,0,0,0,0.097027699,0,0,0.011174055,27.97877337,0.600024,4.69584,13.6962,7.95684,3.39144,10.56564,0.39132,0,0.000700876,2.27E-05,0.000594901,0.006072622,0.004084694,0,0,0.393585671,735.276619,0.000264308,0.056244421,31.05090227,4.0013,0.1339,0.4913,0.7496,,3.325826552,16.41,0.0006,0,,0,0,0,0,0,0,0,2.589950253
16,93,16093,0.712901725,0.259346013,0.180014446,0.004274693,0.00973973,0.018859703,5.701185552,0.53507402,0.24432795,0.682930981,0,10.4579077,0,0,0.436624646,0,0,0.201132996,55.54142576,1.191124,9.32184,27.1887,15.79534,6.73244,20.97414,0.77682,39.5532551,0.011753159,0.000381093,0.000638167,0.006514267,0.011573299,0,0,0.781317645,1732.239795,0.000524684,0.111652333,56.99348762,10.4549,0.2659,0.9008,0.1998,,6.602188955,32.5759,0.0011,0,,0,0,0,0,0,0,0,0.136404047
16,94,16094,0,0,0,0,0,0,4.1303792,0,0.732983851,0.494767955,0,0,0,1.034924698,0.315340022,0,0,0.011174055,13.58613543,0.291364,2.28024,6.6507,3.86374,1.64684,5.13054,0.19002,0,0.000851834,2.76E-05,0.000140613,0.001435347,0.012934863,2.54E-05,0,0.191120181,110.5108751,0.000128344,0.027311573,19.64994165,4.914,0.065,0.1092,0.36,,1.614978946,7.9685,0.0004,0,,0,0,0,0,0,0,0,3.025061896
16,95,16095,0,0,0,0,0,0,3.793777839,0.53507402,0,0.454447307,0,0,0,1.034924698,0.751964668,0.485138496,0,0.134088664,20.20975182,0.433412,3.39192,9.8931,5.74742,2.44972,7.63182,0.28266,17.27279764,0.005132572,0.000166422,0.000589493,0.006017416,0.009530952,0,0,0.284296549,69.03855381,0.000190916,0.04062672,27.29674756,9.3867,0.0968,0.2184,1.5344,37.768,2.402325803,11.8533,0.0005,0,,0,0,0,0,1.2961,0.1871,0,3.263337319
16,96,16096,0,0,0,0,0,0,1.416530727,0,0,0.169682728,0,0,0,0,0.097027699,0,0,0.011174055,17.23684627,0.369656,2.89296,8.4378,4.90196,2.08936,6.50916,0.24108,0,0.000280351,9.09E-06,0.000108164,0.001104113,0.007488605,0,0,0.242475809,551.7666832,0.000162832,0.034650427,17.64646856,1.7784,0.0825,0.1092,1.4296,,2.048937609,10.1097,0.0004,0,,0,0,0,0,0,0,0,3.016428728
16,97,16097,1.069352587,0.38901902,0.270021668,0.00641204,0.014609594,0.028289555,4.137391729,0,4.886559008,0.495607969,0,0.033411846,0,2.690804215,0.921763142,0,0,0.078218387,64.68750746,1.387268,10.85688,31.6659,18.39638,7.84108,24.42798,0.90474,0,0.003191684,0.000103489,0.001606233,0.016396079,0.020423468,0,0,0.909978278,1975.141256,0.000611085,0.130038274,73.483437,8.3185,0.3097,2.0199,2.2773,48.2833,7.689380339,37.9402,0.0014,0,,0,0,0,0,0,0,0.001792922,11.91722443
16,98,16098,1.069352587,0.38901902,0.270021668,0.00641204,0.014609594,0.028289555,2.236996545,0.80261103,2.443279504,0.267964308,0,0.033411846,0,0,0.55790927,0,0,0.078218387,52.87310362,1.1339,8.874,25.8825,15.0365,6.409,19.9665,0.7395,0,0.001811496,5.87E-05,0.001108679,0.011317159,0.013275254,2.54E-05,0,0.743781569,717.2155602,0.000499477,0.10628833,57.49734893,12.8123,0.2531,0.9827,2.5679,,6.285006478,31.0109,0.0011,0,,0,0,0,0,0.4084,0.059,0.061527096,8.237768438
16,99,16099,0,0,0,0,0,0,4.894744791,0.53507402,0.24432795,0.586329427,0,0.033411846,0,0,0.291083097,0,0,0.055870277,31.26055222,0.670404,5.24664,15.3027,8.89014,3.78924,11.80494,0.43722,0,0.000539136,1.75E-05,0.000443472,0.004526863,0.007828996,0,0,0.439751423,896.8473056,0.00029531,0.062841628,35.61804762,6.5228,0.1497,0.2184,3.0906,,3.715930402,18.3348,0.0007,0,,0,0,0,0,0,0,0,12.68212307
16,100,16100,0,0,0,0,0,0,2.3001093,0,0.732983851,0.27552443,0,4.243304404,0,216.7132318,0.291083097,0,0,0.212307051,26.49446555,0.568192,4.44672,12.9696,7.53472,3.21152,10.00512,0.37056,58.31383573,0.017327823,0.000561849,0.000638167,0.006514267,0.008509778,0,0,0.372705474,531.1042505,0.000250286,0.053260586,26.97404385,0,0.1268,0.4094,0.1832,,3.149387425,15.5394,0.0005,0,,0,0,0,0,0,0,0.381055624,0
16,101,16101,0,0,0,0,0,0,4.263617239,0,0,0.510728212,0,0,0,0.20698494,0,0,0,0.022348111,19.34962547,0.414966,3.24756,9.47205,5.50281,2.34546,7.30701,0.27063,0,6.47E-05,2.10E-06,3.79E-05,0.00038644,0.003403911,0,0,0.272196898,667.0278345,0.00018279,0.038897648,19.67719366,0,0.0926,0,1.5257,,2.300082898,11.3488,0.0004,0,,0,0,0,0,0,0,0,8.332733281
16,102,16102,124.4013509,45.25587934,31.41252075,0.745933985,1.699582823,3.291018226,9.58612626,44.9462177,118.254728,1.148298463,0,4.51059917,0.010974125,250.037807,19.62385215,7.204306661,0.033522166,10.06782384,618.1112482,13.25582,103.7412,302.5785,175.7837,74.9242,233.4177,8.6451,356.4147446,0.105907827,0.003434028,0.032616807,0.332945287,0.129348632,0.000101643,0.019479093,8.695153539,3381.621257,0.005839122,1.242560162,700.1619949,201.1208,2.9592,16.3777,2.4857,7.4665,73.47465788,362.5315,0.0126,0.0955,,0,0.71487,0.565,0,0.8256,0.1192,1.685639428,32.59193398
16,103,16103,1.069352587,0.38901902,0.270021668,0.00641204,0.014609594,0.028289555,3.246800628,0.26753701,2.931935405,0.388926253,0,0.033411846,0,7.865427705,2.522720178,0,0,0.067044332,43.90505306,0.941574,7.36884,21.49245,12.48609,5.32194,16.57989,0.61407,13.28118474,0.003946474,0.000127963,0.001460212,0.014905526,0.153176012,2.54E-05,0,0.617625352,129.8974165,0.000414759,0.088260277,55.63457669,10.1091,0.2102,0.4367,3.3611,,5.21897759,25.751,0.0011,0,,0,0,0,0,0,0,0.051848566,18.80476547
16,104,16104,0,0,0,0,0,0,6.044799441,0,0.24432795,0.724091642,0,0,0,0.413969879,0.315340022,0,0,0.033522166,31.00959266,0.665022,5.20452,15.17985,8.81877,3.75882,11.71017,0.43371,0,0.000744007,2.41E-05,0.000302859,0.003091517,0.03301794,2.54E-05,0,0.436221101,234.8944632,0.000292939,0.062337135,39.43878221,7.9209,0.1485,0.0273,2.7531,0.4978,3.686098931,18.1876,0.0008,0,,0,0,0,0,1.6423,0.2371,0,16.53251578
16,105,16105,0,0,0,0,0,0,2.405297225,0,0,0.288124633,0,0,0,0,0.072770774,0,0,0.011174055,36.9296643,0.791982,6.19812,18.07785,10.50237,4.47642,13.94577,0.51651,0,0.000345047,1.12E-05,0.000665208,0.006790295,0.088842087,0,0,0.519500498,91.06213749,0.000348864,0.074237979,42.19624666,6.2288,0.1768,0.0819,4.6261,,4.389815681,21.6598,0.0008,0,,0,0,0,0,1.2606,0.182,0,29.7170892
16,106,16106,1.425803449,0.518692027,0.360028891,0.008549387,0.019479459,0.037719407,3.309913383,1.337685051,3.664919256,0.396486375,0.200471074,14.06638704,0,10.55623192,1.237103164,0,0.078218387,0.134088664,55.53284595,1.19094,9.3204,27.1845,15.7929,6.7314,20.9709,0.7767,38.97265686,0.011580636,0.000375499,0.001627866,0.016616901,0.058887667,0,0.009739546,0.78119695,160.3034257,0.000524603,0.111635086,61.05515399,15.534,0.2659,1.5559,9.0272,,6.601169076,32.5708,0.0012,0,,0,0,0,0,2.5745,0.3717,0.002176303,10.61879604
16,107,16107,89.46916644,32.54792468,22.59181292,0.536474012,1.222336071,2.366892764,4.607231128,7.758573294,16.36997268,0.551888874,0,1.403297519,0.096572298,23.18231323,4.851384957,0,0,1.028013089,153.3041161,3.287712,25.72992,75.0456,43.59792,18.58272,57.89232,2.14416,143.8069266,0.0427319,0.001385569,0.004115634,0.042011501,0.053441408,0.000127053,0,2.156574292,638.676406,0.00144822,0.308180102,175.5580149,37.4549,0.7339,4.9679,1.3038,,18.22320418,89.9152,0.0033,0,,0,0,0,0,1.6601,0.2397,0.544367306,21.58291878
16,108,16108,88.39981385,32.15890566,22.32179125,0.530061972,1.207726476,2.338603209,9.971815319,19.26266473,49.10991803,1.194499206,0.835296143,4.243304404,0.043896499,28.56392166,8.611208299,0.848992367,0,1.843719128,376.3127859,8.070286,63.15876,184.21305,107.01901,45.61466,142.10721,5.26323,228.9734309,0.068038932,0.002206141,0.012920171,0.131886303,0.100074994,5.08E-05,0.019479093,5.293703134,333.7185334,0.00355492,0.756484011,431.1983395,107.4694,1.8016,8.9804,19.8224,,44.73216314,220.7131,0.0081,0.0785,,0,0,0,0,2.3259,0.3358,0.824513074,12.00182947
16,109,16109,0,0,0,0,0,0,1.956495411,0,0,0.234363768,0,0,0,1.862864456,0.194055398,0,0,0,6.38552655,0.136942,1.07172,3.12585,1.81597,0.77402,2.41137,0.08931,0,0.001337057,4.34E-05,0.000151429,0.001545758,0.022806206,2.54E-05,0,0.089827088,35.58931355,6.03E-05,0.012836526,9.381299675,0,0.0306,0.0819,0.5927,,0.759045204,3.7452,0.0002,0,,0,0,0,0,0,0,0,4.088668133
16,110,16110,2.851606898,1.037384054,0.720057782,0.017098773,0.038958919,0.075438813,12.29997473,2.675370101,4.397903107,1.47338369,0,0.066823691,0,9.728292161,0.873249292,0,0,0.234655162,84.57980616,1.813872,14.19552,41.4036,24.05352,10.25232,31.93992,1.18296,19.05087975,0.005660925,0.000183554,0.001984807,0.020260474,0.151133665,0.000127053,0.009739546,1.189809121,918.3186581,0.000799001,0.170026832,105.1480013,29.8083,0.4049,3.1118,4.616,,10.05397061,49.6073,0.002,0,,0,0,0,0,1.9087,0.2756,0.102734413,19.1207394
16,111,16111,0,0,0,0,0,0,3.155637759,0,0.732983851,0.378006078,0,0,0,3.725728913,0.60642312,0,0,0.044696221,31.11684033,0.667322,5.22252,15.23235,8.84927,3.77182,11.75067,0.43521,4.82622287,0.001434101,4.65E-05,0.000708473,0.00723194,0.013615645,2.54E-05,0,0.437729786,541.5784722,0.000293952,0.06255273,30.87051238,0,0.149,0.9554,0.9579,11.7597,3.698847423,18.2505,0.0006,0,,0,0,0,0,2.468,0.3564,0.003585843,4.955438151
16,112,16112,14.61448535,5.316593275,3.690296134,0.087631213,0.199664458,0.386623918,10.49775495,10.70148041,25.65443479,1.257500219,0,1.770827822,0.00438965,86.10573487,4.996926506,0,0.18995894,0.972142813,294.3841422,6.31327,49.4082,144.10725,83.71945,35.6837,111.16845,4.11735,77.14699114,0.022924052,0.000743305,0.00837729,0.085513555,0.01191369,5.08E-05,0.009739546,4.141188699,4874.644818,0.002780963,0.591786687,307.9245686,92.1045,1.4094,7.2881,3.5635,,34.99333526,172.6607,0.0058,0,,0,0,0,0,1.5802,0.2282,0.179789586,15.3376854
16,113,16113,0,0,0,0,0,0,5.736248193,0,1.465967702,0.687131048,0,0.066823691,0,1.862864456,0.630680044,0,0,0,48.59606635,1.042176,8.15616,23.7888,13.82016,5.89056,18.35136,0.67968,0,0.002221239,7.20E-05,0.001130312,0.011537981,0.110627119,0,0,0.683615222,246.5007037,0.000459073,0.097690402,59.98267852,2.1825,0.2327,0.8462,3.9766,,5.776596623,28.5023,0.0012,0,,0,0,0,0,0.9854,0.1423,0,31.55768052
17,1,17001,0.356450862,0.129673007,0.090007223,0.002137347,0.004869865,0.009429852,2.482878939,0.80261103,2.931935405,0.524904752,0,0,0,3.932713852,0.388110797,0,0,0.055870277,31.82467498,0.682502,5.34132,15.57885,9.05057,3.85762,12.01797,0.44511,0,0.001186099,3.85E-05,0,0.009716195,0.011573299,2.54E-05,0,0,334.9090423,0.000300639,0.063975657,39.72870424,43.0703,0.1524,0.3276,1.734,5.8456,4.443575777,31.944,0,0,,0,0,0,0,0.9227,0.1332,0.049571053,3.030403541
17,2,17002,0,0,0,0,0,0,1.398672824,0.80261103,0.488655901,0.295693036,0,0,0,3.725728913,0.582166195,0,0,0,30.28674333,0.64952,5.0832,14.826,8.6132,3.6712,11.4372,0.4236,0,0.001261578,4.09E-05,0,0.008115231,0.0268909,0,0.009739546,0,126.0074319,0.00028611,0.060884025,35.31924088,19.1402,0.145,0.2457,2.1961,,4.228839386,30.4003,0,0,,0,0,0,0,0.621,0.0897,0.13404934,3.777369237
17,3,17003,2.851606898,1.037384054,0.720057782,0.017098773,0.038958919,0.075438813,3.017941697,1.337685051,2.931935405,0.638022223,0,0,0,2.483819275,1.018790841,0,0,0.022348111,65.63343195,1.407554,11.01564,32.12895,18.66539,7.95574,24.78519,0.91797,22.31674485,0.00663137,0.00021502,0,0.01612005,0.050377888,0,0.009739546,0,577.4911282,0.00062002,0.131939822,72.80814586,14.5538,0.3142,2.1291,6.8237,30.4881,9.164182462,65.8795,0,0.0362,,0,0,0,0,0.8635,0.1247,0.00928579,10.86666175
17,4,17004,0,0,0,0,0,0,5.07840267,1.605222061,6.59685466,1.073623709,0,7.952019277,2.763284625,7.865427705,1.552443186,0.436624646,0,0.245829217,150.9940012,3.23817,25.3422,73.91475,42.94095,18.3027,57.01995,2.11185,114.0149794,0.033879291,0.001098525,0,0.027161181,0.082034264,5.08E-05,0.009739546,0,1041.342457,0.001426397,0.303536186,179.7864721,36.7258,0.7229,1.6651,8.5932,45.7695,21.08280089,151.56,0,0,,0,0,0,0,0.6506,0.0939,0.026080647,17.43170196
17,5,17005,0.712901725,0.259346013,0.180014446,0.004274693,0.00973973,0.018859703,1.872719654,0,0.977311802,0.395911146,0,0,0,0,0.072770774,0,0,0,16.74994183,0.359214,2.81124,8.19945,4.76349,2.03034,6.32529,0.23427,0,0.000614615,1.99E-05,0,0.00673509,0.007828996,0,0,0,260.9178958,0.000158232,0.033671625,23.31419416,0,0.0802,0.6278,1.5056,,2.338739856,16.8127,0,0,,0,0,0,0,0,0,0.008529682,1.923092586
17,6,17006,76.99338626,28.00936945,19.44156012,0.461666879,1.051890802,2.036847957,3.128709076,40.39808853,58.63870809,0.661439524,0.200471074,4.209892558,0.024143075,23.80326805,9.460200666,0,0.022348111,1.061535255,355.2514875,7.618612,59.62392,173.9031,101.02942,43.06172,134.15382,4.96866,153.7496714,0.045686364,0.001481366,0,0.263275754,0.043910457,0,0,0,476.8486581,0.00335596,0.714145467,461.1997978,98.4054,1.7008,7.4791,6.6138,46.6033,49.60260884,356.5831,0,0.0932,,0,0,0,0,0.8162,0.1179,0.343077364,10.77282184
17,7,17007,210.6624596,76.63674697,53.19426866,1.263171877,2.878090111,5.573042326,3.36995667,145.8076705,121.6753193,0.712441611,0.668236914,30.80572174,0.0175586,49.26241562,35.94876253,1.600957036,1.173275808,3.977963693,771.1772745,16.538426,129.43116,377.50755,219.31391,93.47806,291.22011,10.78593,354.0923516,0.105217734,0.003411652,0,0.756703872,0.001361565,0.000101643,0,0,403.616058,0.007285093,1.550261643,1092.88914,361.2775,3.692,21.8915,0.66,,107.6769726,774.0679,0.1513,0.1752,,5.602420961,0,0,0,1.2066,0.1742,8.340697903,1.47391221
17,8,17008,3.564508623,1.296730067,0.900072228,0.021373467,0.048698648,0.094298517,0.990335456,10.4339434,8.795806214,0.209366546,0,1.236238291,0,7.037487946,4.244961837,0,0,0.245829217,163.3124691,3.502348,27.40968,79.9449,46.44418,19.79588,61.67178,2.28414,71.15957179,0.021144904,0.000685617,0,0.040686566,0.005105867,2.54E-05,0,0,307.9978048,0.001542767,0.328299426,183.2370626,27.2367,0.7819,2.2383,0.7774,4.6137,22.80278847,163.9246,0,0,,0,0,0,0,0.9168,0.1324,6.436408748,0.306543711
17,9,17009,0,0,0,0,0,0,2.985086967,1.605222061,0,0.631076413,0,0.568001377,0,2.069849396,1.212846239,0,0,0.491658434,32.54537936,0.697958,5.46228,15.93165,9.25553,3.94498,12.29013,0.45519,8.56382404,0.002544721,8.25E-05,0,0.029314201,0.010552125,0,0,0,330.8529306,0.000307447,0.065424456,40.78996266,30.7925,0.1558,0.4094,0.0171,,4.544205382,32.6674,0,0,,0,0,0,0,1.0942,0.158,0,1.746673552
17,10,17010,0.712901725,0.259346013,0.180014446,0.004274693,0.00973973,0.018859703,2.299831154,0,3.420591305,0.48620667,0,0,0,3.518743973,0.55790927,0,0,0.033522166,29.88992693,0.64101,5.0166,14.63175,8.50035,3.6231,11.28735,0.41805,10.1604692,0.00301916,9.79E-05,0,0.008777699,0.024848553,2.54E-05,0,0,156.7678836,0.000282362,0.060086324,34.56994337,23.6328,0.1431,0.6824,2.5871,3.671,4.173433204,30.002,0,0,,0,0,0,0,0,0,0,5.197479897
17,11,17011,48.47731727,17.63552891,12.2409823,0.290679146,0.662301616,1.282459825,0.361402038,37.99025544,34.20591305,0.076403905,0.835296143,55.99825339,6.075275489,37.25728913,26.14896492,5.409294227,2.324203506,2.949950604,403.3842439,8.650852,67.70232,197.4651,114.71782,48.89612,152.33022,5.64186,595.9115186,0.177073747,0.005741561,0,0.154410209,0.001361565,0,0,0,399.6864942,0.003810656,0.810904498,492.3510473,80.5873,1.9312,9.0623,0.2465,1.9973,56.32322894,404.8963,0.0617,0,,0,0,0,0,0.5678,0.082,1.909099094,0.441673183
17,12,17012,12.47578018,4.538555235,3.150252797,0.074807133,0.170445269,0.330044808,5.073709137,12.57423948,9.284462114,1.072631451,0,0.300706611,0,9.107337342,3.056372523,0,0,0.178784885,108.8392302,2.334132,18.26712,53.2791,30.95262,13.19292,41.10102,1.52226,32.73122578,0.009726009,0.000315363,0,0.092524673,0.019061904,2.54E-05,0.009739546,0,257.2833683,0.001028173,0.218794419,153.9876728,21.6606,0.5211,5.1044,3.9325,45.698,15.19686743,109.2472,0.0705,0.0716,,0,0,0,0,0,0,0.085681778,4.450514201
17,13,17013,0,0,0,0,0,0,3.430972599,0.80261103,2.198951553,0.725340972,0,0.066823691,0,0.827939758,1.043047766,0,0,0.033522166,29.42447202,0.631028,4.93848,14.4039,8.36798,3.56668,11.11158,0.41154,7.22119061,0.00214576,6.96E-05,0,0.008667287,0.021785033,2.54E-05,0,0,274.061053,0.000277965,0.059150641,33.41497461,0,0.1409,0.7643,3.9773,,4.10844325,29.5348,0,0,,0,0,0,0,0.3431,0.0495,0,7.269465142
17,14,17014,0.712901725,0.259346013,0.180014446,0.004274693,0.00973973,0.018859703,1.774155461,0,0.488655901,0.375073717,0,0,0,1.034924698,0.169798473,0,0,0,18.59674679,0.39882,3.1212,9.1035,5.2887,2.2542,7.0227,0.2601,0,0.001099837,3.57E-05,0,0.005134126,0.00885017,0,0,0,166.7489766,0.000175678,0.037384171,25.03571538,13.8212,0.089,0.1638,1.5741,11.7753,2.596603221,18.6665,0,0,,0,0,0,0,0,0,0.002443629,2.155815566
17,15,17015,0.712901725,0.259346013,0.180014446,0.004274693,0.00973973,0.018859703,2.881829241,0.26753701,0.977311802,0.609246726,0,0.200471074,0,1.862864456,0.727707744,0,0,0.011174055,48.21211967,1.033942,8.09172,23.60085,13.71097,5.84402,18.20637,0.67431,13.82549559,0.004108214,0.000133208,0,0.009495372,0.009190561,0,0,0,794.4433559,0.000455446,0.096918572,55.87908781,3.2759,0.2308,1.6651,3.3893,13.8472,6.731701337,48.3928,0,0,,0,0,0,0,0,0,0.03844538,6.829043158
17,16,17016,0,0,0,0,0,0,1.375205159,0,0,0.290731744,0,0,0,0,0.485138496,0,0,0.044696221,33.48915889,0.718198,5.62068,16.39365,9.52393,4.05938,12.64653,0.46839,0,0.002102629,6.82E-05,0,0.002815488,0.024167771,0,0,0,749.0425995,0.000316363,0.067321691,35.92316125,0,0.1603,1.1191,4.3805,,4.675982247,33.6147,0,0,,0,0,0,0,0,0,0,6.571296201
17,17,17017,6.772566384,2.463787128,1.710137233,0.040609587,0.092527432,0.179167181,6.447036883,0.80261103,4.886559008,1.362966291,0,0.367530303,0,3.932713852,1.625213961,0.04851385,0,0.145262719,125.5398381,2.692288,21.07008,61.4544,35.70208,15.21728,47.40768,1.75584,32.15062754,0.009553486,0.000309769,0,0.050844406,0.024848553,7.62E-05,0.009739546,0,1369.100969,0.001185939,0.252366871,139.1093785,16.5273,0.601,2.6477,3.8091,18.044,17.52871895,126.0104,0,0.0177,,0,0,0,0,1.6561,0.2391,1.055745857,5.452724456
17,18,17018,12.83223104,4.668228242,3.24026002,0.07694448,0.175315134,0.339474659,2.152923572,12.84177649,12.46072547,0.455148979,0,1.035767217,0,10.55623192,3.95387874,0,0,0.491658434,220.6149017,4.731238,37.02708,107.99565,62.74033,26.74178,83.31093,3.08559,56.86234013,0.016896514,0.000547864,0,0.076680651,0.00306352,5.08E-05,0,0,1007.876245,0.002084086,0.443491829,253.1225865,30.937,1.0562,3.685,0.4746,,30.80374061,221.4418,0.0206,0,,0,29.79873,2.785,0,0,0,0.503814742,0.897109554
17,19,17019,0.356450862,0.129673007,0.090007223,0.002137347,0.004869865,0.009429852,3.266698945,0.26753701,1.465967702,0.690611924,0,0.167059229,0,0.827939758,0.388110797,0,0,0.011174055,48.80627179,1.046684,8.19144,23.8917,13.87994,5.91604,18.43074,0.68262,0,0.003525948,0.000114328,0,0.021474999,0.039144981,0,0,0,716.3842807,0.000461059,0.098112968,61.27210496,9.2192,0.2337,1.5832,5.669,3.6337,6.814660863,48.9892,0,0,,0,0,0,0,0.5974,0.0863,0,14.19610181
17,20,17020,1.425803449,0.518692027,0.360028891,0.008549387,0.019479459,0.037719407,3.224457148,2.407833091,1.221639752,0.681681597,0,1.002355371,0,6.623518067,0.727707744,0,0,0.134088664,82.64291315,1.772334,13.87044,40.45545,23.50269,10.01754,31.20849,1.15587,14.29723166,0.00424839,0.000137753,0,0.049243442,0.01497721,0,0,0,727.3418436,0.000780704,0.166133187,100.916898,7.6824,0.3957,1.2283,0.4356,,11.53916096,82.9527,0,0,,0,0,0,0,1.1415,0.1648,0.022478463,2.932810033
17,21,17021,0,0,0,0,0,0,1.018496654,0,2.443279504,0.215320097,0,0,0,0.413969879,0.460881571,0,0,0.033522166,13.56683085,0.29095,2.277,6.64125,3.85825,1.6445,5.12325,0.18975,4.53592375,0.001347839,4.37E-05,0,0.007839203,0.004425085,0,0,0,74.97713631,0.000128162,0.027272766,18.85859141,0,0.065,1.2556,0.8058,2.0657,1.89429243,13.6177,0,0.037,,0,0,0,0,0,0,0,0.849563999
17,22,17022,0,0,0,0,0,0,2.393701813,0,2.931935405,0.506051841,0,0.801884297,0,1.655879517,0.703450819,0,0,0.100566498,38.56626381,0.82708,6.4728,18.879,10.9678,4.6748,14.5638,0.5394,8.78154838,0.002609417,8.46E-05,0,0.006790295,0.001701956,0,0.009739546,0,1245.528729,0.000364325,0.077527958,38.70282631,8.8891,0.1846,0.8735,5.9704,,5.384881881,38.7108,0,0,,0,0,0,0,0,0,0,4.287858355
17,23,17023,0,0,0,0,0,0,0.887077731,0,0.488655901,0.187536859,0,0,0,0,0.121284624,0,0,0,12.61661645,0.270572,2.11752,6.1761,3.58802,1.52932,4.76442,0.17646,0,0.000463657,1.50E-05,0,0.000772879,0.007488605,0,0,0,362.8186053,0.000119186,0.025362595,13.52512956,0,0.0604,0.1911,1.2925,,1.761617087,12.6639,0,0,,0,0,0,0,0,0,0,6.361094799
17,24,17024,0.356450862,0.129673007,0.090007223,0.002137347,0.004869865,0.009429852,4.172550807,2.942907112,5.619542859,0.882117816,0,0.400942148,0,4.96763855,1.746498585,0,0,0.078218387,96.53792188,2.070322,16.20252,47.25735,27.45427,11.70182,36.45567,1.35021,19.99435189,0.005941276,0.000192644,0,0.035662851,0.013615645,7.62E-05,0,0,566.6197249,0.000911966,0.194065674,119.349464,8.0329,0.4622,1.5286,5.822,85.2423,13.4792758,96.8998,0,0,,0,0,0,0,1.8927,0.2733,0.07519944,5.775533752
17,25,17025,2.138705174,0.77803804,0.540043337,0.01282408,0.029219189,0.05657911,6.369124236,1.872759071,1.954623603,1.3464948,0,0.735060605,0.015363775,1.655879517,0.751964668,0,0,0.078218387,63.13670608,1.35401,10.5966,30.90675,17.95535,7.6531,23.84235,0.88305,0,0.003353424,0.000108734,0,0.014298264,0.011573299,7.62E-05,0.009739546,0,690.5702242,0.000596435,0.12692077,77.53875522,8.0026,0.3023,1.3921,4.2806,52.2654,8.815572756,63.3734,0,0,,0,0,0,0,0.2898,0.0418,0.008959973,8.131541129
17,26,17026,0,0,0,0,0,0,1.129264032,0,1.221639752,0.238737398,0,0.835296143,0,2.690804215,0.654936969,0,0.055870277,0.122914609,32.53250964,0.697682,5.46012,15.92535,9.25187,3.94342,12.28527,0.45501,0,0.002771158,8.99E-05,0,0.01943239,0.009871343,0,0,0,288.9404306,0.000307325,0.065398584,36.55765322,19.5617,0.1557,1.01,1.6847,3.7332,4.542408425,32.6545,0,0,,0,0,0,0,0.692,0.0999,0,3.286899299
17,27,17027,0.712901725,0.259346013,0.180014446,0.004274693,0.00973973,0.018859703,0.34732144,0,0.732983851,0.07342713,0,0.167059229,0,0,0.194055398,0,0,0.022348111,23.3285142,0.500296,3.91536,11.4198,6.63436,2.82776,8.80956,0.32628,5.26167155,0.001563494,5.07E-05,0,0.004030013,0.010211734,0,0,0,368.4974481,0.000220378,0.046896222,24.50065512,0,0.1117,1.2283,1.6777,0.3111,3.257284501,23.416,0,0,,0,0,0,0,0.7926,0.1144,0,4.819617853
17,28,17028,1.782254312,0.648365034,0.450036114,0.010686733,0.024349324,0.047149258,3.799414936,4.280592162,4.886559008,0.803233265,0,13.69885674,0,4.760653611,2.886574049,0,0,0.290525438,125.5334032,2.69215,21.069,61.45125,35.70025,15.2165,47.40525,1.75575,48.58881521,0.014438055,0.000468149,0,0.046483159,0.006467432,0,0,0,653.1091232,0.001185878,0.252353935,131.1188774,40.2498,0.601,1.9926,1.6785,12.7304,17.52782047,126.0039,0.0162,0,,0,0,0,0,0,0,0.487095181,1.686616009
17,29,17029,18.8918957,6.872669356,4.770382807,0.113279373,0.258102836,0.499782137,7.251508433,15.51714659,15.63698882,1.5330394,0,0.968943525,0.002194825,12.62608132,6.646397391,0.218312323,0,0.71513954,184.8284976,3.963774,31.02084,90.47745,52.56309,22.40394,69.79689,2.58507,59.11215831,0.017565043,0.000569541,0,0.138952626,0.048335541,0,0,0,448.4551884,0.001746022,0.371552093,243.0483009,59.0571,0.8849,3.2755,4.477,45.4211,25.80700149,185.5213,0.025,0.0578,,0,0,0,0,1.1001,0.1588,0.267660608,6.257245297
17,30,17030,1.425803449,0.518692027,0.360028891,0.008549387,0.019479459,0.037719407,5.15819273,1.070148041,5.619542859,1.090492104,0,0.033411846,0,3.725728913,1.358387788,0,0,0.067044332,89.56253312,1.92073,15.0318,43.84275,25.47055,10.8563,33.82155,1.25265,87.4526099,0.025986343,0.000842599,0,0.015347171,0.034719896,2.54E-05,0,0,633.3294325,0.000846072,0.180043376,92.26120424,24.0072,0.4288,1.4194,9.9121,,12.50532497,89.8982,0.0029,0,,0,0,0,0,0,0,0.000171054,13.50919366
17,31,17031,9.26772242,3.371498174,2.340187792,0.055571013,0.126616485,0.245176143,2.792652115,4.280592162,6.59685466,0.590393814,0.066823691,0.066823691,0,3.932713852,3.929621815,0,0,0.178784885,72.76111241,1.560412,12.21192,35.6181,20.69242,8.81972,27.47682,1.01766,63.75694423,0.01894523,0.000614293,0,0.040134509,0.002382738,0,0,0,106.3651202,0.000687354,0.146268265,96.29207725,39.6668,0.3483,2.1018,1.0585,16.5227,10.15939728,73.0338,0,0,,0,0,0,0,0.5205,0.0752,0.922756274,0.82704242
17,32,17032,0,0,0,0,0,0,0.539756291,0.53507402,1.221639752,0.114109729,0,0.033411846,0,0.620954819,0.994533916,0,0,0.011174055,16.95800232,0.363676,2.84616,8.3013,4.82266,2.05556,6.40386,0.23718,0,0.001908541,6.19E-05,0,0.008170436,0.020763859,0,0.019479093,0,291.0592905,0.000160197,0.03408988,21.68699952,0.4992,0.0812,0.9827,3.1917,,2.367790665,17.0216,0,0,,0,0,0,0,0,0,0,2.686323866
17,33,17033,1.069352587,0.38901902,0.270021668,0.00641204,0.014609594,0.028289555,0.741578209,1.337685051,0,0.156776845,0,0,0,0,0.50939542,0.194055398,0,0,27.36746162,0.586914,4.59324,13.39695,7.78299,3.31734,10.33479,0.38277,42.38367152,0.012594211,0.000408363,0,0.004361247,0.010552125,2.54E-05,0,0,467.0129507,0.000258533,0.055015529,28.98582122,0,0.131,1.4194,2.2628,,3.821229584,27.47,0,0,,0,0,0,0,0,0,0,3.82616599
18,1,18001,3.564508623,1.296730067,0.900072228,0.021373467,0.048698648,0.094298517,9.428597545,1.337685051,4.886559008,1.512172635,0,0.167059229,0,1.862864456,0.751964668,0,0,0.011174055,73.76924055,1.582032,12.38112,36.1116,20.97912,8.94192,27.85752,1.03176,18.68800585,0,0.000180057,0,0.027050769,0.08679974,0,0,0,641.960928,0.000696877,0.148294858,92.27816498,23.0896,0.3532,1.5286,17.7819,,17.9052785,27.6349,0.0134,0.0146,,0,0,0,0,2.9849,0.431,0,55.91741324
18,2,18002,2.495156036,0.907711047,0.630050559,0.014961427,0.034089054,0.066008962,6.26143688,0,3.420591305,1.004218651,0,0.033411846,0,0.620954819,0.460881571,0.145541549,0,0.067044332,28.88394374,0.619436,4.84776,14.1393,8.21426,3.50116,10.90746,0.40398,0,0,8.04E-05,0,0.009440166,0.040846936,2.54E-05,0,0,205.7886354,0.000272858,0.058064043,40.14761756,8.402,0.1383,0.8735,0.3322,15.2441,7.010714129,10.8203,0.0059,0,,0,0,0,0,1.533,0.2214,0,20.6969831
18,3,18003,0,0,0,0,0,0,8.600365153,0.53507402,0.24432795,1.37933948,0,0.100235537,0,0,0.04851385,0,0,0.011174055,21.22431482,0.45517,3.5622,10.38975,6.03595,2.5727,8.01495,0.29685,0,0,1.78E-05,0,0.003698779,0.042208501,2.54E-05,0,0,216.6104786,0.0002005,0.042666248,28.1814632,5.5224,0.1016,0.2184,0.8885,,5.15156812,7.9509,0.0043,0,,0,0,0,0,0,0,0,19.72446909
18,4,18004,6.772566384,2.463787128,1.710137233,0.040609587,0.092527432,0.179167181,18.87707267,8.026110304,22.23384348,3.027533266,0,0.23388292,0,8.279397584,3.39596947,0.363853872,0,0.469310323,131.8052472,2.826654,22.12164,64.52145,37.48389,15.97674,49.77369,1.84347,0,0,0.000337739,0,0.1592131,0.162366572,5.08E-05,0.029218639,0,891.8023628,0.001245127,0.26496193,197.7700066,61.4084,0.631,2.7842,14.1176,30.9159,31.99178468,49.376,0.0254,0.0116,,0,0,0,0,2.2725,0.3281,0,86.58373595
18,5,18005,0,0,0,0,0,0,3.180412383,0,0,0.510079315,0,0,0,1.034924698,0.024256925,0,0,0.044696221,23.79825901,0.51037,3.9942,11.64975,6.76795,2.8847,8.98695,0.33285,0,0,1.05E-05,0,0.002208226,0.001361565,0.000127053,0.029218639,0,872.7505339,0.000224815,0.047840528,21.49843507,0,0.1139,0.1638,0.0596,,5.776316149,8.9151,0.0032,0,,0,0,0,0,0,0,0,9.750845275
18,6,18006,2.495156036,0.907711047,0.630050559,0.014961427,0.034089054,0.066008962,5.274183869,3.210444122,13.43803727,0.84588153,0,0.334118457,0,4.553668671,0.848992367,0,0,0.581050877,55.17034881,1.183166,9.25956,27.00705,15.68981,6.68746,20.83401,0.77163,16.94621113,0,0.000163275,0,0.037650255,0.025869726,0,0,0,177.0522983,0.000521179,0.110906374,72.14106354,18.6445,0.2641,1.6105,0.4027,,13.39095337,20.6675,0.0099,0.0139,,0,0,0,0,2.1463,0.3099,0,12.78834497
18,7,18007,0,0,0,0,0,0,5.088659813,0.53507402,1.465967702,0.816126904,0,0.334118457,0,11.17718674,0.266826173,0,0,1.921937515,34.2591972,0.734712,5.74992,16.7706,9.74292,4.15272,12.93732,0.47916,12.59172433,0,0.00012132,0,0.009384961,0.00885017,5.08E-05,0,0,692.69147,0.000323637,0.068869663,37.97249778,3.7838,0.164,0.1092,0.1194,,8.315396263,12.8339,0.0056,0,,0,0,0,0,0,0,0,16.25426493
18,8,18008,0.712901725,0.259346013,0.180014446,0.004274693,0.00973973,0.018859703,8.222691183,8.026110304,12.70505342,1.318767562,0,0.200471074,0,13.86799095,1.746498585,0,0,0.100566498,96.44997879,2.068436,16.18776,47.2143,27.42926,11.69116,36.42246,1.34898,15.71243987,0,0.000151388,0,0.026719536,0.019061904,0,0.019479093,0,532.445661,0.000911136,0.193888886,110.7947694,24.2113,0.4618,0.737,0.25,233.5594,23.41034988,36.1314,0.0162,0,,0,0.09711,0.213,0,1.4519,0.2096,0,40.09585278
18,9,18009,0,0,0,0,0,0,18.57890901,0,0,2.97971333,0,0.133647383,0,0.20698494,0.04851385,0,0,0.055870277,70.00055726,1.50121,11.7486,34.26675,19.90735,8.4851,26.43435,0.97905,0.83460997,0,8.04E-06,0,0.002815488,0,7.62E-05,0.038958185,0,778.0509713,0.000661275,0.14071885,54.63383843,0,0.3351,0.0273,0.0045,,16.99054326,26.2231,0.0082,0.0193,,0,0,0,0,0,0,0,5.526621443
18,10,18010,0,0,0,0,0,0,12.60238407,0,1.710295653,2.021189285,0,0.133647383,0,0.620954819,0.339596947,0,0,0,67.30220577,1.443342,11.29572,32.94585,19.13997,8.15802,25.41537,0.94131,0,0,2.87E-05,0,0.013414973,0.203894291,0.000101643,0.029218639,0,933.2827555,0.000635785,0.13529448,85.46100067,14.3124,0.3222,0.0273,18.9181,,16.33559908,25.2123,0.0128,0.0431,,0,0,0,0,3.8055,0.5495,0,76.18169187
18,11,18011,4.990312072,1.815422094,1.260101119,0.029922853,0.068178108,0.132017923,8.580487576,0.26753701,4.153575156,1.376151484,0,0,0,2.483819275,0.727707744,0,0,0.078218387,43.46748255,0.93219,7.2954,21.27825,12.36165,5.2689,16.41465,0.60795,0,0,0.000115027,0,0.019984446,0.007828996,2.54E-05,0,0,627.5926338,0.000410625,0.087380649,55.34288347,7.4724,0.2081,1.8834,6.5897,,10.55043234,16.2835,0.0079,0,,0,0,0,0,0.8567,0.1237,0,18.31496641
18,12,18012,0,0,0,0,0,0,17.7042956,2.407833091,2.931935405,2.839441519,0,0.801884297,0,7.658442765,0.460881571,0,0,0.100566498,77.22476063,1.656138,12.96108,37.80315,21.96183,9.36078,29.16243,1.08009,13.71663342,0,0.000132159,0,0.03897519,0.122200418,2.54E-05,0.029218639,0,1184.781715,0.00072952,0.155241328,107.8380308,17.2086,0.3697,1.6651,22.1919,10.6708,18.74400273,28.9294,0.0154,0,,0,0,0,0.4,0,0,0,59.92742694
18,13,18013,0,0,0,0,0,0,6.917396934,0.26753701,0.732983851,1.10942251,0,0,0,0.620954819,0.169798473,0,0,0.044696221,14.71438097,0.31556,2.4696,7.203,4.1846,1.7836,5.5566,0.2058,0,0,1.68E-05,0,0.002042609,0.027571682,0,0,0,79.78368506,0.000139003,0.029579633,19.88281578,1.2169,0.0704,0.0546,1.1698,60.3541,3.571476231,5.5122,0.003,0,,0,0,0,0,1.8847,0.2721,0,23.08328398
18,14,18014,0,0,0,0,0,0,13.2782217,0.80261103,1.954623603,2.129581139,0,0,0,1.862864456,0.266826173,0,0,0,44.39839236,0.952154,7.45164,21.73395,12.62639,5.38174,16.76619,0.62097,0,0,3.32E-05,0,0.008832904,0.070801356,0,0.009739546,0,549.1400474,0.000419419,0.089252014,53.13182791,14.3265,0.2126,0.3548,0.2911,363.1199,10.77638287,16.6322,0.0079,0,,0,0,0,0,0,0,0,62.63504303
18,15,18015,4.277410348,1.556076081,1.080086673,0.02564816,0.058438378,0.11315822,21.56717147,6.420888244,12.94938137,3.458975353,0,1.102590908,0,2.690804215,1.746498585,0.097027699,0.011174055,0.268177328,173.3508514,3.717628,29.09448,84.8589,49.29898,21.01268,65.46258,2.42454,24.23997652,0,0.00023355,0,0.061499096,0.317584931,7.62E-05,0.019479093,0,1023.584826,0.001637596,0.348479117,234.9348172,49.3926,0.8299,2.2929,43.8328,81.6647,42.07573849,64.9395,0.0345,0.0347,,0,0,0,0,3.1923,0.4609,0,222.3672554
18,16,18016,2.851606898,1.037384054,0.720057782,0.017098773,0.038958919,0.075438813,14.31185573,1.070148041,12.46072547,2.295356916,0,0.167059229,0,0.620954819,1.16433239,0,0,0.100566498,76.88156807,1.648778,12.90348,37.63515,21.86423,9.31918,29.03283,1.07529,0,0,0.000108034,0,0.028375705,0.172918697,0,0,0,486.0875089,0.000726278,0.154551424,103.9520754,21.2384,0.3681,1.1464,44.5317,,18.660703,28.8008,0.0152,0.0154,,0,0,0,0,0,0,0,145.8599641
18,17,18017,175.3738243,63.7991193,44.2835536,1.051574558,2.395973493,4.639487012,20.52028573,109.6901742,141.2215553,3.291074245,0,8.419785116,0.030727549,90.86638848,19.33276905,0.145541549,0,3.329868485,758.6035571,16.268774,127.32084,371.35245,215.73809,91.95394,286.47189,10.61007,356.5236068,0,0.003435077,0,0.456992387,0.054122191,0.000127053,0.038958185,0,1674.320182,0.007166313,1.524985287,940.0329011,276.1958,3.6318,20.6631,4.2669,264.3601,184.1283421,284.1829,0.1303,0.1422,,1.679224481,0,0,0,5.2574,0.7591,0,55.81030817
18,18,18018,2.851606898,1.037384054,0.720057782,0.017098773,0.038958919,0.075438813,2.259417964,3.477981132,7.085510561,0.362368846,0,0.300706611,0.010974125,1.034924698,1.237103164,0,0,0.245829217,57.49118849,1.232938,9.64908,28.14315,16.34983,6.96878,21.71043,0.80409,17.20022286,0,0.000165723,0,0.037760666,0.087480522,0,0,0,140.3715231,0.000543103,0.11557185,85.14682984,21.7644,0.2752,2.1291,18.8579,,13.95426785,21.537,0.012,0.0146,,0,0,0,0,0,0,0,98.39528271
18,19,18019,0,0,0,0,0,0,10.77364695,0,0,1.727893679,0,0,0,0,0,0,0,0,24.63050097,0.528218,4.13388,12.05715,7.00463,2.98558,9.30123,0.34449,0,0,0,0,0.000165617,0.02995442,0,0,0,855.3902973,0.000232677,0.049513545,24.2201165,0,0.1179,0,,,5.978318012,9.2269,0.0037,0.01,,0,0,0,0,0,0,0,9.318140806
18,20,18020,7.129017246,2.593460134,1.800144455,0.042746933,0.097397296,0.188597033,8.235942901,43.07345863,14.90400497,1.320892892,0,0.167059229,0,9.728292161,4.050906439,0,0,1.061535255,200.7354727,4.30491,33.6906,98.26425,57.08685,24.3321,75.80385,2.80755,35.5616422,0,0.000342634,0,0.709392628,0.064674316,0,0,0,538.0832026,0.001896291,0.403529142,360.1782723,108.2709,0.961,2.8661,3.534,,48.72253689,75.1982,0.0323,0.0285,,0,0,0,0,0,0,0,44.43146588
19,1,19001,0,0,0,0,0,0,0.392549874,0,0,0.066326739,0,0,0,0,0,0,0,0,5.971550526,0.128064,1.00224,2.9232,1.69824,0.72384,2.25504,0.08352,0,0,0,0,0.000165617,0,0,0,0.355548791,0.439969201,5.64E-05,0.012004329,5.053919333,2.9683,0.0286,0,0.0048,,3.025696626,0,0,0,,0,0,0,0,0.5431,0.0784,1.052614432,0.005133592
19,2,19002,0,0,0,0,0,0,7.312643363,0,0.24432795,1.235572398,0,0,0,0,0.097027699,0,0.502832489,0,7.230638227,0.155066,1.21356,3.53955,2.05631,0.87646,2.73051,0.10113,0,0.00075479,2.45E-05,0,0.001214524,0.023486988,0,0,0.430515436,1.255905625,6.83E-05,0.014535414,8.623100476,2.503,0.0346,0.0819,0.6184,,3.663657805,0,0,0,,0,0,0,0,0,0,0.130173631,10.71233961
19,3,19003,0,0,0,0,0,0,1.408693261,0,0,0.238018241,0,0,0,0,0.04851385,0,0,0,3.393316427,0.072772,0.56952,1.6611,0.96502,0.41132,1.28142,0.04746,0,2.16E-05,6.99E-07,0,0.000110411,0.011232908,0,0,0.202039579,2.840456403,3.21E-05,0.006821425,4.116775434,2.8135,0.0162,0,0.07,,1.719343413,0,0,0,,0,0,0,0,1.7649,0.2548,0,2.905613031
19,4,19004,19.24834656,7.002342362,4.86039003,0.11541672,0.2629727,0.509211989,2.880643131,2.675370101,17.10295653,0.486724562,0,0.133647383,0.046091324,1.034924698,2.086095532,0.363853872,0,0.089392443,65.62699709,1.407416,11.01456,32.1258,18.66356,7.95496,24.78276,0.91788,19.2323167,0.005714839,0.000185302,0,0.019763623,0.028933247,0,0,3.907460778,47.81795586,0.00061996,0.131926886,63.34925833,54.6753,0.3142,1.4194,0.9155,,33.25223203,0,0,0,,0,0,0,0,0,0,0.021196443,1.939031008
19,5,19005,0.712901725,0.259346013,0.180014446,0.004274693,0.00973973,0.018859703,9.754079263,1.337685051,2.931935405,1.648086814,0,0.100235537,1.38493455,0.827939758,0.824735443,0,0,2.447118115,38.32388407,0.821882,6.43212,18.76035,10.89887,4.64542,14.47227,0.53601,0,0.010966021,0.00035557,0,0.01015784,0.080672699,0,0,2.281821209,21.67816388,0.000362035,0.077040714,38.1213396,22.7247,0.1835,1.1191,1.7635,,19.41814714,0,0,0,,0,0,0,0,5.6185,0.8113,0,17.22224754
19,6,19006,80.55789488,29.30609952,20.34163235,0.483040346,1.10058945,2.131146473,3.572876794,24.88094194,24.18846709,0.603687029,50.1511804,51.45424238,24.81688582,56.71387345,162.7154515,86.93681843,186.6290719,6.838521855,1048.217323,22.47974,175.9284,513.1245,298.1009,127.0594,395.8389,14.6607,2459.668156,0.730884775,0.023698711,0,0.154189386,0.012594472,0,0,62.41132852,34.18357308,0.009902212,2.107182308,779.8978702,300.4544,5.0183,8.4072,,,531.1162659,0,0.0209,0,,0,133.79418,33.473,0,1.6605,0.2398,1.438029993,2.452390201
19,7,19007,0,0,0,0,0,0,16.70243634,0,1.954623603,2.822107998,0,0.066823691,0,3.725728913,0.194055398,0,0,0.111740553,30.9430991,0.663596,5.19336,15.1473,8.79986,3.75076,11.68506,0.43278,0,0.001089054,3.53E-05,0,0.003643573,0.015317601,0,0,1.842365969,864.6765139,0.000292311,0.062203466,27.22568101,0,0.1481,0.9554,2.352,,15.67841219,0,0,0,,0,0,0,0,0,0,0,4.697023936
19,8,19008,0,0,0,0,0,0,0.735750621,0,0,0.12431526,0,0,0,0.20698494,0.024256925,0,0,0.089392443,7.067621761,0.15157,1.1862,3.45975,2.00995,0.8567,2.66895,0.09885,0,0.000700876,2.27E-05,0,0.001987403,0.007488605,0,0,0.420809363,4.440000631,6.68E-05,0.01420771,7.278381948,2.2553,0.0338,1.2283,0.4241,,3.581059764,0,0,0,,0,0,0,0,2.1096,0.3046,0,0.821448045
19,9,19009,12.47578018,4.538555235,3.150252797,0.074807133,0.170445269,0.330044808,15.54901266,8.026110304,15.14833292,2.627221088,12.19532368,50.18459224,0.081208524,11.59115662,17.0283612,0.994533916,0,0.391091936,158.2139146,3.393006,26.55396,77.44905,44.99421,19.17786,59.74641,2.21283,241.4562931,0.071748186,0.002326413,0,0.053659894,0.181768867,0,0,9.420127285,77.31364061,0.001494602,0.31805004,155.7187581,78.8104,0.7574,1.747,3.5942,,80.16465836,0,0,0,,0,0,0,0,4.6473,0.671,0.370302777,23.723047
19,10,19010,1.069352587,0.38901902,0.270021668,0.00641204,0.014609594,0.028289555,0.737993763,0.53507402,0,0.12469427,9.990141864,0,0,0.620954819,7.810729781,0,2.79351383,0.603398987,15.55091283,0.3335,2.61,7.6125,4.4225,1.885,5.8725,0.2175,111.5837243,0.033156849,0.0010751,0,0.002484254,0.002723129,0,0,0.925908309,19.53176681,0.000146905,0.031261273,13.8800289,4.2417,0.0745,0.0819,0.0872,,7.879418298,0,0,0,,0,0,0,0,1.2636,0.1825,0.015628387,0.258879707
19,11,19011,1.069352587,0.38901902,0.270021668,0.00641204,0.014609594,0.028289555,2.58409974,0.26753701,0.732983851,0.436619449,0,0,0,0,0.776221593,0,0,0.044696221,16.53973639,0.354706,2.77596,8.09655,4.70371,2.00486,6.24591,0.23133,0,0.000668528,2.17E-05,0,0.006127827,0.019402295,0,0,0.984783307,4.364900454,0.000156246,0.033249059,18.7527572,15.6527,0.0792,0.3003,0.7685,,8.38044062,0,0,0.0385,,0,0,0,0,0,0,5.226316701,3.601581422
19,12,19012,0,0,0,0,0,0,1.857321688,0,0.732983851,0.313820229,0,0,1.854627091,0.413969879,2.449949403,0.436624646,5.810508766,0.078218387,34.12406513,0.731814,5.72724,16.70445,9.70449,4.13634,12.88629,0.47727,80.95716709,0.024056237,0.000780016,0,0.006624678,0.009190561,0,0,2.03176211,9.145610621,0.00032236,0.068598014,27.65779015,32.9391,0.1634,0.1638,0.0084,,17.29016079,0,0,0,,0,0,0,0,0,0,0.022607175,0.140807093
19,13,19013,1.782254312,0.648365034,0.450036114,0.010686733,0.024349324,0.047149258,16.11966802,0,1.465967702,2.723641216,0,0.033411846,0,3.518743973,1.11581854,0,0,0,22.37615484,0.479872,3.75552,10.9536,6.36352,2.71232,8.44992,0.31296,0,0.003806298,0.000123418,0,0.007894408,0.051399062,0,0,1.332286274,9.379462405,0.000211381,0.044981739,23.75340833,18.9638,0.1071,0.3548,0.538,,11.33766782,0,0,0,,0,0,0,0,0,0,0.001324039,21.59775461
19,14,19014,0.356450862,0.129673007,0.090007223,0.002137347,0.004869865,0.009429852,33.06615822,1.337685051,2.198951553,5.586985496,0,0,1.433220699,3.311759033,0.679193894,0,0,0.078218387,70.17000859,1.504844,11.77704,34.3497,19.95554,8.50564,26.49834,0.98142,29.90080936,0.008884957,0.000288092,0,0.007783997,0.042208501,0.000431982,0.009739546,4.177953715,1518.533521,0.000662876,0.14105949,58.00406076,0,0.3359,0.9827,,,35.55410899,0,0,0.0393,,0,0,0,0,0,0,0.041696213,20.18308335
19,15,19015,0,0,0,0,0,0,2.732147121,0,0,0.461634104,0,0,0,0,0,0,0,0,3.320388008,0.071208,0.55728,1.6254,0.94428,0.40248,1.25388,0.04644,0,1.08E-05,3.50E-07,0,0,0.020423468,0,0,0.197697388,7.992896876,3.14E-05,0.006674821,3.81666859,0,0.0159,0,0.5785,,1.682391659,0,0,0,,0,0,0,0,2.12,0.3061,0,6.334119068
19,16,19016,0,0,0,0,0,0,4.03316956,0,0,0.681459868,4.477187324,0,0,0,0.145541549,0,0.145262719,0,6.709414528,0.143888,1.12608,3.2844,1.90808,0.81328,2.53368,0.09384,0,0.002480024,8.04E-05,0,0.003091517,0.02110425,0,0,0.399481544,6.655311379,6.34E-05,0.013487623,7.144692228,0,0.0321,0.0273,0.1076,,3.399561439,0,0,0,,0,0,0,0,0,0,0,2.547728337
19,17,19017,0.712901725,0.259346013,0.180014446,0.004274693,0.00973973,0.018859703,45.93551328,0,1.710295653,7.761441312,0,0,0.002194825,0.827939758,0.436624646,0,0.055870277,0.022348111,83.20489097,1.784386,13.96476,40.73055,23.66251,10.08566,31.42071,1.16373,0,0.000959662,3.11E-05,0,0.005354948,0.081013091,0.000431982,0,4.954056446,1337.711506,0.000786013,0.167262905,70.52366436,39.6341,0.3983,0.4094,32.2991,,42.15869175,0,0,0.0347,,0,0,0,0,0,0,2.603150844,20.85026696
19,18,19018,2.138705174,0.77803804,0.540043337,0.01282408,0.029219189,0.05657911,7.479533137,0.80261103,1.221639752,1.263770737,21.48381679,0,2.677686451,0.620954819,6.331057369,15.18483492,7.598357616,0.178784885,138.1049756,2.961756,23.17896,67.6053,39.27546,16.74036,52.15266,1.93158,349.193554,0.103762067,0.003364453,0,0.020205269,0.005105867,0,0,8.222832057,129.299812,0.001304639,0.27762598,97.9889459,36.165,0.6612,1.4194,0.1419,,69.97575538,0,0.0118,0,,0,0,0,0,5.1799,0.7479,10.87731514,0.511159082
19,19,19019,58.81439228,21.39604611,14.85119176,0.352662199,0.803527696,1.555925522,0,66.08164151,32.0069615,0,4.076245175,10.8922617,0.691369862,5.381608429,16.9313335,30.78203755,0.201132996,1.519671523,257.9349475,5.531592,43.29072,126.2646,73.35372,31.26552,97.40412,3.60756,389.9442929,0.115871056,0.003757083,0,0.32897048,0.000340391,0,0,15.35756221,4.609867917,0.002436638,0.518514573,284.903909,88.166,1.2349,5.3227,,,130.6918357,0,0.0078,0,,0,0,0,0,0,0,9.869540739,0
19,20,19020,1.069352587,0.38901902,0.270021668,0.00641204,0.014609594,0.028289555,6.344503217,0,1.710295653,1.071991709,0,0,0,2.690804215,0.679193894,0,0,0.033522166,11.26529575,0.241592,1.89072,5.5146,3.20372,1.36552,4.25412,0.15756,3.91903812,0.001164533,3.78E-05,0,0.006900707,0.034379505,0,0,0.670740751,10.15875931,0.00010642,0.022646098,12.79604121,0,0.0539,0.5459,0.4832,,5.707959297,0,0,0,,0,0,0,0,0,0,0,15.73885948
19,21,19021,58.81439228,21.39604611,14.85119176,0.352662199,0.803527696,1.555925522,2.254806475,6.688425254,55.21811679,0.38098079,33.24478647,42.16574927,6.285978685,43.46683731,59.93886115,1.989067832,29.44363576,18.10196962,715.9833312,15.354754,120.16764,350.48895,203.61739,86.78774,270.37719,10.01397,643.8834482,0.191328496,0.006203767,0,0.110908155,0.001701956,0,0,42.62996797,4914.109351,0.006763691,1.439307838,542.5334274,0,3.4278,3.8215,0.0315,,362.7781998,0,0.0222,0,,0,0,0,0,2.1096,0.3046,7.726925566,0.156941239
19,22,19022,0.712901725,0.259346013,0.180014446,0.004274693,0.00973973,0.018859703,12.09053611,0,3.909247206,2.042863566,0,0,0,0,0.654936969,0,0,0.011174055,29.00835105,0.622104,4.86864,14.2002,8.24964,3.51624,10.95444,0.40572,5.33424633,0.001585059,5.14E-05,0,0.006017416,0.172578306,0,0,1.727170204,43.22683216,0.000274034,0.058314133,30.93753245,0,0.1389,0.4367,7.1542,,14.69810387,0,0,0,,0,0,0,0,0,0,0,30.57274004
19,23,19023,0,0,0,0,0,0,1.586798747,0,0,0.26811163,0,0,0,0,0,0,0,0,3.058703682,0.065596,0.51336,1.4973,0.86986,0.37076,1.15506,0.04278,0,6.47E-05,2.10E-06,0,0.00038644,0.007828996,0,0,0.182116586,0.257172069,2.89E-05,0.006148769,3.511991746,0,0.0146,0.0546,0.3266,,1.549800068,0,0,0,,0,0,0,0,0,0,0.000185208,2.55652878
19,24,19024,0,0,0,0,0,0,6.316688254,0,0.732983851,1.067291985,0,0,0,3.725728913,0.145541549,0,0,0.044696221,12.61232654,0.27048,2.1168,6.174,3.5868,1.5288,4.7628,0.1764,0,0.000657746,2.13E-05,0,0.001821787,0.001021173,0,0,0.750943567,429.4500574,0.000119145,0.025353971,10.03375941,0,0.0604,0.5186,0.8512,,6.390479944,0,0,0,,0,0,0,0,0,0,0,1.472240828
19,25,19025,1.425803449,0.518692027,0.360028891,0.008549387,0.019479459,0.037719407,1.336912713,2.407833091,0.732983851,0.225889923,22.41934846,4.844717627,1.066684931,20.69849396,73.7895652,32.96516078,12.62668251,2.849384106,16.13219523,0.345966,2.70756,7.89705,4.58781,1.95546,6.09201,0.22563,306.3381464,0.091027681,0.002951544,0,0.00723194,0.014636819,0,0,0.960518124,10.27072206,0.000152396,0.032429798,15.96945661,0,0.0772,0.737,,,8.17394552,0,0,0,,0,0,0,0,0,0,0,2.05123666
19,26,19026,352.173452,128.1169306,88.9271361,2.111698502,4.811426446,9.316693431,1.126057352,59.92829027,119.4763677,0.190262989,35.85091044,51.72153714,16.10562556,85.89874993,120.0960346,106.1725598,65.21178684,14.62683841,1508.923304,32.359896,253.25136,738.6498,429.12036,182.90376,569.81556,21.10428,1630.138421,0.484391908,0.015706256,0,0.386991621,0.000340391,0,0,89.84196882,87.50593861,0.01425437,3.033318016,1275.16136,517.2909,7.224,16.7598,,,764.5491954,0,0,0.1401,,0,0,0,0,1.6605,0.2398,3.828095158,0.526559858
19,27,19027,0,0,0,0,0,0,2.207251862,0,0,0.372945779,0,0,0,0,0.024256925,0,0,0,3.783697963,0.081144,0.63504,1.8522,1.07604,0.45864,1.42884,0.05292,0,0.000215654,6.99E-06,0,0.001380141,0.011573299,0,0,0.22528307,2.758229253,3.57E-05,0.007606191,4.711906977,2.2444,0.0181,0.4094,0.3343,,1.917143983,0,0,0,,0,0,0,0,2.3498,0.3393,0,0.706235575
19,28,19028,0,0,0,0,0,0,0.403765584,0,0.24432795,0.068221789,0,0,0,0.620954819,0.04851385,0,0,0,3.170241263,0.067988,0.53208,1.5519,0.90158,0.38428,1.19718,0.04434,0,0.000377395,1.22E-05,0,0.000662468,0.003403911,0,0,0.188757584,1.709466653,2.99E-05,0.006372988,3.11444994,0,0.0152,0.2184,,,1.606314516,0,0,0,,0,0,0,0,0,0,0,0.517759414
19,29,19029,0,0,0,0,0,0,3.158344127,0,0.488655901,0.533645993,0,0.46776584,0,3.311759033,0.679193894,0,0,0.089392443,14.03872062,0.30107,2.3562,6.87225,3.99245,1.7017,5.30145,0.19635,0,0.0017468,5.66E-05,0,0.003091517,0.016679166,2.54E-05,0,0.835871708,59.38169216,0.00013262,0.028221384,13.79299108,5.7515,0.0672,0.1092,0.662,,7.113212795,0,0,0,,0,0,0,0,0,0,0,3.054120512
19,30,19030,0,0,0,0,0,0,2.705229416,0,0,0.457085985,0,0,0,0.620954819,0.097027699,0,0,0.257003272,7.640324344,0.163852,1.28232,3.7401,2.17282,0.92612,2.88522,0.10686,0,0.000571484,1.85E-05,0,0.000662468,0.001361565,0,0,0.454908331,189.054362,7.22E-05,0.015358987,6.702992147,0,0.0366,0,0.1824,,3.871239721,0,0,0,,0,0,0,0,0,0,0,0.140807093
19,31,19031,4.63386121,1.685749087,1.170093896,0.027785507,0.063308243,0.122588071,2.642421436,1.872759071,10.50610187,0.446473707,0.434353994,2.940242422,1.018398781,15.52387047,14.43287025,0.363853872,0.089392443,3.028168991,396.7263083,8.508068,66.58488,194.2059,112.82438,48.08908,149.81598,5.54874,177.989648,0.052889217,0.001714916,0,0.063928145,0.013956037,0,0,23.62126195,222.3853072,0.003747761,0.797520361,272.8054258,44.4492,1.8993,3.8488,0.009,,201.0153724,0,0,0,,0,0,0,0,0.9399,0.1357,0.077365639,0.45248946
19,32,19032,17.10964139,6.224304322,4.320346693,0.10259264,0.233753512,0.452632879,7.859970044,0,0.488655901,1.328050823,0,0,0,0.413969879,0.315340022,0,0.458136268,0.033522166,9.120342255,0.195592,1.53072,4.4646,2.59372,1.10552,3.44412,0.12756,0,0.001024358,3.32E-05,0,0.002870694,0.007828996,0,0,0.54302926,8.551442909,8.62E-05,0.018334198,9.602515351,5.1167,0.0437,0.6551,0.015,,4.62114298,0,0,0,,0,0,0,0,7.8743,1.137,5.083057827,0.675067338
19,33,19033,0.712901725,0.259346013,0.180014446,0.004274693,0.00973973,0.018859703,20.55166825,6.420888244,14.17102112,3.472489052,0.668236914,0.70164876,4.11968645,14.07497589,3.638538718,7.640931307,0.279351383,5.240631944,153.954037,3.30165,25.839,75.36375,43.78275,18.6615,58.13775,2.15325,214.748774,0.063812108,0.002069088,0,0.032295306,0.074205268,0.000177875,0.009739546,9.166492264,713.1766906,0.00145436,0.309486607,139.2825754,62.3213,0.7371,3.2482,2.6703,,78.00624115,0,0.0026,0.0185,,0,0,0,0,3.3523,0.484,11.34129747,26.06324622
19,34,19034,0,0,0,0,0,0,1.576031665,0,0,0.266292382,0,0,0,0.827939758,0.072770774,0,0,0,12.44716512,0.266938,2.08908,6.09315,3.53983,1.50878,4.70043,0.17409,0,0.000894965,2.90E-05,0,0.00165617,0.005786649,0,0,0.741109782,2.76118568,0.000117585,0.025021954,10.64954701,4.7436,0.0596,0.4094,0.0192,,6.306795087,0,0,0,,0,0,0,0,0,0,0,1.529077024
19,35,19035,0,0,0,0,0,0,0.412738153,0,0,0.069737829,0,0,0,0,0,0,0,0,2.168547982,0.046506,0.36396,1.06155,0.61671,0.26286,0.81891,0.03033,0,4.31E-05,1.40E-06,0,0.000276028,0.000340391,0,0,0.129116317,0.940413523,2.05E-05,0.004359331,2.560214249,0,0.0104,0.1092,0.0384,,1.098771296,0,0,0,,0,0,0,0,0,0,0,0.214877491
19,36,19036,0,0,0,0,0,0,4.930426414,0,0,0.833063844,0,0,0,0.20698494,0.097027699,0,0,0,14.8881222,0.319286,2.49876,7.28805,4.23401,1.80466,5.62221,0.20823,0,7.55E-05,2.45E-06,0,0.000441645,0.007828996,0,0,0.886445459,372.4025583,0.000140644,0.029928896,10.87288167,2.2464,0.0713,0,,,7.543592056,0,0,0,,0,0,0,0,0,0,0,3.300166239
19,37,19037,0,0,0,0,0,0,11.79892763,0,0.24432795,1.993592274,0,0,0,0,0,0,0,0,11.96884049,0.25668,2.0088,5.859,3.4038,1.4508,4.5198,0.1674,1.4514956,0.000431309,1.40E-05,0,0.00088329,0.009871343,0.000304928,0,0.71263012,43.94220971,0.000113066,0.024060401,10.23877114,1.9967,0.0573,0.0273,0.1191,,6.064435049,0,0,0,,0,0,0,0,2.2871,0.3302,1.21491307,0.38538608
19,38,19038,23.16930605,8.428745436,5.85046948,0.138927533,0.316541214,0.612940357,12.80385531,5.885814223,14.41534907,2.163388726,0,0.568001377,0,8.279397584,2.862317125,0.121284624,0,0.5251806,116.4859894,2.498122,19.55052,57.02235,33.12727,14.11982,43.98867,1.62921,83.75129612,0.024886506,0.000806937,0,0.034448327,0.178705347,2.54E-05,0.009739546,6.93562794,222.3128475,0.00110041,0.234166342,113.8943792,46.215,0.5577,1.9107,3.7074,,59.02173373,0,0,0.03,,0,0,0,0,5.8483,0.8444,0.220151675,14.84048089
19,39,19039,1859.247698,676.374403,469.477674,11.14840019,25.40121492,49.18610621,0.291608478,326.9302264,531.1689641,0.049271292,90.21198339,59.90743934,5.210514455,313.7891684,273.812167,91.98225879,36.88555661,53.25554765,2448.230613,52.503986,410.90076,1198.46055,696.24851,296.76166,924.52671,34.24173,2836.585276,0.842884836,0.027330278,0,1.85805663,0.012594472,0,0,145.7687464,127.9995104,0.02312774,4.921563612,2393.509565,1293.4148,11.7209,48.6962,,,1240.482363,0,0.0927,0.0785,,8.969999592,0,0,0,2.9659,0.4283,68.03961641,0
19,40,19040,0,0,0,0,0,0,2.83533166,0,0,0.479068562,0,0,0,0,0.024256925,0,0,0,1.943327865,0.041676,0.32616,0.9513,0.55266,0.23556,0.73386,0.02718,0,1.08E-05,3.50E-07,0,0.000496851,0.013275254,0,0,0.115706611,0.651664863,1.84E-05,0.003906581,2.445177957,12.4437,0.0093,0,,,0.984655583,0,0,0,,0,0,0,0,0,0,0.031524734,0.416921002
19,41,19041,0,0,0,0,0,0,3.552688515,0,0.488655901,0.60027594,8.453196962,0,0,2.483819275,2.595490952,0.630680044,0,0,27.7835826,0.595838,4.66308,13.60065,7.90133,3.36778,10.49193,0.38859,46.48414659,0.013812658,0.000447871,0,0.00215302,0.051399062,0,0,1.654246942,44.99616384,0.000262464,0.055852038,24.06483245,1.529,0.133,0,0.6917,,14.07753175,0,0,0,,0,0,0,0,3.0912,0.4463,0,9.535280321
19,42,19042,0,0,0,0,0,0,8.295139618,0,0,1.401578751,0,0,0,0.413969879,0,0,0,0.279351383,12.65308066,0.271354,2.12364,6.19395,3.59839,1.53374,4.77819,0.17697,0,0.000366612,1.19E-05,0,0.000772879,0.079651526,0,0,0.753370085,31.87494144,0.00011953,0.025435897,13.84840441,3.8092,0.0606,0.0273,2.5597,,6.411129454,0,0,0,,0,0,0,0,3.7805,0.5459,0,12.4716949
19,43,19043,0,0,0,0,0,0,3.557623427,0,0,0.601109762,0,0,0,0,0,0,0,0,5.523255246,0.11845,0.927,2.70375,1.57075,0.6695,2.08575,0.07725,0,0.000194089,6.29E-06,0,0.001214524,0.011232908,0,0.009739546,0.328857089,140.6180423,5.22E-05,0.011103142,5.71769627,1.1858,0.0264,0.2457,0.6759,,2.798552016,0,0,0,,0,0,0,0,0,0,0,1.551078132
19,44,19044,13.18868191,4.797901248,3.330267242,0.079081826,0.180184998,0.348904511,6.128264315,1.337685051,9.773118015,1.035455151,0,1.136002754,1.790977167,7.037487946,1.819269359,0.169798473,0,0.18995894,68.17520184,1.462064,11.44224,33.3732,19.38824,8.26384,25.74504,0.95352,84.5496187,0.025123726,0.000814629,0,0.02627789,0.034379505,2.54E-05,0.009739546,4.059182029,11.24065502,0.000644032,0.137049423,70.60262243,43.4021,0.3264,6.1689,0.0514,,34.54336982,0,0,0.0339,,0,0,0,0,0,0,0.731653138,2.214338209
19,45,19045,0,0,0,0,0,0,9.120615924,0.53507402,0.977311802,1.541054408,8.219314042,0.267294766,0.873540334,0.620954819,2.862317125,0,0,0.245829217,70.27725626,1.507144,11.79504,34.4022,19.98604,8.51864,26.53884,0.98292,52.32641638,0.015548675,0.000504161,0,0.005354948,0.027571682,2.54E-05,0,4.18433929,49.75083127,0.000663889,0.141275085,53.38589632,0,0.3365,0.464,0.2986,,35.60844981,0,0,0,,0,0,0,0,5.0024,0.7223,0.037435622,2.176276292
19,46,19046,180.0076855,65.48486839,45.4536475,1.079360064,2.459281736,4.762075084,0.111708478,65.54656749,86.49209443,0.018874695,226.3652546,27.63159639,11.0794764,116.1185511,234.6372335,21.15203841,29.24250277,15.09614874,1006.723197,21.58987,168.9642,492.81225,286.30045,122.0297,380.16945,14.08035,1772.493852,0.5266925,0.01707784,0,0.370043485,0,0,0,59.94074973,13.0939595,0.009510228,2.023768607,928.6357775,394.8873,4.8197,37.7232,,,510.0918043,0,0,0.2266,,0,0,0,0,0,0,6.518350664,0
19,47,19047,0,0,0,0,0,0,0.076266833,0,0.977311802,0.012886338,0.735060605,0,0,8.900352402,0.921763142,0,0,0,34.74181174,0.745062,5.83092,17.00685,9.88017,4.21122,13.11957,0.48591,0,0.002426111,7.87E-05,0,0.003919601,0.001021173,0,0,2.068543019,10.32093273,0.000328196,0.069839841,29.61462847,14.8101,0.1663,0.4094,0.0029,,17.60316389,0,0,0,,0,0,0,0,0.7206,0.104,0.261204473,0.011733924
19,48,19048,195.3350725,71.06080768,49.32395808,1.171265971,2.668685923,5.167558705,0.982496255,12.30670247,16.12564473,0.166006353,44.37093109,9.956730019,11.93106848,16.76578011,73.37719748,216.9054214,11.63219159,5.911075263,594.8685322,12.757364,99.84024,291.2007,169.17374,72.10684,224.64054,8.32002,1309.503043,0.389115838,0.01261696,0,0.103621009,0.000340391,0,0,35.41873864,79.8836208,0.005619554,1.195836416,463.2993946,173.7175,2.8479,3.0299,1.4902,,301.4111165,0,0.0183,0,,0,0,0,0,1.3994,0.2021,29.8798043,0.206810418
19,49,19049,6.416115521,2.334114121,1.62013001,0.03847224,0.087657567,0.16973733,4.728543622,2.407833091,7.329838511,0.798952949,0,1.470121211,0.006584475,51.95321984,1.795012434,0,0.011174055,2.391247838,83.0418745,1.78089,13.9374,40.65075,23.61615,10.0659,31.35915,1.16145,36.35996478,0.01080428,0.000350325,0,0.070773646,0.003403911,0,0,4.944350373,130.9042552,0.000784473,0.1669352,91.99852304,61.1946,0.3976,3.5212,20.6215,,42.07609371,0,0,0,,0,0,0,0,0,0,0.505466725,0.7179695
19,50,19050,0,0,0,0,0,0,8.187468796,0,0,1.383386274,0,0,0,0,0,0,0,0,3.839466753,0.08234,0.6444,1.8795,1.0919,0.4654,1.4499,0.0537,0,0,0,0,0.000938496,0.023486988,0,0,0.228603569,1.771311192,3.63E-05,0.007718301,4.455150343,3.7453,0.0184,0,0.0011,,1.945401207,0,0,0,,0,0,0,0,0,0,0,2.895565858
19,51,19051,0,0,0,0,0,0,3.091049863,0,0.24432795,0.522275695,0,0,0,0,0.242569248,0,0,0.055870277,8.783584556,0.18837,1.4742,4.29975,2.49795,1.0647,3.31695,0.12285,0,0.000485222,1.57E-05,0,0.00215302,0.012254081,2.54E-05,0,0.522978556,6.104772543,8.30E-05,0.01765723,9.424988504,5.0542,0.0421,0.273,0.138,,4.450512818,0,0,0,,0,0,0,0,2.026,0.2925,0.988731794,0.455899632
20,1,20001,0,0,0,0,0,0,0,0,0,0,0,0,0,0,0,0,0,0,2.207157145,0.047334,0.37044,1.08045,0.62769,0.26754,0.83349,0.03087,0,3.23E-05,1.05E-06,0,0.000165617,0.000340391,0,0,0.001053613,92.16577261,2.09E-05,0.004436945,1.751796227,0,0.0106,0,0.0229,,0.117093453,0.464,0,0,,0,0,0,0,0,0,0,0.000132393
20,2,20002,0.712901725,0.259346013,0.180014446,0.004274693,0.00973973,0.018859703,0,1.872759071,6.35252671,0,0,0.066823691,0,1.862864456,1.067304691,0,0,0.201132996,87.84442538,1.883884,14.74344,43.0017,24.98194,10.64804,33.17274,1.22862,30.62655716,0.009100612,0.000295084,0,0.016451284,0.048675933,7.62E-05,0.068176824,0.041933594,2576.259388,0.000829841,0.176589544,81.17159809,10.9539,0.4206,1.0918,0.4552,466.6552,4.66029667,18.4663,0,0,,0,0,0,0,1.8932,0.2734,0.000341301,15.5017626
20,3,20003,0,0,0,0,0,0,0,0,0.24432795,0,0,0,0,0,0,0,0,0.022348111,4.311356522,0.09246,0.7236,2.1105,1.2261,0.5226,1.6281,0.0603,0,2.16E-05,6.99E-07,0,0.000607262,0,0,0,0.002058078,163.0199527,4.07E-05,0.008666919,4.298144,0,0.0206,0,0.1282,,0.228724821,0.9063,0,0,,0,0,0,0,0,0,0,0.000844575
20,4,20004,0,0,0,0,0,0,0,0,0,0,0,0,0,0,0,0,0,0,1.512192213,0.03243,0.2538,0.74025,0.43005,0.1833,0.57105,0.02115,0,0.000140175,4.55E-06,0,0.000662468,0,2.54E-05,0,0.000721863,47.07993308,1.43E-05,0.003039889,1.467287318,0,0.0072,0,0.015,,0.080224377,0.3179,0,0,,0,0,0,0,0,0,0,0.127676996
20,5,20005,0,0,0,0,0,0,0,1.070148041,0,0,0,0,0,0,0.194055398,0,0,0.145262719,31.80322545,0.682042,5.33772,15.56835,9.04447,3.85502,12.00987,0.44481,9.7975953,0.002911333,9.44E-05,0,0.006072622,0.005446258,7.62E-05,0,0.015181653,432.3331211,0.000300436,0.063932538,30.95987438,0,0.1523,1.1464,0.3728,,1.687215381,6.6855,0,0,,0,0,0,0,0.843,0.1217,0,4.831274707
20,6,20006,1.069352587,0.38901902,0.270021668,0.00641204,0.014609594,0.028289555,16.34529373,3.210444122,5.863870809,1.741460792,0,0.501177686,0,2.276834336,0.800478518,0,0,0.078218387,31.23266782,0.669806,5.24196,15.28905,8.88221,3.78586,11.79441,0.43683,0,0.005434488,0.000176212,0,0.025670628,0.011573299,0.000127053,0,0.01490929,344.4521851,0.000295046,0.062785573,32.17727009,29.2674,0.1495,2.8388,0.4098,,1.656946325,6.5656,0,0.0154,,0,0,0,0,0,0,0.060910351,2.270882301
20,7,20007,0,0,0,0,0,0,0,0,0,0,0,0,0,1.655879517,0.145541549,0,0,0,6.593587039,0.141404,1.10664,3.2277,1.87514,0.79924,2.48994,0.09222,0,0.000496005,1.61E-05,0,5.52E-05,0.001361565,0,0,0.003147528,242.3357968,6.23E-05,0.01325478,6.013175206,0,0.0316,0.1365,0.1174,,0.349801044,1.3861,0,0,,0,0,0,0,0,0,0,0.492488524
20,8,20008,0,0,0,0,0,0,0,0,0,0,0,0,0,0,0,0,0,0,1.462858283,0.031372,0.24552,0.7161,0.41602,0.17732,0.55242,0.02046,0,8.63E-05,2.80E-06,0,5.52E-05,0,0,0,0.000698313,48.73467327,1.38E-05,0.002940716,1.407890526,0,0.007,0.1365,0.0952,,0.077607128,0.3075,0,0,,0,0,0,0,0,0,0,0
20,9,20009,0,0,0,0,0,0,0,0,0.488655901,0,0,0,0,0.20698494,0.194055398,0,0,0.044696221,15.10690746,0.323978,2.53548,7.39515,4.29623,1.83118,5.70483,0.21129,0,0.000334264,1.08E-05,0,0.001876992,0.00306352,0,0,0.007211464,611.8670309,0.000142711,0.03036871,10.55035331,0,0.0723,0.0546,0.4381,,0.80144722,3.1757,0,0,,0,0,0,0,0,0,0,6.41497505
20,10,20010,0,0,0,0,0,0,0,0.53507402,0,0,0,0,0,0.413969879,0,0,0,0.022348111,29.64754719,0.635812,4.97592,14.5131,8.43142,3.59372,11.19582,0.41466,25.87290907,0.007688076,0.000249283,0,0.003367545,0.000680782,2.54E-05,0,0.014152614,342.4673909,0.000280072,0.059599079,28.01513483,13.7532,0.1419,0.2457,0.0587,,1.572852971,6.2324,0,0,,0,0,0,0,0.995,0.1437,3.166492849,1.152856895
20,11,20011,0,0,0,0,0,0,0,0,0,0,0,0,0,0,0,0,0,0,2.13637368,0.045816,0.35856,1.0458,0.60756,0.25896,0.80676,0.02988,0,4.31E-05,1.40E-06,0,0.000110411,0.000340391,0,0,0.001019824,68.57798638,2.02E-05,0.004294652,1.774125139,0,0.0102,0.0546,0.1036,,0.113338269,0.4491,0,0,,0,0,0,0,0,0,0,0.221029424
20,12,20012,0,0,0,0,0,0,0,0,0,0,0,0,0,0.20698494,0.024256925,0,0,0,18.36938172,0.393944,3.08304,8.9922,5.22404,2.22664,6.93684,0.25692,0,8.63E-05,2.80E-06,0,0.000938496,0,0,0,0.008768846,782.3729701,0.00017353,0.03692711,13.03910649,0,0.0879,0.0546,0.2481,,0.974527047,3.8615,0,0,,0,0,0,0,0,0,0,1.2176875
20,13,20013,0,0,0,0,0,0,0.612104909,0,0.732983851,0.0652149,0,0,0,0.413969879,0.121284624,0,0,0.067044332,5.023481082,0.107732,0.84312,2.4591,1.42862,0.60892,1.89702,0.07026,0,0.000614615,1.99E-05,0,0.000772879,0.011573299,0,0,0.002398019,71.51324313,4.75E-05,0.010098469,5.392793928,0,0.024,0.1365,0.2046,,0.266504244,1.056,0,0,,0,0,0,0,0,0,0.000358366,1.589665578
20,14,20014,1.782254312,0.648365034,0.450036114,0.010686733,0.024349324,0.047149258,0,1.337685051,5.130886958,0,0,0.167059229,0,0.827939758,1.188589314,0.04851385,0,0.737487651,53.83618773,1.154554,9.03564,26.35395,15.31039,6.52574,20.33019,0.75297,21.51842227,0.00639415,0.000207328,0,0.041680267,0.001361565,2.54E-05,0,0.025699352,433.6359101,0.000508575,0.108224373,58.10559703,12.0788,0.2577,1.3375,0.3379,,2.856101629,11.3172,0,0.0331,,0,0,0,0,1.9416,0.2803,0.031945806,1.768831014
20,15,20015,0,0,0,0,0,0,0,0,0,0,0,0,0,0,0,0,0,0,9.94614935,0.213302,1.66932,4.86885,2.82857,1.20562,3.75597,0.13911,0,3.23E-05,1.05E-06,0,5.52E-05,0.001021173,0,0,0.004747914,381.6424881,9.40E-05,0.019994279,6.324841129,0,0.0476,0,0.2203,,0.527660196,2.0908,0,0,,0,0,0,0,0,0,0,1.265973524
20,16,20016,0,0,0,0,0,0,0,0,0,0,0,0,0,0.413969879,0.024256925,0,0,0,18.64179081,0.399786,3.12876,9.12555,5.30151,2.25966,7.03971,0.26073,0,0.000215654,6.99E-06,0,0.00088329,0,0,0,0.008898883,699.840243,0.000176104,0.037474721,9.043251602,0,0.0892,0.1638,0.6082,,0.988978814,3.9188,0,0,,0,0,0,0,0,0,0,0.491725459
20,17,20017,0,0,0,0,0,0,0,0,0,0,0,0,0,0,0,0,0,0,6.838111737,0.146648,1.14768,3.3474,1.94468,0.82888,2.58228,0.09564,0,6.47E-05,2.10E-06,0,0,0.001701956,0,0,0.003264255,295.0851288,6.46E-05,0.013746337,6.199716144,0,0.0327,0,0.3839,,0.362773497,1.4375,0,0,,0,0,0,0,0,0,0,2.796063878
20,18,20018,0,0,0,0,0,0,0,0,0,0,0,0,0,0,0,0,0,0,1.718107748,0.036846,0.28836,0.84105,0.48861,0.20826,0.64881,0.02403,0,5.39E-05,1.75E-06,0,0,0.001361565,2.54E-05,0,0.000820159,56.99721502,1.62E-05,0.003453832,1.751824816,0,0.0082,0,0.0764,,0.091148548,0.3612,0,0,,0,0,0,0,0,0,0,0.402533585
20,19,20019,0,0,0,0,0,0,0,0,0,0,0,0,0,0,0,0,0,0.011174055,6.24395962,0.133906,1.04796,3.05655,1.77571,0.75686,2.35791,0.08733,0,4.31E-05,1.40E-06,0,0.000110411,0,0,0,0.002980629,241.8812071,5.90E-05,0.01255194,5.70386452,0,0.0299,0.0273,0.2032,,0.331252713,1.3126,0,0,,0,0,0,0,0,0,0,0.079480574
20,20,20020,0,0,0,0,0,0,0,0,0,0,0,0,0,1.241909638,0.024256925,0,0,0,8.601263509,0.18446,1.4436,4.2105,2.4461,1.0426,3.2481,0.1203,0,0.000291133,9.44E-06,0,0.000441645,0.001361565,5.08E-05,0,0.004105917,242.661584,8.13E-05,0.017290718,5.062679015,0,0.0412,0.1911,0.1202,,0.456311707,1.8081,0,0,,0,0,0,0,0,0,0,0
20,21,20021,0,0,0,0,0,0,0,0.80261103,1.954623603,0,0,0.066823691,0.01316895,1.862864456,0.266826173,0,0,0.178784885,30.53126803,0.654764,5.12424,14.9457,8.68274,3.70084,11.52954,0.42702,15.53100292,0.004615002,0.00014964,0,0.009164138,0.003403911,0,0,0.014574468,561.1518048,0.00028842,0.061375582,28.22179603,11.9318,0.1462,0.9281,0.1997,248.8828,1.619735869,6.4182,0,0,,0,0,0,0,0.4629,0.0668,0.115318557,8.081063839
20,22,20022,0,0,0,0,0,0,0,0,0,0,0,0,0,0,0,0,0,0,2.286520424,0.049036,0.38376,1.1193,0.65026,0.27716,0.86346,0.03198,0,7.55E-05,2.45E-06,0,0.000220823,0,2.54E-05,0,0.001091498,77.53516373,2.16E-05,0.004596485,2.527807705,0,0.0109,0,0.0417,,0.12130381,0.4807,0,0,,0,0,0,0,0,0,0,0.206467485
20,23,20023,0,0,0,0,0,0,0,0,1.954623603,0,0,0.334118457,0,0.827939758,0.55790927,0,0,0.055870277,34.69676771,0.744096,5.82336,16.9848,9.86736,4.20576,13.10256,0.48528,5.91484457,0.001757583,5.70E-05,0,0.007066323,0.003744303,0,0,0.01656292,417.6362218,0.000327771,0.069749291,27.21992834,0,0.1661,0.3276,0.5238,,1.840722736,7.2938,0,0,,0,0,0,0,0,0,0,2.941030258
20,24,20024,0,0,0,0,0,0,0,0,0,0,0,0,0,0,0,0,0,0.011174055,7.886993996,0.169142,1.32372,3.86085,2.24297,0.95602,2.97837,0.11031,0,0.000107827,3.50E-06,0,0.000110411,0,0,0,0.003764952,308.8072879,7.45E-05,0.015854856,6.453028678,0,0.0378,0.0819,0.0398,,0.41841849,1.658,0,0,,0,0,0,0,0,0,0,0.021270288
20,25,20025,0,0,0,0,0,0,0,0,3.420591305,0,0,0.23388292,0,2.690804215,0.388110797,0,0,0.089392443,21.83777152,0.468326,3.66516,10.69005,6.21041,2.64706,8.24661,0.30543,0,0.001455667,4.72E-05,0,0.01104113,0.005786649,0,0,0.010424523,434.9317082,0.000206295,0.043899452,20.81116594,0,0.1045,0.9281,0.111,,1.158531044,4.5906,0,0,,0,0,0,0,0,0,0,2.991395535
20,26,20026,0,0,0,0,0,0,0,1.605222061,0.977311802,0,0,0,0,1.034924698,0.04851385,0,0,0.044696221,15.45010001,0.331338,2.59308,7.56315,4.39383,1.87278,5.83443,0.21609,0,0.000690094,2.24E-05,0,0.008943316,0.003744303,0,0,0.007375291,534.8063855,0.000145953,0.031058614,15.66278321,7.7143,0.074,0.6278,0.448,,0.819654171,3.2479,0,0.0139,,0,0,0,0,0,0,0,1.748472757
20,27,20027,0,0,0,0,0,0,0,0,0,0,0,0,0,0,0.024256925,0,0,0,5.081394826,0.108974,0.85284,2.48745,1.44509,0.61594,1.91889,0.07107,0,3.23E-05,1.05E-06,0,0.000165617,0,0,0,0.002425665,174.2392226,4.80E-05,0.010214891,5.076718719,0,0.0243,0,0.0389,,0.269576667,1.0682,0,0,,0,0,0,0,0,0,0,0.042659738
20,28,20028,1.069352587,0.38901902,0.270021668,0.00641204,0.014609594,0.028289555,22.84616176,0.53507402,5.863870809,2.434076475,0,0.434353994,0.002194825,0.413969879,0.873249292,0,0,0.089392443,34.82331997,0.74681,5.8446,17.04675,9.90335,4.2211,13.15035,0.48705,0,0.003224032,0.000104538,0,0.010378663,0.009190561,5.08E-05,0,0.016623331,1058.616934,0.000328966,0.070003693,31.38506385,9.6276,0.1667,1.2283,0.8799,,1.847436549,7.3204,0,0,,0,0,0,0,0,0,0,5.138363128
20,29,20029,0,0,0,0,0,0,0,0,0,0,0,0,0,0,0.024256925,0,0,0,8.775004742,0.188186,1.47276,4.29555,2.49551,1.06366,3.31371,0.12273,0,0.000183306,5.94E-06,0,0.000552057,0,0,0,0.004188854,303.8215909,8.29E-05,0.017639982,7.033293348,0,0.042,0.1365,0.096,,0.465528976,1.8446,0,0,,0,0,0,0,0,0,0,0.098605959
20,30,20030,1.069352587,0.38901902,0.270021668,0.00641204,0.014609594,0.028289555,0,1.070148041,5.130886958,0,0,0.167059229,0,0.620954819,0.460881571,0,0,0.078218387,18.59031193,0.398682,3.12012,9.10035,5.28687,2.25342,7.02027,0.26001,0,0.001186099,3.85E-05,0,0.010765102,0.001701956,0,0,0.008874309,645.8767456,0.000175617,0.037371235,18.78223997,9.1495,0.089,0.464,0.0604,,0.986247772,3.908,0,0,,0,0,0,0,0.2764,0.0399,0,1.355947382
20,31,20031,0,0,0,0,0,0,0,0.26753701,0,0,0,0,0,0.20698494,0.072770774,0,0,0.022348111,15.06829829,0.32315,2.529,7.37625,4.28525,1.8265,5.69025,0.21075,0,0.00023722,7.69E-06,0,0.002263432,0,0,0,0.007193034,516.884982,0.000142346,0.030291096,12.03681278,0,0.0721,0.1911,0.178,,0.799398938,3.1676,0,0.0123,,0,0,0,0,0,0,0,0.001050013
20,32,20032,0,0,0,0,0,0,0,0,0,0,0,0,0,0,0.024256925,0,0,0,1.655904097,0.035512,0.27792,0.8106,0.47092,0.20072,0.62532,0.02316,0,2.16E-05,6.99E-07,0,0.000220823,0,0,0,0.000790466,60.8762816,1.56E-05,0.003328787,1.644364624,0,0.0079,0.4913,0.0494,,0.087848538,0.3481,0,0,,0,0,0,0,0,0,0,0.275636693
20,33,20033,0,0,0,0,0,0,0,0,0,0,0,0,0,0,0.072770774,0,0,0.011174055,5.328064478,0.114264,0.89424,2.6082,1.51524,0.64584,2.01204,0.07452,0,0.003191684,0.000103489,0,0.000607262,0.000340391,0,0,0.002543416,17.86549976,5.03E-05,0.010710759,4.5501112,0,0.0255,0.0546,0.0661,,0.282662913,1.12,0,0,,0,0,0,0,0.2142,0.0309,0,0.712916855
20,34,20034,0,0,0,0,0,0,0,0,0,0,0,0,0,0,0.024256925,0,0,0,2.273650703,0.04876,0.3816,1.113,0.6466,0.2756,0.8586,0.0318,0,9.70E-05,3.15E-06,0,0.000110411,0,0,0,0.001085355,36.61099355,2.15E-05,0.004570614,2.373595919,0,0.0109,0.1092,0.0922,,0.12062105,0.478,0,0,,0,0,0,0,0,0,0.001331075,0.171622846
20,35,20035,0,0,0,0,0,0,0,0.26753701,0,0,0,0,0,0,0.024256925,0,0,0.011174055,0.943779537,0.02024,0.1584,0.462,0.2684,0.1144,0.3564,0.0132,0,8.63E-05,2.80E-06,0,0.000552057,0,0,0,0.000450525,8.887235911,8.92E-06,0.001897236,0.982710541,0,0.0045,0,0.0185,,0.050069115,0.1984,0,0,,0,0,0,0,0,0,0.031886078,0.000111393
20,36,20036,0,0,0,0,0,0,0,0,0,0,0,0,0,0,0.024256925,0,0,0.055870277,11.36181866,0.243662,1.90692,5.56185,3.23117,1.37722,4.29057,0.15891,0,7.55E-05,2.45E-06,0,0.000165617,0,0,0,0.005423701,364.5177926,0.000107332,0.022840133,9.583796751,0,0.0544,0.0819,0.3355,,0.602763868,2.3884,0,0,,0,0,0,0,0,0,0,4.380185934
20,37,20037,0,0,0,0,0,0,0,0,0,0,0,0,0,0,0.024256925,0,0,0,8.120793927,0.174156,1.36296,3.9753,2.30946,0.98436,3.06666,0.11358,0,0.000140175,4.55E-06,0,0.00088329,0.000680782,0,0,0.003876559,251.2341201,7.67E-05,0.016324853,6.560666379,0,0.0389,0.273,0.2745,,0.430821976,1.7071,0,0,,0,0,0,0,0,0,0,0
20,38,20038,0,0,0,0,0,0,0,0,0,0,0,0,0,0,0.024256925,0.097027699,0,0.055870277,3.993903405,0.085652,0.67032,1.9551,1.13582,0.48412,1.50822,0.05586,0,0.001423318,4.62E-05,0,0.000496851,0,0,0,0.001906538,123.8531464,3.77E-05,0.008028757,3.665173797,0,0.0191,4.613,0.0195,,0.211883391,0.8396,0,0,,0,0,0,0,0,0,0,0.000120523
20,39,20039,14.97093622,5.446266282,3.780303356,0.08976856,0.204534323,0.396053769,16.21188625,10.96901742,21.50085963,1.727247288,0,1.035767217,0.0087793,10.9702018,3.735566417,0,0,0.446962213,119.6798251,2.566616,20.08656,58.5858,34.03556,14.50696,45.19476,1.67388,36.83170085,0.010944456,0.000354871,0,0.086231228,0.004765476,5.08E-05,0,0.057130606,512.3542915,0.001130581,0.240586761,117.373723,51.0504,0.573,0,0.4364,,6.349218952,25.1586,0,0.0308,,0,0,0,0,0,0,0.377661645,1.095005768
20,40,20040,0,0,0,0,0,0,0,0,0,0,0,0,0,0,0,0,0,0.033522166,11.81011394,0.253276,1.98216,5.7813,3.35866,1.43156,4.45986,0.16518,0,0.000301916,9.79E-06,0,0.000165617,0,0,0,0.0056377,435.9425169,0.000111567,0.02374132,9.426861814,0,0.0565,2.2656,0.3137,,0.626546698,2.4827,0,0,,0,0,0,0,0,0,0,0.182972146
20,41,20041,1.425803449,0.518692027,0.360028891,0.008549387,0.019479459,0.037719407,0,1.337685051,1.954623603,0,0,0.434353994,0,1.862864456,0.897506217,0,0,0.067044332,70.34589477,1.508616,11.80656,34.4358,20.00556,8.52696,26.56476,0.98388,12.19256304,0.003622992,0.000117474,0,0.017886631,0,0,0,0.03358046,2037.612392,0.000664538,0.141413065,59.36168473,3.3521,0.3368,0.273,0.382,,3.731969761,14.7878,0,0,,0,0,0,0,0,0,0,0.601645303
20,42,20042,0,0,0,0,0,0,54.88959216,0.53507402,0,5.848048629,0,0,0,5.795578309,0.194055398,0,0,1.419105025,15.26992392,0.327474,2.56284,7.47495,4.34259,1.85094,5.76639,0.21357,7.03975366,0.002091847,6.78E-05,0,0.005575771,0.000680782,5.08E-05,0,0.007289282,483.4824676,0.000144251,0.030696415,14.14300093,7.1971,0.0731,6.8513,0.2887,,0.810095522,3.21,0,0.0116,,0,0,0,0,0,0,0.029258058,0.00316282
20,43,20043,25.30801122,9.206783477,6.390512817,0.151751613,0.345760402,0.669519467,25.77746416,6.153351233,16.36997268,2.746383386,0,3.541655644,0,25.87311745,4.972669581,0,0.022348111,1.821371017,196.5656831,4.215486,32.99076,96.22305,55.90101,23.82666,74.22921,2.74923,141.4482462,0.042031023,0.001362843,0,0.110245687,0.008169387,5.08E-05,0.019479093,0.093832996,1002.434747,0.0018569,0.395146809,168.9669158,43.1607,0.9411,1.8561,1.126,,10.42814492,41.3213,0,0.0855,,0,0,0,0,2.2041,0.3183,0.120573234,9.027807857
20,44,20044,3.564508623,1.296730067,0.900072228,0.021373467,0.048698648,0.094298517,0,1.872759071,9.284462114,0,0,0,0.0087793,0.827939758,0.776221593,0,0,0.346395715,80.83042745,1.733464,13.56624,39.5682,22.98724,9.79784,30.52404,1.13052,0,0.005218834,0.000169219,0,0.033289008,0.028252464,2.54E-05,0.009739546,0.038585378,1185.04073,0.000763582,0.162489632,84.95267874,14.7889,0.387,0.1911,0.2515,99.5531,4.288192111,16.9919,0,0,,0,0,0,0,1.1953,0.1726,0.026800688,8.459235642
20,45,20045,0,0,0,0,0,0,0,0,0.24432795,0,0,0.066823691,0,1.448894577,0.266826173,0,0,0.134088664,15.6581605,0.3358,2.628,7.665,4.453,1.898,5.913,0.219,0,0.006534325,0.000211873,0,0.001821787,0.001361565,2.54E-05,0,0.007474611,67.30451627,0.000147918,0.031476868,12.34184415,7.0824,0.075,0.3821,0.1556,,0.830692135,3.2916,0,0,,0,0,0,0,0,0,0,1.130936348
20,46,20046,0,0,0,0,0,0,0,0,0,0,0,0,0,0,0.169798473,0,0,0,7.136260273,0.153042,1.19772,3.49335,2.02947,0.86502,2.69487,0.09981,1.52407038,0.000452874,1.47E-05,0,0.002042609,0.003744303,2.54E-05,0.009739546,0.00340658,189.831192,6.74E-05,0.014345691,7.198590222,0,0.0342,0.1092,0.5445,,0.378590785,1.5002,0,0,,0,0,0,0,0,0,0.00010239,1.883430723
20,47,20047,0,0,0,0,0,0,0,0,0,0,0,0,0,0,0,0,0,0,0.218785256,0.004692,0.03672,0.1071,0.06222,0.02652,0.08262,0.00306,0,4.31E-05,1.40E-06,0,0,0,2.54E-05,0.009739546,0.00010444,8.339354722,2.07E-06,0.000439814,0.389302352,0,0.001,0,0.012,,0.011606931,0.046,0,0,,0,0,0,0,0,0,0,0.138858485
20,48,20048,0,0,0,0,0,0,0,0,0,0,0,0,0,0,0,0,0,0,2.331564447,0.050002,0.39132,1.14135,0.66307,0.28262,0.88047,0.03261,0,2.16E-05,6.99E-07,0,0,0,0,0,0.001113,9.143399068,2.20E-05,0.004687035,1.372312167,0,0.0112,0,0.0997,,0.123693473,0.4901,0,0,,0,0,0,0,0,0,0,0.497453126
20,49,20049,0,0,0,0,0,0,0,0,0,0,0,0,0,0,0,0,0,0,2.194287424,0.047058,0.36828,1.07415,0.62403,0.26598,0.82863,0.03069,0,1.08E-05,3.50E-07,0,0.000110411,0.001361565,0,0,0.00104747,78.23657083,2.07E-05,0.004411073,1.695842012,0,0.0105,0,0.1315,,0.116410692,0.4613,0,0,,0,0,0,0,0,0,0,0.552063749
20,50,20050,0,0,0,0,0,0,0,0,0,0,0,0,0,0,0,0,0,0,7.089071296,0.15203,1.1898,3.47025,2.01605,0.8593,2.67705,0.09915,2.28610557,0.000679311,2.20E-05,0,0.000165617,0,2.54E-05,0,0.003384054,306.1423437,6.70E-05,0.014250829,5.757564258,0,0.0339,0,0.0873,,0.37608733,1.4902,0,0,,0,0,0,0,0,0,0,0.244432539
20,51,20051,0,0,0,0,0,0,0,0,0,0,0,0,0,0,0.169798473,0,0,0,9.871075977,0.211692,1.65672,4.8321,2.80722,1.19652,3.72762,0.13806,0,0.000226437,7.34E-06,0,0.00038644,0.001021173,0,0,0.004712077,441.4922571,9.32E-05,0.019843363,5.561851373,0,0.0473,0.1638,0.1342,,0.523677425,2.0751,0,0,,0,0,0,0,0,0,0,0.842989429
20,52,20052,0,0,0,0,0,0,0,0,0,0,0,0.100235537,0,0,0.04851385,0,0,0.022348111,13.00699798,0.278944,2.18304,6.3672,3.69904,1.57664,4.91184,0.18192,0,0.0008734,2.83E-05,0,0.003036311,0.002042347,0,0,0.006209047,303.2562151,0.000122873,0.02614736,12.13645995,0,0.0623,0.3821,0.2725,,0.690043439,2.7343,0,0,,0,0,0,0,0,0,0.294169568,1.635448153
20,53,20053,0,0,0,0,0,0,0,0,0,0,0,0,0,0,0,0,0,0,2.610408402,0.055982,0.43812,1.27785,0.74237,0.31642,0.98577,0.03651,0,0.000204872,6.64E-06,0,0.000717673,0.000340391,2.54E-05,0.009739546,0.00124611,44.65236437,2.47E-05,0.005247582,2.853613588,0,0.0125,0.1638,0.0646,,0.13848662,0.5487,0,0,,0,0,0,0,0,0,0,0.548277291
20,54,20054,0,0,0,0,0,0,0,0,0,0,0,0,0,0,0,0,0,0,0.866561211,0.018584,0.14544,0.4242,0.24644,0.10504,0.32724,0.01212,0,5.39E-05,1.75E-06,0,0,0.000680782,0,0,0.000413663,29.16772667,8.19E-06,0.001742008,0.890976035,0,0.0041,0,0.0826,,0.045972551,0.1822,0,0,,0,0,0,0,0,0,0,0.348446385
20,55,20055,0,0,0,0,0,0,0,0,1.465967702,0,0,0,0,0,0.291083097,0,0,0.044696221,6.325467853,0.135654,1.06164,3.09645,1.79889,0.76674,2.38869,0.08847,0,0.00075479,2.45E-05,0,0.003367545,0.001021173,0,0,0.003019538,140.1045846,5.98E-05,0.012715792,6.541011237,5.4062,0.0303,0.273,0.1699,,0.335576864,1.3297,0,0,,0,0,0,0,0,0,0,0.486784801
20,56,20056,0,0,0,0,0,0,0,0,0,0,0,0,0,0,0,0,0,0,2.546059797,0.054602,0.42732,1.24635,0.72407,0.30862,0.96147,0.03561,0,0.000194089,6.29E-06,0,0.00038644,0,0,0,0.001215392,87.34611173,2.41E-05,0.005118225,2.116187108,0,0.0122,0.0819,0.0973,,0.135072817,0.5352,0,0,,0,0,0,0,0,0,0,0.203037756
20,57,20057,6.772566384,2.463787128,1.710137233,0.040609587,0.092527432,0.179167181,0,1.070148041,8.307150313,0,0,0.267294766,0.006584475,3.311759033,1.479672412,0,0,0.480484379,79.58635443,1.706784,13.35744,38.9592,22.63344,9.64704,30.05424,1.11312,16.54704984,0.004916918,0.00015943,0,0.046262336,0.010211734,2.54E-05,0,0.037991505,3139.880393,0.00075183,0.15998873,82.73057656,0,0.381,2.3475,0.2251,,4.222191914,16.7303,0,0,,0,0,0,0,2.5151,0.3632,0.013327818,10.28388566
20,58,20058,0,0,0,0,0,0,0,0,0,0,0,0,0,0,0.024256925,0,0,0,27.86509083,0.597586,4.67676,13.64055,7.92451,3.37766,10.52271,0.38973,0,0.000107827,3.50E-06,0,0.000331234,0,0,0,0.013301737,1106.971937,0.000263234,0.05601589,22.36140157,0,0.1334,0.2184,0.3543,,1.47829062,5.8577,0,0,,0,0,0,0,0,0,0,0.206268176
20,59,20059,0,0,0,0,0,0,34.9292173,3.477981132,6.841182611,3.721429752,0,0.70164876,0,4.139698792,1.576700111,0,0,0.603398987,66.38845558,1.423746,11.14236,32.49855,18.88011,8.04726,25.07031,0.92853,21.22812315,0.006307888,0.000204531,0,0.03174325,0.007488605,2.54E-05,0,0.031691329,1493.44559,0.000627153,0.13345761,57.84064469,29.1013,0.3178,2.1837,1.3374,,3.522020858,13.9559,0,0,,0,0,0,0,0,0,0.005546147,0
20,60,20060,0,0,0,0,0,0,0,0,0,0,0,0,0,0,0,0,0,0.022348111,5.081394826,0.108974,0.85284,2.48745,1.44509,0.61594,1.91889,0.07107,0,5.39E-05,1.75E-06,0,0.000220823,0,0,0,0.002425665,193.7190803,4.80E-05,0.010214891,3.936138785,0,0.0243,0,0.1019,,0.269576667,1.0682,0,0,,0,0,0,0,0,0,0,0.00057705
20,61,20061,0,0,0,0,0,0,0,0,0,0,0,0,0,0,0,0,0,0.011174055,4.195529033,0.089976,0.70416,2.0538,1.19316,0.50856,1.58436,0.05868,0,0.000183306,5.94E-06,0,0.000552057,0.001021173,0,0,0.002002786,132.5477968,3.96E-05,0.008434076,3.704672769,0,0.0201,0,0.1331,,0.222579975,0.882,0,0,,0,0,0,0,0,0,0,0
20,62,20062,0,0,0,0,0,0,0,0,0,0,0,0,0,0,0.04851385,0,0,0.033522166,1.11752077,0.023966,0.18756,0.54705,0.31781,0.13546,0.42201,0.01563,0,0.000107827,3.50E-06,0,0.000110411,0,0,0,0.000533462,18.75085935,1.06E-05,0.0022465,1.104445217,0,0.0054,0.1092,0.0039,,0.059286384,0.2349,0,0,,0,0,0,0,0,0,1.037969151,2.19E-05
20,63,20063,0,0,0,0,0,0,0,0.80261103,0.24432795,0,0,0,0,0.620954819,0.169798473,0,0,0.011174055,8.03070588,0.172224,1.34784,3.9312,2.28384,0.97344,3.03264,0.11232,0,0.000808704,2.62E-05,0,0.003367545,0.001021173,2.54E-05,0,0.003833554,12.69649999,7.59E-05,0.016143753,7.42976657,0,0.0384,0.737,0.066,,0.426042651,1.6882,0,0,,0,0,0,0,0,0,0.022267002,0.934338107
20,64,20064,0,0,0,0,0,0,0,0,0,0,0,0,0,0,0.024256925,0,0,0,14.9803552,0.321264,2.51424,7.3332,4.26024,1.81584,5.65704,0.20952,0,9.70E-05,3.15E-06,0,5.52E-05,0.002382738,0,0,0.007151053,474.8876013,0.000141515,0.030114308,12.85842294,0,0.0717,0,0.3977,,0.794733407,3.1491,0,0,,0,0,0,0,0,0,0,0
20,65,20065,0,0,0,0,0,0,0,0,0,0,0,0,0,0,0.04851385,0,0,0,2.601828588,0.055798,0.43668,1.27365,0.73993,0.31538,0.98253,0.03639,0,0.000226437,7.34E-06,0,0.000110411,0,2.54E-05,0,0.001242014,85.02422912,2.46E-05,0.005230334,2.697352838,0,0.0125,0,0.0747,,0.138031447,0.5469,0,0,,0,0,0,0,0,0,0,0.251193439
20,66,20066,0,0,0,0,0,0,0,0,0,0,0,0,0,0,0.097027699,0,0,0.178784885,10.61537484,0.227654,1.78164,5.19645,3.01889,1.28674,4.00869,0.14847,0,0.000797921,2.59E-05,0,0.002815488,0.014636819,0,0,0.005067377,243.4338545,0.00010028,0.021339592,10.87391224,0,0.0508,0.5732,0.4486,,0.56316375,2.2315,0,0,,0,0,0,0,0,0,0,4.346002386
20,67,20067,192.1270148,69.89375062,48.51389307,1.152029851,2.62485714,5.08269004,5.971423444,124.9397837,120.9423354,0.636207582,0,7.751548202,0.002194825,62.30246682,14.79672412,0.291083097,0.022348111,3.050517102,564.667587,12.109684,94.77144,276.4167,160.58494,68.44604,213.23574,7.89762,213.8415893,0.06354254,0.002060347,0,0.664896873,0.000680782,0,0,0.269550871,6459.271114,0.005334254,1.135124867,627.2090835,224.2108,2.7033,15.3131,0.0544,,29.95657908,118.7022,0.0597,0.1676,,8.433197891,35.71659,6.289,0,0.9881,0.1427,5.562640309,0.356458428
20,68,20068,0,0,0,0,0,0,7.110880274,1.337685051,3.176263355,0.757607627,0,0.400942148,0.030727549,4.553668671,2.086095532,0,0,0.134088664,42.50010852,0.911444,7.13304,20.8047,12.08654,5.15164,16.04934,0.59442,0,0.006307888,0.000204531,0,0.017168958,0.015317601,2.54E-05,0,0.020287939,598.8632327,0.000401486,0.085435982,33.92192722,12.028,0.2035,1.6105,0.5011,,2.254703282,8.9342,0,0,,0,0,0,0,0.2211,0.0319,0.518882433,4.025299347
20,69,20069,0,0,0,0,0,0,0,0,0,0,0,0,0,0,0,0,0,0.011174055,4.64167936,0.099544,0.77904,2.2722,1.32004,0.56264,1.75284,0.06492,0,1.08E-05,3.50E-07,0,0,0.000340391,0,0,0.002215762,188.7420671,4.38E-05,0.009330951,3.504718295,0,0.0222,0,0.2783,,0.246249011,0.9758,0,0,,0,0,0,0,0,0,0,1.508246105
20,70,20070,0,0,0,0,0,0,0,0,0,0,0,0,0,0,0.04851385,0,0,0,15.06400839,0.323058,2.52828,7.37415,4.28403,1.82598,5.68863,0.21069,0,0.000409743,1.33E-05,0,0.000607262,0,0,0,0.007190986,608.3582381,0.000142305,0.030282472,11.47490456,0,0.0721,0.1638,0.1445,,0.799171351,3.1667,0,0,,0,0,0,0,0,0,0,0.250113767
20,71,20071,0,0,0,0,0,0,0,0,0,0,0,0,0,0,0,0,0,0,6.902460342,0.148028,1.15848,3.3789,1.96298,0.83668,2.60658,0.09654,0,1.08E-05,3.50E-07,0,0.000662468,0,0,0,0.003294973,302.9909434,6.52E-05,0.013875694,5.139197772,0,0.033,0,0.0785,,0.3661873,1.451,0,0,,0,0,0,0,0,0,0,1.34687701
20,72,20072,0,0,0,0,0,0,0,0,0.24432795,0,0,0,0,0,0.072770774,0,0,0,13.71268768,0.294078,2.30148,6.71265,3.89973,1.66218,5.17833,0.19179,0,9.70E-05,3.15E-06,0,0.000110411,0.003403911,0,0,0.006545917,466.6786383,0.00012954,0.027565975,8.91515277,0,0.0656,0,0.4192,,0.727481482,2.8826,0,0,,0,0,0,0,0,0,0,1.829952318
20,73,20073,1.425803449,0.518692027,0.360028891,0.008549387,0.019479459,0.037719407,20.55573844,1.070148041,4.397903107,2.190050122,0,0.200471074,0.00438965,2.483819275,0.727707744,0.218312323,0,0.234655162,64.87840832,1.391362,10.88892,31.75935,18.45067,7.86422,24.50007,0.90741,10.41448093,0.003094639,0.000100343,0,0.023628019,0.00306352,0.000101643,0,0.030970489,1748.040877,0.000612888,0.130422033,56.94151896,13.6851,0.3106,1.3102,0.9217,,3.441910274,13.6385,0,0.03,,0,0,0,0,0,0,0,0
20,74,20074,0,0,0,0,0,0,0,0,0,0,0,0,0,0,0,0,0,0.022348111,1.003838235,0.021528,0.16848,0.4914,0.28548,0.12168,0.37908,0.01404,0,0.000334264,1.08E-05,0,5.52E-05,0,0,0,0.000479194,38.67539984,9.48E-06,0.002017969,0.729300572,0,0.0048,0.1638,0.0419,,0.053255331,0.211,0,0,,0,0,0,0,0,0,0,0
20,75,20075,0,0,0,0,0,0,0,0,0,0,0,0,0,0,0.145541549,0,0,0.033522166,5.883607433,0.126178,0.98748,2.88015,1.67323,0.71318,2.22183,0.08229,0,0.000539136,1.75E-05,0,0.002649871,0.005786649,2.54E-05,0,0.002808611,76.41810793,5.56E-05,0.011827541,6.559542085,0,0.0282,0.3821,0.1739,,0.312135414,1.2368,0,0,,0,0,0,0,0.5528,0.0798,0,2.449820901
20,76,20076,0,0,0,0,0,0,0,0.26753701,0,0,0,0,0,0,0.024256925,0,0,0.011174055,6.312598132,0.135378,1.05948,3.09015,1.79523,0.76518,2.38383,0.08829,0,7.55E-05,2.45E-06,0,0.000772879,0.000340391,2.54E-05,0,0.003013395,179.5765011,5.96E-05,0.012689921,5.224463193,0,0.0302,0.0273,0.0973,,0.334894103,1.327,0,0,,0,0,0,0,0,0,0,0
20,77,20077,0,0,0,0,0,0,0,0,0,0,0,0,0,0,0.072770774,0,0,0,8.002821484,0.171626,1.34316,3.91755,2.27591,0.97006,3.02211,0.11193,0,0.000431309,1.40E-05,0,0.000607262,0.003403911,0,0,0.003820243,103.9827491,7.56E-05,0.016087698,5.5010833,0,0.0383,0.1092,0.0953,,0.424563336,1.6823,0,0,,0,0,0,0,0,0,0.143611949,0.923415982
20,78,20078,0,0,0,0,0,0,0,0,0,0,0,0,0,0.620954819,0,0,0,0,1.969067307,0.042228,0.33048,0.9639,0.55998,0.23868,0.74358,0.02754,0,0.000107827,3.50E-06,0,0.000220823,0.002042347,0,0,0.000939958,8.635192513,1.86E-05,0.003958324,2.054112191,0,0.0094,0,0.0518,,0.104462381,0.4139,0,0,,0,0,0,0,0,0,0,0.664263755
20,79,20079,12.47578018,4.538555235,3.150252797,0.074807133,0.170445269,0.330044808,0,7.491036284,23.69981119,0,0,0.267294766,0,6.209548188,4.075163364,0,0,0.748661706,165.3566098,3.546186,27.75276,80.94555,47.02551,20.04366,62.44371,2.31273,151.4272785,0.04499627,0.00145899,0,0.105056356,0.004765476,5.08E-05,0,0.078934969,404.5920406,0.001562077,0.332408667,174.3263232,51.4692,0.7916,2.948,0.0906,,8.772450324,34.7606,0,0.0308,,0,0,0,4.9,0.3109,0.0449,2.46338649,0.348538131
20,80,20080,0,0,0,0,0,0,0,0,0,0,0,0,0,0,0,0,0,0.022348111,2.972905542,0.063756,0.49896,1.4553,0.84546,0.36036,1.12266,0.04158,0,0.000258785,8.39E-06,0,5.52E-05,0.000680782,2.54E-05,0,0.001419152,109.0538771,2.81E-05,0.005976293,3.132757054,0,0.0142,0.1092,0.119,,0.157717712,0.625,0,0,,0,0,0,0,0,0,0,0.94128855
20,81,20081,0,0,0,0,0,0,0,0,0,0,0,0,0,0,0,0,0,0,3.386881566,0.072634,0.56844,1.65795,0.96319,0.41054,1.27899,0.04737,0,0.000215654,6.99E-06,0,0.00038644,0.001021173,0,0,0.001616769,112.2223225,3.20E-05,0.00680849,3.484400096,0,0.0162,0,0.0679,,0.179679847,0.712,0,0,,0,0,0,0,0,0,0,0.19268565
20,82,20082,0,0,0,0,0,0,0,0,0,0,0,0,0,0,0.024256925,0,0,0,9.746668675,0.209024,1.63584,4.7712,2.77184,1.18144,3.68064,0.13632,0,0.000129393,4.20E-06,0,0.001048907,0.000340391,2.54E-05,0,0.00465269,363.1801443,9.21E-05,0.019593273,7.662700209,0,0.0467,0,0.2536,,0.517077406,2.0489,0,0,,0,0,0,0,0,0,0,0.713327339
20,83,20083,0,0,0,0,0,0,0,0.26753701,3.176263355,0,0,0.100235537,0,0,0.460881571,0,0,0.055870277,12.73673384,0.273148,2.13768,6.2349,3.62218,1.54388,4.80978,0.17814,0,0.001822279,5.91E-05,0,0.005907005,0.000340391,2.54E-05,0,0.006080033,80.55875331,0.00012032,0.025604061,10.62821594,22.5421,0.061,0.1092,0.0343,,0.675705465,2.6775,0.0011,0,,0,0,0,0,0,0,0,0.174753992
20,84,20084,0,0,0,0,0,0,0,0.26753701,0.24432795,0,0,0.100235537,0,1.034924698,0.194055398,0,0,0.022348111,6.775908086,0.145314,1.13724,3.31695,1.92699,0.82134,2.55879,0.09477,0,0.000690094,2.24E-05,0,0.003588367,0,0,0,0.003234561,21.52901494,6.40E-05,0.013621291,6.797490656,0,0.0324,0.0273,0.0215,,0.359473487,1.4244,0,0,,0,0,0,0,0,0,0,0.215463729
20,85,20085,0,0,0,0,0,0,0,0,0,0,0,0,0,0.413969879,0,0,0,0,36.74305334,0.78798,6.1668,17.9865,10.4493,4.4538,13.8753,0.5139,0,3.23E-05,1.05E-06,0,0.000772879,0,0,0,0.017539739,1568.43854,0.000347101,0.073862843,26.3411034,0,0.1759,0,0.7566,,1.949281681,7.724,0,0,,0,0,0,0,0,0,0,2.305646451
20,86,20086,0,0,0,0,0,0,0,0,0.24432795,0,0,0,0,0.20698494,0.072770774,0,0,0,1.949762726,0.041814,0.32724,0.95445,0.55449,0.23634,0.73629,0.02727,0,0.000215654,6.99E-06,0,0.000441645,0,0,0,0.000930743,56.81716029,1.84E-05,0.003919517,2.275929548,0,0.0093,0.0819,0.0495,,0.10343824,0.4099,0,0,,0,0,0,0,0,0,0,0.1419789
20,87,20087,0,0,0,0,0,0,0,0.53507402,1.221639752,0,0,0,0,1.448894577,0.194055398,0,0,0.055870277,6.507788899,0.139564,1.09224,3.1857,1.85074,0.78884,2.45754,0.09102,0,0.00214576,6.96E-05,0,0.006679884,0.001021173,0,0,0.003106571,52.57823653,6.15E-05,0.013082304,6.835926093,0,0.0312,0.1638,0.0249,,0.345249306,1.368,0.0007,0,,0,0,0,0,0,0,0,0.171775231
20,88,20088,0,0,0,0,0,0,0,0,0,0,0,0,0,13.24703613,0.04851385,0,0,0.055870277,5.066380152,0.108652,0.85032,2.4801,1.44082,0.61412,1.91322,0.07086,0,0.000797921,2.59E-05,0,0.000662468,0,2.54E-05,0.009739546,0.002418498,173.2688901,4.79E-05,0.010184707,4.493231838,0,0.0243,0.0819,0.1143,,0.268780113,1.065,0,0,,0,0,0,0,0,0,0,0
20,89,20089,0,0,0,0,0,0,0,0,0,0,0,0,0,0,0.121284624,0,0,0,4.33495101,0.092966,0.72756,2.12205,1.23281,0.52546,1.63701,0.06063,0,0.00214576,6.96E-05,0,0,0.000680782,0,0,0.002069341,147.2808794,4.10E-05,0.008714349,3.941158768,0,0.0208,0,0.1181,,0.229976549,0.9113,0,0,,0,0,0,0,0,0,0,0.454150457
20,90,20090,0,0,0,0,0,0,0,0,1.954623603,0,0,0,0,0.20698494,0.218312323,0,0,0.011174055,11.79724421,0.253,1.98,5.775,3.355,1.43,4.455,0.165,0,0.000625397,2.03E-05,0,0.002870694,0.001361565,2.54E-05,0,0.005631557,445.2870404,0.000111445,0.023715449,9.949952906,5.7822,0.0565,0.1638,0.1635,,0.625863937,2.48,0,0,,0,0,0,0,0,0,0,0.342648674
20,91,20091,0,0,0,0,0,0,0,1.070148041,0.24432795,0,0,0,0,0,0.242569248,0,0,0.067044332,10.16278965,0.217948,1.70568,4.9749,2.89018,1.23188,3.83778,0.14214,0,0.000646963,2.10E-05,0,0.003201928,0,2.54E-05,0,0.00485133,39.67042034,9.60E-05,0.020429781,9.164091043,0,0.0487,0,0.1256,,0.539153334,2.1364,0.001,0,,0,0,0,0,0,0,0,0.767527478
20,92,20092,0,0,0,0,0,0,0,0,0,0,0,0,0,0,0.04851385,0,0,0.044696221,2.711221216,0.058144,0.45504,1.3272,0.77104,0.32864,1.02384,0.03792,0,0.000140175,4.55E-06,0,0,0.000680782,0,0,0.001294234,75.26901011,2.56E-05,0.005450241,2.342764087,0,0.013,0.1365,0.096,,0.143834912,0.5699,0,0,,0,0,0,0,0,0,0,0.697030129
20,93,20093,0,0,0,0,0,0,0,0,0,0,0,0,0,0,0,0,0,0,1.134680398,0.024334,0.19044,0.55545,0.32269,0.13754,0.42849,0.01587,0,4.31E-05,1.40E-06,0,0.000276028,0,2.54E-05,0,0.000541653,39.40831403,1.07E-05,0.002280995,1.313556145,0,0.0054,0,0.0954,,0.060196731,0.2385,0,0,,0,0,0,0,0,0,0,0.474303139
20,94,20094,0,0,0,0,0,0,0,0,0,0,0,0,0,0,0,0,0,0,4.292051941,0.092046,0.72036,2.10105,1.22061,0.52026,1.62081,0.06003,0,8.63E-05,2.80E-06,0,0.000165617,0,2.54E-05,0,0.002048863,177.244149,4.05E-05,0.008628111,3.297854405,0,0.0205,0,0.1317,,0.22770068,0.9023,0,0,,0,0,0,0,0,0,0,0.469882551
20,95,20095,0,0,0,0,0,0,0,0,0,0,0,0,0,0,0,0,0,0.245829217,9.315533023,0.199778,1.56348,4.56015,2.64923,1.12918,3.51783,0.13029,0,0.00051757,1.68E-05,0,0.000331234,0,0,0,0.004446882,390.9549525,8.80E-05,0.018726581,5.883805433,0,0.0446,0.6824,0.0675,,0.494204923,1.9583,0,0,,0,0,0,0,0,0,0,0
20,96,20096,0,0,0,0,0,0,0,0,0,0,0,0,0,0,0.097027699,0,0,0,1.259087701,0.027002,0.21132,0.61635,0.35807,0.15262,0.47547,0.01761,0,0.000107827,3.50E-06,0,0.000441645,0.012254081,2.54E-05,0,0.000601041,9.464818049,1.19E-05,0.002531085,1.360921105,0,0.006,0,0.2127,,0.066796751,0.2647,0,0,,0,0,0,0,0,0,0,0.945485863
20,97,20097,0,0,0,0,0,0,0,0,0,0,0,0,0,0,0.04851385,0,0,0.022348111,3.549898032,0.07613,0.5958,1.73775,1.00955,0.4303,1.34055,0.04965,0,0.000150958,4.89E-06,0,0.000165617,0,0,0,0.001694587,133.4637168,3.35E-05,0.007136194,3.535913337,0,0.017,0.1638,0.0314,,0.188328148,0.7462,0,0,,0,0,0,0,0,0,0,0.000265699
20,98,20098,0,0,0,0,0,0,0,0,0,0,0,0,0,0.20698494,0,0,0,0,9.371301813,0.200974,1.57284,4.58745,2.66509,1.13594,3.53889,0.13107,0,8.63E-05,2.80E-06,0,0.000110411,0,0,0,0.004473504,421.6250966,8.85E-05,0.01883869,7.007603653,0,0.0449,0.1092,0.2622,,0.497163553,1.97,0,0,,0,0,0,0,0,0,0,0.186129919
20,99,20099,0,0,0,0,0,0,0,0,0,0,0,0,0,0,0,0,0,0,0.984533654,0.021114,0.16524,0.48195,0.27999,0.11934,0.37179,0.01377,0,0.000269568,8.74E-06,0,0,0.000340391,0,0,0.000469979,26.12974928,9.30E-06,0.001979162,0.853850945,0,0.0047,0,0.0248,,0.05223119,0.207,0,0,,0,0,0,0,0,0,0,0.029123877
20,100,20100,0,0,0,0,0,0,0,0,0,0,0,0,0,0,0.04851385,0,0,0,0.707834653,0.01518,0.1188,0.3465,0.2013,0.0858,0.2673,0.0099,0,5.39E-05,1.75E-06,0,0.000662468,0,0,0,0.000337893,26.85242408,6.69E-06,0.001422927,1.099851367,0,0.0034,0,0.0191,,0.037551836,0.1488,0,0,,0,0,0,0,0,0,0,0.000148828
20,101,20101,0,0,0,0,0,0,0,0,0,0,0,0,0,0,0,0,0,0,1.492887632,0.032016,0.25056,0.7308,0.42456,0.18096,0.56376,0.02088,0,6.47E-05,2.10E-06,0,0.000165617,0,0,0,0.000712648,61.63542247,1.41E-05,0.003001082,1.323425511,0,0.0071,0,0.0571,,0.079200236,0.3138,0,0,,0,0,0,0,0,0,0,0.400146926
20,102,20102,0,0,0,0,0,0,0,0,0,0,0,0.133647383,0,0,0.072770774,0,0,0.055870277,8.987355138,0.19274,1.5084,4.3995,2.5559,1.0894,3.3939,0.1257,0,0.000226437,7.34E-06,0,0.000662468,0.000680782,2.54E-05,0,0.004290222,82.16499706,8.49E-05,0.01806686,6.84669192,0,0.043,0.1365,0.2924,,0.476794527,1.8893,0,0,,0,0,0,0,0,0,0,0.686108004
20,103,20103,0,0,0,0,0,0,0,1.337685051,0.24432795,0,0,0.100235537,0,0.827939758,0.266826173,0,0,0.022348111,10.57462072,0.22678,1.7748,5.1765,3.0073,1.2818,3.9933,0.1479,0,0.001488015,4.82E-05,0,0.003753984,0.000680782,0,0,0.005047923,57.20883781,9.99E-05,0.021257666,8.97180525,0,0.0506,1.5832,0.1947,,0.561001675,2.223,0,0,,0,0,0,0,0,0,0,1.554913364
20,104,20104,0,0,0,0,0,0,0,0,0,0,0,0,0,0,0.072770774,0,0,0.044696221,5.643372642,0.121026,0.94716,2.76255,1.60491,0.68406,2.13111,0.07893,0,0.000140175,4.55E-06,0,0.000552057,0,0,0.009739546,0.002693932,216.5719434,5.33E-05,0.011344608,4.08867804,0,0.027,0,0.1649,,0.299390549,1.1863,0,0,,0,0,0,0,0,0,0,0.814194737
20,105,20105,0,0,0,0,0,0,0,0,0,0,0,0,0,0,0,0,0,0,14.04301052,0.301162,2.35692,6.87435,3.99367,1.70222,5.30307,0.19641,0,0,0,0,0.000110411,0.000340391,0,0,0.0067036,624.0303361,0.00013266,0.028230008,10.88181979,0,0.0672,0,0.3267,,0.745005672,2.9521,0,0,,0,0,0,0,0,0,0,1.133750925
20,106,20106,0,0,0,0,0,0,0,0,0,0,0,0,0,0,0,0,0,0,0.66922549,0.014352,0.11232,0.3276,0.19032,0.08112,0.25272,0.00936,0,3.23E-05,1.05E-06,0,0,0,0,0,0.000319463,25.61072451,6.32E-06,0.001345313,0.630692248,0,0.0032,0.0273,0.0254,,0.035503554,0.1407,0,0,,0,0,0,0,0,0,0,0.122216269
20,107,20107,1.069352587,0.38901902,0.270021668,0.00641204,0.014609594,0.028289555,0,1.872759071,11.23908572,0,0,0,0,3.518743973,1.309873938,0,0,0.324047604,31.46646775,0.67482,5.2812,15.4035,8.9487,3.8142,11.8827,0.4401,32.87637534,0.00976914,0.000316761,0,0.011758804,0,0,0,0.015020897,167.6184959,0.000297255,0.06325557,26.60613997,0.096,0.1506,0.2457,0.0109,,1.669349811,6.6148,0.0029,0,,0,0,0,0,0,0,0.036724025,0.16978939
20,108,20108,0,0,0,0,0,0,0,0,0,0,0,0,0,0,0,0,0,0.011174055,8.918716626,0.191268,1.49688,4.3659,2.53638,1.08108,3.36798,0.12474,0,0.00011861,3.85E-06,0,0.000276028,0,2.54E-05,0,0.004257457,323.6071833,8.43E-05,0.017928879,6.796931891,0,0.0427,0,0.5075,,0.473153136,1.8749,0,0,,0,0,0,0,0,0,0,1.409946984
20,109,20109,0,0,0,0,0,0,0,0,0,0,0,0,0,0,0,0,0,0,2.651162518,0.056856,0.44496,1.2978,0.75396,0.32136,1.00116,0.03708,0,4.31E-05,1.40E-06,0,0,0.002042347,0,0.009739546,0.001265564,48.80304439,2.50E-05,0.005329508,2.322763618,0,0.0127,0.0273,0.0094,9.0842,0.140648696,0.5573,0,0,,0,0,0,0,1.1677,0.1686,0,0.023117288
20,110,20110,0,0,0,0,0,0,0,0,0,0,0,0,0,0,0,0,0,0,2.814178984,0.060352,0.47232,1.3776,0.80032,0.34112,1.06272,0.03936,0,1.08E-05,3.50E-07,0,0.000165617,0,0,0,0.001343382,116.2000851,2.66E-05,0.005657213,2.314608471,0,0.0135,0,0.0571,,0.149296997,0.5916,0,0,,0,0,0,0,0,0,0,0.086851562
20,111,20111,0,0,0,0,0,0,0,0,0,0,0,0,0,0,0.04851385,0,0,0.011174055,8.697786416,0.18653,1.4598,4.25775,2.47355,1.0543,3.28455,0.12165,0,0.000150958,4.89E-06,0,0.00038644,0,0,0,0.004151993,356.4265088,8.22E-05,0.017484754,5.537979175,0,0.0416,0.0273,0.1542,,0.461432412,1.8284,0,0,,0,0,0,0,0,0,0,0.271495619
20,112,20112,0,0,0,0,0,0,0,0,0,0,0,0.167059229,0,0,0.145541549,0,0,0.055870277,5.757055177,0.123464,0.96624,2.8182,1.63724,0.69784,2.17404,0.08052,7.69292668,0.002285936,7.41E-05,0,0.000993702,0,5.08E-05,0,0.0027482,230.7065553,5.44E-05,0.011573139,5.208073606,0,0.0276,0.1638,0.5278,,0.305421601,1.2102,0,0,,0,0,0,0,0,0,0,2.054352331
20,113,20113,0,0,0,0,0,0,0,0,0,0,0,0,0,0,0.04851385,0,0,0.055870277,5.993000061,0.128524,1.00584,2.9337,1.70434,0.72644,2.26314,0.08382,0,0.000129393,4.20E-06,0,0.000828085,0,0,0,0.002860831,270.5309467,5.66E-05,0.012047448,4.697504046,0,0.0287,0.0819,0.1127,,0.31793888,1.2598,0,0,,0,0,0,0,0,0,0,0.278503117
20,114,20114,0,0,0,0,0,0,0,0,0,0,0,0,0,0,0,0,0,0,1.422104166,0.030498,0.23868,0.69615,0.40443,0.17238,0.53703,0.01989,0,8.63E-05,2.80E-06,0,0.000110411,0,0,0,0.000678859,47.58087153,1.34E-05,0.00285879,1.606856961,0,0.0068,0.1365,0.019,,0.075445053,0.2989,0,0,,0,0,0,0,0,0,0,0.00011048
20,115,20115,0,0,0,0,0,0,0,0.26753701,0,0,0,0.100235537,0,0.20698494,0.145541549,0,0,0.011174055,19.99954637,0.428904,3.35664,9.7902,5.68764,2.42424,7.55244,0.27972,11.46681524,0.003407338,0.000110482,0,0.006293444,0.002382738,2.54E-05,0,0.009547024,55.7858336,0.00018893,0.040204154,16.55090271,8.7049,0.0957,0.1365,0.1369,,1.061010064,4.2042,0.0019,0.1245,,0,0,0,0,0,0,0,0.890649609
20,116,20116,0,0,0,0,0,0,0,0,0,0,0,0,0,0,0.024256925,0,0,0.022348111,8.127228787,0.174294,1.36404,3.97845,2.31129,0.98514,3.06909,0.11367,0,0.000280351,9.09E-06,0,0.000441645,0,0,0,0.003879631,357.6793262,7.68E-05,0.016337788,6.446516189,0,0.0389,0.1092,0.1823,,0.431163356,1.7085,0,0,,0,0,0,0,0,0,0,0.125119344
20,117,20117,0,0,0,0,0,0,0,0,0,0,0,0,0,0.827939758,0.097027699,0,0,0.022348111,5.890042293,0.126316,0.98856,2.8833,1.67506,0.71396,2.22426,0.08238,0,0.000150958,4.89E-06,0,0.000993702,0,0,0,0.002811683,257.4973279,5.56E-05,0.011840477,4.186147589,0,0.0282,0.1092,0.1335,,0.312476795,1.2382,0,0,,0,0,0,0,0,0,0,0.420449867
20,118,20118,0,0,0,0,0,0,0,0,0,0,0,0,0,0,0.121284624,0,0,0,4.839015081,0.103776,0.81216,2.3688,1.37616,0.58656,1.82736,0.06768,0,0.000539136,1.75E-05,0,0.00038644,0.002382738,0,0,0.002309962,184.2707048,4.57E-05,0.009727646,4.172600144,0,0.0232,0.1092,0.0864,,0.256718008,1.0172,0,0,,0,0,0,0,0,0,0,0.642419506
20,119,20119,0,0,0,0,0,0,0,0,0,0,0,0,0,0.20698494,0,0,0,0,0.776473165,0.016652,0.13032,0.3801,0.22082,0.09412,0.29322,0.01086,0,0.000269568,8.74E-06,0,0,0,2.54E-05,0,0.000370659,29.19442398,7.34E-06,0.001560908,0.832709785,0,0.0037,0,0.0528,,0.041193226,0.1632,0,0,,0,0,0,0,0,0,0,0.1014135
20,120,20120,0,0,0,0,0,0,0,0,0.24432795,0,0,0,0,0.20698494,0,0,0,0,0.748588769,0.016054,0.12564,0.36645,0.21289,0.09074,0.28269,0.01047,0,5.39E-05,1.75E-06,0,0.000607262,0,0,0,0.000357348,0,7.07E-06,0.001504853,1.067617264,0,0.0036,0,0.0035,,0.039713912,0.1574,0,0,,0,0,0,0,0,0,0,2.01E-05
20,121,20121,0,0,0,0,0,0,0,0,0,0,0,0,0,0,0,0,0,0,1.396364724,0.029946,0.23436,0.68355,0.39711,0.16926,0.52731,0.01953,0,2.16E-05,6.99E-07,0,0,0.002723129,2.54E-05,0,0.000666572,60.75985747,1.32E-05,0.002807047,1.596177395,0,0.0067,0,0.0697,,0.074079531,0.2935,0,0,,0,0,0,0,0,0,0,0.448819747
20,122,20122,0,0,0,0,0,0,0,0,0,0,0,0.033411846,0,0,0,0,0,0,1.374915189,0.029486,0.23076,0.67305,0.39101,0.16666,0.51921,0.01923,0,7.55E-05,2.45E-06,0,0.000220823,0,0,0,0.000656332,55.69925756,1.30E-05,0.002763928,1.375072169,0,0.0066,0.0546,0.047,,0.072941597,0.289,0,0,,0,0,0,0,0,0,0,0
20,123,20123,0,0,0,0,0,0,0,0,0,0,0,0,0,0,0.024256925,0,0,0,4.746782081,0.101798,0.79668,2.32365,1.34993,0.57538,1.79253,0.06639,0,0.000172523,5.59E-06,0,0.000441645,0,2.54E-05,0.019479093,0.002265934,188.7458031,4.48E-05,0.009542234,4.454910929,0,0.0227,0.1638,0.33,,0.25182489,0.9978,0,0,,0,0,0,0,0,0,0,1.359308043
20,124,20124,0,0,0,0,0,0,0,0,0.732983851,0,0,0.367530303,0,1.655879517,0.339596947,0,0,0.201132996,38.48904549,0.825424,6.45984,18.8412,10.94584,4.66544,14.53464,0.53832,56.46317884,0.016777905,0.000544018,0,0.012807711,0,0,0,0.018373209,440.2788215,0.000363595,0.07737273,32.19165049,0,0.1843,1.8288,0.597,,2.041909543,8.091,0,0,,0,0,0,0,0,0,0,2.935093222
20,125,20125,0,0,0,0,0,0,46.10196297,0,0,4.911796768,0,0,0,0,0.024256925,0,0,0,20.8425131,0.446982,3.49812,10.20285,5.92737,2.52642,7.87077,0.29151,0,4.31E-05,1.40E-06,0,0.000110411,0.000680782,0,0,0.009949425,843.2641565,0.000196893,0.04189873,15.6954396,0,0.0998,0,0.6691,,1.105730887,4.3814,0,0,,0,0,0,0,0,0,0,0
20,126,20126,0,0,0,0,0,0,0,0,0,0,0,0,0,0,0,0,0,0.033522166,8.500450695,0.182298,1.42668,4.16115,2.41743,1.03038,3.21003,0.11889,20.53866274,0.006103017,0.000197888,0,0.000772879,0,0,0,0.004057792,358.9684695,8.03E-05,0.017088059,6.135509692,0,0.0407,0,0.2699,,0.450963415,1.7869,0,0,,0,0,0,0,0,0,0,0
20,127,20127,0,0,0,0,0,0,0,0,0,0,0,0,0,0,0,0,0,0,2.552494657,0.05474,0.4284,1.2495,0.7259,0.3094,0.9639,0.0357,0,0.000603832,1.96E-05,0,0,0.000340391,2.54E-05,0,0.001218464,119.713407,2.41E-05,0.005131161,2.169313121,0,0.0122,0,0.0519,,0.135414197,0.5366,0,0,,0,0,0,0,0,0,0,0.126896893
20,128,20128,0,0,0,0,0,0,0,0,0,0,0,0,0,0,0.04851385,0,0,0.011174055,2.307969959,0.049496,0.38736,1.1298,0.65636,0.27976,0.87156,0.03228,0,0.000107827,3.50E-06,0,0.000662468,0,0,0,0.001101737,0,2.18E-05,0.004639604,3.079885126,0,0.011,0,0.0385,,0.122441745,0.4852,0,0,,0,0,0,0,0,0,0,0.000297656
20,129,20129,0,0,0,0,0,0,0,0,0.24432795,0,0,0,0,0,0.04851385,0,0,0,0.493339304,0.01058,0.0828,0.2415,0.1403,0.0598,0.1863,0.0069,0,0.000183306,5.94E-06,0,0.000165617,0.001701956,0,0,0.000235501,14.122865,4.66E-06,0.000991737,0.62601595,0,0.0024,0.1911,0.0355,,0.026172492,0.1037,0,0,,0,0,0,0,0,0,0,0.259124495
20,130,20130,0,0,0,0,0,0,0,0,0,0,0,0,0,0,0.097027699,0,0,0.022348111,11.484081,0.246284,1.92744,5.6217,3.26594,1.39204,4.33674,0.16062,0,0.00039896,1.29E-05,0,0.000772879,0.000340391,2.54E-05,0,0.005482064,376.8841361,0.000108487,0.023085911,9.489293591,0,0.055,0.0819,0.1132,,0.609250094,2.4141,0,0,,0,0,0,0,1.2092,0.1746,0,0.60524987
20,131,20131,0,0,0,0,0,0,0,0.53507402,0.488655901,0,0,0.066823691,0,0.413969879,0.266826173,0,0,0.100566498,19.32817593,0.414506,3.24396,9.46155,5.49671,2.34286,7.29891,0.27033,23.26021699,0.00691172,0.00022411,0,0.001932198,0.001701956,0,0,0.009226537,648.8928226,0.000182588,0.038854529,15.87253891,4.1496,0.0925,0.8189,0.7176,,1.025392716,4.0631,0,0,,0,0,0,0,0,0,0,0.972069083
20,132,20132,0,0,0,0,0,0,0,0,0,0,0,0,0,0,0.145541549,0,0,0,2.346579122,0.050324,0.39384,1.1487,0.66734,0.28444,0.88614,0.03282,0,8.63E-05,2.80E-06,0,0.000110411,0.004765476,0,0,0.001120168,43.18222718,2.22E-05,0.004717218,1.853849399,9.9061,0.0112,0,0.1125,,0.124490027,0.4933,0,0,,0,0,0,0,0,0,0,0.901571733
20,133,20133,0,0,0,0,0,0,0,0,0.732983851,0,0,0,0,0.620954819,0.024256925,0,0,0.011174055,8.367463578,0.179446,1.40436,4.09605,2.37961,1.01426,3.15981,0.11703,0,8.63E-05,2.80E-06,0,0.001214524,0,0,0.009739546,0.003994309,365.5926176,7.90E-05,0.016820721,6.889926413,0,0.0401,0,0.1856,,0.443908222,1.759,0,0,,0,0,0,0,0,0,0,0.519809197
20,134,20134,0,0,0,0,0,0,0,0,0.24432795,0,0,0,0.00438965,0.20698494,0.04851385,0,0,0.011174055,58.70523217,1.258974,9.85284,28.73745,16.69509,7.11594,22.16889,0.82107,0,0.001013575,3.29E-05,0,0.003257133,0,0,0,0.028023649,2453.619217,0.000554572,0.118012385,39.19784118,1.7659,0.2811,0.5732,1.0041,,3.114412745,12.3408,0,0,,0,0,0,0,0,0,0,10.73072745
20,135,20135,0,0,0,0,0,0,0,0,0,0,0,0,0,0,0.072770774,0,0,0,13.16357959,0.282302,2.20932,6.44385,3.74357,1.59562,4.97097,0.18411,0,0.000280351,9.09E-06,0,0.001048907,0.000340391,0,0,0.006283793,420.8820556,0.000124353,0.026462129,10.22385413,0,0.063,0,0.2194,,0.69835036,2.7672,0,0,,0,0,0,0,0,0,0,1.438741676
20,136,20136,0,0,0,0,0,0,0,0,0,0,0,0,0,0,0.194055398,0,0,0,25.48419246,0.546526,4.27716,12.47505,7.24741,3.08906,9.62361,0.35643,0,0.000323481,1.05E-05,0,0.00253946,0,0,0,0.012165186,1253.380712,0.000240742,0.051229681,17.23557847,0,0.122,0.0546,0.9587,,1.351979898,5.3572,0,0,,0,0,0,0,0,0,0,8.060555607
20,137,20137,0,0,0,0,0,0,0,0,0,0,0,0,0,0,0,0,0,0,6.769473226,0.145176,1.13616,3.3138,1.92516,0.82056,2.55636,0.09468,0,0,0,0,0.00038644,0,0,0.009739546,0.00323149,266.9388822,6.39E-05,0.013608356,5.153212715,0,0.0324,0,0.2211,,0.359132106,1.4231,0,0,,0,0,0,0,0,0,0,0
20,138,20138,0,0,0,0,0,0,0,0,0,0,0,0,0,0,0,0,0,0.011174055,0.752878676,0.016146,0.12636,0.36855,0.21411,0.09126,0.28431,0.01053,0,9.70E-05,3.15E-06,0,0.000220823,0,0,0.009739546,0.000359396,23.99235752,7.11E-06,0.001513477,1.121084722,0,0.0036,0.0273,0.0187,,0.039941499,0.1583,0,0,,0,0,0,0,0,0,0,0.000122349
20,139,20139,0,0,0,0,0,0,0,0,0,0,0,0,0,0,0,0,0,0,4.405734476,0.094484,0.73944,2.1567,1.25294,0.53404,1.66374,0.06162,0,1.08E-05,3.50E-07,0,5.52E-05,0,0,0,0.00210313,162.1748298,4.16E-05,0.008856642,3.175508228,0,0.0211,0.0273,0.082,,0.233731732,0.9262,0,0,,0,0,0,0,0,0,0,0.061785124
20,140,20140,0,0,0,0,0,0,0,0,0,0,0,0,0,0,0,0,0,0,1.389929864,0.029808,0.23328,0.6804,0.39528,0.16848,0.52488,0.01944,0,2.16E-05,6.99E-07,0,0,0.002042347,0,0,0.0006635,44.43927039,1.31E-05,0.002794111,1.233510356,0,0.0067,0,0.1171,,0.073738151,0.2922,0,0,,0,0,0,0,0,0,0,0.501346739
20,141,20141,0,0,0,0,0,0,0,0,0,0,0,0,0,0,0.145541549,0,0,0.089392443,16.4560832,0.352912,2.76192,8.0556,4.67992,1.99472,6.21432,0.23016,0,0.00075479,2.45E-05,0,0.001490553,0.004425085,0,0,0.007855509,530.5519129,0.000155456,0.033080895,11.92234368,0,0.0788,0.1911,0.2762,,0.873023296,3.4593,0,0,,0,0,0,0,0,0,0,2.083185598
20,142,20142,0,0,0,0,0,0,0,0,0,0,0,0,0,0,0,0,0,0,2.631857937,0.056442,0.44172,1.28835,0.74847,0.31902,0.99387,0.03681,0,0,0,0,0,0,0,0,0.001256349,93.8553914,2.49E-05,0.005290701,2.41827934,0,0.0126,0,0.0737,,0.139624555,0.5533,0,0,,0,0,0,0,0,0,0,0.02883703
20,143,20143,0,0,0,0,0,0,0,0,0.24432795,0,0,0,0,0.620954819,0.097027699,0,0,0.011174055,19.19304386,0.411608,3.22128,9.3954,5.45828,2.32648,7.24788,0.26844,0,0.0008734,2.83E-05,0,0.003974807,0.007828996,2.54E-05,0,0.009162031,415.6778139,0.000181311,0.038582879,18.76143889,0,0.0919,0.3821,0.2619,,1.018223729,4.0347,0,0,,0,0,0,0,1.3404,0.1935,0,3.915691848
20,144,20144,0,0,0,0,0,0,0,0,0,0,0,0,0,0,0.024256925,0,0,0.011174055,1.756716911,0.037674,0.29484,0.85995,0.49959,0.21294,0.66339,0.02457,0,0.000452874,1.47E-05,0,0.000165617,0.001361565,2.54E-05,0,0.00083859,49.9505412,1.66E-05,0.003531446,1.865729534,0,0.0084,0.0546,0.0775,,0.09319683,0.3693,0,0,,0,0,0,0,0,0,0,0.397332893
20,145,20145,0,0,0,0,0,0,0,0,0,0,0,0,0,6.623518067,0.04851385,0,0,0.022348111,4.023932754,0.086296,0.67536,1.9698,1.14436,0.48776,1.51956,0.05628,0,0.000593049,1.92E-05,0,0.00165617,0.001701956,0,0,0.001920873,5.119629904,3.80E-05,0.008089124,3.816655643,9.5629,0.0193,0.0819,0.0691,,0.213476499,0.8459,0,0,,0,0,0,0,0,0,0,0.443835424
20,146,20146,0,0,0,0,0,0,0,0,0,0,0,0,0,0,0,0,0,0,5.450326827,0.116886,0.91476,2.66805,1.55001,0.66066,2.05821,0.07623,4.31819941,0.001283143,4.16E-05,0,0.000276028,0,0,0,0.002601779,224.7202432,5.15E-05,0.010956537,3.032146792,0,0.0261,0,0.0822,,0.289149139,1.1457,0,0,,0,0,0,0,0,0,0,0
20,147,20147,0,0,0,0,0,0,0,0,0,0,0,0,0,0,0,0,0,0,0.707834653,0.01518,0.1188,0.3465,0.2013,0.0858,0.2673,0.0099,0,2.16E-05,6.99E-07,0,0,0.000340391,0,0,0.000337893,22.72390651,6.69E-06,0.001422927,0.70428704,0,0.0034,0,0.0432,,0.037551836,0.1488,0,0,,0,0,0,0,0,0,0,0.15602077
20,148,20148,0,0,0,0,0,0,0,0,0,0,0,0,0,0,0,0,0,0.022348111,3.925264893,0.08418,0.6588,1.9215,1.1163,0.4758,1.4823,0.0549,0,2.16E-05,6.99E-07,0,0.000276028,0,0,0,0.001873772,144.5708697,3.71E-05,0.007890777,2.526021001,0,0.0188,0,0.0625,,0.208242001,0.8252,0,0,,0,0,0,0,0,0,0,0
20,149,20149,0,0,0,0,0,0,0,0,0,0,0,0,0,0,0.024256925,0,0,0.022348111,2.809889077,0.06026,0.4716,1.3755,0.7991,0.3406,1.0611,0.0393,0,0.000161741,5.24E-06,0,0.000276028,0,2.54E-05,0,0.001341334,75.4868543,2.65E-05,0.005648589,2.274626205,0,0.0135,0.0273,0.0799,,0.14906941,0.5907,0,0,,0,0,0,0,0,0,0,0
20,150,20150,0,0,0,0,0,0,0,0.53507402,2.198951553,0,0,0,0,1.862864456,0.630680044,0.145541549,0,0.055870277,22.83088499,0.489624,3.83184,11.1762,6.49284,2.76744,8.62164,0.31932,0,0.003051508,9.89E-05,0,0.010654691,0.001021173,0,0,0.010898598,246.7341528,0.000215677,0.045895861,18.0611663,0,0.1093,1.6651,0.2008,,1.211217409,4.7994,0,0,,0,0,0,0,1.3335,0.1926,0,2.41478244
20,151,20151,0,0,0,0,0,0,0,0,0,0,0,0,0,0,0,0,0,0,0.810792421,0.017388,0.13608,0.3969,0.23058,0.09828,0.30618,0.01134,0,0.000291133,9.44E-06,0,0,0,0,0,0.000387042,34.14067267,7.66E-06,0.001629898,0.725327392,0,0.0039,0,0.0521,,0.043013921,0.1704,0,0,,0,0,0,0,0,0,0,0.244432539
20,152,20152,0,0,0,0,0,0,0,0,0,0,0,0,0,0,0.024256925,0,0,0,2.434522215,0.05221,0.4086,1.19175,0.69235,0.2951,0.91935,0.03405,0,0.00011861,3.85E-06,0,0.000220823,0.000680782,0,0,0.001162148,88.35244041,2.30E-05,0.004894006,1.93136744,0,0.0117,0.1638,0.1692,,0.129155558,0.5118,0,0,,0,0,0,0,0,0,0,0.313601747
20,153,20153,0,0,0,0,0,0,0,0,0,0,0,0,0.006584475,1.655879517,0.121284624,0,0,0.067044332,8.431812183,0.180826,1.41516,4.12755,2.39791,1.02206,3.18411,0.11793,0,0.000905748,2.94E-05,0,0.003367545,0,0,0,0.004025027,304.820859,7.97E-05,0.016950078,7.1682735,0,0.0404,0.3821,0.1647,,0.447322025,1.7725,0,0,,0,0,0,0,0,0,0,0.879530812
20,154,20154,0,0,0,0,0,0,0,0,0,0,0,0,0,0,0,0,0,0.033522166,4.55588122,0.097704,0.76464,2.2302,1.29564,0.55224,1.72044,0.06372,0,0.000107827,3.50E-06,0,5.52E-05,0,0,0,0.002174805,174.9344796,4.30E-05,0.009158475,3.630926024,0,0.0218,0,0.1211,,0.241697273,0.9577,0,0,,0,0,0,0,0,0,0,0
20,155,20155,0,0,0,0,0,0,0,0,0,0,0,0,0,0,0,0,0,0,1.688078399,0.036202,0.28332,0.82635,0.48007,0.20462,0.63747,0.02361,0,0,0,0,0.00038644,0,0,0,0.000805825,73.66914453,1.59E-05,0.003393465,1.173047889,0,0.0081,0,0.0516,,0.08955544,0.3549,0,0,,0,0,0,0,0,0,0,0
20,156,20156,0,0,0,0,0,0,7.512672214,0,0,0.800415356,0,0,0,0.20698494,0.072770774,0,0,0.033522166,6.306163271,0.13524,1.0584,3.087,1.7934,0.7644,2.3814,0.0882,0,0.000172523,5.59E-06,0,0.002429049,0,0,0,0.003010323,200.9941166,5.96E-05,0.012676985,6.688188539,0,0.0302,0.0546,0.1668,,0.334552723,1.3257,0,0,,0,0,0,0,0,0,0,0.001361364
20,157,20157,2.851606898,1.037384054,0.720057782,0.017098773,0.038958919,0.075438813,0,1.605222061,4.397903107,0,0,0,0,1.034924698,1.261360089,2.304407855,0,0.178784885,22.42119887,0.480838,3.76308,10.97565,6.37633,2.71778,8.46693,0.31359,14.47866861,0.004302303,0.000139501,0,0.015512788,0,0,0,0.010703029,6.699645952,0.000211807,0.045072288,21.42749664,21.185,0.1073,0.4094,0.0184,,1.189482861,4.7133,0.0022,0,,0,0,0,0,0,0,0.034983388,0.140001778
20,158,20158,0,0,0,0,0,0,0,0,0,0,0,0,0,0,0.072770774,0,0,0,4.41431429,0.094668,0.74088,2.1609,1.25538,0.53508,1.66698,0.06174,0,3.23E-05,1.05E-06,0,0.000496851,0,0,0,0.002107226,151.0884125,4.17E-05,0.00887389,3.444324525,0,0.0211,0,0.1896,,0.234186906,0.928,0,0.0123,,0,0,0,0,0,0,0,0
20,159,20159,0,0,0,0,0,0,0,0,0,0,0,0,0,0,0,0,0,0,10.87276926,0.233174,1.82484,5.32245,3.09209,1.31794,4.10589,0.15207,0,1.08E-05,3.50E-07,0,0.000220823,0,0,0,0.005190247,396.7053549,0.000102712,0.02185702,6.66499818,0,0.0521,0.0273,0.2603,,0.576818963,2.2856,0,0,,0,0,0,0,0,0,0,0
20,160,20160,0,0,0,0,0,0,0,0,0,0,0,0,0,1.448894577,0.097027699,0,0,0.011174055,3.547753078,0.076084,0.59544,1.7367,1.00894,0.43004,1.33974,0.04962,0,0.001024358,3.32E-05,0,0.000331234,0.000340391,0,0,0.001693563,112.3811523,3.35E-05,0.007131882,3.299032961,0,0.017,0,0.0545,,0.188214355,0.7458,0,0,,0,0,0,0,0,0,0,0.15602077
20,161,20161,0,0,0,0,0,0,0,0,0,0,0,0.100235537,0,0,0,0,0,0,6.083088108,0.130456,1.02096,2.9778,1.72996,0.73736,2.29716,0.08508,0,0.000204872,6.64E-06,0,0,0.000340391,0.000101643,0,0.002903835,255.654686,5.75E-05,0.012228548,5.307395352,0,0.0291,0.2184,0.4076,,0.322718205,1.2788,0,0,,0,0,0,0,0.9881,0.1427,0,0.046667259
20,162,20162,0,0,0,0,0,0,0,0,0,0,0,0,0,0,0,0,0,0,4.111875847,0.088182,0.69012,2.01285,1.16937,0.49842,1.55277,0.05751,0,0.000107827,3.50E-06,0,0.000331234,0,0,0,0.001962853,157.2987051,3.88E-05,0.008265912,2.3708264,0,0.0197,0.0273,0.1121,,0.21814203,0.8644,0,0,,0,0,0,0,0,0,0,1.142851393
20,163,20163,0,0,0,0,0,0,0,0,0,0,0,0,0,0.413969879,0.04851385,0,0,0,3.215285287,0.068954,0.53964,1.57395,0.91439,0.38974,1.21419,0.04497,0,0.000334264,1.08E-05,0,0.000772879,0,0,0,0.001534855,110.302929,3.04E-05,0.006463538,3.098915719,0,0.0154,0.1911,0.0398,,0.170576371,0.6759,0,0,,0,0,0,0,0,0,0,0.038489093
20,164,20164,0,0,0,0,0,0,0,0,0,0,0,0,0,0,0.024256925,0,0,0,6.076653247,0.130318,1.01988,2.97465,1.72813,0.73658,2.29473,0.08499,0,0.000172523,5.59E-06,0,0.000441645,0.001021173,0,0,0.002900764,202.33596,5.74E-05,0.012215612,4.683425801,0,0.0291,0.1365,0.0714,,0.322376824,1.2774,0,0,,0,0,0,0,0,0,0,0.290978735
20,165,20165,0,0,0,0,0,0,0,0,0,0,0,7.350606054,0,0,0,0,0,0,3.015804612,0.064676,0.50616,1.4763,0.85766,0.36556,1.13886,0.04218,0,0.002436894,7.90E-05,0,0.000165617,0.000340391,0,0,0.001439631,92.03931897,2.85E-05,0.006062531,2.39383414,0,0.0144,0.0546,0.1098,,0.159993581,0.634,0,0,,0,0,0,0,0,0,0,0.330243962
20,166,20166,0,0,0,0,0,0,0,0,0,0,0,0,0,2.069849396,0.121284624,0,0,1.106231477,21.28222856,0.456412,3.57192,10.4181,6.05242,2.57972,8.03682,0.29766,4.68107331,0.00139097,4.51E-05,0,0.003312339,0.006807823,0,0,0.010159328,804.8563668,0.000201047,0.04278267,17.83752895,0,0.1019,0.0546,0.1912,83.3757,1.129058543,4.4739,0,0,,0,0,0,0,0,0,0,11.59863584
20,167,20167,0,0,0,0,0,0,0,0,0,0,0,0,0,0,0,0,0,0,4.081846498,0.087538,0.68508,1.99815,1.16083,0.49478,1.54143,0.05709,0,7.55E-05,2.45E-06,0,0,0,0,0,0.001948519,154.41268,3.86E-05,0.008205545,3.270148842,0,0.0195,0,0.1803,,0.216548922,0.8581,0,0,,0,0,0,0,0,0,0,0
20,168,20168,0,0,0,0,0,0,0,0,0,0,0,0,0,0,0.072770774,0,0,0,2.048430586,0.04393,0.3438,1.00275,0.58255,0.2483,0.77355,0.02865,0,5.39E-05,1.75E-06,0,0.001435347,0.000340391,2.54E-05,0,0.000977843,72.97012874,1.94E-05,0.004117864,1.974607315,0,0.0098,0,0.0285,,0.108672738,0.4306,0,0,,0,0,0,0,0,0,0,0.208428139
20,169,20169,0,0,0,0,0,0,0,0,0,0,0,0,0,0,0,0,0,0,7.648904158,0.164036,1.28376,3.7443,2.17526,0.92716,2.88846,0.10698,0,5.39E-05,1.75E-06,0,0.000496851,0.000680782,0,0,0.003651296,351.7276578,7.23E-05,0.015376235,6.367806057,0,0.0366,0.0546,0.125,,0.405787418,1.6079,0,0,,0,0,0,0,0,0,0,0.813766656
20,170,20170,0,0,0,0,0,0,0,0,0,0,0,0,0,0,0.024256925,0,0,0,8.213026927,0.176134,1.37844,4.02045,2.33569,0.99554,3.10149,0.11487,0,0.000851834,2.76E-05,0,0.000441645,0,0,0,0.003920587,338.5204742,7.76E-05,0.016510264,5.412266188,0,0.0393,0,0.0512,,0.435715094,1.7265,0,0,,0,0,0,0,0,0,0,0
20,171,20171,0,0,0,0,0,0,0,0,0,0,0,0,0,0,0.097027699,0,0,0,38.51907484,0.826068,6.46488,18.8559,10.95438,4.66908,14.54598,0.53874,0,0.000248002,8.04E-06,0,0.001876992,0,0,0,0.018387544,1779.242503,0.000363879,0.077433096,30.68123228,0,0.1844,0.0819,0.8526,,2.043502652,8.0973,0,0,,0,0,0,0,0,0,0,1.069353327
20,172,20172,0,0,0,0,0,0,0,0,0,0,0,0,0,0.827939758,0,0,0,0,0.817227281,0.017526,0.13716,0.40005,0.23241,0.09906,0.30861,0.01143,0,0.000140175,4.55E-06,0,5.52E-05,0,0,0,0.000390113,29.43915179,7.72E-06,0.001642834,1.003719292,0,0.0039,0.1365,0.033,,0.043355302,0.1718,0,0,,0,0,0,0,0,0,0,0.111294816
20,173,20173,0,0,0,0,0,0,0,0,0,0,0,0,0,0,0.04851385,0,0,0,2.618988216,0.056166,0.43956,1.28205,0.74481,0.31746,0.98901,0.03663,0,2.16E-05,6.99E-07,0,5.52E-05,0,2.54E-05,0.009739546,0.001250206,101.163486,2.47E-05,0.00526483,3.087183684,0,0.0125,0,0.0311,,0.138941794,0.5506,0,0,,0,0,0,0,0,0,0,0.000241959
20,174,20174,0,0,0,0,0,0,0,0.26753701,2.198951553,0,0,0,0,0,0.024256925,0,0,0,7.035447459,0.15088,1.1808,3.444,2.0008,0.8528,2.6568,0.0984,0,0.000215654,6.99E-06,0,0.00342275,0.001361565,2.54E-05,0,0.003358456,23.89473667,6.65E-05,0.014143031,6.14125189,0,0.0337,0.0546,0.0971,,0.373242493,1.479,0.0007,0,,0,0,0,0,0,0,0,0.65234871
20,175,20175,0,0,0,0,0,0,0,0,0,0,0,0,0,0,0,0,0,0,2.784149635,0.059708,0.46728,1.3629,0.79178,0.33748,1.05138,0.03894,0,1.08E-05,3.50E-07,0,0.000110411,0.000680782,2.54E-05,0,0.001329047,121.9719358,2.63E-05,0.005596846,2.258366787,0,0.0133,0,0.1562,,0.147703889,0.5853,0,0,,0,0,0,0,0,0,0,0.510361091
20,176,20176,0,0,0,0,0,0,15.51293569,0,0,1.652779675,0,0,0,0,0.024256925,0,0,0.044696221,5.995145014,0.12857,1.0062,2.93475,1.70495,0.7267,2.26395,0.08385,0,0.000215654,6.99E-06,0,0.001490553,0.001701956,0,0,0.002861855,225.6206251,5.66E-05,0.01205176,6.021689492,0,0.0287,0.0819,0.1438,,0.318052674,1.2603,0,0,,0,0,0,0,0,0,0,0.844852467
20,177,20177,0.356450862,0.129673007,0.090007223,0.002137347,0.004869865,0.009429852,27.66086388,0.53507402,0.24432795,2.947044617,0,0,0,0,0.121284624,0,0,0.022348111,19.95021244,0.427846,3.34836,9.76605,5.67361,2.41826,7.53381,0.27903,0,0.000506788,1.64E-05,0,0.006845501,0.001361565,0,0,0.009523474,647.086489,0.000188464,0.04010498,18.19076658,0,0.0955,0.273,0.1793,1.1822,1.058392814,4.1939,0,0.0362,,0,0,0,0,1.7274,0.2494,0,0.206446918
20,178,20178,0,0,0,0,0,0,0,0,0,0,0,0,0,9.521307221,0,0,0,0,11.61277821,0.249044,1.94904,5.6847,3.30254,1.40764,4.38534,0.16242,0,0.000506788,1.64E-05,0,0.000165617,0.000680782,0,0,0.0055435,178.7104073,0.000109703,0.023344625,8.980832013,0,0.0556,0,0.0931,,0.616077701,2.4412,0,0,,0,0,0,0,0,0,0,0.888663768
20,179,20179,0,0,0,0,0,0,0,0,0,0,0,0,0,0,0.024256925,0,0,0.022348111,2.822758798,0.060536,0.47376,1.3818,0.80276,0.34216,1.06596,0.03948,0,0.00023722,7.69E-06,0,0.000110411,0,2.54E-05,0,0.001347478,110.2290522,2.67E-05,0.00567446,2.247835005,0,0.0135,0.0819,0.1167,,0.149752171,0.5934,0,0,,0,0,0,0,0,0,0,1.074339885
20,180,20180,0,0,0,0,0,0,0,0,0,0,0,0,0,0,0,0,0,0,4.403589522,0.094438,0.73908,2.15565,1.25233,0.53378,1.66293,0.06159,0,0.000140175,4.55E-06,0,0.000110411,0.002382738,0,0,0.002102106,114.5497894,4.16E-05,0.00885233,3.94270971,0,0.0211,0,0.0386,,0.233617939,0.9257,0,0,,0,0,0,0,0,0,0,0.21777147
20,181,20181,0,0,0,0,0,0,0,0,0,0,0,0,0,0,0,0,0,0,0.885865793,0.018998,0.14868,0.43365,0.25193,0.10738,0.33453,0.01239,0,0,0,0,0,0.000680782,0,0,0.000422879,29.4108694,8.37E-06,0.001780815,0.905439875,0,0.0042,0,0.0275,,0.046996692,0.1862,0,0,,0,0,0,0,0,0,0,0.120656062
20,182,20182,0,0,0,0,0,0,0,0,0,0,0,0,0,0,0,0,0,0,4.937682942,0.105892,0.82872,2.4171,1.40422,0.59852,1.86462,0.06906,0,0,0,0,0.000110411,0,0,0,0.002357062,235.738319,4.66E-05,0.009925993,3.254893599,0,0.0236,0,0.1378,,0.261952506,1.038,0,0,,0,0,0,0,0,0,0,0.101763733
20,183,20183,0,0,0,0,0,0,0,0,0,0,0,0,0,0,0.024256925,0,0,0,3.028674333,0.064952,0.50832,1.4826,0.86132,0.36712,1.14372,0.04236,0,3.23E-05,1.05E-06,0,0.000110411,0,0,0,0.001445774,120.4926847,2.86E-05,0.006088403,2.454914078,0,0.0145,0,0.0367,,0.160676342,0.6367,0,0,,0,0,0,0,0,0,0,0.153420423
20,184,20184,41.70475089,15.17174179,10.53084506,0.250069559,0.569774184,1.103292643,31.82474676,7.491036284,32.25128945,3.390673156,0,0.968943525,0.006584475,17.59371987,4.681586484,0.55790927,0,0.703965485,316.3162917,6.78362,53.0892,154.8435,89.9567,38.3422,119.4507,4.4241,177.4816245,0.052738259,0.001710022,0,0.153582124,0.058887667,7.62E-05,0.038958185,0.15099739,3981.38399,0.00298815,0.635875862,309.993553,76.8252,1.5144,3.5212,1.0117,472.8772,16.78111906,66.4948,0,0.0708,,0,0,0,0,1.9001,0.2744,0.860463361,57.38367452
20,185,20185,0,0,0,0,0,0,0,0.53507402,0.732983851,0,0,0,0,0,0.04851385,0,0,0.011174055,18.18277076,0.389942,3.05172,8.90085,5.17097,2.20402,6.86637,0.25431,0,0.000711659,2.31E-05,0,0.001821787,0,2.54E-05,0.009739546,0.008679765,602.776776,0.000171767,0.036551975,13.53860472,4.3619,0.0871,0.1638,0.2075,,0.964627017,3.8223,0,0,,0,0,0,0,0,0,0,0.38181879
20,186,20186,0,0,0,0,0,0,0,0,0,0,0,0,0,0,0,0,0,0,1.108940956,0.023782,0.18612,0.54285,0.31537,0.13442,0.41877,0.01551,0,3.23E-05,1.05E-06,0,0.000331234,0.000340391,0,0,0.000529366,35.82606336,1.05E-05,0.002229252,1.164908629,0,0.0053,0,0.0587,,0.05883121,0.2331,0,0,,0,0,0,0,0,0,0,0.098813154
20,187,20187,0,0,0,0,0,0,0,0,0,0,0,0,0,0,0,0,0,0,4.167644638,0.089378,0.69948,2.04015,1.18523,0.50518,1.57383,0.05829,0,8.63E-05,2.80E-06,0,5.52E-05,0,0,0,0.001989475,163.6522003,3.94E-05,0.008378021,3.364547392,0,0.02,0.1365,0.172,,0.22110066,0.8761,0,0,,0,0,0,0,0,0,0,0.143708504
20,188,20188,0,0,0,0,0,0,0,0,0,0,0,0,0,0,0.097027699,0,0,0,18.72973391,0.401672,3.14352,9.1686,5.32652,2.27032,7.07292,0.26196,0,0.000194089,6.29E-06,0,0.000441645,0,0,0,0.008940864,712.2122061,0.000176934,0.037651509,14.02596085,0,0.0897,0,0.218,,0.993644345,3.9373,0,0,,0,0,0,0,0,0,0,0.3721161
20,189,20189,0,0,0,0,0,0,0,0,0,0,0,0,0,0,0.024256925,0,0,0,5.39670299,0.115736,0.90576,2.6418,1.53476,0.65416,2.03796,0.07548,0,2.16E-05,6.99E-07,0,0.000165617,0,0,0,0.002576181,187.9471223,5.10E-05,0.01084874,3.593313524,0,0.0258,0,0.1073,,0.286304303,1.1345,0,0,,0,0,0,0,0,0,0,2.680836121
20,190,20190,0,0,0,0,0,0,0,1.070148041,0,0,0,0,0,3.518743973,0.60642312,0,0,0.089392443,48.53171775,1.040796,8.14536,23.7573,13.80186,5.88276,18.32706,0.67878,27.86871552,0.008281125,0.000268513,0,0.006459061,0.015998383,0,0,0.0231672,1637.259773,0.000458465,0.097561045,40.02867018,4.934,0.2323,0.2457,0.5548,,2.574690444,10.2021,0,0.0285,,0,0,0,0,0,0,0,0.024384944
20,191,20191,0,0,0,0,0,0,0,0,0,0,0,0,0,0,0,0,0,0,0.568412676,0.01219,0.0954,0.27825,0.16165,0.0689,0.21465,0.00795,0,5.39E-05,1.75E-06,0,0,0,2.54E-05,0,0.000271339,18.14705643,5.37E-06,0.001142653,0.68572786,0,0.0027,0.0273,0.0294,,0.030155262,0.1195,0,0,,0,0,0,0,0,0,0,0.000182611
20,192,20192,0,0,0,0,0,0,0,0,0.732983851,0,0,0.066823691,0,0,0,0,0,0,2.745540472,0.05888,0.4608,1.344,0.7808,0.3328,1.0368,0.0384,0,0.00023722,7.69E-06,0,0.001324936,0.001021173,2.54E-05,0,0.001310617,15.87461904,2.59E-05,0.005519232,2.751169725,0,0.0131,0,0.1583,,0.145655607,0.5772,0,0,,0,0,0,0,0,0,0,0.70000889
20,193,20193,0,0,0,0,0,0,0,0,0.977311802,0,0,0,0,0,0,0,0,0.011174055,4.495822522,0.096416,0.75456,2.2008,1.27856,0.54496,1.69776,0.06288,0,0.000161741,5.24E-06,0,0.000552057,0.001701956,2.54E-05,0.009739546,0.002146135,93.176291,4.25E-05,0.009037742,4.161039354,0,0.0215,0,0.1163,,0.238511057,0.9451,0,0,,0,0,0,0,0,0,0,1.070368203
20,194,20194,0,0,0,0,0,0,0,0,0,0,0,0,0,0.20698494,0.04851385,0,0,0.011174055,2.438812122,0.052302,0.40932,1.19385,0.69357,0.29562,0.92097,0.03411,0,0.002868202,9.30E-05,0,0.000276028,0,2.54E-05,0,0.001164196,64.74785513,2.30E-05,0.00490263,2.715912371,0,0.0117,0.0546,0.1185,,0.129383145,0.5127,0,0,,0,0,0,0,0,0,0,1.117035463
20,195,20195,0,0,0,0,0,0,0,0,0,0,0,0,0,0,0.04851385,0,0,0,2.664032239,0.057132,0.44712,1.3041,0.75762,0.32292,1.00602,0.03726,0,5.39E-05,1.75E-06,0,0,0,0,0,0.001271708,135.7766904,2.52E-05,0.00535538,2.419957517,0,0.0128,0,0.0457,,0.141331456,0.56,0,0,,0,0,0,0,0,0,0,0.161221462
20,196,20196,0,0,0,0,0,0,0,0,0,0,0,0,0,0,0,0,0,0.011174055,0.855836444,0.018354,0.14364,0.41895,0.24339,0.10374,0.32319,0.01197,0,3.23E-05,1.05E-06,0,0.000276028,0,0,0,0.000408544,29.12199797,8.08E-06,0.001720448,0.884067923,0,0.0041,0.0546,0.0098,,0.045403584,0.1799,0,0,,0,0,0,0,0,0,0,7.03E-05
20,197,20197,0,0,0,0,0,0,0,0,0.488655901,0,0,0,0,0,0.04851385,0,0,0,6.061638573,0.129996,1.01736,2.9673,1.72386,0.73476,2.28906,0.08478,0,0.000560701,1.82E-05,0,0.001600964,0.001021173,0,0,0.002893596,134.5819394,5.73E-05,0.012185429,5.623848959,0,0.029,0.737,0.0344,,0.32158027,1.2743,0,0,,0,0,0,0,0.7808,0.1127,0,0.279010636
20,198,20198,0,0,0,0,0,0,0,0,0,0,0,0.066823691,0,0,0.291083097,0,0,0,61.41645338,1.317118,10.30788,30.06465,17.46613,7.44458,23.19273,0.85899,0,0.001714452,5.56E-05,0,0.00253946,0.002382738,0,0,0.029317883,2412.664519,0.000580184,0.123462627,54.19628054,0,0.294,0.3276,1.2237,,3.258247657,12.9107,0,0,,0,0,0,0,1.5408,0.2225,0,16.49724811
20,199,20199,0,0,0,0,0,0,0,0,0,0,0,0,0,0,0,0,0,0,1.47358305,0.031602,0.24732,0.72135,0.41907,0.17862,0.55647,0.02061,0,4.31E-05,1.40E-06,0,0.000165617,0,0,0,0.000703433,44.73569346,1.39E-05,0.002962275,1.344296491,0,0.0071,0,0.05,,0.078176095,0.3098,0,0,,0,0,0,0,0,0,0,0.151860216
20,200,20200,0,0,0,0,0,0,23.99398926,0,0,2.556368348,0,0,0,0,0.024256925,0,0,0.078218387,7.644614251,0.163944,1.28304,3.7422,2.17404,0.92664,2.88684,0.10692,0,0.00023722,7.69E-06,0,0.000276028,0,0,0,0.003649249,283.7923433,7.22E-05,0.015367611,6.656196799,0,0.0366,0.2184,0.1457,,0.405559831,1.607,0,0,,0,0,0,0,0,0,0,0
20,201,20201,0,0,0,0,0,0,0,0,0,0,0,0,0,0,0,0,0,0.011174055,4.307066615,0.092368,0.72288,2.1084,1.22488,0.52208,1.62648,0.06024,0,5.39E-05,1.75E-06,0,5.52E-05,0,0,0,0.00205603,165.3325223,4.07E-05,0.008658295,3.520841979,0,0.0206,0,0.0616,,0.228497234,0.9054,0,0,,0,0,0,0,0,0,0,0.000620877
20,202,20202,0,0,0,0,0,0,0,0,0,0,0,0,0,0.413969879,0.024256925,0,0,0.022348111,8.418942462,0.18055,1.413,4.12125,2.39425,1.0205,3.17925,0.11775,0,0.000129393,4.20E-06,0,0.001104113,0,0,0,0.004018884,290.466805,7.95E-05,0.016924207,5.87053443,3.7918,0.0403,0.1092,0.1536,,0.446639264,1.7698,0,0,,0,0,0,0,0,0,0,0.840181017
20,203,20203,0,0,0,0,0,0,0,0,0,0,0,0,0,0,0,0,0,0,7.462293204,0.160034,1.25244,3.65295,2.12219,0.90454,2.81799,0.10437,0,2.16E-05,6.99E-07,0,5.52E-05,0,0,0,0.003562216,295.2614601,7.05E-05,0.015001099,4.585335379,0,0.0357,0,0.0965,,0.395887389,1.5687,0,0,,0,0,0,0,0,0,0,0.617596496
20,204,20204,0,0,0,0,0,0,0,0,0,0,0,0,0,0,0,0,0,0,1.400654631,0.030038,0.23508,0.68565,0.39833,0.16978,0.52893,0.01959,0,1.08E-05,3.50E-07,0,0,0,0,0,0.000668619,49.24324261,1.32E-05,0.002815671,1.385956442,0,0.0067,0,0.0587,,0.074307118,0.2944,0,0,,0,0,0,0,0,0,0,0
20,205,20205,0,0,0,0,0,0,0,0,0,0,0,0,0,0,0,0,0,0,35.59121332,0.763278,5.97348,17.42265,10.12173,4.31418,13.44033,0.49779,0,0,0,0,0.000110411,0.001361565,0,0,0.016989894,1496.04282,0.00033622,0.071547353,26.00300458,0,0.1704,0,0.7833,,1.888174602,7.4818,0,0,,0,0,0,0,0,0,0,11.77336597
20,206,20206,0,0,0,0,0,0,0,0,0,0,0,0,0,0,0,0,0,0.011174055,5.381688315,0.115414,0.90324,2.63445,1.53049,0.65234,2.03229,0.07527,0,0.00023722,7.69E-06,0,0.000276028,0.000340391,0,0,0.002569014,166.3193811,5.08E-05,0.010818557,4.474422448,0,0.0258,0.1911,0.0353,,0.285507749,1.1313,0,0,,0,0,0,0,0,0,0,0.044387577
20,207,20207,0,0,0,0,0,0,0,0,0,0,0,0,0,0,0,0,0,0,33.51918824,0.718842,5.62572,16.40835,9.53247,4.06302,12.65787,0.46881,0,1.08E-05,3.50E-07,0,0.000662468,0.002723129,0,0,0.016000788,1261.447061,0.000316646,0.067382058,25.30093716,0,0.1605,0,0.4025,,1.778250136,7.0463,0,0,,0,0,0,0,0,0,0.627561746,0.019081011
20,208,20208,0,0,0,0,0,0,0,0,0,0,0,0,0,0.20698494,0.169798473,0,0,0.044696221,14.65003236,0.31418,2.4588,7.1715,4.1663,1.7758,5.5323,0.2049,0,0.000301916,9.79E-06,0,0.000938496,0.000680782,0,0,0.006993369,560.1630711,0.000138395,0.029450276,15.07598545,0,0.0701,0.0546,0.876,,0.777209217,3.0797,0,0,,0,0,0,0,0,0,0,1.201879995
20,209,20209,0,0,0,0,0,0,0,0,0,0,0,0,0,0,0,0,0,0,1.979792075,0.042458,0.33228,0.96915,0.56303,0.23998,0.74763,0.02769,0,0,0,0,0.000110411,0,2.54E-05,0,0.000945078,83.26437257,1.87E-05,0.003979884,1.551128275,0,0.0095,0,0.0335,,0.105031348,0.4162,0,0,,0,0,0,0,0,0,0,0
20,210,20210,0,0,0,0,0,0,0,0,0,0,0,0,0,0,0,0,0,0,11.62135803,0.249228,1.95048,5.6889,3.30498,1.40868,4.38858,0.16254,0,1.08E-05,3.50E-07,0,0.000165617,0.000340391,0,0,0.005547595,512.9056054,0.000109784,0.023361873,8.989615606,0,0.0556,0,0.4252,,0.616532875,2.443,0,0,,0,0,0,0,0,0,0,1.182637433
20,211,20211,0,0,0,0,0,0,0,0,0,0,0,0,0,0,0,0,0,0.033522166,5.883607433,0.126178,0.98748,2.88015,1.67323,0.71318,2.22183,0.08229,0,0.00011861,3.85E-06,0,0.000165617,0,0,0,0.002808611,234.6612462,5.56E-05,0.011827541,4.233464464,0,0.0282,0,0.0889,,0.312135414,1.2368,0,0,,0,0,0,0,0,0,0,0
20,212,20212,0,0,0,0,0,0,0,0,0,0,0,0,0,0.20698494,0,0,0,0,6.239669713,0.133814,1.04724,3.05445,1.77449,0.75634,2.35629,0.08727,0,0.000140175,4.55E-06,0,0.000110411,0,0,0,0.002978581,296.27298,5.89E-05,0.012543316,4.342043684,0,0.0299,0,0.1283,,0.331025126,1.3117,0,0,,0,0,0,0,0,0,0,0.934355062
20,213,20213,0,0,0,0,0,0,0,0,0,0,0,0,0,0,0,0,0,0,8.509030509,0.182482,1.42812,4.16535,2.41987,1.03142,3.21327,0.11901,0,0,0,0,0.000220823,0,2.54E-05,0,0.004061888,290.8362619,8.04E-05,0.017105306,4.632108881,0,0.0407,0,0.1258,,0.451418589,1.7887,0,0,,0,0,0,0,0,0,0,0.251551203
20,214,20214,0,0,0,0,0,0,0,0,0,0,0,0,0,0,0.04851385,0,0,0,4.987016873,0.10695,0.837,2.44125,1.41825,0.6045,1.88325,0.06975,0,0.000150958,4.89E-06,0,0.00088329,0,0,0,0.002380613,174.0317944,4.71E-05,0.010025167,3.916264859,0,0.0239,0.1911,0.0454,,0.264569755,1.0484,0,0,,0,0,0,0,0,0,0,0.000346048
20,215,20215,0,0,0,0,0,0,0,0,0,0,0,0,0,0,0.024256925,0,0,0.022348111,1.396364724,0.029946,0.23436,0.68355,0.39711,0.16926,0.52731,0.01953,0,0.000107827,3.50E-06,0,0,0.007488605,2.54E-05,0,0.000666572,33.17457031,1.32E-05,0.002807047,1.285501954,0,0.0067,0.1092,0.162,,0.074079531,0.2935,0,0,,0,0,0,0,0,0,0,0.682330832
20,216,20216,0,0,0,0,0,0,0,0,0,0,0,0,0,0,0.072770774,0,0,0.022348111,2.250056215,0.048254,0.37764,1.10145,0.63989,0.27274,0.84969,0.03147,0,0.000140175,4.55E-06,0,0.000441645,0,0,0,0.001074091,84.36594059,2.13E-05,0.004523183,2.038131721,0,0.0108,0,0.0276,,0.119369322,0.473,0,0,,0,0,0,0,0,0,0,0.000189002
20,217,20217,0,0,0,0,0,0,0,0,0,0,0,0,0,0,0,0,0,0,6.664370504,0.142922,1.11852,3.26235,1.89527,0.80782,2.51667,0.09321,0,0,0,0,0.000165617,0.002042347,2.54E-05,0,0.003181318,248.5593261,6.30E-05,0.013397073,5.112368952,0,0.0319,0,0.3551,,0.353556228,1.401,0,0,,0,0,0,0,0,0,0,1.185757848
20,218,20218,0,0,0,0,0,0,0,0,0,0,0,0,0,0,0,0,0,0,1.066041886,0.022862,0.17892,0.52185,0.30317,0.12922,0.40257,0.01491,0,0.000204872,6.64E-06,0,0,0,2.54E-05,0,0.000508888,37.10247592,1.01E-05,0.002143014,0.9716598,0,0.0051,0,0.0433,,0.056555341,0.2241,0,0,,0,0,0,0,0,0,0,0.109214539
20,219,20219,0,0,0,0,0,0,0,0,0,0,0,0,0,0.620954819,0.024256925,0,0,0,5.130728757,0.110032,0.86112,2.5116,1.45912,0.62192,1.93752,0.07176,0,0.000215654,6.99E-06,0,0.000276028,0.002042347,0,0,0.002449215,175.535669,4.85E-05,0.010314064,5.046088293,0,0.0246,0,0.085,,0.272193916,1.0786,0,0,,0,0,0,0,0,0,0,0.577879679
20,220,20220,0,0,0,0,0,0,0,0,0,0,0,0,0,0,0,0,0,0.022348111,6.327612806,0.1357,1.062,3.0975,1.7995,0.767,2.3895,0.0885,0,2.16E-05,6.99E-07,0,0.000110411,0,0,0,0.003020562,240.345159,5.98E-05,0.012720104,5.633782594,0,0.0303,0,0.1159,,0.335690657,1.3302,0,0,,0,0,0,0,0,0,0,0.051418092
20,221,20221,0,0,0,0,0,0,4.704837133,0,0,0.501262904,0,0.066823691,0,0,0,0,0,0,2.771279914,0.059432,0.46512,1.3566,0.78812,0.33592,1.04652,0.03876,0,0.000140175,4.55E-06,0,0,0.001021173,0,0,0.001322904,113.5920468,2.62E-05,0.005570975,2.620152378,3.4322,0.0133,0,0.078,,0.147021129,0.5826,0,0,,0,0,0,0,0,0,0,0.31152147
20,222,20222,0,0,0,0,0,0,0,0,0,0,0,0,0,0,0.04851385,0,0,0.011174055,3.187400891,0.068356,0.53496,1.5603,0.90646,0.38636,1.20366,0.04458,0,0.00035583,1.15E-05,0,0.000441645,0,0,0,0.001521544,146.8706745,3.01E-05,0.006407483,3.295782104,0,0.0153,0.0273,0.0363,,0.169097056,0.67,0,0,,0,0,0,0,0,0,0,0.00045744
20,223,20223,0,0,0,0,0,0,0,0,0,0,0,0,0,0,0,0,0,0.011174055,1.291262003,0.027692,0.21672,0.6321,0.36722,0.15652,0.48762,0.01806,0,1.08E-05,3.50E-07,0,0.000331234,0,0,0,0.000616399,47.06904459,1.22E-05,0.002595764,1.047232223,0,0.0062,0,0.0418,,0.068503653,0.2714,0,0,,0,0,0,0,0,0,0,0.00030496
20,224,20224,0,0,0,0,0,0,0,0,0,0,0,0,0,0,0,0,0,0,1.334161073,0.028612,0.22392,0.6531,0.37942,0.16172,0.50382,0.01866,0,2.16E-05,6.99E-07,0,0,0.005446258,2.54E-05,0.009739546,0.000636878,26.28326904,1.26E-05,0.002682002,1.526535543,0,0.0064,0.0546,0.1371,,0.070779522,0.2805,0,0,,0,0,0,0,0,0,0,0.69741284
20,225,20225,0,0,0,0,0,0,0,0,0,0,0,0,0,0.20698494,0.04851385,0,0,0,12.89760536,0.276598,2.16468,6.31365,3.66793,1.56338,4.87053,0.18039,0,0.00035583,1.15E-05,0,0.00038644,0.000340391,0,0,0.006156827,614.4093697,0.00012184,0.025927453,8.16827515,0,0.0617,0.273,0.2147,,0.684239973,2.7113,0,0,,0,0,0,0,0,0,0,0.386670134
20,226,20226,0,0,0,0,0,0,0,0,0,0,0,0,0,0.20698494,0.072770774,0,0,0,5.188642501,0.111274,0.87084,2.53995,1.47559,0.62894,1.95939,0.07257,0,0.001326274,4.30E-05,0,0.000772879,0,0,0.009739546,0.002476861,182.7945961,4.90E-05,0.010430486,4.831557493,0,0.0248,0,0.2283,,0.275266339,1.0907,0,0,,0,0,0,0,0,0,0,1.677539035
20,227,20227,0,0,0,0,0,0,0,2.407833091,3.176263355,0,0,0.066823691,0.01316895,1.034924698,0.630680044,0,0,0.022348111,25.70083276,0.551172,4.31352,12.5811,7.30902,3.11532,9.70542,0.35946,0,0.001714452,5.56E-05,0,0.00546536,0.00306352,0,0,0.012268602,89.24836358,0.000242788,0.051665183,21.87110761,0,0.123,0.4094,0.1852,,1.363473035,5.4027,0.0025,0,,0,0,0,0,0,0,0,0.504403569
20,228,20228,0,0,0,0,0,0,0,0,0,0,0,0,0,0,0,0,0,0.033522166,1.638744469,0.035144,0.27504,0.8022,0.46604,0.19864,0.61884,0.02292,0,8.63E-05,2.80E-06,0,0,0,0,0,0.000782274,59.31576669,1.55E-05,0.003294291,1.111749172,0,0.0078,0,0.0246,,0.086938191,0.3445,0,0,,0,0,0,0,0,0,0,0.007626322
20,229,20229,0,0,0,0,0,0,0,0,0,0,0,0,0,0,0,0,0,0,14.74870022,0.316296,2.47536,7.2198,4.19436,1.78776,5.56956,0.20628,0,9.70E-05,3.15E-06,0,0.000276028,0,0,0.009739546,0.00704047,533.7498356,0.000139327,0.029648623,8.307000573,0,0.0706,0.2457,0.2245,,0.782443715,3.1004,0,0,,0,0,0,0,0,0,0,0
20,230,20230,0,0,0,0,0,0,0,0,0,0,0,0,0,0,0.04851385,0,0,0,1.82964533,0.039238,0.30708,0.89565,0.52033,0.22178,0.69093,0.02559,0,6.47E-05,2.10E-06,0,5.52E-05,0.001021173,2.54E-05,0,0.000873403,61.93359549,1.73E-05,0.003678051,1.818048216,0,0.0088,0,0.0474,,0.097065807,0.3846,0,0,,0,0,0,0,0,0,0,0.14249897
20,231,20231,0,0,0,0,0,0,0,0,0,0,0,0,0,0,0,0,0,0,5.207947082,0.111688,0.87408,2.5494,1.48108,0.63128,1.96668,0.07284,0,5.39E-05,1.75E-06,0,0.000110411,0,0,0,0.002486076,177.276061,4.92E-05,0.010469293,3.945601008,0,0.0249,0.1365,0.048,,0.27629048,1.0948,0,0,,0,0,0,0,0,0,0,0.000566094
20,232,20232,0.712901725,0.259346013,0.180014446,0.004274693,0.00973973,0.018859703,0,0,0,0,0,0.066823691,0,0.413969879,0.121284624,0,0,0.089392443,43.66910818,0.936514,7.32924,21.37695,12.41899,5.29334,16.49079,0.61077,0,0.00051757,1.68E-05,0,0.008556876,0.000340391,0,0,0.020845975,1936.457685,0.00041253,0.087785968,31.28930927,9.4534,0.2091,0.2457,1.4304,13.0663,2.316720709,9.1799,0,0,,0,0,0,0,0,0,0,18.75026659
20,233,20233,0,0,0,0,0,0,0,0,0,0,0,0,0,0,0,0,0,0,3.444795311,0.073876,0.57816,1.6863,0.97966,0.41756,1.30086,0.04818,0,0.000161741,5.24E-06,0,0.000662468,0.002382738,0,0,0.001644415,142.6112644,3.25E-05,0.006924911,3.008092743,0,0.0165,0.1638,0.1069,,0.18275227,0.7242,0,0,,0,0,0,0,0,0,0,0.778449602
20,234,20234,0,0,0,0,0,0,0,0,0,0,0,0,0,0,0,0,0,0,16.50756209,0.354016,2.77056,8.0808,4.69456,2.00096,6.23376,0.23088,0,1.08E-05,3.50E-07,0,0.000441645,0,0,0,0.007880084,630.4407084,0.000155942,0.033184381,12.23473292,0,0.079,0,0.3043,,0.875754338,3.4702,0,0,,0,0,0,0,0,0,0,0.106768507
20,235,20235,0,0,0,0,0,0,0,0,0,0,0,0,0,0,0.024256925,0,0,0,7.207043738,0.15456,1.2096,3.528,2.0496,0.8736,2.7216,0.1008,5.15280938,0.001531146,4.96E-05,0,5.52E-05,0.000340391,0,0,0.003440369,289.4658065,6.81E-05,0.014487983,6.052508474,0,0.0345,0.0819,0.8264,,0.382345969,1.515,0,0,,0,0,0,0,0,0,0,0
20,236,20236,0,0,0,0,0,0,0,0,0,0,0,0,0,0,0,0,0,0.078218387,2.882817495,0.061824,0.48384,1.4112,0.81984,0.34944,1.08864,0.04032,0,0.000140175,4.55E-06,0,0.00038644,0,0,0,0.001376148,110.1229724,2.72E-05,0.005795193,2.293020064,0,0.0138,0,0.049,,0.152938388,0.606,0,0,,0,0,0,0,0,0,0,0
20,237,20237,0,0,0,0,0,0,0,0,0,0,0,0,0,0.20698494,0.072770774,0,0,0,4.28561708,0.091908,0.71928,2.0979,1.21878,0.51948,1.61838,0.05994,0,0.000215654,6.99E-06,0,0.000662468,0,2.54E-05,0,0.002045791,80.26681398,4.05E-05,0.008615176,3.963490088,0,0.0205,0.1911,0.0985,,0.227359299,0.9009,0,0,,0,0,0,0,0,0,0,0.322702958
20,238,20238,0,0,0,0,0,0,0,0,0,0,0,0,0,0,0,0,0,0,1.675208678,0.035926,0.28116,0.82005,0.47641,0.20306,0.63261,0.02343,0,0,0,0,0.000220823,0,0,0,0.000799681,59.7491801,1.58E-05,0.003367594,1.39824669,0,0.008,0,0.0656,,0.088872679,0.3522,0,0,,0,0,0,0,0,0,0,0.372345154
20,239,20239,0,0,0,0,0,0,0,0,0,0,0,0,0,0,0.024256925,0,0,0,2.104199377,0.045126,0.35316,1.03005,0.59841,0.25506,0.79461,0.02943,0,1.08E-05,3.50E-07,0,0,0.000340391,0,0,0.001004465,96.52605728,1.99E-05,0.004229974,2.002855354,0,0.0101,0,0.0935,,0.111631368,0.4423,0,0,,0,0,0,0,0,0,0,0.264715239
20,240,20240,0,0,0,0,0,0,0,0,0,0,0,0,0,0,0,0,0,0,5.630502921,0.12075,0.945,2.75625,1.60125,0.6825,2.12625,0.07875,0,7.55E-05,2.45E-06,0,0,0,0,0,0.002687788,235.5606273,5.32E-05,0.011318737,3.363087801,0,0.027,0,0.1137,,0.298707788,1.1836,0,0,,0,0,0,0,0,0,0,0.315682024
20,241,20241,0,0,0,0,0,0,0,0,0,0,0,0,0,0,0,0,0,0.011174055,1.904718702,0.040848,0.31968,0.9324,0.54168,0.23088,0.71928,0.02664,0,0.000150958,4.89E-06,0,0.000110411,0.000340391,0,0,0.00090924,66.9638323,1.80E-05,0.003828967,1.949261858,0,0.0091,0,0.1302,,0.101048577,0.4004,0,0,,0,0,0,0,0,0,0,0.135037176
20,242,20242,0,0,0,0,0,0,0,0,0,0,0,0,0,0.827939758,0.097027699,0,0,0,30.6385157,0.657064,5.14224,14.9982,8.71324,3.71384,11.57004,0.42852,0,0.000129393,4.20E-06,0,0.000441645,0.000340391,0,0,0.014625664,1218.865072,0.000289433,0.061591177,13.22376362,0,0.1467,0,0.4661,,1.625425542,6.4407,0,0,,0,0,0,0,0,0,0,0.387451578
20,243,20243,0,0,0,0,0,0,0,1.070148041,0,0,0,0.167059229,0,41.60397286,0,0,0,0,3.339692589,0.071622,0.56052,1.63485,0.94977,0.40482,1.26117,0.04671,0,0.002350632,7.62E-05,0,0.000220823,0.001021173,0,0,0.001594242,69.34997185,3.15E-05,0.006713628,2.90061939,0,0.016,0.0819,0.1352,,0.177176391,0.7021,0,0,,0,0,0,0,0,0,0,1.007814217
20,244,20244,0,0,0,0,0,0,0,0,0,0,0,0,0,0,0,0,0,0,8.34386909,0.17894,1.4004,4.0845,2.3729,1.0114,3.1509,0.1167,0,0.000150958,4.89E-06,0,0.000276028,0.000680782,0,0,0.003983046,268.2561368,7.88E-05,0.01677329,6.242526291,0,0.0399,0.0819,0.0736,4.8221,0.442656494,1.754,0,0,,0,0,0,0,0,0,0,0.06792193
20,245,20245,0,0,0,0,0,0,0,0,0,0,0,0,0,0,0,0,0,0,2.383043331,0.051106,0.39996,1.16655,0.67771,0.28886,0.89991,0.03333,0,1.08E-05,3.50E-07,0,0.000220823,0.001361565,0,0,0.001137574,86.55960987,2.25E-05,0.004790521,2.247388177,0,0.0114,0,0.0614,,0.126424515,0.501,0,0,,0,0,0,0,0,0,0,0.350006593
20,246,20246,0,0,0,0,0,0,0,0,0.732983851,0,0,0,0,0,0,0,0,0,1.151840026,0.024702,0.19332,0.56385,0.32757,0.13962,0.43497,0.01611,0,0.000528353,1.71E-05,0,0,0,0,0,0.000549845,34.8221613,1.09E-05,0.00231549,1.058046344,0,0.0055,0,0.0198,,0.061107079,0.2421,0,0,,0,0,0,0,0,0,0,0.000117784
20,247,20247,0,0,0,0,0,0,0,0,0,0,0,0,0,0.413969879,0.169798473,0,0,0.055870277,2.771279914,0.059432,0.46512,1.3566,0.78812,0.33592,1.04652,0.03876,0,0.000215654,6.99E-06,0,0.002263432,0,2.54E-05,0,0.001322904,27.16935951,2.62E-05,0.005570975,2.937621057,0,0.0133,0.0273,0.0286,,0.147021129,0.5826,0,0,,0,0,0,0,0,0,0,0.000214568
20,248,20248,0,0,0,0,0,0,0,0,0,0,0,0.200471074,0,0.620954819,0.04851385,0,0,0,30.35109193,0.6509,5.094,14.8575,8.6315,3.679,11.4615,0.4245,0,0.002037933,6.61E-05,0,0.004526863,0.000340391,0,0,0.014488459,1120.074801,0.000286718,0.061013382,19.0248891,0,0.1453,0.7643,0.113,,1.61017722,6.3803,0,0,,0,0,0,0,0,0,0,0.544255697
20,249,20249,0,0,0,0,0,0,0,0,0.488655901,0,0,0,0,0.413969879,0.097027699,0,0,0.011174055,7.629599577,0.163622,1.28052,3.73485,2.16977,0.92482,2.88117,0.10671,0,0.000345047,1.12E-05,0,0.000276028,0,0,0,0.003642081,278.3431824,7.21E-05,0.015337428,5.279665283,0,0.0365,0.3276,0.0498,,0.404763277,1.6039,0,0,,0,0,0,0,0,0,0,0.054397124
20,250,20250,0,0,0,0,0,0,0,0,0,0,0,0,0,0,0.072770774,0,0,0,2.316549773,0.04968,0.3888,1.134,0.6588,0.2808,0.8748,0.0324,0,0.000161741,5.24E-06,0,0,0.001021173,0,0,0.001105833,61.40760819,2.19E-05,0.004656852,2.236183878,0,0.0111,0,0.0448,,0.122896919,0.487,0,0,,0,0,0,0,0,0,0,0.745259209
20,251,20251,0,0,0,0,0,0,0,0,0,0,0,0,0,0,0.024256925,0,0,0,2.305825006,0.04945,0.387,1.12875,0.65575,0.2795,0.87075,0.03225,0,0.000506788,1.64E-05,0,0.000110411,0,0,0,0.001100713,87.85935246,2.18E-05,0.004635292,1.843127247,0,0.011,0,0.0579,,0.122327951,0.4847,0,0,,0,0,0,0,0,0,0,0.096472842
20,252,20252,0,0,0,0,0,0,0,0,0,0,0,0,0,0,0.097027699,0,0,0,3.674305334,0.078798,0.61668,1.79865,1.04493,0.44538,1.38753,0.05139,0,0.000194089,6.29E-06,0,0.000552057,0,0,0,0.001753974,133.3056568,3.47E-05,0.007386284,3.187964981,0,0.0176,0.1365,0.099,,0.194928168,0.7724,0,0,,0,0,0,0,0,0,0,0.287078216
20,253,20253,0,0,0,0,0,0,0,0,0,0,0,0.066823691,0,0,0.024256925,0,0,0.055870277,5.323774571,0.114172,0.89352,2.6061,1.51402,0.64532,2.01042,0.07446,0,0.00023722,7.69E-06,0,0.000772879,0,0,0,0.002541368,202.3138934,5.03E-05,0.010702135,4.926624558,0,0.0255,0.2184,0.1163,,0.282435326,1.1191,0,0,,0,0,0,0,0,0,0,1.174025398
20,254,20254,0,0,0,0,0,0,0,0,0,0,0,0,0,0.20698494,0.024256925,0,0,0.134088664,5.772069851,0.123786,0.96876,2.82555,1.64151,0.69966,2.17971,0.08073,0,0.000603832,1.96E-05,0,0.000993702,0,0,0,0.002755367,213.8016221,5.45E-05,0.011603322,4.963516956,0,0.0276,1.0373,0.207,,0.306218155,1.2134,0,0,,0,0,0,0,0,0,0,0
20,255,20255,0,0,0,0,0,0,0,0,0,0,0,0,0,0.20698494,0.145541549,0,0,0,3.946714428,0.08464,0.6624,1.932,1.1224,0.4784,1.4904,0.0552,0,0.000280351,9.09E-06,0,0.000276028,0,2.54E-05,0,0.001884012,129.4082495,3.73E-05,0.007933896,2.899541231,0,0.0189,0.1092,0.1877,,0.209379935,0.8297,0,0,,0,0,0,0,0,0,0,0.605360586
20,256,20256,0,0,0,0,0,0,0,0,0,0,0,0,0,0,0.04851385,0,0,0,0.482614536,0.01035,0.081,0.23625,0.13725,0.0585,0.18225,0.00675,0,8.63E-05,2.80E-06,0,0,0,2.54E-05,0,0.000230382,20.82355218,4.56E-06,0.000970177,0.487649916,0,0.0023,0,0.0282,,0.025603525,0.1015,0,0,,0,0,0,0,0,0,0,0.089971977
20,257,20257,0,0,0,0,0,0,0,0,0,0,0,0,0,0,0,0,0,0,1.891848981,0.040572,0.31752,0.9261,0.53802,0.22932,0.71442,0.02646,0,0.000194089,6.29E-06,0,0.000220823,0,0,0,0.000903097,71.80658449,1.79E-05,0.003803096,1.871457594,0,0.0091,0.464,0.0368,,0.100365817,0.3977,0,0,,0,0,0,0,0,0,0,0.000273003
20,258,20258,0,0,0,0,0,0,0,0,0,0,0,0,0,0,0,0,0,0,1.688078399,0.036202,0.28332,0.82635,0.48007,0.20462,0.63747,0.02361,0,0.000161741,5.24E-06,0,0.000607262,0.000340391,2.54E-05,0,0.000805825,68.46844875,1.59E-05,0.003393465,1.939824927,0,0.0081,0.0546,0.0723,,0.08955544,0.3549,0,0,,0,0,0,0,0,0,0,0.144059177
20,259,20259,0,0,0,0,0,0,0,0,0,0,0,0,0,0,0.024256925,0,0,0,4.695303197,0.100694,0.78804,2.29845,1.33529,0.56914,1.77309,0.06567,3.55616422,0.001056706,3.43E-05,0,0.001048907,0.000340391,0,0,0.00224136,175.4657092,4.44E-05,0.009438749,3.264573082,0,0.0225,0.464,0.1181,,0.249093847,0.987,0,0,,0,0,0,0,0,0,0,0.17292302
20,260,20260,0,0,0,0,0,0,0,0,0,0,0,0,0,0.20698494,0.04851385,0,0,0.022348111,5.362383734,0.115,0.9,2.625,1.525,0.65,2.025,0.075,0,0.000140175,4.55E-06,0,0.000165617,0,0,0.009739546,0.002559798,226.3891403,5.07E-05,0.010779749,4.142178744,0,0.0257,0.0546,0.0723,,0.284483608,1.1273,0,0,,0,0,0,0,0,0,0,0.000449223
20,261,20261,0,0,0,0,0,0,0,0,0,0,0,1.269650137,0,0,0,0,0,0,13.09708603,0.280876,2.19816,6.4113,3.72466,1.58756,4.94586,0.18318,0,0.00051757,1.68E-05,0,0.000165617,0,0,0,0.006252052,498.3408961,0.000123724,0.02632846,8.636892808,0,0.0627,0.1092,0.4103,,0.694822764,2.7532,0,0,,0,0,0,0,0,0,0,1.110867879
20,262,20262,0,0,0,0,0,0,0,0,0,0,0,0,0,29.59884636,0,0,0,0,2.076314982,0.044528,0.34848,1.0164,0.59048,0.25168,0.78408,0.02904,0,0.001541928,5.00E-05,0,0.001711375,0,0,0,0.000991154,77.16194206,1.96E-05,0.004173919,2.262629452,0,0.0099,0,0.0212,,0.110152053,0.4365,0,0,,0,0,0,0,0,0,0,0.000141523
20,263,20263,0,0,0,0,0,0,0,0,0,0,0,0,0,0.413969879,0.04851385,0,0,0.18995894,5.986565201,0.128386,1.00476,2.93055,1.70251,0.72566,2.26071,0.08373,2.83041642,0.000841052,2.73E-05,0,0.000938496,0,0,0,0.002857759,211.796856,5.66E-05,0.012034512,4.30901088,0,0.0287,0.5459,0.2266,,0.3175975,1.2585,0,0,,0,0,0,0,0,0,0,0
20,264,20264,0,0,0,0,0,0,0,0,0,0,0,0,0,0,0,0,0,0,4.109730894,0.088136,0.68976,2.0118,1.16876,0.49816,1.55196,0.05748,0,2.16E-05,6.99E-07,0,0.000110411,0,0,0,0.00196183,166.6573869,3.88E-05,0.0082616,3.518689438,0,0.0197,0,0.1193,,0.218028237,0.8639,0,0,,0,0,0,0,0,0,0,0.462861616
20,265,20265,0,0,0,0,0,0,0,0,0,0,0,0,0,0,0,0,0,0.011174055,15.16911111,0.325312,2.54592,7.4256,4.31392,1.83872,5.72832,0.21216,0,8.63E-05,2.80E-06,0,0.000220823,0.000340391,0,0,0.007241158,491.2390774,0.000143298,0.030493755,11.4280877,0,0.0726,0.0273,0.6918,,0.80474723,3.1888,0,0,,0,0,0,0,0,0,0,5.455292015
20,266,20266,0,0,0,0,0,0,0,0,0,0,0,0,0,0,0.024256925,0,0,0.011174055,15.63885592,0.335386,2.62476,7.65555,4.44751,1.89566,5.90571,0.21873,0,0.000323481,1.05E-05,0,0.002042609,0.000680782,0,0,0.007465396,670.5224572,0.000147736,0.031438061,12.62510486,0,0.0749,0.3821,0.35,,0.829667994,3.2875,0,0,,0,0,0,0,0,0,0,1.370235336
20,267,20267,0,0,0,0,0,0,0,0,0,0,0,0,0,0,0,0,0,0,0.561977815,0.012052,0.09432,0.2751,0.15982,0.06812,0.21222,0.00786,0,8.63E-05,2.80E-06,0,0.000165617,0,0,0,0.000268267,11.35960138,5.31E-06,0.001129718,0.57629101,0,0.0027,0,0.007,,0.029813882,0.1181,0,0,,0,0,0,0,0,0,0,3.65E-05
20,268,20268,0,0,0,0,0,0,0,0,0,0,0,0,0,0,0.04851385,0,0,0,1.557236236,0.033396,0.26136,0.7623,0.44286,0.18876,0.58806,0.02178,0,0.000215654,6.99E-06,0,0.000165617,0.002723129,0,0,0.000743365,45.03800563,1.47E-05,0.003130439,1.334551861,0,0.0075,0.0273,0.0675,,0.08261404,0.3274,0,0,,0,0,0,0,0,0,0,0.932352266
20,269,20269,0,0,0,0,0,0,0,0.53507402,0.488655901,0,0,0,0,0,0.097027699,0,0,0,6.130277085,0.131468,1.02888,3.0009,1.74338,0.74308,2.31498,0.08574,0,0.000248002,8.04E-06,0,0.001435347,0.00306352,0,0,0.002926362,251.0976327,5.79E-05,0.01232341,6.268329956,3.1762,0.0293,0.1365,0.2508,,0.32522166,1.2887,0,0,,0,0,0,0,0,0,0,0.677390174
20,270,20270,0,0,0,0,0,0,0,0,0,0,0,0,0,0,0,0,0,0,2.520320355,0.05405,0.423,1.23375,0.71675,0.3055,0.95175,0.03525,0,0.000485222,1.57E-05,0,0.000110411,0,0,0,0.001203105,94.35713316,2.38E-05,0.005066482,2.248422758,0,0.0121,0,0.0913,,0.133707296,0.5298,0,0,,0,0,0,0,0,0,0,0.374449847
20,271,20271,0,0,0,0,0,0,0,0,0,0,0,0,0,0,0,0,0,0,5.422442432,0.116288,0.91008,2.6544,1.54208,0.65728,2.04768,0.07584,0,3.23E-05,1.05E-06,0,0.000220823,0,0,0.009739546,0.002588468,246.128174,5.12E-05,0.010900483,3.560144849,0,0.026,0,0.378,,0.287669824,1.1399,0,0,,0,0,0,0,0,0,0,1.729667356
20,272,20272,0,0,0,0,0,0,0,0,0,0,0,0,0,0,0,0,0,0,11.6041984,0.24886,1.9476,5.6805,3.3001,1.4066,4.3821,0.1623,0,0,0,0,0.000828085,0,0,0,0.005539404,459.1002832,0.000109622,0.023327378,6.353932387,0,0.0556,0,0.1577,,0.615622527,2.4394,0,0,,0,0,0,0,0,0,0,0.814846217
20,273,20273,0,0,0,0,0,0,0,0,0,0,0,0,0,0,0,0,0,0.022348111,6.846691551,0.146832,1.14912,3.3516,1.94712,0.82992,2.58552,0.09576,0,8.63E-05,2.80E-06,0,0.000772879,0.001361565,2.54E-05,0,0.003268351,289.9122147,6.47E-05,0.013763584,5.067663686,0,0.0328,0.0819,0.2562,,0.36322867,1.4393,0,0,,0,0,0,0,0,0,0,4.49097902
20,274,20274,0,0,0,0,0,0,0,0,0,0,0,0,0,0,0,0,0,0,3.050123868,0.065412,0.51192,1.4931,0.86742,0.36972,1.15182,0.04266,0,7.55E-05,2.45E-06,0,0,0,2.54E-05,0,0.001456013,99.16690719,2.88E-05,0.006131522,2.012089101,0,0.0146,0,0.158,,0.161814276,0.6412,0,0,,0,0,0,0,0,0,0,0.49406577
20,275,20275,0,0,0,0,0,0,0,0,0,0,0,0,0,0.20698494,0.097027699,0,0,0.022348111,14.04086557,0.301116,2.35656,6.8733,3.99306,1.70196,5.30226,0.19638,0,9.70E-05,3.15E-06,0,0.000828085,0,0,0,0.006702576,479.5071763,0.00013264,0.028225696,10.92017351,0,0.0672,0,0.2143,,0.744891879,2.9516,0,0,,0,0,0,0,0,0,0,0.002522769
20,276,20276,0,0,0,0,0,0,0,0,0,0,0,0,0,0,0,0,0,0.011174055,1.679498585,0.036018,0.28188,0.82215,0.47763,0.20358,0.63423,0.02349,0,8.63E-05,2.80E-06,0,0.000110411,0,0,0,0.000801729,61.38213463,1.59E-05,0.003376218,1.513585482,0,0.008,0,0.0319,,0.089100266,0.3531,0,0,,0,0,0,0,0,0,0,0.012392773
20,277,20277,0,0,0,0,0,0,70.46897,0.53507402,1.221639752,7.507907187,0,0.100235537,0,0,0.218312323,0,0,0,24.62192115,0.528034,4.13244,12.05295,7.00219,2.98454,9.29799,0.34437,0,0.00035583,1.15E-05,0,0.005023714,0.001701956,5.08E-05,0.029218639,0.011753571,1043.285056,0.000232596,0.049496298,20.0513952,3.8261,0.1179,0.2184,0.8282,,1.306234934,5.1759,0,0,,0,0,0,0,0,0,0,0
20,278,20278,0.712901725,0.259346013,0.180014446,0.004274693,0.00973973,0.018859703,0,1.070148041,0.977311802,0,0,0,0,0.620954819,0.291083097,0,0,0.145262719,75.77906197,1.625134,12.71844,37.09545,21.55069,9.18554,28.61649,1.05987,0,0.001186099,3.85E-05,0,0.010378663,0.010552125,5.08E-05,0.038958185,0.036174048,3051.054976,0.000715863,0.152335108,62.09752095,0,0.3628,0.4094,0.7941,317.3255,4.020208552,15.93,0,0,,0,0,0,0,0,0,0,13.19171532
20,279,20279,0,0,0,0,0,0,0,0,0,0,0,0,0,0,0.024256925,0,0,0.5251806,5.990855108,0.128478,1.00548,2.93265,1.70373,0.72618,2.26233,0.08379,0,0.000744007,2.41E-05,0,0.00038644,0,0,0,0.002859807,236.5833469,5.66E-05,0.012043136,4.001620562,0,0.0287,0,0.0503,,0.317825087,1.2594,0,0,,0,0,0,0,0,0,0,0
20,280,20280,0,0,0,0,0,0,0,0.53507402,0,0,0,0,0,0.20698494,0.04851385,0,0,0.022348111,4.540866546,0.097382,0.76212,2.22285,1.29137,0.55042,1.71477,0.06351,0,0.000226437,7.34E-06,0,0.002208226,0,0,0,0.002167637,141.6693792,4.29E-05,0.009128292,5.331211978,0,0.0217,0.1365,0.0733,,0.240900719,0.9546,0,0,,0,0,0,0,0,0,0,0.000580703
20,281,20281,0,0,0,0,0,0,0,0,0,0,0,0,0,0,0,0,0,0,0.44829528,0.009614,0.07524,0.21945,0.12749,0.05434,0.16929,0.00627,0,3.23E-05,1.05E-06,0,0,0,2.54E-05,0,0.000213999,11.86486191,4.23E-06,0.000901187,0.514900186,0,0.0021,0,0.0346,,0.02378283,0.0942,0,0,,0,0,0,0,0,0,0,0.15602077
20,282,20282,0,0,0,0,0,0,0,0,0,0,0,0,0,0,0,0,0,0,1.417814259,0.030406,0.23796,0.69405,0.40321,0.17186,0.53541,0.01983,0,0,0,0,0,0,0,0,0.000676811,51.10457237,1.34E-05,0.002850166,1.292134087,0,0.0068,0,0.1369,,0.075217466,0.298,0,0,,0,0,0,0,0,0,0,0.567714994
20,283,20283,0,0,0,0,0,0,0,0,0,0,0,0,0,0,0.024256925,0,0,0,2.05057554,0.043976,0.34416,1.0038,0.58316,0.24856,0.77436,0.02868,3.08442815,0.000916531,2.97E-05,0,0,0,2.54E-05,0.009739546,0.000978867,78.55785402,1.94E-05,0.004122176,2.024165041,0,0.0098,0.0273,0.0782,,0.108786532,0.4311,0,0,,0,0,0,0,0,0,0,0.348446385
20,284,20284,0,0,0,0,0,0,0,0,0,0,0,0,0,0,0,0,0,0,7.910588484,0.169648,1.32768,3.8724,2.24968,0.95888,2.98728,0.11064,0,0.001121402,3.64E-05,0,0.000220823,0,0,0,0.003776215,336.0283279,7.47E-05,0.015902286,3.872622343,0,0.0379,0.0546,0.081,,0.419670218,1.6629,0,0,,0,0,0,0,0,0,0,0.394189403
20,285,20285,0,0,0,0,0,0,0,0,0,0,0,0,0,0.827939758,0.145541549,0,0,0,6.724429202,0.14421,1.1286,3.29175,1.91235,0.8151,2.53935,0.09405,0,0.000345047,1.12E-05,0,0.000772879,0.001021173,0,0,0.003209987,226.8572007,6.35E-05,0.013517806,5.023389445,0,0.0322,0,0.0822,,0.356742444,1.4136,0,0,,0,0,0,0,0,0,0,0.34714066
20,286,20286,0,0,0,0,0,0,0,0,1.221639752,0,0,0,0,0.413969879,0.145541549,0,0,0,6.69868976,0.143658,1.12428,3.27915,1.90503,0.81198,2.52963,0.09369,0,0.00035583,1.15E-05,0,0.000220823,0,0,0,0.0031977,198.7006629,6.33E-05,0.013466063,5.955960953,0,0.0321,0.2457,0.058,,0.355376923,1.4082,0,0,,0,0,0,0,0,0,0,0.16954257
20,287,20287,0,0,0,0,0,0,0,0,0,0,0,0,0,0,0.024256925,0,0,0.011174055,0.688530071,0.014766,0.11556,0.33705,0.19581,0.08346,0.26001,0.00963,0,3.23E-05,1.05E-06,0,0,0.000340391,0,0,0.000328678,29.21835888,6.50E-06,0.00138412,0.906779392,0,0.0033,0,0.017,,0.036527695,0.1447,0,0,,0,0,0,0,0,0,0,0.079050523
20,288,20288,0,0,0,0,0,0,0,0,0,0,0,0,0,0,0,0,0,0,1.441408748,0.030912,0.24192,0.7056,0.40992,0.17472,0.54432,0.02016,0,0,0,0,0,0,0,0,0.000688074,53.75745561,1.36E-05,0.002897597,1.155151977,0,0.0069,0,0.0135,,0.076469194,0.303,0,0,,0,0,0,0,0,0,0,0.000231916
20,289,20289,0,0,0,0,0,0,0,0,0,0,0,0,0,0,0.04851385,0,0,0,2.198577331,0.04715,0.369,1.07625,0.62525,0.2665,0.83025,0.03075,0,7.55E-05,2.45E-06,0,5.52E-05,0,0,0,0.001049517,80.15283518,2.08E-05,0.004419697,2.257661888,0,0.0105,0,0.11,,0.116638279,0.4622,0,0,,0,0,0,0,0,0,0,0
20,290,20290,0,0,0,0,0,0,0,0,0,0,0,0,0,0,0.024256925,0,0,0,1.896138888,0.040664,0.31824,0.9282,0.53924,0.22984,0.71604,0.02652,0,8.63E-05,2.80E-06,0,0.000220823,0.000680782,0,0,0.000905145,28.36059527,1.79E-05,0.003811719,1.667314151,0,0.0091,0,0.0338,,0.100593404,0.3986,0,0,,0,0,0,0,0,0,0,0.128197066
20,291,20291,0,0,0,0,0,0,0,0,0,0,0,0,0,0,0.024256925,0,0,0,8.330999369,0.178664,1.39824,4.0782,2.36924,1.00984,3.14604,0.11652,0,4.31E-05,1.40E-06,0,0.000607262,0,2.54E-05,0,0.003976903,290.1512772,7.87E-05,0.016747419,6.210049562,0,0.0399,0,0.2474,,0.441973733,1.7513,0,0,,0,0,0,0,0,0,0,0
20,292,20292,0,0,0,0,0,0,0,0,0,0,0,0,0,0,0,0,0,0,2.623278123,0.056258,0.44028,1.28415,0.74603,0.31798,0.99063,0.03669,0,0,0,0,0,0,0,0,0.001252253,116.7691686,2.48E-05,0.005273453,1.845316095,0,0.0126,0,0.1585,,0.139169381,0.5515,0,0,,0,0,0,0,0.7048,0.1018,0,0.98894873
20,293,20293,0,0,0,0,0,0,4.353269185,2.675370101,0.977311802,0.46380614,0,0,0,1.034924698,0.291083097,0,0,0,31.18333389,0.668748,5.23368,15.2649,8.86818,3.77988,11.77578,0.43614,0,0.00099201,3.22E-05,0,0.003091517,0,0,0.009739546,0.01488574,105.6139567,0.00029458,0.062686399,25.71820169,0,0.1493,0.0546,0.0557,,1.654329076,6.5552,0.0031,0,,0,0,0,0,0.3178,0.0459,0,0.592773486
20,294,20294,0,0,0,0,0,0,0,1.605222061,0,0,0,0,0,1.448894577,0.145541549,0,0,0,13.21291352,0.28336,2.2176,6.468,3.7576,1.6016,4.9896,0.1848,0,0.000841052,2.73E-05,0,0.00419563,0.000340391,0,0,0.006307343,71.21507224,0.000124819,0.026561303,11.73775133,9.8905,0.0633,0.4094,0.1432,,0.70096761,2.7776,0,0,,0,0,0,0,0.2971,0.0429,0,1.632361156
20,295,20295,0,0,0,0,0,0,0,1.337685051,1.221639752,0,0,0.100235537,0,1.655879517,0.339596947,0,0,0.111740553,16.78426109,0.35995,2.817,8.21625,4.77325,2.0345,6.33825,0.23475,0,0.002005585,6.50E-05,0,0.006514267,0.026210118,0,0,0.008012169,252.9331669,0.000158556,0.033740616,15.48532968,5.8657,0.0804,0.8462,0.4977,,0.890433692,3.5283,0,0.0377,,0,0,0,0,0,0,0,2.746417858
20,296,20296,0,0,0,0,0,0,0,0,0,0,0,0,0,1.862864456,0,0,0,0.022348111,1.930458144,0.0414,0.324,0.945,0.549,0.234,0.729,0.027,0,0.000140175,4.55E-06,0,0.000607262,0,0,0.009739546,0.000921527,67.23182946,1.82E-05,0.00388071,2.271105572,0,0.0092,0,0.0232,,0.102414099,0.4058,0,0,,0,0,0,0,0,0,0,0.000149741
20,297,20297,0,0,0,0,0,0,0,0,0,0,0,0,0,0,0.024256925,0,0,0,5.407427757,0.115966,0.90756,2.64705,1.53781,0.65546,2.04201,0.07563,0,0.00011861,3.85E-06,0,0.00038644,0,0,0,0.002581301,205.2141112,5.11E-05,0.010870299,3.366507053,0,0.0259,0,0.1775,,0.28687327,1.1367,0,0,,0,0,0,0,0,0,0,0.510707986
20,298,20298,0,0,0,0,0,0,0,2.675370101,0,0,0,0.835296143,0,1.655879517,0.55790927,0,0,0.145262719,23.74678013,0.509266,3.98556,11.62455,6.75331,2.87846,8.96751,0.33213,52.65300289,0.01564572,0.000507308,0,0.010709896,0.000680782,2.54E-05,0,0.011335811,384.7900757,0.000224329,0.047737043,21.98761318,9.344,0.1137,2.2383,0.2364,,1.259807209,4.992,0,0,,0,0,0,0,0,0,2.022210488,1.671085052
20,299,20299,0,0,0,0,0,0,0,0,0.732983851,0,0,0.033411846,0,0.413969879,0.169798473,0,0,0.033522166,2.095619563,0.044942,0.35172,1.02585,0.59597,0.25402,0.79137,0.02931,0,0.003806298,0.000123418,0,0.000441645,0,0,0,0.001000369,69.53621433,1.98E-05,0.004212726,1.888986048,0,0.01,0,0.0217,,0.111176194,0.4405,0,0,,0,0,0,0,0,0,0,0.000225524
20,300,20300,0,0,0,0,0,0,0,0,0.977311802,0,0,0,0,0,0.072770774,0,0,0.022348111,11.4797911,0.246192,1.92672,5.6196,3.26472,1.39152,4.33512,0.16056,0,0.00202715,6.57E-05,0,0.001490553,0,0,0,0.005480017,410.5637176,0.000108446,0.023077288,9.125610533,0,0.055,0.1911,0.1437,,0.609022508,2.4132,0,0,,0,0,0,0,0,0,0,0
20,301,20301,0,0,0,0,0,0,0,0,0,0,0,0,0,0,0.218312323,0,0,0.067044332,3.144501822,0.067436,0.52776,1.5393,0.89426,0.38116,1.18746,0.04398,0,0.000506788,1.64E-05,0,0.001104113,0.00306352,0,0,0.001501066,98.70240351,2.97E-05,0.006321245,3.336196544,1.248,0.0151,0.2457,0.1453,,0.166821188,0.661,0,0,,0,0,0,0,0,0,0,1.580729295
20,302,20302,0,0,0,0,0,0,0,0,0,0,0,0,0,0,0,0,0,0,7.194174017,0.154284,1.20744,3.5217,2.04594,0.87204,2.71674,0.10062,0,0.00023722,7.69E-06,0,0.001214524,0,0,0,0.003434226,292.8200531,6.80E-05,0.014462112,5.218376165,0,0.0344,0.2457,0.1481,,0.381663208,1.5123,0,0,,0,0,0,0,0,0,0,0.24598114
20,303,20303,0,0,0,0,0,0,0,0,0.24432795,0,0,0,0,0.827939758,0,0,0,0.067044332,1.969067307,0.042228,0.33048,0.9639,0.55998,0.23868,0.74358,0.02754,0,0.000711659,2.31E-05,0,0.000276028,0,0,0,0.000939958,55.54313554,1.86E-05,0.003958324,2.123935076,0,0.0094,0.1911,0.0142,,0.104462381,0.4139,0,0,,0,0,0,0,0,0,0,8.49E-05
20,304,20304,0,0,0,0,0,0,0,0,0,0,0,0,0,0,0,0,0,0,1.814630656,0.038916,0.30456,0.8883,0.51606,0.21996,0.68526,0.02538,0,0,0,0,0.000165617,0.000680782,0,0,0.000866236,76.71746711,1.71E-05,0.003647867,1.688128935,0,0.0087,0,0.0869,,0.096269253,0.3815,0,0,,0,0,0,0,0,0,0,0.343245693
20,305,20305,0,0,0,0,0,0,0,0,0,0,0,0,0,0,0.072770774,0,0,0.055870277,8.52190023,0.182758,1.43028,4.17165,2.42353,1.03298,3.21813,0.11919,0,0.00127236,4.13E-05,0,0.002208226,0.005446258,0,0,0.004068032,105.6940122,8.05E-05,0.017131178,8.196653187,0,0.0408,0.3548,0.0812,,0.45210135,1.7914,0,0,,0,0,0,0,0.7255,0.1048,0,1.960526986
20,306,20306,0,0,0,0,0,0,0,0,0,0,0,0,0,0,0,0,0,0.022348111,8.206592066,0.175996,1.37736,4.0173,2.33386,0.99476,3.09906,0.11478,0,0.000107827,3.50E-06,0,0.000441645,0,0,0,0.003917516,314.4556313,7.75E-05,0.016497329,5.758289912,0,0.0393,0.0546,0.1425,,0.435373713,1.7252,0,0,,0,0,0,0,0,0,0,0.255144791
20,307,20307,0,0,0,0,0,0,0,0,0.732983851,0,0,0,0,0,0.024256925,0,0,0,18.40584593,0.394726,3.08916,9.01005,5.23441,2.23106,6.95061,0.25743,0,0.000334264,1.08E-05,0,0.001159319,0.000680782,5.08E-05,0,0.008786252,611.2942214,0.000173875,0.037000412,17.37471133,0,0.0881,0.3276,0.3758,,0.976461535,3.8692,0,0,,0,0,0,0,0,0,0.873315906,1.686388341
20,308,20308,0,0,0,0,0,0,0,0,0.24432795,0,0,0,0,0,0.024256925,0,0,0,5.947956038,0.127558,0.99828,2.91165,1.69153,0.72098,2.24613,0.08319,0,0.000722442,2.34E-05,0,0.002429049,0.001021173,0,0,0.002839328,190.1066014,5.62E-05,0.011956898,5.182800898,0,0.0285,0.3003,0.1127,,0.315549218,1.2504,0,0,,0,0,0,0,0,0,0.088148728,0.664233246
20,309,20309,0,0,0,0,0,0,0,0,0,0,0,0.033411846,0,0,0.04851385,0,0,0.111740553,24.37954141,0.522836,4.09176,11.9343,6.93326,2.95516,9.20646,0.34098,0,0.000830269,2.69E-05,0,0.003477956,0,0,0,0.011637868,1071.116037,0.000230307,0.049009053,19.41485517,0,0.1167,1.1737,0.3227,,1.293376275,5.125,0,0,,0,0,0,0,0,0,0,3.524134631
20,310,20310,0,0,0,0,0,0,0,0.26753701,0.488655901,0,0,0.033411846,0,3.932713852,0.072770774,0,0,0,12.85041638,0.275586,2.15676,6.29055,3.65451,1.55766,4.85271,0.17973,0,0.001552711,5.03E-05,0,0.001600964,0.00306352,0,0,0.006134301,294.4342621,0.000121394,0.025832592,9.172718373,0,0.0615,0.1365,0.1702,,0.681736518,2.7014,0,0,,0,0,0,0,0,0,0,1.179589449
20,311,20311,0,0,0,0,0,0,0,0,0,0,0,0,0,0,0,0,0,0,0.53409342,0.011454,0.08964,0.26145,0.15189,0.06474,0.20169,0.00747,4.02790029,0.001196881,3.88E-05,0,0.000110411,0,0,0.009739546,0.000254956,21.15754962,5.05E-06,0.001073663,0.741342424,0,0.0026,0,0.0315,,0.028334567,0.1123,0,0,,0,0,0,0,0.843,0.1217,0,0.012809838
20,312,20312,0,0,0,0,0,0,0,0,0,0,0,0,0,0,0.194055398,0,0,0.055870277,23.12903352,0.496018,3.88188,11.32215,6.57763,2.80358,8.73423,0.32349,0,0.000409743,1.33E-05,0,0.000552057,0,0,0,0.011040923,902.9781272,0.000218493,0.046495215,15.11324758,0,0.1107,0.0273,0.1976,,1.227034697,4.8621,0,0,,0,0,0,0,0,0,0,0.323782334
20,313,20313,0,0,0,0,0,0,0,0,0,0,0,0,0,0,0,0,0,0,1.696658213,0.036386,0.28476,0.83055,0.48251,0.20566,0.64071,0.02373,17.30908503,0.005143355,0.000166772,0,0,0,0,0,0.00080992,69.93431089,1.60E-05,0.003410713,1.972073362,0,0.0081,0,0.0407,,0.090010614,0.3567,0,0,,0,0,0,0,0,0,0,0.015669708
20,314,20314,0,0,0,0,0,0,0,0,0,0,0,0,0,0.413969879,0.218312323,0,0,0.033522166,3.446940264,0.073922,0.57852,1.68735,0.98027,0.41782,1.30167,0.04821,0,0.000301916,9.79E-06,0,0.003312339,0,2.54E-05,0,0.001645438,96.29619204,3.26E-05,0.006929223,3.43792085,0,0.0165,0,0.1185,,0.182866063,0.7246,0,0,,0,0,0,0,0,0,0,0.102417275
20,315,20315,0,0,0,0,0,0,0,0,0,0,0,0,0,0,0,0,0,0,3.642131032,0.078108,0.61128,1.7829,1.03578,0.44148,1.37538,0.05094,0,5.39E-05,1.75E-06,0,5.52E-05,0.001361565,0,0,0.001738615,141.1942195,3.44E-05,0.007321606,2.839932645,0,0.0174,0,0.1174,,0.193221266,0.7656,0,0,,0,0,0,0,0,0,0,1.235689452
20,316,20316,0,0,0,0,0,0,0,0,0,0,0,0,0,0,0,0,0,0,1.503612399,0.032246,0.25236,0.73605,0.42761,0.18226,0.56781,0.02103,0,3.23E-05,1.05E-06,0,0,0,0,0,0.000717767,61.37214687,1.42E-05,0.003022642,1.19377467,0,0.0072,0.0546,0.0853,,0.079769204,0.3161,0,0,,0,0,0,0,0,0,0,0
20,317,20317,0,0,0,0,0,0,0,0,0.488655901,0,0,0,0,0,0,0,0,0,2.829193658,0.060674,0.47484,1.38495,0.80459,0.34294,1.06839,0.03957,0,0,0,0,5.52E-05,0.000340391,0,0,0.00135055,141.5144117,2.67E-05,0.005687396,2.769831848,0,0.0135,0,0.0779,,0.150093551,0.5947,0,0,,0,0,0,0,0,0,0,0.240271985
20,318,20318,2.851606898,1.037384054,0.720057782,0.017098773,0.038958919,0.075438813,0,8.293647315,7.085510561,0,0,0.668236914,0,6.002563248,1.867783208,0,0,0.469310323,75.178475,1.612254,12.61764,36.80145,21.37989,9.11274,28.38969,1.05147,0,0.005898145,0.000191246,0,0.105608412,0.009530952,0,0,0.03588735,859.5844733,0.00071019,0.151127776,82.81188459,0,0.3599,1.938,0.4159,,3.988346388,15.8037,0,0,,0,0.70317,0.268,0,0,0,0.109916099,0.072051452
20,319,20319,0,0,0,0,0,0,0,0,0,0,0,0,0,0,0,0,0,0.011174055,2.217881912,0.047564,0.37224,1.0857,0.63074,0.26884,0.83754,0.03102,0,0.000150958,4.89E-06,0,0.000496851,0,0,0,0.001058733,100.2483665,2.10E-05,0.004458504,2.027274549,0,0.0106,0.273,,,0.11766242,0.4662,0,0,,0,0,0,0,0,0,0,0
20,320,20320,0,0,0,0,0,0,0,0,0,0,0,0,0,0.620954819,0.121284624,0,0,0.011174055,1.507902306,0.032338,0.25308,0.73815,0.42883,0.18278,0.56943,0.02109,0,0.000161741,5.24E-06,0,0.000220823,0.000680782,0,0,0.000719815,58.50726969,1.42E-05,0.003031266,1.387608778,0,0.0072,0.0819,0.0563,,0.079996791,0.317,0,0,,0,0,0,0,0,0,0,0.128977169
20,321,20321,0,0,0,0,0,0,0,0,0,0,0,0,0,0,0.04851385,0,0,0,1.707382981,0.036616,0.28656,0.8358,0.48556,0.20696,0.64476,0.02388,0,2.16E-05,6.99E-07,0,0,0,0,0,0.00081504,69.29673,1.61E-05,0.003432272,1.591608733,0,0.0082,0,0.0443,,0.090579581,0.3589,0,0,,0,0,0,0,0,0,0,0.185664716
20,322,20322,0,0,0,0,0,0,0,0,0,0,0,0,0,0.620954819,0.024256925,0,0,0,1.990516842,0.042688,0.33408,0.9744,0.56608,0.24128,0.75168,0.02784,0,9.70E-05,3.15E-06,0,5.52E-05,0,0,0,0.000950197,75.75651817,1.88E-05,0.004001443,1.526356387,0,0.0095,0.1365,0.0448,,0.105600315,0.4184,0,0,,0,0,0,0,0,0,0,0.024547224
20,323,20323,0,0,0,0,0,0,0,0,0,0,0,0,0,0,0,0,0,0.011174055,5.222961757,0.11201,0.8766,2.55675,1.48535,0.6331,1.97235,0.07305,0,3.23E-05,1.05E-06,0,0.000165617,0,0,0,0.002493244,179.6511254,4.93E-05,0.010499476,3.413915157,0,0.025,0.0546,0.1133,,0.277087034,1.098,0,0,,0,0,0,0,0,0,0,0.00086101
20,324,20324,0.356450862,0.129673007,0.090007223,0.002137347,0.004869865,0.009429852,17.57368888,3.210444122,2.443279504,1.872336506,0,0.100235537,0,1.655879517,0.921763142,0,0,0.067044332,84.82433086,1.819116,14.23656,41.5233,24.12306,10.28196,32.03226,1.18638,9.39843401,0.002792723,9.06E-05,0,0.041569856,0,0,0,0.040491916,2484.39767,0.000801311,0.170518389,71.69954611,32.8131,0.4061,2.0745,0.6364,,4.500075502,17.8314,0,0.0578,,0,0,0,0,0,0,0,1.315612789
20,325,20325,0,0,0,0,0,0,0,0,0.488655901,0,0,0.033411846,0,1.034924698,0.776221593,0,0,0.223481106,21.92785956,0.470258,3.68028,10.73415,6.23603,2.65798,8.28063,0.30669,8.92669794,0.002652548,8.60E-05,0,0.00253946,0,0,0,0.010467528,812.6472667,0.000207146,0.044080552,16.20775748,0,0.105,0.5459,0.3429,,1.163310369,4.6096,0,0,,0,0,0,0,0,0,0,0.944267311
20,326,20326,0,0,0,0,0,0,0,0,0,0,0,0,0,0,0.04851385,0,0,0,10.39229968,0.22287,1.7442,5.08725,2.95545,1.2597,3.92445,0.14535,0,3.23E-05,1.05E-06,0,0.000276028,0,0,0,0.004960889,487.1951119,9.82E-05,0.020891154,6.639958587,0,0.0498,0,0.2566,,0.551329232,2.1846,0,0,,0,0,0,0,0,0,0,0.165753341
20,327,20327,1.069352587,0.38901902,0.270021668,0.00641204,0.014609594,0.028289555,0,0.53507402,0.732983851,0,0,0,0,1.241909638,0.169798473,0,0,0.011174055,30.07868284,0.645058,5.04828,14.72415,8.55403,3.64598,11.35863,0.42069,0,0.000948879,3.08E-05,0,0.009219344,0.025529335,5.08E-05,0,0.014358421,586.3358466,0.000284145,0.060465771,28.8128014,10.0704,0.144,0.6278,0.3909,,1.595725453,6.323,0,0.0193,,0,0,0,0,2.5772,0.3721,0,16.04012694
20,328,20328,0,0,0,0,0,0,0,0,0,0,0,0,0,48.43447586,0,0,0,0,2.41307268,0.05175,0.405,1.18125,0.68625,0.2925,0.91125,0.03375,0,0.002566286,8.32E-05,0,0,0.000340391,0,0,0.001151909,97.22571743,2.28E-05,0.004850887,1.478131909,0,0.0116,0,0.1086,,0.128017624,0.5073,0,0,,0,0,0,0,0,0,0,1.092212452
20,329,20329,0,0,0,0,0,0,0,0,0,0,0,0,0,0,0.072770774,0,0,0.011174055,2.751975332,0.059018,0.46188,1.34715,0.78263,0.33358,1.03923,0.03849,0,0.000215654,6.99E-06,0,0.000607262,0.000340391,2.54E-05,0,0.001313689,95.7741355,2.60E-05,0.005532167,2.583378134,0,0.0132,0.0273,0.1656,,0.145996988,0.5785,0,0,,0,0,0,0,0,0,0,0.515908678
20,330,20330,0,0,0,0,0,0,0,0,0,0,0,0,0,0,0,0,0,0.055870277,9.077443185,0.194672,1.52352,4.4436,2.58152,1.10032,3.42792,0.12696,0,9.70E-05,3.15E-06,0,0.000276028,0,0,0,0.004333227,396.2561717,8.58E-05,0.01824796,6.903228379,0,0.0435,0.1092,0.1375,,0.481573851,1.9082,0,0,,0,0,0,0,0,0,0,0.086272767
20,331,20331,0,0,0,0,0,0,0,0,0,0,0,0,0,0,0.024256925,0,0,0,1.317001445,0.028244,0.22104,0.6447,0.37454,0.15964,0.49734,0.01842,0,3.23E-05,1.05E-06,0,0.000276028,0.000680782,0,0,0.000628686,64.0893053,1.24E-05,0.002647506,1.572969989,0,0.0063,0,0.0308,,0.069869174,0.2769,0,0,,0,0,0,0,0,0,0,0.312041539
20,332,20332,0,0,0,0,0,0,0,0,0,0,0,0,0,0,0,0,0,0,0.780763072,0.016744,0.13104,0.3822,0.22204,0.09464,0.29484,0.01092,0,2.16E-05,6.99E-07,0,0,0.001361565,0,0,0.000372707,30.39664653,7.38E-06,0.001569532,0.822603118,0,0.0037,0,0.0465,,0.041420813,0.1641,0,0,,0,0,0,0,0,0,0,0.144579246
20,333,20333,0,0,0,0,0,0,0,0.26753701,0,0,0,0,0,0,0,0,0,0.011174055,5.392413083,0.115644,0.90504,2.6397,1.53354,0.65364,2.03634,0.07542,0,0.000388178,1.26E-05,0,0.002594666,0.000340391,0,0,0.002574133,147.0526547,5.09E-05,0.010840116,5.500858687,0,0.0258,0.3276,0.1639,,0.286076716,1.1336,0,0,,0,0,0,0,0,0,0,1.253065559
20,334,20334,2.138705174,0.77803804,0.540043337,0.01282408,0.029219189,0.05657911,0,0.53507402,5.130886958,0,0,0,0,7.451457825,0.630680044,0,0,0.122914609,83.54379362,1.791654,14.02164,40.89645,23.75889,10.12674,31.54869,1.16847,10.37819354,0.003083857,1.00E-04,0,0.024842543,0.061270405,0,0.009739546,0.039880636,2857.54007,0.000789215,0.167944185,76.57698705,17.3481,0.4,1.5013,0.3593,,4.432140816,17.5622,0,0,,0,0,0,0,0,0,0,5.190399706
20,335,20335,0,0,0,0,0,0,0,0,0,0,0,0,0,0,0.04851385,0,0,0.011174055,1.977647121,0.042412,0.33192,0.9681,0.56242,0.23972,0.74682,0.02766,0,3.23E-05,1.05E-06,0,0,0,0,0,0.000944054,74.7680299,1.87E-05,0.003975572,1.861339928,0,0.0095,0,0.0362,,0.104917555,0.4157,0,0,,0,0,0,0,0,0,0,0.000432788
20,336,20336,0,0,0,0,0,0,0,0,0,0,0,0,0,0,0,0,0,0.055870277,5.971550526,0.128064,1.00224,2.9232,1.69824,0.72384,2.25504,0.08352,0,0.000140175,4.55E-06,0,0.000496851,0,0,0.009739546,0.002850592,234.8169671,5.64E-05,0.012004329,4.15986046,0,0.0286,0.1365,0.048,,0.316800946,1.2553,0,0,,0,0,0,0,0,0,0,0.000498528
20,337,20337,0.712901725,0.259346013,0.180014446,0.004274693,0.00973973,0.018859703,0,0.53507402,0.977311802,0,0,0,0,1.862864456,0.169798473,0,0,0.055870277,8.888687277,0.190624,1.49184,4.3512,2.52784,1.07744,3.35664,0.12432,0,0.000506788,1.64E-05,0,0.005686182,0,0,0,0.004243122,294.7861691,8.40E-05,0.017868513,8.977981929,9.9048,0.0426,0.2184,0.1277,,0.471560028,1.8685,0,0,,0,0,0,0,0,0,0,0.000914881
20,338,20338,0,0,0,0,0,0,0,0.80261103,1.954623603,0,0,0,0,27.52899697,0.485138496,0,0,0.178784885,15.87694576,0.340492,2.66472,7.7721,4.51522,1.92452,5.99562,0.22206,13.60777125,0.004043518,0.00013111,0,0.016340873,0,0,0,0.007579051,47.8055899,0.000149985,0.031916682,16.3902786,12.6673,0.076,2.5658,0.0198,,0.842299066,3.3376,0,0,,0,0,0,0,0.2073,0.0299,0,0.438870822
20,339,20339,1.069352587,0.38901902,0.270021668,0.00641204,0.014609594,0.028289555,0,0.80261103,0.24432795,0,0,0,0,0,0.145541549,0,0,0.011174055,7.5824106,0.16261,1.2726,3.71175,2.15635,0.9191,2.86335,0.10605,0,0.00290055,9.40E-05,0,0.005796593,0.002042347,0.000101643,0,0.003619555,211.8836555,7.16E-05,0.015242566,7.799880288,0,0.0363,0.4094,0.1764,,0.402259821,1.5939,0,0,,0,0,0,0,0,0,2.1553028,0.614201763
20,340,20340,0,0,0,0,0,0,0,0,0,0,0,0,0,0,0.024256925,0,0,0,3.547753078,0.076084,0.59544,1.7367,1.00894,0.43004,1.33974,0.04962,0,0.000269568,8.74E-06,0,0.000110411,0.000680782,2.54E-05,0,0.001693563,113.4436364,3.35E-05,0.007131882,4.221415668,0,0.017,0.0546,0.144,,0.188214355,0.7458,0,0,,0,0,0,0,0,0,0,0.544252451
20,341,20341,0,0,0,0,0,0,0,0,0,0,0,0,0,0,0,0,0,0,0.551253048,0.011822,0.09252,0.26985,0.15677,0.06682,0.20817,0.00771,0,2.16E-05,6.99E-07,0,0.00038644,0.000340391,0,0,0.000263147,17.51974214,5.21E-06,0.001108158,0.586071509,0,0.0026,0,0.0144,,0.029244915,0.1159,0,0,,0,0,0,0,0,0,0,0.150820077
20,342,20342,0,0,0,0,0,0,0,0,0.24432795,0,0,0,0,0,0.04851385,0,0,0,3.942424521,0.084548,0.66168,1.9299,1.12118,0.47788,1.48878,0.05514,0,9.70E-05,3.15E-06,0,0.000276028,0.001361565,0,0,0.001881964,102.27329,3.72E-05,0.007925272,3.107418742,0,0.0189,0.1092,0.0554,,0.209152348,0.8288,0,0,,0,0,0,0,0,0,0,0.316741611
20,343,20343,0,0,0,0,0,0,0,0,0,0,0,0,0,0,0.024256925,0,0,0,3.050123868,0.065412,0.51192,1.4931,0.86742,0.36972,1.15182,0.04266,0,7.55E-05,2.45E-06,0,0,0.002042347,0,0,0.001456013,22.83697722,2.88E-05,0.006131522,2.780507681,0,0.0146,0,0.0554,,0.161814276,0.6412,0,0,,0,0,0,0,0,0,0,0.583837202
20,344,20344,0,0,0,0,0,0,0,0,0,0,0,0,0,0,0,0,0,0.011174055,5.613343293,0.120382,0.94212,2.74785,1.59637,0.68042,2.11977,0.07851,0,0.000150958,4.89E-06,0,0.000110411,0,0,0,0.002679597,212.5153192,5.30E-05,0.011284242,3.814731075,0,0.0269,0.1638,0.1928,,0.297797441,1.18,0,0,,0,0,0,0,0,0,0,0
20,345,20345,0,0,0,0,0,0,0,0,0,0,0,0,0,0,0,0,0,0,6.96251904,0.149316,1.16856,3.4083,1.98006,0.84396,2.62926,0.09738,0,0.000183306,5.94E-06,0,0.000717673,0,0,0,0.003323642,224.0727493,6.58E-05,0.013996427,5.821915198,0,0.0333,0,0.0939,,0.369373516,1.4636,0,0,,0,0,0,0,0,0,0,0.213818522
20,346,20346,0,0,0,0,0,0,0,0,0,0,0,0,0,0,0.024256925,0,0,0,2.846353286,0.061042,0.47772,1.39335,0.80947,0.34502,1.07487,0.03981,0,0.000301916,9.79E-06,0,0.000220823,0,0,0,0.001358741,105.3184029,2.69E-05,0.005721891,3.186347771,0,0.0136,0.0546,0.0997,,0.151003899,0.5983,0,0,,0,0,0,0,0,0,0,0.420215939
20,347,20347,0,0,0,0,0,0,0,0,0,0,0,0.066823691,0,0,0.04851385,0,0,0.793357928,6.539963202,0.140254,1.09764,3.20145,1.85989,0.79274,2.46969,0.09147,3.48358944,0.001035141,3.36E-05,0,0.000331234,0,0,0,0.00312193,279.7255395,6.18E-05,0.013146982,4.996774946,0,0.0313,0.1638,0.0906,,0.346956208,1.3748,0,0,,0,0,0,0,0,0,0,0
20,348,20348,0,0,0,0,0,0,0,0.53507402,0.732983851,0,0,0.033411846,0,2.069849396,0.145541549,0,0,0.022348111,13.35877036,0.286488,2.24208,6.5394,3.79908,1.61928,5.04468,0.18684,0,0.00075479,2.45E-05,0,0.002429049,0.002042347,0,0,0.00637697,408.4241429,0.000126197,0.026854512,12.12533419,8.7596,0.064,0.4367,0.5371,,0.708705564,2.8082,0,0,,0,0,0,0,0,0,0,0.956667352
20,349,20349,0,0,0,0,0,0,0,0,0,0,0,0,0,0,0.024256925,0,0,0.011174055,3.951004335,0.084732,0.66312,1.9341,1.12362,0.47892,1.49202,0.05526,0,0.000808704,2.62E-05,0,0.000220823,0.001361565,0,0,0.001886059,110.4960527,3.73E-05,0.007942519,3.691685518,0,0.0189,0.0546,0.0859,,0.209607522,0.8306,0,0,,0,0,0,0,0,0,0,0.496460206
20,350,20350,0.712901725,0.259346013,0.180014446,0.004274693,0.00973973,0.018859703,0,7.223499274,2.931935405,0,0,0.033411846,0,0.413969879,0.145541549,0,0,0.067044332,34.07902111,0.730848,5.71968,16.6824,9.69168,4.13088,12.86928,0.47664,8.09208797,0.002404545,7.80E-05,0,0.015899228,0,0,0,0.016268031,11.02522323,0.000321935,0.068507464,33.04485704,0,0.1632,2.1291,0.0171,,1.807950224,7.164,0.0036,0,,0,0,0,0,0,0,0.090223011,0.140994698
20,351,20351,0,0,0,0,0,0,0,0,0,0,0,0,0,0,0.04851385,0,0,0,3.755813567,0.080546,0.63036,1.83855,1.06811,0.45526,1.41831,0.05253,0,5.39E-05,1.75E-06,0,0.000276028,0.000340391,0,0,0.001792883,118.3823065,3.55E-05,0.007550137,3.666380183,0,0.018,0,0.0951,,0.199252319,0.7895,0,0,,0,0,0,0,0,0,0,0
20,352,20352,0,0,0,0,0,0,0,0,0,0,0,1.737415976,0,0,0.024256925,0,0,0,5.872882665,0.125948,0.98568,2.8749,1.67018,0.71188,2.21778,0.08214,3.95532551,0.001175316,3.81E-05,0,0.000331234,0,0,0,0.002803491,224.7184652,5.55E-05,0.011805982,2.229710833,0,0.0281,0,0.0704,,0.311566447,1.2346,0,0,,0,0,0,0,0,0,0,0.198146377
20,353,20353,0,0,0,0,0,0,0,0,0,0,0,0,0,0,0,0,0,0,3.515578776,0.075394,0.59004,1.72095,0.99979,0.42614,1.32759,0.04917,0,2.16E-05,6.99E-07,0,0.000165617,0.000340391,2.54E-05,0,0.001678204,115.4462045,3.32E-05,0.007067204,2.735839833,0,0.0168,0,0.1214,,0.186507453,0.739,0,0,,0,0,0,0,0,0,0,0
20,354,20354,0,0,0,0,0,0,0,0,0,0,0,0,0,0,0,0,0,0,1.323436306,0.028382,0.22212,0.64785,0.37637,0.16042,0.49977,0.01851,0,1.08E-05,3.50E-07,0,5.52E-05,0,0,0,0.000631758,48.38337068,1.25E-05,0.002660442,1.011069374,0,0.0063,0.0273,0.0238,,0.070210554,0.2782,0,0,,0,0,0,0,0,0,0,0.01680174
20,355,20355,0,0,0,0,0,0,0,0,0,0,0,0,0,0,0,0,0,0,1.653759144,0.035466,0.27756,0.80955,0.47031,0.20046,0.62451,0.02313,0,3.23E-05,1.05E-06,0,0,0,0,0,0.000789442,59.57755603,1.56E-05,0.003324475,1.466789948,0,0.0079,0.0546,0.0172,,0.087734745,0.3476,0,0,,0,0,0,0,0,0,0,0.014597257
20,356,20356,0,0,0,0,0,0,0,0,0,0,0,0.23388292,0,0.413969879,0.169798473,0,0,0.044696221,3.805147498,0.081604,0.63864,1.8627,1.08214,0.46124,1.43694,0.05322,0,0.003245597,0.000105237,0,0.00165617,0.000680782,2.54E-05,0,0.001816433,115.0412559,3.59E-05,0.00764931,4.189660713,0,0.0182,0.5186,0.0825,,0.201869568,0.7999,0,0,,0,0,0,0,0,0,0,0.45773631
20,357,20357,0,0,0,0,0,0,0,0,0,0,0,0,0,0,0.024256925,0,0,0.022348111,2.207157145,0.047334,0.37044,1.08045,0.62769,0.26754,0.83349,0.03087,0,0.000269568,8.74E-06,0,0.000331234,0.000340391,0,0,0.001053613,81.21660446,2.09E-05,0.004436945,2.15973392,0,0.0106,0.0546,0.046,,0.117093453,0.464,0,0,,0,0,0,0,0,0,0,0
20,358,20358,0,0,0,0,0,0,0,0,0,0,0,0,0,10.14226204,0.024256925,0,0,0,3.386881566,0.072634,0.56844,1.65795,0.96319,0.41054,1.27899,0.04737,0,0.000657746,2.13E-05,0,0.000331234,0.002382738,0,0,0.001616769,113.4100566,3.20E-05,0.00680849,3.564941166,0,0.0162,0,0.3063,,0.179679847,0.712,0,0,,0,0,0,0,0,0,0,0.973062003
20,359,20359,0,0,0,0,0,0,0,0,0,0,0,0,0,0,0.024256925,0,0,0.011174055,1.82321047,0.0391,0.306,0.8925,0.5185,0.221,0.6885,0.0255,0,2.16E-05,6.99E-07,0,5.52E-05,0,2.54E-05,0,0.000870331,73.01576701,1.72E-05,0.003665115,1.991303572,0,0.0087,0,0.0138,,0.096724427,0.3833,0,0,,0,0,0,0,0,0,0,0.000118697
20,360,20360,0,0,0,0,0,0,0,0,0,0,0,0,0,0,0.121284624,0,0,0.033522166,6.548543016,0.140438,1.09908,3.20565,1.86233,0.79378,2.47293,0.09159,0,0.000323481,1.05E-05,0,0.000496851,0.003744303,0,0,0.003126026,205.7705984,6.19E-05,0.01316423,5.487769751,0,0.0314,0.1911,0.3358,,0.347411382,1.3766,0,0,,0,0,0,0,0,0,0,0.802279692
20,361,20361,0,0,0,0,0,0,0,0,0,0,0,0,0,0,0,0,0,0,2.213592005,0.047472,0.37152,1.0836,0.62952,0.26832,0.83592,0.03096,0,0.000248002,8.04E-06,0,0.000110411,0.000340391,0,0,0.001056685,84.87731429,2.09E-05,0.004449881,1.69207332,0,0.0106,0.273,0.0537,,0.117434833,0.4653,0,0,,0,0,0,0,0,0,0,0
20,362,20362,0,0,0,0,0,0,0,0,0,0,0,0,0,0,0.024256925,0,0,0.067044332,2.664032239,0.057132,0.44712,1.3041,0.75762,0.32292,1.00602,0.03726,0,0.000204872,6.64E-06,0,0.000552057,0.000340391,2.54E-05,0,0.001271708,86.8705543,2.52E-05,0.00535538,2.343926464,0,0.0128,0.273,0.0752,,0.141331456,0.56,0,0,,0,0,0,0,0,0,0,0
20,363,20363,0,0,0,0,0,0,0,0,0,0,0,0,0,0,0,0,0,0.011174055,5.36023878,0.114954,0.89964,2.62395,1.52439,0.64974,2.02419,0.07497,0,0.000301916,9.79E-06,0,0.001876992,0.000340391,2.54E-05,0.009739546,0.002558775,192.5551577,5.06E-05,0.010775438,5.038671203,0,0.0257,0.8189,0.0759,,0.284369814,1.1268,0,0,,0,0,0,0,0,0,0,0.000524093
20,364,20364,0,0,0,0,0,0,30.97407789,0.53507402,0,3.300041166,0,0.066823691,0,3.932713852,0.097027699,0,0,0.100566498,31.78606582,0.681674,5.33484,15.55995,9.03959,3.85294,12.00339,0.44457,0,0.001024358,3.32E-05,0,0.020646914,0,0,0,0.015173461,1088.590874,0.000300274,0.063898043,25.26963725,5.3763,0.1522,0,0.4855,,1.686305034,6.6819,0,0.0193,,0,0,0,0,0,0,0,2.268452809
20,365,20365,0,0,0,0,0,0,0,0,0,0,0,0,0,0,0,0,0,0,2.179272749,0.046736,0.36576,1.0668,0.61976,0.26416,0.82296,0.03048,0,3.23E-05,1.05E-06,0,0.001435347,0,2.54E-05,0.009739546,0.001040302,90.01815284,2.06E-05,0.00438089,2.824271623,0,0.0104,0.1092,0.0792,,0.115614138,0.4581,0,0,,0,0,0,0,0,0,0,0.000560615
20,366,20366,0,0,0,0,0,0,0,0,0,0,0,0,0,0,0.097027699,0,0,0.022348111,9.094602813,0.19504,1.5264,4.452,2.5864,1.1024,3.4344,0.1272,0,0.000107827,3.50E-06,0,0.000717673,0,0,0,0.004341418,400.1895468,8.59E-05,0.018282455,6.244286729,0,0.0435,0.1638,0.104,,0.482484199,1.9118,0,0,,0,0,0,0,0,0,0,0.215435637
20,367,20367,0,0,0,0,0,0,0,0,0,0,0,0,0,0,0.072770774,0,0,0.223481106,9.907540187,0.212474,1.66284,4.84995,2.81759,1.20094,3.74139,0.13857,0,0.000625397,2.03E-05,0,0.001545758,0,2.54E-05,0,0.004729484,457.445244,9.36E-05,0.019916665,6.794017551,0,0.0474,0.0546,0.1534,,0.525611914,2.0827,0,0,,0,0,0,0,0,0,0,0.253168317
20,368,20368,0,0,0,0,0,0,0,0,0,0,0,0,0,0,0,0,0,0,3.65929066,0.078476,0.61416,1.7913,1.04066,0.44356,1.38186,0.05118,0,0.000539136,1.75E-05,0,0.000828085,0.000340391,0,0,0.001746806,119.0564281,3.46E-05,0.007356101,2.938872525,0,0.0175,0,0.0672,,0.194131614,0.7692,0,0,,0,0,0,0,0,0,0,0.415040732
20,369,20369,0,0,0,0,0,0,0,0,0,0,0,0,0,0,0.04851385,0,0,0,3.114472473,0.066792,0.52272,1.5246,0.88572,0.37752,1.17612,0.04356,0,7.55E-05,2.45E-06,0,0.000220823,0.001701956,0,0,0.001486731,36.99158939,2.94E-05,0.006260878,3.235669321,0,0.0149,0,0.1842,,0.165228079,0.6547,0,0,,0,0,0,0,0,0,0,0.466672593
20,370,20370,0,0,0,0,0,0,0,0,0.24432795,0,0,0,0,0,0,0,0,0.022348111,1.220478538,0.026174,0.20484,0.59745,0.34709,0.14794,0.46089,0.01707,0,6.47E-05,2.10E-06,0,0.000220823,0.000680782,0,0,0.00058261,45.53051272,1.15E-05,0.002453471,1.312017463,0,0.0058,0,0.0456,,0.064748469,0.2566,0,0,,0,0,0,0,0,0,0,0.192165581
20,371,20371,0,0,0,0,0,0,0,0,0,0,0,0,0,0,0,0,0,0.055870277,2.089184703,0.044804,0.35064,1.0227,0.59414,0.25324,0.78894,0.02922,0,7.55E-05,2.45E-06,0,0.000938496,0.000340391,0,0,0.000997297,79.70815167,1.97E-05,0.00419979,2.283287084,0,0.01,0,0.0487,,0.110834814,0.4392,0,0,,0,0,0,0,0,0,0,0.177343608
20,372,20372,0,0,0,0,0,0,0,0,0,0,0,0,0,0,0,0,0,0,4.094716219,0.087814,0.68724,2.00445,1.16449,0.49634,1.54629,0.05727,0,7.55E-05,2.45E-06,0,0.00088329,0,0,0,0.001954662,157.2755654,3.87E-05,0.008231417,3.451911347,0,0.0196,0,0.1517,,0.217231683,0.8608,0,0,,0,0,0,0,0,0,0,0.410854693
20,373,20373,0,0,0,0,0,0,0,0,0,0,0,0,0,0,0,0,0,0,0.825807095,0.01771,0.1386,0.40425,0.23485,0.1001,0.31185,0.01155,0,0.000280351,9.09E-06,0,0,0,0,0,0.000394209,28.71872,7.80E-06,0.001660081,0.863411976,0,0.004,0,0.0418,,0.043810476,0.1736,0,0,,0,0,0,0,0,0,0,0.134697931
20,374,20374,0,0,0,0,0,0,0,0,0,0,0,0,0,0,0,0,0,0,2.923571612,0.062698,0.49068,1.43115,0.83143,0.35438,1.10403,0.04089,0,9.70E-05,3.15E-06,0,0,0,0,0,0.001395602,111.5308296,2.76E-05,0.005877119,2.291029125,0,0.014,0.2184,0.0293,,0.155100463,0.6146,0,0,,0,0,0,0,0,0,0,0.025738836
20,375,20375,1.425803449,0.518692027,0.360028891,0.008549387,0.019479459,0.037719407,0,3.745518142,0.977311802,0,0,0.23388292,0,1.241909638,0.388110797,0,0,0.033522166,20.98408003,0.450018,3.52188,10.27215,5.96763,2.54358,7.92423,0.29349,0,0.001024358,3.32E-05,0,0.004968509,0,0,0,0.010017003,25.36565976,0.000198231,0.042183316,17.13332073,0,0.1005,0.0546,0.0101,,1.113241254,4.4112,0.002,0,,0,0,0,0,0,0,0,0.07149027
20,376,20376,0,0,0,0,0,0,0,0,0,0,0,0,0,0,0,0,0,0,0.772183258,0.01656,0.1296,0.378,0.2196,0.0936,0.2916,0.0108,0,0,0,0,0.000496851,0,0,0,0.000368611,26.29869175,7.29E-06,0.001552284,0.754175222,0,0.0037,0,0.0079,,0.04096564,0.1623,0,0,,0,0,0,0,0,0,0,0.052006923
20,377,20377,0,0,0,0,0,0,0,0.26753701,0,0,0,0,0,8.900352402,0.04851385,0,0,0.044696221,22.29679157,0.47817,3.7422,10.91475,6.34095,2.7027,8.41995,0.31185,0,0.000549918,1.78E-05,0,0.001600964,0.000680782,5.08E-05,0.019479093,0.010643642,780.1256326,0.000210631,0.044822198,17.44603059,0,0.1067,0,0.1814,,1.182882841,4.6871,0,0,,0,0,0,0,0,0,0,0
20,378,20378,0,0,0,0,0,0,0,0,0,0,0,0,0,0.827939758,0.097027699,0,0,0,6.074508294,0.130272,1.01952,2.9736,1.72752,0.73632,2.29392,0.08496,0,0.000248002,8.04E-06,0,0.000276028,0.001701956,0,0,0.00289974,221.8011724,5.74E-05,0.0122113,5.22884455,0,0.0291,0.0546,0.3155,,0.322263031,1.277,0,0,,0,0,0,0,0,0,0,1.387109815
20,379,20379,0,0,0,0,0,0,0,0,0,0,0,0,0,0,0,0,0,0.033522166,5.879317526,0.126086,0.98676,2.87805,1.67201,0.71266,2.22021,0.08223,0,3.23E-05,1.05E-06,0,0.000220823,0,0,0,0.002806563,271.8804762,5.55E-05,0.011818917,4.526793568,0,0.0281,0,0.1056,,0.311907828,1.2359,0,0,,0,0,0,0,0,0,0,0.324003131
20,380,20380,0,0,0,0,0,0,0,0,0,0,0,0,0,0,0.291083097,0,0,0.011174055,3.963874056,0.085008,0.66528,1.9404,1.12728,0.48048,1.49688,0.05544,0,0.00023722,7.69E-06,0,0.000552057,0.001701956,0,0,0.001892203,80.8578991,3.74E-05,0.007968391,3.654432343,0,0.019,0.1092,0.0746,,0.210290283,0.8333,0,0,,0,0,0,0,0,0,0,0.513339853
20,381,20381,0,0,0,0,0,0,0,0,0.488655901,0,0,0,0,0.20698494,0.242569248,0,0,0,4.933393035,0.1058,0.828,2.415,1.403,0.598,1.863,0.069,0,0.000431309,1.40E-05,0,0.00038644,0.000340391,5.08E-05,0,0.002355015,85.29057662,4.66E-05,0.00991737,4.718003805,0,0.0236,0,0.1046,,0.261724919,1.0371,0,0,,0,0,0,0,0,0,0.000221846,0.455320612
20,382,20382,0,0,0,0,0,0,0,0,0,0,0,0,0,0,0.04851385,0,0,0,2.520320355,0.05405,0.423,1.23375,0.71675,0.3055,0.95175,0.03525,0,2.16E-05,6.99E-07,0,0.000441645,0,0,0,0.001203105,87.8742541,2.38E-05,0.005066482,2.233808303,0,0.0121,0,0.0666,,0.133707296,0.5298,0,0,,0,0,0,0,0,0,0,0.218429077
20,383,20383,0,0,0,0,0,0,0,0,0,0,0,0,0,0,0,0,0,0,1.145405166,0.024564,0.19224,0.5607,0.32574,0.13884,0.43254,0.01602,0,1.08E-05,3.50E-07,0,0,0.000340391,0,0,0.000546773,56.47570742,1.08E-05,0.002302554,1.051591721,0,0.0055,0,0.0647,,0.060765699,0.2408,0,0,,0,0,0,0,0,0,0,0.1690225
20,384,20384,0,0,0,0,0,0,0,0,0,0,0,0,0,82.79397584,0,0,0,0,8.365318625,0.1794,1.404,4.095,2.379,1.014,3.159,0.117,21.01039881,0.006243192,0.000202434,0,0.00038644,0.001021173,2.54E-05,0,0.003993286,255.2076356,7.90E-05,0.016816409,5.796651863,0,0.04,0,0.1271,,0.443794428,1.7585,0,0,,0,0,0,0,0,0,0,0
20,385,20385,4.63386121,1.685749087,1.170093896,0.027785507,0.063308243,0.122588071,0,10.70148041,10.50610187,0,0,0.70164876,0,7.451457825,3.638538718,0,0,1.0503612,151.324324,3.245254,25.39764,74.07645,43.03489,18.34274,57.14469,2.11647,31.35230496,0.009316266,0.000302077,0,0.030197492,0.00612704,0,0,0.072236488,328.0177985,0.001429518,0.304200218,123.3922034,60.669,0.7245,1.0918,0.0506,,8.028013619,31.8108,0.0143,0,,0,0,0,0,0.5458,0.0788,0.000819123,0.472630116
20,386,20386,0,0,0,0,0,0,0,0,0,0,0,0,0,0,0.04851385,0,0,0,38.70568579,0.83007,6.4962,18.94725,11.00745,4.6917,14.61645,0.54135,0,0.000172523,5.59E-06,0,0.000441645,0,2.54E-05,0.009739546,0.018476625,1432.279773,0.000365642,0.077808232,23.87482863,0,0.1853,0,0.8365,,2.053402681,8.1366,0,0,,0,0,0,0,0,0,0,0
20,387,20387,0,0,0,0,0,0,0,0,0.24432795,0,0,0,0,0.620954819,0.024256925,0,0,0.022348111,5.280875501,0.113252,0.88632,2.5851,1.50182,0.64012,1.99422,0.07386,0,0.000312699,1.01E-05,0,0.001159319,0.006807823,2.54E-05,0,0.00252089,117.7723424,4.99E-05,0.010615897,5.436383821,0,0.0253,0,0.6122,,0.280159457,1.1101,0,0,,0,0,0,0,0,0,0,2.014635514
20,388,20388,0,0,0,0,0,0,0,0,0,0,0,0,0,0,0,0,0,0,4.972002198,0.106628,0.83448,2.4339,1.41398,0.60268,1.87758,0.06954,0,2.16E-05,6.99E-07,0,0,0,0,0,0.002373445,218.6250249,4.70E-05,0.009994984,3.348662288,0,0.0238,0.0546,0.2252,,0.263773201,1.0452,0,0,,0,0,0,0,0,0,0,0.938309789
20,389,20389,0,0,0,0,0,0,0,0,0,0,0,0,0,0,0,0,0,0,1.928313191,0.041354,0.32364,0.94395,0.54839,0.23374,0.72819,0.02697,0,0.000107827,3.50E-06,0,5.52E-05,0.001361565,0,0,0.000920504,80.24507864,1.82E-05,0.003876398,1.596992936,0,0.0092,0,0.082,,0.102300305,0.4054,0,0,,0,0,0,0,0,0,0,0.36241595
20,390,20390,9.26772242,3.371498174,2.340187792,0.055571013,0.126616485,0.245176143,0,17.92497968,19.30190808,0,0,1.002355371,0,115.2906114,3.129143297,0,0,0.391091936,97.10847951,2.082558,16.29828,47.53665,27.61653,11.77098,36.67113,1.35819,0,0.016486771,0.000534578,0,0.061885536,0.000340391,0,0,0.046355902,39.80288881,0.000917356,0.195212639,95.3414151,0,0.4649,1.6105,0.0067,,5.15177055,20.4138,0.0101,0,,0,0,0,0,0.2418,0.0349,0.584504156,0.045674339
20,391,20391,0,0,0,0,0,0,0,0,0,0,0,0,0,0,0,0,0,0.022348111,6.915330063,0.148304,1.16064,3.3852,1.96664,0.83824,2.61144,0.09672,0,3.23E-05,1.05E-06,0,0.000441645,0,0,0,0.003301116,261.881254,6.53E-05,0.013901565,4.563524903,0,0.0331,0,0.0787,,0.366870061,1.4537,0,0,,0,0,0,0,0,0,0,0
20,392,20392,0,0,0,0,0,0,0,0,0,0,0,0,0,0,0,0,0,0.022348111,13.63761431,0.292468,2.28888,6.6759,3.87838,1.65308,5.14998,0.19074,0,0.000107827,3.50E-06,0,0.00088329,0,0,0,0.006510079,478.1175635,0.000128831,0.027415059,10.78873058,0,0.0653,0.0819,0.6382,,0.723498711,2.8668,0,0,,0,0,0,0,0,0,0,0
20,393,20393,0,0,0,0,0,0,0,0,0,0,0,0,0,0,0.072770774,0,0,0,7.820500438,0.167716,1.31256,3.8283,2.22406,0.94796,2.95326,0.10938,0,0.000226437,7.34E-06,0,5.52E-05,0.00306352,0,0,0.00373321,299.7136547,7.39E-05,0.015721187,4.69348542,0,0.0374,0.1638,0.1823,,0.414890894,1.644,0,0,,0,0,0,0,0,0,0,0.904550495
20,394,20394,0,0,0,0,0,0,0,0,0,0,0,0,0,0.20698494,0,0,0,0,5.422442432,0.116288,0.91008,2.6544,1.54208,0.65728,2.04768,0.07584,0,1.08E-05,3.50E-07,0,0.000165617,0,0,0,0.002588468,182.0731698,5.12E-05,0.010900483,5.159839197,0,0.026,0,0.2201,,0.287669824,1.1399,0,0,,0,0,0,0,0,0,0,0.001810587
20,395,20395,0,0,0,0,0,0,0,0,0,0,0,0,0,0,0,0,0,0,3.29679352,0.070702,0.55332,1.61385,0.93757,0.39962,1.24497,0.04611,0,0.000312699,1.01E-05,0,0,0.000340391,0,0,0.001573764,125.4792618,3.11E-05,0.00662739,2.979727278,0,0.0158,0,0.1106,,0.174900522,0.693,0,0,,0,0,0,0,0,0,0,0.523189647
20,396,20396,0,0,0,0,0,0,0,0,0,0,0,0,0,0,0.04851385,0,0,0.022348111,6.986113529,0.149822,1.17252,3.41985,1.98677,0.84682,2.63817,0.09771,0,0.000204872,6.64E-06,0,0.000662468,0,0,0,0.003334905,266.5066322,6.60E-05,0.014043858,5.803892091,8.6259,0.0334,0.0546,0.0761,,0.370625244,1.4686,0,0,,0,0,0,0,0,0,0,0.098427217
20,397,20397,4.990312072,1.815422094,1.260101119,0.029922853,0.068178108,0.132017923,18.03669131,2.942907112,8.307150313,1.921665725,0,0.400942148,0,14.69593071,1.431158562,0,0,0.279351383,77.98192921,1.672376,13.08816,38.1738,22.17716,9.45256,29.44836,1.09068,0,0.005952059,0.000192994,0,0.029424613,0.007828996,0,0,0.037225613,1675.274872,0.000736673,0.156763429,65.99003591,20.8752,0.3733,3.7396,0.4058,,4.137074418,16.3931,0,0,,0,0,0,0,0,0,0.033840029,1.237504737
20,398,20398,0,0,0,0,0,0,0,0,0.732983851,0,0,0,0,0,0.169798473,0,0,0.011174055,8.753555207,0.187726,1.46916,4.28505,2.48941,1.06106,3.30561,0.12243,0,0.000916531,2.97E-05,0,0.002318637,0.007828996,0,0,0.004178615,252.4563763,8.27E-05,0.017596863,8.317567988,0,0.0419,0.3003,0.3899,,0.464391041,1.8401,0,0,,0,0,0,0,0,0,0,1.833924
20,399,20399,0.712901725,0.259346013,0.180014446,0.004274693,0.00973973,0.018859703,0,0,3.664919256,0,0,0.100235537,0,4.96763855,0.897506217,0,0,0.368743826,46.3567349,0.994152,7.78032,22.6926,13.18332,5.61912,17.50572,0.64836,44.85121404,0.013327436,0.000432138,0,0.008060025,0.001701956,2.54E-05,0,0.022128946,249.7758854,0.000437919,0.093188778,35.36002857,0,0.2219,0.8462,0.0967,,2.459303893,9.7449,0.0041,0,,0,0,0,0,0,0,0,0.465679673
20,400,20400,0,0,0,0,0,0,0,0,0,0,0,0,0,0,0.024256925,0,0,0,2.640437751,0.056626,0.44316,1.29255,0.75091,0.32006,0.99711,0.03693,0,0.00023722,7.69E-06,0,0.000441645,0.001021173,0,0,0.001260445,64.55113259,2.49E-05,0.005307949,2.892677955,0,0.0126,0,0.0334,,0.140079728,0.5551,0,0,,0,0,0,0,0,0,0,0.127416962
20,401,20401,0,0,0,0,0,0,0,1.605222061,0.488655901,0,0,0,0,0.827939758,0.121284624,0,0,0.033522166,43.46533759,0.932144,7.29504,21.2772,12.36104,5.26864,16.41384,0.60792,0,0.000646963,2.10E-05,0,0.048139329,0.028592855,0,0,0.020748702,1167.281767,0.000410605,0.087376337,40.02601063,0,0.2081,0.1092,0.4259,,2.305910331,9.1371,0,0,,0,0,0,0,0,0,0,1.855908836
20,402,20402,0,0,0,0,0,0,0,0,0.488655901,0,0,0,0,0,0,0,0,0,2.05057554,0.043976,0.34416,1.0038,0.58316,0.24856,0.77436,0.02868,0,3.23E-05,1.05E-06,0,0.000165617,0.000680782,0,0,0.000978867,63.74668,1.94E-05,0.004122176,1.732298622,0,0.0098,0,0.0302,,0.108786532,0.4311,0,0,,0,0,0,0,0,0,0,0.197108335
20,403,20403,0,0,0,0,0,0,0,0,0,0,0,0,0,0,0.097027699,0,0,3.396912817,4.615939918,0.098992,0.77472,2.2596,1.31272,0.55952,1.74312,0.06456,0,0.003547513,0.000115027,0,0.001876992,0.002723129,0,0,0.002203474,21.39590086,4.36E-05,0.009279208,4.273591479,0,0.0221,0.0273,0.0337,,0.24488349,0.9703,0.0005,0,,0,0,0,0,0,0,0,0.189647799
20,404,20404,0,0,0,0,0,0,0,0,0,0,0,0,0,0.20698494,0,0,0,0,1.527206887,0.032752,0.25632,0.7476,0.43432,0.18512,0.57672,0.02136,0,8.63E-05,2.80E-06,0,0,0.005446258,0,0,0.000729031,38.04222085,1.44E-05,0.003070073,1.521394357,0,0.0073,0.1092,0.1434,,0.081020932,0.321,0,0,,0,0,0,0,0,0,0,0.671409378
20,405,20405,0,0,0,0,0,0,0,0,0,0,0,0,0,0,0.024256925,0,0,0.033522166,3.539173264,0.0759,0.594,1.7325,1.0065,0.429,1.3365,0.0495,0,0.001768365,5.73E-05,0,0.000331234,0.001021173,2.54E-05,0,0.001689467,88.50495173,3.34E-05,0.007114635,3.728197679,0,0.0169,0,0.0375,,0.187759181,0.744,0,0,,0,0,0,0,0,0,0,0.15602077
20,406,20406,0,0,0,0,0,0,0,0,0.24432795,0,0,0,0,0,0,0,0,0,44.27398506,0.949486,7.43076,21.67305,12.59101,5.36666,16.71921,0.61923,0,0.000269568,8.74E-06,0,0.002263432,0.000340391,0,0,0.02113472,1895.772348,0.000418244,0.089001924,33.57196306,0,0.212,0.273,0.7582,,2.348810459,9.3071,0,0,,0,0,0,0,0,0,0,0.888764407
20,407,20407,0,0,0,0,0,0,0,0,0,0,0,0,0,0.413969879,0,0,0,0,19.41397407,0.416346,3.25836,9.50355,5.52111,2.35326,7.33131,0.27153,0,0.000150958,4.89E-06,0,0.000331234,0,0,0,0.009267494,891.2629072,0.000183398,0.039027005,13.32053505,0,0.0929,0.1638,0.2851,,1.029944454,4.0811,0,0,,0,0,0,0,0,0,0,6.237492012
20,408,20408,0,0,0,0,0,0,0,0,0,0,0,0,0,0,0,0,0,0,0.956649258,0.020516,0.16056,0.4683,0.27206,0.11596,0.36126,0.01338,0,0,0,0,0,0,0,0,0.000456668,43.20884708,9.04E-06,0.001923107,0.813459746,0,0.0046,0,0.0277,,0.050751876,0.2011,0,0,,0,0,0,0,0,0,0,0.096472842
20,409,20409,0.712901725,0.259346013,0.180014446,0.004274693,0.00973973,0.018859703,0,1.337685051,0,0,0,0.033411846,0,1.241909638,0.242569248,0,0,0,18.12271207,0.388654,3.04164,8.87145,5.15389,2.19674,6.84369,0.25347,20.57495013,0.006113799,0.000198238,0,0.015126349,0.000680782,2.54E-05,0,0.008651095,33.99598243,0.0001712,0.036431241,18.99685575,0,0.0868,0.1911,0.0951,,0.961440801,3.8097,0.0019,0,,0,0,0,0,0,0,0.033703508,0.53121242
20,410,20410,0,0,0,0,0,0,0,0,0,0,0,0,0,0,0,0,0,0.011174055,8.38676816,0.17986,1.4076,4.1055,2.3851,1.0166,3.1671,0.1173,0,0.000161741,5.24E-06,0,0.000220823,0,0,0,0.004003525,276.2564901,7.92E-05,0.016859528,6.70343863,0,0.0402,0.273,0.2173,,0.444932363,1.763,0,0,,0,0,0,0,0,0,0,0
20,411,20411,0,0,0,0,0,0,0,0,0,0,0,0,0,0,0.04851385,0,0,0,1.434973887,0.030774,0.24084,0.70245,0.40809,0.17394,0.54189,0.02007,0,0.000215654,6.99E-06,0,0.000276028,0.000680782,0,0,0.000685002,17.70461506,1.36E-05,0.002884661,1.194740426,0,0.0069,0.1638,0.0245,,0.076127813,0.3017,0,0,,0,0,0,0,0,0,0,0.178725674
20,412,20412,0,0,0,0,0,0,0,0,0,0,0,0.033411846,0,0.20698494,0.072770774,0,0,0.067044332,6.38552655,0.136942,1.07172,3.12585,1.81597,0.77402,2.41137,0.08931,0,0.000269568,8.74E-06,0,0.00126973,0,0,0,0.003048208,230.4644968,6.03E-05,0.012836526,5.240982965,0,0.0306,0.0546,0.2094,,0.33876308,1.3423,0,0,,0,0,0,0,0,0,0,3.126789194
20,413,20413,7.841918971,2.852806148,1.980158901,0.047021627,0.107137026,0.207456736,0,15.24960958,3.176263355,0,0,0.100235537,0,3.518743973,1.11581854,0,0,0.446962213,77.25478998,1.656782,12.96612,37.81785,21.97037,9.36442,29.17377,1.08051,16.65591201,0.004949266,0.000160478,0,0.17610603,0,0,0,0.036878504,1023.514315,0.000729804,0.155301695,99.60849401,24.3572,0.3699,1.5286,0.321,,4.098498441,16.2402,0,0,,0,13.26546,2.478,1.2,0,0,0.025131478,1.206547375
20,414,20414,0,0,0,0,0,0,0,0,0,0,0,0.033411846,0,0.413969879,0.072770774,0,0,0.122914609,22.03939715,0.47265,3.699,10.78875,6.26775,2.6715,8.32275,0.30825,0,0.001078272,3.50E-05,0,0.001214524,0.019742686,0,0,0.010520772,776.7880293,0.0002082,0.04430477,17.93194501,0,0.1055,0.6005,0.3966,,1.169227628,4.633,0,0,,0,0,0,0,0,0,0,1.24284262
20,415,20415,0,0,0,0,0,0,0,0,0,0,0,0,0,0,0.024256925,0,0,0.044696221,8.775004742,0.188186,1.47276,4.29555,2.49551,1.06366,3.31371,0.12273,0,0.000107827,3.50E-06,0,0.000717673,0.000680782,2.54E-05,0,0.004188854,312.4403633,8.29E-05,0.017639982,7.118489291,0,0.042,0,0.3519,,0.465528976,1.8446,0,0,,0,0,0,0,0,0,0,0
20,416,20416,0,0,0,0,0,0,0,0,0,0,0,0,0,0,0,0,0,0,1.233348259,0.02645,0.207,0.60375,0.35075,0.1495,0.46575,0.01725,0,0.002221239,7.20E-05,0,0,0,0,0,0.000588754,50.02060299,1.17E-05,0.002479342,1.342061007,0,0.0059,0,0.0188,,0.06543123,0.2593,0,0,,0,0,0,0,0.3455,0.0499,0,0.008281709
20,417,20417,0,0,0,0,0,0,0,0,0,0,0,0,0,0,0,0,0,0.011174055,18.55384772,0.3979,3.114,9.0825,5.2765,2.249,7.0065,0.2595,0,0.000129393,4.20E-06,0,0.001711375,0.003403911,2.54E-05,0,0.008856903,792.3914902,0.000175273,0.037297933,15.32006888,0,0.0888,0,0.3677,9.3331,0.984313283,3.9003,0,0,,0,0,0,0,0,0,0,9.715159785
20,418,20418,0,0,0,0,0,0,0,0.53507402,0.732983851,0,0,0.100235537,0,0.20698494,0.194055398,0,0,0.033522166,24.74847341,0.530748,4.15368,12.1149,7.03818,2.99988,9.34578,0.34614,0,0.001466449,4.75E-05,0,0.01054428,0.002723129,0,0.009739546,0.011813982,515.0922857,0.000233792,0.0497507,23.85490046,0,0.1185,0.8735,0.223,,1.312948747,5.2025,0,0,,0,0,0,0,0,0,0,1.939078486
20,419,20419,0,0,0,0,0,0,0,0,0,0,0,0,0,0,0,0,0,0,1.177579468,0.025254,0.19764,0.57645,0.33489,0.14274,0.44469,0.01647,0,0.000140175,4.55E-06,0,5.52E-05,0,0,0,0.000562132,38.67851593,1.11E-05,0.002367233,1.14571034,0,0.0056,0.1092,0.0123,,0.0624726,0.2475,0,0,,0,0,0,0,0,0,0,0.000116871
20,420,20420,0,0,0,0,0,0,0,0,0,0,0,0,0,0,0,0,0,0.011174055,3.61639159,0.077556,0.60696,1.7703,1.02846,0.43836,1.36566,0.05058,0,5.39E-05,1.75E-06,0,0.000496851,0,0,0,0.001726328,152.4347319,3.42E-05,0.007269863,2.128746553,1.8624,0.0173,0,0.1309,,0.191855745,0.7602,0,0,,0,0,0,0,0,0,0,0
20,421,20421,0.356450862,0.129673007,0.090007223,0.002137347,0.004869865,0.009429852,0,0,0,0,0,0.066823691,0.00438965,0,0.097027699,0,0,0.055870277,9.313388069,0.199732,1.56312,4.5591,2.64862,1.12892,3.51702,0.13026,0,0.000582267,1.89E-05,0,0.002318637,0.00306352,2.54E-05,0,0.004445858,168.4445214,8.80E-05,0.018722269,8.962088878,0,0.0446,0.1365,0.0828,,0.49409113,1.9578,0,0,,0,0,0,0,0,0,0,1.224575318
20,422,20422,0,0,0,0,0,0,0,0,0,0,0,0,0,0,0,0,0,0,1.250507887,0.026818,0.20988,0.61215,0.35563,0.15158,0.47223,0.01749,0,5.39E-05,1.75E-06,0,0,0.000340391,2.54E-05,0,0.000596945,57.63815149,1.18E-05,0.002513838,1.316440422,0,0.006,0,0.0343,,0.066341577,0.2629,0,0,,0,0,0,0,0,0,0,0.195025962
20,423,20423,0,0,0,0,0,0,0,0,0,0,0,0,0,0,0,0,0,0,1.222623491,0.02622,0.2052,0.5985,0.3477,0.1482,0.4617,0.0171,0,0,0,0,0,0,5.08E-05,0.009739546,0.000583634,54.05665189,1.15E-05,0.002457783,1.319735635,0,0.0059,0,0.0514,,0.064862263,0.257,0,0,,0,0,0,0,0,0,0,0.161221462
20,424,20424,0,0,0,0,0,0,0,0,0,0,0,0,0,0,0,0,0,0.078218387,8.755700161,0.187772,1.46952,4.2861,2.49002,1.06132,3.30642,0.12246,0,0.00011861,3.85E-06,0,0.000276028,0,0,0,0.004179639,342.4040372,8.27E-05,0.017601175,5.885573319,0,0.0419,0.0819,0.1088,,0.464504835,1.8406,0,0,,0,0,0,0,0,0,0,0
20,425,20425,0,0,0,0,0,0,0,0,0,0,0,0,0,0.20698494,0,0,0,0,4.568750941,0.09798,0.7668,2.2365,1.2993,0.5538,1.7253,0.0639,0,2.16E-05,6.99E-07,0,0.000496851,0,0,0,0.002180948,173.6810528,4.32E-05,0.009184347,3.818835821,0,0.0219,0,0.1208,,0.242380034,0.9604,0,0,,0,0,0,0,0,0,0,0.047366609
20,426,20426,0,0,0,0,0,0,0,0,0,0,0,0,0,0,0,0,0,0.011174055,17.85888279,0.382996,2.99736,8.7423,5.07886,2.16476,6.74406,0.24978,0,1.08E-05,3.50E-07,0,0.00038644,0,0,0,0.008525153,718.174617,0.000168708,0.035900878,10.02607599,0,0.0855,0,0.5289,,0.947444207,3.7542,0,0,,0,0,0,0,0,0,0,4.706442749
20,427,20427,0,0,0,0,0,0,0,0,2.443279504,0,0,0,0.002194825,0.20698494,0.169798473,0,0,0.122914609,30.01004433,0.643586,5.03676,14.69055,8.53451,3.63766,11.33271,0.41973,0,0.00111062,3.60E-05,0,0.004802892,0.000680782,2.54E-05,0,0.014325656,244.9062797,0.000283496,0.06032779,27.26062314,7.6493,0.1437,0.7097,0.2754,,1.592084063,6.3086,0,0,,0,0,0,0,0.3869,0.0559,0,1.904224673
20,428,20428,0,0,0,0,0,0,0,0,0,0,0,0,0,0,0.024256925,0,0,0,3.509143915,0.075256,0.58896,1.7178,0.99796,0.42536,1.32516,0.04908,0,0.00011861,3.85E-06,0,0,0,0,0,0.001675132,130.0599813,3.31E-05,0.007054268,2.418723407,0,0.0168,0,0.135,,0.186166073,0.7377,0,0,,0,0,0,0,0,0,0,0
20,429,20429,0,0,0,0,0,0,0,0,0,0,0,0,0,0.20698494,0,0,0,0,3.065138542,0.065734,0.51444,1.50045,0.87169,0.37154,1.15749,0.04287,0,0.000204872,6.64E-06,0,0.000220823,0.000340391,0,0,0.001463181,117.6948122,2.90E-05,0.006161705,2.677465688,0,0.0147,0.0546,0.2221,,0.16261083,0.6443,0,0,,0,0,0,0,0,0,0,0
20,430,20430,0,0,0,0,0,0,0,0,0,0,0,0,0,0,0,0,0,0,0.703544746,0.015088,0.11808,0.3444,0.20008,0.08528,0.26568,0.00984,0,0.000107827,3.50E-06,0,0.000110411,0,2.54E-05,0,0.000335846,22.06016726,6.65E-06,0.001414303,0.692520554,0,0.0034,0,0.0356,,0.037324249,0.1479,0,0,,0,0,0,0,0,0,0,0.15602077
20,431,20431,0,0,0,0,0,0,0,0,0,0,0,0,0,0,0.04851385,0,0,0,3.386881566,0.072634,0.56844,1.65795,0.96319,0.41054,1.27899,0.04737,0,0.000129393,4.20E-06,0,0.00038644,0.001021173,0,0,0.001616769,84.17987961,3.20E-05,0.00680849,2.954164639,0,0.0162,0.1365,0.025,1.1822,0.179679847,0.712,0,0,,0,0,0,0,1.3957,0.2015,0,0.042302254
20,432,20432,0,0,0,0,0,0,0,0,0,0,0,0,0,0.413969879,0,0,0,0,1.906863656,0.040894,0.32004,0.93345,0.54229,0.23114,0.72009,0.02667,0,2.16E-05,6.99E-07,0,0.000110411,0,0,0,0.000910264,0,1.80E-05,0.003833279,1.911521885,0,0.0091,0,0.0406,,0.101162371,0.4009,0,0,,0,0,0,0,0,0,0,0.000231003
20,433,20433,0,0,0,0,0,0,0,0,0,0,0,0,0,0,0,0,0,0,6.24395962,0.133906,1.04796,3.05655,1.77571,0.75686,2.35791,0.08733,0,0,0,0,5.52E-05,0,0,0,0.002980629,242.9908383,5.90E-05,0.01255194,3.886497463,0,0.0299,0,0.1004,,0.331252713,1.3126,0,0,,0,0,0,0,0,0,0,0.221005699
20,434,20434,0,0,0,0,0,0,0,0,0,0,0,0,0,0,0,0,0,0,9.499999023,0.203734,1.59444,4.65045,2.70169,1.15154,3.58749,0.13287,0,2.16E-05,6.99E-07,0,0.000110411,0,0,0,0.004534939,361.7376272,8.97E-05,0.019097404,6.923940607,0,0.0455,0,0.1364,,0.50399116,1.9971,0,0,,0,0,0,0,0,0,0,0.055231253
20,435,20435,0,0,0,0,0,0,0,0,0,0,0,0,0,0.827939758,0.024256925,0,0,0,4.789681151,0.102718,0.80388,2.34465,1.36213,0.58058,1.80873,0.06699,0,5.39E-05,1.75E-06,0,0.000276028,0,0,0,0.002286412,181.8943701,4.52E-05,0.009628472,3.974859027,0,0.0229,0,0.066,,0.254100758,1.0069,0,0,,0,0,0,0,0,0,0,0.000420005
20,436,20436,0,0,0,0,0,0,0,0,0,0,0,0,0,0,0,0,0,0,1.863964586,0.039974,0.31284,0.91245,0.53009,0.22594,0.70389,0.02607,0,0.003407338,0.000110482,0,0,0,0,0,0.000889786,82.37186179,1.76E-05,0.003747041,1.659235616,0,0.0089,0,0.0242,,0.098886502,0.3918,0,0,,0,0,0,0,0,0,0,0.012154451
20,437,20437,0,0,0,0,0,0,0,0,0,0,0,0.267294766,0,1.862864456,0.145541549,0,0,0.022348111,20.35989856,0.436632,3.41712,9.9666,5.79012,2.46792,7.68852,0.28476,4.57221114,0.001358622,4.41E-05,0,0.003257133,0,0,0,0.009719043,735.5011457,0.000192334,0.040928553,14.09154632,0,0.0975,0.5459,0.2031,,1.080127362,4.28,0,0,,0,0,0,0,0,0,0,0.001256363
20,438,20438,0,0,0,0,0,0,0,0,0,0,0,0,0,0,0.072770774,0,0,0.044696221,3.468389799,0.074382,0.58212,1.69785,0.98637,0.42042,1.30977,0.04851,0,8.63E-05,2.80E-06,0,0.000110411,0,0,0,0.001655678,130.0474059,3.28E-05,0.006972342,2.672582213,0,0.0166,0,0.0317,,0.184003998,0.7291,0,0,,0,0,0,0,0,0,0,0.02049574
20,439,20439,0,0,0,0,0,0,0,0.80261103,0,0,0,0,0,0.620954819,0.097027699,0,0,0.011174055,45.27567834,0.970968,7.59888,22.1634,12.87588,5.48808,17.09748,0.63324,0,0.000571484,1.85E-05,0,0.018328276,0.018721513,0,0.009739546,0.02161289,1833.036246,0.000427706,0.091015581,37.02085589,5.2814,0.2168,0.0546,0.9964,,2.401951997,9.5177,0,0,,0,0,0,0,0,0,0,2.069098481
20,440,20440,0,0,0,0,0,0,0,0,0,0,0,0,0,0,0,0,0,0,1.808195795,0.038778,0.30348,0.88515,0.51423,0.21918,0.68283,0.02529,0,4.31E-05,1.40E-06,0,0.000165617,0,0,0,0.000863164,70.67529326,1.71E-05,0.003634932,1.891422749,0,0.0087,0.0819,0.0735,,0.095927873,0.3801,0,0,,0,0,0,0,0,0,0,0.418916023
20,441,20441,0,0,0,0,0,0,0,0,0.24432795,0,0,0,0,0,0.072770774,0,0,0.055870277,18.04120383,0.386906,3.02796,8.83155,5.13071,2.18686,6.81291,0.25233,25.0382991,0.007440073,0.000241242,0,0.005189331,0.002723129,0,0,0.008612186,502.3433104,0.00017043,0.036267389,12.82893758,0,0.0864,0.7916,0.2414,,0.95711665,3.7926,0,0,,0,0,0,0,0,0,0,1.449114306
20,442,20442,0,0,0,0,0,0,0,0,0,0,0,0,0,0,0,0,0,0,0.594152118,0.012742,0.09972,0.29085,0.16897,0.07202,0.22437,0.00831,0,3.23E-05,1.05E-06,0,5.52E-05,0,0,0,0.000283626,0,5.61E-06,0.001194396,0.669079879,0,0.0028,0,0.0054,,0.031520784,0.1249,0,0,,0,0,0,0,0,0,0,3.93E-05
20,443,20443,0,0,0,0,0,0,0,0,0,0,0,0,0,0,0,0,0,0.100566498,0.830097002,0.017802,0.13932,0.40635,0.23607,0.10062,0.31347,0.01161,0,9.70E-05,3.15E-06,0,0,0,0,0,0.000396257,32.31847608,7.84E-06,0.001668705,0.897581848,0,0.004,0,0.011,,0.044038062,0.1745,0,0,,0,0,0,0,0,0,0,0.00010774
20,444,20444,0,0,0,0,0,0,0,0,0,0,0,0,0,0,0,0,0,0,0.898735514,0.019274,0.15084,0.43995,0.25559,0.10894,0.33939,0.01257,0,0,0,0,0.000165617,0,0,0,0.000429022,32.26814675,8.49E-06,0.001806686,0.81797648,0,0.0043,0,0.0312,,0.047679453,0.1889,0,0,,0,0,0,0,0,0,0,0.093612462
20,445,20445,0,0,0,0,0,0,0,0,0,0,0,0,0,0,0,0,0,0,2.649017565,0.05681,0.4446,1.29675,0.75335,0.3211,1.00035,0.03705,0,0.000107827,3.50E-06,0,0,0,0,0,0.00126454,100.6796293,2.50E-05,0.005325196,1.956178263,0,0.0127,0,0.1411,,0.140534902,0.5569,0,0,,0,0,0,0,0,0,0,0.283437731
20,446,20446,0,0,0,0,0,0,0,0,0,0,0,0,0,0,0,0,0,0,13.50677215,0.289662,2.26692,6.61185,3.84117,1.63722,5.10057,0.18891,0,6.47E-05,2.10E-06,0,0.000165617,0,0,0,0.00644762,515.3760101,0.000127595,0.027152033,9.731889507,0,0.0647,0,0.1987,,0.716557311,2.8393,0,0,,0,0,0,0,0,0,0,1.383384157
20,447,20447,0,0,0,0,0,0,0,0.53507402,0,0,0,0,0,0,0.412367721,0,0,0.044696221,28.00880272,0.600668,4.70088,13.7109,7.96538,3.39508,10.57698,0.39174,0,0.001045923,3.39E-05,0,0.004140424,0.000340391,0,0,0.013370339,992.0754031,0.000264591,0.056304787,22.57447291,4.4952,0.1341,0.2457,0.5424,,1.48591478,5.8879,0,0,,0,0,0,0,0,0,0,0
20,448,20448,0,0,0,0,0,0,0,0,0,0,0,0,0,0,0,0,0,0,4.262022592,0.091402,0.71532,2.08635,1.21207,0.51662,1.60947,0.05961,0,0,0,0,0,0,0,0,0.002034528,166.0642282,4.03E-05,0.008567745,2.528319056,0,0.0204,0,0.0944,,0.226107571,0.8959,0,0,,0,0,0,0,0,0,0,0
20,449,20449,0,0,0,0,0,0,0,0,0,0,0,0,0,0,0.218312323,0,0,0.055870277,6.38552655,0.136942,1.07172,3.12585,1.81597,0.77402,2.41137,0.08931,0,0.000733225,2.38E-05,0,0.000938496,0.001021173,0,0,0.003048208,219.574419,6.03E-05,0.012836526,6.241492957,0,0.0306,0.4094,0.3118,,0.33876308,1.3423,0,0,,0,0,0,0,0,0,0,2.103998351
20,450,20450,0,0,0,0,0,0,0,0,0,0,0,0,0,0,0,0,0,0.022348111,26.66177192,0.57178,4.4748,13.0515,7.5823,3.2318,10.0683,0.3729,0,7.55E-05,2.45E-06,0,0.000607262,0,0,0,0.012727318,933.6909197,0.000251866,0.053596914,15.98045894,0,0.1276,0,0.1848,,1.414452498,5.6047,0,0,,0,0,0,0,0,0,0,0
20,451,20451,0,0,0,0,0,0,0,0,0,0,0,0,0,0,0,0,0,0,1.630164655,0.03496,0.2736,0.798,0.4636,0.1976,0.6156,0.0228,0,6.47E-05,2.10E-06,0,0.000276028,0,0,0,0.000778179,65.44692099,1.54E-05,0.003277044,1.793586571,0,0.0078,0,0.1225,,0.086483017,0.3427,0,0,,0,0,0,0,0,0,0,0.465982032
20,452,20452,0,0,0,0,0,0,0,0.26753701,0,0,0,0,0,0.827939758,0.097027699,0,0,0.033522166,7.790471089,0.167072,1.30752,3.8136,2.21552,0.94432,2.94192,0.10896,0,0.001940889,6.29E-05,0,0.001380141,0.002723129,0,0,0.003718875,255.3788728,7.36E-05,0.01566082,6.663451693,0,0.0373,0.3276,0.3045,,0.413297785,1.6377,0,0,,0,0,0,0,0.4146,0.0599,0,1.144837234
20,453,20453,0,0,0,0,0,0,0,0,0,0,0,0,0,0,0.04851385,0,0,0.044696221,8.998079905,0.19297,1.5102,4.40475,2.55895,1.0907,3.39795,0.12585,0,0.000442091,1.43E-05,0,0.002042609,0,0,0,0.004295342,281.2207187,8.50E-05,0.01808842,7.804007079,2.8281,0.0431,0.0819,0.0131,,0.477363494,1.8915,0,0,,0,0,0,0,0,0,0.016342754,0.735281403
20,454,20454,0,0,0,0,0,0,0,0,0,0,0,0,0,0,0.097027699,0,0,0.011174055,7.470873018,0.160218,1.25388,3.65715,2.12463,0.90558,2.82123,0.10449,0,0.000150958,4.89E-06,0,0.000276028,0,0,0,0.003566311,287.188433,7.06E-05,0.015018347,5.228758827,0,0.0358,0,0.116,,0.396342562,1.5705,0,0,,0,0,0,0,0,0,0,0.001136753
20,455,20455,0,0,0,0,0,0,0,0,0,0,0,1.770827822,0,0,0.024256925,0,0,0,4.851884802,0.104052,0.81432,2.3751,1.37982,0.58812,1.83222,0.06786,0,0.000722442,2.34E-05,0,0.000331234,0.000340391,0,0,0.002316106,189.7523819,4.58E-05,0.009753517,3.822722831,0,0.0232,0.0273,0.0909,,0.257400768,1.0199,0,0,,0,0,0,0,0,0,0,0.245992747
20,456,20456,0,0,0,0,0,0,0,0,0.488655901,0,0,0.066823691,0,0.20698494,0.169798473,0,0,0,3.406186148,0.073048,0.57168,1.6674,0.96868,0.41288,1.28628,0.04764,7.83807624,0.002329066,7.55E-05,0,0.000441645,0,0,0,0.001625984,86.84419079,3.22E-05,0.006847297,2.753902882,0,0.0163,0,0.029,,0.180703988,0.716,0,0,,0,0,0,0,0,0,0,0.104013846
20,457,20457,0,0,0,0,0,0,0,0,0,0,0,0,0,0,0,0,0,0,6.640776016,0.142416,1.11456,3.2508,1.88856,0.80496,2.50776,0.09288,0,4.31E-05,1.40E-06,0,0,0,0,0,0.003170054,280.6720014,6.27E-05,0.013349642,5.229007632,0,0.0318,0.0273,0.2349,,0.3523045,1.396,0,0,,0,0,0,0,0,0,0,0.00188911
20,458,20458,0,0,0,0,0,0,0,0,0,0,0,0,0,0.413969879,0.024256925,0,0,0,2.790584495,0.059846,0.46836,1.36605,0.79361,0.33826,1.05381,0.03903,0,3.23E-05,1.05E-06,0,5.52E-05,0,2.54E-05,0,0.001332119,118.0660269,2.64E-05,0.005609782,2.558762032,0,0.0134,0,0.0454,,0.14804527,0.5866,0,0,,0,0,0,0,0,0,0,0.000499441
20,459,20459,0,0,0,0,0,0,0,0,0,0,0,0,0,0,0.04851385,0,0,0.011174055,9.131067022,0.195822,1.53252,4.46985,2.59677,1.10682,3.44817,0.12771,4.64478592,0.001380188,4.48E-05,0,0.004085218,0.000340391,2.54E-05,0,0.004358825,215.2434674,8.63E-05,0.018355757,10.29275318,0,0.0437,1.0918,0.1982,,0.484418687,1.9195,0,0,,0,0,0,0,0,0,0.000469289,0.931574011
20,460,20460,0,0,0,0,0,0,11.50914179,0,0,1.226207341,0,0,0,0,0.072770774,0,0,0.044696221,10.99932151,0.235888,1.84608,5.3844,3.12808,1.33328,4.15368,0.15384,0,0.000129393,4.20E-06,0,0.000717673,0.000680782,0,0,0.005250659,391.1115917,0.000103907,0.022111422,8.41488507,0,0.0527,0,0.269,,0.583532776,2.3122,0,0,,0,0,0,0,0,0,0,3.377295688
20,461,20461,0,0,0,0,0,0,0,0,0,0,0,0,0,0,0,0,0,0,1.102506096,0.023644,0.18504,0.5397,0.31354,0.13364,0.41634,0.01542,0,4.31E-05,1.40E-06,0,0.000220823,0.001361565,5.08E-05,0,0.000526295,34.06159598,1.04E-05,0.002216316,1.40947985,0,0.0053,0,0.0586,,0.05848983,0.2318,0,0,,0,0,0,0,0,0,0,0.191905547
20,462,20462,0,0,0,0,0,0,0,0.53507402,0,0,0,0,0,0,0.04851385,0,0,0,8.144388415,0.174662,1.36692,3.98685,2.31617,0.98722,3.07557,0.11391,0,0.000539136,1.75E-05,0,0.001600964,0.00306352,2.54E-05,0,0.003887822,181.0579206,7.69E-05,0.016372283,7.466145824,0,0.039,0.1365,0.1541,,0.432073704,1.7121,0,0,,0,0,0,0,0,0,0,0.473263001
20,463,20463,0,0,0,0,0,0,0,0,0,0,0,0,0,0,0,0,0,0,1.224768445,0.026266,0.20556,0.59955,0.34831,0.14846,0.46251,0.01713,0,5.39E-05,1.75E-06,0,0,0.000680782,2.54E-05,0,0.000584658,49.81013999,1.16E-05,0.002462095,1.511347906,0,0.0059,0.1365,0.1169,,0.064976056,0.2575,0,0,,0,0,0,0,0.9535,0.1377,0,0.423856424
20,464,20464,0,0,0,0,0,0,0,0,0,0,0,0.568001377,0,0,0,0,0,0,0.851546537,0.018262,0.14292,0.41685,0.24217,0.10322,0.32157,0.01191,0,0.000194089,6.29E-06,0,0,0.001021173,2.54E-05,0.009739546,0.000406496,27.45144463,8.04E-06,0.001711824,1.100004071,0,0.0041,0,0.0454,,0.045175997,0.179,0,0,,0,0,0,0,0,0,0,0.274596554
20,465,20465,0,0,0,0,0,0,0,0,0,0,0,0,0,0.20698494,0,0,0,0.022348111,3.451230171,0.074014,0.57924,1.68945,0.98149,0.41834,1.30329,0.04827,0,3.23E-05,1.05E-06,0,0.000552057,0,0,0,0.001647486,114.0418579,3.26E-05,0.006937847,2.461216091,0,0.0165,0,0.0947,,0.18309365,0.7255,0,0,,0,0,0,0,0,0,0,0.001042708
20,466,20466,0,0,0,0,0,0,0,0,0,0,0,0,0,0,0.024256925,0,0,0,26.50090041,0.56833,4.4478,12.97275,7.53655,3.2123,10.00755,0.37065,0,1.08E-05,3.50E-07,0,5.52E-05,0,2.54E-05,0,0.012650524,838.0584938,0.000250346,0.053273522,15.37821686,0,0.1269,0,0.4857,,1.40591799,5.5709,0,0,,0,0,0,0,0,0,0,0.621151791
20,467,20467,0,0,0,0,0,0,31.313613,0.80261103,1.710295653,3.336215927,0,0.100235537,0,0.827939758,0.946020067,0,0,0.033522166,35.75851969,0.766866,6.00156,17.50455,10.16931,4.33446,13.50351,0.50013,4.86251026,0.001444884,4.68E-05,0,0.009495372,0.018721513,0,0,0.01706976,1231.278818,0.000337801,0.071883681,31.25558396,7.0969,0.1712,0.6005,0.8976,,1.89705049,7.517,0,0,,0,0,0,0,0,0,0,3.334041671
20,468,20468,0,0,0,0,0,0,0,0,0,0,0,0,0,0,0.072770774,0,0,0.011174055,27.43610014,0.588386,4.60476,13.43055,7.80251,3.32566,10.36071,0.38373,0,8.63E-05,2.80E-06,0,0.000276028,0.007148214,0,0,0.013096953,1366.281036,0.000259181,0.05515351,18.31958289,0,0.1314,0,0.5762,,1.455531931,5.7675,0,0,,0,0,0,0,0,0,0,7.287805415
20,469,20469,1.425803449,0.518692027,0.360028891,0.008549387,0.019479459,0.037719407,40.49204764,5.618277213,5.863870809,4.314104995,0,0,0.006584475,2.069849396,0.824735443,0,0,0.067044332,78.960028,1.693352,13.25232,38.6526,22.45532,9.57112,29.81772,1.10436,0,0.001789931,5.80E-05,0,0.017721014,0.001701956,2.54E-05,0.019479093,0.03769252,2487.873903,0.000745913,0.158729655,52.02068561,6.7094,0.378,0.7097,0.6266,,4.188964228,16.5987,0,0,,0,0,0,0,0,0,0,0.933004202
20,470,20470,0,0,0,0,0,0,0,0,0,0,0,0,0,0,0,0,0,0.044696221,8.8414983,0.189612,1.48392,4.3281,2.51442,1.07172,3.33882,0.12366,0,4.31E-05,1.40E-06,0,0.000828085,0,0,0,0.004220596,312.8126414,8.35E-05,0.017773651,8.513511,0,0.0423,0,0.5228,,0.469056573,1.8586,0,0,,0,0,0,0,0,0,0,5.569907439
20,471,20471,0,0,0,0,0,0,0,0,0,0,0,0,0,0,0.097027699,0,0,0.011174055,0.855836444,0.018354,0.14364,0.41895,0.24339,0.10374,0.32319,0.01197,0,0.000107827,3.50E-06,0,0.000165617,0,0,0,0.000408544,29.6903606,8.08E-06,0.001720448,0.897650315,0,0.0041,0,0.01,,0.045403584,0.1799,0,0,,0,0,0,0,0,0,0,0.000141523
20,472,20472,0,0,0,0,0,0,0,0,0,0,0,0,0,0,0,0,0,0,5.896477154,0.126454,0.98964,2.88645,1.67689,0.71474,2.22669,0.08247,0,0.000172523,5.59E-06,0,0.00215302,0,2.54E-05,0,0.002814754,128.0840531,5.57E-05,0.011853413,6.297204625,0,0.0282,0.0819,0.1998,,0.312818175,1.2395,0,0,,0,0,0,0,0,0,0,1.351255523
20,473,20473,0,0,0,0,0,0,0,0,0,0,0,0,0,0,0.04851385,0,0,0.033522166,2.649017565,0.05681,0.4446,1.29675,0.75335,0.3211,1.00035,0.03705,0,0.000129393,4.20E-06,0,0,0,0,0.009739546,0.00126454,112.9967651,2.50E-05,0.005325196,2.490469,0,0.0127,0.1638,0.0395,,0.140534902,0.5569,0,0,,0,0,0,0,0,0,0,0.000250177
20,474,20474,0,0,0,0,0,0,0,0,0,0,0,0,0,0,0.024256925,0,0,0,6.254684387,0.134136,1.04976,3.0618,1.77876,0.75816,2.36196,0.08748,0,0.000172523,5.59E-06,0,0.00038644,0.005446258,2.54E-05,0,0.002985749,189.1843545,5.91E-05,0.0125735,5.489236176,0,0.0299,0.0546,0.1258,,0.33182168,1.3148,0,0,,0,0,0,0,0,0,0,0.360077579
20,475,20475,0,0,0,0,0,0,0,0.80261103,0.977311802,0,0,0.100235537,0,2.069849396,0.460881571,0,0,0.078218387,18.86057607,0.404478,3.16548,9.23265,5.36373,2.28618,7.12233,0.26379,12.88202345,0.003827864,0.000124117,0,0.00380919,0.009871343,0,0,0.009003323,568.9650304,0.000178171,0.037914535,15.04677651,0,0.0903,1.3102,0.2001,,1.000585745,3.9648,0,0,,0,0,0,0,0,0,0,1.916336394
20,476,20476,0,0,0,0,0,0,0,0,0,0,0,0,0,1.448894577,0,0,0,0,0.529803513,0.011362,0.08892,0.25935,0.15067,0.06422,0.20007,0.00741,0,0.00011861,3.85E-06,0,0.000165617,0,0,0,0.000252908,17.61704183,5.00E-06,0.001065039,0.590152827,0,0.0025,0,0.0154,,0.02810698,0.1114,0,0,,0,0,0,0,0,0,0,0.069169208
20,477,20477,0,0,0,0,0,0,0,0,0,0,0,0,0,0,0,0,0,0,3.095167891,0.066378,0.51948,1.51515,0.88023,0.37518,1.16883,0.04329,0,0,0,0,0.000165617,0,0,0,0.001477516,101.7914211,2.92E-05,0.006222071,2.439437053,0,0.0148,0,0.1737,,0.164203938,0.6507,0,0,,0,0,0,0,0,0,0,0
20,478,20478,0,0,0,0,0,0,0,0,0,0,0,0,0,0,0,0,0,0.011174055,4.013207986,0.086066,0.67356,1.96455,1.14131,0.48646,1.51551,0.05613,0,5.39E-05,1.75E-06,0,0,0.000340391,5.08E-05,0,0.001915753,168.6021169,3.79E-05,0.008067565,4.130355649,0,0.0192,0,0.1643,,0.212907532,0.8436,0,0,,0,0,0,0,0,0,0,0.080135961
20,479,20479,0,0,0,0,0,0,0,0,0,0,0,0,0,0,0,0,0,0,0.39896135,0.008556,0.06696,0.1953,0.11346,0.04836,0.15066,0.00558,0,2.16E-05,6.99E-07,0,0,0,0,0,0.000190449,19.5046336,3.77E-06,0.000802013,0.54219185,0,0.0019,0,0.0091,,0.02116558,0.0839,0,0,,0,0,0,0,0,0,0,0.102973708
20,480,20480,0,0,0,0,0,0,0,0,0,0,0,0,0,0,0,0,0,0,1.788891214,0.038364,0.30024,0.8757,0.50874,0.21684,0.67554,0.02502,0,0,0,0,0,0,0,0,0.000853949,77.67587789,1.69E-05,0.003596124,1.586701412,0,0.0086,0,0.1246,,0.094903732,0.3761,0,0,,0,0,0,0,0,0,0,0.199706585
20,481,20481,0,0,0,0,0,0,0,0,0,0,0,0,0,0,0.024256925,0,0,0,4.435763825,0.095128,0.74448,2.1714,1.26148,0.53768,1.67508,0.06204,0,0.000107827,3.50E-06,0,0.000552057,0,0,0,0.002117465,159.1447095,4.19E-05,0.008917009,3.754926738,0,0.0212,0,0.2084,,0.23532484,0.9325,0,0,,0,0,0,0,0,0,0,1.31317481
20,482,20482,4.277410348,1.556076081,1.080086673,0.02564816,0.058438378,0.11315822,0,0.80261103,12.94938137,0,0,0.501177686,0,2.690804215,1.916297058,0,0,0.223481106,92.99874862,1.994422,15.60852,45.52485,26.44777,11.27282,35.11917,1.30071,0,0.005736404,0.000186001,0,0.03682217,0.028592855,0,0,0.044394072,1969.14013,0.000878533,0.186951039,84.06720491,33.2876,0.4452,2.0472,0.9211,,4.933742313,19.5498,0,0.0485,,0,0,0,0,0,0,0,3.230815838
20,483,20483,0,0,0,0,0,0,0,0,0.488655901,0,0,0,0,1.448894577,0.072770774,0,0,0.022348111,18.83912653,0.404018,3.16188,9.22215,5.35763,2.28358,7.11423,0.26349,0,0.000560701,1.82E-05,0,0.002760283,0.002382738,0,0.009739546,0.008993084,324.9011457,0.000177968,0.037871416,15.65017527,0,0.0902,0.3003,0.163,,0.999447811,3.9603,0,0,,0,0,0,0,1.1953,0.1726,0,1.849810726
20,484,20484,0,0,0,0,0,0,0,0,0,0,0,0,0,0,0,0,0,0,8.013546252,0.171856,1.34496,3.9228,2.27896,0.97136,3.02616,0.11208,0,0.000129393,4.20E-06,0,0.001380141,0,0,0,0.003825363,227.4077105,7.57E-05,0.016109258,6.815433965,2.1455,0.0384,0.1092,0.2066,,0.425132304,1.6846,0,0.0162,,0,0,0,0,0,0,0,0.591058682
20,485,20485,0,0,0,0,0,0,0,0,0,0,0,0,0,0,0,0,0,0,5.829983595,0.125028,0.97848,2.8539,1.65798,0.70668,2.20158,0.08154,0,0,0,0,0.000552057,0.000340391,2.54E-05,0,0.002783013,235.6686721,5.51E-05,0.011719744,4.349079357,0,0.0279,0,0.1182,,0.309290578,1.2256,0,0,,0,0,0,0,0,0,0,0.303119199
20,486,20486,0,0,0,0,0,0,0,0,0.24432795,0,0,0,0,0,0.072770774,0,0,0.011174055,4.59878029,0.098624,0.77184,2.2512,1.30784,0.55744,1.73664,0.06432,0,0.000248002,8.04E-06,0,0.001490553,0.004765476,2.54E-05,0,0.002195283,156.9794611,4.34E-05,0.009244713,4.331923038,0,0.022,0.273,0.1462,,0.243973142,0.9667,0,0,,0,0,0,0,0,0,0,0.723936371
20,487,20487,0,0,0,0,0,0,0,0,0,0,0,0,0,0,0,0,0,0,3.993903405,0.085652,0.67032,1.9551,1.13582,0.48412,1.50822,0.05586,0,0.000345047,1.12E-05,0,0.000220823,0,0,0,0.001906538,131.8172023,3.77E-05,0.008028757,3.1365153,0,0.0191,0.0819,0.1195,,0.211883391,0.8396,0,0,,0,0,0,0,0,0,0,1.057460238
20,488,20488,0,0,0,0,0,0,0,0,0,0,0,0,0,0,0.024256925,0,0,0,0.240234791,0.005152,0.04032,0.1176,0.06832,0.02912,0.09072,0.00336,0,8.63E-05,2.80E-06,0,0,0,0,0,0.000114679,9.781536537,2.27E-06,0.000482933,0.320428417,0,0.0012,0,0.0109,,0.012744866,0.0505,0,0,,0,0,0,0,0,0,0,0.059807962
20,489,20489,0,0,0,0,0,0,0,0,0,0,0,0,0,0,0.04851385,0,0,0,9.806727373,0.210312,1.64592,4.8006,2.78892,1.18872,3.70332,0.13716,0,2.16E-05,6.99E-07,0,0.000165617,0,2.54E-05,0,0.004681359,393.2222453,9.26E-05,0.019714006,7.576204174,0,0.0469,0,0.1873,,0.520263622,2.0615,0,0,,0,0,0,0,0,0,0,0.368342832
20,490,20490,0,0,0,0,0,0,0,0,0,0,0,0,0,0.20698494,0,0,0,0.011174055,6.269699062,0.134458,1.05228,3.06915,1.78303,0.75998,2.36763,0.08769,0,2.16E-05,6.99E-07,0,0.000110411,0,0,0,0.002992916,238.703963,5.92E-05,0.012603683,4.559047276,0,0.03,0,0.1115,,0.332618234,1.318,0,0,,0,0,0,0,0,0,0,0.048319899
20,491,20491,0,0,0,0,0,0,0,0,0,0,0,0,0,4.139698792,0.024256925,0,0,0.022348111,9.221155069,0.197754,1.54764,4.51395,2.62239,1.11774,3.48219,0.12897,0,0.000248002,8.04E-06,0,0.000276028,0,0,0.019479093,0.004401829,382.4265956,8.71E-05,0.018536857,5.230241133,0,0.0441,0,0.1728,,0.489198012,1.9384,0,0,,0,0,0,0,0,0,0,0
20,492,20492,0,0,0,0,0,0,0,0,0,0,0,0,0,0,0,0,0,0,6.943214459,0.148902,1.16532,3.39885,1.97457,0.84162,2.62197,0.09711,0,5.39E-05,1.75E-06,0,0,0.000680782,2.54E-05,0,0.003314427,270.7726277,6.56E-05,0.01395762,6.224689236,0,0.0332,0,0.2313,,0.368349375,1.4596,0,0,,0,0,0,0,0,0,0,0.795705925
20,493,20493,0,0,0,0,0,0,0,0,0,0,0,0,0,0,0,0,0,0.022348111,0.9823887,0.021068,0.16488,0.4809,0.27938,0.11908,0.37098,0.01374,0,8.63E-05,2.80E-06,0,0,0.004765476,5.08E-05,0.009739546,0.000468955,9.47591001,9.28E-06,0.00197485,1.20436877,0,0.0047,0,0.1437,,0.052117397,0.2065,0,0,,0,0,0,0,0,0,0,0.670889309
20,494,20494,0,0,0,0,0,0,0,0,0,0,0,0,0,0,0,0,0,0,9.523593511,0.20424,1.5984,4.662,2.7084,1.1544,3.5964,0.1332,0,0,0,0,5.52E-05,0,0,0,0.004546202,413.0387987,9.00E-05,0.019144835,6.151476619,0,0.0456,0,0.2178,,0.505242887,2.002,0,0,,0,0,0,0,0,0,0,2.236056766
20,495,20495,0,0,0,0,0,0,0,0,0,0,0,0,0,0,0,0,0,0.011174055,5.947956038,0.127558,0.99828,2.91165,1.69153,0.72098,2.24613,0.08319,0,9.70E-05,3.15E-06,0,0.000993702,0,0,0,0.002839328,231.2195121,5.62E-05,0.011956898,4.774533414,0,0.0285,0.1092,0.0867,,0.315549218,1.2504,0,0,,0,0,0,0,0,0,0,0
20,496,20496,0,0,0,0,0,0,0,0.53507402,0,0,0,0,0,1.034924698,0,0,0,0,3.547753078,0.076084,0.59544,1.7367,1.00894,0.43004,1.33974,0.04962,0,9.70E-05,3.15E-06,0,0.000276028,0,2.54E-05,0.019479093,0.001693563,95.79575325,3.35E-05,0.007131882,3.604688019,0,0.017,0.0273,0.048,,0.188214355,0.7458,0,0,,0,0,0,0,0,0,0,0.000327787
20,497,20497,0,0,0,0,0,0,0,0,0,0,0,0,0,0,0.04851385,0,0,0,8.586248835,0.184138,1.44108,4.20315,2.44183,1.04078,3.24243,0.12009,0,2.16E-05,6.99E-07,0,0.000220823,0,0,0,0.004098749,314.6370145,8.11E-05,0.017260535,4.837813087,0,0.0411,0,0.1187,,0.455515153,1.805,0,0,,0,0,0,0,0,0,0,0.238973642
20,498,20498,0,0,0,0,0,0,0,0,0,0,0,0,0,0,0,0,0,0.011174055,11.34036912,0.243202,1.90332,5.55135,3.22507,1.37462,4.28247,0.15861,0,7.55E-05,2.45E-06,0,5.52E-05,0.009871343,0,0,0.005413462,424.9854761,0.000107129,0.022797014,9.479795281,0,0.0543,0.0546,0.2987,,0.601625934,2.3839,0,0,,0,0,0,0,0,0,0,17.14078052
20,499,20499,0,0,0,0,0,0,0,0,0,0,0,0,0,0,0.121284624,0,0,0,4.399299615,0.094346,0.73836,2.15355,1.25111,0.53326,1.66131,0.06153,0,0.000797921,2.59E-05,0,0.001987403,0.000680782,0,0,0.002100059,91.52407316,4.16E-05,0.008843706,4.126565027,0,0.0211,0.3821,0.0474,,0.233390352,0.9248,0,0,,0,0,0,0,0,0,0,0.15602077
20,500,20500,0,0,0,0,0,0,0,0.26753701,0,0,0,0,0,0,0.145541549,0,0,0.100566498,15.49943394,0.332396,2.60136,7.5873,4.40786,1.87876,5.85306,0.21678,0,0.000420526,1.36E-05,0,0.002649871,0,0,0.009739546,0.007398841,606.9616631,0.000146419,0.031157788,14.31490965,0,0.0742,0.3548,0.3587,,0.82227142,3.2582,0,0,,0,0,0,0,0,0,0,0.77854364
20,501,20501,0,0,0,0,0,0,0,0,0,0,0,0,0,0.20698494,0.097027699,0,0,0,1.460713329,0.031326,0.24516,0.71505,0.41541,0.17706,0.55161,0.02043,0,0.00011861,3.85E-06,0,0.000165617,0,0,0,0.000697289,49.81003369,1.38E-05,0.002936404,1.656513913,0,0.007,0,0.0312,,0.077493335,0.3071,0,0,,0,0,0,0,0,0,0,0.111814885
20,502,20502,0,0,0,0,0,0,0,0,0,0,0,0,0,0,0,0,0,0.011174055,10.73549224,0.23023,1.8018,5.25525,3.05305,1.3013,4.05405,0.15015,0,0.000248002,8.04E-06,0,0.00038644,0,0,0,0.005124716,381.6109532,0.000101415,0.021581058,8.467654817,0,0.0514,0.5186,0.2382,,0.569536183,2.2568,0,0,,0,0,0,0,0,0,0,0.002832295
20,503,20503,0,0,0,0,0,0,0,0,0,0,0,0,0,0,0,0,0,0,0.913750188,0.019596,0.15336,0.4473,0.25986,0.11076,0.34506,0.01278,0,0.000258785,8.39E-06,0,5.52E-05,0,0,0,0.00043619,30.43593485,8.63E-06,0.001836869,0.892245348,0,0.0044,0.6551,0.0078,,0.048476007,0.1921,0,0,,0,0,0,0,0,0,0,4.66E-05
20,504,20504,0,0,0,0,0,0,0,0,0,0,0,0,0,0,0.024256925,0,0,0.078218387,2.992210124,0.06417,0.5022,1.46475,0.85095,0.3627,1.12995,0.04185,0,0.00023722,7.69E-06,0,0.000220823,0.000340391,2.54E-05,0.009739546,0.001428368,111.6856411,2.83E-05,0.0060151,2.644118162,0,0.0143,0.1638,0.0354,,0.158741853,0.629,0,0,,0,0,0,0,0,0,0,0.000243786
20,505,20505,0,0,0,0,0,0,0,0,0.24432795,0,0,0,0,0.827939758,0.266826173,0,0,0.033522166,16.04854204,0.344172,2.69352,7.8561,4.56402,1.94532,6.06042,0.22446,0,0.000970444,3.15E-05,0,0.003091517,0.022806206,0,0,0.007660965,171.7782564,0.000151606,0.032261634,15.92913564,0,0.0768,0.3548,0.1291,,0.851402541,3.3737,0,0,,0,0,0,0,0,0,0,4.32857548
20,506,20506,0,0,0,0,0,0,0,0,0,0,0,0,0,0,0.097027699,0,0,0,1.552946329,0.033304,0.26064,0.7602,0.44164,0.18824,0.58644,0.02172,0,0.001876192,6.08E-05,0,0.000496851,0,0,0,0.000741318,57.33350136,1.47E-05,0.003121815,1.548426608,0,0.0074,0.0819,0.0765,,0.082386453,0.3265,0,0,,0,0,0,0,0,0,0,0.621568177
20,507,20507,0,0,0,0,0,0,0,0,0,0,0,0,0,0.413969879,0.194055398,0,0,0,6.198915596,0.13294,1.0404,3.0345,1.7629,0.7514,2.3409,0.0867,0,0.00023722,7.69E-06,0,0.000772879,0.001701956,0,0,0.002959127,212.8493776,5.86E-05,0.01246139,4.896571112,0,0.0297,0,0.1174,,0.328863051,1.3031,0,0,,0,0,0,0,0,0,0,0.305455032
20,508,20508,0,0,0,0,0,0,0,0,0,0,0,0,0,0,0,0,0,0.033522166,2.938586286,0.06302,0.4932,1.4385,0.8357,0.3562,1.1097,0.0411,0,0.000150958,4.89E-06,0,0.00088329,0.000340391,2.54E-05,0.009739546,0.00140277,60.53170468,2.78E-05,0.005907303,3.297510698,0,0.0141,0,0.1283,,0.155897017,0.6177,0,0,,0,0,0,0,0,0,0,1.786928187
20,509,20509,0,0,0,0,0,0,0,0.26753701,0,0,0,0,0,0,0.097027699,0,0,0,19.27455209,0.413356,3.23496,9.4353,5.48146,2.33636,7.27866,0.26958,0,0.000194089,6.29E-06,0,0.001214524,0.001021173,0,0,0.00920094,786.5185087,0.000182081,0.038746732,12.12060209,0,0.0923,0.0819,0.5031,,1.02254788,4.0518,0,0,,0,0,0,0,0,0,0,0.891209975
20,510,20510,0,0,0,0,0,0,0,0,0,0,0,0,0,0,0.04851385,0,0,0,4.283472127,0.091862,0.71892,2.09685,1.21817,0.51922,1.61757,0.05991,0,5.39E-05,1.75E-06,0,0.000276028,0,0,0,0.002044767,153.552969,4.05E-05,0.008610864,2.603091055,0,0.0205,0,0.0277,,0.227245506,0.9005,0,0,,0,0,0,0,0,0,0,0.094392566
20,511,20511,0,0,0,0,0,0,0,0,0,0,0,0,0,0,0,0,0,0,7.065476808,0.151524,1.18584,3.4587,2.00934,0.85644,2.66814,0.09882,0,4.31E-05,1.40E-06,0,0.000220823,0,0,0,0.00337279,291.4352945,6.67E-05,0.014203398,5.130234059,0,0.0338,0,0.267,,0.374835602,1.4853,0,0,,0,0,0,0,0,0,0,0.885157832
20,512,20512,0,0,0,0,0,0,0,0,0,0,0,0,0,0,0,0,0,0.011174055,2.001241609,0.042918,0.33588,0.97965,0.56913,0.24258,0.75573,0.02799,0,8.63E-05,2.80E-06,0,0.000165617,0,0,0,0.000955317,85.22795036,1.89E-05,0.004023003,1.44140523,0,0.0096,0.0819,0.0482,,0.106169282,0.4207,0,0,,0,0,0,0,0,0,0,0
20,513,20513,0,0,0,0,0,0,0,0,0,0,0,0.100235537,0,0,0.194055398,0,0,0.111740553,16.98374176,0.364228,2.85048,8.3139,4.82998,2.05868,6.41358,0.23754,0,0.000571484,1.85E-05,0,0.001932198,0.000340391,0,0,0.008107394,479.6186924,0.000160441,0.034141623,14.54676074,0,0.0813,0.1638,0.1105,,0.901016483,3.5703,0,0,,0,0,0,0,0,0,0,5.651679846
20,514,20514,0,0,0,0,0,0,0,0,0,0,0,0,0,0,0,0,0,0,1.810340749,0.038824,0.30384,0.8862,0.51484,0.21944,0.68364,0.02532,0,0,0,0,0,0,0,0,0.000864188,68.14501754,1.71E-05,0.003639243,1.536641603,0,0.0087,0,0.0371,,0.096041666,0.3806,0,0,,0,0,0,0,0,0,0,0.000351526
20,515,20515,3.208057761,1.16705706,0.810065005,0.01923612,0.043828783,0.084868665,34.98781196,1.337685051,12.46072547,3.727672546,0,0.534589531,0,3.104774094,1.261360089,0,0,0.35756977,129.0897361,2.768418,21.66588,63.19215,36.71163,15.64758,48.74823,1.80549,31.49745452,0.009359397,0.000303476,0,0.048636179,0.007148214,0.000101643,0,0.06162254,1951.706805,0.001219474,0.259503065,113.8612406,24.3278,0.618,3.4939,0.8281,,6.848430787,27.1367,0,0.0146,,0,0,0,0,1.4994,0.2165,0.061285327,7.289138796
20,516,20516,0,0,0,0,0,0,0,0,0,0,0,0,0,0,0.04851385,0,0,0.033522166,8.092909531,0.173558,1.35828,3.96165,2.30153,0.98098,3.05613,0.11319,0,0.000107827,3.50E-06,0,0.001159319,0,2.54E-05,0,0.003863248,308.6170259,7.65E-05,0.016268798,6.712563327,0,0.0387,0,0.1463,,0.429342661,1.7013,0,0.0123,,0,0,0,0,0,0,0,0
20,517,20517,0,0,0,0,0,0,0,0,0,0,0,0,0,0.20698494,0,0,0,0.011174055,7.929893066,0.170062,1.33092,3.88185,2.25517,0.96122,2.99457,0.11091,0,0.00011861,3.85E-06,0,0.000662468,0,0,0,0.00378543,285.1980005,7.49E-05,0.015941094,5.905474694,0,0.038,0.0546,0.1106,,0.420694359,1.667,0,0,,0,0,0,0,0,0,0,0.000758748
20,518,20518,0,0,0,0,0,0,0,0,0,0,0,0.100235537,0,0,0,0,0,0,0.311018257,0.00667,0.0522,0.15225,0.08845,0.0377,0.11745,0.00435,0,5.39E-05,1.75E-06,0,0,0.000340391,0,0,0.000148468,9.043981391,2.94E-06,0.000625225,0.358543889,0,0.0015,0,0.0118,,0.016500049,0.0654,0,0,,0,0,0,0,0,0,0,0.15602077
20,519,20519,0,0,0,0,0,0,0,0,0,0,0,0,0,0.413969879,0,0,0,0,4.096861173,0.08786,0.6876,2.0055,1.1651,0.4966,1.5471,0.0573,0,0.0008734,2.83E-05,0,0.000496851,0,0,0,0.001955686,89.86607308,3.87E-05,0.008235729,4.517230514,0,0.0196,1.2283,0.0502,,0.217345476,0.8612,0.0005,0,,0,0,0,0,0,0,0,0.291918601
20,520,20520,0,0,0,0,0,0,0,0,1.221639752,0,0,0,0,0.413969879,0.291083097,0,0,0.044696221,13.45958317,0.28865,2.259,6.58875,3.82775,1.6315,5.08275,0.18825,0,0.000927313,3.01E-05,0,0.002815488,0.004084694,0,0,0.006425094,227.5821199,0.000127149,0.027057171,11.32874246,5.8008,0.0644,0.4094,0.2524,,0.714053856,2.8294,0,0,,0,0,0,0,0,0,1.21161091,1.026356629
20,521,20521,0,0,0,0,0,0,0,0,0,0,0,0,0,0,0,0,0,0,0.613456699,0.013156,0.10296,0.3003,0.17446,0.07436,0.23166,0.00858,0,0,0,0,0,0,0,0,0.000292841,30.38211891,5.80E-06,0.001233203,0.686515013,0,0.0029,0,0.0168,,0.032544925,0.129,0,0,,0,0,0,0,0,0,0,0.089191873
20,522,20522,0,0,0,0,0,0,0,0,0,0,0,0,0,0,0.024256925,0,0,0.033522166,1.932603098,0.041446,0.32436,0.94605,0.54961,0.23426,0.72981,0.02703,0,0.000916531,2.97E-05,0,0.000220823,0,0,0,0.000922551,78.40281132,1.83E-05,0.003885022,1.852484625,0,0.0093,0,0.0258,,0.102527892,0.4063,0,0,,0,0,0,0,0,0,0,0.000170741
20,523,20523,0,0,0,0,0,0,0,0,0,0,0,0,0,0,0.194055398,0,0,0,3.052268821,0.065458,0.51228,1.49415,0.86803,0.36998,1.15263,0.04269,0,0.000161741,5.24E-06,0,0.000441645,0.005786649,0,0,0.001457037,78.48899547,2.88E-05,0.006135833,3.202133552,0,0.0146,0,0.1936,,0.16192807,0.6416,0,0,,0,0,0,0,0,0,0,0.943925656
20,524,20524,0,0,0,0,0,0,0,0,0,0,0,0,0,0,0,0,0,0,0.860126351,0.018446,0.14436,0.42105,0.24461,0.10426,0.32481,0.01203,0,0.001293926,4.20E-05,0,0,0,0,0,0.000410592,30.46707176,8.13E-06,0.001729072,0.999982596,0,0.0041,0,0.0466,,0.045631171,0.1808,0,0,,0,0,0,0,0,0,0,0.218169043
20,525,20525,0,0,0,0,0,0,0,0,0.732983851,0,0,0,0,3.518743973,0.339596947,0,0,0.089392443,23.73605536,0.509036,3.98376,11.6193,6.75026,2.87716,8.96346,0.33198,5.69712023,0.001692886,5.49E-05,0,0.009716195,0.007488605,0,0,0.011330692,590.23327,0.000224228,0.047715483,22.74475678,6.3116,0.1136,1.2283,0.6267,,1.259238242,4.9897,0,0,,0,0,0,0,0.4491,0.0648,0,8.880349417
20,526,20526,0,0,0,0,0,0,0,0,0,0,0,0,0,1.241909638,0.630680044,0,0,0.044696221,31.8976034,0.684066,5.35356,15.61455,9.07131,3.86646,12.04551,0.44613,0,0.00139097,4.51E-05,0,0.005189331,0,0,0,0.015226705,1290.691266,0.000301328,0.064122262,23.68792866,1.058,0.1527,0.6551,0.4981,,1.692222293,6.7054,0,0,,0,0,0,0,0,0,0,1.612622888
20,527,20527,0,0,0,0,0,0,0,0,0,0,0,0,0,0.20698494,0,0,0,0,5.967260619,0.127972,1.00152,2.9211,1.69702,0.72332,2.25342,0.08346,0,0.000549918,1.78E-05,0,5.52E-05,0,0,0,0.002848544,247.7689644,5.64E-05,0.011995705,3.920549274,0,0.0286,0.0546,0.0468,,0.316573359,1.2544,0,0,,0,0,0,0,0,0,0,0.01769545
20,528,20528,0,0,0,0,0,0,0,0,0,0,0,0,0,0,0.072770774,0,0,0,2.256491075,0.048392,0.37872,1.1046,0.64172,0.27352,0.85212,0.03156,0,0.000248002,8.04E-06,0,0.000165617,0.000340391,0,0,0.001077163,73.79604525,2.13E-05,0.004536119,2.379409066,0.5677,0.0108,0,0.0917,,0.119710702,0.4744,0,0,,0,0,0,0,0,0,0,0.188525097
20,529,20529,0,0,0,0,0,0,0,0,0,0,0,0,0,0,0,0,0,0,2.833483565,0.060766,0.47556,1.38705,0.80581,0.34346,1.07001,0.03963,0,0,0,0,0,0,0,0,0.001352597,112.0453159,2.68E-05,0.00569602,1.308334881,0,0.0136,0,0.0363,,0.150321138,0.5956,0,0,,0,0,0,0,0,0,0,0.083211077
20,530,20530,0,0,0,0,0,0,0,0,0,0,0,0.902119834,0,0,0.04851385,0,0,0,5.928651456,0.127144,0.99504,2.9022,1.68604,0.71864,2.23884,0.08292,0,0.002695679,8.74E-05,0,0.00038644,0.001701956,0,0,0.002830113,201.6618837,5.60E-05,0.011918091,4.429156199,0,0.0284,0,0.4509,,0.314525077,1.2463,0,0,,0,0,0,0,0,0,0,1.81108683
20,531,20531,0,0,0,0,0,0,0,0,0,0,0,0,0,0,0.024256925,0,0,0,3.871641056,0.08303,0.6498,1.89525,1.10105,0.4693,1.46205,0.05415,6.45915542,0.001919323,6.22E-05,0,0.000938496,0.000340391,2.54E-05,0,0.001848174,119.5497777,3.66E-05,0.007782979,3.558581085,0,0.0185,0.1638,0.2335,,0.205397165,0.8139,0,0,,0,0,0,0,0,0,0,1.384131053
20,532,20532,0,0,0,0,0,0,0,0,0,0,0,0,0,0,0,0,0,0,8.060735229,0.172868,1.35288,3.9459,2.29238,0.97708,3.04398,0.11274,0,0,0,0,0.000828085,0.000340391,0,0,0.003847889,339.1690587,7.61E-05,0.016204119,6.110314948,0,0.0386,0,0.2331,,0.427635759,1.6945,0,0,,0,0,0,0,0,0,0,0.729657132
20,533,20533,0,0,0,0,0,0,0,0,0,0,0,0,0,0.827939758,0.024256925,0,0,0,4.221268475,0.090528,0.70848,2.0664,1.20048,0.51168,1.59408,0.05904,0,5.39E-05,1.75E-06,0,0.000441645,0.000680782,0,0,0.002015073,128.8983428,3.99E-05,0.008485819,3.455630957,0,0.0202,0,0.0498,,0.223945496,0.8874,0,0,,0,0,0,0,0,0,0,0
20,534,20534,0,0,0,0,0,0,0,0,0,0,0,0,0,0,0,0,0,0.011174055,7.00541811,0.150236,1.17576,3.4293,1.99226,0.84916,2.64546,0.09798,0,0.000506788,1.64E-05,0,0.000441645,0,0,0,0.003344121,254.9712425,6.62E-05,0.014082665,5.768252797,0,0.0335,0.0273,0.2797,,0.371649385,1.4727,0,0,,0,0,0,0,0,0,0,1.93222312
20,535,20535,0,0,0,0,0,0,0,0,0,0,0,0,0,1.448894577,0.04851385,0,0,0.033522166,6.666515458,0.142968,1.11888,3.2634,1.89588,0.80808,2.51748,0.09324,0,0.000204872,6.64E-06,0,0.000938496,0,2.54E-05,0.009739546,0.003182341,295.3275612,6.30E-05,0.013401385,4.320625395,0,0.0319,0.0819,0.1758,,0.353670021,1.4014,0,0,,0,0,0,0,0,0,0,0
20,536,20536,0,0,0,0,0,0,0,0,0,0,0,0,0,0,0,0,0,0.011174055,0.969518979,0.020792,0.16272,0.4746,0.27572,0.11752,0.36612,0.01356,0,0.000204872,6.64E-06,0,0,0,0,0,0.000462812,41.31007323,9.16E-06,0.001948979,1.142559703,0,0.0046,0.1092,0.0288,,0.051434636,0.2038,0,0,,0,0,0,0,0,0,0,0.2433924
20,537,20537,0,0,0,0,0,0,21.95991756,0,0,2.339654218,0,0,0,0.20698494,0.145541549,0,0,0.011174055,13.33088596,0.28589,2.2374,6.52575,3.79115,1.6159,5.03415,0.18645,0,0.000603832,1.96E-05,0,0.002042609,0.001021173,2.54E-05,0,0.006363659,446.7997158,0.000125933,0.026798457,12.02560992,1.5974,0.0638,0.0819,0.3619,,0.707226249,2.8024,0,0,,0,0,0,0,0,0,0,1.065881891
20,538,20538,0,0,0,0,0,0,0,0,0.488655901,0,0,0,0,0,0.024256925,0,0,0.022348111,1.490742678,0.03197,0.2502,0.72975,0.42395,0.1807,0.56295,0.02085,0,0.000301916,9.79E-06,0,5.52E-05,0.000340391,0,0,0.000711624,63.76201197,1.41E-05,0.00299677,1.30264613,0,0.0071,0,0.1124,,0.079086443,0.3134,0,0,,0,0,0,0,0,0,0,0
20,539,20539,0,0,0,0,0,0,0,0.26753701,0.488655901,0,0,0,0,0,0.169798473,0,0,0.044696221,9.077443185,0.194672,1.52352,4.4436,2.58152,1.10032,3.42792,0.12696,0,0.000690094,2.24E-05,0,0.001766581,0,2.54E-05,0,0.004333227,29.94466298,8.58E-05,0.01824796,7.569366727,0,0.0435,0.273,0.2353,,0.481573851,1.9082,0,0,,0,0,0,0,0,0,0,1.693922222
20,540,20540,0,0,0,0,0,0,0,0.80261103,0.24432795,0,0,0,0,0.413969879,0.218312323,0,0,0.022348111,14.89241211,0.319378,2.49948,7.29015,4.23523,1.80518,5.62383,0.20829,0,0.00290055,9.40E-05,0,0.00927455,0.005105867,0,0,0.007109072,239.112161,0.000140684,0.02993752,14.06057077,7.0292,0.0713,1.6378,0.1427,,0.790067876,3.1306,0,0,,0,0,0,0,0,0,0,0.892308784
20,541,20541,0,0,0,0,0,0,0,0,0,0,0,0,0,0.620954819,0.072770774,0,0,0.011174055,3.241024729,0.069506,0.54396,1.58655,0.92171,0.39286,1.22391,0.04533,0,0.000161741,5.24E-06,0,0.000220823,0,0,0,0.001547142,114.4359787,3.06E-05,0.006515281,3.501723601,0,0.0155,0.0546,0.0165,,0.171941893,0.6813,0,0,,0,0,0,0,0,0,0,0.000315917
20,542,20542,0,0,0,0,0,0,0,0,0,0,0,0,0,0,0,0,0,0,1.419959213,0.030452,0.23832,0.6951,0.40382,0.17212,0.53622,0.01986,0,0.000107827,3.50E-06,0,0.000165617,0,0,0,0.000677835,54.3500386,1.34E-05,0.002854478,1.575341024,0,0.0068,0,0.1058,,0.075331259,0.2985,0,0,,0,0,0,0,0,0,0,0.41106905
20,543,20543,0,0,0,0,0,0,0,0,0,0,0,0,0,0,0.097027699,0,0,0,11.44976175,0.245548,1.92168,5.6049,3.25618,1.38788,4.32378,0.16014,0,7.55E-05,2.45E-06,0,0.000441645,0,0,0,0.005465682,457.4322614,0.000108163,0.023016921,8.224692804,0,0.0548,0,0.285,,0.607429399,2.4069,0,0,,0,0,0,0,0,0,0,1.542008872
20,544,20544,0,0,0,0,0,0,0,0,0,0,0,0,0,0,0.121284624,0,0,0.011174055,2.353013982,0.050462,0.39492,1.15185,0.66917,0.28522,0.88857,0.03291,0,9.70E-05,3.15E-06,0,0.000772879,0,0,0.009739546,0.00112324,57.38679684,2.22E-05,0.004730154,2.674650664,0,0.0113,0,0.0396,,0.124831407,0.4946,0,0,,0,0,0,0,0,0,0,0.000225524
20,545,20545,0.356450862,0.129673007,0.090007223,0.002137347,0.004869865,0.009429852,0,0,1.954623603,0,0,0.033411846,0,0.620954819,0.315340022,0,0,0.089392443,20.29126005,0.43516,3.4056,9.933,5.7706,2.4596,7.6626,0.2838,0,0.001121402,3.64E-05,0,0.009716195,0.000340391,0,0,0.009686277,285.5792478,0.000191686,0.040790572,17.28519162,11.1515,0.0971,0.3548,0.0381,5.2265,1.076485972,4.2655,0,0,,0,0,0,0,0.1451,0.021,0,0.048319899
20,546,20546,0,0,0,0,0,0,6.818953318,0.26753701,0.24432795,0.726505136,0,0.267294766,0,0.827939758,0.121284624,0,0,0.055870277,11.64709747,0.24978,1.9548,5.7015,3.3123,1.4118,4.3983,0.1629,0,0.013489177,0.000437382,0,0.002373843,0.000680782,0,0,0.005559882,140.0010516,0.000110027,0.023413616,10.1611217,18.5455,0.0558,0.4094,0.1504,,0.617898396,2.4484,0,0,,0,0,0,0,0,0,0,0.575893839
20,547,20547,0,0,0,0,0,0,0,0,0.732983851,0,0,0,0,0,0.097027699,0,0,0.011174055,1.984081982,0.04255,0.333,0.97125,0.56425,0.2405,0.74925,0.02775,0,0.000269568,8.74E-06,0,0.000165617,0.003403911,0,0,0.000947125,64.62435891,1.87E-05,0.003988507,2.153495355,0,0.0095,0.3548,0.0745,,0.105258935,0.4171,0,0,,0,0,0,0,0,0,0,0.41969587
20,548,20548,0,0,0,0,0,0,0,0,0.24432795,0,0,0,0,0.413969879,0.024256925,0,0,0,3.015804612,0.064676,0.50616,1.4763,0.85766,0.36556,1.13886,0.04218,0,0.00035583,1.15E-05,0,0.000717673,0.000680782,0,0,0.001439631,106.4600768,2.85E-05,0.006062531,3.262250575,6.0874,0.0144,0.1092,0.1055,,0.159993581,0.634,0,0,,0,0,0,0,0,0,0,0.553353663
20,549,20549,0,0,0,0,0,0,0,0.53507402,0.24432795,0,0,0,0,0.413969879,0.242569248,0,0,0.067044332,22.43192364,0.481068,3.76488,10.9809,6.37938,2.71908,8.47098,0.31374,0,0.001315491,4.27E-05,0,0.00342275,0.004765476,0,0,0.010708149,810.0591598,0.000211908,0.045093848,19.60046823,3.1185,0.1074,0.2184,0.9511,,1.190051828,4.7156,0,0,,0,0,0,0,0,0,0,3.099092552
20,550,20550,0,0,0,0,0,0,0,0.26753701,0,0,0,0.033411846,0,2.276834336,0.024256925,0,0,0.022348111,9.654435675,0.207046,1.62036,4.72605,2.74561,1.17026,3.64581,0.13503,0,0.002081064,6.75E-05,0,0.001048907,0.001701956,2.54E-05,0,0.004608661,145.5942121,9.12E-05,0.019407861,8.451738701,0,0.0462,0.273,0.1174,,0.512184287,2.0295,0,0,,0,0,0,0,0,0,0,0.936323948
20,551,20551,3.920959485,1.426403074,0.99007945,0.023510813,0.053568513,0.103728368,10.98388253,3.745518142,3.909247206,1.170245153,0,0.23388292,0.015363775,7.244472886,0.897506217,0,0,0.16761083,35.85075269,0.768844,6.01704,17.5497,10.19554,4.34564,13.53834,0.50142,22.4981818,0.006685283,0.000216768,0,0.021364587,0.010552125,2.54E-05,0,0.017113788,366.0905956,0.000338672,0.072069093,33.54440853,12.1375,0.1716,3.5758,0.6306,,1.901943608,7.5364,0,0,,0,0,0,0,0.2971,0.0429,0.010827785,4.6845985
20,552,20552,0,0,0,0,0,0,0,0,0,0,0,0,0,0,0,0,0,0,0.993113468,0.021298,0.16668,0.48615,0.28243,0.12038,0.37503,0.01389,0,0.000258785,8.39E-06,0,5.52E-05,0.000340391,0,0,0.000474075,40.33792079,9.38E-06,0.00199641,1.068760725,0,0.0048,0.1365,0.0384,,0.052686364,0.2088,0,0,,0,0,0,0,0,0,0,0.222069562
20,553,20553,0.712901725,0.259346013,0.180014446,0.004274693,0.00973973,0.018859703,0,0.26753701,2.198951553,0,0,0.133647383,0,0.620954819,0.339596947,0,0,0.16761083,19.60272998,0.420394,3.29004,9.59595,5.57479,2.37614,7.40259,0.27417,27.72356596,0.008237994,0.000267114,0,0.011482776,0.001021173,0,0.009739546,0.009357599,395.5943349,0.000185181,0.039406452,16.87576406,0,0.0938,0.5732,0.1775,,1.039958277,4.1208,0.0017,0,,0,0,0,0,0.2142,0.0309,0,1.068382363
20,554,20554,0,0,0,0,0,0,0,0,0,0,0,0,0,0,0.121284624,0,0,0,9.853916349,0.211324,1.65384,4.8237,2.80234,1.19444,3.72114,0.13782,0,0.000129393,4.20E-06,0,0.001490553,0,0,0,0.004703886,351.0964262,9.31E-05,0.019808868,8.449101733,0,0.0472,0,0.231,,0.522767078,2.0715,0,0,,0,0,0,0,0,0,0,0.001787761
20,555,20555,0,0,0,0,0,0,0,0,0,0,0,0,0,0,0,0,0,0,6.106682596,0.130962,1.02492,2.98935,1.73667,0.74022,2.30607,0.08541,0,2.16E-05,6.99E-07,0,0.000110411,0.004084694,0,0,0.002915098,217.4268016,5.77E-05,0.012275979,4.814815038,0,0.0292,0,0.178,,0.323969933,1.2837,0,0,,0,0,0,0,0,0,0,1.395053178
20,556,20556,0,0,0,0,0,0,0,0,0,0,0,0,0,0,0,0,0,0,0.474034722,0.010166,0.07956,0.23205,0.13481,0.05746,0.17901,0.00663,0,0,0,0,0,0.000340391,0,0,0.000226286,16.17705063,4.48E-06,0.00095293,0.493583693,0,0.0023,0,0.0239,,0.025148351,0.0996,0,0,,0,0,0,0,0,0,0,0.122736339
20,557,20557,0,0,0,0,0,0,0,0,0.977311802,0,0,0.200471074,0,0.827939758,0.121284624,0,0,0.134088664,29.41589221,0.630844,4.93704,14.3997,8.36554,3.56564,11.10834,0.41142,6.67687976,0.00198402,6.43E-05,0,0.006293444,0.00306352,0,0,0.01404203,243.0130826,0.000277884,0.059133394,25.82339833,4.3367,0.1408,0.7097,0.0637,,1.560563279,6.1837,0,0,,0,0,0,0,0,0,0.006680974,2.244049351
20,558,20558,0,0,0,0,0,0,0,0,0,0,0,0,0,0,0,0,0,0,3.292503613,0.07061,0.5526,1.61175,0.93635,0.3991,1.24335,0.04605,0,7.55E-05,2.45E-06,0,0.000276028,0,0,0,0.001571716,121.5121771,3.11E-05,0.006618766,2.847183844,0,0.0158,0,0.0156,,0.174672935,0.6921,0,0,,0,0,0,0,0,0,0,0.017993353
20,559,20559,0.712901725,0.259346013,0.180014446,0.004274693,0.00973973,0.018859703,0,0.53507402,0.488655901,0,0,0.066823691,0,1.034924698,0.582166195,0,0,0.089392443,43.67768799,0.936698,7.33068,21.38115,12.42143,5.29438,16.49403,0.61089,0,0.001369405,4.44E-05,0,0.010047429,0.001021173,7.62E-05,0,0.02085007,1912.311881,0.000412611,0.087803215,37.1347977,4.7977,0.2091,0.4913,0.8121,,2.317175882,9.1818,0,0,,0,0,0,0,0,0,0,9.428044534
20,560,20560,0,0,0,0,0,0,0,0,0,0,0,0,0,0.620954819,0.097027699,0,0,0.011174055,11.89376712,0.25507,1.9962,5.82225,3.38245,1.4417,4.49145,0.16635,0,0.000496005,1.61E-05,0,0.001324936,0.000340391,5.08E-05,0.009739546,0.005677633,421.7157906,0.000112357,0.023909484,10.98911281,0,0.0569,0.2184,0.146,,0.630984642,2.5003,0,0,,0,0,0,0,0,0,0,1.071361124
20,561,20561,0,0,0,0,0,0,0,0,0,0,0,0,0,4.760653611,0,0,0,0.011174055,5.463196548,0.117162,0.91692,2.67435,1.55367,0.66222,2.06307,0.07641,7.29376539,0.002167326,7.03E-05,0,0.000938496,0,2.54E-05,0,0.002607923,202.1404285,5.16E-05,0.010982409,4.047342592,0,0.0262,0.1911,0.2659,,0.2898319,1.1485,0,0,,0,0,0,0,0,0,0,1.920308075
20,562,20562,0,0,0,0,0,0,0,0,0,0,0,0.23388292,0,0,0.097027699,0,0,0.044696221,2.528900169,0.054234,0.42444,1.23795,0.71919,0.30654,0.95499,0.03537,0,0.00035583,1.15E-05,0,0,0.000340391,2.54E-05,0,0.001207201,102.1175135,2.39E-05,0.00508373,2.172814659,0,0.0121,0.1911,0.066,,0.134162469,0.5316,0,0,,0,0,0,0,0,0,0,0.201786862
20,563,20563,0,0,0,0,0,0,0,0,0,0,0,0,0,0,0.024256925,0,0,0,2.400202959,0.051474,0.40284,1.17495,0.68259,0.29094,0.90639,0.03357,0,0.000334264,1.08E-05,0,0,0.000340391,0,0,0.001145766,87.00812389,2.27E-05,0.004825016,2.393171582,0,0.0115,0.1638,0.0878,,0.127334863,0.5046,0,0,,0,0,0,0,0,0,0,0.692065527
20,564,20564,0,0,0,0,0,0,0,0,0,0,0,0,0,0,0,0,0,0,2.531045122,0.05428,0.4248,1.239,0.7198,0.3068,0.9558,0.0354,8.89041055,0.002641765,8.57E-05,0,0.000441645,0,2.54E-05,0,0.001208225,0,2.39E-05,0.005088042,2.374525656,0,0.0121,0,0.1979,,0.134276263,0.5321,0,0,,0,0,0,0,0,0,0,0.615241901
20,565,20565,0,0,0,0,0,0,5.305432376,2.140296081,1.954623603,0.565251541,0,0.066823691,0,3.725728913,1.479672412,0,0,0.234655162,67.91780742,1.456544,11.39904,33.2472,19.31504,8.23264,25.64784,0.94992,25.94548385,0.007709641,0.000249983,0,0.020260474,0.004425085,0,0,0.032421383,620.8178045,0.0006416,0.136531995,51.56174823,6.6145,0.3252,2.2656,0.4676,,3.603155583,14.2774,0,0,,0,0,0,0,0.4629,0.0668,0,1.728674436
20,566,20566,0,0,0,0,0,0,0,0,0,0,0,0,0,0,0,0,0,0,7.303566646,0.15663,1.2258,3.57525,2.07705,0.8853,2.75805,0.10215,0,8.63E-05,2.80E-06,0,0.00038644,0,2.54E-05,0,0.003486445,296.4001948,6.90E-05,0.014682019,5.238962005,0,0.035,0.1092,0.4642,,0.387466674,1.5353,0,0,,0,0,0,0,0,0,0,0
20,567,20567,0,0,0,0,0,0,0,0,0.488655901,0,0,0,0,0,0,0,0,0,6.334047666,0.135838,1.06308,3.10065,1.80133,0.76778,2.39193,0.08859,0,0.000140175,4.55E-06,0,0.000662468,0.001701956,0,0,0.003023634,189.462667,5.98E-05,0.01273304,5.796791063,0,0.0303,0,0.3314,,0.336032038,1.3315,0,0,,0,0,0,0,0,0,0,0.509407813
20,568,20568,0,0,0,0,0,0,0,0,0,0,0,0.066823691,0,0,0.04851385,0,0,0,2.790584495,0.059846,0.46836,1.36605,0.79361,0.33826,1.05381,0.03903,0,0.002350632,7.62E-05,0,0.000165617,0.000680782,0,0,0.001332119,75.70304067,2.64E-05,0.005609782,2.566832861,0,0.0134,0,0.0729,,0.14804527,0.5866,0,0,,0,0,0,0,0,0,0,0.173703123
20,569,20569,0,0,0,0,0,0,0,0,0,0,0,0,0,0,0,0,0,0.011174055,3.412621008,0.073186,0.57276,1.67055,0.97051,0.41366,1.28871,0.04773,0,5.39E-05,1.75E-06,0,0.000552057,0,0,0,0.001629056,136.1353707,3.22E-05,0.006860233,3.409893185,0,0.0163,0,0.1925,,0.181045368,0.7174,0,0,,0,0,0,0,0,0,0,0.624343113
20,570,20570,2.138705174,0.77803804,0.540043337,0.01282408,0.029219189,0.05657911,0,1.872759071,3.664919256,0,0,0.033411846,0,3.518743973,0.60642312,0,0,0.346395715,39.96691845,0.857118,6.70788,19.56465,11.36613,4.84458,15.09273,0.55899,11.75711436,0.0034936,0.000113279,0,0.016782518,0.012254081,2.54E-05,0.009739546,0.01907869,836.9369132,0.000377556,0.080343629,34.72978834,16.2242,0.1913,1.2283,1.3105,,2.120313226,8.4017,0,0,,0,0,0,0,0,0,0,2.815922286
21,1,21001,1.425803449,0.518692027,0.360028891,0.008549387,0.019479459,0.037719407,1.529392548,0.53507402,8.795806214,0.273530082,0,0.400942148,0.002194825,2.483819275,1.382644713,0,0,0.16761083,117.4662331,2.519144,19.71504,57.5022,33.40604,14.23864,44.35884,1.64292,51.23779468,0.015225194,0.000493672,0.000529359,0.013138945,0.024848553,0,0,0.907719489,1828.269621,0.00110967,0.23613688,104.6499107,15.4793,0.5624,1.3648,0.8211,,9.733674926,29.6582,0.0027,0.0162,,0,0,0,0,2.6966,0.3894,0,6.993393872
21,2,21002,0,0,0,0,0,0,1.724790021,0,0.24432795,0.308476694,0,0,0,0.20698494,0.145541549,0,0,0.089392443,17.58218379,0.377062,2.95092,8.60685,5.00017,2.13122,6.63957,0.24591,0,0.000830269,2.69E-05,0.00011121,0.002760283,0.004765476,0,0,0.135866201,741.298293,0.000166094,0.035344643,21.90888779,2.8555,0.0842,0.4094,0.0024,,1.45692304,4.4392,0.0006,0,,0,0,0,0,0,0,0,0
21,3,21003,3.564508623,1.296730067,0.900072228,0.021373467,0.048698648,0.094298517,5.973474065,2.942907112,4.397903107,1.068348904,0,0.267294766,0,1.862864456,1.503929337,0,0,0.145262719,67.37727914,1.444952,11.30832,32.9826,19.16132,8.16712,25.44372,0.94236,0,0.005218834,0.000169219,0.001116548,0.027713237,0.008169387,0,0,0.52065745,1107.271278,0.000636494,0.135445396,85.12279556,22.322,0.3226,1.7197,1.5308,,5.583123891,17.0116,0.0022,0.0516,,0,0,0,0,0,0,0.017757719,5.18232115
21,4,21004,2.138705174,0.77803804,0.540043337,0.01282408,0.029219189,0.05657911,1.481183696,4.013055152,26.14309069,0.264907985,0,0.568001377,0.25679452,3.932713852,2.134609381,0.04851385,0,0.212307051,105.9499778,2.27217,17.7822,51.86475,30.13095,12.8427,40.00995,1.48185,20.72009969,0.00615693,0.000199637,0.000851868,0.021143765,0.022465815,0,0,0.818727707,1492.044958,0.001000879,0.21298629,92.08000003,21.2566,0.5072,1.7742,1.4965,,8.779396555,26.7506,0.0024,0.0223,,0,0,0,0,0,0,0,0
21,5,21005,0,0,0,0,0,0,0.819900764,0,0,0.1466383,0,0,0,0.620954819,0.04851385,0,0,0,6.008014735,0.128846,1.00836,2.94105,1.70861,0.72826,2.26881,0.08403,39.69840466,0.01179629,0.000382491,1.78E-05,0.000441645,0.00885017,0,0,0.046426892,261.8840495,5.68E-05,0.012077631,7.304384238,7.6492,0.0288,0.0273,,,0.497845728,1.5169,0.0002,0,,0,0,0,0,0,0,0,1.20185439
21,6,21006,0,0,0,0,0,0,0.940998357,0.26753701,0,0.168296464,0,0.100235537,0,0,0.097027699,0,0,0.011174055,31.08681098,0.666678,5.21748,15.21765,8.84073,3.76818,11.73933,0.43479,0,0.000420526,1.36E-05,6.45E-05,0.001600964,0,0,0,0.240223113,1107.4584,0.000293668,0.062492364,28.92318942,0,0.1488,0.464,0.1421,,2.575965063,7.8489,0.0008,0.0092,,0,0,0,0,0,0,0,0
21,7,21007,0,0,0,0,0,0,1.874220448,0,0,0.335202152,0,0,0,0,0,0,0,0,6.96251904,0.149316,1.16856,3.4083,1.98006,0.84396,2.62926,0.09738,0,0.000194089,6.29E-06,4.45E-06,0.000110411,0.002382738,0,0,0.053802817,297.121094,6.58E-05,0.013996427,7.566352764,0,0.0333,0.0819,0.027,,0.576939391,1.7579,0.0002,0,,0,0,0,0,0,0,0,0.346064851
21,8,21008,0,0,0,0,0,0,0.617747847,0,1.221639752,0.110483486,0,0,0,0.20698494,0.04851385,0,0,0,21.62756608,0.463818,3.62988,10.58715,6.15063,2.62158,8.16723,0.30249,0,0.000452874,1.47E-05,0.000100089,0.002484254,0.009871343,0,0.009739546,0.167126865,491.8911337,0.000204309,0.043476886,22.8811031,6.5648,0.1035,0.6551,0.0377,,1.792137979,5.4606,0.0006,0,,0,0,0,0,0.2793,0.0403,8.820902555,1.081452661
21,9,21009,0,0,0,0,0,0,0.647451786,0,0,0.115796001,0,0,0,0,0,0,0,0,4.034657521,0.086526,0.67716,1.97505,1.14741,0.48906,1.52361,0.05643,0,0.00011861,3.85E-06,1.11E-05,0.000276028,0.001021173,2.54E-05,0,0.031177788,115.9507252,3.81E-05,0.008110684,5.386271621,0,0.0193,0,0.0018,,0.334326246,1.0187,0.0001,0,,0,0,0,0,0,0,0,0.280456723
21,10,21010,2.495156036,0.907711047,0.630050559,0.014961427,0.034089054,0.066008962,3.595037266,1.070148041,3.420591305,0.642968243,0.066823691,0,0,172.4184547,0.897506217,0,0,0.156436774,127.1035092,2.725822,21.33252,62.21985,36.14677,15.40682,47.99817,1.77771,188.2952667,0.055951508,0.00181421,0.000665036,0.01650649,0.004425085,0,0,0.982191472,4109.831087,0.001200711,0.255510246,107.2439769,5.792,0.6085,2.211,0.8481,9.0842,10.53225431,32.0915,0.0028,0.0162,,0,0,0,0,0,0,0,0.418161695
21,11,21011,0,0,0,0,0,0,0.800164859,0,0,0.143108556,0,0,0,0.20698494,0.024256925,0,0,0,3.543463171,0.075992,0.59472,1.7346,1.00772,0.42952,1.33812,0.04956,0,0.00011861,3.85E-06,1.78E-05,0.000441645,0.000680782,0,0,0.027382087,67.01675851,3.35E-05,0.007123258,4.370555349,0,0.017,0.1092,,,0.293624114,0.8947,0.0001,0,,0,0,0,0,0,0,0,0.353274536
21,12,21012,0,0,0,0,0,0,0.578055859,0,0.488655901,0.10338462,0,0,0,1.448894577,0,0,0,0.011174055,12.42571559,0.266478,2.08548,6.08265,3.53373,1.50618,4.69233,0.17379,0,0.00039896,1.29E-05,6.67E-05,0.00165617,0.03301794,0,0,0.09601963,158.8542222,0.000117382,0.024978835,14.3761517,2.7077,0.0595,0.2457,0.3012,,1.029639523,3.1373,0.0004,0,,0,0,0,0,0,0,0,3.75840848
21,13,21013,1.069352587,0.38901902,0.270021668,0.00641204,0.014609594,0.028289555,0.442586684,0.53507402,2.198951553,0.079156115,0,0.200471074,0,52.57417466,0.824735443,0,0,0.122914609,39.06389302,0.837752,6.55632,19.1226,11.10932,4.73512,14.75172,0.54636,44.56091492,0.013241174,0.000429341,0.000589413,0.014629498,0.012254081,0,0,0.301865958,448.2544465,0.000369026,0.078528319,38.60837882,12.5411,0.187,3.8215,0.0634,0.1244,3.236974796,9.863,0.001,0,,0,0,0,0,1.0743,0.1551,0.007233414,0.648871596
21,14,21014,0,0,0,0,0,0,0.531027959,0,0,0.094973734,0,0,0,0,0.024256925,0,0,0.022348111,11.31462968,0.24265,1.899,5.53875,3.21775,1.3715,4.27275,0.15825,0,0.000496005,1.61E-05,2.45E-05,0.000607262,0,0,0,0.087433721,388.3037069,0.000106886,0.022745271,11.82594048,0,0.0542,0.1638,0.084,,0.937570945,2.8568,0.0003,0,,0,0,0,0,0,0,0,0
21,15,21015,20.67415001,7.521034389,5.220418921,0.123966106,0.28245216,0.546931396,1.455222774,2.942907112,17.59161243,0.260264904,0.200471074,4.04283333,0.032922374,9.107337342,10.13939456,0.485138496,0.111740553,4.123226412,187.4110216,4.019158,31.45428,91.74165,53.29753,22.71698,70.77213,2.62119,99.57259816,0.02958777,0.000959374,0.001365658,0.03389627,0.015317601,0,0,1.448217349,419.7509641,0.001770419,0.37674362,175.3313162,61.7142,0.8972,3.3301,0.8022,,15.52955188,47.3181,0.0045,0,,0,0,0,0,1.9016,0.2746,0.330720931,3.74903589
21,16,21016,0,0,0,0,0,0,1.700290276,0,0.24432795,0.304094943,0,0,0,0.620954819,0,0,0,0,16.14291999,0.346196,2.70936,7.9023,4.59086,1.95676,6.09606,0.22578,0,0.000560701,1.82E-05,2.67E-05,0.000662468,0.00885017,0,0,0.124744301,577.0429545,0.000152498,0.032451358,17.74263078,0,0.0773,0,0.1981,,1.337660461,4.0758,0.0005,0,,0,0,0,0,0,0,0.000702273,0.04181617
21,17,21017,0,0,0,0,0,0,0.446289668,1.337685051,0.732983851,0.079818389,0,0,0,1.241909638,0.291083097,0,0,0.156436774,53.14980262,1.139834,8.92044,26.01795,15.11519,6.44254,20.07099,0.74337,15.56729031,0.004625785,0.00014999,0.000280249,0.006955912,0.000340391,0,0,0.410714725,1810.727562,0.000502091,0.106844565,47.0664267,5.8027,0.2545,1.4194,0.0394,,4.404183971,13.4194,0.0012,0,,0,0,0,0,0.3008,0.0434,0.027576832,0
21,18,21018,0,0,0,0,0,0,3.276550595,0,0,0.586007272,0,0,0,0.20698494,0.072770774,0,0,0,7.912733438,0.169694,1.32804,3.87345,2.25029,0.95914,2.98809,0.11067,0,0.00011861,3.85E-06,2.22E-05,0.000552057,0.002042347,2.54E-05,0,0.061145592,209.9141619,7.47E-05,0.015906598,8.856156936,0,0.0379,0,0.856,,0.655677577,1.9978,0.0002,0,,0,0,0,0,0,0,0,0.090121055
21,19,21019,15.32738708,5.575939289,3.870310579,0.091905906,0.209404187,0.405483621,2.87422636,14.71453556,27.36473044,0.514052049,0,0.902119834,0,13.04005119,4.366246461,0,0,0.458136268,258.3231841,5.539918,43.35588,126.45465,73.46413,31.31258,97.55073,3.61299,84.65848087,0.025156074,0.000815678,0.004466192,0.110852949,0.087480522,2.54E-05,0,1.996190586,1578.958057,0.002440306,0.519295027,317.7688967,56.1992,1.2367,6.3873,3.5496,,21.40558893,65.2222,0.008,0.0177,,0,0,0,0,3.2445,0.4685,0.000891491,6.0561349
21,20,21020,0,0,0,0,0,0,0.245447808,0,0,0.043898056,0,0.033411846,0,0.413969879,0.291083097,0,0,0.033522166,13.87570415,0.297574,2.32884,6.79245,3.94609,1.68194,5.23989,0.19407,14.22465688,0.004226824,0.000137053,6.67E-05,0.00165617,0.013615645,0,0,0.107224406,210.1963364,0.00013108,0.02789368,13.09148489,0,0.0664,0.2457,0.2908,,1.149790795,3.5034,0.0003,0,,0,0,0,0,0,0,0,0.791623348
21,21,21021,0,0,0,0,0,0,0.074520056,0,0,0.013327826,0,0,0,0,0.024256925,0,0,0,2.537479983,0.054418,0.42588,1.24215,0.72163,0.30758,0.95823,0.03549,0,0.000107827,3.50E-06,4.45E-06,0.000110411,0.002382738,0,0,0.019608359,55.63243968,2.40E-05,0.005100977,3.222132979,0,0.0121,0.1365,0.997,13.0306,0.210264726,0.6407,0.0001,0,,0,0,0,0,0,0,0,0.333087419
21,22,21022,0,0,0,0,0,0,1.207092805,0,0.24432795,0.215887147,0,0,0,0,0.121284624,0,0,0.011174055,22.5027071,0.482586,3.77676,11.01555,6.39951,2.72766,8.49771,0.31473,0,0.001358622,4.41E-05,5.56E-05,0.001380141,0.017700339,2.54E-05,0,0.173889511,789.8933738,0.000212577,0.045236141,24.70292162,0,0.1077,0.464,0.2287,,1.864655315,5.6815,0.0007,0,,0,0,0,0,0,0,0,2.428221707
21,23,21023,0,0,0,0,0,0,1.165599365,0,0,0.208466094,0,0.066823691,0,1.241909638,0.169798473,0,0,0,16.85933446,0.36156,2.8296,8.253,4.7946,2.0436,6.3666,0.2358,0,0.000409743,1.33E-05,5.56E-05,0.001380141,0.013275254,0,0,0.130280388,358.7407343,0.000159265,0.033891532,15.47418707,1.5772,0.0807,0.1092,0.5381,,1.397025143,4.2567,0.0004,0,,0,0,0,0,0,0,0,3.043928756
21,24,21024,0,0,0,0,0,0,1.919927283,0,0,0.343376767,0,0,0,0,0.04851385,0,0,0,1.870399446,0.040112,0.31392,0.9156,0.53192,0.22672,0.70632,0.02616,0,2.16E-05,6.99E-07,4.45E-06,0.000110411,0.000680782,0,0,0.014453499,35.2533457,1.77E-05,0.003759977,2.787645537,0,0.009,0,,,0.154988031,0.4722,0.0001,0,,0,0,0,0,0,0,0,0.206917942
21,25,21025,0,0,0,0,0,0,1.20333978,0,0.488655901,0.215215923,0,0,0,1.241909638,0.242569248,0,0,0.156436774,17.33980404,0.371864,2.91024,8.4882,4.93124,2.10184,6.54804,0.24252,0,0.000948879,3.08E-05,0.000129004,0.003201928,0.001701956,0,0,0.133993214,696.188339,0.000163804,0.034857398,18.7801155,2.8335,0.083,0.5732,0.0201,,1.436838582,4.378,0.0005,0.0108,,0,0,0,0,0,0,0.561818562,0
21,26,21026,0,0,0,0,0,0,0.799314173,0,0.732983851,0.142956412,0,0.167059229,0,0,0.315340022,0,0.022348111,0.011174055,27.64416062,0.592848,4.63968,13.5324,7.86168,3.35088,10.43928,0.38664,0,0.0008734,2.83E-05,0.000122331,0.003036311,0.01191369,0,0,0.213620057,672.1760725,0.000261147,0.055571764,30.46218973,0,0.1323,0.273,0.4201,,2.290694661,6.9797,0.0008,0,,0,0,0,0,0,0,0,2.162905321
21,27,21027,0,0,0,0,0,0,3.921090034,0,0,0.701282402,0,0,0,0,0,0,0,0,9.581507256,0.205482,1.60812,4.69035,2.72487,1.16142,3.61827,0.13401,0,3.23E-05,1.05E-06,2.22E-06,5.52E-05,0.000340391,0,0,0.07404103,347.3514413,9.05E-05,0.019261256,11.68734334,0,0.0459,0,0.6483,,0.793958182,2.4192,0.0003,0,,0,0,0,0,0,0,0,0.046862949
21,28,21028,0,0,0,0,0,0,0.159378444,0,0,0.02850465,0,0,0,0,0,0,0,0.011174055,4.922668268,0.10557,0.8262,2.40975,1.39995,0.5967,1.85895,0.06885,0,4.31E-05,1.40E-06,2.22E-06,5.52E-05,0,0,0,0.038039884,184.2515992,4.65E-05,0.00989581,5.276089813,0,0.0236,0,0.0286,,0.407910013,1.2429,0.0001,0,,0,0,0,0,0,0,0,0
21,29,21029,0,0,0,0,0,0,0.117194448,0,0,0.020960091,0,0.066823691,0,0.20698494,0.072770774,0,0,0,8.266650764,0.177284,1.38744,4.0467,2.35094,1.00204,3.12174,0.11562,0,0.000474439,1.54E-05,2.67E-05,0.000662468,0,0,0,0.063880486,261.0558667,7.81E-05,0.016618062,8.55354635,0,0.0396,0.5459,0.0215,,0.68500444,2.0872,0.0002,0,,0,0,0,0,0,0,0,0
21,30,21030,0,0,0,0,0,0,0.084778323,0,0,0.015162505,0,0,0,0,0,0,0,0,1.477872957,0.031694,0.24804,0.72345,0.42029,0.17914,0.55809,0.02067,0,0,0,0,0,0.000340391,0,0,0.011420253,49.60570444,1.40E-05,0.002970899,1.806352818,0,0.0071,0,0.032,,0.122461873,0.3731,0,0,,0,0,0,0,0,0,0,0
21,31,21031,0,0,0,0,0,0,1.266931029,0,0.488655901,0.226589144,0,0.066823691,0,0,0.169798473,0,0,0.067044332,6.47132469,0.138782,1.08612,3.16785,1.84037,0.78442,2.44377,0.09051,0,0.000765573,2.48E-05,4.00E-05,0.000993702,0.009871343,0,0,0.050007116,208.4664138,6.11E-05,0.013009002,8.248791261,0,0.031,0.2457,0.2976,,0.536237259,1.6339,0.0002,0,,0,0,0,0,0,0,0,1.30351094
21,32,21032,0,0,0,0,0,0,2.070358517,0,0,0.370281218,0,0,0,0,0,0,0,0,2.756265239,0.05911,0.4626,1.34925,0.78385,0.3341,1.04085,0.03855,0,5.39E-05,1.75E-06,6.67E-06,0.000165617,0.002723129,0,0,0.02129902,92.98065733,2.60E-05,0.005540791,3.571983715,0,0.0132,0,0.0096,,0.22839406,0.6959,0.0001,0,,0,0,0,0,0,0,0,0.623637701
21,33,21033,0,0,0,0,0,0,0.504006182,0,0,0.090140921,0,0,0,0,0.097027699,0,0,0,9.577217349,0.20539,1.6074,4.68825,2.72365,1.1609,3.61665,0.13395,26.96153077,0.008011557,0.000259772,1.11E-05,0.000276028,0.00612704,0,0,0.07400788,387.139558,9.05E-05,0.019252633,9.850376267,0,0.0459,0.5459,,,0.793602705,2.4181,0.0003,0,,0,0,0,0,0,0,0,1.129036578
21,34,21034,0.356450862,0.129673007,0.090007223,0.002137347,0.004869865,0.009429852,0.296308797,0.80261103,4.642231057,0.052994485,0,7.584488974,1.461753423,3.518743973,0.946020067,0,0,0.145262719,67.09843519,1.438972,11.26152,32.8461,19.08202,8.13332,25.33842,0.93846,138.5815424,0.041179189,0.001335222,0.000600534,0.014905526,0.012254081,0,0,0.518502685,978.9234905,0.00063386,0.134884849,62.43716363,25.397,0.3212,0.5732,0.2774,,5.560017877,16.9412,0.0016,0,,0,0,0,0,0,0,0,1.802421101
21,35,21035,0.712901725,0.259346013,0.180014446,0.004274693,0.00973973,0.018859703,2.574504812,0,1.710295653,0.460447198,0,0,0,0.20698494,0.291083097,0,0,0.055870277,44.4198419,0.952614,7.45524,21.74445,12.63249,5.38434,16.77429,0.62127,17.96225805,0.005337444,0.000173065,0.000237989,0.005907005,0.001021173,2.54E-05,0,0.343254015,853.627369,0.000419622,0.089295133,44.65232907,6.7439,0.2127,1.0373,3.6526,40.9412,3.680788,11.2153,0.0012,0.0146,,0,0,0,0,2.1487,0.3102,0,0
21,36,21036,0,0,0,0,0,0,2.444640153,0,0,0.437221054,0,0,0,0,0.072770774,0,0,0.022348111,28.16538432,0.604026,4.72716,13.78755,8.00991,3.41406,10.63611,0.39393,0,0.000301916,9.79E-06,6.45E-05,0.001600964,0,0,0,0.217647809,1099.443452,0.00026607,0.056619556,27.48146471,0,0.1348,0.3548,0.1826,,2.333885133,7.1113,0.0007,0,,0,0,0,0,0,0,0,0
21,37,21037,0,0,0,0,0,0,1.231862767,0,0,0.220317226,0,0.267294766,0,0,0.024256925,0,0,0,4.628809639,0.099268,0.77688,2.2659,1.31638,0.56108,1.74798,0.06474,0,0.000603832,1.96E-05,1.11E-05,0.000276028,0.002723129,0,0,0.035769094,96.58014045,4.37E-05,0.00930508,6.547020215,0,0.0222,0,1.5781,,0.383559829,1.1687,0.0002,0,,0,0,0,0,0,0,0,0.257385733
21,38,21038,0,0,0,0,0,0,0.250031502,0,3.664919256,0.044717844,0,0.167059229,0,1.241909638,0.315340022,0,0,0,16.09144111,0.345092,2.70072,7.8771,4.57622,1.95052,6.07662,0.22506,0,0.002285936,7.41E-05,0.000197954,0.004913303,0.004425085,0,0,0.124346498,193.7585568,0.000152011,0.032347872,15.31195945,19.0034,0.077,0.1365,0.4463,,1.333394735,4.0628,0.0004,0,,0,0,0,0,0.9239,0.1334,0,0.528469867
21,39,21039,0,0,0,0,0,0,0.644849689,0,0,0.115330619,0,0,0,0.620954819,0.024256925,0,0,0,18.19778544,0.390264,3.05424,8.9082,5.17524,2.20584,6.87204,0.25452,0,0.000291133,9.44E-06,5.12E-05,0.00126973,0.000340391,0,0,0.140623259,634.796824,0.000171909,0.036582158,21.54345408,0,0.0871,0.1638,0.0914,,1.507934009,4.5946,0.0006,0,,0,0,0,0,0,0,0,0
21,40,21040,0,0,0,0,0,0,1.571616577,0,0,0.281081801,0,0.066823691,0,2.069849396,0.072770774,0,0,0.011174055,17.4985306,0.375268,2.93688,8.5659,4.97638,2.12108,6.60798,0.24474,20.82896186,0.006189278,0.000200685,3.34E-05,0.000828085,0.009190561,0,0,0.135219772,464.5390671,0.000165304,0.035176478,17.66808081,0,0.0838,0,0.1806,,1.449991236,4.4181,0.0005,0,,0,0,0,0,0,0,0,2.451292697
21,41,21041,1.782254312,0.648365034,0.450036114,0.010686733,0.024349324,0.047149258,0.431567804,6.420888244,5.130886958,0.077185401,0,3.474831953,51.68154333,18.21467468,18.84763056,2.668261726,0,2.905254383,129.6409892,2.78024,21.7584,63.462,36.8684,15.7144,48.9564,1.8132,1110.140122,0.329875602,0.010696113,0.00147242,0.036546142,0.005446258,0,0,1.001799831,143.8328817,0.001224682,0.260611223,146.3651942,34.6479,0.6207,1.7742,0.1362,,10.74251904,32.7321,0.0036,0,,0,0,0,0,0,0,0.453575841,2.018711633
21,42,21042,0,0,0,0,0,0,1.974521281,0,0,0.35314084,0,0,0,0,0.072770774,0,0,0,6.655790691,0.142738,1.11708,3.25815,1.89283,0.80678,2.51343,0.09309,0,0.000161741,5.24E-06,2.22E-05,0.000552057,0.002382738,0,0,0.051432576,267.9287211,6.29E-05,0.013379825,8.494870961,0,0.0319,0,0.0904,,0.551522776,1.6805,0.0002,0,,0,0,0,0,0,0,0,1.070638134
21,43,21043,1.782254312,0.648365034,0.450036114,0.010686733,0.024349324,0.047149258,1.892535208,0.53507402,1.221639752,0.338477726,0,6.582133603,0,14.28196083,0.412367721,0,0,0.145262719,101.2289352,2.170924,16.98984,49.5537,28.78834,12.27044,38.22714,1.41582,21.08297359,0.006264757,0.000203133,0.001014235,0.025173777,0.000340391,0,0,0.782245884,3186.805305,0.000956281,0.203495799,99.99863302,6.0805,0.4846,1.6378,0.2817,,8.388193967,25.5586,0.0026,0.0154,,0,0,0,0,0,0,0.003651821,0
21,44,21044,0,0,0,0,0,0,2.916810679,0,4.642231057,0.521668205,0,0,0,0.413969879,0.242569248,0,0,0.067044332,31.41284391,0.67367,5.2722,15.37725,8.93345,3.8077,11.86245,0.43935,0,0.000549918,1.78E-05,4.67E-05,0.001159319,0.072503312,0,0,0.24274253,830.4159213,0.000296748,0.063147772,32.09783646,12.2613,0.1504,0.1092,0.1728,,2.602981325,7.9312,0.0009,0.0131,,0,0,0,0,2.1594,0.3118,0,5.72304748
21,45,21045,2.495156036,0.907711047,0.630050559,0.014961427,0.034089054,0.066008962,3.90331571,1.070148041,10.01744597,0.698103485,0,0.23388292,0,2.069849396,1.285617014,0,0.033522166,0.16761083,89.54751845,1.920408,15.02928,43.8354,25.46628,10.85448,33.81588,1.25244,25.07458649,0.007450856,0.000241592,0.000934164,0.023186374,0.051399062,0,0.019479093,0.691977818,1200.977252,0.00084593,0.180013192,96.90727821,10.4447,0.4287,2.2656,2.6269,,7.420229727,22.6092,0.0025,0.0154,,0,0,0,0,1.8156,0.2622,0.057833256,11.85200019
21,46,21046,0,0,0,0,0,0,0.770961323,0,0,0.137885538,0,3.10730165,0,11.59115662,0.169798473,0,0,0,14.44197187,0.309718,2.42388,7.06965,4.10713,1.75058,5.45373,0.20199,29.10248678,0.008647737,0.0002804,0.000144573,0.003588367,0.001021173,0,0,0.111600236,233.9907409,0.000136429,0.029032021,13.75644985,5.1168,0.0691,0.2457,0.1642,,1.196713777,3.6464,0.0003,0,,0,0,0,0,1.547,0.2234,0.094315291,0.018024211
21,47,21047,0.356450862,0.129673007,0.090007223,0.002137347,0.004869865,0.009429852,7.593279478,0.53507402,1.710295653,1.358049223,0,0.768472451,0,0,0.776221593,0,0,0.044696221,38.13298321,0.817788,6.40008,18.6669,10.84458,4.62228,14.40018,0.53334,0,0.003277945,0.000106286,0.000707295,0.017555397,0.007148214,0,0.009739546,0.294672359,718.8698058,0.000360231,0.076656954,48.87597261,5.1762,0.1826,0.9281,0.4137,4.0443,3.159836258,9.6279,0.0012,0,,0,0,0,0,0,0,0.206608776,5.225579256
21,48,21048,1.425803449,0.518692027,0.360028891,0.008549387,0.019479459,0.037719407,0.832400838,0,2.198951553,0.148873924,0,0.400942148,0,2.483819275,0.460881571,0,0,0.011174055,35.98159485,0.77165,6.039,17.61375,10.23275,4.3615,13.58775,0.50325,0,0.002717244,8.81E-05,0.000120107,0.002981105,0.00885017,0,0,0.278047521,656.8533475,0.000339908,0.072332119,36.84065586,0,0.1723,0.6551,0.1897,,2.981564474,9.0847,0.001,0,,0,0,0,0,0,0,0,1.369840037
21,49,21049,0,0,0,0,0,0,0.980690345,0,0,0.17539533,0,0,0,0,0.145541549,0,0,0.033522166,31.30988615,0.671462,5.25492,15.32685,8.90417,3.79522,11.82357,0.43791,0,0.000269568,8.74E-06,2.67E-05,0.000662468,0,0,0,0.241946925,1297.215077,0.000295776,0.062940801,29.08998662,0,0.1499,0.1638,0.1652,,2.594449874,7.9052,0.0008,0,,0,0,0,0,0,0,0,0
21,50,21050,0,0,0,0,0,0,0.894260691,0,0,0.159937487,0,0,0,0,0,0,0,0.011174055,54.39816555,1.166606,9.12996,26.62905,15.47021,6.59386,20.54241,0.76083,0,0.000107827,3.50E-06,1.11E-05,0.000276028,0.000340391,0,0,0.420361441,2066.191812,0.000513884,0.109354091,40.24740747,0,0.2604,0.0819,0.1364,,4.507627817,13.7346,0.0011,0,,0,0,0,0,0,0,0,2.343147431
21,51,21051,0.356450862,0.129673007,0.090007223,0.002137347,0.004869865,0.009429852,3.302961881,0.26753701,1.221639752,0.590730899,0,0.400942148,0,1.862864456,0.582166195,0,0,0.044696221,67.21426267,1.441456,11.28096,32.9028,19.11496,8.14736,25.38216,0.94008,52.10869204,0.015483979,0.000502063,0.001058719,0.02627789,0.031656376,0.000101643,0.019479093,0.519397741,742.3511944,0.000634954,0.135117692,90.89980352,8.1987,0.3218,1.3375,9.2459,117.44,5.56961576,16.9705,0.0023,0,,0,0,0,0,2.1164,0.3056,1.659471577,5.769910429
21,52,21052,0,0,0,0,0,0,0.260559987,0,6.59685466,0.046600851,0,9.823082636,0,3.311759033,0.097027699,0,0,0.011174055,2.494580913,0.053498,0.41868,1.22115,0.70943,0.30238,0.94203,0.03489,0,0.004604219,0.00014929,2.45E-05,0.000607262,0.000680782,0,0,0.019276856,83.33921788,2.36E-05,0.005014739,3.652555736,0,0.0119,0,0.008,,0.206709954,0.6298,0.0001,0,,0,0,0,0,0,0,0,0
21,53,21053,1.069352587,0.38901902,0.270021668,0.00641204,0.014609594,0.028289555,7.444499575,2.407833091,3.420591305,1.33144011,0,0.801884297,0,107.2181987,1.649470885,0.072770774,0,0.100566498,115.8038942,2.483494,19.43604,56.68845,32.93329,14.03714,43.73109,1.61967,47.10103222,0.013995964,0.000453815,0.000996441,0.024732132,0.052760626,7.62E-05,0.068176824,0.894873777,3313.468309,0.001093967,0.232795158,126.7427872,16.2037,0.5544,2.7296,0.6222,,9.595927535,29.2385,0.0033,0,,0,0,0,0,0,0,0.453340621,0.047583917
21,54,21054,0,0,0,0,0,0,1.574919239,0.26753701,0,0.281672478,0,0,0,0.827939758,0.412367721,0,0,0.033522166,62.58759799,1.342234,10.50444,30.63795,17.79919,7.58654,23.63499,0.87537,52.68929028,0.015656502,0.000507657,0.00026468,0.006569473,0.002042347,5.08E-05,0,0.483645223,1511.354712,0.000591247,0.125816924,53.66095492,2.7767,0.2996,0.7643,0.1243,,5.186233669,15.8023,0.0014,0,,0,0,0,0,0.4082,0.0589,0.089707192,0
21,55,21055,1.069352587,0.38901902,0.270021668,0.00641204,0.014609594,0.028289555,1.266340553,0,0,0.226483538,0,0,0,0,0.097027699,0,0,0,9.435650418,0.202354,1.58364,4.61895,2.68339,1.14374,3.56319,0.13197,0,0.001121402,3.64E-05,2.67E-05,0.000662468,0.004425085,2.54E-05,0,0.072913922,240.5266767,8.91E-05,0.018968047,11.91597056,4.1968,0.0452,0.0819,0.0835,,0.78187196,2.3823,0.0003,0,,0,0,0,0,0,0,0,0.653197407
21,56,21056,0,0,0,0,0,0,1.155461194,0,0,0.206652894,0,0,0,0,0.072770774,0,0,0,2.45597175,0.05267,0.4122,1.20225,0.69845,0.2977,0.92745,0.03435,0,5.39E-05,1.75E-06,1.11E-05,0.000276028,0.001021173,0,0,0.018978504,37.48650579,2.32E-05,0.004937125,3.565866636,0,0.0118,0.0546,,,0.20351066,0.6201,0.0001,0,,0,0,0,0,0,0,0.014537055,0.11535495
21,57,21057,0,0,0,0,0,0,0.64738173,0,0,0.115783471,0,0,0,0,0,0,0,0,13.89715368,0.298034,2.33244,6.80295,3.95219,1.68454,5.24799,0.19437,0,0.000140175,4.55E-06,1.78E-05,0.000441645,0.002723129,0,0,0.107390157,527.6266104,0.000131282,0.027936799,16.01031987,0,0.0665,0.1365,0.0175,,1.151568181,3.5088,0.0004,0,,0,0,0,0,0,0,0.262369268,0.529911804
21,58,21058,0,0,0,0,0,0,1.443973709,0,0.488655901,0.258253022,0,0,0,0.20698494,0.291083097,0,0,0.089392443,41.24102082,0.884442,6.92172,20.18835,11.72847,4.99902,15.57387,0.57681,0,0.000744007,2.41E-05,0.000149021,0.003698779,0,0,0,0.318689698,1834.776161,0.000389592,0.082904897,32.24246905,0,0.1974,0.4367,0.0482,,3.417379443,10.4127,0.0008,0,,0,0,0,0,0,0,0,4.803812719
21,59,21059,0,0,0,0,0,0,0.917499419,0,0,0.164093706,0,0.033411846,0,0,0.072770774,0,0,0,4.615939918,0.098992,0.77472,2.2596,1.31272,0.55952,1.74312,0.06456,0,0.000258785,8.39E-06,2.22E-05,0.000552057,0.000340391,0,0,0.035669643,40.45267736,4.36E-05,0.009279208,6.008289664,0,0.0221,0.1638,0.009,,0.382493398,1.1654,0.0002,0,,0,0,0,0,0,0,0.000156011,0.252338954
21,60,21060,0,0,0,0,0,0,0.13435828,0,0.977311802,0.024029823,0,0,0,0,0.218312323,0,0,0.033522166,12.23481473,0.262384,2.05344,5.9892,3.47944,1.48304,4.62024,0.17112,2.14095601,0.00063618,2.06E-05,7.56E-05,0.001876992,0.000340391,2.54E-05,0,0.094544445,371.5683403,0.000115579,0.024595076,12.3392255,0,0.0586,0,0.0777,,1.013820791,3.0891,0.0003,0,,0,0,0,0,0,0,0,0.576774752
21,61,21061,0,0,0,0,0,0,1.056631547,0,0,0.188977326,0,0.033411846,0,0,0.072770774,0,0,0,25.43056862,0.545376,4.26816,12.4488,7.23216,3.08256,9.60336,0.35568,0,0.00035583,1.15E-05,3.11E-05,0.000772879,0,0,0,0.19651454,1040.161604,0.000240235,0.051121884,24.07158894,0,0.1217,0.4367,0.1509,,2.10726846,6.4208,0.0006,0,,0,0,0,0,0,0,0,0
21,62,21062,0,0,0,0,0,0,0.450913394,0,0,0.080645337,0,0,0,0,0.04851385,0,0,0,8.66346716,0.185794,1.45404,4.24095,2.46379,1.05014,3.27159,0.12117,0,0.000140175,4.55E-06,3.56E-05,0.00088329,0.005105867,2.54E-05,0,0.066946881,180.2888527,8.18E-05,0.017415763,10.86106619,4.7059,0.0415,0.0273,1.6986,20.1508,0.717886075,2.1874,0.0003,0,,0,0,0,0,0,0,0,1.313604498
21,63,21063,0.712901725,0.259346013,0.180014446,0.004274693,0.00973973,0.018859703,0.765867218,0,2.198951553,0.136974463,0,0.133647383,0,1.034924698,0.315340022,0,0,0.022348111,29.16922256,0.625554,4.89564,14.27895,8.29539,3.53574,11.01519,0.40797,0,0.001477232,4.79E-05,0.000262456,0.006514267,0.012594472,0,0,0.225404962,240.7903719,0.000275553,0.058637525,33.73367574,14.3385,0.1396,0.9008,1.4434,,2.417066783,7.3647,0.0009,0,,0,0,0,0,2.2239,0.3211,0,4.248667019
21,64,21064,0,0,0,0,0,0,4.328868666,1.605222061,0.488655901,0.774213137,0,0,0,1.655879517,0.339596947,0,0,0.100566498,34.88766857,0.74819,5.8554,17.07825,9.92165,4.2289,13.17465,0.48795,0,0.001142968,3.71E-05,0.000160142,0.003974807,0.005786649,0,0,0.269594213,1318.123724,0.000329574,0.07013305,41.07011839,2.7371,0.167,0.3003,0.0725,,2.890917805,8.8085,0.0011,0,,0,0,0,0,0,0,0,0.317226114
21,65,21065,0,0,0,0,0,0,0.890857949,0,1.465967702,0.15932891,0,0.033411846,0.006584475,1.034924698,0.679193894,0,0,0.055870277,41.05655482,0.880486,6.89076,20.09805,11.67601,4.97666,15.50421,0.57423,0,0.001315491,4.27E-05,0.000142349,0.003533162,0.010892516,0,0,0.317264238,1004.940506,0.00038785,0.082534074,37.28457663,9.048,0.1966,0.1365,1.6489,,3.402093926,10.3661,0.001,0,,0,0,0,0,0,0,0.000527466,0.4066262
21,66,21066,0,0,0,0,0,0,1.612119218,0,0.24432795,0.288325651,0,0,0,0.620954819,0.218312323,0,0,0,12.89975031,0.276644,2.16504,6.3147,3.66854,1.56364,4.87134,0.18042,0,0.000452874,1.47E-05,7.78E-05,0.001932198,0.005105867,0,0,0.09968273,339.3580202,0.00012186,0.025931765,16.5116158,2.6994,0.0618,0.273,1.0198,,1.068919747,3.257,0.0004,0,,0,0,0,0,0,0,0,4.495959195
21,67,21067,0,0,0,0,0,0,2.269739199,0,5.619542859,0.405940222,0,0,0.002194825,0.620954819,0.751964668,0.072770774,0,0.078218387,33.48915889,0.718198,5.62068,16.39365,9.52393,4.05938,12.64653,0.46839,15.78501465,0.004690481,0.000152087,0.000278025,0.006900707,0.020083077,0,0,0.258787239,717.6655527,0.000316363,0.067321691,34.4553173,16.5211,0.1603,0.9827,1.1756,,2.775032259,8.4554,0.0009,0.01,,0,0,0,0,0,0,0,1.652459665
21,68,21068,0,0,0,0,0,0,0.443967797,0,0,0.079403125,0,0,0,0,0.072770774,0,0,0,16.08286129,0.344908,2.69928,7.8729,4.57378,1.94948,6.07338,0.22494,0,0.000323481,1.05E-05,3.34E-05,0.000828085,0.000340391,0,0,0.124280197,514.0436425,0.00015193,0.032330625,17.33090637,0,0.077,0.3276,0.1746,,1.332683781,4.0606,0.0005,0,,0,0,0,0,0,0,0,0
21,69,21069,0,0,0,0,0,0,2.512835112,0,0.488655901,0.449417644,0,0,0,0,0.339596947,0,0.011174055,0.033522166,51.91859931,1.11343,8.7138,25.41525,14.76505,6.2933,19.60605,0.72615,0,0.001196881,3.88E-05,0.000133452,0.003312339,0.05684532,0,0,0.401200611,981.7460832,0.00049046,0.104369534,57.80820297,8.9683,0.2486,0.7916,3.1394,,4.302162033,13.1086,0.0015,0,,0,0,0,0,1.0421,0.1505,0.000364026,3.965326422
21,70,21070,0,0,0,0,0,0,1.647627835,0,0,0.294676326,0,1.069179062,0,0.620954819,0.024256925,0,0,0,13.5689758,0.290996,2.27736,6.6423,3.85886,1.64476,5.12406,0.18978,0,0.002825071,9.16E-05,1.33E-05,0.000331234,0.003403911,0,0,0.104854165,511.0605386,0.000128182,0.027277078,15.8679512,0,0.065,0.1092,0.4802,,1.12437418,3.4259,0.0004,0,,0,0,0,0,0,0,0.601848134,0.024512927
21,71,21071,7.841918971,2.852806148,1.980158901,0.047021627,0.107137026,0.207456736,2.431629668,7.223499274,27.12040249,0.434894144,0,0.534589531,0.006584475,12.0051265,2.449949403,0,0.044696221,0.18995894,206.1150161,4.420278,34.59348,100.89765,58.61673,24.98418,77.83533,2.88279,30.80799411,0.009154525,0.000296833,0.002704626,0.067130073,0.001701956,2.54E-05,0.009739546,1.592752335,3109.558331,0.00194711,0.414343386,227.4927601,33.9584,0.9868,4.5857,0.198,,17.07943219,52.0405,0.0058,0.0347,,0,0,0,0,0,0,0.158752287,0.021629053
21,72,21072,0,0,0,0,0,0,0.454276104,0,0,0.081246754,0,0.23388292,0,1.034924698,0.072770774,0,0,0.022348111,33.72510378,0.723258,5.66028,16.50915,9.59103,4.08798,12.73563,0.47169,0,0.000894965,2.90E-05,0.000175712,0.004361247,0,0,0,0.260610502,1656.364473,0.000318591,0.067796,32.37698864,0,0.1615,0.6278,0.0885,,2.794583501,8.515,0.0008,0.0139,,0,0,0,0,0,0,0,0
21,73,21073,0,0,0,0,0,0,1.546586405,0.53507402,0.732983851,0.276605184,0,0,0,0.620954819,0.242569248,0,0,0.011174055,17.0051913,0.364688,2.85408,8.3244,4.83608,2.06128,6.42168,0.23784,2.9029912,0.000862617,2.80E-05,0.000200178,0.004968509,0.006467432,0,0,0.131407496,476.1191897,0.000160643,0.034184742,20.54287548,5.6203,0.0814,0.464,0.324,1.7111,1.409111365,4.2935,0.0005,0,,0,0,0,0,0,0,0,2.015827759
21,74,21074,2.495156036,0.907711047,0.630050559,0.014961427,0.034089054,0.066008962,1.702642171,32.63951524,9.528790065,0.304515576,5.345895312,10.0903774,1.501260273,6.623518067,6.888966639,0,0,0.078218387,137.5966217,2.950854,23.09364,67.35645,39.13089,16.67874,51.96069,1.92447,250.5281406,0.074443865,0.002413819,0.00100089,0.024842543,0.039144981,0,0,1.063276925,941.9527879,0.001299836,0.27660406,131.2249929,34.3091,0.6587,1.938,0.4403,,11.40175138,34.7408,0.0034,0.03,,0,38.7738,4.933,0,1.2999,0.1877,0.102803788,3.604842202
21,75,21075,0,0,0,0,0,0,0.670520377,0,0,0.119921791,0,0,0,0,0.339596947,0,0,0.022348111,25.74158688,0.552046,4.32036,12.60105,7.32061,3.12026,9.72081,0.36003,8.05580058,0.002393763,7.76E-05,5.56E-05,0.001380141,0,0,0,0.198917931,819.9489398,0.000243173,0.051747109,23.89400653,0,0.1232,0,0.0201,,2.133040552,6.4993,0.0006,0,,0,0,0,0,0,0,0,0
21,76,21076,0,0,0,0,0,0,3.372537952,1.337685051,1.710295653,0.603174499,0,0,0,1.241909638,0.339596947,0,0,0.078218387,54.69202418,1.172908,9.17928,26.7729,15.55378,6.62948,20.65338,0.76494,23.51422872,0.006987199,0.000226558,0.000200178,0.004968509,0.004765476,0,0,0.422632232,1955.59082,0.00051666,0.109944821,61.7582078,5.3013,0.2618,0.4913,0.3622,,4.531978001,13.8088,0.0016,0,,0,0,0,0,0,0,0,0
21,77,21077,0,0,0,0,0,0,0.363092619,0,0,0.064938694,0,0,0,0,0.04851385,0,0,0.022348111,9.665160442,0.207276,1.62216,4.7313,2.74866,1.17156,3.64986,0.13518,0,0.000269568,8.74E-06,6.67E-06,0.000165617,0,0,0,0.074687459,342.8554575,9.13E-05,0.01942942,9.977389079,0,0.0463,0.1365,0.0424,,0.800889986,2.4403,0.0003,0,,0,0,0,0,0,0,0,0
21,78,21078,0,0,0,0,0,0,0.736413481,0,0,0.131706696,0,0,0,0.20698494,0.04851385,0,0,0.044696221,27.35888181,0.58673,4.5918,13.39275,7.78055,3.3163,10.33155,0.38265,0,0.000366612,1.19E-05,2.45E-05,0.000607262,0,0,0,0.211415566,948.5932451,0.000258452,0.054998282,26.0179287,2.9636,0.131,0.0546,0.1216,,2.267055432,6.9077,0.0007,0,,0,0,0,0,0,0,0,0
21,79,21079,0,0,0,0,0,0,0.567487342,0,0.24432795,0.101494453,0,0.100235537,0,1.862864456,0.194055398,0,0,0,10.60465007,0.227424,1.77984,5.1912,3.01584,1.28544,4.00464,0.14832,0,0.000894965,2.90E-05,7.34E-05,0.001821787,0.003744303,0,0,0.081947359,134.1969482,0.000100179,0.021318033,11.46427267,5.5777,0.0508,0.1092,0.529,,0.878739479,2.6775,0.0003,0,,0,0,0,0,0,0,0,1.406609427
21,80,21080,0,0,0,0,0,0,0.205965989,0,0,0.036836778,0,0,0,0.620954819,0.024256925,0,0,0,7.013997924,0.15042,1.1772,3.4335,1.9947,0.8502,2.6487,0.0981,0,0.000280351,9.09E-06,1.56E-05,0.00038644,0,0,0,0.05420062,260.5544105,6.63E-05,0.014099912,6.683050477,0,0.0336,0.0273,0.018,,0.581205117,1.7709,0.0002,0,,0,0,0,0,0,0,0,0
21,81,21081,0,0,0,0,0,0,2.645592102,0,0,0.473161077,0,0,0,0.20698494,0.097027699,0,0,0,7.357190483,0.15778,1.2348,3.6015,2.0923,0.8918,2.7783,0.1029,0,0.000194089,6.29E-06,3.78E-05,0.000938496,0.001701956,0,0,0.056852638,228.1479344,6.95E-05,0.014789816,8.911792069,0,0.0352,0.0546,0.0546,,0.609643287,1.8576,0.0002,0,,0,0,0,0,0,0,0.008427278,1.032426807
21,82,21082,0,0,0,0,0,0,1.05216795,0,0.24432795,0.188179017,0,0.033411846,0,0.413969879,0.242569248,0,0,0.011174055,16.62338958,0.3565,2.79,8.1375,4.7275,2.015,6.2775,0.2325,0,0.000862617,2.80E-05,0.000197954,0.004913303,0.010211734,0,0,0.128457126,123.762474,0.000157036,0.033417223,19.03114377,6.3787,0.0796,0.4367,1.8641,,1.3774739,4.1971,0.0005,0.0285,,0,0,0,0,0,0,0.072825731,0.529911804
21,83,21083,0,0,0,0,0,0,5.526453809,0,1.954623603,0.98839985,0,0,0,0,0,0,0,0.703965485,52.58996976,1.127828,8.82648,25.7439,14.95598,6.37468,19.85958,0.73554,0,0.000722442,2.34E-05,4.67E-05,0.001159319,0.011573299,5.08E-05,0,0.406388621,2235.252666,0.000496803,0.105719159,56.0573833,0,0.2518,0,0.1762,,4.357794205,13.2781,0.0015,0.0108,,0,0,0,0,0,0,0,0.025233895
21,84,21084,0,0,0,0,0,0,0.163091437,0,0,0.029168714,0,0.100235537,0,0.413969879,0.242569248,0,0,0.055870277,14.9524708,0.320666,2.50956,7.31955,4.25231,1.81246,5.64651,0.20913,0,0.00075479,2.45E-05,2.89E-05,0.000717673,0,0,0,0.115545113,542.6514963,0.000141252,0.030058253,14.42156902,0,0.0716,0.3003,0.0359,,1.239015556,3.7752,0.0004,0,,0,0,0,0,0,0,0,0
21,85,21085,12.11932932,4.408882228,3.060245574,0.072669786,0.165575404,0.320614956,5.440764751,2.140296081,8.551478263,0.973074462,0,0.300706611,0.0087793,2.690804215,2.425692479,0,0,0.402265991,143.9864381,3.087888,24.16608,70.4844,40.94808,17.45328,54.37368,2.01384,0,0.011979596,0.000388435,0.003022687,0.075024481,0.022125424,5.08E-05,0.038958185,1.112654186,946.2547369,0.001360199,0.289449209,187.5475859,32.4724,0.6893,4.0671,11.5908,145.6897,11.93123458,36.3541,0.0046,0.037,,0,0,0,0,2.2454,0.3242,1.882670255,8.190922452
21,86,21086,0,0,0,0,0,0,2.282479466,0,0,0.408218804,0,0,0,0,0,0,0,0.022348111,25.58929518,0.54878,4.2948,12.5265,7.2773,3.1018,9.6633,0.3579,0,9.70E-05,3.15E-06,0,0,0.001021173,0,0,0.197741098,1070.503726,0.000241735,0.051440964,27.67815438,0,0.1225,0.1365,0.4577,,2.120421114,6.4609,0.0008,0,,0,0,0,0,0,0,0,0.216290532
21,87,21087,0,0,0,0,0,0,5.798262861,0.26753701,0,1.037012584,0,0.133647383,0,0.20698494,0.242569248,0,0,0,24.08139287,0.516442,4.04172,11.78835,6.84847,2.91902,9.09387,0.33681,0,0.003827864,0.000124117,0.000126779,0.003146722,0.004765476,0,0,0.186088794,845.5812726,0.00022749,0.048409699,28.30673907,0,0.1153,0.1092,0.1215,0.6844,1.9954709,6.0801,0.0007,0,,0,0,0,0,0,0,1.103973474,1.614969307
21,88,21088,0,0,0,0,0,0,0.328594817,0,0,0.058768802,0,0,0,1.034924698,0.072770774,0,0,0,9.967598885,0.213762,1.67292,4.87935,2.83467,1.20822,3.76407,0.13941,0,0.000603832,1.96E-05,8.01E-05,0.001987403,0,0,0,0.07702455,335.5727425,9.42E-05,0.020037398,11.55620036,0,0.0477,0.4367,0.0415,,0.825951124,2.5166,0.0003,0,,0,0,0,0,0,0,0,0
21,89,21089,0,0,0,0,0,0,1.669925805,0,0,0.298664292,0,0.033411846,0,2.069849396,0.04851385,0,0,0.078218387,27.50044874,0.589766,4.61556,13.46205,7.82081,3.33346,10.38501,0.38463,0,0.000765573,2.48E-05,8.23E-05,0.002042609,0.000680782,0,0,0.212509524,847.3283414,0.000259789,0.055282867,28.35427334,0,0.1317,0.5459,0.4307,,2.278786177,6.9434,0.0008,0,,0,0,0,0,0,0,0,0
21,90,21090,0,0,0,0,0,0,0.208868328,1.337685051,1.221639752,0.037355858,0,0,0,0.20698494,0.824735443,0,0,0.111740553,31.80751536,0.682134,5.33844,15.57045,9.04569,3.85554,12.01149,0.44487,96.5244574,0.028682022,0.000930006,0.000262456,0.006514267,0.005446258,0,0,0.245792351,310.2860286,0.000300477,0.063941162,32.30679202,0,0.1523,0.4367,0.161,,2.635685222,8.0309,0.0008,0,,0,0,0,0,0,0,0.008841911,1.441936881
21,91,21091,0.712901725,0.259346013,0.180014446,0.004274693,0.00973973,0.018859703,0.293926878,1.337685051,1.221639752,0.052568481,0,0,0,4.760653611,0.291083097,0,0,0,21.41521568,0.459264,3.59424,10.4832,6.09024,2.59584,8.08704,0.29952,0,0.001099837,3.57E-05,0.000395907,0.009826606,0,0,0,0.165485928,124.6378813,0.000202303,0.043050007,26.55904413,0,0.1025,0.6005,,,1.774541861,5.407,0.0007,0,,0,0,0,0,0,0,0.148952146,0
21,92,21092,0,0,0,0,0,0,2.385462461,0,0,0.426637193,0,0,0,0,0.121284624,0,0,0,10.41803912,0.223422,1.74852,5.09985,2.96277,1.26282,3.93417,0.14571,0,0.002630982,8.53E-05,1.11E-05,0.000276028,0.002042347,0,0,0.080505324,277.1630501,9.84E-05,0.020942897,12.3555115,0,0.0499,0.0546,1.203,,0.863276224,2.6304,0.0003,0,,0,0,0,0,0,0,0,0.254501859
21,93,21093,0,0,0,0,0,0,1.668804902,0,0,0.29846382,0,0,0,0,0,0,0,0,16.16651448,0.346702,2.71332,7.91385,4.59757,1.95962,6.10497,0.22611,0,0,0,0,0,0.005105867,0,0.009739546,0.124926627,661.645278,0.00015272,0.032498789,17.61710658,0,0.0774,0,0.8468,,1.339615585,4.0818,0.0005,0,,0,0,0,0,0,0,0,1.542151494
21,94,21094,4.277410348,1.556076081,1.080086673,0.02564816,0.058438378,0.11315822,2.662275547,1.070148041,3.909247206,0.476144892,0,0.23388292,0,0.20698494,0.994533916,0.024256925,0,0.055870277,63.90459943,1.370478,10.72548,31.28265,18.17373,7.74618,24.13233,0.89379,0,0.004593437,0.000148941,0.000698399,0.017334575,0.043229674,0,0,0.493822342,1163.97883,0.000603689,0.12846443,65.14635979,15.146,0.3059,2.2383,1.0012,,5.29536515,16.1348,0.0017,0.0216,,0,0,0,0,3.266,0.4716,0,6.152744671
21,95,21095,0,0,0,0,0,0,0.117374593,0,0,0.02099231,0,0,0,2.069849396,0.04851385,0,0,0,0.855836444,0.018354,0.14364,0.41895,0.24339,0.10374,0.32319,0.01197,0,0.000194089,6.29E-06,4.45E-06,0.000110411,0,2.54E-05,0,0.00661347,33.78100597,8.08E-06,0.001720448,0.978062971,0,0.0041,0,0.024,,0.070917689,0.2161,0,0,,0,0,0,0,0,0,0,0
21,96,21096,0,0,0,0,0,0,0.531628443,0,0,0.09508113,0,0.033411846,0,0,0.04851385,0,0,0,5.278730548,0.113206,0.88596,2.58405,1.50121,0.63986,1.99341,0.07383,0,0.000409743,1.33E-05,4.45E-05,0.001104113,0.020083077,0,0,0.040791353,88.34254274,4.99E-05,0.010611585,5.817419586,3.1846,0.0253,0.3276,0.365,,0.437414615,1.3328,0.0002,0,,0,0,0,0,1.633,0.2358,0,1.213389885
21,97,21097,0,0,0,0,0,0,0.103633519,0,0,0.018534735,0,0,0,0,0,0,0,0,4.699593104,0.100786,0.78876,2.30055,1.33651,0.56966,1.77471,0.06573,0,0.000280351,9.09E-06,8.90E-06,0.000220823,0.000340391,0,0,0.036316073,70.73333578,4.44E-05,0.009447372,4.472845824,2.9172,0.0225,0.6005,0.2316,,0.389425202,1.1866,0.0001,0,,0,0,0,0,0,0,0,0.169427584
21,98,21098,0,0,0,0,0,0,1.629533252,0,0,0.291440131,0,0,0,1.034924698,0.145541549,0,0,0,11.70501121,0.251022,1.96452,5.72985,3.32877,1.41882,4.42017,0.16371,0,0.00023722,7.69E-06,3.56E-05,0.00088329,0.007148214,0,0,0.090450392,348.681978,0.000110574,0.023530037,13.94490586,1.2758,0.056,0.0819,0.859,,0.969919364,2.9553,0.0004,0,,0,0,0,0,0,0,0,0.690687766
21,99,21099,0,0,0,0,0,0,2.494670473,0,1.221639752,0.446168919,0,0.033411846,0,0.827939758,0.121284624,0,0,0,38.49119044,0.82547,6.4602,18.84225,10.94645,4.6657,14.53545,0.53835,0,0.001240012,4.02E-05,0.000122331,0.003036311,0.008509778,2.54E-05,0,0.297440403,546.2440956,0.000363615,0.077377042,42.96627228,7.4256,0.1843,0.5459,0.6134,,3.189518599,9.7184,0.0011,0,,0,0,0,0,2.8255,0.408,0,3.488045315
21,100,21100,0,0,0,0,0,0,0.624713461,0,0,0.111729278,0,0,0,0,0.04851385,0,0,0,21.59753673,0.463174,3.62484,10.57245,6.14209,2.61794,8.15589,0.30207,0,0.00011861,3.85E-06,1.78E-05,0.000441645,0,0,0,0.166894813,844.2045868,0.000204026,0.043416519,21.10116212,0,0.1034,0.1092,0.0689,,1.789649639,5.453,0.0006,0,,0,0,0,0,0,0,0,0
21,101,21101,0,0,0,0,0,0,0.238882517,0,0,0.042723861,0,0,0,0.827939758,0.072770774,0,0,0.122914609,7.395799646,0.158608,1.24128,3.6204,2.10328,0.89648,2.79288,0.10344,0,0.000452874,1.47E-05,1.78E-05,0.000441645,0,0,0,0.05715099,236.6039501,6.99E-05,0.01486743,8.709537395,0,0.0354,0.1365,,,0.612842582,1.8673,0.0002,0,,0,0,0,0,0,0,0,0
21,102,21102,0,0,0,0,0,0,0.170297244,0,1.954623603,0.030457464,0,0,0,0.413969879,0.800478518,0.266826173,0,0.122914609,21.59539177,0.463128,3.62448,10.5714,6.14148,2.61768,8.15508,0.30204,0,0.003903343,0.000126565,0.000255783,0.00634865,0.001361565,0,0,0.166878238,276.4657149,0.000204006,0.043412207,21.90543918,8.2992,0.1034,0.3276,0.1868,,1.7894719,5.4525,0.0006,0,,0,0,0,0,0,0,0.155061923,1.658227413
21,103,21103,0,0,0,0,0,0,1.127999062,0,0,0.201741323,0,0,0,16.97276505,0.097027699,0,0,0.055870277,12.12971201,0.26013,2.0358,5.93775,3.44955,1.4703,4.58055,0.16965,7.257478,0.002156543,6.99E-05,0.000108986,0.002705077,0.002042347,0,0,0.093732264,312.3846827,0.000114586,0.024383793,12.08873479,0,0.0581,0.0819,0.0616,,1.005111601,3.0625,0.0003,0,,0,0,0,0,0,0,0,0
21,104,21104,0,0,0,0,0,0,1.589781216,0,1.465967702,0.284330526,0,0,0,0.827939758,0.242569248,0,0,0.011174055,59.13422286,1.268174,9.92484,28.94745,16.81709,7.16794,22.33089,0.82707,16.98249852,0.005046311,0.000163625,0.00022242,0.005520565,0.045612412,0,0,0.456959291,652.795331,0.000558624,0.118874765,48.50415971,9.772,0.2831,0.9827,0.425,,4.900074575,14.9304,0.0013,0,,0,0,0,0,3.4594,0.4995,0,4.617802861
21,105,21105,0,0,0,0,0,0,0.761573758,0,0,0.136206583,0,0,0,0,0,0,0,0,9.394896302,0.20148,1.5768,4.599,2.6718,1.1388,3.5478,0.1314,0,8.63E-05,2.80E-06,1.11E-05,0.000276028,0.008169387,0,0,0.072598995,238.2019494,8.88E-05,0.018886121,11.31703843,0,0.045,0.0819,0.1425,,0.778494927,2.3721,0.0003,0,,0,0,0,0,0,0,0,0.798833032
21,106,21106,1.069352587,0.38901902,0.270021668,0.00641204,0.014609594,0.028289555,1.552020785,0.26753701,3.420591305,0.277577116,0,14.16662258,0.028532724,0.827939758,0.873249292,0,0,2.447118115,42.38857094,0.909052,7.11432,20.7501,12.05482,5.13812,16.00722,0.59286,46.73815832,0.013888137,0.000450319,0.000340303,0.008446465,0.010552125,0,0.009739546,0.327557383,465.8322375,0.000400433,0.085211764,45.63688038,0,0.2029,0.5186,0.1835,,3.512469576,10.7024,0.0012,0,,0,0,0,0,0,0,1.561409283,0.36048422
21,107,21107,0,0,0,0,0,0,0.72472406,0,0,0.129616057,0,0,0,0,0.097027699,0,0,0.078218387,26.26495553,0.56327,4.4082,12.85725,7.46945,3.1837,9.91845,0.36735,0,0.000496005,1.61E-05,5.12E-05,0.00126973,0,0,0,0.202962259,1100.53918,0.000248118,0.052799213,25.21124817,0,0.1257,0.273,0.0789,,2.176408762,6.6315,0.0007,0,,0,0,0,0,0,0,0,0
21,108,21108,0.356450862,0.129673007,0.090007223,0.002137347,0.004869865,0.009429852,2.292577605,0.80261103,0.977311802,0.410024844,0,0.066823691,0,1.034924698,0.436624646,0,0.022348111,0.111740553,32.16572259,0.689816,5.39856,15.7458,9.14756,3.89896,12.14676,0.44988,0,0.002911333,9.44E-05,0.00024911,0.006183033,0.020083077,2.54E-05,0,0.248560395,360.3282975,0.00030386,0.064661249,32.48922779,8.7787,0.154,0.9827,0.3532,,2.665367562,8.1213,0.0008,0,,0,0,0,0,0.5479,0.0791,1.54198127,3.82329564
21,109,21109,0,0,0,0,0,0,0.981150716,0,0,0.175477667,0,8.653668036,0,0,0.266826173,0,0,0.033522166,38.28527491,0.821054,6.42564,18.74145,10.88789,4.64074,14.45769,0.53547,39.84355422,0.011839421,0.00038389,0.000142349,0.003533162,0,0,0,0.295849192,1262.66013,0.00036167,0.076963099,43.62601701,0,0.1833,0.7916,0.3381,,3.172455696,9.6664,0.0012,0.0116,,0,0,0,0,0,0,0.00210682,0
21,110,21110,0,0,0,0,0,0,3.616354446,0,3.176263355,0.646780796,0,0,0,1.241909638,0.897506217,0,0,0.089392443,89.50032947,1.919396,15.02136,43.8123,25.45286,10.84876,33.79806,1.25178,26.99781816,0.00802234,0.000260122,0.000342527,0.00850167,0.027571682,0,0,0.691613166,1795.431355,0.000845484,0.179918331,84.22373073,9.0512,0.4285,2.1018,4.6946,,7.416319479,22.5973,0.0022,0.0169,,0,0,0,0,0,0,0,3.492371125
21,111,21111,0,0,0,0,0,0,2.049902031,0,0.732983851,0.366622599,0,0,0,0,0.291083097,0,0,0.257003272,39.00383433,0.836464,6.54624,19.0932,11.09224,4.72784,14.72904,0.54552,0,0.000927313,3.01E-05,0.000142349,0.003533162,0.003744303,0,0,0.301401855,1835.787403,0.000368458,0.078407586,44.29123917,4.0534,0.1867,0.3821,0.2103,,3.231998116,9.8478,0.0012,0.0162,,0,0,0,0,0,0,0.016292001,0.302806745
21,112,21112,1.425803449,0.518692027,0.360028891,0.008549387,0.019479459,0.037719407,2.287623612,0,0,0.409138828,0,0.066823691,0,0.413969879,0.145541549,0,0,0.022348111,18.81338709,0.403466,3.15756,9.20955,5.35031,2.28046,7.10451,0.26313,0,0.00150958,4.89E-05,0.000169039,0.00419563,0.003744303,2.54E-05,0,0.145380316,615.8721079,0.000177725,0.037819673,23.56968589,0,0.0901,0.8735,0.1282,0.4667,1.558944978,4.7501,0.0006,0,,0,0,0,0,0,0,0.010534098,2.534204068
21,113,21113,0.712901725,0.259346013,0.180014446,0.004274693,0.00973973,0.018859703,2.215965863,0,0.488655901,0.396322923,0,0,0,0,0.072770774,0,0,0,8.180852624,0.175444,1.37304,4.0047,2.32654,0.99164,3.08934,0.11442,0,0.000161741,5.24E-06,6.23E-05,0.001545758,0.002382738,0,0,0.063217481,226.4371734,7.73E-05,0.016445586,12.12328953,0,0.0392,0,0.1446,,0.677894897,2.0655,0.0003,0,,0,0,0,0,0,0,0.003792275,0.798112064
21,114,21114,990.5769463,360.3612857,250.1300721,5.939686373,13.53335434,26.20555774,5.411621264,436.8879376,379.9299628,0.967862183,25.79394488,59.10555504,19.58442312,140.9567439,124.0499134,41.50359831,4.659581068,17.30861169,3359.308189,72.04267,563.8122,1644.45225,955.34845,407.1977,1268.57745,46.98435,2364.413758,0.702580148,0.022780942,0.069250447,1.718827975,0.012594472,0,0.009739546,25.95903037,2346.728445,0.031734431,6.753060296,4201.806594,811.9569,16.0827,83.5261,0.4694,,278.3643692,848.168,0.1039,0.4166,,11.89658633,0,0,0,2.4925,0.3599,31.17746922,5.767747524
21,115,21115,0,0,0,0,0,0,1.878443851,0.53507402,3.909247206,0.335957503,0,0.100235537,0,1.448894577,0.921763142,0,0,0.055870277,96.92615847,2.078648,16.26768,47.4474,27.56468,11.74888,36.60228,1.35564,31.67889147,0.00941331,0.000305224,0.000209075,0.005189331,0.017359948,0,0,0.748996207,1859.677198,0.000915634,0.194846128,88.77644755,38.1802,0.464,1.3921,4.131,,8.031650401,24.4722,0.0024,0,,0,0,0,0,0,0,0,3.376295207
21,116,21116,0,0,0,0,0,0,1.806345747,0,0,0.323062841,0,0,0,0,0.072770774,0,0,0.011174055,43.7141522,0.93748,7.3368,21.399,12.4318,5.2988,16.5078,0.6114,0,0.000280351,9.09E-06,2.67E-05,0.000662468,0,0,0,0.337800803,1896.253039,0.000412955,0.087876518,36.40219253,0,0.2093,0.3821,0.2036,,3.622312011,11.0371,0.001,0.0146,,0,0,0,0,0,0,0,3.082861051
21,117,21117,2.851606898,1.037384054,0.720057782,0.017098773,0.038958919,0.075438813,0.293506539,1.337685051,2.198951553,0.052493304,0,0.200471074,0,2.483819275,0.703450819,0,0,0.011174055,26.90415167,0.576978,4.51548,13.17015,7.65123,3.26118,10.15983,0.37629,118.6597653,0.035259478,0.001143278,0.000407028,0.010102634,0.001701956,0,0,0.207901643,247.5472353,0.000254156,0.054084159,30.79437663,0,0.1288,1.0645,0.0927,,2.229374856,6.7928,0.0008,0,,0,0,0,0,0,0,0,0.695734545
21,118,21118,0,0,0,0,0,0,0.307637928,3.477981132,6.108198759,0.055020686,0,0,0.0087793,0.620954819,0.630680044,0,0,0,54.56976183,1.170286,9.15876,26.71305,15.51901,6.61466,20.60721,0.76323,0,0.001358622,4.41E-05,0.000211299,0.005244537,0.007148214,0,0,0.42168745,362.9391955,0.000515505,0.109699043,48.16449658,8.2194,0.2613,0.1092,1.1551,,4.521846903,13.7779,0.0013,0,,0,0,0,0,0,0,0,1.845679208
21,119,21119,42.06120175,15.30141479,10.62085229,0.252206906,0.574644049,1.112722495,0.611502814,24.34586792,10.75042982,0.109366569,0.668236914,0.367530303,0.175585997,25.66613251,11.32798387,0.169798473,1.553193689,1.899589404,198.6484329,4.260152,33.34032,97.2426,56.49332,24.07912,75.01572,2.77836,116.301085,0.034558602,0.001120552,0.002813612,0.06983515,0.012594472,0,0,1.535054366,694.1606499,0.001876575,0.399333663,207.2580341,130.3622,0.951,1.8834,0.2122,,16.46072424,50.1553,0.0052,0,,0,0,0,0,0,0,0.164457831,1.081452661
21,120,21120,0,0,0,0,0,0,0.801215705,0,0,0.143296499,0,0,0,0,0.04851385,0,0,0,9.896815419,0.212244,1.66104,4.8447,2.81454,1.19964,3.73734,0.13842,0,0.000625397,2.03E-05,1.11E-05,0.000276028,0,0,0,0.076477571,385.5680368,9.35E-05,0.019895106,8.886788239,0,0.0474,0,0.012,,0.820085752,2.4988,0.0002,0,,0,0,0,0,0,0,0,0.028838738
21,121,21121,0,0,0,0,0,0,1.301058532,0,0,0.232692809,0,0,0,0,0.024256925,0,0,0,2.728380844,0.058512,0.45792,1.3356,0.77592,0.33072,1.03032,0.03816,0,0.000323481,1.05E-05,0,0,0.000340391,2.54E-05,0,0.021083544,80.51945343,2.58E-05,0.005484737,3.136889776,0,0.0131,0,,,0.226083458,0.6889,0.0001,0,,0,0,0,0,0,0,0.361951608,0.205476006
21,122,21122,0,0,0,0,0,0,0.330756559,0,0,0.059155427,0,0,0,0,0.097027699,0,0,0.033522166,18.48520921,0.396428,3.10248,9.0489,5.25698,2.24068,6.98058,0.25854,0,0.000269568,8.74E-06,3.11E-05,0.000772879,0.005446258,0,0,0.142844324,343.3423871,0.000174625,0.037159952,19.62679872,0,0.0885,0,0.3672,,1.531750977,4.6672,0.0005,0,,0,0,0,0,0,0,0,1.441936881
21,123,21123,0,0,0,0,0,0,0.444618321,0,0,0.079519471,0,0,0,0,0,0,0,0,9.309098162,0.19964,1.5624,4.557,2.6474,1.1284,3.5154,0.1302,0,3.23E-05,1.05E-06,2.22E-06,5.52E-05,0,0,0,0.07193599,320.9701134,8.79E-05,0.018713645,9.517381262,0,0.0446,0,0.0789,,0.771385384,2.3504,0.0003,0,,0,0,0,0,0,0,0,0
21,124,21124,0,0,0,0,0,0,1.033943262,0.26753701,2.687607454,0.184919553,0,0,0,0,0.412367721,0,0,0.022348111,28.93327767,0.620494,4.85604,14.16345,8.22829,3.50714,10.92609,0.40467,0,0.010135752,0.000328649,0.000346975,0.008612082,0.002723129,2.54E-05,0,0.223581699,529.6431428,0.000273324,0.058163216,30.98142777,0,0.1385,0.8462,0.3996,1.3377,2.397515541,7.3052,0.0008,0,,0,0,0,0,0,0,0,0.635173196
21,125,21125,8.198369833,2.982479154,2.070166124,0.049158973,0.112006891,0.216886588,0.119686456,0,0.977311802,0.021405784,0,1.470121211,0,3.518743973,0.824735443,0,0,5.162413557,15.12835699,0.324438,2.53908,7.40565,4.30233,1.83378,5.71293,0.21159,32.04176537,0.009521137,0.00030872,0.000182384,0.004526863,0.016679166,0,0,0.116904272,0.201259601,0.000142913,0.030411829,18.05046539,14.8878,0.0724,0.1911,0.0842,,1.253590119,3.8197,0.0005,0,,0,0,0,0,0,0,0,0.36048422
21,126,21126,0,0,0,0,0,0,0.24999147,0,0,0.044710684,0,0,0,0.413969879,0,0,0,0,11.2030921,0.240258,1.88028,5.48415,3.18603,1.35798,4.23063,0.15669,0,0.000150958,4.89E-06,1.56E-05,0.00038644,0.010211734,0,0,0.086571815,303.9506451,0.000105832,0.022521053,10.93671432,0,0.0536,0.1365,0.6201,,0.928328539,2.8286,0.0003,0,,0,0,0,0,0,0,0.020576605,1.369840037
21,127,21127,0,0,0,0,0,0,1.430933199,0,0,0.255920742,0,0,0,0,0.024256925,0,0,0,7.929893066,0.170062,1.33092,3.88185,2.25517,0.96122,2.99457,0.11091,0,0.000323481,1.05E-05,2.45E-05,0.000607262,0,0,0,0.061278193,286.7920443,7.49E-05,0.015941094,10.98196894,0,0.038,0.2457,,,0.657099485,2.0022,0.0003,0,,0,0,0,0,0,0,0,0.48088595
21,128,21128,0,0,0,0,0,0,1.496916376,0.26753701,0.488655901,0.267721757,0,0,0,0,0.145541549,0,0,0,16.91081334,0.362664,2.83824,8.2782,4.80924,2.04984,6.38604,0.23652,0,0.000539136,1.75E-05,6.90E-05,0.001711375,0.038464198,0,0,0.130678191,302.9740897,0.000159752,0.033995018,17.08613469,1.404,0.081,0.1365,0.2661,,1.401290868,4.2697,0.0005,0,,0,0,0,0,1.6974,0.2451,0,2.91703831
21,129,21129,0,0,0,0,0,0,3.499880579,0,0.732983851,0.62594958,0,0,0,0,0.242569248,0,0,0.011174055,25.75660155,0.552368,4.32288,12.6084,7.32488,3.12208,9.72648,0.36024,0,0.002016368,6.54E-05,3.34E-05,0.000828085,0.00612704,0,0,0.199033957,652.8286898,0.000243315,0.051777293,27.85332608,0,0.1233,0.9008,0.5033,6.1598,2.134284722,6.5031,0.0007,0,,0,0,0,0,0,0,0,0.33741323
21,130,21130,0,0,0,0,0,0,1.087956792,0,0,0.19457981,0,0,0,0,0,0,0,0,6.795212668,0.145728,1.14048,3.3264,1.93248,0.82368,2.56608,0.09504,0,9.70E-05,3.15E-06,4.45E-05,0.001104113,0.026550509,0,0.009739546,0.052509958,110.3467655,6.42E-05,0.013660099,8.527783381,0,0.0325,0.0546,0.3257,,0.563075783,1.7157,0.0002,0,,0,0,0,0,0.9669,0.1396,0,5.079943631
21,131,21131,0,0,0,0,0,0,0.249861365,0,0,0.044687415,0,0.033411846,0,30.21980118,0.145541549,0,0,0,1.670918771,0.035834,0.28044,0.81795,0.47519,0.20254,0.63099,0.02337,0,0.00202715,6.57E-05,6.67E-06,0.000165617,0.000340391,0,0,0.012912013,57.34983568,1.58E-05,0.00335897,2.013088284,0,0.008,0.0546,0.04,,0.138458344,0.4219,0.0001,0,,0,0,0,0,0,0,0,0
21,132,21132,19.24834656,7.002342362,4.86039003,0.11541672,0.2629727,0.509211989,0.718418979,40.13055152,31.76263355,0.128488401,0,2.439064736,3.230782341,17.17974999,8.320125201,0.436624646,0,1.474975302,292.318552,6.268972,49.06152,143.0961,83.13202,35.43332,110.38842,4.08846,286.0897828,0.085010926,0.002756453,0.004045819,0.100419081,0.021785033,0,0,2.258889552,362.1692119,0.00276145,0.587634327,311.6493943,80.5255,1.3995,9.4717,0.5392,,24.22256749,73.8054,0.0078,0.0246,,0,0,0,0,1.2355,0.1784,0.395956361,3.604842202
21,133,21133,0,0,0,0,0,0,0.078062911,0,0,0.013961461,0,0,0,0,0,0,0,0,1.546511469,0.033166,0.25956,0.75705,0.43981,0.18746,0.58401,0.02163,0,4.31E-05,1.40E-06,1.11E-05,0.000276028,0.002723129,0,0,0.011950656,15.52829253,1.46E-05,0.00310888,2.069050654,0,0.0074,0,0.0999,0.5755,0.128149507,0.3905,0.0001,0,,0,0,0,0,0,0,0,0.465024644
21,134,21134,0,0,0,0,0,0,0.511742417,7.491036284,0.977311802,0.091524537,0,0,0,1.862864456,0.776221593,0,0.022348111,0.145262719,37.36937976,0.801412,6.27192,18.2931,10.62742,4.52972,14.11182,0.52266,19.70405277,0.005855014,0.000189847,0.000175712,0.004361247,0.015657992,0,0,0.288771619,110.1453707,0.000353018,0.075121918,38.12225336,22.1667,0.1789,0.737,0.2864,,3.096561328,9.4351,0.001,0,,0,0,0,0,0,0,0,2.523389542
21,135,21135,0,0,0,0,0,0,0.763615403,0,0,0.136571729,0,0,0,0,0.024256925,0,0,0,1.199029003,0.025714,0.20124,0.58695,0.34099,0.14534,0.45279,0.01677,0,0.002275153,7.38E-05,8.90E-06,0.000220823,0,0,0,0.009265488,46.18744635,1.13E-05,0.002410352,1.862018402,0,0.0057,0,,,0.099355859,0.3027,0,0,,0,0,0,0,0,0,0,0.396532642
21,136,21136,2.138705174,0.77803804,0.540043337,0.01282408,0.029219189,0.05657911,0.067134104,1.337685051,4.153575156,0.012006857,20.78216803,0.033411846,1.617585996,2.276834336,0.582166195,0,0,0.067044332,24.40957076,0.52348,4.0968,11.949,6.9418,2.9588,9.2178,0.3414,77.87273894,0.023139707,0.000750298,0.000473754,0.011758804,0.002042347,0,0,0.188624786,23.31953008,0.00023059,0.04906942,25.83551251,0,0.1169,1.0373,0.0077,,2.022664901,6.163,0.0006,0,,0,0,0,0,0,0,0,0.288387376
21,137,21137,0,0,0,0,0,0,2.038042473,0,0,0.364501531,0,0.367530303,0,1.241909638,0.218312323,0,0,0.033522166,18.5731523,0.398314,3.11724,9.09195,5.28199,2.25134,7.01379,0.25977,0,0.0008734,2.83E-05,0.000102313,0.00253946,0.049697106,0,0,0.143523904,288.8558747,0.000175455,0.03733674,18.00361985,0,0.0889,0.1092,2.383,,1.539038258,4.6894,0.0005,0,,0,0,0,0,0,0,3.089440271,1.999245485
21,138,21138,0.712901725,0.259346013,0.180014446,0.004274693,0.00973973,0.018859703,1.712870414,0.53507402,0.977311802,0.306344886,0,0.501177686,0,1.034924698,0.339596947,0,0,0.011174055,20.8425131,0.446982,3.49812,10.20285,5.92737,2.52642,7.87077,0.29151,0,0.001940889,6.29E-05,0.000133452,0.003312339,0.001021173,2.54E-05,0,0.161060373,708.2280477,0.000196893,0.04189873,21.21944439,0,0.0998,0.6551,0.5797,,1.727085663,5.2624,0.0006,0,,0,0,0,0,0,0,0,1.153549505
21,139,21139,0,0,0,0,0,0,1.043410892,0,0,0.186612827,0,0,0,0,0.169798473,0,0,0,6.891735575,0.147798,1.15668,3.37365,1.95993,0.83538,2.60253,0.09639,0,0.000431309,1.40E-05,4.89E-05,0.001214524,0.001021173,0,0,0.053255838,222.0531348,6.51E-05,0.013854134,8.325432689,0,0.033,0,0.4498,,0.571074018,1.74,0.0002,0,,0,0,0,0,0,0,0,0.950957373
21,140,21140,58.10149056,21.13670009,14.67117731,0.348387506,0.793787966,1.537065819,0.818309481,35.31488534,29.31935405,0.146353701,4.04283333,23.35488014,0.223872146,31.46171082,12.92894091,1.479672412,0.290525438,8.61519665,255.7728344,5.485224,42.92784,125.2062,72.73884,31.00344,96.58764,3.57732,401.955419,0.119440135,0.003872809,0.00422153,0.104780328,0.01497721,0,0,1.976482776,765.4697922,0.002416213,0.514168178,290.0761427,49.9981,1.2245,6.5238,0.1489,,21.19425778,64.5783,0.0072,0.0393,,0,0,0,0,2.385,0.3444,0.443505106,3.244357982
21,141,21141,0,0,0,0,0,0,1.579793167,0,0.732983851,0.282544174,0,0,0,0.20698494,0.121284624,0,0,0,6.574282458,0.14099,1.1034,3.21825,1.86965,0.7969,2.48265,0.09195,0,0.000474439,1.54E-05,5.34E-05,0.001324936,0.002723129,0,0,0.050802721,178.2509633,6.21E-05,0.013215973,8.63091277,0,0.0315,0.1638,0.2597,0.3111,0.54476871,1.6599,0.0002,0,,0,0,0,0,0,0,0,0.899047645
21,142,21142,1.782254312,0.648365034,0.450036114,0.010686733,0.024349324,0.047149258,2.235471582,0.26753701,3.420591305,0.399811498,0,0.033411846,0,2.276834336,2.013324757,0.169798473,0,0.134088664,57.74000309,1.238274,9.69084,28.26495,16.42059,6.99894,21.80439,0.80757,47.46390612,0.014103791,0.000457311,0.000538256,0.013359768,0.040506545,0,0,0.446185467,615.8031696,0.000545453,0.11607203,56.274277,14.1169,0.2764,1.6378,2.4189,,4.784544506,14.5784,0.0014,0,,0,0,0,0,0.881,0.1272,0.59461472,8.132524008
21,143,21143,0,0,0,0,0,0,1.179980955,1.337685051,4.397903107,0.211038224,0,1.403297519,0,8.693367463,1.091561615,0,0,0.089392443,53.17339711,1.14034,8.9244,26.0295,15.1219,6.4454,20.0799,0.7437,19.41375365,0.005768753,0.00018705,0.000340303,0.008446465,0.025188944,0,0.009739546,0.410897052,378.9759684,0.000502314,0.106891996,52.40717524,17.249,0.2546,0.8462,0.5109,,4.406139095,13.4254,0.0014,0,,0,0,0,0,0,0,0,3.604842202
21,144,21144,0,0,0,0,0,0,0.219586967,0.26753701,1.954623603,0.039272874,0,1.136002754,0,0,0.55790927,0,0,0,28.26619714,0.606188,4.74408,13.8369,8.03858,3.42628,10.67418,0.39534,19.37746626,0.00575797,0.0001867,0.000687278,0.017058546,0.000680782,0,0,0.218426839,207.6770397,0.000267023,0.056822215,27.05126961,8.8615,0.1353,0.6278,0.5384,,2.342238846,7.1367,0.0006,0,,0,0,0,0,0,0,0,0.547215046
21,145,21145,0,0,0,0,0,0,2.513425588,0,0,0.44952325,0,0,0,0,0.024256925,0,0,0.011174055,27.71494409,0.594366,4.65156,13.56705,7.88181,3.35946,10.46601,0.38763,0,0.00011861,3.85E-06,1.78E-05,0.000441645,0.000340391,0,0,0.214167035,1256.468002,0.000261815,0.055714057,26.40308776,0,0.1327,0.1092,0.1705,,2.296560034,6.9976,0.0007,0.0139,,0,0,0,0,0,0,0,0
21,146,21146,0,0,0,0,0,0,0.445779257,0,0,0.079727103,0,0,0,3.311759033,0,0,0,0,1.758861865,0.03772,0.2952,0.861,0.5002,0.2132,0.6642,0.0246,0,0.00226437,7.34E-05,8.90E-06,0.000220823,0,0,0,0.013591593,65.58147784,1.66E-05,0.003535758,2.66384867,0,0.0084,0,0.0232,,0.145745626,0.4441,0.0001,0,,0,0,0,0,0,0,0,0
21,147,21147,0,0,0,0,0,0,2.711895536,0,0,0.485019369,0,4.711070244,0,0.413969879,0.218312323,0,0,0.011174055,11.67283691,0.250332,1.95912,5.7141,3.31962,1.41492,4.40802,0.16326,0,0.004323869,0.0001402,8.01E-05,0.001987403,0.003744303,0,0,0.090201765,365.8299881,0.00011027,0.023465359,15.11358294,0,0.0559,0.5459,0.7803,,0.967253286,2.9472,0.0004,0,,0,0,0,0,0,0,0,0
21,148,21148,0,0,0,0,0,0,0.300271991,0,0,0.053703297,0,0.033411846,0,0,0.024256925,0,0,0.022348111,19.47832268,0.417726,3.26916,9.53505,5.53941,2.36106,7.35561,0.27243,0,0.00011861,3.85E-06,2.45E-05,0.000607262,0.020763859,0,0,0.150518601,235.9132203,0.000184006,0.039156362,19.12875292,0,0.0933,0,0.6901,,1.614043934,4.9179,0.0005,0,,0,0,0,0,0,0,0.219460376,1.081452661
21,149,21149,0,0,0,0,0,0,0.955970423,43.07345863,0.732983851,0.170974201,0,0,0,0.620954819,0.654936969,0,0,0.111740553,45.40866546,0.97382,7.6212,22.2285,12.9137,5.5042,17.1477,0.6351,61.76113778,0.018352181,0.000595064,0.000164591,0.004085218,0.006807823,0,0,0.350895143,450.4805761,0.000428963,0.091282919,39.23485752,3.3696,0.2174,1.0645,0.3399,,3.76272548,11.4649,0.001,0,,0,0,0,0,1.2785,0.1846,0.475228276,0.129774319
21,150,21150,0,0,0,0,0,0,1.867404955,0,0,0.333983209,0,0,0,0,0.097027699,0,0,0.022348111,13.29442175,0.285108,2.23128,6.5079,3.78078,1.61148,5.02038,0.18594,0,0.000420526,1.36E-05,4.00E-05,0.000993702,0.002042347,0,0,0.10273255,449.8503919,0.000125589,0.026725155,15.58961256,0,0.0636,0.5459,0.1175,,1.101623643,3.3566,0.0004,0,,0,0,0,0,0,0,0,1.424633638
21,151,21151,0,0,0,0,0,0,0.176802486,0,6.35252671,0.03162092,0,0,0,0.620954819,0.363853872,0,0,0.022348111,16.08929616,0.345046,2.70036,7.87605,4.57561,1.95026,6.07581,0.22503,8.01951319,0.00238298,7.73E-05,8.45E-05,0.002097815,0.008169387,0,0,0.124329923,112.295283,0.000151991,0.03234356,16.47106662,12.2571,0.077,1.3375,0.3489,,1.333216997,4.0623,0.0004,0,,0,0,0,0,0,0,0,0.354716473
21,152,21152,0,0,0,0,0,0,1.246894881,1.337685051,0.488655901,0.223005703,0,0.033411846,0,0.413969879,0.315340022,0,0,0.011174055,23.70602601,0.508392,3.97872,11.6046,6.74172,2.87352,8.95212,0.33156,0,0.001477232,4.79E-05,0.000115658,0.002870694,0.024508162,0,0,0.183188149,898.5690446,0.000223944,0.047655116,24.03569142,0,0.1135,0.3548,0.1918,,1.964366651,5.9854,0.0006,0,,0,0,0,0,0,0,0,3.969652233
21,153,21153,0.712901725,0.259346013,0.180014446,0.004274693,0.00973973,0.018859703,1.820467127,0,0,0.325588433,0,0.100235537,0,1.241909638,0.339596947,0,1.318538528,0.178784885,40.34228531,0.865168,6.77088,19.7484,11.47288,4.89008,15.23448,0.56424,35.96080349,0.010685671,0.00034648,0.000131228,0.003257133,0.007148214,2.54E-05,0.009739546,0.311744726,359.1322201,0.000381102,0.081098211,43.10798859,3.5179,0.1931,0.1638,0.4104,,3.342906983,10.1857,0.0011,0,,0,0,0,0,0,0,0.270866774,2.451292697
21,154,21154,8.911271558,3.241825168,2.250180569,0.053433667,0.121746621,0.235746291,1.705614567,4.280592162,16.36997268,0.305047186,0,0.434353994,0.037312024,5.381608429,3.662795643,0.121284624,0,0.16761083,144.6578086,3.102286,24.27876,70.81305,41.13901,17.53466,54.62721,2.02323,73.26424041,0.021770302,0.000705895,0.00144573,0.035883674,0.04186811,2.54E-05,0.009739546,1.117842197,1377.296191,0.001366541,0.290798834,143.6383417,30.3017,0.6925,2.9207,3.2793,,11.98686675,36.5236,0.0037,0.0277,,0,0,0,0,1.633,0.2358,0.400774134,7.037372947
21,155,21155,0,0,0,0,0,0,1.423877513,0.26753701,0,0.254658841,0,0,0,0,0.024256925,0,0,0,10.15206489,0.217718,1.70388,4.96965,2.88713,1.23058,3.83373,0.14199,0,0.000463657,1.50E-05,0.000166815,0.004140424,0.001361565,2.54E-05,0,0.07845001,239.0279411,9.59E-05,0.020408222,12.75393668,7.1622,0.0486,0.6278,0.1157,,0.841236641,2.5632,0.0003,0.0169,,0,0,0,0,0,0,0,0.710874882
21,156,21156,80.55789488,29.30609952,20.34163235,0.483040346,1.10058945,2.131146473,4.88113374,90.42750943,70.85510561,0.872985105,0,2.739771347,0.059260274,27.73598191,13.63239173,1.455415487,0.122914609,1.609063966,597.2794599,12.809068,100.24488,292.3809,169.85938,72.39908,225.55098,8.35374,588.6540406,0.174917204,0.005671636,0.008282918,0.205585848,0.022125424,5.08E-05,0,4.61547282,1238.9556,0.00564233,1.200682992,662.0897448,124.6633,2.8595,15.3677,1.9696,,49.4927261,150.8029,0.0167,0.1355,,0,0,0.211,0,2.89,0.4173,3.944852009,1.240786686
21,157,21157,1.069352587,0.38901902,0.270021668,0.00641204,0.014609594,0.028289555,4.950849925,0.26753701,0.488655901,0.885453764,0,0,0,0.620954819,0.218312323,0,0,0.044696221,21.06344331,0.45172,3.5352,10.311,5.9902,2.5532,7.9542,0.2946,5.51568328,0.001638973,5.31E-05,0.000262456,0.006514267,0.004084694,0,0,0.16276761,516.4036529,0.00019898,0.042342856,26.71157553,10.6637,0.1008,1.3102,0.1513,,1.745392736,5.3182,0.0007,0,,0,0,0,0,0,0,0.001123637,1.072080071
21,158,21158,0,0,0,0,0,0,1.047424127,0,0,0.18733059,0,0,0,0,0.024256925,0,0,0.011174055,14.3390141,0.30751,2.4066,7.01925,4.07785,1.7381,5.41485,0.20055,0,0.000269568,8.74E-06,6.67E-05,0.00165617,0.002042347,0,0,0.11080463,445.7970884,0.000135457,0.02882505,18.38626607,0,0.0686,0.1365,,,1.188182326,3.6204,0.0005,0,,0,0,0,0,0,0,0,0
21,159,21159,0,0,0,0,0,0,2.43694395,0,0,0.435844597,0,0,0,0.413969879,0.121284624,0,0,0,8.667757067,0.185886,1.45476,4.24305,2.46501,1.05066,3.27321,0.12123,30.73541933,0.00913296,0.000296133,1.78E-05,0.000441645,0.001361565,2.54E-05,0.009739546,0.066980032,331.690499,8.19E-05,0.017424387,11.33973068,0,0.0415,0.3548,0.0724,,0.718241552,2.1885,0.0003,0,,0,0,0,0,0,0,0,1.135525294
21,160,21160,0,0,0,0,0,0,1.377189887,0,0.732983851,0.246308813,0,0.066823691,0,0,0.04851385,0,0,0,6.012304642,0.128938,1.00908,2.94315,1.70983,0.72878,2.27043,0.08409,0,0.000129393,4.20E-06,6.67E-06,0.000165617,0.003403911,0,0,0.046460042,161.0491837,5.68E-05,0.012086255,7.335921615,0,0.0288,0,0.0443,,0.498201205,1.518,0.0002,0,,0,0,0,0,0,0,0.149794874,0.675547429
21,161,21161,0,0,0,0,0,0,2.081197252,0,1.465967702,0.372219713,0,0,0,0,0.339596947,0,0,0,37.04120188,0.794374,6.21684,18.13245,10.53409,4.48994,13.98789,0.51807,86.90829905,0.025824603,0.000837355,0.0001379,0.00342275,0.026550509,0,0,0.286235627,543.1626271,0.000349918,0.074462197,39.0672694,11.7,0.1773,0,1.3458,,3.069367327,9.3523,0.001,0,,0,0,0,0,1.0743,0.1551,0,3.977582886
21,162,21162,0,0,0,0,0,0,0.30095254,0,0,0.053825012,0,0.501177686,0,0.20698494,0.04851385,0,0,0.055870277,9.152516557,0.196282,1.53612,4.48035,2.60287,1.10942,3.45627,0.12801,0,0.000776355,2.52E-05,2.45E-05,0.000607262,0,0,0,0.070726007,318.6461832,8.65E-05,0.018398876,9.267302227,0,0.0438,0.3821,0.0294,,0.758410469,2.3109,0.0002,0,,0,0,0,0,0,0,0,0
21,163,21163,1.069352587,0.38901902,0.270021668,0.00641204,0.014609594,0.028289555,0.830309152,0.53507402,0,0.148499828,0,0.133647383,0,0.827939758,0.412367721,0,0,0.022348111,31.79250068,0.681812,5.33592,15.5631,9.04142,3.85372,12.00582,0.44466,0,0.002426111,7.87E-05,0.000173488,0.004306041,0.004084694,0,0,0.245676325,145.7757599,0.000300335,0.063910979,30.67339371,6.2088,0.1522,0.464,0.0806,,2.634441052,8.0271,0.0008,0,,0,0,0,0,0,0,0,1.441936881
21,164,21164,5.346762935,1.945095101,1.350108342,0.0320602,0.073047972,0.141447775,2.518679822,6.955962264,19.54623603,0.450462963,0,2.305417353,0.024143075,9.9352771,2.983601749,0,0,0.290525438,148.694611,3.188858,24.95628,72.78915,42.28703,18.02398,56.15163,2.07969,58.20497356,0.017295475,0.0005608,0.001899466,0.047145627,0.038123807,2.54E-05,0,1.149036559,1485.650671,0.001404676,0.298913829,146.9302608,50.3536,0.7119,3.2482,1.2218,,12.32137073,37.5429,0.0037,0.0547,,0,0,0,0,2.3958,0.3459,2.723544453,5.407263303
21,165,21165,0,0,0,0,0,0,0.265794205,0,0,0.047536985,0,0,0,0.20698494,0,0,0,0,2.516030448,0.053958,0.42228,1.23165,0.71553,0.30498,0.95013,0.03519,0,0.002037933,6.61E-05,2.22E-06,5.52E-05,0.000340391,0,0,0.019442608,112.0248456,2.38E-05,0.005057858,2.348354076,0,0.012,0,0.0928,,0.20848734,0.6353,0.0001,0,,0,0,0,0,0,0,0,0.524865025
21,166,21166,0,0,0,0,0,0,1.42590915,0,0.488655901,0.255022197,0,0.033411846,0,0.20698494,0.121284624,0,0,0,15.20986522,0.326186,2.55276,7.44555,4.32551,1.84366,5.74371,0.21273,0,0.00063618,2.06E-05,0.000191281,0.004747686,0.010211734,0,0,0.117534126,107.6584377,0.000143683,0.030575681,18.40508852,5.4403,0.0728,0.273,2.6355,24.6661,1.260344184,3.8402,0.0005,0,,0,0,0,0,1.257,0.1815,0,1.786559795
21,167,21167,0,0,0,0,0,0,0.679257418,0,0,0.121484401,0,0,0,0,0.024256925,0,0,0.011174055,20.846803,0.447074,3.49884,10.20495,5.92859,2.52694,7.87239,0.29157,0,0.000301916,9.79E-06,1.33E-05,0.000331234,0,0,0,0.161093523,770.2361241,0.000196934,0.041907354,20.17122101,0,0.0998,0.0819,0.0179,,1.72744114,5.2635,0.0005,0,,0,0,0,0,0,0,0,0
21,168,21168,0,0,0,0,0,0,1.189858916,0,0,0.212804886,0,0.033411846,0,1.241909638,0.121284624,0,0,0.044696221,13.22363829,0.28359,2.2194,6.47325,3.76065,1.6029,4.99365,0.18495,13.64405864,0.004054301,0.000131459,0.000135676,0.003367545,0.010552125,0,0,0.102185572,519.7028006,0.00012492,0.026582862,14.59002306,0,0.0633,0.5186,0.5957,,1.09575827,3.3387,0.0004,0,,0,0,0,0,0,0,0.036518207,3.839156945
21,169,21169,0,0,0,0,0,0,3.982689678,0,0,0.712299427,0,0,0,0,0.218312323,0,0,0.022348111,41.56061889,0.891296,6.97536,20.3448,11.81936,5.03776,15.69456,0.58128,0,0.001886975,6.12E-05,0.000166815,0.004140424,0.007828996,0,0,0.32115939,849.6572222,0.000392611,0.08354737,45.23789154,12.5036,0.199,0.464,4.6862,,3.443862489,10.4933,0.0012,0,,0,0,0,0,0,0,0.957338829,0.380671337
21,170,21170,0,0,0,0,0,0,4.642221199,0.26753701,3.420591305,0.830255874,0,0,0.487251141,1.034924698,1.576700111,0,0,0.078218387,35.50970509,0.76153,5.9598,17.38275,10.09855,4.3043,13.40955,0.49665,0,0.004464044,0.000144745,5.78E-05,0.001435347,0.051739453,0,0,0.274400996,872.4163336,0.00033545,0.071383501,35.6119139,7.8309,0.17,0.1638,0.7038,,2.942461989,8.9656,0.001,0,,0,0,0,0,2.3958,0.3459,0.734015951,7.885952802
21,171,21171,0,0,0,0,0,0,0.141273854,0,0,0.025266665,0,0,0,0.620954819,0.218312323,0,0,0,6.406976085,0.137402,1.07532,3.13635,1.82207,0.77662,2.41947,0.08961,0,0.003213249,0.000104189,4.89E-05,0.001214524,0.001701956,0,0,0.049509863,47.6881107,6.05E-05,0.012879645,7.227729378,0,0.0307,0.0273,0.2586,,0.530905102,1.6177,0.0002,0,,0,0,0,0,0,0,0,0.612102206
21,172,21172,0.356450862,0.129673007,0.090007223,0.002137347,0.004869865,0.009429852,2.955101537,1.070148041,2.687607454,0.528516481,0,0.033411846,0,2.276834336,0.412367721,0.04851385,0,0.16761083,52.8966981,1.134406,8.87796,25.89405,15.04321,6.41186,19.97541,0.73983,5.62454545,0.001671321,5.42E-05,0.000313612,0.007783997,0.001701956,0,0,0.408758862,1839.842484,0.0004997,0.106335761,61.80561682,3.8408,0.2532,1.0918,0.2233,,4.38321082,13.3555,0.0016,0.0092,,0,0,0,0,0,0,0.011657735,0.048304886
21,173,21173,0,0,0,0,0,0,0.072268241,0.26753701,2.198951553,0.012925091,0,0,0,0.620954819,0.388110797,0,0,0.122914609,12.2176551,0.262016,2.05056,5.9808,3.47456,1.48096,4.61376,0.17088,0,0.002695679,8.74E-05,0.000155694,0.003864396,0.001361565,0,0,0.094411844,123.0341331,0.000115417,0.024560581,14.46664606,4.1631,0.0585,0.3003,0.0177,,1.012398882,3.0847,0.0004,0,,0,0,0,0,0,0,0.061304875,0
21,174,21174,37.42734054,13.6156657,9.450758391,0.224421399,0.511335806,0.990134423,0.883001617,10.4339434,19.79056398,0.157923815,8.252725888,1.737415976,0,4.139698792,3.056372523,0.072770774,0,0.625747098,201.4797716,4.320872,33.81552,98.6286,57.29852,24.42232,76.08492,2.81796,433.7431727,0.128885793,0.004179082,0.003071619,0.076239005,0,0,0.009739546,1.556933516,1157.390171,0.001903322,0.405025371,237.4101517,44.8496,0.9646,6.0051,0.0534,,16.69533915,50.8702,0.006,0.0824,,0,0,0,0,0.2471,0.0357,0.12056675,0
21,175,21175,0,0,0,0,0,0,1.480833414,0,0.488655901,0.264845338,0,0.066823691,0,0.20698494,0.218312323,0,0,0.067044332,20.14325826,0.431986,3.38076,9.86055,5.72851,2.44166,7.60671,0.28173,0,0.0008734,2.83E-05,8.67E-05,0.00215302,0.002042347,0,0,0.155656886,413.7886896,0.000190288,0.040493051,21.61020238,0,0.0964,0.2457,0.1392,,1.66914289,5.0858,0.0006,0,,0,0,0,0,0,0,0.046209577,1.081452661
21,176,21176,0,0,0,0,0,0,0.867118817,0,0.977311802,0.155083194,0,0,0,0,0.024256925,0,0,0,16.98803167,0.36432,2.8512,8.316,4.8312,2.0592,6.4152,0.2376,0,0.000194089,6.29E-06,7.12E-05,0.001766581,0.016338775,0.000101643,0.029218639,0.131274895,222.9501035,0.000160481,0.034150246,21.37400426,0,0.0813,0,3.3482,34.5325,1.407689457,4.2892,0.0006,0,,0,0,0,0,0,0,0,2.911270562
21,177,21177,1.069352587,0.38901902,0.270021668,0.00641204,0.014609594,0.028289555,4.129718169,0.26753701,2.443279504,0.738595302,0,5.178836084,0.002194825,1.034924698,0.824735443,0,0,1.564367745,99.32636143,2.130122,16.67052,48.62235,28.24727,12.03982,37.50867,1.38921,54.24964805,0.016120159,0.000522691,0.000313612,0.007783997,0.037102634,0,0,0.767543758,2096.367924,0.000938308,0.199671144,93.4989778,14.9945,0.4755,1.7742,2.9621,,8.230539858,25.0782,0.0025,0.0193,,0,0,0,0,1.8693,0.2699,0,6.315683538
21,178,21178,0,0,0,0,0,0,1.792244383,0,0.24432795,0.320540828,0,0.033411846,0,0.827939758,0.04851385,0,0,0.145262719,35.98588476,0.771742,6.03972,17.61585,10.23397,4.36202,13.58937,0.50331,0,0.000463657,1.50E-05,4.23E-05,0.001048907,0,0,0,0.278080671,1543.91833,0.000339948,0.072340743,38.70301697,0,0.1723,0.1911,0.3889,,2.981919952,9.0858,0.001,0,,0,0,0,0,0,0,0,0
21,179,21179,0,0,0,0,0,0,4.296892897,0,1.710295653,0.768494308,0,0,0,1.241909638,0.339596947,0,0,0.100566498,59.80559331,1.282572,10.03752,29.2761,17.00802,7.24932,22.58442,0.83646,0,0.00198402,6.43E-05,0.000193505,0.004802892,0.046973977,2.54E-05,0.009739546,0.462147301,1526.294877,0.000564966,0.12022439,55.54478745,3.5275,0.2863,1.3375,1.3867,,4.955706747,15.0999,0.0015,0,,0,0,0,0,0,0,0,11.00702518
21,180,21180,1.069352587,0.38901902,0.270021668,0.00641204,0.014609594,0.028289555,3.134786347,0.53507402,1.954623603,0.5606529,0,0.300706611,0,0.620954819,0.315340022,0.242569248,0,0.022348111,76.21234258,1.634426,12.79116,37.30755,21.67391,9.23806,28.78011,1.06593,0,0.003547513,0.000115027,0.000215747,0.005354948,0.034719896,2.54E-05,0.038958185,0.588930341,1098.475765,0.000719956,0.153206111,74.37554769,0,0.3649,0.6278,1.0777,,6.315229052,19.2423,0.002,0,,0,0,0,0,0,0,0,7.209684404
21,181,21181,0,0,0,0,0,0,0.129144078,0,0,0.023097269,0,0,0,0.620954819,0.194055398,0,0,0.011174055,12.4943541,0.26795,2.097,6.11625,3.55325,1.5145,4.71825,0.17475,0,0.000916531,2.97E-05,3.11E-05,0.000772879,0.006467432,0,0,0.096550033,97.02721114,0.000118031,0.025116816,12.95954684,0,0.0598,0.1365,0.3313,,1.035327157,3.1546,0.0003,0,,0,0,0,0,0,0,0,1.441936881
21,182,21182,0,0,0,0,0,0,0.144926798,0,0,0.02591999,0,0,0,0,0.145541549,0,0,0.536354655,10.54459137,0.226136,1.76976,5.1618,2.99876,1.27816,3.98196,0.14748,0,0.001186099,3.85E-05,5.56E-05,0.001380141,0.001701956,0,0,0.081483256,74.81456076,9.96E-05,0.021197299,9.059519069,0,0.0505,0.0819,0.2637,,0.873762799,2.6623,0.0002,0,,0,0,0,0,0,0,0,0.574611847
21,183,21183,0,0,0,0,0,0,1.479842616,0,0.488655901,0.264668134,0,0,0,0,0.072770774,0,0,0,42.97199829,0.921564,7.21224,21.0357,12.22074,5.20884,16.22754,0.60102,0,0.000560701,1.82E-05,4.45E-05,0.001104113,0,0,0,0.332065814,1398.383434,0.000405944,0.0863846,40.59766534,0,0.2057,0.3276,0.4342,,3.560814467,10.8497,0.0011,0.0131,,0,0,0,0,0,0,0,0
21,184,21184,0,0,0,0,0,0,0.632890051,0,0,0.113191651,0,0,0,0,0,0,0,0,12.84398152,0.275448,2.15568,6.2874,3.65268,1.55688,4.85028,0.17964,0,0.000334264,1.08E-05,8.90E-06,0.000220823,0,0,0,0.099251777,461.5295888,0.000121333,0.025819656,13.93146212,0,0.0615,0,0.2442,,1.064298544,3.2429,0.0004,0,,0,0,0,0,0,0,0,0
21,185,21185,0,0,0,0,0,0,0.775414912,0,0.488655901,0.138682057,0,0.100235537,0,0,0.024256925,0,0,0,16.33596581,0.350336,2.74176,7.9968,4.64576,1.98016,6.16896,0.22848,0,0.000463657,1.50E-05,6.45E-05,0.001600964,0.015317601,0,0,0.126236061,263.4095774,0.000154321,0.032839429,19.02361705,0,0.0782,0.4367,2.3239,5.1332,1.353656932,4.1246,0.0005,0,,0,0,0,0,0,0,0.004915912,3.414506534
21,186,21186,3.208057761,1.16705706,0.810065005,0.01923612,0.043828783,0.084868665,2.838327428,1.070148041,4.397903107,0.507631567,0,0.133647383,0,2.690804215,0.946020067,0,0,0.312873549,103.6205583,2.222214,17.39124,50.72445,29.46849,12.56034,39.13029,1.44927,29.57422285,0.008787913,0.000284945,0.000647242,0.016064845,0.014296428,2.54E-05,0.029218639,0.800727135,2922.202804,0.000978874,0.208303567,112.5610529,12.2213,0.4961,1.2283,0.4308,,8.586372471,26.1624,0.0029,0.0193,,0,0,0,0,1.1173,0.1613,0.01400384,0
21,187,21187,0,0,0,0,0,0,0.525793741,0,0,0.0940376,0,0,0,0,0.04851385,0,0,0.011174055,11.02935086,0.236532,1.85112,5.3991,3.13662,1.33692,4.16502,0.15426,0,0.000258785,8.39E-06,3.78E-05,0.000938496,0,0,0,0.085229231,356.5242826,0.000104191,0.022171789,12.69893756,0,0.0528,0.2457,0.2468,,0.913931715,2.7847,0.0003,0,,0,0,0,0,0,0,0,0
21,188,21188,0,0,0,0,0,0,2.171490019,0,0.732983851,0.38836847,0,0,0,8.279397584,0.242569248,0,0,0,30.50552859,0.654212,5.11992,14.9331,8.67542,3.69772,11.51982,0.42666,0,0.001434101,4.65E-05,9.12E-05,0.002263432,0.005105867,0,0.009739546,0.235731257,1263.085292,0.000288177,0.061323839,32.77954404,0,0.146,0.273,0.6176,,2.527797911,7.7021,0.0009,0,,0,0,0,0,0,0,0,2.162905321
21,189,21189,1.069352587,0.38901902,0.270021668,0.00641204,0.014609594,0.028289555,1.161786292,0,1.710295653,0.20778413,0.23388292,0,0,7.451457825,0.60642312,0,0,0.100566498,40.01196247,0.858084,6.71544,19.5867,11.37894,4.85004,15.10974,0.55962,14.26094427,0.004237607,0.000137403,0.000300267,0.007452763,0.029614029,0,0,0.309192158,367.575436,0.000377982,0.080434179,41.63171015,3.5487,0.1916,1.9653,1.1627,,3.315535243,10.1023,0.0011,0,,0,0,0,0,0,0,0,1.948777695
21,190,21190,0,0,0,0,0,0,1.507154627,0,0,0.269552856,0,0,0,0,0.072770774,0,0,0.011174055,2.383043331,0.051106,0.39996,1.16655,0.67771,0.28886,0.89991,0.03333,0,0.000150958,4.89E-06,8.90E-06,0.000220823,0.000340391,0,0,0.018414951,82.3155509,2.25E-05,0.004790521,3.432293696,0,0.0114,0.0819,,,0.197467549,0.6017,0.0001,0,,0,0,0,0,0,0,0,0.205476006
21,191,21191,0.356450862,0.129673007,0.090007223,0.002137347,0.004869865,0.009429852,3.067482106,1.337685051,2.687607454,0.548615615,0,0,0,1.241909638,0.485138496,0,0,0.134088664,17.14675823,0.367724,2.87784,8.3937,4.87634,2.07844,6.47514,0.23982,0,0.00139097,4.51E-05,0.000435943,0.010820308,0.002382738,0,0,0.132501453,269.812518,0.000161981,0.034469327,24.1354109,5.4938,0.0821,0.737,0.0515,,1.420842111,4.3293,0.0006,0.0108,,0,0,0,0,0,0,0,0.829113707
21,192,21192,0,0,0,0,0,0,0.380126347,0,0.24432795,0.067985156,0,0.066823691,0,1.862864456,0.024256925,0,0,0,12.51365868,0.268364,2.10024,6.1257,3.55874,1.51684,4.72554,0.17502,0,0.000593049,1.92E-05,2.00E-05,0.000496851,0,0,0,0.096699209,368.0939191,0.000118213,0.025155623,13.83219242,3.8428,0.0599,0.5732,0.0443,,1.036926804,3.1595,0.0004,0,,0,0,0,0,0,0,0,0
21,193,21193,0,0,0,0,0,0,2.746753628,0,0,0.491253699,0,0,0,16.97276505,0,0,0,0,11.8208387,0.253506,1.98396,5.78655,3.36171,1.43286,4.46391,0.16533,0,0.002609417,8.46E-05,1.56E-05,0.00038644,0.002042347,2.54E-05,0,0.091345448,397.8560744,0.000111668,0.02376288,14.24309657,0,0.0566,0,,,0.979517247,2.9846,0.0004,0,,0,0,0,0,0,0,0,1.874517945
21,194,21194,1.069352587,0.38901902,0.270021668,0.00641204,0.014609594,0.028289555,3.177430714,0.80261103,7.574166462,0.568279796,0.033411846,0.300706611,0,4.346683731,1.212846239,0,0,0.88275037,59.24576045,1.270566,9.94356,29.00205,16.84881,7.18146,22.37301,0.82863,0,0.004690481,0.000152087,0.000647242,0.016064845,0.010552125,0,0,0.457821197,1480.068382,0.000559678,0.119098984,68.61795309,9.5779,0.2836,1.9926,0.1434,,4.90931698,14.9585,0.0018,0,,0,0,0,0,0,0,0,0.403742327
21,195,21195,0,0,0,0,0,0,2.596642653,0,0.24432795,0.464406525,0,0,0,0,0.097027699,0,0,0.111740553,44.15601262,0.946956,7.41096,21.6153,12.55746,5.35236,16.67466,0.61758,0,0.000733225,2.38E-05,7.12E-05,0.001766581,0.000340391,0,0,0.341215277,1914.222011,0.000417129,0.088764769,41.60329716,0,0.2114,0.3003,0.2422,,3.658926156,11.1486,0.0011,0.0139,,0,0,0,0,0,0,0,0
21,196,21196,0,0,0,0,0,0,0.49998294,0,0,0.089421369,0,0,0,0,0.072770774,0,0,0,2.711221216,0.058144,0.45504,1.3272,0.77104,0.32864,1.02384,0.03792,0,0.000150958,4.89E-06,2.89E-05,0.000717673,0,0,0,0.020950943,98.42416801,2.56E-05,0.005450241,3.950955129,0,0.013,0,,,0.22466155,0.6845,0.0001,0,,0,0,0,0,0,0,0,0.131216256
21,197,21197,6.772566384,2.463787128,1.710137233,0.040609587,0.092527432,0.179167181,3.174768569,3.210444122,23.21115529,0.567803674,0,0.200471074,0.0175586,9.728292161,8.053299029,0.218312323,0,0.703965485,157.7634744,3.383346,26.47836,77.22855,44.86611,19.12326,59.57631,2.20653,49.93144864,0.014837016,0.000481086,0.002135231,0.052997426,0.001021173,0,0,1.219116137,2571.364164,0.001490347,0.317144541,173.4298513,36.0542,0.7553,2.5112,1.1334,,13.0728494,39.8326,0.0044,0.0277,,0,0,0,0,0,0,0.233471232,0
21,198,21198,0,0,0,0,0,0,2.069207589,0,0,0.370075376,0,0,0,0,0.024256925,0,0,0,2.550349704,0.054694,0.42804,1.24845,0.72529,0.30914,0.96309,0.03567,0,3.23E-05,1.05E-06,0,0,0.000340391,0,0,0.019707809,85.47363612,2.41E-05,0.005126849,2.705490065,0,0.0122,0,,,0.211331157,0.6439,0.0001,0,,0,0,0,0,0,0,0.002036592,0.317226114
21,199,21199,0,0,0,0,0,0,1.360496434,0,5.619542859,0.243323208,0,0.23388292,0,0.620954819,0.60642312,0,0,0.067044332,80.35853768,1.723344,13.48704,39.3372,22.85304,9.74064,30.34584,1.12392,41.91193545,0.012454036,0.000403818,0.000191281,0.004747686,0.001701956,0,0,0.620970034,1968.119433,0.000759124,0.161541014,69.68345144,0,0.3847,1.3921,0.155,,6.658797703,20.2892,0.0018,0,,0,0,0,0,0,0,0.001755683,0
21,200,21200,0,0,0,0,0,0,0.639935729,0,0,0.114451762,0,0.334118457,0,0.413969879,0,0,0,0.055870277,8.11650402,0.174064,1.36224,3.9732,2.30824,0.98384,3.06504,0.11352,4.7173607,0.001401753,4.55E-05,7.34E-05,0.001821787,0,0,0,0.062720228,257.4676482,7.67E-05,0.016316229,10.0439323,0,0.0389,0.3548,0.0059,,0.67256274,2.0493,0.0003,0,,0,0,0,0,0,0,0,0
21,201,21201,0,0,0,0,0,0,0.458159234,0,0,0.081941247,0,0,0,0.413969879,0.024256925,0,0,0,6.273988969,0.13455,1.053,3.07125,1.78425,0.7605,2.36925,0.08775,0,0.000140175,4.55E-06,1.11E-05,0.000276028,0.00306352,0,0,0.048482206,146.5519658,5.93E-05,0.012612307,7.448400803,0,0.03,0.0546,0.2034,1.5711,0.519885311,1.5841,0.0002,0,,0,0,0,0,0,0,0.104919616,0.718805535
21,202,21202,0,0,0,0,0,0,0.868479914,0,0,0.155326625,0,0.568001377,0,0.20698494,0.097027699,0,0,0.122914609,26.00541616,0.557704,4.36464,12.7302,7.39564,3.15224,9.82044,0.36372,0,0.001682104,5.45E-05,5.34E-05,0.001324936,0,0,0,0.20095667,821.2207787,0.000245666,0.052277473,26.45546271,0,0.1245,0.4094,0.0586,,2.154902396,6.5659,0.0007,0,,0,0,0,0,0,0,0,0
21,203,21203,0,0,0,0,0,0,1.566562504,0,0,0.280177886,0,0,0,0,0.291083097,0,0,0,11.83585338,0.253828,1.98648,5.7939,3.36598,1.43468,4.46958,0.16554,0,0.001789931,5.80E-05,5.56E-05,0.001380141,0.007148214,0,0,0.091461474,254.8254286,0.00011181,0.023793063,13.52103701,0,0.0567,0.3821,1.174,,0.980761417,2.9884,0.0004,0,,0,0,0,0,0,0,0,2.190302122
21,204,21204,0,0,0,0,0,0,0.348500859,0,0,0.062328974,0,0.23388292,0,1.241909638,0.242569248,0,0,0,16.20512364,0.34753,2.7198,7.93275,4.60855,1.9643,6.11955,0.22665,0,0.001045923,3.39E-05,6.67E-05,0.00165617,0,0,0,0.125224979,399.0309494,0.000153085,0.032576403,15.89185791,0,0.0776,0.2457,0.0145,,1.34281488,4.0915,0.0004,0,,0,0,0,0,0,0,0,0
21,205,21205,0,0,0,0,0,0,1.143381459,0,0.732983851,0.204492447,0,0,0,1.862864456,0.582166195,0,0,0.33522166,46.83934944,1.004502,7.86132,22.92885,13.32057,5.67762,17.68797,0.65511,11.14022873,0.003310294,0.000107335,0.000117883,0.0029259,0.009871343,0,0,0.361950743,672.2242154,0.000442478,0.094158956,44.45056328,0,0.2242,0.3821,0.7635,,3.881277104,11.8261,0.0012,0,,0,0,0,0,0.881,0.1272,0.003370911,3.108815915
21,206,21206,0,0,0,0,0,0,2.573674142,0,0,0.460298634,0,0,0,0,0.194055398,0,0,0,7.996386624,0.171488,1.34208,3.9144,2.27408,0.96928,3.01968,0.11184,0,0.000388178,1.26E-05,2.00E-05,0.000496851,0.002723129,2.54E-05,0,0.061792021,221.8864167,7.55E-05,0.016074762,9.935953604,0,0.0383,0.0546,1.7641,,0.662609381,2.019,0.0003,0,,0,0,0,0,0,0,0,0.41599879
21,207,21207,2.851606898,1.037384054,0.720057782,0.017098773,0.038958919,0.075438813,1.920858033,2.675370101,8.062822363,0.34354323,0,0.601413223,0,1.448894577,1.479672412,0,0,0.69279143,112.4877961,2.412378,18.87948,55.06515,31.99023,13.63518,42.47883,1.57329,25.21973605,0.007493987,0.00024299,0.001080961,0.026829947,0.004765476,0,0.009739546,0.869248652,3387.350863,0.00106264,0.226128961,116.1990346,17.3171,0.5385,2.7296,0.0968,,9.32114371,28.4012,0.003,0,,0,0,0,0,0,0,0.10852693,0
21,208,21208,9.26772242,3.371498174,2.340187792,0.055571013,0.126616485,0.245176143,4.756203058,5.885814223,11.72774162,0.850641397,0,1.470121211,0.232651446,20.07753914,2.644004802,0.55790927,0,0.804531983,153.7438316,3.297142,25.80372,75.26085,43.72297,18.63602,58.05837,2.15031,39.62582988,0.011774725,0.000381792,0.001630338,0.040465743,0.019402295,0,0,1.188054376,3478.858796,0.001452374,0.309064041,169.1010139,34.69,0.736,3.6031,0.8198,,12.73976732,38.8177,0.0043,0.0393,,0,0,0,0,0,0,0.140536151,0.040374233
21,209,21209,0,0,0,0,0,0,4.869574425,0,0.488655901,0.870917735,0,0.334118457,0,0.827939758,0.072770774,0,0,0,15.91769988,0.341366,2.67156,7.79205,4.52681,1.92946,6.01101,0.22263,0,0.000851834,2.76E-05,8.67E-05,0.00215302,0.000680782,2.54E-05,0,0.123003914,239.4358435,0.00015037,0.031998608,19.23334955,3.4445,0.0762,0.2184,0.3522,,1.318997911,4.0189,0.0005,0,,0,0,0,0,0,0,1.112260297,0.036048422
21,210,21210,0,0,0,0,0,0,0.224941282,0,0,0.040230487,0,0.033411846,0,0.413969879,0.169798473,0,0,0.055870277,11.22025172,0.240626,1.88316,5.49255,3.19091,1.36006,4.23711,0.15693,0,0.000657746,2.13E-05,8.67E-05,0.00215302,0,0,0,0.086704416,343.8085097,0.000105995,0.022555548,12.56707985,0,0.0537,0.5459,0.0403,,0.929750448,2.8329,0.0003,0.0123,,0,0,0,0,0,0,0,0
21,211,21211,2.138705174,0.77803804,0.540043337,0.01282408,0.029219189,0.05657911,0.260119632,1.337685051,1.465967702,0.046522094,0,0.167059229,0,1.241909638,0.654936969,0,0,0.089392443,31.72600712,0.680386,5.32476,15.53055,9.02251,3.84566,11.98071,0.44373,0,0.003946474,0.000127963,0.000498221,0.012366066,0.005105867,0,0,0.245162497,343.264431,0.000299707,0.06377731,37.0849742,6.4085,0.1519,1.8834,0.0339,,2.628931156,8.0103,0.0009,0,,0,0,0,0,1.3107,0.1893,0,0
21,212,21212,0,0,0,0,0,0,2.790278705,0,0.24432795,0.499038108,0,0,0.02194825,0,0.339596947,0,0,0.067044332,40.05271659,0.858958,6.72228,19.60665,11.39053,4.85498,15.12513,0.56019,56.64461579,0.016831818,0.000545766,0.000117883,0.0029259,0.003403911,0,0,0.309507085,1533.179025,0.000378367,0.080516105,41.12006716,0,0.1918,0.6278,0.0089,,3.318912276,10.1126,0.0011,0,,0,0,0,0,0,0,0,0
21,213,21213,0,0,0,0,0,0,1.497206609,0,0,0.267773665,0,0,0,0,0.04851385,0,0,0,25.74373183,0.552092,4.32072,12.6021,7.32122,3.12052,9.72162,0.36006,0,0.000226437,7.34E-06,4.23E-05,0.001048907,0.000340391,0,0.009739546,0.198934506,1115.136748,0.000243194,0.051751421,26.73431892,0,0.1232,0,0.7014,,2.13321829,6.4999,0.0007,0,,0,0,0,0,0,0,0,0
21,214,21214,2.495156036,0.907711047,0.630050559,0.014961427,0.034089054,0.066008962,0.529376628,0.53507402,1.465967702,0.094678396,0,0,0,2.897789154,0.412367721,0,0,0.033522166,32.52607478,0.697544,5.45904,15.9222,9.25004,3.94264,12.28284,0.45492,26.34464514,0.007828251,0.000253829,0.000244662,0.006072622,0.00306352,0,0,0.251345014,746.0263011,0.000307265,0.065385648,33.83328372,7.1236,0.1557,2.675,0.1367,0.9644,2.695227642,8.2123,0.0009,0,,0,0,0,0,0.9132,0.1319,0,0.700781324
21,215,21215,0,0,0,0,0,0,0.405626898,0,0,0.0725459,0,0,0,1.655879517,0.218312323,0,0,0.033522166,9.487129302,0.203458,1.59228,4.64415,2.69803,1.14998,3.58263,0.13269,0,0.000905748,2.94E-05,5.34E-05,0.001324936,0,0,0,0.073311725,202.3882486,8.96E-05,0.019071533,9.814776822,0,0.0454,0.8462,0.0738,,0.786137685,2.3953,0.0003,0,,0,0,0,0,0,0,0,0
21,216,21216,0,0,0,0,0,0,0.218646209,0,0,0.039104621,0,0,0,0,0,0,0,0,5.527545153,0.118542,0.92772,2.70585,1.57197,0.67002,2.08737,0.07731,0,9.70E-05,3.15E-06,1.56E-05,0.00038644,0,0,0,0.042714066,193.8521995,5.22E-05,0.011111766,6.583117644,4.6398,0.0265,0.0819,0.0121,,0.458032289,1.3956,0.0002,0,,0,0,0,0,0,0,0,0
21,217,21217,0,0,0,0,0,0,2.604619081,0,0.488655901,0.4658331,0,0,0,0.413969879,0.145541549,0,0,0.111740553,40.86136405,0.8763,6.858,20.0025,11.6205,4.953,15.4305,0.5715,0,0.001045923,3.39E-05,8.90E-05,0.002208226,0,0,0,0.315755903,1618.34143,0.000386006,0.082141691,38.81167227,0,0.1956,1.2556,0.2309,,3.385919716,10.3168,0.001,0.0123,,0,0,0,0,0,0,0,0
22,1,22001,4.63386121,1.685749087,1.170093896,0.027785507,0.063308243,0.122588071,14.85019523,1.605222061,4.886559008,2.474180751,0,0.668236914,0,1.241909638,0.824735443,0,0,0.055870277,122.6055417,2.62936,20.5776,60.018,34.8676,14.8616,46.2996,1.7148,68.00256886,0.020206808,0.000655199,0.001535927,0.015678405,0.087820913,0,0,3.629043181,3266.244752,0.00115822,0.246468192,134.5547739,27.4562,0.587,1.3102,1.551,,9.927907088,60.0834,0,0,,0,0,0,0,0,0,0.019787165,19.4296198
22,2,22002,0,0,0,0,0,0,5.973651733,0,0,0.995265982,0,0,0,0.413969879,0.097027699,0,0,0.033522166,53.45653097,1.146412,8.97192,26.1681,15.20242,6.47972,20.18682,0.74766,0,0.000388178,1.26E-05,0.000335308,0.00342275,0,0,0,1.582278064,1768.886648,0.000504989,0.107461167,57.8590226,2.4303,0.2559,0.3821,0.5398,,4.328609175,26.1966,0,0,,0,0,0,0,0,0,0,0
22,3,22003,0,0,0,0,0,0,3.918289725,0.26753701,0,0.65282354,0,0,0,0.20698494,0.121284624,0,0,0.022348111,26.26281058,0.563224,4.40784,12.8562,7.46884,3.18344,9.91764,0.36732,0,0.000291133,9.44E-06,0.000319083,0.003257133,0.00306352,0,0,0.777361874,646.6242302,0.000248097,0.052794901,33.80670789,6.3572,0.1257,0.0819,0.8372,,2.126614667,12.8702,0,0,,0,0,0,0,0,0,0,1.164579335
22,4,22004,2.138705174,0.77803804,0.540043337,0.01282408,0.029219189,0.05657911,13.0568714,0.80261103,6.59685466,2.175396309,0,0.066823691,0.0087793,2.690804215,0.994533916,0,0,0.033522166,126.5200818,2.71331,21.2346,61.93425,35.98085,15.3361,47.77785,1.76955,0,0.009359397,0.000303476,0.001827969,0.01865951,0.030635202,2.54E-05,0,3.744910987,1868.645765,0.001195199,0.254337409,139.3598123,27.7208,0.6057,1.5286,3.1316,,10.24488453,62.0017,0,0.067,,0,0,0,0,0,0,2.252072796,8.569085658
22,5,22005,0,0,0,0,0,0,8.020825048,0.53507402,1.221639752,1.336344111,0,0.066823691,1.65050837,1.241909638,0.679193894,0,0,0.022348111,116.6468609,2.501572,19.57752,57.1011,33.17302,14.13932,44.04942,1.63146,53.99563632,0.01604468,0.000520244,0.000621942,0.00634865,0.066035881,7.62E-05,0,3.452670159,1140.261875,0.00110193,0.234489734,111.181376,19.0333,0.5584,0.5459,7.3678,,9.445406635,57.1633,0,0,,0,15.83946,2.151,0,1.9921,0.2876,7.294035238,15.3669016
22,6,22006,21.03060088,7.650707396,5.310426143,0.126103453,0.287322025,0.556361247,4.290875268,33.70966328,14.41534907,0.714899759,0.768472451,0.902119834,0.866955859,14.07497589,28.11377583,1.72224166,20.88430939,1.430279081,255.5304546,5.480026,42.88716,125.08755,72.66991,30.97406,96.49611,3.57393,237.6461171,0.070616001,0.002289702,0.005770541,0.058904431,0.047654759,2.54E-05,0,7.563532946,173.8488091,0.002413924,0.513680934,282.306924,119.0114,1.2234,3.0845,1.4263,,20.69141881,125.2238,0.0439,0,,0,0,0,0,0,0,0.224729292,4.122610845
22,7,22007,4.277410348,1.556076081,1.080086673,0.02564816,0.058438378,0.11315822,4.356384814,2.140296081,8.307150313,0.725814259,0,2.272005508,0,9.107337342,1.770755509,0.145541549,0,0.044696221,82.65792783,1.772656,13.87296,40.4628,23.50696,10.01936,31.21416,1.15608,63.68436945,0.018923665,0.000613594,0.003910123,0.039913686,0.03608146,0,0,2.446620154,567.7458329,0.000780846,0.16616337,90.41572186,28.9138,0.3957,2.8661,2.2504,,6.69317403,40.5069,0,0,,0,0,0,0,0,0,1.966600853,3.382825687
22,8,22008,0,0,0,0,0,0,6.362614663,0,0,1.060070826,0,0,0,0,0.194055398,0,0,0,74.19394134,1.59114,12.4524,36.3195,21.0999,8.9934,28.0179,1.0377,0,0.000334264,1.08E-05,0.000454288,0.004637275,0.040506545,5.08E-05,0,2.196091736,801.8190177,0.000700889,0.149148614,71.24963225,10.8676,0.3552,0.1365,1.2835,,6.007808015,36.3591,0,0,,0,0,0,0,0,0,0.027241595,8.821965742
22,9,22009,4.277410348,1.556076081,1.080086673,0.02564816,0.058438378,0.11315822,5.53965099,2.140296081,1.710295653,0.922957418,0,0.066823691,0,1.241909638,0.582166195,0,0,0.111740553,46.32885051,0.993554,7.77564,22.67895,13.17539,5.61574,17.49519,0.64797,6.64059237,0.001973237,6.40E-05,0.002071338,0.021143765,0.006807823,0,0,1.371303423,909.6892383,0.000437656,0.093132724,58.89106597,18.2062,0.2218,0.6551,0.726,,3.751449706,22.7037,0,0.0385,,0,0,0,0,0,0,0,0.887298541
22,10,22010,0,0,0,0,0,0,6.350331623,0,0.24432795,1.058024357,0,0,0,0.20698494,0.024256925,0,0,0,39.85538086,0.854726,6.68916,19.51005,11.33441,4.83106,15.05061,0.55743,0,7.55E-05,2.45E-06,0.000124388,0.00126973,0.00612704,0,0,1.179692991,1035.660493,0.000376502,0.08011941,47.96840074,9.5158,0.1908,0.0819,1.0368,,3.227264549,19.5313,0,0,,0,0,0,0,0,0,0,1.220035494
22,11,22011,206.3850493,75.08067089,52.11418198,1.237523717,2.819651733,5.459884106,8.180504567,0.26753701,23.21115529,1.362948205,2.806595039,3.408008261,17.22718111,94.79910233,36.91903952,11.95866392,20.45969529,1.005664979,180.7552309,3.87642,30.3372,88.4835,51.4047,21.9102,68.2587,2.5281,760.8014187,0.226070404,0.007330262,0.00320165,0.032681746,0.112669466,2.54E-05,0,5.350235635,804.4994698,0.001707543,0.363363795,192.9434757,103.2368,0.8654,1.0373,13.8747,,14.63654182,88.5799,0.0299,0,,0,15.83946,2.151,0,7.754,1.1196,1.557706367,14.94321655
22,12,22012,3.564508623,1.296730067,0.900072228,0.021373467,0.048698648,0.094298517,4.675743851,1.337685051,2.443279504,0.779022448,0,0.133647383,0.875735159,1.862864456,0.727707744,0,0,0.391091936,129.2827819,2.772558,21.69828,63.28665,36.76653,15.67098,48.82113,1.80819,69.99837531,0.020799857,0.000674429,0.002898791,0.029590229,0.116073378,0,0,3.826685088,422.5673753,0.001221298,0.259891136,137.9602078,24.4623,0.6189,3.3574,12.1906,,10.46859244,63.3556,0,0,,0,0,0,0,3.1568,0.4558,0.067874791,16.61910167
22,13,22013,0,0,0,0,0,0,7.951221155,0,0,1.324747455,0,0,0,0.20698494,0.072770774,0,0,0,36.64009558,0.785772,6.14952,17.9361,10.42002,4.44132,13.83642,0.51246,0,0.000506788,1.64E-05,0.000173062,0.001766581,0.001361565,0,0,1.084522667,830.8314057,0.000346129,0.073655872,40.32557327,4.0034,0.1754,0.7643,0.7544,,2.966908833,17.9556,0,0,,0,0,0,0,0,0,0,1.175670567
22,14,22014,740.348441,269.3308349,186.9450017,4.439269016,10.11470924,19.58580188,12.54098373,180.8550189,195.4623603,2.089444621,6.147779609,26.46218179,31.94128764,97.48990655,148.8647474,101.3939456,48.27191897,8.011797663,1664.558984,35.69761,279.3726,814.83675,473.38135,201.7691,628.58835,23.28105,2024.654925,0.601621587,0.019507392,0.100289515,1.023733611,0.059228058,5.08E-05,0,49.26984823,1054.926672,0.015724616,3.346185153,2124.449245,661.0973,7.9691,34.6933,2.957,,134.7866231,815.7245,0.311,0.2242,,12.61123566,0,0,0,4.5666,0.6594,21.37251616,8.870767161
22,15,22015,0,0,0,0,0,0,3.062571279,0.53507402,1.221639752,0.510252882,0,0,0,0.413969879,0.121284624,0,0,0.044696221,16.47109788,0.353234,2.76444,8.06295,4.68419,1.99654,6.21999,0.23037,0,0.000539136,1.75E-05,0.000486737,0.004968509,0.001021173,0,0,0.487533635,378.1594943,0.000155598,0.033111078,19.37514429,4.5251,0.0789,0.3003,1.1186,,1.333736853,8.0717,0,0,,0,0,0,0,0,0,0,0.332736953
22,16,22016,445.207127,161.9615854,112.4190212,2.669545981,6.082461165,11.77788471,9.064883439,32.10444122,35.4275528,1.510293957,20.78216803,13.99956335,0,189.8051896,48.65939112,30.05432981,0.424614102,1.888415349,475.0278355,10.187298,79.72668,232.53615,135.09243,57.58038,179.38503,6.64389,889.4039289,0.264284346,0.008569337,0.018890815,0.192833342,0.125604329,0.000279518,0.019479093,14.06051067,655.4910161,0.004487453,0.954926263,582.9706194,163.8759,2.2742,10.1541,9.2856,,38.465082,232.7895,0,0.0685,,0,0,0,0,10.1598,1.467,6.436563936,27.26224767
22,17,22017,32.08057761,11.6705706,8.100650049,0.1923612,0.438287834,0.848686649,4.77400817,3.745518142,6.108198759,0.795394198,0,1.503533057,0.686980212,170.1416203,5.312266528,0,0.18995894,2.056026179,123.7380771,2.653648,20.76768,60.5724,35.18968,14.99888,46.72728,1.73064,112.7812081,0.033512678,0.001086638,0.006046359,0.061719919,0.055143364,2.54E-05,0.009739546,3.662565483,222.5232482,0.001168918,0.248744875,145.6156831,33.2609,0.5924,2.8661,6.6501,,10.01961344,60.6384,0,0,,0,0,0,0,3.0495,0.4403,0.011549439,6.770087866
22,18,22018,0,0,0,0,0,0,7.136446176,1.605222061,1.221639752,1.188998359,0,0,0,0.413969879,0.242569248,0,0,0.078218387,54.52900771,1.169412,9.15192,26.6931,15.50742,6.60972,20.59182,0.76266,0,0.000948879,3.08E-05,0.000600309,0.006127827,0.004425085,2.54E-05,0,1.614022669,1102.013567,0.00051512,0.109617116,52.00660496,6.3457,0.2611,0.3821,0.3906,,4.415452309,26.7222,0,0,,0,0,0,0,0,0,1.314734373,0.61112687
23,1,23001,23.16930605,8.428745436,5.85046948,0.138927533,0.316541214,0.612940357,2.395288281,25.68355297,17.59161243,0.406663123,0,0.267294766,0.002194825,9.521307221,3.34745562,0,0,0.368743826,168.3852841,3.611138,28.26108,82.42815,47.88683,20.41078,63.58743,2.35509,28.73961288,0,0.000276904,0,0.357125363,0,0,0,0,39.72909598,0.001590688,0.338497069,220.8729282,55.3788,0.8061,3.4393,0.0004,,40.66503118,58.5785,0.0262,0.0285,,0,29.4957,2.34,7.9,0,0,24.09986212,0
23,2,23002,6.772566384,2.463787128,1.710137233,0.040609587,0.092527432,0.179167181,40.83045254,3.745518142,4.397903107,6.932042166,0,0.300706611,0,22.76834336,0.921763142,0,0,2.190114842,141.315971,3.030618,23.71788,69.17715,40.18863,17.12958,53.36523,1.97649,23.87710262,0,0.000230054,0,0.035994085,0.006807823,5.08E-05,0.009739546,0,5307.969297,0.001334972,0.284080894,110.6819484,26.559,0.6766,1.5559,0.7661,,34.12779447,49.1615,0.0185,0.0354,,0,0,0,0.7,0,0,0.304455081,0.738075844
23,3,23003,0.712901725,0.259346013,0.180014446,0.004274693,0.00973973,0.018859703,1.40032238,6.688425254,0.488655901,0.237741518,0,2.472476582,0,1.655879517,0.485138496,0,0.044696221,0.078218387,31.18118894,0.668702,5.23332,15.26385,8.86757,3.77962,11.77497,0.43611,8.45496187,0,8.15E-05,0,0.086507257,0,0,0,0,0,0.00029456,0.062682087,44.49680815,7.9965,0.1493,0.4367,0.0004,,7.530254363,10.8474,0.0047,0.0031,,0,0,0,3.4,0,0,0,0
23,4,23004,36.35798795,13.22664668,9.180736723,0.218009359,0.496726212,0.961844868,82.06626156,28.35892308,39.58112796,13.93290424,0,0.634825068,0,56.50688851,8.586951374,0,0,1.352060694,472.6018931,10.135272,79.31952,231.3486,134.40252,57.28632,178.46892,6.60996,131.1426275,0,0.001263549,0,0.250357632,0.137518019,0.000152464,0.048697731,0,6278.865806,0.004464536,0.950049504,467.5895863,141.1034,2.2626,7.3699,19.3471,714.3246,114.1333153,164.4104,0.0749,0.1471,,0,19.18917,5.039,0.8,0,0,8.223516239,64.44190354
23,5,23005,291.2203545,105.9428465,73.535901,1.746212223,3.978679561,7.704188799,10.68667079,417.3577358,147.0854261,1.814343166,0.735060605,5.880484843,0.0087793,72.03075898,27.8954635,0.145541549,0.603398987,8.168234438,1394.73885,29.911132,234.08712,682.7541,396.64762,169.06292,526.69602,19.50726,293.3472608,0,0.002826378,0,2.490823813,0.001361565,0,0,0,656.3627928,0.013175702,2.803778343,1656.13805,566.0935,6.6773,10.045,0.0144,,336.8293085,485.2067,0.2031,0.0593,,1.030926337,101.57238,34.778,0,0,0,29.69993816,0
23,6,23006,1.782254312,0.648365034,0.450036114,0.010686733,0.024349324,0.047149258,23.28957221,0.80261103,1.710295653,3.954016831,0,0.100235537,0,9.9352771,0.388110797,0,0,0.111740553,70.48746171,1.511652,11.83032,34.5051,20.04582,8.54412,26.61822,0.98586,0,0,8.46E-05,0,0.013691002,0.000680782,5.08E-05,0,0,2828.216259,0.000665875,0.141697651,54.55591995,18.6435,0.3375,1.1737,0.8987,,17.02271575,24.5214,0.0093,0.0123,,0,0,0,0.2,0,0,0.138369288,2.00641977
23,7,23007,0,0,0,0,0,0,12.49234965,1.070148041,0.488655901,2.120904598,0,0,0,1.034924698,0.121284624,0,0,0.067044332,48.45878933,1.039232,8.13312,23.7216,13.78112,5.87392,18.29952,0.67776,0,0,3.53E-05,0,0.006238239,0.001021173,0,0.029218639,0,1945.073814,0.000457776,0.09741444,40.09050166,15.5415,0.232,0.464,0.2459,,11.70279333,16.858,0.0069,0.0123,,0,0,0,0,0,0,0.096774642,0.260356851
23,8,23008,40.99184916,14.91239577,10.35083062,0.245794866,0.560034455,1.08443294,11.14361809,103.0017489,25.16577889,1.891921977,0,1.136002754,0,12.83306625,6.403828143,0,0,1.340886638,324.6344213,6.962008,54.48528,158.9154,92.32228,39.35048,122.59188,4.54044,45.46809967,0,0.000438082,0,1.922316009,0.001021173,2.54E-05,0.009739546,0,0,0.003066729,0.652597409,637.5456879,215.9215,1.5542,2.1564,0.1595,,78.39918397,112.935,0.0407,0.0208,,0,0,0,0,0,0,3.203252471,0
23,9,23009,0,0,0,0,0,0,2.122593923,0,0,0.360366091,0,0,0,0,0,0,0,0,66.03882816,1.416248,11.08368,32.3274,18.78068,8.00488,24.93828,0.92364,0,0,0,0,0,0,0,0,0,604.3381344,0.00062385,0.132754771,43.82813148,0,0.3162,0,,,15.94837115,22.9738,0.0079,0,,0,0,0,0,0,0,0,0
24,1,24001,1.069352587,0.38901902,0.270021668,0.00641204,0.014609594,0.028289555,4.923425566,0.53507402,1.465967702,0.731534748,0,0.200471074,0,0.620954819,0.436624646,0,0,0.16761083,35.89365176,0.769764,6.02424,17.5707,10.20774,4.35084,13.55454,0.50202,0,0.001531146,4.96E-05,0.000459696,0.00469248,0.016679166,2.54E-05,0,1.058036014,629.7934273,0.000339077,0.072155331,35.90645947,10.0489,0.1718,0.8735,,,4.825649842,10.3135,0,0,,0,0,0,0,3.0498,0.4404,0,2.29976805
24,2,24002,0,0,0,0,0,0,3.760355468,0,0,0.558722916,0,0,0,0,0.024256925,0,0,0,15.95630904,0.342194,2.67804,7.81095,4.53779,1.93414,6.02559,0.22317,0,0.000107827,3.50E-06,5.41E-05,0.000552057,0.015317601,0,0,0.470343607,317.6232703,0.000150735,0.032076223,17.95611825,0,0.0764,0.0819,,,2.145213887,4.5848,0,0,,0,0,0,0,1.3294,0.192,0,2.034946275
24,3,24003,0,0,0,0,0,0,8.690916433,0,0,1.291317859,0,0,0,0,0.121284624,0,0,0.022348111,99.81112092,2.140518,16.75188,48.85965,28.38513,12.09858,37.69173,1.39599,0,0.000269568,8.74E-06,0.000216328,0.002208226,0.006467432,5.08E-05,0.048697731,2.94212919,4742.6434,0.000942887,0.200645633,91.79469711,4.212,0.4778,0.0819,2.532,62.5318,13.41890547,28.6791,0,0.0169,,0,0,0,0,0,0,0.037663473,3.758610813
24,4,24004,0,0,0,0,0,0,4.159937833,0,0,0.618093852,0,0,0,0,0.024256925,0,0,0,9.358432092,0.200698,1.57068,4.58115,2.66143,1.13438,3.53403,0.13089,0,4.31E-05,1.40E-06,1.08E-05,0.000110411,0.006467432,2.54E-05,0,0.275858201,252.9994025,8.84E-05,0.018812819,11.02877092,0,0.0448,0,,,1.258175586,2.689,0,0,,0,0,0,0,0,0,0.136303812,2.931623514
24,5,24005,2.851606898,1.037384054,0.720057782,0.017098773,0.038958919,0.075438813,2.914810643,0.26753701,1.954623603,0.433089774,0,0.033411846,0,2.069849396,0.921763142,0,0,0.022348111,37.1463046,0.796628,6.23448,18.1839,10.56398,4.50268,14.02758,0.51954,0,0.003428903,0.000111181,0.001108679,0.011317159,0.018721513,0,0,1.094960422,170.6545997,0.000350911,0.074673481,44.70349483,11.7511,0.1778,0.6278,,,4.994060235,10.6734,0,0,,0,0,0,0,2.0137,0.2908,0.010047572,2.874322896
24,6,24006,0,0,0,0,0,0,6.603812117,0,0,0.981210738,0,0.868707988,0,0.20698494,0.024256925,0,0,0.022348111,19.26168237,0.41308,3.2328,9.429,5.4778,2.3348,7.2738,0.2694,0,0.00051757,1.68E-05,0.00062735,0.006403856,0.007488605,2.54E-05,0,0.56777599,390.8703946,0.00018196,0.03872086,20.91960145,2.2776,0.0922,0.1911,,,2.589598159,5.5345,0,0,,0,0,0,0,3.7146,0.5363,0,2.384944644
24,7,24007,0,0,0,0,0,0,7.502872438,1.605222061,1.710295653,1.114795344,0,0.066823691,0,1.862864456,0.582166195,0,0,0.055870277,36.88676523,0.791062,6.19092,18.05685,10.49017,4.47122,13.92957,0.51591,0,0.004582654,0.000148591,0.000703065,0.007176735,0.029614029,0.000203286,0.009739546,1.087309988,316.6959395,0.000348459,0.074151741,37.02532231,12.9131,0.1766,1.2556,,,4.959166986,10.5988,0,0,,0,0,0,0,1.8866,0.2724,0,5.878733682
24,8,24008,5.703213797,2.074768107,1.440115564,0.034197547,0.077917837,0.150877626,6.69300461,1.872759071,5.619542859,0.994463179,0,0.033411846,0,4.139698792,0.994533916,0,0,0.089392443,42.47865899,0.910984,7.12944,20.7942,12.08044,5.14904,16.04124,0.59412,14.514956,0.004313086,0.00013985,0.001822561,0.018604305,0.05684532,2.54E-05,0.009739546,1.25214206,311.4347752,0.000401284,0.085392863,54.11008135,10.3997,0.2034,1.9653,,,5.710957899,12.2056,0,0,,0,0,0,0,0.9775,0.1411,0,11.91852856
24,9,24009,0,0,0,0,0,0,1.120257701,0,0,0.16645066,0,0.133647383,0,0,0,0,0,0,6.921764924,0.148442,1.16172,3.38835,1.96847,0.83902,2.61387,0.09681,0,4.31E-05,1.40E-06,5.41E-06,5.52E-05,0.002382738,2.54E-05,0,0.204032641,29.98311557,6.54E-05,0.013914501,6.958672302,0,0.0331,0,,,0.930582768,1.9889,0,0,,0,0,0,0,0,0,0,0.867252598
24,10,24010,0.712901725,0.259346013,0.180014446,0.004274693,0.00973973,0.018859703,14.7702767,0.80261103,4.886559008,2.194604243,0,0,0,4.553668671,0.460881571,0,0,0,62.99942906,1.351066,10.57356,30.83955,17.91631,7.63646,23.79051,0.88113,0,0.001736017,5.63E-05,0.001054597,0.010765102,0.020083077,2.54E-05,0,1.857032137,1208.252861,0.000595138,0.126644809,65.5761416,12.8138,0.3016,0.737,0.2858,,8.469831572,18.1019,0,0.0185,,0,0,0,0,2.3851,0.3444,0,10.49220777
24,11,24011,0,0,0,0,0,0,5.183867643,2.140296081,2.687607454,0.770231876,0,0.167059229,0,6.209548188,1.479672412,0,0,0.257003272,85.10531976,1.825142,14.28372,41.66085,24.20297,10.31602,32.13837,1.19031,21.95387095,0.006523543,0.000211524,0.001757662,0.017941837,0.091224825,7.62E-05,0.019479093,2.508646764,881.4191032,0.000803966,0.171083248,97.04899751,14.9138,0.4074,2.2383,2.4749,,11.4418136,24.4537,0,0,,0,0,0,0,1.1926,0.1722,0,19.00831855
24,12,24012,1.069352587,0.38901902,0.270021668,0.00641204,0.014609594,0.028289555,4.855639272,1.070148041,0,0.721462892,0,0.033411846,0,0,0.194055398,0,0,0,45.77330755,0.98164,7.6824,22.407,13.0174,5.5484,17.2854,0.6402,0,0.00051757,1.68E-05,0.000367757,0.003753984,0.000340391,0.000101643,0.019479093,1.349258309,1870.160193,0.000432407,0.092015942,42.76509901,11.6562,0.2191,0.2184,1.8182,11.3553,6.153900301,13.1522,0,0,,0,0,0,0,0,0,0.038300151,0.72322672
24,13,24013,38.85314399,14.13435773,9.810787282,0.232970786,0.530815266,1.02785383,20.56422099,16.05222061,60.34900374,3.055482815,1.837651514,1.503533057,0,11.17718674,10.67304691,0.412367721,0,0.871576315,347.5918586,7.454346,58.33836,170.15355,98.85111,42.13326,131.26131,4.86153,139.9967506,0.041599715,0.001348858,0.016976315,0.173290542,0.123561983,0.000559035,0.175311833,10.245954,3026.392994,0.003283602,0.698747673,425.5620808,105.3875,1.6641,8.9804,25.2473,832.9795,46.73128855,99.875,0.111,0.1317,,0,0,0,0,4.2522,0.614,1.072192987,48.41437628
24,14,24014,0,0,0,0,0,0,5.355117228,0.53507402,0.24432795,0.795676562,0,0,0,0.20698494,0.04851385,0,0,0.022348111,37.30503116,0.800032,6.26112,18.2616,10.60912,4.52192,14.08752,0.52176,0,0.000485222,1.57E-05,0.000227144,0.002318637,0,0,0,1.099639199,1742.287968,0.00035241,0.074992561,37.03555238,0,0.1786,0.1911,3.7685,,5.015399908,10.719,0,0,,0,0,0,0,0,0,0,0
24,15,24015,0,0,0,0,0,0,7.609903429,0,0.488655901,1.130698273,0,0,1.784392692,0.413969879,0.266826173,0,0,0.044696221,42.90121482,0.920046,7.20036,21.00105,12.20061,5.20026,16.20081,0.60003,33.45697358,0.009941663,0.000322355,0.001178986,0.012034832,0.012594472,7.62E-05,0.009739546,1.264597725,532.0439417,0.000405276,0.086242308,50.41182248,8.4978,0.2054,0.7643,,,5.767767569,12.327,0,0,,0,0,0,0,4.4966,0.6493,4.161085162,11.80082999
24,16,24016,3.208057761,1.16705706,0.810065005,0.01923612,0.043828783,0.084868665,5.055430454,4.013055152,6.108198759,0.75114836,0,0,0.002194825,2.690804215,1.140075465,0.024256925,0,0.18995894,80.12044784,1.718238,13.44708,39.22065,22.78533,9.71178,30.25593,1.12059,29.3927859,0.008733999,0.000283197,0.002509401,0.025615423,0.102457732,0.000101643,0,2.361707855,839.4695769,0.000756875,0.161062393,95.87400643,21.3708,0.3836,0.9554,0.0595,0.3111,10.77163252,23.0213,0.026,0.0169,,0,0,0,0,2.4438,0.3529,0.072755365,94.89292087
24,17,24017,0.712901725,0.259346013,0.180014446,0.004274693,0.00973973,0.018859703,17.64584264,0,0.24432795,2.621862943,0,0,0,0,0.145541549,0,0,0,51.52178292,1.10492,8.6472,25.221,14.6522,6.2452,19.4562,0.7206,0,0.00023722,7.69E-06,0.000146021,0.001490553,0.039825763,7.62E-05,0.009739546,1.518705932,1181.467022,0.000486712,0.103571833,53.69498109,8.392,0.2467,0.1092,,,6.926742513,14.804,0,0,,0,0,0,0,1.0655,0.1538,0.021915515,12.62626863
24,18,24018,0,0,0,0,0,0,3.660459877,0,0.24432795,0.543880182,0,0,0,0.413969879,0,0,0,0,32.48103075,0.696578,5.45148,15.90015,9.23723,3.93718,12.26583,0.45429,0,0.002232022,7.24E-05,4.87E-05,0.000496851,0.000680782,0,0,0.957442295,1355.743758,0.000306839,0.065295099,31.50498045,3.1511,0.1555,0.1092,1.357,,4.366846872,9.3329,0,0,,0,0,0,0,0,0,0,0
24,19,24019,0,0,0,0,0,0,3.392882401,0,0,0.504122859,0,0,0,0,0,0,0,0,11.52483512,0.247158,1.93428,5.64165,3.27753,1.39698,4.35213,0.16119,0,1.08E-05,3.50E-07,5.41E-06,5.52E-05,0.005105867,0,0.009739546,0.339717193,289.0875998,0.000108872,0.023167838,14.7749519,0,0.0552,0.0273,0.4564,,1.549433286,3.3115,0,0,,0,0,0,0,0,0,0,2.615695782
24,20,24020,27.4467164,9.984821517,6.930556153,0.164575693,0.374979591,0.726098577,10.71380215,7.223499274,28.34204224,1.591883222,0.033411846,1.236238291,2.532828004,10.34924698,6.403828143,3.711309492,17.09630464,0.558702766,180.4978365,3.8709,30.294,88.3575,51.3315,21.879,68.1615,2.5245,213.3698532,0.063402365,0.002055802,0.006349218,0.064811435,0.029273638,0.000127053,0,5.3205289,436.9349006,0.001705112,0.362846367,199.5372124,78.4016,0.8641,5.6503,,,24.26666871,51.8632,0.0531,0.03,,0,0,0,0,0.7331,0.1059,0.190278153,14.94771799
24,21,24021,0,0,0,0,0,0,6.518187325,0,0,0.968488394,0,0,0,0,0.072770774,0,0.603398987,0,100.036341,2.145348,16.78968,48.9699,28.44918,12.12588,37.77678,1.39914,0,0.00075479,2.45E-05,0.000216328,0.002208226,0.048335541,0.000101643,0,2.948767996,1390.074829,0.000945015,0.201098382,95.70738099,6.5041,0.4789,0,,,13.44918473,28.7438,0,0,,0,0,0,0,3.304,0.4771,0,7.940007268
24,22,24022,0.712901725,0.259346013,0.180014446,0.004274693,0.00973973,0.018859703,7.513575537,0,0.24432795,1.116385637,0,0.100235537,0.239235921,0.620954819,0.388110797,0,0,0,37.87129888,0.812176,6.35616,18.5388,10.77016,4.59056,14.30136,0.52968,0,0.002350632,7.62E-05,0.000497554,0.00507892,0.035060287,2.54E-05,0,1.116331055,463.0296151,0.000357759,0.076130903,40.81598815,7.5893,0.1813,0.7643,,,5.091530633,10.8817,0,0,,0,0,0,0,1.9844,0.2865,0,8.618322692
24,23,24023,0,0,0,0,0,0,5.494257515,0.53507402,1.710295653,0.81635037,0,0.033411846,0,1.448894577,0.363853872,0,0,0,29.78696917,0.638802,4.99932,14.58135,8.47107,3.61062,11.24847,0.41661,0,0.00122923,3.99E-05,0.000394798,0.004030013,0.027912073,0,0.009739546,0.878029529,441.0052382,0.000281389,0.059879352,36.17116142,7.7018,0.1426,0.3821,,,4.004649179,8.5588,0,0,,0,0,0,0,1.8964,0.2738,0,9.810795015
24,24,24024,16.39673967,5.964958309,4.140332247,0.098317946,0.224013782,0.433773176,16.49347565,11.23655443,22.72249939,2.450641404,0,0.601413223,0,7.037487946,2.716775576,0,0,0.88275037,176.9629531,3.795092,29.70072,86.6271,50.32622,21.45052,66.82662,2.47506,31.53374191,0.009370179,0.000303825,0.007695857,0.078557643,0.095649909,0.000101643,0,5.216331258,1998.472058,0.001671719,0.355740356,212.7525284,62.5437,0.8472,3.3847,0.6151,,23.79142843,50.8475,0.0564,0.0554,,0,0,0,0,5.0831,0.734,0.179977191,18.46628568
24,25,24025,3.920959485,1.426403074,0.99007945,0.023510813,0.053568513,0.103728368,5.422903522,0.80261103,6.35252671,0.805748418,0,0.066823691,0.509199391,1.862864456,0.897506217,0,0,0.067044332,56.52595942,1.212238,9.48708,27.67065,16.07533,6.85178,21.34593,0.79059,19.74034016,0.005865797,0.000190197,0.001330415,0.01358059,0.169855177,2.54E-05,0.019479093,1.666213881,263.4178375,0.000533985,0.113631495,59.55196483,21.4313,0.2706,1.474,,,7.599518961,16.2418,0,0.0177,,0,0,0,0,3.8123,0.5505,0.013537285,39.72946098
24,26,24026,0,0,0,0,0,0,3.168117321,0,0,0.470726707,0,0,0,0,0,0,0,0,20.59584345,0.441692,3.45672,10.0821,5.85722,2.49652,7.77762,0.28806,0,5.39E-05,1.75E-06,2.70E-05,0.000276028,0.000680782,2.54E-05,0,0.607103013,1038.092604,0.000194563,0.041402862,17.71451719,0,0.0986,0,1.0771,,2.768966761,5.9179,0,0,,0,0,0,0,0,0,0,0
24,27,24027,0,0,0,0,0,0,2.94691994,0.53507402,1.954623603,0.437860653,0,0,0,0.620954819,0.727707744,0,0,0.111740553,20.22691144,0.43378,3.3948,9.9015,5.7523,2.4518,7.6383,0.2829,0,0.00122923,3.99E-05,0.000411023,0.00419563,0.015657992,0,0,0.596228016,273.9905787,0.000191078,0.040661215,26.17530779,5.1464,0.0968,0.4367,0.0269,,2.71936644,5.8119,0,0,,0,0,0,0,0,0,0.002054951,0.571457515
24,28,24028,524.6956693,190.8786659,132.4906319,3.146174286,7.16844102,13.88074163,12.32640241,220.4504964,219.6508274,1.831487357,265.256643,34.54784845,40.03141245,198.4985571,139.8411714,81.77009345,94.15259011,20.806091,1643.201682,35.239588,275.78808,804.3819,467.30758,199.18028,620.52318,22.98234,2846.382872,0.845796169,0.027424677,0.089408232,0.912659839,0.063993534,0.000101643,0,48.43660296,733.910687,0.01552286,3.303251567,1937.606927,603.3492,7.8668,50.6616,,,220.9169463,472.1478,0.4981,0.2921,,6.443618901,0,0,0,4.3011,0.621,19.85600559,14.56674632
24,29,24029,0,0,0,0,0,0,6.942743588,0,0,1.031570014,0,0,0,0.620954819,0.072770774,0,0,0.100566498,46.84149439,1.004548,7.86168,22.9299,13.32118,5.67788,17.68878,0.65514,0,0.00051757,1.68E-05,0.00011898,0.001214524,0.011232908,0.000101643,0,1.380745218,2159.836159,0.000442498,0.094163268,46.1692954,0.096,0.2243,0.1911,4.2378,,6.297510533,13.4592,0,0,,0,0,0,0,0,0,0,0.162609862
24,30,24030,0,0,0,0,0,0,4.256265725,0,0,0.632406488,0,0,0,0,0.024256925,0,0,0,11.20094714,0.240212,1.87992,5.4831,3.18542,1.35772,4.22982,0.15666,0,2.16E-05,6.99E-07,5.41E-05,0.000552057,0.006807823,2.54E-05,0,0.330169957,219.7655185,0.000105812,0.022516741,14.38868744,0,0.0536,0,0.0135,,1.505888818,3.2184,0,0,,0,0,0,0,0,0,0,0.294246417
24,31,24031,0,0,0,0,0,0,4.42394761,0,0,0.657321078,0,0,0,0,0,0,0,0,22.9038134,0.491188,3.84408,11.2119,6.51358,2.77628,8.64918,0.32034,0,0,0,5.41E-06,5.52E-05,0.003744303,0,0,0.675134968,899.0115092,0.000216366,0.046042466,21.28702307,0,0.1097,0,,,3.079257142,6.581,0,0,,0,0,0,0,0,0,0,1.080968417
24,32,24032,0.712901725,0.259346013,0.180014446,0.004274693,0.00973973,0.018859703,10.1715118,0,2.931935405,1.511308381,0,0.46776584,0,6.416533127,0.582166195,0,0,0.033522166,76.67994244,1.644454,12.86964,37.53645,21.80689,9.29474,28.95669,1.07247,0,0.00389256,0.000126215,0.002287665,0.023351991,0.011573299,2.54E-05,0.009739546,2.260292188,1187.026259,0.000724374,0.154146106,84.85718041,26.2136,0.3671,2.2929,,,10.30908069,22.0328,0,0,,0,0,0,0,0,0,0.069844568,4.46635088
24,33,24033,0,0,0,0,0,0,7.263836559,0,0.977311802,1.079278802,0,0,0,0,0.024256925,0,0,0,22.84375471,0.4899,3.834,11.1825,6.4965,2.769,8.6265,0.3195,0,0.000140175,4.55E-06,4.33E-05,0.000441645,0.195724904,2.54E-05,0.009739546,0.67336462,205.1726129,0.000215798,0.045921733,26.01118663,6.1442,0.1094,0,,,3.071182671,6.5638,0,0,,0,0,0,0,0,0,0,52.02741255
24,34,24034,0,0,0,0,0,0,10.2000534,0,47.39962237,1.515549162,0,0,0.010974125,0.827939758,0.242569248,0,0,0.011174055,28.62225942,0.613824,4.80384,14.0112,8.13984,3.46944,10.80864,0.40032,4.06418768,0.001207664,3.92E-05,0.000443472,0.004526863,0.010892516,0.000101643,0,0.843697417,1122.236965,0.000270386,0.057537991,31.07914028,2.5708,0.137,0.4367,2.434,80.8869,3.848062119,8.2241,0,0,,0,0,0,0,0,0,0.019587792,8.886241799
24,35,24035,26.37736381,9.595802497,6.660534485,0.158163653,0.360369997,0.697809022,4.834233074,34.2447373,2.198951553,0.718282307,0.300706611,1.871063359,0.083403348,28.35693672,19.81790755,3.44448332,0.011174055,5.877553097,540.4660767,11.590666,90.70956,264.56955,153.70231,65.51246,204.09651,7.55913,167.8291788,0.049870057,0.001617021,0.010594648,0.108147872,0.030975593,0.000177875,0,15.9313011,187.2273543,0.00510563,1.086473702,544.2298977,86.6978,2.5875,5.9506,,,72.66187501,155.2943,0.0029,0,,0,5.0193,0.476,0,0,0,2.249581171,7.466115669
24,36,24036,0,0,0,0,0,0,7.691960521,0.53507402,5.375214908,1.142890519,0,0,0,0.20698494,0.266826173,0,0,0.111740553,55.80311009,1.196736,9.36576,27.3168,15.86976,6.76416,21.07296,0.78048,32.18691493,0.009564268,0.000310118,0.001433171,0.014629498,0.022125424,0.000228696,0.116874556,1.644906475,1247.557263,0.000527156,0.112178385,68.85411882,7.02,0.2672,0.6824,9.4732,379.7951,7.502336937,16.0341,0,0,,0,0,0,0,0,0,0,19.86627916
24,37,24037,7.129017246,2.593460134,1.800144455,0.042746933,0.097397296,0.188597033,16.65402213,1.872759071,0,2.474495798,0,0.200471074,0,3.311759033,0.776221593,0,0,0.156436774,211.1556568,4.528378,35.43948,103.36515,60.05023,25.59518,79.73883,2.95329,16.61962462,0.004938483,0.000160129,0.003845225,0.039251219,0.004084694,0,0.019479093,6.224228479,8096.907526,0.001994728,0.424476351,200.5423736,37.0099,1.0109,3.2209,3.1671,,28.38839772,60.6722,0.0044,0.0169,,0,0,0,0,0,0,0.061954711,0.051105957
24,38,24038,0,0,0,0,0,0,4.552384798,0,0,0.676404593,0,0,0,0,0.024256925,0,0,0,34.72250715,0.744648,5.82768,16.9974,9.87468,4.20888,13.11228,0.48564,0,0.000291133,9.44E-06,0.000124388,0.00126973,0.00306352,2.54E-05,0,1.023514223,1498.816596,0.000328014,0.069801034,32.40670754,0,0.1662,0.2184,2.8965,,4.66819766,9.977,0,0,,0,0,0,0,0,0,0,0
24,39,24039,0,0,0,0,0,0,6.093631062,0.26753701,0,0.905406775,0,0,0,0,0.072770774,0,0,0.022348111,30.46262952,0.653292,5.11272,14.9121,8.66322,3.69252,11.50362,0.42606,0,0.000409743,1.33E-05,0.000183879,0.001876992,0.017019557,0,0,0.897945947,1375.03596,0.000287772,0.061237601,28.64766254,0,0.1458,0.1638,1.6077,3.9821,4.095486976,8.753,0,0,,0,0,0,0,0,0,0,0.521900224
24,40,24040,0.356450862,0.129673007,0.090007223,0.002137347,0.004869865,0.009429852,10.44265698,1.605222061,2.687607454,1.551595802,0,0,0,2.897789154,1.140075465,0,0,0.201132996,77.00597537,1.651446,12.92436,37.69605,21.89961,9.33426,29.07981,1.07703,33.63841053,0.009995577,0.000324103,0.003207058,0.032736952,0.071482139,0.000127053,0.029218639,2.269902651,1360.156518,0.000727454,0.154801514,89.46580867,18.508,0.3687,2.4566,3.0984,80.9802,10.35291353,22.1264,0,0.0162,,0,0,0,0,6.3832,0.9217,0.84032797,41.93630911
24,41,24041,0,0,0,0,0,0,4.887748569,0,0,0.726233771,0,0,0,0.20698494,0.097027699,0,0,0.033522166,43.60475957,0.935134,7.31844,21.34545,12.40069,5.28554,16.46649,0.60987,0,0.000560701,1.82E-05,0.000335308,0.00342275,0.00612704,7.62E-05,0,1.285336091,2092.017384,0.000411922,0.087656611,38.64297499,0,0.2088,0.464,2.7564,31.8259,5.862354228,12.5291,0,0,,0,0,0,0,0,0,0,1.827425117
24,42,24042,2.138705174,0.77803804,0.540043337,0.01282408,0.029219189,0.05657911,4.884180869,0.26753701,1.710295653,0.725703674,0,0.033411846,0,1.241909638,0.291083097,0,0,0.122914609,28.87750888,0.619298,4.84668,14.13615,8.21243,3.50038,10.90503,0.40389,0,0.002134978,6.92E-05,0.000876127,0.008943316,0.00306352,2.54E-05,0,0.851221397,811.8532085,0.000272798,0.058051107,30.91902241,11.6836,0.1383,0.6824,1.9111,,3.88237862,8.2975,0,0,,0,0,0,0,0,0,0.01196258,0.057300618
24,43,24043,0,0,0,0,0,0,3.917334254,0,0,0.582047212,0,0.100235537,0,0.20698494,0.315340022,0,0,0.044696221,18.39512116,0.394496,3.08736,9.0048,5.23136,2.22976,6.94656,0.25728,0,0.00127236,4.13E-05,0.000394798,0.004030013,0.000680782,0,0,0.542232393,249.510587,0.000173773,0.036978853,20.92240373,3.4318,0.0881,0.464,,,2.473095079,5.2855,0,0,,0,0,0,0,0,0,0.019777416,1.243578279
24,44,24044,0,0,0,0,0,0,6.097198762,0,0,0.905936872,0,0.400942148,0,0,0.145541549,0,0,0,14.80446901,0.317492,2.48472,7.2471,4.21022,1.79452,5.59062,0.20706,0,0.00063618,2.06E-05,9.73E-05,0.000993702,0.016338775,2.54E-05,0.009739546,0.436390855,356.4438445,0.000139854,0.029760732,15.01213942,1.3728,0.0709,0.273,,,1.99035707,4.2538,0,0,,0,0,0,0,8.0645,1.1644,0,10.33269524
24,45,24045,0.712901725,0.259346013,0.180014446,0.004274693,0.00973973,0.018859703,5.797511989,0.53507402,0.732983851,0.86140867,0,0,0.877929984,0,0.679193894,0,0,0.122914609,29.46737109,0.631948,4.94568,14.4249,8.38018,3.57188,11.12778,0.41214,18.8694428,0.005607012,0.000181806,0.000492145,0.005023714,0.033358331,2.54E-05,0.019479093,0.868608747,511.4004451,0.00027837,0.059236879,33.5124322,6.4026,0.1411,0.737,,,3.961681459,8.467,0,0,,0,0,0,0,5.5034,0.7946,0,13.94418284
24,46,24046,0,0,0,0,0,0,4.341890517,0,1.710295653,0.645128832,0,0,0,0,0.436624646,0,0,0.033522166,32.13569324,0.689172,5.39352,15.7311,9.13902,3.89532,12.13542,0.44946,13.68034603,0.004065084,0.000131809,0.000335308,0.00342275,0.147048971,0,0,0.947262792,446.6888302,0.000303577,0.064600883,31.5843101,5.3837,0.1538,0.4913,,,4.320418665,9.2337,0,0,,0,0,0,0,0,0,0,45.10952442
24,47,24047,0,0,0,0,0,0,7.342325952,0,0,1.09094095,0,0,0,0,0.072770774,0,0,0,19.01715767,0.407836,3.19176,9.3093,5.40826,2.30516,7.18146,0.26598,0,0.000150958,4.89E-06,4.87E-05,0.000496851,0.028933247,2.54E-05,0,0.560568143,409.662154,0.00017965,0.038229304,20.59878268,11.3718,0.091,0,,,2.556723527,5.4643,0,0,,0,0,0,0,0,0,0,24.37599266
24,48,24048,0,0,0,0,0,0,1.066742206,0,0,0.158499195,0,0.801884297,0,0,0.703450819,0,0,0.022348111,10.48453268,0.224848,1.75968,5.1324,2.98168,1.27088,3.95928,0.14664,0,0.000884183,2.87E-05,0.000140613,0.001435347,0.001021173,2.54E-05,0,0.309052231,71.95997145,9.90E-05,0.021076566,10.70693714,0,0.0502,0.3276,,,1.409571915,3.0126,0,0,,0,0,0,0,0,0,6.062423706,1.09645507
24,49,24049,0,0,0,0,0,0,8.105813685,0,0.732983851,1.204381845,0,0,0.487251141,0.827939758,1.237103164,0,0,0.078218387,73.13218936,1.56837,12.2742,35.79975,20.79795,8.8647,27.61695,1.02285,0,0.004776743,0.000154884,0.000611126,0.006238239,0.511607878,0,0,2.155715186,739.5011824,0.000690859,0.147014223,76.22275817,8.4962,0.3501,1.0645,,,9.832110158,21.0134,0,0,,0,0,0,0,0,0,0,122.7936759
24,50,24050,2.138705174,0.77803804,0.540043337,0.01282408,0.029219189,0.05657911,2.925513742,1.337685051,4.153575156,0.434680067,2.272005508,0.066823691,3.03105327,1.448894577,0.824735443,0.145541549,0,0,90.8688098,1.948744,15.25104,44.4822,25.84204,11.01464,34.31484,1.27092,94.67380051,0.028132104,0.000912175,0.00164409,0.016782518,0.038464198,0.000127053,0.009739546,2.678536974,1331.996838,0.000858412,0.182669323,86.31301655,16.4146,0.435,0.7916,,,12.21667443,26.1097,0,0,,0,0,0,0,4.4966,0.6493,0.106893073,11.42915031
24,51,24051,0.712901725,0.259346013,0.180014446,0.004274693,0.00973973,0.018859703,9.350940875,0,0.488655901,1.389385923,0,0.066823691,0,0.620954819,0.145541549,0,0,0.011174055,28.63727409,0.614146,4.80636,14.01855,8.14411,3.47126,10.81431,0.40053,0,0.001423318,4.62E-05,0.000313675,0.003201928,0.042548892,7.62E-05,0,0.844140004,442.9339764,0.000270528,0.057568174,32.70468777,25.8035,0.1371,0.4367,,,3.850080737,8.2285,0,0,,0,0,0,0,3.6657,0.5293,0,6.481164505
24,52,24052,0,0,0,0,0,0,6.728681606,0.53507402,0.24432795,0.999764155,0,0,0,1.448894577,0.291083097,0,0,0.055870277,19.80221065,0.424672,3.32352,9.6936,5.63152,2.40032,7.47792,0.27696,0,0.000668528,2.17E-05,0.000373165,0.00380919,0.042548892,2.54E-05,0,0.583709124,332.6516011,0.000187066,0.039807459,25.58197551,5.2359,0.0948,0.0546,,,2.662268396,5.6898,0,0,,0,0,0,0,1.476,0.2131,0,8.4526155
24,53,24053,1.425803449,0.518692027,0.360028891,0.008549387,0.019479459,0.037719407,6.821441798,2.140296081,0.488655901,1.013546694,0,0.033411846,0,0,0.363853872,0,0,0.022348111,73.77567541,1.58217,12.3822,36.11475,20.98095,8.9427,27.85995,1.03185,0,0.001326274,4.30E-05,0.00113572,0.011593187,0.003403911,5.08E-05,0,2.174683203,3014.959811,0.000696938,0.148307793,69.65754423,11.1814,0.3532,0.3821,5.1865,,9.918622346,21.1983,0,0.0185,,0,0,0,0,0,0,0,0.446015622
24,54,24054,2.495156036,0.907711047,0.630050559,0.014961427,0.034089054,0.066008962,11.18473851,1.337685051,0,1.661856111,0,0.634825068,0,0,0.824735443,0,0,0.122914609,111.4131744,2.389332,18.69912,54.5391,31.68462,13.50492,42.07302,1.55826,0,0.001789931,5.80E-05,0.001162761,0.011869215,0,0,0,3.284122545,4232.000071,0.001052489,0.223968699,103.258343,7.0877,0.5334,0.5459,0.7778,,14.97872022,32.0128,0,0.0162,,0,0,0,0,0,0,0,0
24,55,24055,0,0,0,0,0,0,4.170640932,0,0,0.619684145,0,0,0,0,0.097027699,0,0,0.044696221,49.3317854,1.057954,8.27964,24.14895,14.02939,5.97974,18.62919,0.68997,0,0.001811496,5.87E-05,0.000156838,0.001600964,0.004425085,2.54E-05,0.009739546,1.454151446,862.9960406,0.000466023,0.099169383,41.3110659,2.3711,0.2362,0,,,6.6323127,14.1747,0,0,,0,0,0,0,0,0,8.55769381,0.913712559
24,56,24056,0,0,0,0,0,0,2.508092879,0.53507402,1.954623603,0.372658643,0,0.066823691,0,1.034924698,0.50939542,0.024256925,0,0.011174055,31.15330454,0.668104,5.22864,15.2502,8.85964,3.77624,11.76444,0.43572,0,0.001423318,4.62E-05,0.000340716,0.003477956,0.031315985,0,0,0.918304952,406.7864299,0.000294296,0.062626033,29.66520076,6.9211,0.1491,1.01,,,4.188343391,8.9514,0,0.0162,,0,0,0,0,0,0,0,4.539138151
24,57,24057,0.712901725,0.259346013,0.180014446,0.004274693,0.00973973,0.018859703,5.77610579,0.53507402,3.176263355,0.858228084,0,0.033411846,0,0,0.412367721,0,0,0.055870277,67.32794521,1.443894,11.30004,32.95845,19.14729,8.16114,25.42509,0.94167,0,0.001736017,5.63E-05,0.000670616,0.006845501,0.001021173,0,0,1.984623668,0,0.000636028,0.135346222,58.85948398,0,0.3223,0.8189,2.7469,,9.051770223,19.3456,0,0,,0,0,0,0,0,0,0,0
24,58,24058,0.712901725,0.259346013,0.180014446,0.004274693,0.00973973,0.018859703,4.773582179,1.070148041,1.954623603,0.709270647,0,0,0,6.209548188,0.848992367,0,0,0.044696221,38.24237584,0.820134,6.41844,18.72045,10.87569,4.63554,14.44149,0.53487,24.27626391,0.007213636,0.0002339,0.00107623,0.010985925,0.057866493,5.08E-05,0.019479093,1.127269278,0,0.000361265,0.076876861,46.3757497,12.9382,0.1831,0.6005,8.3985,332.8807,5.141419328,10.9883,0,0,,0,0,0,0,0,0,0,17.1777961
25,1,25001,92.32077334,33.58530874,23.3118707,0.553572785,1.261294989,2.442331578,60.94780876,33.44212627,101.3960994,12.0921594,0.634825068,3.174125342,7.484353114,40.15507828,20.61838607,29.59344824,0,2.804687885,869.2810124,18.642328,145.89648,425.5314,247.21348,105.36968,328.26708,12.15804,459.7975187,0.136627782,0.004430113,0,0.350279862,0.707673173,0,0,0,935.6452318,0.008211851,1.747475004,1118.356229,352.4524,4.1617,23.2563,131.7028,414.3898,282.9415407,352.9166,0.1694,0.1432,,0,51.13251,6.642,5.1,3.4272,0.4949,5.268701443,445.9729038
25,2,25002,1.425803449,0.518692027,0.360028891,0.008549387,0.019479459,0.037719407,18.71184163,0.26753701,9.040134164,3.712464423,0,0.066823691,0.072429224,1.862864456,1.261360089,0,0,0.089392443,90.29610722,1.936462,15.15492,44.20185,25.67917,10.94522,34.09857,1.26291,12.99088562,0.003860212,0.000125166,0,0.020481297,0.499013406,2.54E-05,0,0,205.5832402,0.000853002,0.181518045,119.6075591,43.0246,0.4323,1.747,52.502,,29.39040348,36.659,0.0188,0.0185,,0,0,0,0,0,0,0,0
25,3,25003,0,0,0,0,0,0,4.961207698,0,0.977311802,0.984312899,0,0,0,0,0.097027699,0,0,0,66.57077663,1.427656,11.17296,32.5878,18.93196,8.06936,25.13916,0.93108,0,0.00039896,1.29E-05,0,0.006459061,0.026550509,2.54E-05,0.009739546,0,2637.602425,0.000628875,0.133824122,78.85870458,15.0318,0.3187,0.273,11.6318,,21.66806572,27.0269,0.0126,0.0177,,0,0,0,0,0,0,0.006524006,0
25,4,25004,0,0,0,0,0,0,6.608130089,0.26753701,1.710295653,1.311065385,0,0.066823691,0,0.827939758,0.339596947,0,0,1.854893183,58.29340109,1.250142,9.78372,28.53585,16.57797,7.06602,22.01337,0.81531,0,0.003116205,0.000101042,0,0.006624678,0.055143364,0.000177875,0.019479093,0,1072.690291,0.000550681,0.117184501,74.05461747,7.5137,0.2791,0.2184,5.5195,,18.97386977,23.6663,0.0118,0.02,,0,0,0,0,0,0,0.265762232,0
25,5,25005,0,0,0,0,0,0,5.34665762,0,1.465967702,1.060786885,0,0.066823691,0,1.241909638,0.50939542,0,0,0.055870277,39.203315,0.840742,6.57972,19.19085,11.14897,4.75202,14.80437,0.54831,0,0.00139097,4.51E-05,0,0.010709896,0.00306352,0,0,0,998.3150004,0.000370343,0.078808592,41.11172558,6.9577,0.1877,0.3276,3.9182,,12.76025381,15.916,0.0063,0.0185,,0,0,0,0,0,0,0,0
25,6,25006,363.2234287,132.1367938,91.71736,2.177956248,4.962392255,9.609018832,45.22904417,168.2807794,311.0294808,8.973527067,0.267294766,10.12378925,0.320444444,122.7420692,58.38641796,8.999319095,1.40793097,24.59409576,1741.146694,37.340086,292.22676,852.32805,495.16201,211.05266,657.51021,24.35223,781.8843923,0.232335161,0.007533395,0,0.72727926,0.851318233,5.08E-05,0.029218639,0,4880.26701,0.016448119,3.500145847,2231.182467,735.1332,8.3357,23.3109,108.1862,314.0278,566.7243631,706.8825,0.3369,0.1404,,5.911800727,148.14657,18.139,0,13.2524,1.9135,16.85414617,387.8566058
25,7,25007,0.356450862,0.129673007,0.090007223,0.002137347,0.004869865,0.009429852,10.19398239,0,2.443279504,2.022505197,0,0,0,0.20698494,0.485138496,0,0,0.16761083,69.75174266,1.495874,11.70684,34.14495,19.83659,8.45494,26.34039,0.97557,0,0.001196881,3.88E-05,0,0.009053727,0.003403911,0,0,0,2235.780239,0.000658925,0.140218669,80.6106514,12.5153,0.3339,0.7916,4.789,,22.70343566,28.3183,0.0128,0.0216,,0,0,0,0,5.6116,0.8103,0,0
25,8,25008,1.069352587,0.38901902,0.270021668,0.00641204,0.014609594,0.028289555,11.42917418,1.070148041,3.420591305,2.267569562,0,0,0,0.827939758,0.897506217,0,0,0.067044332,99.10114131,2.125292,16.63272,48.5121,28.18322,12.01252,37.42362,1.38606,11.43052785,0.003396555,0.000110132,0,0.024621721,0.135475672,0.000203286,0,0,1527.569496,0.00093618,0.199218394,121.902694,35.4981,0.4744,1.3648,20.154,1.68,32.25634658,40.2337,0.0189,0.0262,,0,0,0,0,4.0485,0.5846,0.174794313,107.7070214
25,9,25009,4.277410348,1.556076081,1.080086673,0.02564816,0.058438378,0.11315822,6.374524076,7.491036284,5.375214908,1.264717515,0,0.033411846,0,3.518743973,1.819269359,0,0,0.111740553,107.5179388,2.305796,18.04536,52.6323,30.57686,13.03276,40.60206,1.50378,22.71590614,0.00674998,0.000218866,0,0.032350512,0.168493613,0,0.009739546,0,1229.905049,0.001015691,0.216138289,135.8186266,26.1326,0.5147,1.6105,10.591,,34.99592287,43.6509,0.0209,0.0447,,0,0,0,0,5.8835,0.8495,0.000889637,0
25,10,25010,1.425803449,0.518692027,0.360028891,0.008549387,0.019479459,0.037719407,16.47214398,0,6.35252671,3.268104215,0,0.066823691,0.520173516,2.690804215,1.188589314,0,0,0.089392443,201.228812,4.31549,33.7734,98.50575,57.22715,24.3919,75.99015,2.81445,46.55672137,0.013834223,0.00044857,0,0.044219727,0.207978985,0.000101643,0,0,2705.237711,0.001900951,0.404520879,244.5916439,41.3746,0.9634,2.7023,15.1525,,65.49779564,81.6962,0.0382,0,,0,0,0,0,15.0194,2.1687,1.051857652,0
25,11,25011,30.2983233,11.02220557,7.650613935,0.181674466,0.41393851,0.80153739,18.78484351,7.223499274,53.01916523,3.726948132,0,2.205181816,1.053515981,28.35693672,10.8671023,0.921763142,0,1.463801247,565.8451665,12.134938,94.96908,276.99315,160.91983,68.58878,213.68043,7.91409,185.1745512,0.055024195,0.001784142,0,0.166997097,0.97624178,0.000127053,0,0,2742.882323,0.005345379,1.1374921,727.5708448,211.5527,2.709,12.9384,142.7709,,184.1764641,229.7256,0.1125,0.0524,,0,0,0,0,0,0,0.538962097,304.4810767
25,12,25012,270.5462045,98.42181209,68.31548208,1.622246116,3.696227401,7.157257403,10.70207546,100.8614528,99.4414758,2.123311815,12.12849999,5.646601923,0.436770167,52.16020478,38.54425348,3.759823342,0,3.463957149,902.2468027,19.349302,151.42932,441.66885,256.58857,109.36562,340.71597,12.61911,437.0816126,0.129877803,0.004211247,0,0.845750589,0.214446416,0.000101643,0,0,927.019017,0.008523269,1.813744592,1327.163789,323.2309,4.3195,20.1445,6.3237,,293.6715479,366.3002,0.1865,0.117,,0,40.94415,8.082,7.3,7.6019,1.0977,4.584212382,199.5297827
25,13,25013,0,0,0,0,0,0,8.033126767,1.070148041,4.886559008,1.593787395,0,0,0,1.034924698,0.242569248,0,0,0.044696221,91.05756571,1.952792,15.28272,44.5746,25.89572,11.03752,34.38612,1.27356,0,0.001768365,5.73E-05,0,0.009881812,0.396215283,0.000101643,0,0,1725.709091,0.000860195,0.18304877,117.9684764,24.7624,0.4359,0.6005,33.832,,29.63824996,36.9682,0.0189,0.0193,,0,0,0,0,3.0874,0.4458,5.582778622,0
25,14,25014,3.920959485,1.426403074,0.99007945,0.023510813,0.053568513,0.103728368,8.570420597,1.337685051,3.176263355,1.700387497,0,0.066823691,0,0.20698494,0.679193894,0,0,0.089392443,101.00586,2.16614,16.9524,49.4445,28.7249,12.2434,38.1429,1.4127,0,0.004054301,0.000131459,0,0.020812531,0.171557133,0.000127053,0,0,1010.759611,0.000954174,0.203047361,131.6905978,27.7417,0.4836,0.5459,10.6296,,32.87631185,41.007,0.0207,0.02,,0,0,0,0,4.5728,0.6603,0.193481532,0
25,15,25015,21.03060088,7.650707396,5.310426143,0.126103453,0.287322025,0.556361247,6.012434756,7.491036284,27.12040249,1.192878316,0,1.002355371,0.414821917,16.76578011,3.565767943,1.140075465,0,0.268177328,166.0730242,3.56155,27.873,81.29625,47.22925,20.1305,62.71425,2.32275,46.70187093,0.013877354,0.000449969,0,0.064811435,0.169855177,2.54E-05,0,0,174.972746,0.001568845,0.333848841,219.7590314,77.7155,0.7951,4.4766,13.1271,,54.05496805,67.4234,0.0335,0.0262,,0,0,0,0,5.0388,0.7276,0.797843661,295.5101876
25,16,25016,0,0,0,0,0,0,10.41006795,0,0,2.065376977,0,0.066823691,0,0,0.266826173,0,0,0.111740553,48.16278574,1.032884,8.08344,23.5767,13.69694,5.83804,18.18774,0.67362,0,0.001056706,3.43E-05,0,0.008115231,0.079311135,7.62E-05,0,0,1000.272223,0.00045498,0.096819398,62.01930181,9.9116,0.2306,0.3276,5.8836,,15.67646435,19.5535,0.0098,0.0193,,0,0,0,0,3.0388,0.4388,0,0
25,17,25017,0,0,0,0,0,0,11.8029438,0,3.664919256,2.341726154,0,0.066823691,0,52.57417466,0.800478518,0,0,0.100566498,178.8526572,3.835618,30.01788,87.55215,50.86363,21.67958,67.54023,2.50149,18.07112022,0.005369792,0.000174114,0,0.017279369,0.37136673,0.000127053,0.009739546,0,3587.075653,0.00168957,0.35953914,208.8493356,42.6802,0.8563,1.1191,60.6476,,58.21459994,72.6118,0.0333,0.0185,,0,0,0,0,4.699,0.6785,0.005022743,0
25,18,25018,1.782254312,0.648365034,0.450036114,0.010686733,0.024349324,0.047149258,8.135329398,2.407833091,10.99475777,1.614064588,0,0.400942148,0,5.588593369,7.592417458,0,0,1.005664979,284.9098826,6.110088,47.81808,139.4694,81.02508,34.53528,107.59068,3.98484,67.74855713,0.020131329,0.000652752,0,0.04824974,0.581388061,0,0,0,1955.849225,0.002691463,0.572741025,355.8791935,81.3692,1.364,2.6204,76.9707,129.6679,92.73507647,115.6696,0.0562,0.0185,,0,0,0,0,1.6408,0.2369,0.519143513,0
26,1,26001,0,0,0,0,0,0,0.97241559,0,0,0.163493672,0,0,0,3.311759033,0.04851385,0,0,0.69279143,5.074959966,0.108836,0.85176,2.4843,1.44326,0.61516,1.91646,0.07098,0,0.001013575,3.29E-05,0.001905962,0.000607262,0.012254081,2.54E-05,0,0.10897296,30.51020483,4.79E-05,0.010201955,6.60930635,4.2022,0.0243,0.2184,1.0466,,1.206042673,3.8458,0,0,,0,0,0,0,0,0,0,0
26,2,26002,15.68383794,5.705612295,3.960317802,0.094043253,0.214274052,0.414913473,9.200547503,13.1093135,23.94413914,1.54690167,0,14.20003442,7.319741242,4.139698792,2.983601749,0,2.759991664,18.78358699,157.184337,3.370926,26.38116,76.94505,44.70141,19.05306,59.35761,2.19843,280.1386508,0.08324256,0.002699114,0.17898717,0.057027439,0.014296428,5.08E-05,0.019479093,3.375167989,55.62291813,0.001484876,0.315980328,202.8556455,74.5444,0.7525,4.7495,0.5112,,37.35418984,119.1143,0,0.0354,,0,0,0,0,2.7161,0.3922,0.156906863,4.629591978
26,3,26003,1.782254312,0.648365034,0.450036114,0.010686733,0.024349324,0.047149258,6.193539295,0.26753701,1.954623603,1.041328929,0,0.100235537,0,4.553668671,1.067304691,0,0,0.089392443,51.78561219,1.110578,8.69148,25.35015,14.72723,6.27718,19.55583,0.72429,9.87017008,0.002932898,9.51E-05,0.048168861,0.015347171,0.031315985,0.000177875,0.009739546,1.111975556,1719.121679,0.000489204,0.104102197,67.20388278,11.3694,0.2479,1.5559,3.2403,,12.30663071,39.2432,0,0.03,,0,0,0,0,0,0,0,0
26,4,26004,0,0,0,0,0,0,3.605417802,0.26753701,0.977311802,0.606184232,0,0,0,0,0.145541549,0,0,0.033522166,19.34104565,0.414782,3.24612,9.46785,5.50037,2.34442,7.30377,0.27051,0,0.000603832,1.96E-05,0.03136174,0.009992223,0.010552125,7.62E-05,0.029218639,0.415303964,17.38758264,0.000182709,0.0388804,24.6573056,14.3695,0.0926,0.6278,2.0568,,4.596317323,14.6566,0,0,,0,0,0,0,0,0,0,0
26,5,26005,0,0,0,0,0,0,1.421222785,0,0,0.238952291,0,0,0,0,0,0,0,0,2.599683634,0.055752,0.43632,1.2726,0.73932,0.31512,0.98172,0.03636,0,7.55E-05,2.45E-06,0.001039616,0.000331234,0.001021173,5.08E-05,0,0.055822159,46.84720554,2.46E-05,0.005226023,4.018225758,0,0.0124,0.0273,0.071,,0.61780377,1.97,0,0,,0,0,0,0,0,0,0,0
26,6,26006,0,0,0,0,0,0,4.690035191,0,0.488655901,0.788542559,0,0,0,0.413969879,0.04851385,0,0,0.033522166,6.091667922,0.13064,1.0224,2.982,1.7324,0.7384,2.3004,0.0852,0,0.000366612,1.19E-05,0.003638655,0.001159319,0.013275254,0,0,0.130804398,90.83688743,5.75E-05,0.012245795,9.543918042,1.6927,0.0292,0,1.8602,,1.447658999,4.6163,0,0,,0,0,0,0,0,0,0,0
26,7,26007,0,0,0,0,0,0,1.039736669,0,0.24432795,0.174812465,0,0,0,0,0,0,0,0,1.505757352,0.032292,0.25272,0.7371,0.42822,0.18252,0.56862,0.02106,0,8.63E-05,2.80E-06,0,0,0.004084694,0,0,0.032332636,2.395951941,1.42E-05,0.003026954,2.058182088,0,0.0072,0.1911,0.992,,0.357836837,1.1411,0,0,,0,0,0,0,0,0,0,0
26,8,26008,0,0,0,0,0,0,0.95745535,0,0,0.160978385,0,0,0,0,0.024256925,0,0,0,2.642582704,0.056672,0.44352,1.2936,0.75152,0.32032,0.99792,0.03696,0,1.08E-05,3.50E-07,0.001386154,0.000441645,0.001361565,0,0,0.056743316,31.44420278,2.50E-05,0.005312261,3.805422513,0,0.0127,0,0.0652,,0.627998552,2.0025,0,0,,0,0,0,0,0,0,0,0
26,9,26009,0,0,0,0,0,0,4.039264758,0,0,0.679127563,0,0,0,0,0,0,0,0,1.454278469,0.031188,0.24408,0.7119,0.41358,0.17628,0.54918,0.02034,0,5.39E-05,1.75E-06,0.001559424,0.000496851,0.003403911,0,0,0.031227247,20.51862378,1.37E-05,0.002923468,2.553746356,0,0.007,0.0273,0.0498,,0.345603099,1.1021,0,0,,0,0,0,0,0,0,0,0
26,10,26010,0,0,0,0,0,0,0,0,0,0,0,0,0,0,0.04851385,0,0,0,2.833483565,0.060766,0.47556,1.38705,0.80581,0.34346,1.07001,0.03963,0,7.55E-05,2.45E-06,0.001039616,0.000331234,0.009530952,0,0,0.060842468,86.4377036,2.68E-05,0.00569602,4.149325099,0,0.0136,0,1.0802,,0.67336533,2.1472,0,0,,0,0,0,0,0,0,0,0
26,11,26011,0,0,0,0,0,0,3.283772646,0,0,0.552105555,0,0,0,0,0,0,0,0,3.037254147,0.065136,0.50976,1.4868,0.86376,0.36816,1.14696,0.04248,0,2.16E-05,6.99E-07,0.001386154,0.000441645,0.009530952,0,0,0.065217967,36.86638211,2.87E-05,0.00610565,4.827838043,1.5091,0.0145,0.0546,3.0467,,0.721790543,2.3016,0,0,,0,0,0,0,0,0,0,0
26,12,26012,0,0,0,0,0,0,8.991104146,0,0.732983851,1.511687649,0,0,0,1.862864456,0.485138496,0,0,0.033522166,43.42672843,0.931316,7.28856,21.2583,12.35006,5.26396,16.39926,0.60738,11.79340175,0.003504382,0.000113629,0.023391353,0.007452763,0.177003391,0.000177875,0.019479093,0.932487972,145.3982612,0.00041024,0.087298723,57.41611072,24.1219,0.2079,0.9554,43.9922,,10.3201775,32.9088,0,0,,0,0,0,0,0,0,0,0
26,13,26013,0,0,0,0,0,0,1.309020986,0,0,0.220087636,0,0,0,0,0.145541549,1.091561615,0,0.067044332,3.086588077,0.066194,0.51804,1.51095,0.87779,0.37414,1.16559,0.04317,0,0.000808704,2.62E-05,0.002252501,0.000717673,0.002042347,0,0,0.066277299,4.658890718,2.92E-05,0.006204824,4.537253139,0,0.0148,0.0273,0.2476,,0.733514542,2.339,0,0,,0,0,0,0,0,0,0,0
26,14,26014,0,0,0,0,0,0,3.291252765,0,0.488655901,0.553363199,0,0,0,0,0.169798473,0,0,0,7.080491482,0.151846,1.18836,3.46605,2.01361,0.85826,2.67381,0.09903,0,0.00023722,7.69E-06,0.002945578,0.000938496,0.00885017,0,0,0.152037084,18.9806393,6.69E-05,0.014233581,10.20676724,3.3994,0.0339,0.273,1.6939,,1.682648717,5.3656,0,0,,0,0,0,0,0,0,0.037775599,0
26,15,26015,0,0,0,0,0,0,0,0,0,0,0,0,0,0,0,0,0,0,2.601828588,0.055798,0.43668,1.27365,0.73993,0.31538,0.98253,0.03639,0,0,0,0.000346539,0.000110411,0.010892516,0,0,0.055868216,42.73337273,2.46E-05,0.005230334,3.764174574,0,0.0125,0,3.0285,,0.618313509,1.9717,0,0,,0,0,0,0,0,0,0,0
26,16,26016,0,0,0,0,0,0,1.87002998,0,0.732983851,0.314410909,0,0,0,0,0.121284624,0,0,0,10.90494356,0.233864,1.83024,5.3382,3.10124,1.32184,4.11804,0.15252,0,0.000366612,1.19E-05,0.007104041,0.002263432,0.009530952,2.54E-05,0,0.234158296,23.13978229,0.000103016,0.021921699,15.73387728,5.7221,0.0522,0.0546,,,2.591513505,8.2638,0,0,,0,0,0,0,30.4508,4.3968,0,0
26,17,26017,12.83223104,4.668228242,3.24026002,0.07694448,0.175315134,0.339474659,28.86578278,8.293647315,22.23384348,4.853246785,0.033411846,0.501177686,0,6.002563248,3.323198696,0.218312323,0.391091936,0.480484379,148.7846991,3.19079,24.9714,72.83325,42.31265,18.0349,56.18565,2.08095,55.55599409,0.016508337,0.000535278,0.164952358,0.052555781,0.147048971,0.000406571,0.029218639,3.194805305,140.2484119,0.001405527,0.299094929,203.4524991,96.8214,0.7123,4.0671,4.2979,,35.35805158,112.7491,0,0.03,,0,0,0,0.1,6.7972,0.9815,7.340459835,85.84538781
26,18,26018,137.5900328,50.05378059,34.74278799,0.825015811,1.879767822,3.639922737,27.27251723,51.09956894,104.5723628,4.585368691,1.336473828,8.620256191,17.05817959,40.98301804,51.40042362,6.355314294,0,4.011485859,820.7643094,17.601854,137.75364,401.78145,233.41589,99.48874,309.94569,11.47947,872.9657412,0.259399776,0.008410957,1.023848196,0.326210198,0.475526418,0.000254107,0.029218639,17.62400425,601.8250164,0.007753527,1.649944142,1114.386867,325.4092,3.9294,45.5572,103.6698,,195.0511509,621.9754,0,0.1711,,0,2.0826,0.751,0,3.2131,0.4639,4.789422154,299.3263902
26,19,26019,0,0,0,0,0,0,6.537624811,3.745518142,8.551478263,1.099180536,6.181191455,0.167059229,0,0.620954819,1.358387788,0,1.229146085,0.16761083,69.12541624,1.482442,11.60172,33.83835,19.65847,8.37902,26.10387,0.96681,0,0.009639747,0.000312566,0.065669058,0.020922942,0.002723129,0,0,1.484307512,54.59393976,0.000653008,0.138959595,97.39457651,37.1213,0.3309,3.3301,0.0253,,16.42736147,52.3833,0,0.0223,,0,0,0,0,2.9681,0.4286,12.14004948,0
26,20,26020,0,0,0,0,0,0,4.458151473,0,0,0.749555606,0,0.033411846,0,0,0.072770774,0,0,0.022348111,9.660870535,0.207184,1.62144,4.7292,2.74744,1.17104,3.64824,0.13512,0,0.000377395,1.22E-05,0.002945578,0.000938496,0.018381121,0,0,0.207444721,18.07200196,9.13E-05,0.019420797,12.06294263,6.6908,0.0463,0.5732,0.3998,,2.295864836,7.321,0,0,,0,0,0,0,3.2411,0.468,0.001781868,0
26,21,26021,0,0,0,0,0,0,9.4997523,0,0,1.597207416,0,0,0,0,0.024256925,0,0,0,3.571347567,0.07659,0.5994,1.74825,1.01565,0.4329,1.34865,0.04995,0,3.23E-05,1.05E-06,0.001039616,0.000331234,0.014296428,2.54E-05,0.009739546,0.076686381,13.62344488,3.37E-05,0.007179313,6.045821931,2.6937,0.0171,0,,,0.848715575,2.7064,0,0,,0,0,0,0,3.0451,0.4397,0.540359535,0
26,22,26022,0,0,0,0,0,0,4.248708115,0,0,0.714341584,0,0,0,0,0,0,0,0,1.634454562,0.035052,0.27432,0.8001,0.46482,0.19812,0.61722,0.02286,0,0.000140175,4.55E-06,0.000519808,0.000165617,0.00306352,2.54E-05,0,0.03509611,10.16073098,1.54E-05,0.003285668,2.860719611,0,0.0078,0.0546,0.0218,,0.388421182,1.2386,0,0,,0,0,0,0,0,0,0,0
26,23,26023,0,0,0,0,0,0,2.805044971,0,0,0.471616363,0,0,0,0.20698494,0.04851385,0,0,0,11.98171022,0.256956,2.01096,5.8653,3.40746,1.45236,4.52466,0.16758,0,0.003989605,0.000129362,0.005544617,0.001766581,0.02995442,2.54E-05,0,0.257279355,24.32253914,0.000113188,0.024086272,17.57073716,4.7522,0.0574,0.3821,0.6151,,2.847402525,9.0797,0,0,,0,0,0,0,0,0,0,0
26,24,26024,0,0,0,0,0,0,0.99485595,0,0,0.167266603,0,0,0,0,0.04851385,0,0,0,1.389929864,0.029808,0.23328,0.6804,0.39528,0.16848,0.52488,0.01944,0,2.16E-05,6.99E-07,0.000346539,0.000110411,0.001361565,2.54E-05,0,0.029845511,3.965992631,1.31E-05,0.002794111,2.025763522,0,0.0067,0,,,0.330310927,1.0533,0,0,,0,0,0,0,0,0,0,0
26,25,26025,7.485468108,2.723133141,1.890151678,0.04488428,0.102267161,0.198026885,6.896670568,3.477981132,4.642231057,1.159547431,0,27.66500824,10.35737899,8.486382523,6.112745046,0.824735443,10.72709311,0.145262719,107.92548,2.314536,18.11376,52.8318,30.69276,13.08216,40.75596,1.50948,344.2947563,0.1023064,0.003317253,0.09443176,0.03008708,0.02382738,0,0,2.317448623,131.2861342,0.001019541,0.21695755,145.6611295,39.0548,0.5167,4.4766,28.2928,,25.64803177,81.786,0,0,,0,0,0,0,2.7721,0.4003,0.150023559,0
26,26,26026,0,0,0,0,0,0,19.55303347,0.26753701,2.443279504,3.28748046,0,0,0,1.655879517,0.800478518,0,0,0.111740553,119.2401097,2.557186,20.01276,58.37055,33.91051,14.45366,45.02871,1.66773,0,0.003224032,0.000104538,0.056485786,0.017997043,0.22465815,7.62E-05,0.029218639,2.560403975,1144.92324,0.001126427,0.239702821,138.6232412,32.6921,0.5709,1.9107,58.5784,,28.33690543,90.3602,0,0,,0,0,0,0,0,0,0,0
26,27,26027,0,0,0,0,0,0,5.086481547,0,3.176263355,0.855197671,0,0.100235537,0,0,0.024256925,0,0,0,15.66459536,0.335938,2.62908,7.66815,4.45483,1.89878,5.91543,0.21909,0,0.000248002,8.04E-06,0.012995196,0.004140424,0.016338775,0,0,0.336360746,65.2796026,0.000147979,0.031489804,21.86935711,8.0806,0.075,0.3276,1.1447,,3.722624533,11.8706,0,0,,0,0,0,0,4.6271,0.6681,0,0
26,28,26028,0,0,0,0,0,0,0.104721679,0,0,0.017607011,0,0,0,0.620954819,0.024256925,0,0,0,1.898283842,0.04071,0.3186,0.92925,0.53985,0.2301,0.71685,0.02655,0,6.47E-05,2.10E-06,0.001905962,0.000607262,0.003744303,0,0,0.04076123,3.483759858,1.79E-05,0.003816031,2.98313772,0,0.0091,0,0.0372,,0.45111909,1.4385,0,0,,0,0,0,0,0,0,0,0
26,29,26029,92.32077334,33.58530874,23.3118707,0.553572785,1.261294989,2.442331578,22.41043928,10.4339434,24.43279504,3.767900329,0.066823691,4.644246552,3.636824959,21.9404036,6.549369692,6.525112767,0,1.698456408,292.5244675,6.273388,49.09608,143.1969,83.19058,35.45828,110.46618,4.09134,239.6056362,0.071198268,0.002308582,0.474238029,0.15109787,0.075226441,5.08E-05,0,6.28128246,918.1652788,0.002763396,0.588048269,395.4596973,120.2147,1.4005,12.6381,56.0096,,69.51719684,221.6751,0,0.0485,,0,0.00585,0.069,3,7.5112,1.0846,0.764049245,17.88527423
26,30,26030,416.691058,151.5877448,105.2184434,2.498558248,5.692871979,11.02349658,62.00271403,167.2106313,206.701446,10.42460809,2.138358125,20.21416665,20.34163773,150.4780511,95.7178252,24.35395248,11.53162509,10.34717522,1614.197621,34.617576,270.92016,790.1838,459.05916,195.66456,609.57036,22.57668,1489.633647,0.442641236,0.014352504,2.122895262,0.676379648,0.317584931,0.000228696,0.029218639,34.66113892,861.3264106,0.015248867,3.244946058,2079.763643,720.7388,7.728,82.0521,58.5677,,383.6072063,1223.2394,0.6287,0.4321,,4.050340577,97.91847,16.14,0,3.9271,0.567,25.87227121,105.7629079
26,31,26031,0,0,0,0,0,0,0.448807195,0,0,0.075458618,0,0,0,0,0.024256925,0,0,0,2.766990007,0.05934,0.4644,1.3545,0.7869,0.3354,1.0449,0.0387,0,6.47E-05,2.10E-06,0.002079231,0.000662468,0.001361565,0,0,0.059414674,87.76856105,2.61E-05,0.005562351,3.867498508,2.0008,0.0132,0.1092,0.4322,,0.657563419,2.0968,0,0,,0,0,0,0,0,0,0,0
26,32,26032,0,0,0,0,0,0,3.485735883,0,0,0.586061934,0,0,0,0.413969879,0,0,0,0,1.803905888,0.038686,0.30276,0.88305,0.51301,0.21866,0.68121,0.02523,0,4.31E-05,1.40E-06,0.00242577,0.000772879,0.006467432,0,0,0.038734683,1.851200467,1.70E-05,0.003626308,2.850380323,3.4975,0.0086,0,0.0413,,0.42869057,1.367,0,0,,0,0,0,0,0,0,0,0
26,33,26033,2.495156036,0.907711047,0.630050559,0.014961427,0.034089054,0.066008962,8.078529515,1.605222061,9.528790065,1.358255125,0,0.100235537,0.002194825,7.037487946,2.813803275,0.145541549,0,0.212307051,159.7282518,3.425482,26.80812,78.19035,45.42487,19.36142,60.31827,2.23401,61.21682693,0.01819044,0.000589819,0.088540604,0.028210088,0.176322609,0,0,3.429792642,1061.264639,0.001508907,0.321094242,195.4659047,44.2437,0.7647,4.9406,37.5823,,37.95874039,121.0421,0,0.0254,,0,0,0,0,3.8221,0.5519,0.101246463,0
26,34,26034,0,0,0,0,0,0,0.785412592,0,0,0.132052582,0,0,0,0.20698494,0.072770774,0,0,0,2.153533308,0.046184,0.36144,1.0542,0.61244,0.26104,0.81324,0.03012,0,4.31E-05,1.40E-06,0.001559424,0.000496851,0.001021173,0,0,0.046242118,2.682190736,2.03E-05,0.004329147,3.328053218,0,0.0103,0,0.5598,,0.511778041,1.6319,0,0,,0,0,0,0,0,0,0,0
26,35,26035,0,0,0,0,0,0,9.447391461,1.070148041,1.221639752,1.58840391,0,0,0.790136986,0,0.097027699,0,0,0.044696221,23.27274541,0.4991,3.906,11.3925,6.6185,2.821,8.7885,0.3255,0,0.006728414,0.000218167,0.022005199,0.007011118,0.023486988,2.54E-05,0,0.49972807,30.13426344,0.000219851,0.046784113,29.75791967,14.9753,0.1114,0.6278,1.4845,,5.530669065,17.6361,0,0,,0,0,0,0,2.3941,0.3457,0.039881443,0
26,36,26036,5.346762935,1.945095101,1.350108342,0.0320602,0.073047972,0.141447775,4.308549075,5.618277213,7.085510561,0.724402733,0,27.39771347,0,0.413969879,0.897506217,0,0,0.491658434,55.62507895,1.192918,9.33588,27.22965,15.81913,6.74258,21.00573,0.77799,106.6486392,0.0316904,0.001027551,0.078490985,0.02500816,0.007488605,2.54E-05,0,1.194419174,40.97916978,0.000525474,0.111820497,75.50780232,35.8241,0.2663,3.6304,1.5633,,13.21906367,42.1527,0,0.0193,,0,0,0,0,1.659,0.2396,0.024446668,13.67270816
26,37,26037,0,0,0,0,0,0,6.470303732,0,0,1.087861744,0,0,0,0,0.024256925,0,0,0,2.827048705,0.060628,0.47448,1.3839,0.80398,0.34268,1.06758,0.03954,0,0.000215654,6.99E-06,0.005544617,0.001766581,0.001701956,2.54E-05,0,0.060704295,8.681583619,2.67E-05,0.005683084,4.941525089,2.0156,0.0135,0.2184,,,0.671836113,2.1423,0,0,,0,0,0,0,0,0,0,5.998524854
26,38,26038,0,0,0,0,0,0,9.694235418,0,0.732983851,1.62990615,0,0,0,1.034924698,0.242569248,0,0,0.033522166,9.512868744,0.20401,1.5966,4.65675,2.70535,1.1531,3.59235,0.13305,0,0.001089054,3.53E-05,0.012995196,0.004140424,0.015998383,0,0,0.204266727,9.676825653,8.99E-05,0.019123276,13.97653389,7.1882,0.0455,0.6551,0.9535,,2.260692839,7.2089,0,0.0177,,0,0,0,0,0,0,0.009265713,7.603168027
26,39,26039,0,0,0,0,0,0,4.338469554,0.80261103,3.176263355,0.729433308,0,0,0,0,0.121284624,0.121284624,0,0.279351383,13.62259964,0.292146,2.28636,6.66855,3.87411,1.65126,5.14431,0.19053,0,0.002339849,7.59E-05,0.020272506,0.006459061,0.002042347,0,0,0.292513638,4.362719552,0.000128689,0.027384876,17.99727673,6.1061,0.0652,0.2457,0.0162,,3.237352924,10.3232,0,0,,0,0,0,0,3.1011,0.4478,0,0
26,40,26040,0,0,0,0,0,0,0,0,0,0,0,0,0,6.416533127,0.024256925,0,0,0,3.571347567,0.07659,0.5994,1.74825,1.01565,0.4329,1.34865,0.04995,0,0.000377395,1.22E-05,0.000693077,0.000220823,0.004084694,2.54E-05,0,0.076686381,97.57625369,3.37E-05,0.007179313,5.275969673,0,0.0171,0,0.1109,,0.848715575,2.7064,0,0,,0,0,0,0,0,0,0,0
26,41,26041,3.920959485,1.426403074,0.99007945,0.023510813,0.053568513,0.103728368,3.627858162,0.53507402,1.465967702,0.609957163,59.47308535,0.066823691,0,0.827939758,0.291083097,1.843526284,0,0.033522166,24.4674845,0.524722,4.10652,11.97735,6.95827,2.96582,9.23967,0.34221,72.97394129,0.02168404,0.000703098,0.028589432,0.009108933,0.002042347,0,0,0.525382313,16.73119089,0.000231137,0.049185841,34.47360801,12.4285,0.1171,1.201,,,5.814593735,18.5415,0,0,,0,0,0,0,1.729,0.2497,13.58253491,0
26,42,26042,20.67415001,7.521034389,5.220418921,0.123966106,0.28245216,0.546931396,19.10422628,8.026110304,39.82545591,3.212021842,0,15.80380302,4.993226784,36.22236443,6.428085068,0.072770774,0,4.369055629,317.7684252,6.814762,53.33292,155.55435,90.36967,38.51822,119.99907,4.44441,383.3037006,0.113897819,0.003693101,0.344632605,0.109804042,0.162026181,0.000152464,0.009739546,6.823337728,2138.155787,0.003001868,0.638795018,396.5241683,120.3549,1.5213,13.2113,73.6635,,75.51631612,240.805,0,0.0624,,0,0,0,0,7.0212,1.0138,1.601516336,157.1900595
26,43,26043,95.17238023,34.62269279,24.03192848,0.570671559,1.300253908,2.517770391,4.188867156,38.52532946,39.09247206,0.704280435,0,197.9985976,9.417993903,41.60397286,76.79742387,43.22583997,73.99459432,1.095057421,448.0829298,9.609446,75.20436,219.34605,127.42961,54.31426,169.20981,6.26703,1406.063788,0.417808643,0.013547315,0.596566143,0.19007306,0.00306352,0.000101643,0.009739546,9.621538571,104.7346589,0.004232912,0.900760178,560.7782114,183.1381,2.1452,7.9705,0.0302,,106.4850044,339.5574,0,0.0262,,0,8.92359,0.796,0,4.0951,0.5913,1.158351941,0
26,44,26044,0,0,0,0,0,0,2.371198015,0,0,0.398673032,0,0,0,0,0,0,0,0,0.7979227,0.017112,0.13392,0.3906,0.22692,0.09672,0.30132,0.01116,0,0,0,0.001386154,0.000441645,0.000680782,0,0,0.017133534,9.747984311,7.54E-06,0.001604027,1.33551838,0,0.0038,0,,,0.189622939,0.6047,0,0,,0,0,0,0,0,0,0,0
26,45,26045,0,0,0,0,0,0,4.562873152,0,0,0.767162617,0,0,0.032922374,0,0.024256925,0,0,0,5.486791037,0.117668,0.92088,2.6859,1.56038,0.66508,2.07198,0.07674,0,0.003331859,0.000108034,0.001039616,0.000331234,0.008169387,0,0,0.117816074,46.63358661,5.18E-05,0.01102984,7.817553908,0,0.0263,0,0.2437,,1.303912578,4.1579,0,0,,0,0,0,0,2.0091,0.2901,0,0
26,46,26046,0,0,0,0,0,0,2.543240773,0,0,0.427598836,0,0,0,0,0,0,0,0,0.903025421,0.019366,0.15156,0.44205,0.25681,0.10946,0.34101,0.01263,0,2.16E-05,6.99E-07,0,0,0.002382738,0,0,0.01939037,0.774870785,8.53E-06,0.00181531,1.28604555,0,0.0043,0.0546,0.0208,,0.214600154,0.6843,0,0,,0,0,0,0,0,0,0,0
26,47,26047,0,0,0,0,0,0,11.88591056,0,0.488655901,1.998395735,0,0,0,1.241909638,0.024256925,0,0,0.022348111,19.7078327,0.422648,3.30768,9.6474,5.60468,2.38888,7.44228,0.27564,14.84154251,0.00441013,0.000142997,0.015767505,0.005023714,0.009190561,2.54E-05,0,0.423179862,28.59907871,0.000186174,0.039617735,26.5542167,5.523,0.0944,0.7916,0.5033,,4.683482706,14.9346,0,0,,0,0,0,0,2.7651,0.3993,3.63E-05,0
26,48,26048,5.346762935,1.945095101,1.350108342,0.0320602,0.073047972,0.141447775,14.09254593,17.65744267,14.65967702,2.369400607,0,1.637180439,0,10.55623192,3.129143297,0,0,1.307364472,113.1291372,2.426132,18.98712,55.3791,32.17262,13.71292,42.72102,1.58226,0,0.01203351,0.000390183,0.501961114,0.159930774,0,0,0,2.429185056,7.45205796,0.001068699,0.227418219,154.1018512,86.9241,0.5416,4.1763,,,26.88465878,85.7293,0,0.0285,,0,0,0,0.9,9.4153,1.3595,1.369157198,0
26,49,26049,0,0,0,0,0,0,2.543240773,0,0,0.427598836,0,0,0,0,0.04851385,0,0,0,6.37909169,0.136804,1.07064,3.1227,1.81414,0.77324,2.40894,0.08922,0,0.000183306,5.94E-06,0.001212885,0.00038644,0.019402295,5.08E-05,0,0.136976155,261.8166803,6.03E-05,0.01282359,8.695560871,0,0.0305,0.1092,0.0801,,1.515964037,4.8341,0,0,,0,0,0,0,0,0,0,0
26,50,26050,0,0,0,0,0,0,0,0,0,0,0,0.033411846,0,0,0.097027699,0,0,0,3.307518287,0.070932,0.55512,1.6191,0.94062,0.40092,1.24902,0.04626,0,0.000312699,1.01E-05,0.001559424,0.000496851,0.013275254,0,0,0.071021261,15.39478111,3.12E-05,0.006648949,5.047524624,1.3373,0.0158,0.1365,0.4188,,0.786017668,2.5064,0,0,,0,0,0,0,0,0,0.023935345,0
26,51,26051,0,0,0,0,0,0,5.011680347,0,0.488655901,0.842621235,0,0,0,0,0.145541549,0,0,0.022348111,10.89636375,0.23368,1.8288,5.334,3.0988,1.3208,4.1148,0.1524,0,0.000442091,1.43E-05,0.005544617,0.001766581,0.009871343,2.54E-05,0,0.233974064,294.3612897,0.000102935,0.021904451,15.2369163,3.4672,0.0522,0.3548,0.1057,,2.589474548,8.2573,0,0,,0,0,0,0,0,0,0,0
26,52,26052,0,0,0,0,0,0,4.488071953,0.26753701,0.977311802,0.754586181,0,0,0,0,0.04851385,0,0,0.134088664,12.06750835,0.258796,2.02536,5.9073,3.43186,1.46276,4.55706,0.16878,0,0.000646963,2.10E-05,0.008143656,0.002594666,0.007148214,0.000101643,0.009739546,0.25912167,120.1755131,0.000113998,0.024258748,18.00704585,6.3504,0.0578,0.4367,0.2753,,2.867792088,9.1448,0,0,,0,0,0,0,0,0,0,1.615219917
26,53,26053,0,0,0,0,0,0,0.321645157,0,0,0.054078676,0,0,0,0,0,0,0,0,0.639196141,0.013708,0.10728,0.3129,0.18178,0.07748,0.24138,0.00894,0,1.08E-05,3.50E-07,0,0,0.003744303,0,0,0.01372525,0.73970341,6.04E-06,0.001284946,1.071434032,0,0.0031,0.0273,0.3561,,0.151902247,0.4844,0,0,,0,0,0,0,0,0,0,0
26,54,26054,0,0,0,0,0,0,8.100969875,0,0,1.362028056,0,0,0,0,0,0,0,2.324203506,0.501919117,0.010764,0.08424,0.2457,0.14274,0.06084,0.18954,0.00702,0,0,0,0,0,0.001361565,0,0,0.010777545,6.186986352,4.74E-06,0.001008985,0.860862917,0,0.0024,0,,,0.119278946,0.3804,0,0,,0,0,0,0,0,0,0.014514124,0
26,55,26055,40.99184916,14.91239577,10.35083062,0.245794866,0.560034455,1.08443294,25.68673181,143.3998374,49.35424598,4.31874824,0,6.248015146,1.589053271,10.34924698,4.608815709,0.097027699,0,0,349.5201718,7.4957,58.662,171.0975,99.3995,42.367,131.9895,4.8885,251.3264631,0.074681084,0.002421511,0.461589371,0.147067857,0.188236299,7.62E-05,0.019479093,7.505132623,112.0979517,0.003301818,0.702624071,463.4367979,193.6536,1.6733,11.7646,15.6211,,83.06198379,264.8665,0,0.027,,0,0,0,0,9.1002,1.314,0.524513083,0
26,56,26056,0,0,0,0,0,0,2.722763651,0,0,0.457782283,0,0,0,0,0.024256925,0,0,0,13.66549871,0.293066,2.29356,6.68955,3.88631,1.65646,5.16051,0.19113,0,0.000161741,5.24E-06,0.002945578,0.000938496,0.028933247,2.54E-05,0,0.293434796,165.6982404,0.000129094,0.027471114,13.80574977,5.8963,0.0654,0,0.4438,,3.247547706,10.3557,0,0,,0,0,0,0,1.19,0.1718,0,0
26,57,26057,0,0,0,0,0,0,5.123882146,0,0,0.86148589,0,0,0,0,0.024256925,0,0,0,2.960035821,0.06348,0.4968,1.449,0.8418,0.3588,1.1178,0.0414,0,0.000204872,6.64E-06,0.001559424,0.000496851,0.001701956,0,0,0.063559884,16.20204413,2.80E-05,0.005950422,5.509062389,0,0.0142,0,,,0.703439936,2.2431,0,0,,0,0,0,0,0,0,0,0
26,58,26058,0.712901725,0.259346013,0.180014446,0.004274693,0.00973973,0.018859703,6.036456777,0.53507402,1.221639752,1.014918413,0,0,1.332258751,0.620954819,0.145541549,0,1.251494196,0.134088664,32.04346024,0.687194,5.37804,15.68595,9.11279,3.88414,12.10059,0.44817,0,0.011580636,0.000375499,0.05319367,0.016948135,0.019061904,0,0,0.688058768,38.59446769,0.000302705,0.064415471,43.66481397,32.3131,0.1534,0.9281,0.2249,,7.61499218,24.2825,0,0,,0,0,0,0,1.9741,0.285,0.005442796,0
26,59,26059,0,0,0,0,0,0,0,0,0.24432795,0,0,0,0,0,0,0,0,0.011174055,4.056107056,0.086986,0.68076,1.98555,1.15351,0.49166,1.53171,0.05673,0,0.00011861,3.85E-06,0.002252501,0.000717673,0.007148214,0,0,0.087095464,28.19833948,3.83E-05,0.008153803,5.178048836,2.0005,0.0194,0.0273,0.0569,,0.963916608,3.0737,0,0,,0,0,0,0,3.8151,0.5509,0,0
26,60,26060,0,0,0,0,0,0,3.83730152,0,0,0.645171184,0,0,0,0,0,0,0,0,5.600473572,0.120106,0.93996,2.74155,1.59271,0.67886,2.11491,0.07833,0,2.16E-05,6.99E-07,0.001386154,0.000441645,0.008509778,2.54E-05,0,0.120257142,25.43706552,5.29E-05,0.01125837,6.712681814,0,0.0268,0.0546,0.1304,,1.330928749,4.244,0,0,,0,0,0,0,0,0,0,0
26,61,26061,0,0,0,0,0,0,4.959319508,0,0,0.83381773,0,0,0,0,0,0,0,0,2.45597175,0.05267,0.4122,1.20225,0.69845,0.2977,0.92745,0.03435,0,0,0,0,0,0.00306352,2.54E-05,0,0.05273628,37.21405061,2.32E-05,0.004937125,3.900789225,0,0.0118,0,,,0.583651252,1.8611,0,0,,0,0,0,0,0,0,0.002468697,0
26,62,26062,0,0,0,0,0,0,1.421222785,0,0,0.238952291,0,0,0,0,0.04851385,0,0,0,2.337999308,0.05014,0.3924,1.1445,0.6649,0.2834,0.8829,0.0327,0,0.00011861,3.85E-06,0.001386154,0.000441645,0.002042347,2.54E-05,0,0.050203096,12.22410297,2.21E-05,0.004699971,3.117008289,0,0.0112,0.0273,,,0.555615602,1.7717,0,0,,0,0,0,0,0,0,0,0
26,63,26063,0,0,0,0,0,0,2.146794417,0,0,0.360943723,0,0,0,0,0,0,0,0,2.357303889,0.050554,0.39564,1.15395,0.67039,0.28574,0.89019,0.03297,0,1.08E-05,3.50E-07,0.000519808,0.000165617,0.001361565,0,0,0.050617617,7.058856922,2.23E-05,0.004738778,3.933131931,0.9137,0.0113,0,,,0.560203254,1.7864,0,0,,0,0,0,0,0,0,0,0
26,64,26064,0,0,0,0,0,0,1.795228781,0,0,0.301834472,0,0,0,0,0.024256925,0,0,0,3.528448497,0.07567,0.5922,1.72725,1.00345,0.4277,1.33245,0.04935,0,4.31E-05,1.40E-06,0.002772309,0.00088329,0.008509778,0,0,0.075765223,23.51523728,3.33E-05,0.007093075,4.968989807,0,0.0169,0.0273,0.6332,,0.838520794,2.6739,0,0,,0,0,0,0,3.9691,0.5731,0.180435182,0
26,65,26065,0,0,0,0,0,0,7.719483759,0,0,1.297888231,0,0,0,0,0,0,0,0,3.622826451,0.077694,0.60804,1.77345,1.03029,0.43914,1.36809,0.05067,0,3.23E-05,1.05E-06,0.000173269,5.52E-05,0.004084694,0,0,0.07779177,31.34993961,3.42E-05,0.007282799,4.836271124,0,0.0173,0.0819,0.0438,,0.860949313,2.7454,0,0,,0,0,0,0,0,0,0,0
26,66,26066,0,0,0,0,0,0,4.74987615,0,0,0.798603708,0,0,0,0,0.169798473,0,0,0.011174055,17.50067555,0.375314,2.93724,8.56695,4.97699,2.12134,6.60879,0.24477,0,0.001121402,3.64E-05,0.008316926,0.002649871,0.028933247,0.000152464,0,0.375786297,29.84238618,0.000165324,0.03518079,26.400807,7.4802,0.0838,0.8462,1.9031,,4.158961189,13.262,0,0.0154,,0,0,0,0,0,0,0,16.14011146
26,67,26067,0,0,0,0,0,0,0.329125277,0,0,0.05533632,0,0,0,0,0,0,0,0,3.206705473,0.06877,0.5382,1.56975,0.91195,0.3887,1.21095,0.04485,0,3.23E-05,1.05E-06,0.002772309,0.00088329,0.002042347,2.54E-05,0,0.06885654,9.418396933,3.03E-05,0.00644629,5.195554238,0.9776,0.0154,0,0.0238,,0.762059931,2.43,0,0,,0,0,0,0,0,0,0,0
26,68,26068,0,0,0,0,0,0,10.62177029,0,0,1.785853961,0,0,0,0,0,0,0,0,2.852788146,0.06118,0.4788,1.3965,0.8113,0.3458,1.0773,0.0399,0,0,0,0,0,0.005446258,7.62E-05,0,0.061256989,6.023764777,2.69E-05,0.005734827,4.346180324,0,0.0137,0,,,0.677952982,2.1618,0,0,,0,0,0,0,0,0,0,0
26,69,26069,0,0,0,0,0,0,11.12293832,1.337685051,0.977311802,1.870116084,0,0,0,15.52387047,0,0,0,0,13.29013185,0.285016,2.23056,6.5058,3.77956,1.61096,5.01876,0.18588,0,0.000948879,3.08E-05,0.010915965,0.003477956,0.002042347,5.08E-05,0.009739546,0.285374665,478.7521244,0.000125548,0.026716531,17.82621021,5.9015,0.0636,0.1092,0.4162,,3.158343366,10.0713,0,0,,0,0,0,0,0,0,0,0
26,70,26070,2.495156036,0.907711047,0.630050559,0.014961427,0.034089054,0.066008962,14.33938989,2.675370101,4.886559008,2.410902847,0,0,0,0.20698494,0.460881571,0,0,0,27.17441581,0.582774,4.56084,13.30245,7.72809,3.29394,10.26189,0.38007,0,0.00122923,3.99E-05,0.058565018,0.01865951,0.030975593,5.08E-05,0.029218639,0.583507365,24.40308852,0.000256709,0.054627458,36.78002095,15.8423,0.1301,1.2283,1.1837,,6.457884459,20.5928,0,0,,0,0,0,0,0,0,0,0
26,71,26071,0,0,0,0,0,0,0,0,2.931935405,0,0,0,0,0.413969879,0.897506217,0,0,0.044696221,43.06423129,0.923542,7.22772,21.08085,12.24697,5.22002,16.26237,0.60231,0,0.002318284,7.52E-05,0.03153501,0.010047429,0.10177695,5.08E-05,0.019479093,0.92470419,295.5688107,0.000406816,0.086570012,56.14122282,0,0.2062,1.938,34.6784,,10.2340316,32.6341,0,0,,0,0,0,0,0,0,0.010642417,0
26,72,26072,0,0,0,0,0,0,2.692843172,0,1.954623603,0.452751708,0,0,0,1.241909638,0.242569248,0,0,0.022348111,28.53217137,0.611892,4.78872,13.9671,8.11422,3.45852,10.77462,0.39906,0,0.000625397,2.03E-05,0.010222888,0.003257133,0.107563599,0.000127053,0.038958185,0.612662008,195.8288748,0.000269535,0.057356891,35.16384483,0,0.1366,0.4094,41.1518,,6.780549299,21.6217,0,0,,0,0,0,0,0,0,0,0
27,1,27001,1.425803449,0.518692027,0.360028891,0.008549387,0.019479459,0.037719407,12.42851047,2.140296081,5.863870809,4.472450695,0,0.066823691,0,2.690804215,0.703450819,0,0,0.301699494,113.0712234,2.42489,18.9774,55.35075,32.15615,13.7059,42.69915,1.58145,17.63567154,0.0052404,0.000169918,0,0.023131168,0.043570065,0,0,5.874405594,3040.07482,0.001068152,0.227301797,104.354829,18.5081,0.5413,1.2829,3.5158,3.3599,13.86749826,96.5322,0.0044,0.0408,,0,0,0,0.7,3.83,0.553,0.052196894,46.05266072
27,2,27002,40.27894744,14.65304976,10.17081617,0.241520173,0.550294725,1.065573237,6.445913388,17.38990566,36.16053666,2.319588489,0,1.069179062,0.010974125,21.9404036,6.306800444,0.121284624,0,0.826880094,470.6542754,10.093504,78.99264,230.3952,133.84864,57.05024,177.73344,6.58272,110.0233665,0.032693192,0.001060067,0,0.159875568,0.043910457,0.000279518,0.087655917,24.45196952,7183.667681,0.004446137,0.946134299,412.4831093,107.2384,2.2533,6.3327,11.7915,509.5706,57.72288603,401.8113,0.0168,0.0454,,0,0,0,0,0,0,3.98884903,56.06265028
27,3,27003,1.782254312,0.648365034,0.450036114,0.010686733,0.024349324,0.047149258,5.84609024,2.942907112,7.329838511,2.103739658,0,0.066823691,0.083403348,4.346683731,1.358387788,0,0,0.257003272,204.8194641,4.392494,34.37604,100.26345,58.24829,24.82714,77.34609,2.86467,15.82130204,0.004701264,0.000152437,0,0.034337916,0.02382738,0,0,10.64101519,4703.353986,0.001934871,0.411738999,164.7787325,12.4353,0.9806,1.6378,2.2494,,25.1198623,174.8603,0.007,0.0154,,0,0,0,0,0,0,0.003131653,1.713522368
27,4,27004,292.6461579,106.4615385,73.89592989,1.754761609,3.99815902,7.741908205,10.80303681,139.1192453,166.8759901,3.887517301,4.577422861,7.818371894,0,42.63889756,29.52067746,0.897506217,0.212307051,3.452783093,1234.605202,26.476956,207.21096,604.3653,351.10746,149.65236,466.22466,17.26758,450.1087856,0.133748798,0.004336763,0,0.830403418,0.013275254,2.54E-05,0,64.14162228,3686.387474,0.011662965,2.481869152,1251.408067,565.9989,5.9107,16.4323,0.665,,151.4168235,1054.0184,0.0479,0.829,,3.659361527,12.25341,1.952,0,0,0,36.36940854,6.608102576
27,5,27005,8.554820695,3.112152161,2.160173346,0.05129632,0.116876756,0.22631644,10.97770504,8.293647315,19.79056398,3.950372384,0,0.300706611,0,14.07497589,4.754357258,0,0,0.938620647,382.6189491,8.205526,64.21716,187.30005,108.81241,46.37906,144.48861,5.35143,49.60486213,0.014739971,0.000477939,0,0.09142056,0.020083077,2.54E-05,0,19.8782575,8162.114216,0.003614493,0.769160996,319.2644469,81.5251,1.8318,4.2309,0.4446,2.0719,46.92588839,326.6529,0.0133,0.0393,,0,0,0,0,0,0,1.193652753,3.966538729
27,6,27006,4.990312072,1.815422094,1.260101119,0.029922853,0.068178108,0.132017923,4.604584088,6.955962264,12.94938137,1.656978554,0.033411846,0.133647383,0.010974125,9.728292161,1.576700111,0.145541549,0,0.581050877,247.2680938,5.302834,41.50044,121.04295,70.32019,29.97254,93.37599,3.45837,18.25255717,0.005423706,0.000175862,0,0.030528726,0.012254081,0,0,12.84635497,5085.902352,0.002335872,0.497071496,203.4862727,42.965,1.1838,1.201,1.6802,62.7807,30.3259287,211.1,0.0088,0.0531,,0,0,0,0,0,0,0.190968792,2.907117884
27,7,27007,2.495156036,0.907711047,0.630050559,0.014961427,0.034089054,0.066008962,3.079641326,1.872759071,7.574166462,1.108221619,0,0.167059229,0.024143075,3.932713852,1.746498585,0,0,0.324047604,56.63964195,1.214676,9.50616,27.7263,16.10766,6.86556,21.38886,0.79218,15.9664516,0.004744395,0.000153836,0,0.028154883,0.013275254,5.08E-05,0,2.942607495,667.4560526,0.000535059,0.113860026,57.00527286,16.5243,0.2712,1.201,1.6593,1.4,6.946507805,48.3549,0.0023,0.0354,,0,0,0,0,0.4697,0.0678,0.082957685,18.79843055
27,8,27008,1.782254312,0.648365034,0.450036114,0.010686733,0.024349324,0.047149258,23.29929635,6.420888244,12.94938137,8.384347783,0,0.23388292,0,9.314322282,2.328664779,0,0,0.636921153,353.0936643,7.572336,59.26176,172.8468,100.41576,42.80016,133.33896,4.93848,59.58389438,0.017705218,0.000574086,0,0.053935922,0.057526102,0.000152464,0,18.34432612,8878.592248,0.003335576,0.709807696,283.9697549,56.9438,1.6904,3.2755,14.1486,173.2479,43.30479167,301.4463,0.0121,0.057,,0,0,0,0,6.5196,0.9414,3.782019548,29.33114227
27,9,27009,0,0,0,0,0,0,6.764821603,0.53507402,1.465967702,2.434348924,0,0.066823691,0,2.069849396,0.315340022,0,0,0.011174055,73.16221871,1.569014,12.27924,35.81445,20.80649,8.86834,27.62829,1.02327,0,0.001380188,4.48E-05,0,0.010654691,0.003744303,0,0,3.801007311,1561.399735,0.000691143,0.14707459,63.68656419,9.4856,0.3503,0.7643,0.1004,,8.972901413,62.4607,0.0027,0.0139,,0,0,0,0,0,0,3.697874577,1.428401191
27,10,27010,3.920959485,1.426403074,0.99007945,0.023510813,0.053568513,0.103728368,5.630066488,1.337685051,8.551478263,2.026002621,0,0.133647383,0.00438965,3.725728913,1.843526284,0,0,0.312873549,162.9242325,3.494022,27.34452,79.75485,46.33377,19.74882,61.52517,2.27871,0,0.003946474,0.000127963,0,0.018714716,0.004425085,0,0,8.464426173,3377.989133,0.001539099,0.327518972,125.6227692,26.4125,0.78,1.2283,0.1641,,19.98166679,139.0932,0.0054,0.0162,,0,0,0,0,0,0,0.003850393,0.178899562
27,11,27011,1.069352587,0.38901902,0.270021668,0.00641204,0.014609594,0.028289555,11.18448264,2.140296081,3.909247206,4.024782155,0,0,0,0,0.145541549,0,0,0.078218387,62.63049706,1.343154,10.51164,30.65895,17.81139,7.59174,23.65119,0.87597,0,0.000797921,2.59E-05,0,0.010654691,0.006807823,0,0,3.253851256,2135.519516,0.000591653,0.125903162,52.24940106,4.7876,0.2998,0.7097,0.8191,,7.681249769,53.4695,0.0022,0.0069,,0,0,0,0,0,0,0.572721927,5.531909897
27,12,27012,7.485468108,2.723133141,1.890151678,0.04488428,0.102267161,0.198026885,9.052824139,4.548129173,18.08026833,3.257696063,0,0.167059229,0,2.276834336,2.619747877,0,0,0.324047604,319.0468175,6.842178,53.54748,156.18015,90.73323,38.67318,120.48183,4.46229,76.02208205,0.022589788,0.000732467,0,0.060284572,0.016679166,2.54E-05,0,16.57548537,6626.801911,0.003013945,0.64136491,261.9650649,54.9463,1.5274,2.7296,2.5909,,39.12915286,272.3796,0.0111,0.0793,,0,0,0,0,2.3197,0.3349,1.823914208,1.853287651
27,13,27013,0.712901725,0.259346013,0.180014446,0.004274693,0.00973973,0.018859703,2.709963326,2.140296081,9.284462114,0.975191468,0,0.066823691,0,4.760653611,1.697984735,0,0,0.16761083,193.24744,4.144324,32.43384,94.5987,54.95734,23.42444,72.97614,2.70282,0,0.003601427,0.000116775,0,0.031688044,0.00306352,0,0,10.03981215,2033.36323,0.001825554,0.3884763,156.6148319,14.5942,0.9252,1.3102,0.0847,,23.70062388,164.981,0.0067,0.02,,0,0,0,0,0,0,0.095171457,1.118122263
27,14,27014,6.416115521,2.334114121,1.62013001,0.03847224,0.087657567,0.16973733,2.937082461,12.57423948,13.43803727,1.056921224,0,0.267294766,0,1.862864456,2.401435554,0,0,0.402265991,178.6231471,3.830696,29.97936,87.4398,50.79836,21.65176,67.45356,2.49828,0,0.004701264,0.000152437,0,0.054708801,0.002382738,0,0,9.280034151,2462.965077,0.001687402,0.359077767,150.6472034,44.0193,0.8552,0.5732,0.1704,,21.90704325,152.4958,0.0062,0.0347,,0,0,0,30.3,0,0,0.851234702,0.433272377
27,15,27015,0,0,0,0,0,0,9.719387699,0,1.465967702,3.497561706,0,0.23388292,0,1.241909638,0.412367721,0,0,0.458136268,95.03001958,2.037984,15.94944,46.5192,27.02544,11.51904,35.88624,1.32912,8.96298533,0.002663331,8.64E-05,0,0.014243058,0.005786649,0,0,4.937108327,3244.737741,0.000897722,0.191034408,72.8006871,6.3066,0.455,1.1737,1.4433,,11.65485427,81.1299,0.0031,0.0216,,0,0,0,0,1.8933,0.2734,11.47734742,2.373214504
27,16,27016,3.920959485,1.426403074,0.99007945,0.023510813,0.053568513,0.103728368,3.995178564,1.872759071,10.75042982,1.437681466,0,0.066823691,0.02194825,1.034924698,1.285617014,0.242569248,0,0.212307051,110.2441747,2.364262,18.50292,53.96685,31.35217,13.36322,41.63157,1.54191,0,0.005574664,0.000180757,0,0.032295306,0.010892516,0,0,5.727531525,1619.453959,0.001041445,0.221618713,94.8786607,27.4854,0.5278,1.7197,0.8823,,13.52077792,94.1187,0.0039,0.0439,,0,0,0,0,1.3441,0.1941,13.86448104,18.2785037
27,17,27017,6.416115521,2.334114121,1.62013001,0.03847224,0.087657567,0.16973733,14.38028926,2.407833091,10.75042982,5.174806336,0,0,0,3.518743973,1.600957036,0,0,0.379917881,117.981022,2.530184,19.80144,57.7542,33.55244,14.30104,44.55324,1.65012,25.69147212,0.007634162,0.000247535,0,0.038699162,0.024508162,2.54E-05,0,6.129485067,2520.170898,0.001114533,0.237171736,112.645926,28.7235,0.5648,1.6105,3.5996,113.4594,14.4696552,100.7238,0.0047,0.0293,,0,0,0,0,2.9621,0.4277,0.495595374,7.256613488
28,1,28001,0,0,0,0,0,0,13.55768547,0.26753701,1.954623603,1.571297421,0,0.033411846,0,0.20698494,0.339596947,0,0,0.044696221,24.41600562,0.523618,4.09788,11.95215,6.94363,2.95958,9.22023,0.34149,0,0,0,0,0.004085218,0.096671083,0,0,2.493409824,82.20135616,0.000230651,0.049082355,22.65173583,9.8983,0.1169,0.273,4.4481,,5.992069892,11.3144,0.0109,0.0154,,0,0,0,0,0,0,0,52.69292355
28,2,28002,0,0,0,0,0,0,20.78392566,1.605222061,4.153575156,2.408798231,0,0.100235537,0,0.413969879,1.16433239,0,0,0.067044332,58.1732837,1.247566,9.76356,28.47705,16.54381,7.05146,21.96801,0.81363,0,0,0,0,0.015181554,0.178705347,0.000152464,0,5.940768499,570.1791605,0.000549547,0.116943034,56.19822924,28.4622,0.2785,0.9827,7.0525,,14.27663424,26.9576,0.0264,0.0146,,0,0,0,0,0,0,6.956101243,33.48687218
28,3,28003,9.26772242,3.371498174,2.340187792,0.055571013,0.126616485,0.245176143,14.13590811,12.03916546,23.21115529,1.63831179,0.066823691,0,0.019753425,21.11246384,23.57773089,0.072770774,2.089548345,0.636921153,386.7115204,8.293294,64.90404,189.30345,109.97629,46.87514,146.03409,5.40867,306.1929968,0.09098455,0.002950146,0,0.076349417,0.171216742,0,0.009739546,39.4917301,1286.51933,0.003653154,0.777388101,323.0724667,122.4272,1.8514,2.9753,24.6457,0.0933,94.90505919,179.2031,0.1515,0,,0,0,0,4.7,5.5061,0.795,3.73295944,118.2041614
28,4,28004,0,0,0,0,0,0,4.831892456,0,0.488655901,0.560002677,0,0,0,0,0.242569248,0,0,0.011174055,17.71946081,0.380006,2.97396,8.67405,5.03921,2.14786,6.69141,0.24783,0,0.000808704,2.62E-05,0,0.003201928,0.029273638,5.08E-05,0,1.809545687,389.9620674,0.000167391,0.035620604,17.53693044,4.7424,0.0848,0.464,3.6505,98.3087,4.348632994,8.2112,0.0084,0,,0,0,0,0,0,0,2.461028357,9.638867997
28,5,28005,0,0,0,0,0,0,9.550238524,0,0,1.106845648,0,0.033411846,0,1.034924698,0.145541549,0,0,0,9.890380559,0.212106,1.65996,4.84155,2.81271,1.19886,3.73491,0.13833,0,0.000981227,3.18E-05,0,0.001214524,0.0268909,0,0,1.010024835,46.61227617,9.34E-05,0.01988217,10.17906894,3.5293,0.0474,0,1.6274,,2.427254175,4.5832,0.005,0,,0,0,0,0,0,0,0,9.848631655
28,6,28006,0,0,0,0,0,0,11.02140476,0,0,1.277349656,0,22.41934846,0,0,0.024256925,0,0,0.011174055,15.43079543,0.330924,2.58984,7.5537,4.38834,1.87044,5.82714,0.21582,0,0.000172523,5.59E-06,0,0.000331234,0.00306352,0,0,1.575822742,473.019938,0.00014577,0.031019807,11.92400648,0,0.0739,0.0273,0.4109,,3.786958693,7.1507,0.0059,0,,0,0,0,0,0,0,0,15.09767791
28,7,28007,2.851606898,1.037384054,0.720057782,0.017098773,0.038958919,0.075438813,6.985571213,1.070148041,2.931935405,0.809607956,0,0,0,0.20698494,0.630680044,0,0,0.078218387,38.67994635,0.829518,6.49188,18.93465,11.00013,4.68858,14.60673,0.54099,32.07805276,0.00953192,0.00030907,0,0.008667287,0.107223208,0,0,3.950071101,8.586334233,0.000365398,0.077756489,38.79639111,19.7935,0.1852,0.5459,1.4058,,9.49266418,17.9244,0.0184,0,1.7429,0,0,0,0,4.1456,0.5986,2.431279063,17.98366238
28,8,28008,0,0,0,0,0,0,10.01368057,0,0,1.160557271,0,1.436709365,0,0,0,0,0,0,8.569089207,0.18377,1.4382,4.19475,2.43695,1.0387,3.23595,0.11985,0,0,0,0,0.001159319,0.087480522,5.08E-05,0,0.875092001,202.6003794,8.09E-05,0.01722604,7.931620996,0.5621,0.041,0,7.5579,,2.102988599,3.9709,0.0038,0,,0,0,0,0,1.8993,0.2742,0,46.57225816
28,9,28009,39.56604572,14.39370374,9.990801727,0.237245479,0.540554995,1.046713533,0.419627953,57.52045718,29.31935405,0.048633693,0,0,1.409077624,15.93784035,6.864709714,0,0.067044332,0.994490923,423.3258765,9.078514,71.04924,207.22695,120.38899,51.31334,159.86079,5.92077,249.9475423,0.074271341,0.002408225,0,0.194986363,0,0,0,43.23085912,200.6349047,0.003999039,0.850992231,433.157885,124.9476,2.0267,10.6455,,,103.8907952,196.1702,0.1949,0.107,,0,0,0,0,0,0,10.04277159,0
28,10,28010,0,0,0,0,0,0,6.936203219,0,0,0.803886345,0,0,0,0,0,0,0,0,4.789681151,0.102718,0.80388,2.34465,1.36213,0.58058,1.80873,0.06699,0,3.23E-05,1.05E-06,0,0.000938496,0.020423468,0,0,0.489131524,20.43267813,4.52E-05,0.009628472,5.104017936,11.9487,0.0229,0.0546,1.9245,,1.175462714,2.2195,0.0025,0,,0,0,0,0,0,0,0.01078044,4.939561387
28,11,28011,0,0,0,0,0,0,4.17159553,0,0.488655901,0.483476129,0,0,0,0.20698494,0.291083097,0,0,0,17.81383876,0.38203,2.9898,8.72025,5.06605,2.1593,6.72705,0.24915,0,0.002404545,7.80E-05,0,0.00507892,0.034039114,2.54E-05,0,1.819183746,334.1794099,0.000168282,0.035810328,17.68552579,2.8104,0.0853,0.2184,5.89,165.507,4.371794821,8.255,0.0083,0,,0,0,0,0,0,0,0,19.22617551
28,12,28012,3.564508623,1.296730067,0.900072228,0.021373467,0.048698648,0.094298517,20.14214173,2.140296081,7.329838511,2.334417288,0,0.033411846,0,2.069849396,1.940553983,0.145541549,0,0.078218387,85.00021704,1.822888,14.26608,41.6094,24.17308,10.30328,32.09868,1.18884,26.05434602,0.007741989,0.000251032,0,0.023628019,0.247804748,2.54E-05,0.019479093,8.680386936,814.5070746,0.000802973,0.170871965,81.56686541,16.225,0.4069,1.8561,40.4295,135.33,20.86038353,39.3893,0.038,0,,0,0,0,0,6.401,0.9242,0.070457874,211.0778708
28,13,28013,0,0,0,0,0,0,11.13248275,0,0,1.29022328,0,0,0,0,0,0,0,0,31.07823117,0.666494,5.21604,15.21345,8.83829,3.76714,11.73609,0.43467,0,0.002221239,7.20E-05,0,0.001048907,0.076588006,0,0.009739546,3.173769211,572.048881,0.000293587,0.062475116,26.79099681,22.0193,0.1488,0,10.7825,,7.627084307,14.4017,0.0131,0,,0,0,0,0,0.4292,0.062,0,40.33289083
28,14,28014,0,0,0,0,0,0,7.554537349,0.26753701,0,0.875549523,0,0.066823691,0,0,0.121284624,0,0,0.022348111,7.974937089,0.171028,1.33848,3.9039,2.26798,0.96668,3.01158,0.11154,0,0.000215654,6.99E-06,0,0.005023714,0.01497721,2.54E-05,0,0.814416035,1.578480456,7.53E-05,0.016031643,9.39487272,3.0417,0.0382,0,0.0014,,1.95717437,3.6956,0.0042,0,,0,0,0,0,0,0,0,0.586954054
28,15,28015,1.425803449,0.518692027,0.360028891,0.008549387,0.019479459,0.037719407,3.733454579,0.80261103,5.863870809,0.432696832,0,0.033411846,0,0.620954819,0.776221593,0.072770774,0,0.16761083,31.21765315,0.669484,5.23944,15.2817,8.87794,3.78404,11.78874,0.43662,0,0.006264757,0.000203133,0,0.010820308,0.102117341,0,0,3.188007254,8.035735689,0.000294904,0.06275539,33.20061433,16.0065,0.1495,0.273,0.6818,,7.661300642,14.4663,0.0154,0,,0,0,0,0,1.5614,0.2255,0,17.26788335
28,16,28016,0,0,0,0,0,0,13.95880043,0.26753701,1.221639752,1.61778551,0,1.303061982,0,0.20698494,0.315340022,0,0,0.022348111,49.61920917,1.064118,8.32788,24.28965,14.11113,6.01458,18.73773,0.69399,21.48213488,0.006383367,0.000206979,0,0.008391259,0.074545659,2.54E-05,0.009739546,5.067209826,745.4525801,0.000468739,0.099747178,47.36181487,10.1033,0.2376,0.6005,7.3472,,12.17733048,22.9937,0.0226,0,,0,0,0,0,3.9812,0.5749,0,39.33201982
28,17,28017,0,0,0,0,0,0,13.36638449,0.26753701,1.954623603,1.549126178,0,0.033411846,0,0.413969879,0.04851385,0,0,0.044696221,31.23695773,0.669898,5.24268,15.29115,8.88343,3.78638,11.79603,0.43689,0,0.00389256,0.000126215,0,0.00673509,0.002042347,5.08E-05,0,3.189978675,884.5688761,0.000295087,0.062794197,26.66326327,11.9705,0.1495,0.273,0.2176,,7.666038288,14.4753,0.0125,0.0208,,0,0,0,0,0,0,0,8.84471154
28,18,28018,0.356450862,0.129673007,0.090007223,0.002137347,0.004869865,0.009429852,7.078136203,0.53507402,0.488655901,0.820335977,0,0.033411846,0,0.20698494,0.436624646,0,0,0.011174055,17.43632695,0.373934,2.92644,8.53545,4.95869,2.11354,6.58449,0.24387,0,0.00111062,3.60E-05,0,0.005630977,0.045272021,0,0,1.780631508,51.04270004,0.000164716,0.035051433,16.73417401,8.8725,0.0835,0.4913,2.7716,,4.279147514,8.08,0.0077,0,,0,0,0,0,0,0,0,18.26875435
28,19,28019,0.712901725,0.259346013,0.180014446,0.004274693,0.00973973,0.018859703,11.37562012,0,0.732983851,1.318402215,0,0,0,0.20698494,0.194055398,0,0,0.055870277,36.93395421,0.792074,6.19884,18.07995,10.50359,4.47694,13.94739,0.51657,0,0.000981227,3.18E-05,0,0.00546536,0.069439792,2.54E-05,0,3.771766999,750.2546467,0.000348905,0.074246602,36.37732505,15.3631,0.1768,0.5732,5.8929,,9.064170383,17.1153,0.0176,0,,0,0,0,0,3.6525,0.5274,0.944732575,23.31221423
28,20,28020,0,0,0,0,0,0,1.283567855,0,0,0.148761886,0,0,0,0,0,0,0,0,5.092119594,0.109204,0.85464,2.4927,1.44814,0.61724,1.92294,0.07122,0,2.16E-05,6.99E-07,0,0.000165617,0.015657992,0,0,0.520017124,110.8265315,4.81E-05,0.01023645,5.075193079,0,0.0244,0.0546,1.5865,,1.249685841,2.3597,0.0025,0,,0,0,0,0,0,0,0,5.624087024
28,21,28021,50.25957158,18.28389395,12.69101841,0.301365879,0.68665094,1.329609083,23.91879331,7.758573294,29.80800995,2.772120529,0,0.70164876,0.00438965,13.24703613,5.166724979,0,0,0.446962213,235.1619763,5.04321,39.4686,115.11675,66.87735,28.5051,88.80435,3.28905,76.45753073,0.022719181,0.000736662,0,0.101247166,0.159643443,2.54E-05,0.009739546,24.01519687,781.9402243,0.002221508,0.472735133,248.5294483,81.1302,1.1258,4.149,17.7453,423.6918,57.71242929,108.9746,0.1132,0.0755,,0,0,0,0,5.1774,0.7476,12.28796432,107.3297475
28,22,28022,152.5609691,55.50004687,38.52309135,0.914784371,2.084302144,4.035976507,24.02370029,114.7733774,127.5391901,2.784278953,1.603768594,45.90787599,38.63330895,33.53156021,59.86609037,50.93954205,93.39275435,6.089860148,1041.703099,22.340038,174.83508,509.93565,296.24833,126.26978,393.37893,14.56959,2221.151142,0.660009989,0.021400618,0,0.399799332,0.47008016,2.54E-05,0,106.3807398,177.9179534,0.009840674,2.094087068,972.0722074,394.2305,4.9872,15.0674,38.8461,,255.6502433,482.7277,0.437,0,9.5149,0,3.40119,0.402,0,4.0451,0.5841,25.64559326,222.2915746
28,23,28023,0,0,0,0,0,0,9.565048923,0,0,1.108562131,0,0,0,0,0.04851385,0,0,0,9.858206256,0.211416,1.65456,4.8258,2.80356,1.19496,3.72276,0.13788,0,0.000172523,5.59E-06,0,0.001048907,0.099394212,0,0,1.006739133,12.56824203,9.31E-05,0.019817491,9.759926626,4.2057,0.0472,0.3003,16.6283,,2.419358097,4.5683,0.0048,0,,0,0,0,0,0,0,0,85.38580698
28,24,28024,1.069352587,0.38901902,0.270021668,0.00641204,0.014609594,0.028289555,5.50453138,0.80261103,2.443279504,0.637959626,0,0,0.010974125,0.20698494,0.097027699,0,0,0.033522166,13.91431331,0.298402,2.33532,6.81135,3.95707,1.68662,5.25447,0.19461,0,0.001660538,5.38E-05,0,0.006955912,0.022465815,0,0,1.420956648,2.862894464,0.000131445,0.027971294,15.25745347,10.9318,0.0666,0.0546,,,3.414790248,6.4479,0.0069,0,,0,0,0,0,0,0,0.001188048,2.36946491
28,25,28025,3.564508623,1.296730067,0.900072228,0.021373467,0.048698648,0.094298517,2.270927744,5.618277213,14.90400497,0.263194106,0,0.066823691,0.037312024,2.690804215,1.16433239,0,0,0,49.74147152,1.06674,8.3484,24.3495,14.1459,6.0294,18.7839,0.6957,10.59591788,0.003148553,0.000102091,0,0.035055589,0.052420235,0,0,5.079695494,11.23944377,0.000469894,0.099992956,55.05910567,41.1767,0.2381,1.2829,0.6875,,12.20733557,23.0503,0.0237,0,4.9222,0,0,0,0,0,0,14.33781643,8.183816521
28,26,28026,0,0,0,0,0,0,8.262968069,0,0,0.957654641,0,0,0,0.620954819,0,0,0,0.022348111,7.618874809,0.163392,1.27872,3.7296,2.16672,0.92352,2.87712,0.10656,0,0.000161741,5.24E-06,0,0.000496851,0.002723129,0,0,0.778054265,257.3176708,7.20E-05,0.015315868,6.31205868,0,0.0365,0.0273,0.2868,,1.869791114,3.5306,0.0031,0,,0,0,0,0,0,0,0,6.898615826
28,27,28027,73.42887763,26.71263938,18.54148789,0.440293412,1.003192154,1.94254944,7.669935036,56.71784615,113.8568249,0.888923789,0.868707988,81.89243381,17.98000607,45.32970177,30.636496,4.608815709,43.89168929,2.871732217,813.7653261,17.451756,136.57896,398.3553,231.42546,98.64036,307.30266,11.38158,787.1460639,0.233898655,0.007584091,0,0.30815795,0.013956037,2.54E-05,0,83.10329257,56.87989333,0.00768741,1.635874413,719.2244486,351.8807,3.8959,10.045,0.0305,,199.7107465,377.1008,0.3229,0.1425,30.3536,0,11.7468,1.03,0,2.3924,0.3454,9.983091626,1.594685559
28,28,28028,0,0,0,0,0,0,0.61709993,0,0,0.071520137,0,0,0,0.413969879,0.04851385,0,0,0.011174055,6.310453178,0.135332,1.05912,3.0891,1.79462,0.76492,2.38302,0.08826,0,0.000248002,8.04E-06,0,0.001324936,0.01804073,0,0,0.644435711,128.9972771,5.96E-05,0.012685609,6.032926698,0,0.0302,0.1638,2.1011,63.9006,1.548683969,2.9243,0.0029,0,,0,0,0,0,0,0,0,6.011629155
28,29,28029,0,0,0,0,0,0,8.756648014,0.53507402,0,1.014870751,0,0.066823691,0,2.690804215,0.218312323,0,0,0.078218387,25.83810978,0.554116,4.33656,12.6483,7.34806,3.13196,9.75726,0.36138,0,0.000927313,3.01E-05,0,0.005686182,0.042889283,2.54E-05,0,2.638637858,711.1485949,0.000244085,0.051941145,26.31557963,5.4288,0.1237,0.5186,5.6361,188.1554,6.34107651,11.9734,0.0125,0,,0,0,0,0,0,0,0,20.88413014
28,30,28030,0.712901725,0.259346013,0.180014446,0.004274693,0.00973973,0.018859703,11.38549372,0,1.221639752,1.319546537,0,0,0,0.20698494,0.388110797,0,0,0,26.19631702,0.561798,4.39668,12.82365,7.44993,3.17538,9.89253,0.36639,0,0.000948879,3.08E-05,0,0.012421272,0.080332308,5.08E-05,0,2.675218675,163.9551799,0.000247469,0.052661232,26.35785566,13.5477,0.1254,0.273,7.0675,,6.428986171,12.1394,0.0118,0,,0,0,0,0,0,0,0,27.91218077
28,31,28031,0,0,0,0,0,0,4.190108528,0,0,0.485621734,0,0,0,0,0,0,0,0,3.292503613,0.07061,0.5526,1.61175,0.93635,0.3991,1.24335,0.04605,0,0.000161741,5.24E-06,0,0.000662468,0.001361565,0,0,0.336236851,83.76090055,3.11E-05,0.006618766,3.66875285,0,0.0158,0,0.0665,,0.808031915,1.5258,0.0018,0,,0,0,0,0,0,0,0,1.823368957
28,32,28032,556.0633452,202.2898905,140.4112675,3.334260792,7.596989125,14.71056858,10.20374735,109.6901742,145.1308025,1.182585473,0,270.8698331,32.06419784,53.81608429,181.4417974,128.3191321,132.5689923,19.35346381,1235.692693,26.500278,207.39348,604.89765,351.41673,149.78418,466.63533,17.28279,3824.582044,1.136465819,0.036849549,0,0.488680432,0.181768867,0.000203286,0,126.1913332,143.7578356,0.011673238,2.484055285,1106.391498,574.063,5.9159,11.7919,21.3117,,303.2583256,572.623,0.4905,0.1682,14.8549,3.214349652,17.48916,0.542,0,4.4378,0.6408,15.66993101,137.9925169
28,33,28033,123.6884492,44.99653333,31.2325063,0.741659292,1.689843094,3.272158523,17.14920707,14.17946154,29.563682,1.987544621,0,1.971298896,1.422246574,7.037487946,5.579092701,0,0,0.368743826,231.3589737,4.961652,38.83032,113.2551,65.79582,28.04412,87.36822,3.23586,123.6311377,0.03673671,0.001191176,0,0.070994468,0.323711971,0,0.009739546,23.62682688,73.23289621,0.002185583,0.465090135,214.7699321,114.6815,1.1076,5.4046,36.2098,,56.77911295,107.2123,0.0991,0,5.0537,0,0,0,0,2.3285,0.3362,1.82816456,245.0083278
28,34,28034,0,0,0,0,0,0,14.56355836,0,0,1.687875245,0,0,0,0,0.072770774,0,0,0,19.463308,0.417404,3.26664,9.5277,5.53514,2.35924,7.34994,0.27222,0,0.000183306,5.94E-06,0,0.00088329,0.045612412,0,0,1.987630742,406.8077343,0.000183864,0.039126179,18.71564257,0,0.0932,0.0819,5.6687,,4.776600386,9.0193,0.0093,0,,0,0,0,0,0,0,0,33.16778261
28,35,28035,3.920959485,1.426403074,0.99007945,0.023510813,0.053568513,0.103728368,40.59900443,2.407833091,14.90400497,4.705309846,0,0.46776584,0,2.690804215,1.940553983,3.929621815,2.301855396,0.067044332,125.175196,2.684468,21.00888,61.2759,35.59838,15.17308,47.26998,1.75074,0,0.008766347,0.000284246,0,0.028541322,0.515352181,0,0.009739546,12.78313366,121.2028052,0.001182495,0.251633848,114.9797723,86.9696,0.5993,1.6378,55.4606,,30.7199521,58.0065,0.0541,0.0508,,0,0,0,0,0,0,0.031901301,307.7727883
28,36,28036,0,0,0,0,0,0,1.172489868,0,0,0.135888261,0,0,0,0,0,0,0,0,2.265070889,0.048576,0.38016,1.1088,0.64416,0.27456,0.85536,0.03168,0,0,0,0,0,0.000340391,0,0,0.23131343,54.15044046,2.14E-05,0.004553366,1.8105816,0,0.0108,0,0.0723,,0.555883845,1.0496,0.0009,0,,0,0,0,0,0,0,0,0
28,37,28037,1.782254312,0.648365034,0.450036114,0.010686733,0.024349324,0.047149258,27.17090994,0.53507402,1.954623603,3.149031654,0,0,0,0.413969879,0.776221593,0,0,0.067044332,47.65014186,1.02189,7.9974,23.32575,13.55115,5.7759,17.99415,0.66645,0,0.001488015,4.82E-05,0,0.013525385,0.216148372,0,0,4.866124855,260.1595886,0.000450137,0.095788854,45.99077175,27.7281,0.2281,0.7916,4.018,,11.69409054,22.0812,0.0215,0,,0,0,0,0,0,0,0,29.71635557
28,38,28038,204.9592458,74.56197886,51.75415309,1.228974331,2.800172274,5.422164699,0.462824948,85.87938026,114.1011528,0.053640103,3.942597793,8.920962802,0.127299848,35.80839455,20.37581682,0.072770774,0,1.944285625,658.4642583,14.121218,110.51388,322.33215,187.25963,79.81558,248.65623,9.20949,0,0.066712658,0.002163137,0,0.451251,0.00306352,2.54E-05,0,67.24364648,129.957192,0.006220325,1.323679933,706.4873553,225.4377,3.1524,18.2884,,,161.597434,305.1339,0.3041,0.1493,,0,53.10396,7.431,6.7,1.9906,0.2874,10.28568349,0
28,39,28039,0,0,0,0,0,0,27.97931085,0.53507402,1.710295653,3.242723034,0,0.033411846,0,0.827939758,0.55790927,0,0,0.055870277,53.05756962,1.137856,8.90496,25.9728,15.08896,6.43136,20.03616,0.74208,0,0.002296718,7.45E-05,0,0.01142757,0.024508162,0,0,5.41834186,1150.800695,0.00050122,0.106659153,44.78926169,22.2646,0.254,0.8735,2.2781,,13.02115794,24.587,0.021,0,,0,0,0,0,0,0,0.003905159,27.9374884
28,40,28040,12.47578018,4.538555235,3.150252797,0.074807133,0.170445269,0.330044808,7.028768208,7.758573294,22.72249939,0.814614366,0,0.434353994,3.195665142,3.932713852,8.538437525,0.751964668,0,2.525336502,137.8003922,2.955224,23.12784,67.4562,39.18884,16.70344,52.03764,1.92732,131.3603518,0.039033429,0.001265647,0,0.041845884,0.266185869,2.54E-05,0,14.07244318,43.414931,0.001301761,0.27701369,129.1505834,77.2715,0.6597,2.1291,16.2588,,33.81837285,63.857,0.0596,0.02,,0,0,0,0,0,0,0.300499256,92.05555646
28,41,28041,125.8271544,45.77457137,31.77254964,0.754483372,1.719062283,3.328737633,15.92117821,48.15666183,80.38389567,1.845219547,0,2.472476582,3.869476404,27.11502709,11.13392848,0.121284624,0,4.112052357,661.8811692,14.194496,111.08736,324.0048,188.23136,80.22976,249.94656,9.25728,292.5126508,0.086919466,0.002818337,0,0.244008982,0.045272021,0,0,67.59258804,788.124254,0.006252604,1.330548789,602.1588424,286.2147,3.1688,8.7348,3.5494,,162.4359974,306.7173,0.2729,0.2319,,3.214349652,4.81923,0.614,0,4.3738,0.6315,16.03391671,20.8719337
28,42,28042,0,0,0,0,0,0,6.220367299,0,0,0.720922986,0,0.033411846,0,0,0.097027699,0,0,0,13.39094466,0.287178,2.24748,6.55515,3.80823,1.62318,5.05683,0.18729,0,0.000107827,3.50E-06,0,0.000552057,0.042208501,0,0,1.367509227,239.9246274,0.0001265,0.02691919,13.31978947,4.4044,0.0641,0,1.4233,,3.286347389,6.2054,0.0066,0,,0,0,0,0,3.7621,0.5432,0,14.49669794
28,43,28043,0.356450862,0.129673007,0.090007223,0.002137347,0.004869865,0.009429852,9.003487986,0.26753701,1.710295653,1.043478806,0,0.100235537,0,0.827939758,0.412367721,0,0,0.044696221,46.50473669,0.997326,7.80516,22.76505,13.22541,5.63706,17.56161,0.65043,37.63002343,0.011181676,0.000362562,0,0.012807711,0.038464198,0.000127053,0.019479093,4.74915386,415.1493416,0.000439317,0.093486299,47.38545194,13.7635,0.2226,0.9827,9.1246,248.8828,11.41299019,21.5504,0.0221,0,,0,0,0,0,4.2369,0.6118,0.031010265,29.56702531
29,1,29001,0.356450862,0.129673007,0.090007223,0.002137347,0.004869865,0.009429852,0.356230093,2.675370101,0.488655901,0.044498909,0,0.033411846,0.010974125,0.620954819,0.194055398,0,0,0.067044332,17.10385916,0.366804,2.87064,8.3727,4.86414,2.07324,6.45894,0.23922,0,0,3.46E-05,7.78E-05,0.001932198,0.001361565,0,0,0.110076022,94.55273602,0.000161575,0.034383089,18.39077493,0,0.0819,0.0819,0.113,,2.545627439,4.2873,0,0,,0,0,0,0,0,0,0.011423996,1.002436229
29,2,29002,2.495156036,0.907711047,0.630050559,0.014961427,0.034089054,0.066008962,0.871966199,2.675370101,1.710295653,0.108922703,0,1.369885674,0.006584475,0.827939758,0.533652345,0.024256925,0,0.16761083,26.61243799,0.570722,4.46652,13.02735,7.56827,3.22582,10.04967,0.37221,27.2155425,0,0.00026222,0.000366993,0.009108933,0.000680782,0,0,0.171270781,85.93869122,0.0002514,0.053497741,31.54026661,29.0314,0.1274,0.0819,0.1804,,3.960822629,6.6707,0,0.067,,0,0,0,0,0,0,0.212770793,1.300457811
29,3,29003,0,0,0,0,0,0,4.333246658,0,0,0.5412927,0,0,0,1.034924698,0.072770774,0,0,0,11.65138738,0.249872,1.95552,5.7036,3.31352,1.41232,4.39992,0.16296,0,0,3.15E-06,4.23E-05,0.001048907,0.027231291,0,0.009739546,0.074985321,98.88483106,0.000110067,0.02342224,13.07182469,5.9078,0.0558,0,1.4587,,1.734116911,2.9206,0,0,,0,0,0,0,0.5962,0.0861,0.802885881,7.237666982
29,4,29004,0,0,0,0,0,0,5.678414025,0,0,0.709325894,0,0.066823691,0,0.620954819,0.266826173,0,0,0.413440047,32.1743024,0.69,5.4,15.75,9.15,3.9,12.15,0.45,0,0,7.59E-05,6.90E-05,0.001711375,0.046633586,0,0,0.207065504,659.1552194,0.000303942,0.064678497,31.51400965,2.6673,0.154,0.5732,1.1516,,4.788614446,8.0649,0,0,,0,0,0,0,0,0,0,9.429609264
29,5,29005,36.00153709,13.09697368,9.0907295,0.215872013,0.491856347,0.952415017,3.681398755,36.65257039,30.78532175,0.459866338,0.902119834,1.336473828,0.0175586,12.62608132,5.433551152,0.04851385,0,0.670443319,163.1859168,3.499634,27.38844,79.88295,46.40819,19.78054,61.62399,2.28237,95.32697353,0,0.000918468,0.003947954,0.097990032,0.010892516,2.54E-05,0.009739546,1.050222434,93.47077152,0.001541571,0.328045024,200.7025912,64.904,0.7813,8.4891,0.9413,,24.28753323,40.9044,0,0,,0,0,0,0,0.5536,0.0799,0.239179158,5.292140813
29,6,29006,3.564508623,1.296730067,0.900072228,0.021373467,0.048698648,0.094298517,5.944257378,10.16640639,10.26177392,0.742534035,0,0.100235537,0,4.553668671,1.091561615,0.072770774,0.089392443,0.178784885,92.05496908,1.974182,15.45012,45.06285,26.17937,11.15842,34.76277,1.28751,77.00184158,0,0.000741907,0.00109653,0.027216386,0.068418618,0,0,0.592442017,142.5600152,0.000869617,0.185053803,99.81365074,27.2308,0.4407,2.4021,4.8347,,13.70086441,23.0746,0,0.0439,,0,0,0,0,2.0526,0.2964,0.276955947,18.87857058
29,7,29007,0.712901725,0.259346013,0.180014446,0.004274693,0.00973973,0.018859703,1.297315564,0.26753701,2.443279504,0.162055729,0,0,0.109741248,2.897789154,0.55790927,0,0,0,31.85899424,0.683238,5.34708,15.59565,9.06033,3.86178,12.03093,0.44559,13.35375952,0,0.000128662,0.000404804,0.010047429,0.004765476,0,0,0.205036262,359.7611415,0.000300963,0.064044648,31.83889915,4.684,0.1525,0.1911,0.2111,,4.741686024,7.9858,0,0.0216,,0,0,0,0,0.6132,0.0885,0,1.353353416
29,8,29008,0,0,0,0,0,0,2.642482931,0,2.198951553,0.330088922,0,0.133647383,0,0.827939758,0.072770774,0,0,0.055870277,29.22070144,0.626658,4.90428,14.30415,8.31003,3.54198,11.03463,0.40869,0,0,6.50E-05,0.00018016,0.004471658,0.040166154,0,0,0.188056891,427.3154966,0.00027604,0.058741011,28.363023,9.3204,0.1399,0.737,1.7081,,4.34901964,7.3245,0,0,,0,0,0,0,1.2094,0.1746,0,11.27321463
29,9,29009,0.712901725,0.259346013,0.180014446,0.004274693,0.00973973,0.018859703,0.813480661,0,0,0.101616912,0,0,0,0,0.145541549,0,0,0.022348111,9.478549488,0.203274,1.59084,4.63995,2.69559,1.14894,3.57939,0.13257,0,0,9.09E-06,4.45E-06,0.000110411,0.005446258,0,0,0.061001498,108.9923248,8.95E-05,0.019054285,9.83010135,0,0.0454,0.0546,0.2012,,1.410725816,2.3759,0,0,,0,0,0,0,0,0,0.046203314,1.758456345
29,10,29010,49.190219,17.89487493,12.42099674,0.294953839,0.672041346,1.301319528,3.041247961,21.40296081,15.39266087,0.379901134,0,1.002355371,0.00438965,7.244472886,5.06969728,0,0.078218387,0.849228204,141.0564316,3.025052,23.67432,69.0501,40.11482,17.09812,53.26722,1.97286,143.1900409,0,0.001379625,0.002032918,0.050457966,0.003403911,0,0,0.90780278,327.1488765,0.00133252,0.283559154,150.419189,28.8055,0.6753,6.4146,0.672,,20.99392421,35.3574,0,0.0724,,0,0,0,0,0.1703,0.0246,0.13884549,4.845753509
29,11,29011,0,0,0,0,0,0,1.951290213,0,1.465967702,0.243747756,0,0,0,0,0.097027699,0,0,0,8.43610209,0.180918,1.41588,4.12965,2.39913,1.02258,3.18573,0.11799,0,0,5.59E-06,3.11E-05,0.000772879,0.031996767,0,0,0.054292575,48.0028533,7.97E-05,0.016958702,8.892203622,3.7701,0.0404,0.0819,1.212,,1.255574708,2.1146,0,0,,0,0,0,0,1.4734,0.2127,0,6.099766397
29,12,29012,0,0,0,0,0,0,4.210958715,0,0,0.526016955,0,0.267294766,0,0,0.097027699,0,0,0,18.21923497,0.390724,3.05784,8.9187,5.18134,2.20844,6.88014,0.25482,0,0,3.04E-05,2.00E-05,0.000496851,0.030635202,2.54E-05,0,0.117254293,368.0931705,0.000172112,0.036625277,18.30386551,0,0.0872,0.1638,1.8279,,2.71163274,4.5669,0,0,,0,0,0,0,1.4479,0.2091,0.420023416,8.406530847
29,13,29013,6.416115521,2.334114121,1.62013001,0.03847224,0.087657567,0.16973733,8.15075721,7.758573294,11.97206957,1.018161606,4.844717627,0.968943525,0.002194825,5.795578309,2.498463253,0,0,0.469310323,178.0482996,3.818368,29.88288,87.1584,50.63488,21.58208,67.23648,2.49024,213.0795541,0,0.002053005,0.001563612,0.038809573,0.103819297,0,0,1.145872892,1978.994974,0.001681972,0.357922178,170.2004987,27.5889,0.8524,5.9778,3.7129,,26.49955386,44.6299,0,0.0385,,0,0,0,0,3.2194,0.4649,0.998352252,30.60849361
29,14,29014,1.782254312,0.648365034,0.450036114,0.010686733,0.024349324,0.047149258,5.566759816,0.26753701,1.221639752,0.695378474,0,0,0,1.448894577,0.363853872,0,0,0,26.33359404,0.564742,4.41972,12.89085,7.48897,3.19202,9.94437,0.36831,8.7089736,0,8.39E-05,0.000173488,0.004306041,0.065695489,0,0,0.169476213,185.7099303,0.000248766,0.052937194,29.49232644,7.671,0.1261,0.1092,2.7993,,3.919321303,6.6008,0,0,,0,0,0,0,0.6302,0.091,0.006280724,13.05747371
29,15,29015,1.069352587,0.38901902,0.270021668,0.00641204,0.014609594,0.028289555,7.518050029,0.80261103,5.863870809,0.93912623,0,0.100235537,2.420891931,2.690804215,0.388110797,0,0.446962213,0.446962213,71.45269078,1.532352,11.99232,34.9776,20.32032,8.66112,26.98272,0.99936,72.53849261,0,0.000698903,0.000442616,0.010985925,0.028933247,0,0,0.459851072,412.1118034,0.000674993,0.143638006,78.01097797,0,0.3421,1.01,0.8788,,10.63455496,17.9104,0,0,,0,0,0,0,0.6473,0.0935,0,7.246697939
29,16,29016,0,0,0,0,0,0,0.909184268,0.53507402,1.465967702,0.113571843,0,0.167059229,0,0.413969879,0.266826173,0,0,0.011174055,13.98724173,0.299966,2.34756,6.84705,3.97781,1.69546,5.28201,0.19563,0,0,6.68E-05,5.78E-05,0.001435347,0.015657992,0,0,0.090018277,197.9931124,0.000132134,0.028117899,14.3598485,0,0.067,0.2184,0.3306,,2.08177032,3.5061,0,0,,0,0,0,0,0.4173,0.0603,0,1.922303708
29,17,29017,0,0,0,0,0,0,0.882599933,0,0.977311802,0.110251028,0,0,0,0.20698494,0.266826173,0,0,0.044696221,18.53454314,0.397486,3.11076,9.07305,5.27101,2.24666,6.99921,0.25923,8.49124926,0,8.18E-05,0.000146797,0.003643573,0.000680782,0,0,0.119283535,706.2449787,0.000175091,0.037259126,18.66321552,0,0.0887,0,0.0855,,2.758561162,4.6459,0,0,,0,0,0,0,0,0,0,0.642488085
29,18,29018,3.208057761,1.16705706,0.810065005,0.01923612,0.043828783,0.084868665,1.834319137,2.942907112,3.909247206,0.229136174,0,0.334118457,0.0087793,4.139698792,1.018790841,0,0,0.18995894,73.13004441,1.568324,12.27384,35.7987,20.79734,8.86444,27.61614,1.02282,76.42124334,0,0.000736313,0.00022242,0.005520565,0.000680782,0,0,0.470646087,957.6959047,0.000690839,0.147009911,66.98134837,0,0.3501,1.7742,0.3477,,10.88420139,18.3309,0,0.0193,,0,0,0,0,0.3407,0.0492,0.015989971,2.47577236
29,19,29019,0,0,0,0,0,0,1.323899899,8.026110304,3.176263355,0.165376543,0,0.167059229,0,0.620954819,0.873249292,0,0,0.178784885,37.12271011,0.796122,6.23052,18.17235,10.55727,4.49982,14.01867,0.51921,43.32714366,0,0.000417454,0.000313612,0.007783997,0.005786649,0,0,0.238912179,111.8598116,0.000350688,0.07462605,38.68092007,14.4939,0.1777,0.8462,0.2188,,5.525103347,9.3052,0,0,,0,0,0,0,0,0,0,2.622847945
29,20,29020,0,0,0,0,0,0,1.717348062,0,0.488655901,0.214524591,0,0,0,0.20698494,0.339596947,0,0,0.011174055,16.58263546,0.355626,2.78316,8.11755,4.71591,2.01006,6.26211,0.23193,0,0,3.15E-05,6.01E-05,0.001490553,0.028933247,0,0,0.106721561,84.79993333,0.000156651,0.033335297,17.47800117,0,0.0794,0.4367,1.4697,,2.468051885,4.1566,0,0,,0,0,0,0,0.1363,0.0197,0,6.232650479
29,21,29021,1.425803449,0.518692027,0.360028891,0.008549387,0.019479459,0.037719407,4.035502102,2.942907112,0.732983851,0.504099582,0,0.033411846,0,3.518743973,0.460881571,0,0,0.078218387,34.36001001,0.736874,5.76684,16.81995,9.77159,4.16494,12.97539,0.48057,0,0,0.00021502,0.000358096,0.00888811,0.028933247,0,0,0.221132154,134.0800603,0.000324589,0.069072323,39.58303947,7.2142,0.1645,1.3648,1.9388,,5.113920987,8.6127,0,0,,0,0,0,0,1.0561,0.1525,0,10.22949403
29,22,29022,1.782254312,0.648365034,0.450036114,0.010686733,0.024349324,0.047149258,0.287110821,0,0,0.035864792,0,0.033411846,0,0,0.024256925,0,0,0,11.49266082,0.246468,1.92888,5.6259,3.26838,1.39308,4.33998,0.16074,0,0,5.49E-05,3.78E-05,0.000938496,0.001021173,0,0,0.073963798,50.44298774,0.000108568,0.023103159,10.86940606,6.5629,0.055,0,0.1123,,1.71049308,2.8808,0,0,,0,0,0,0,0.1278,0.0184,0.159546386,0.810205858
29,23,29023,1.782254312,0.648365034,0.450036114,0.010686733,0.024349324,0.047149258,5.231797191,4.548129173,0.977311802,0.653536217,0,0.902119834,0,0.827939758,0.50939542,0,0,0.022348111,47.09674386,1.010022,7.90452,23.05485,13.39377,5.70882,17.78517,0.65871,7.54777712,0,7.27E-05,0.000324733,0.008060025,0.023486988,0,0,0.303102485,263.983128,0.00044491,0.094676384,49.44592179,8.1132,0.2255,0.7643,0.5573,,7.009573826,11.8053,0,0,,0,0,0,0,0,0,0.182992304,5.529525969
29,24,29024,3.208057761,1.16705706,0.810065005,0.01923612,0.043828783,0.084868665,3.29645758,2.942907112,0.977311802,0.41178095,0,3.842362256,0,2.690804215,0.412367721,0,0,0.234655162,47.19541172,1.012138,7.92108,23.10315,13.42183,5.72078,17.82243,0.66009,0,0,0.000104189,0.000146797,0.003643573,0.014636819,0,0,0.303737486,350.1269243,0.000445842,0.094874731,53.61467337,0,0.2259,0.4094,0.4118,,7.02425891,11.8301,0,0,,0,0,0,0,0,0,0.003053043,3.4188623
29,25,29025,7.841918971,2.852806148,1.980158901,0.047021627,0.107137026,0.207456736,1.930022744,4.280592162,7.085510561,0.241091104,3.307772724,0.400942148,0,6.830503007,4.681586484,2.425692479,0.100566498,0.703965485,149.9022199,3.214756,25.15896,73.3803,42.63046,18.17036,56.60766,2.09658,78.99764803,0,0.000761136,0.00069395,0.017224163,0.006807823,0,0,0.964731989,1252.577354,0.001416084,0.301341429,122.8314107,30.9511,0.7177,2.7296,0.3558,,22.31047394,37.5747,0,0.0231,,0,0,0,0,0,0,0.100488777,2.488673727
29,26,29026,1.069352587,0.38901902,0.270021668,0.00641204,0.014609594,0.028289555,1.972557681,1.070148041,0.977311802,0.246404407,0,0,0,0.413969879,0.776221593,0,0,0.078218387,35.36384825,0.758402,5.93532,17.31135,10.05707,4.28662,13.35447,0.49461,13.75292081,0,0.000132508,0.000346975,0.008612082,0.000680782,0,0,0.227592598,170.107663,0.000334072,0.071090292,35.89316053,12.6229,0.1693,0.6551,0.3515,,5.263325758,8.8644,0,0,,0,0,0,0,0.5366,0.0775,0,2.578983297
29,27,29027,0,0,0,0,0,0,0.202040948,0.53507402,1.465967702,0.025238187,0,0,0,1.448894577,0.388110797,0.04851385,0,0.178784885,22.6871731,0.486542,3.80772,11.10585,6.45197,2.75002,8.56737,0.31731,0,0,6.43E-05,0.000133452,0.003312339,0.002382738,0,0,0.146008789,215.5172798,0.000214319,0.045606964,22.11648626,7.1916,0.1086,0.0546,0.135,,3.376611666,5.6868,0,0,,0,0,0,0,0.0341,0.0049,0,0.970182811
29,28,29028,0,0,0,0,0,0,1.276048095,0.53507402,2.198951553,0.159399077,0.033411846,0.033411846,1.463948248,2.897789154,0.703450819,0,0,0.055870277,44.02946036,0.944242,7.38972,21.55335,12.52147,5.33702,16.62687,0.61581,62.45059819,0,0.000601707,0.000164591,0.004085218,0.001021173,2.54E-05,0,0.283362241,281.2247426,0.000415934,0.088510367,40.46508695,11.4348,0.2108,0.3548,0.6629,,6.553059248,11.0365,0,0,,0,0,0,0,0.3236,0.0467,0,4.87284638
29,29,29029,0,0,0,0,0,0,0.845381863,0,0,0.105601889,0,0,0,1.034924698,0.04851385,0,0,0,19.48904744,0.417956,3.27096,9.5403,5.54246,2.36236,7.35966,0.27258,0,0,1.64E-05,6.01E-05,0.001490553,0.002382738,0,0,0.125426478,54.4387341,0.000184108,0.039177921,19.44967699,7.9847,0.0933,0,0.0854,,2.90062339,4.8852,0,0,,0,0,0,0,0,0,0,1.066943065
29,30,29030,0.356450862,0.129673007,0.090007223,0.002137347,0.004869865,0.009429852,7.895547591,0,0.24432795,0.98628179,0,0,0,0.620954819,0.242569248,0,0,0.022348111,28.8860887,0.619482,4.84812,14.14035,8.21487,3.50142,10.90827,0.40401,0,0,2.06E-05,6.01E-05,0.001490553,0.026550509,0,0,0.18590341,606.1940449,0.000272879,0.058068354,26.94743788,1.9606,0.1383,0.3003,1.3642,,4.299218049,7.2406,0,0,,0,0,0,0,0,0,0,10.05403543
29,31,29031,12.47578018,4.538555235,3.150252797,0.074807133,0.170445269,0.330044808,2.44575885,2.675370101,6.35252671,0.305514898,4.811305781,1.770827822,0.500420091,16.14482529,5.433551152,0,2.79351383,0.156436774,56.90347123,1.220334,9.55044,27.85545,16.18269,6.89754,21.48849,0.79587,251.7619118,0,0.002425706,0.000340303,0.008446465,0.024167771,5.08E-05,0,0.366216051,176.6070866,0.000537551,0.11439039,60.17918392,5.8735,0.2724,0.4913,1.766,,8.469143509,14.2635,0,0,,0,0,0,0,1.4649,0.2115,0.072751719,10.15853651
29,32,29032,0,0,0,0,0,0,2.291569705,0,0.977311802,0.286254176,0,0,0,0.413969879,0.291083097,0,0,0.022348111,25.1452898,0.539258,4.22028,12.30915,7.15103,3.04798,9.49563,0.35169,0,0,6.54E-05,8.01E-05,0.001987403,0.011232908,0,0,0.161828594,79.2588973,0.00023754,0.050548401,25.70094705,0,0.1204,0.0546,0.2882,,3.74246181,6.303,0,0,,0,0,0,0,0,0,0,2.886035836
29,33,29033,40.27894744,14.65304976,10.17081617,0.241520173,0.550294725,1.065573237,2.817939544,21.93803483,27.12040249,0.352006296,0.334118457,5.011776855,0.087792998,25.45914757,3.881107966,0,0.055870277,0.681617374,190.2895492,4.08089,31.9374,93.15075,54.11615,23.0659,71.85915,2.66145,88.43236943,0,0.000852039,0.004795374,0.119023386,0.007828996,0,0,1.224654414,183.5307898,0.001797611,0.38253019,232.4306426,71.5169,0.911,4.0125,0.3408,,28.32146204,47.6983,0.094,0.1016,,2.239631108,0,0,0,0,0,0.885934965,2.744120797
29,34,29034,0.712901725,0.259346013,0.180014446,0.004274693,0.00973973,0.018859703,14.02589532,4.548129173,3.664919256,1.752061524,0,0.400942148,0.083403348,32.49663552,1.455415487,0,0,0.268177328,81.55756669,1.749058,13.68828,39.92415,23.19403,9.88598,30.79863,1.14069,52.90701462,0,0.000509755,0.000353648,0.008777699,0.106202035,2.54E-05,0,0.524883445,1018.353152,0.000770451,0.163951366,81.7851973,10.4152,0.3905,1.0645,9.1393,,12.13849914,20.4433,0,0.0216,,0,0,0,0,2.0696,0.2988,0.116421638,40.36837787
29,35,29035,0,0,0,0,0,0,0.57953851,0,0.24432795,0.072393748,0,0.033411846,0,0.620954819,0.121284624,0,0,0.033522166,11.16877284,0.239522,1.87452,5.46735,3.17627,1.35382,4.21767,0.15621,0,0,2.10E-05,6.67E-06,0.000165617,0.001021173,0,0,0.071879339,60.90032744,0.000105508,0.022452062,10.72046769,0,0.0535,0.0273,0.2323,,1.662287695,2.7996,0,0,,0,0,0,0,0,0,0,1.28497617
29,36,29036,1.425803449,0.518692027,0.360028891,0.008549387,0.019479459,0.037719407,0.595489111,1.872759071,7.329838511,0.074386236,0,0.434353994,0,2.483819275,0.727707744,0,0,0.022348111,45.41724527,0.974004,7.62264,22.2327,12.91614,5.50524,17.15094,0.63522,19.08716714,0,0.000183903,0.000411477,0.010213046,0.000680782,0,0,0.292293666,94.41964392,0.000429044,0.091300166,47.55978339,16.8638,0.2174,9.4172,0.0286,,6.759608152,11.3844,0,0,,0,0,0,0,0,0,0.075487453,0.330275
29,37,29037,0.356450862,0.129673007,0.090007223,0.002137347,0.004869865,0.009429852,1.589743252,0,0,0.198584684,0,0,0,0,0.145541549,0,0,0.022348111,18.00259467,0.386078,3.02148,8.81265,5.11973,2.18218,6.79833,0.25179,0,0,3.99E-05,5.12E-05,0.00126973,0.00885017,2.54E-05,0,0.115860052,536.3834466,0.000170065,0.036189775,16.3564325,2.5553,0.0862,0.5732,0.8099,,2.679389403,4.5126,0,0,,0,0,0,0,0,0,0,5.533396379
29,38,29038,0,0,0,0,0,0,1.791784201,0.53507402,2.443279504,0.223822871,18.30969144,0.133647383,0,0.413969879,2.328664779,0,0,0.055870277,30.58060196,0.655822,5.13252,14.96985,8.69677,3.70682,11.54817,0.42771,38.68235774,0,0.000372701,0.000142349,0.003533162,0.008169387,0,0,0.19680886,89.28398507,0.000288886,0.061474755,30.52731892,0,0.1464,0.1911,0.6097,,4.55141841,7.6654,0,0.0862,,0,0,0,0,0.8006,0.1156,0.004710543,4.115536127
29,39,29039,1.069352587,0.38901902,0.270021668,0.00641204,0.014609594,0.028289555,1.887487808,0.53507402,1.710295653,0.235777802,0,0,0.142663622,3.518743973,1.358387788,0,0,0.234655162,45.47301406,0.9752,7.632,22.26,12.932,5.512,17.172,0.636,53.63276242,0,0.000516747,0.000155694,0.003864396,0.010211734,0,0,0.292652579,424.9185887,0.000429571,0.091412276,40.92059596,14.1744,0.2177,0.4094,0.5829,,6.767908417,11.3983,0,0,,0,0,0,0,0.6217,0.0898,0,3.865249604
29,40,29040,0,0,0,0,0,0,3.572934667,0,0,0.446317416,0,0,0,0.20698494,0.04851385,0,0,0,19.31530621,0.41423,3.2418,9.45525,5.49305,2.3413,7.29405,0.27015,0,0,3.50E-06,6.01E-05,0.001490553,0.01804073,0,0,0.124308324,260.2984272,0.000182466,0.038828658,20.46454911,5.0355,0.0925,0,2.1348,,2.874764872,4.8416,0,0,,0,0,0,0,0,0,0.820419569,12.84202088
29,41,29041,2.495156036,0.907711047,0.630050559,0.014961427,0.034089054,0.066008962,0.802846927,1.605222061,5.375214908,0.100288586,0,0.200471074,0.226066971,4.346683731,1.964810908,0,0,0.212307051,54.47323892,1.168216,9.14256,26.6658,15.49156,6.60296,20.57076,0.76188,136.5131612,0,0.001315294,0.000611655,0.015181554,0.002382738,0,0,0.350575703,444.7214832,0.000514593,0.109505007,58.12859331,11.4466,0.2608,1.7197,0.4182,,8.107443498,13.6543,0,0,,0,0,0,0,0.247,0.0357,0.025547715,2.947962398
29,42,29042,0.712901725,0.259346013,0.180014446,0.004274693,0.00973973,0.018859703,0.441299966,1.337685051,3.909247206,0.055125514,0,0.200471074,0,1.241909638,0.921763142,0,0,0,23.00462622,0.49335,3.861,11.26125,6.54225,2.7885,8.68725,0.32175,24.63913781,0,0.000237396,0.000209075,0.005189331,0.002042347,2.54E-05,0,0.148051836,81.32197709,0.000217318,0.046245125,26.01906108,9.1435,0.1101,0.2184,0.1206,,3.423859329,5.7664,0,0,,0,0,0,0,0.1107,0.016,0,0.906966112
29,43,29043,0.712901725,0.259346013,0.180014446,0.004274693,0.00973973,0.018859703,1.95660708,0.80261103,2.687607454,0.244411918,0,0.334118457,0.509199391,2.897789154,1.334130863,0,0,0.100566498,67.107015,1.439156,11.26296,32.8503,19.08446,8.13436,25.34166,0.93858,29.86452197,0,0.000287742,0.000398132,0.009881812,0.009190561,0,0,0.431883425,137.2540103,0.000633941,0.134902097,69.68181956,20.4759,0.3213,0.7916,0.6893,,9.98777277,16.8212,0,0,,0,0,0,0,0,0,0.129016538,3.252434663
29,44,29044,10.33707501,3.760517195,2.61020946,0.061983053,0.14122608,0.273465698,1.536574582,6.688425254,8.062822363,0.191943056,0,0.93553168,0.089987823,12.0051265,1.989067832,0,0,0.201132996,78.52460245,1.684014,13.17924,38.43945,22.33149,9.51834,29.65329,1.09827,33.7472727,0,0.000325152,0.000971975,0.02412487,0.014636819,0,0,0.50536407,239.0708539,0.0007418,0.157854339,80.88349602,14.5184,0.3759,1.7197,0.2471,,11.68709242,19.6831,0,0.0185,,0,0,0,0,0,0,0,2.128725583
29,45,29045,0,0,0,0,0,0,0.377497562,0,0,0.04715556,0,0.167059229,0,0,0.024256925,0,0,0,11.59132868,0.248584,1.94544,5.6742,3.29644,1.40504,4.37724,0.16212,0,0,1.89E-05,1.56E-05,0.00038644,0.013956037,0,0.009739546,0.074598799,0,0.0001095,0.023301506,11.61615437,0,0.0555,0.0546,1.0346,,1.725178164,2.9055,0,0,,0,0,0,0,0.9794,0.1414,0,4.681906146
29,46,29046,0,0,0,0,0,0,1.999142016,0,0,0.249725221,0,0,0,0.827939758,0.145541549,0,0,0.044696221,8.603408463,0.184506,1.44396,4.21155,2.44671,1.04286,3.24891,0.12033,0,0,9.02E-05,3.34E-05,0.000828085,0,2.54E-05,0,0.055369316,0,8.13E-05,0.01729503,8.276876519,0,0.0412,0,0.1001,,1.280475503,2.1565,0,0,,0,0,0,0,0,0,0,0.354787597
29,47,29047,0,0,0,0,0,0,1.015521609,0,0.488655901,0.126855099,0,0,0,0.413969879,0.169798473,0,0,0.011174055,5.671257037,0.121624,0.95184,2.7762,1.61284,0.68744,2.14164,0.07932,0,0,1.29E-05,3.11E-05,0.000772879,0.004425085,0,0,0.036498746,0,5.36E-05,0.011400663,5.672371638,0,0.0272,0.1911,0.127,,0.844073106,1.4216,0,0,,0,0,0,0,0,0,0,1.075974022
29,48,29048,0,0,0,0,0,0,0.515736105,0.53507402,0.977311802,0.064423794,0,0.033411846,0,1.655879517,0.897506217,0,0,0.134088664,33.79588724,0.724776,5.67216,16.5438,9.61116,4.09656,12.76236,0.47268,59.22102048,0,0.00057059,0.000173488,0.004306041,0.000340391,0,0,0.217501606,0,0.00031926,0.067938293,29.93132771,0,0.1618,0.3003,0.1083,,5.029960614,8.4713,0,0,,0,0,0,0,0.3918,0.0566,0.007338173,0.776662304
29,49,29049,5.703213797,2.074768107,1.440115564,0.034197547,0.077917837,0.150877626,0.595489111,0,1.221639752,0.074386236,0,0.133647383,0,0.20698494,0.121284624,0,0,0,9.59652193,0.205804,1.61064,4.6977,2.72914,1.16324,3.62394,0.13422,0,0,2.62E-05,1.56E-05,0.00038644,0.005786649,0,0,0.061760738,0,9.07E-05,0.01929144,10.04564727,0,0.0459,0.1911,0.1001,,1.428284069,2.4055,0,0,,0,0,0,0,0,0,0,0.857940917
29,50,29050,0,0,0,0,0,0,1.201611957,0.53507402,0.488655901,0.150100798,0,0,0,2.069849396,0.242569248,0,0,0.100566498,22.17881912,0.47564,3.7224,10.857,6.3074,2.6884,8.3754,0.3102,6.27771847,0,6.05E-05,0.000217972,0.005410154,0.000340391,0,0,0.142737154,0,0.000209517,0.044585044,21.37505259,0,0.1062,0.5186,0.1521,,3.300951558,5.5594,0,0,,0,0,0,0,0,0,0,1.063072655
29,51,29051,0,0,0,0,0,0,0.212674683,0,0,0.026566513,0,0,0,1.241909638,0.145541549,0,0,0,6.33619262,0.135884,1.06344,3.1017,1.80194,0.76804,2.39274,0.08862,0,0,1.57E-05,4.67E-05,0.001159319,0.002382738,0,0,0.0407781,0,5.99E-05,0.012737352,7.466353939,0,0.0303,0.0273,0.0512,,0.943037805,1.5882,0,0,,0,0,0,0,0,0,0.013608235,0.390911425
29,52,29052,0,0,0,0,0,0,1.291998697,0,0,0.161391566,0,0.033411846,0,0.20698494,0.194055398,0,0,0,11.32106454,0.242788,1.90008,5.5419,3.21958,1.37228,4.27518,0.15834,0,0,4.30E-05,4.00E-05,0.000993702,0.016679166,0,0,0.072859449,0,0.000106947,0.022758207,10.32449597,0,0.0542,0.4913,0.3244,,1.684953803,2.8378,0,0,,0,0,0,0,0,0,0,1.593318845
29,53,29053,0,0,0,0,0,0,0.393448163,0.53507402,1.465967702,0.049148049,0,0,0,0,0.315340022,0,0,0,15.16911111,0.325312,2.54592,7.4256,4.31392,1.83872,5.72832,0.21216,63.64808206,0,0.000613244,4.45E-05,0.001104113,0.001361565,0,0,0.097624483,0,0.000143298,0.030493755,12.94855235,0,0.0726,46.5126,0.0302,,2.257672091,3.8023,0,0,,0,0,0,0,0,0,0,0.390911425
29,54,29054,0,0,0,0,0,0,0.265843353,0.53507402,0,0.033208141,0,0,0,1.034924698,0.169798473,0,0,0,10.52528679,0.225722,1.76652,5.15235,2.99327,1.27582,3.97467,0.14721,0,0,5.63E-05,4.89E-05,0.001214524,0.000340391,0,0,0.067738029,0,9.94E-05,0.021158492,10.33165854,0,0.0504,2.3202,0.0909,,1.566515406,2.6383,0,0,,0,0,0,0,0,0,0,0.669580956
29,55,29055,1.782254312,0.648365034,0.450036114,0.010686733,0.024349324,0.047149258,1.201611957,0,0,0.150100798,0,0,0,0,0.04851385,0,0,0,5.392413083,0.115644,0.90504,2.6397,1.53354,0.65364,2.03634,0.07542,0,0,1.12E-05,4.67E-05,0.001159319,0.002723129,0,0,0.034704179,0,5.09E-05,0.010840116,6.096840521,0,0.0258,0,0.8788,,0.802571781,1.3517,0,0,,0,0,0,0,0,0,0,4.414847845
29,56,29056,0,0,0,0,0,0,0.733727655,0.53507402,1.465967702,0.091654469,0,0,0.002194825,0,0.315340022,0,0,0.022348111,13.20647866,0.283222,2.21652,6.46485,3.75577,1.60082,4.98717,0.18471,0,0,2.27E-05,2.45E-05,0.000607262,0.00306352,0,0,0.084993487,0,0.000124758,0.026548367,13.09693939,0,0.0632,0.1092,0.048,,1.965566609,3.3104,0,0,,0,0,0,0,0,0,0,0.469609765
29,57,29057,0,0,0,0,0,0,0.531686706,0,1.221639752,0.066416282,0,0,0,1.241909638,0.169798473,0,0,0,8.077894857,0.173236,1.35576,3.9543,2.29726,0.97916,3.05046,0.11298,0,0,1.47E-05,1.11E-05,0.000276028,0.003744303,0,0,0.051987246,0,7.63E-05,0.016238615,8.231271591,0,0.0387,0.0546,0.0419,,1.202261467,2.0248,0,0,,0,0,0,0,0,0,0,0.552178515
29,58,29058,0,0,0,0,0,0,0.600805978,0.53507402,0.732983851,0.075050399,0,0.066823691,0,2.276834336,0.291083097,0,0,0.044696221,15.0725882,0.323242,2.52972,7.37835,4.28647,1.82702,5.69187,0.21081,0,0,4.93E-05,0.00011121,0.002760283,0.001021173,0,0,0.097003287,0,0.000142386,0.03029972,16.45773201,0,0.0722,0.1092,0.0766,,2.243306247,3.7781,0,0,,0,0,0,0,0.2385,0.0344,0,0.60120371
29,59,29059,0,0,0,0,0,0,0.255209619,0,0.488655901,0.031879815,0,0,3.202249617,1.034924698,0.169798473,0,14.67153463,0,11.81011394,0.253276,1.98216,5.7813,3.35866,1.43156,4.45986,0.16518,109.1524691,0,0.001051676,3.78E-05,0.000938496,0.000340391,0,0,0.076006844,0,0.000111567,0.02374132,11.92444313,0,0.0565,0.6824,0.0326,,1.757740743,2.9603,0,0,,0,0,0,0,0,0,0,0.224483789
29,60,29060,0,0,0,0,0,0,0.303061423,0.53507402,0.977311802,0.037857281,2.104946279,23.58876306,0,0.413969879,0.897506217,7.665188232,0,0.134088664,9.901105326,0.212336,1.66176,4.8468,2.81576,1.20016,3.73896,0.13848,57.26150142,0,0.00055171,7.12E-05,0.001766581,0.001701956,0,0,0.063720958,0,9.35E-05,0.019903729,8.797954279,8.5489,0.0474,0,0.0184,,1.473616285,2.4818,0,0,,0,0,0,0,0.1448,0.0209,0,0.138044629
30,1,30001,0,0,0,0,0,0,0.616850149,0,0.24432795,0.0744949,0,0,0,0,0,0,0,0,16.61695471,0.356362,2.78892,8.13435,4.72567,2.01422,6.27507,0.23241,0,0,0,0,0.000441645,0.001701956,0,0,0.905163538,469.6170236,0.000156976,0.033404288,13.39261149,0,0.0796,0.0273,0.1519,,1.386999176,8.1463,0,0,,0,0,0,0,0.8753,0.1264,0.076989828,0.350212538
30,2,30002,0,0,0,0,0,0,0.622457878,0.26753701,0,0.075172127,0,0,0,0,0.169798473,0,0,0.134088664,6.044478945,0.129628,1.01448,2.9589,1.71898,0.73268,2.28258,0.08454,0,0.002652548,8.60E-05,0,0.000938496,0.000340391,0,0,0.329256596,56.13848633,5.71E-05,0.012150934,5.191633793,0,0.0289,0.2184,0.1788,0.4667,0.504526097,2.9632,0,0,,0,0,0,0,0,0,0,0.375227719
30,3,30003,24.23865864,8.817764456,6.120491148,0.145339573,0.331150808,0.641229912,3.499222665,7.758573294,17.10295653,0.422589253,0,0.434353994,0.032922374,7.244472886,3.007858673,0,0,0.916272536,174.4919667,3.7421,29.286,85.4175,49.6235,21.151,65.8935,2.4405,37.30343692,0.011084631,0.000359416,0,0.074085985,0.03880459,2.54E-05,0,9.504976614,2714.340214,0.001648376,0.350773048,170.061383,33.2607,0.8354,3.2482,5.8064,81.3787,14.56465508,85.543,0,0,,0,0,0,0,0,0,5.268448943,9.586234392
30,4,30004,0,0,0,0,0,0,11.37808139,0.53507402,1.954623603,1.374092298,0,0,0,0.20698494,0.291083097,0,0,0,77.44140093,1.660784,12.99744,37.9092,22.02344,9.38704,29.24424,1.08312,0,0.000851834,2.76E-05,0,0.005134126,0.037443025,0,0,4.218410273,1036.814904,0.000731567,0.15567683,83.91120263,10.1762,0.3708,0.5459,10.3475,184.2215,6.463949688,37.9649,0,0,,0,0,0,0,0,0,0,17.00261027
30,5,30005,0,0,0,0,0,0,0.392541004,0,0,0.047405846,0,0,0,0.413969879,0.04851385,0,0,0.067044332,10.07055665,0.21597,1.6902,4.92975,2.86395,1.2207,3.80295,0.14085,0,0.000593049,1.92E-05,0,0.002429049,0.002723129,0,0,0.548566259,57.94604209,9.51E-05,0.02024437,10.68146918,0,0.0482,0.3548,1.7486,60.9001,0.840578434,4.937,0,0,,0,0,0,0,0,0,0,2.408128119
30,6,30006,0,0,0,0,0,0,1.917843191,0,0,0.231611417,0,0.033411846,0,0.827939758,0,0,0,0.022348111,42.26201868,0.906338,7.09308,20.68815,12.01883,5.12278,15.95943,0.59109,0,0.000463657,1.50E-05,0,0.001987403,0.003403911,0,0,2.302108841,1099.26942,0.000399237,0.084957362,31.97546701,3.1511,0.2023,0,1.436,,3.527564832,20.7185,0,0,,0,0,0,0,3.2257,0.4658,0,4.140012504
30,7,30007,0,0,0,0,0,0,1.413147615,0,0,0.170661044,0,0.100235537,0,0,0.024256925,0,0,0,12.18762575,0.261372,2.04552,5.9661,3.46602,1.47732,4.60242,0.17046,0,0.000172523,5.59E-06,0,0.001545758,0.00306352,0,0.019479093,0.663887856,368.9075929,0.000115133,0.024500215,11.85863026,0,0.0583,0,2.4201,90.4689,1.017287894,5.9749,0,0,,0,0,0,0,1.8882,0.2726,0,4.148142438
30,8,30008,0,0,0,0,0,0,1.200053927,0,0.488655901,0.144926442,0,0,0,0.20698494,0.024256925,0,0,0.011174055,20.36633342,0.43677,3.4182,9.96975,5.79195,2.4687,7.69095,0.28485,0,8.63E-05,2.80E-06,0,0.000552057,0,0,0,1.109400774,704.6070487,0.000192395,0.040941488,13.59726573,0,0.0975,0,0.6127,,1.699955747,9.9844,0,0,,0,0,0,0,0,0,0,1.848621898
30,9,30009,0,0,0,0,0,0,9.852779202,0,2.931935405,1.189886726,0,0.033411846,0,6.623518067,0.703450819,0,0,0.368743826,53.54447406,1.148298,8.98668,26.21115,15.22743,6.49038,20.22003,0.74889,0,0.002393763,7.76E-05,0,0.013194151,0.002382738,0,0,2.916689997,958.8232623,0.000505819,0.107637954,56.46387969,3.2446,0.2563,1.2829,2.1456,4.6666,4.469299138,26.2497,0,0,,0,0,0,0,0,0,0,8.172009456
30,10,30010,2.138705174,0.77803804,0.540043337,0.01282408,0.029219189,0.05657911,7.671372765,3.745518142,5.375214908,0.92644567,0,1.403297519,0,4.346683731,1.091561615,0.072770774,0,0.16761083,129.9112533,2.786036,21.80376,63.5943,36.94526,15.74716,49.05846,1.81698,47.5364809,0.014125357,0.00045801,0,0.017555397,0.020423468,2.54E-05,0,7.076563167,3888.806818,0.001227235,0.261154523,98.50449009,12.6939,0.622,2.8115,2.3211,0.1556,10.84355132,63.6877,0,0.04,,0,0,0,0,0,0,0,7.965992761
30,11,30011,6.416115521,2.334114121,1.62013001,0.03847224,0.087657567,0.16973733,8.529355246,2.407833091,5.863870809,1.030061304,0,0.100235537,0,1.034924698,0.848992367,0,0,0.100566498,103.8071693,2.226216,17.42256,50.8158,29.52156,12.58296,39.20076,1.45188,12.51914955,0.003720037,0.000120621,0,0.053880716,0.008169387,2.54E-05,0,5.654613992,333.686554,0.000980637,0.208678702,115.6712306,24.2497,0.497,1.8288,0.5086,4.1066,8.664671757,50.8905,0,0.0162,,0,0,0,0,3.7666,0.5439,2.671547021,0.766715307
30,12,30012,0,0,0,0,0,0,0.953313867,0,0,0.115128482,0,0,0,1.655879517,0.097027699,0,0,0,15.52517339,0.332948,2.60568,7.5999,4.41518,1.88188,5.86278,0.21714,0,0.000571484,1.85E-05,0,0.001821787,0.010892516,0,0,0.845691712,35.44419706,0.000146662,0.031209531,16.63070051,0,0.0743,0.3276,3.0333,119.483,1.295869373,7.6111,0,0,,0,0,0,0,0,0,0,4.208345641
30,13,30013,8.198369833,2.982479154,2.070166124,0.049158973,0.112006891,0.216886588,2.018782307,5.350740203,8.795806214,0.243801492,0,0.434353994,0,1.241909638,1.140075465,0,0,0.424614102,57.40324539,1.231052,9.63432,28.1001,16.32482,6.95812,21.67722,0.80286,16.29303811,0.004841439,0.000156982,0,0.032736952,0.011573299,0,0,3.126886099,662.4758503,0.000542272,0.115395062,61.2268328,0,0.2748,1.5559,0.303,,4.791386593,28.1414,0,0.0169,,0,0,0,0,0,0,0.053846136,0.984347384
30,14,30014,0,0,0,0,0,0,1.396324429,1.070148041,3.420591305,0.168629365,0,0.133647383,0,7.244472886,4.584558784,0.194055398,0,1.028013089,83.01399011,1.780292,13.93272,40.6371,23.60822,10.06252,31.34862,1.16106,66.84137238,0.019861761,0.000644011,0,0.016396079,0.007148214,5.08E-05,0.068176824,4.521961954,1211.130904,0.00078421,0.166879146,77.71371705,22.1359,0.3974,2.0745,1.6402,66.9184,6.929087659,40.6968,0,0,,0,0,0,0,2.0456,0.2954,0.111366681,4.135009468
30,15,30015,1.425803449,0.518692027,0.360028891,0.008549387,0.019479459,0.037719407,2.523477883,0.53507402,9.528790065,0.304751865,0,0,0.006584475,1.034924698,0.582166195,0,0,0.18995894,72.10904655,1.546428,12.10248,35.2989,20.50698,8.74068,27.23058,1.00854,7.9832258,0.002372197,7.69E-05,0,0.015954433,0.010211734,5.08E-05,0.019479093,3.92794473,1304.584543,0.000681194,0.144957447,74.13002233,10.4407,0.3452,1.747,5.568,202.2172,6.018863855,35.3508,0.0015,0,,0,0,0,0,0,0,0,9.129707333
30,16,30016,4.990312072,1.815422094,1.260101119,0.029922853,0.068178108,0.132017923,4.25626603,4.013055152,4.886559008,0.514014812,0,0,0,0.620954819,1.67372781,0,0,0.111740553,57.50834812,1.233306,9.65196,28.15155,16.35471,6.97086,21.71691,0.80433,39.08151903,0.011612984,0.000376547,0,0.047532066,0.00306352,2.54E-05,0.009739546,3.132611285,180.3932696,0.000543265,0.115606345,65.82776851,5.4913,0.2753,2.4294,2.3643,71.8027,4.800159403,28.1929,0.0044,0.0347,,0,0,0,0,1.9472,0.2812,1.096160541,2.91468554
30,17,30017,0,0,0,0,0,0,1.194446198,0,0,0.144249216,0,0,0,0.620954819,0.04851385,0,0,0,7.5824106,0.16261,1.2726,3.71175,2.15635,0.9191,2.86335,0.10605,0,0.000280351,9.09E-06,0,0.001214524,0.001701956,0,0,0.413031252,239.8086763,7.16E-05,0.015242566,7.804979847,0,0.0363,0.0546,0.8603,,0.632895584,3.7172,0,0,,0,0,0,0,0.6097,0.088,0,1.892857077
30,18,30018,0,0,0,0,0,0,0.224309145,0,0,0.027089055,0,0,0,0,0,0,0,0,3.369721938,0.072266,0.56556,1.64955,0.95831,0.40846,1.27251,0.04713,0,7.55E-05,2.45E-06,0,0,0.000340391,0,0,0.183556463,142.7741054,3.18E-05,0.006773995,2.778192087,0,0.0161,0,0.197,,0.281267033,1.652,0,0,,0,0,0,0,0,0,0,0.431928797
30,19,30019,0,0,0,0,0,0,1.738395875,0,0,0.209940174,0,0,0,0,0,0,0,0,9.90325028,0.212382,1.66212,4.84785,2.81637,1.20042,3.73977,0.13851,0,3.23E-05,1.05E-06,0,0.000717673,0,0,0,0.539452699,385.8894084,9.36E-05,0.019908041,7.460792207,0,0.0474,0,0.5052,,0.826613553,4.855,0,0,,0,0,0,0,0,0,0,1.183218075
30,20,30020,0,0,0,0,0,0,0.785082008,0,0,0.094811691,0,0,0,0.20698494,0.04851385,0,0,0.245829217,21.11277724,0.452778,3.54348,10.33515,6.00423,2.55918,7.97283,0.29529,0,0.000420526,1.36E-05,0,0.002484254,0,0,0,1.150061276,786.4781776,0.000199446,0.04244203,15.01809455,0,0.1011,0.3548,0.3783,,1.762260602,10.3503,0,0,,0,0,0,0,0,0,0,0.920975591
30,21,30021,0,0,0,0,0,0,1.570164016,0,4.642231057,0.189623383,0,0,0.002194825,1.241909638,0.145541549,0,0,0.111740553,45.09121234,0.967012,7.56792,22.0731,12.82342,5.46572,17.02782,0.63066,41.76678589,0.012410905,0.00040242,0,0.017444986,0,0,0,2.456221492,669.300443,0.000425964,0.090644757,46.95858118,4.2431,0.2159,1.3648,2.2286,85.9579,3.763714556,22.1055,0,0,,0,0,0,0,0.7671,0.1108,0,5.291544683
30,22,30022,0,0,0,0,0,0,0.606419774,0,0,0.073235259,0,0,0,0.20698494,0.388110797,0,0,0.055870277,40.38518438,0.866088,6.77808,19.7694,11.48508,4.89528,15.25068,0.56484,0,0.001412536,4.58E-05,0,0.003753984,0.001361565,0,0,2.199873383,790.1537732,0.000381507,0.081184449,30.66015394,0,0.1933,1.3102,2.4446,93.331,3.37090751,19.7984,0,0,,0,0,0,0,0,0,0,3.823153541
30,23,30023,0,0,0,0,0,0,7.929328282,0,0,0.957598082,0,0.100235537,0,1.655879517,0.266826173,0,0,0.067044332,91.88980766,1.97064,15.4224,44.982,26.1324,11.1384,34.7004,1.2852,10.55963049,0.00313777,0.000101741,0,0.003864396,0.003744303,2.54E-05,0,5.005448041,3587.599299,0.000868057,0.184721787,76.87404225,0,0.4399,0.6824,18.3824,2.719,7.669942517,45.0481,0,0,,0,0,0,0,0,0,0.006858231,18.93440764
30,24,30024,0,0,0,0,0,0,3.645023609,0,0.732983851,0.440197138,0,0,0,0,0.072770774,0,0,0.011174055,30.04007368,0.64423,5.0418,14.70525,8.54305,3.6413,11.34405,0.42015,0,0.000539136,1.75E-05,0,0.000938496,0.001021173,2.54E-05,0,1.636351536,1161.173957,0.00028378,0.060388157,22.52355172,0,0.1438,0.7097,2.4831,71.7405,2.507412347,14.7269,0,0,,0,0,0,0,0,0,0,7.032217735
30,25,30025,0,0,0,0,0,0,1.508479001,0,0,0.182173893,0,0.100235537,0,1.862864456,0.218312323,0,0,0.290525438,55.81812476,1.197058,9.36828,27.32415,15.87403,6.76598,21.07863,0.78069,7.33005278,0.002178108,7.06E-05,0,0.001490553,0.007488605,0,0,3.040540952,2234.730535,0.000527298,0.112208568,34.69091772,0,0.2672,1.2829,1.7522,,4.659078294,27.3643,0,0,,0,0,0,0,0,0,0,5.256523429
30,26,30026,1.425803449,0.518692027,0.360028891,0.008549387,0.019479459,0.037719407,0.835551566,4.280592162,5.130886958,0.100906729,0,0.100235537,0,2.069849396,0.412367721,0.145541549,0,0.156436774,42.98701296,0.921886,7.21476,21.04305,12.22501,5.21066,16.23321,0.60123,0,0.002221239,7.20E-05,0,0.016340873,0,0,0,2.341600938,74.74704453,0.000406086,0.086414784,40.74073528,16.0978,0.2058,1.0645,0.0053,0.0933,3.588079318,21.074,0.0029,0,,0,0,0,0,0.6884,0.0994,0.464933907,0.044193487
30,27,30027,0,0,0,0,0,0,2.90480343,0,0.977311802,0.350803258,0,0,0,0,0.121284624,0,0,0.033522166,36.9940129,0.793362,6.20892,18.10935,10.52067,4.48422,13.97007,0.51741,0,0.000409743,1.33E-05,0,0.001435347,0.000340391,2.54E-05,0,2.015148515,1858.245815,0.000349472,0.074367336,26.16836089,0,0.1771,0.0819,9.4482,,3.087850107,18.136,0,0,,0,0,0,0,0,0,0.058213746,10.58392321
30,28,30028,34.21928278,12.44860864,8.640693386,0.20518528,0.467507023,0.905265758,1.272954399,54.04247605,36.16053666,0.153730385,0,1.002355371,0,7.244472886,10.50324843,0.072770774,0,1.463801247,312.7406542,6.706938,52.48908,153.09315,88.93983,37.90878,118.10043,4.37409,54.28593544,0.016130942,0.000523041,0,0.464776384,0.001701956,0,0,17.0356989,109.5068959,0.002954372,0.628687925,406.562219,108.52,1.4972,5.2136,0.0077,,26.10412299,153.3181,0,0,,0,0,0,0,0.3934,0.0568,3.126929135,0.015009109
30,29,30029,0,0,0,0,0,0,1.951489563,0,0,0.235674776,0,0,0,1.034924698,0.024256925,0,0,0.055870277,29.46093623,0.63181,4.9446,14.42175,8.37835,3.5711,11.12535,0.41205,0,0.00011861,3.85E-06,0,0.000165617,0,0,0,1.604804595,1323.151415,0.000278309,0.059223944,16.88998437,0,0.141,0,0.492,,2.459072373,14.4429,0,0,,0,0,0,0,0,0,0,1.838615825
30,30,30030,2.851606898,1.037384054,0.720057782,0.017098773,0.038958919,0.075438813,0.588811506,7.758573294,7.329838511,0.071108768,0,0.100235537,0.010974125,4.139698792,0.921763142,0.194055398,0,1.24032014,83.54808353,1.791746,14.02236,40.89855,23.76011,10.12726,31.55031,1.16853,21.0466862,0.006253975,0.000202783,0,0.038864779,0,0,0,4.551055244,201.4214635,0.000789255,0.167952809,82.25589767,0,0.4,3.2755,0.0659,,6.973667857,40.9586,0,0,,0,0,0,0,0.4524,0.0653,0.021892195,0.194284575
30,31,30031,0,0,0,0,0,0,1.177623012,0,0,0.142217537,0,0,0,0,0.097027699,0,0,0,29.58534354,0.634478,4.96548,14.48265,8.41373,3.58618,11.17233,0.41379,0,7.55E-05,2.45E-06,0,0.000496851,0.001361565,0,0.009739546,1.611581345,908.3416057,0.000279484,0.059474034,25.02532392,0,0.1416,0,5.8358,88.5089,2.469456516,14.5039,0,0,,0,0,0,0,0,0,0.071618444,4.56026755
30,32,30032,0.712901725,0.259346013,0.180014446,0.004274693,0.00973973,0.018859703,9.701370529,1.337685051,7.574166462,1.171601614,0,0.400942148,0,2.276834336,1.334130863,0.072770774,0,0.245829217,102.0375826,2.188266,17.12556,49.94955,29.01831,12.36846,38.53251,1.42713,21.37327271,0.006351019,0.00020593,0,0.041349033,0.005446258,0,0,5.558220559,2535.57933,0.00096392,0.205121385,94.10939542,20.4239,0.4885,3.1663,1.2762,2.7999,8.516966281,50.0229,0,0.0216,,0,0,0,0,0,0,0.193011708,3.79730452
30,33,30033,0,0,0,0,0,0,2.669278828,0.53507402,0.732983851,0.322359751,0,0,0,0.20698494,0.194055398,0,0,0.022348111,50.02889528,1.072904,8.39664,24.4902,14.22764,6.06424,18.89244,0.69972,0,0.000797921,2.59E-05,0,0.004637275,0.024848553,2.54E-05,0,2.725188378,1635.765137,0.000472609,0.100570751,44.99544865,3.0718,0.2395,0.5732,4.6409,,4.175857593,24.5262,0,0,,0,0,0,0,0,0,0,8.340061443
30,34,30034,2.138705174,0.77803804,0.540043337,0.01282408,0.029219189,0.05657911,2.097290507,2.407833091,7.085510561,0.253282661,0.033411846,0.033411846,0,4.139698792,0.921763142,0,0,0.201132996,54.27161329,1.163892,9.10872,26.5671,15.43422,6.57852,20.49462,0.75906,9.94274486,0.002954464,9.58E-05,0,0.02031568,0.002723129,0,0,2.956298934,667.7258587,0.000512689,0.109099688,56.6645279,0,0.2598,1.01,0.3869,,4.52999266,26.6061,0,0.0177,,0,0,0,0,0,0,8.12E-05,0.482376079
30,35,30035,0,0,0,0,0,0,0.98135251,0,0.977311802,0.118514614,0,0.100235537,0,2.069849396,0.339596947,0,0,0.067044332,24.18864055,0.518742,4.05972,11.84085,6.87897,2.93202,9.13437,0.33831,0,0.001822279,5.91E-05,0,0.004526863,0.001361565,0,0,1.317610587,991.9792234,0.000228503,0.048625294,20.9389202,0,0.1158,1.01,0.1124,,2.018999574,11.8582,0,0,,0,0,0,0,0,0,0,0.224302792
30,36,30036,0,0,0,0,0,0,0.308425075,0.53507402,0.24432795,0.03724745,0,0,0,2.069849396,0.266826173,0,0,0.078218387,19.002143,0.407514,3.18924,9.30195,5.40399,2.30334,7.17579,0.26577,0,0.000948879,3.08E-05,0,0.004030013,0.001021173,0,0,1.035090201,383.1413517,0.000179508,0.03819912,15.55109275,0,0.091,0.8189,0.2641,,1.586088253,9.3156,0,0,,0,0,0,0,0,0,0,0.630382569
30,37,30037,0,0,0,0,0,0,0.785082008,0,0,0.094811691,0,0,0,0.413969879,0.291083097,0,0,0.201132996,16.56333088,0.355212,2.77992,8.1081,4.71042,2.00772,6.25482,0.23166,0,0.001175316,3.81E-05,0,0.002042609,0.001021173,0,0,0.902242525,770.4740669,0.000156469,0.03329649,11.34872741,0,0.0793,0.464,0.8869,,1.382523252,8.12,0,0,,0,0,0,0,0,0,0,1.24408835
30,38,30038,7.129017246,2.593460134,1.800144455,0.042746933,0.097397296,0.188597033,4.234956661,16.85483164,16.61430063,0.511441352,6.949663906,0.768472451,0.621135464,8.279397584,2.983601749,2.522720178,0.089392443,0.547528711,176.9071843,3.793896,29.69136,86.5998,50.31036,21.44376,66.80556,2.47428,124.1754486,0.036898451,0.001196421,0,0.053052632,0.001701956,2.54E-05,0.009739546,9.636539044,1218.124225,0.001671192,0.355628247,165.8905225,39.6663,0.8469,5.2954,2.7149,93.0675,14.76625068,86.727,0,0.03,,0,0,0,0,0.2557,0.0369,0.251480496,10.90741119
30,39,30039,151.4916165,55.11102785,38.25306968,0.908372331,2.06969255,4.007686952,3.465576293,83.20401016,81.36120748,0.418525895,0,2.906830576,0.0087793,30.840756,18.82337363,0.097027699,0.022348111,1.731978574,620.4771319,13.306558,104.13828,303.73665,176.45653,75.21098,234.31113,8.67819,637.4605801,0.189419955,0.006141883,0,0.407804151,0.002042347,0,0,33.79880885,786.5995204,0.005861471,1.247316188,689.2950783,183.0302,2.9705,10.5363,0.3949,,51.79055279,304.1829,0.0984,0.1155,,0,0,0,5.6,1.8391,0.2655,10.86068533,1.676017147
30,40,30040,0.712901725,0.259346013,0.180014446,0.004274693,0.00973973,0.018859703,2.887980244,6.955962264,2.687607454,0.348771579,0,0,0,0.620954819,0.460881571,0,0,0.18995894,98.36971217,2.109606,16.50996,48.15405,27.97521,11.92386,37.14741,1.37583,0,0.002285936,7.41E-05,0,0.014574292,0.009871343,0,0,5.358423264,1223.121955,0.000929271,0.197748036,88.2639545,16.6143,0.4709,1.1191,2.7429,,8.210813113,48.2248,0,0,,0,0,0,0,0,0,0.060415599,4.932159912
30,41,30041,0,0,0,0,0,0,0,0,0,0,0,0.066823691,0,0,0,0,0,0.033522166,4.395009708,0.094254,0.73764,2.15145,1.24989,0.53274,1.65969,0.06147,0,0.000248002,8.04E-06,0,0.000331234,0,0,0,0.239406233,194.5644094,4.15E-05,0.008835083,3.48705581,0,0.021,0,0.1585,3.671,0.36684669,2.1546,0,0,,0,0,0,0,0,0,0,0.691252843
30,42,30042,0,0,0,0,0,0,2.035605493,0,0.24432795,0.245833171,0,0,0,0,0.024256925,0,0,0.033522166,11.9130717,0.255484,1.99944,5.8317,3.38794,1.44404,4.49874,0.16662,0,0.000442091,1.43E-05,0,0.001987403,0.000340391,0,0,0.648932269,396.436796,0.000112539,0.023948291,12.10722559,3.5966,0.057,0.3548,0.2081,,0.994371166,5.8403,0,0,,0,0,0,0,0,0,0,0.877199024
30,43,30043,0,0,0,0,0,0,3.02817346,0,1.465967702,0.365702238,0,0,0,3.725728913,0.169798473,0,0,0.011174055,36.86317074,0.790556,6.18696,18.0453,10.48346,4.46836,13.92066,0.51558,0,0.00075479,2.45E-05,0,0.001600964,0.00885017,5.08E-05,0.019479093,2.008021243,1465.989027,0.000348236,0.07410431,28.87197486,0,0.1765,0.1365,2.6419,22.0883,3.076928854,18.0718,0,0,,0,0,0,0,0,0,0,8.104451789
30,44,30044,131.5303682,47.84933948,33.2126652,0.788680918,1.79698012,3.479615259,2.921626616,46.28390276,62.5479553,0.352834937,5.512954541,4.644246552,0.223872146,11.79814156,13.8992179,9.096346795,0.022348111,3.1510836,410.7693188,8.80923,68.9418,201.08025,116.81805,49.7913,155.11905,5.74515,238.190428,0.070777742,0.002294946,0,0.262282053,0.00306352,2.54E-05,0,22.37554452,1485.827625,0.003880421,0.825750369,437.1983236,118.1093,1.9666,14.931,4.17,154.774,34.28646923,201.3756,0.0264,0.0947,,0,0,0,0,1.1801,0.1704,2.622983266,7.490379119
30,45,30045,7.129017246,2.593460134,1.800144455,0.042746933,0.097397296,0.188597033,6.230186507,7.491036284,14.65967702,0.752398493,0,0.23388292,0.006584475,6.623518067,1.528186261,0.072770774,0,0.178784885,117.9424128,2.529356,19.79496,57.7353,33.54146,14.29636,44.53866,1.64958,0,0.007709641,0.000249983,0,0.049243442,0.058547276,0.000127053,0.029218639,6.424593044,621.5004411,0.001114169,0.237094122,131.6867658,37.3769,0.5646,1.9653,14.9121,576.0454,9.844525192,57.8201,0,0.04,,0,0,0,0,3.7568,0.5425,0.011478513,16.96121014
30,46,30046,0,0,0,0,0,0,0.717789265,1.070148041,3.176263355,0.086684975,0,0.033411846,0,1.034924698,0.388110797,0,0,0.067044332,31.58444019,0.67735,5.301,15.46125,8.98225,3.8285,11.92725,0.44175,0,0.001789931,5.80E-05,0,0.003477956,0.000680782,0,0,1.720476713,1427.714045,0.000298369,0.063492724,26.40320566,3.1821,0.1512,0.8735,0.1308,3.2355,2.636318944,15.484,0,0,,0,0,0,0,0,0,0,3.796587419
30,47,30047,1.069352587,0.38901902,0.270021668,0.00641204,0.014609594,0.028289555,3.992702784,3.210444122,5.863870809,0.482185173,0,0.200471074,0.006584475,13.86799095,1.043047766,0,0,0.134088664,108.4702982,2.32622,18.2052,53.0985,30.8477,13.1482,40.9617,1.5171,0,0.00663137,0.00021502,0,0.02158541,0.003744303,0,0,5.90862529,3054.199932,0.001024688,0.218052772,79.42696772,12.4485,0.5193,3.0845,1.6982,,9.053898065,53.1765,0,0,,0,0,0,0,0,0,0.031373714,5.146456632
30,48,30048,3.920959485,1.426403074,0.99007945,0.023510813,0.053568513,0.103728368,2.355246024,5.083203193,30.78532175,0.284435074,0,0.434353994,0.087792998,1.448894577,4.390503386,0,0,0.145262719,236.603385,5.074122,39.71052,115.82235,67.28727,28.67982,89.34867,3.30921,0,0.014739971,0.000477939,0,0.048691385,0.002382738,2.54E-05,0,12.88832766,2746.253584,0.002235125,0.47563273,220.1431454,25.1062,1.1327,3.2482,1.0439,,19.74902776,115.9925,0.022,0,,0,12.50964,1.993,0,0.3737,0.054,0.420878798,2.346007086
30,49,30049,0,0,0,0,0,0,5.635767273,1.605222061,0,0.680612498,0,0,0,0,0.194055398,0,0,0,40.24790735,0.863144,6.75504,19.7022,11.44604,4.87864,15.19884,0.56292,0,0.003040726,9.86E-05,0,0.002760283,0.037443025,2.54E-05,0,2.192395589,1013.367693,0.000380211,0.080908488,37.98968649,16.4009,0.1927,0,3.2109,4.9777,3.359449145,19.7311,0,0,,0,0,0,0,0,0,0.179046111,5.864392335
30,50,30050,0,0,0,0,0,0,1.281926765,0.53507402,0,0.154813947,0,0.23388292,0,0.20698494,0.04851385,0,0,0.223481106,33.64788545,0.721602,5.64732,16.47135,9.56907,4.07862,12.70647,0.47061,0,0.001099837,3.57E-05,0,0.002484254,0.003403911,0,0,1.832877297,1509.738045,0.000317862,0.067640772,24.83077166,0,0.1611,0.737,1.2753,,2.808552481,16.4955,0,0,,0,0,0,0,0,0,0,3.061024351
30,51,30051,2.138705174,0.77803804,0.540043337,0.01282408,0.029219189,0.05657911,3.936625498,0,0.488655901,0.475412909,0,0.033411846,0,2.069849396,0.339596947,0,0,1.028013089,45.52878285,0.976396,7.64136,22.2873,12.94786,5.51876,17.19306,0.63678,0,0.003353424,0.000108734,0,0.007176735,0.003403911,0,0,2.480056959,1926.593789,0.000430097,0.091524385,37.77021924,0.2839,0.218,2.7023,2.1113,,3.800238092,22.32,0,0,,0,0,0,0,0,0,0,3.415406086
30,52,30052,0,0,0,0,0,0,0.482264662,0,0,0.058241468,0,0,0,0,0.460881571,0,0,0.223481106,22.6228245,0.485162,3.79692,11.07435,6.43367,2.74222,8.54307,0.31641,40.20642812,0.011947248,0.000387386,0,0.003974807,0.001701956,0,0,1.232317005,448.4462715,0.000213711,0.045477607,21.39104284,0,0.1083,0.2184,3.0899,121.3303,1.888302608,11.0906,0,0,,0,0,0,0,1.1015,0.159,0,4.37348753
30,53,30053,6.059664659,2.204441114,1.530122787,0.036334893,0.082787702,0.160307478,2.714140657,0.26753701,6.108198759,0.327777561,0,0,0.002194825,1.655879517,1.140075465,0,0,0.122914609,47.19755667,1.012184,7.92144,23.1042,13.42244,5.72104,17.82324,0.66012,30.88056889,0.009176091,0.000297532,0,0.018493893,0.004084694,0,0.009739546,2.570958887,344.2615076,0.000445862,0.094879043,49.64592859,20.1557,0.226,0.3548,5.091,86.4245,3.939528832,23.1381,0,0,,0,0,0,0,0,0,0,3.523805205
30,54,30054,0,0,0,0,0,0,0.841159294,0.26753701,1.465967702,0.101583955,0,0,0,0,0.55790927,0,0,0.055870277,23.93982594,0.513406,4.01796,11.71905,6.80821,2.90186,9.04041,0.33483,0,0.001606625,5.21E-05,0,0.008115231,0.030294811,5.08E-05,0.048697731,1.304057087,269.6442392,0.000226153,0.048125114,28.5763823,0,0.1146,0.6551,6.6692,181.1201,1.998231289,11.7363,0,0,,0,0,0,0,1.2097,0.1747,0,5.999449299
30,55,30055,0,0,0,0,0,0,2.119721422,0,0,0.255991567,0,0,0,0.20698494,0.169798473,0,0,0,29.09629414,0.62399,4.8834,14.24325,8.27465,3.5269,10.98765,0.40695,0,0.000280351,9.09E-06,0,0.000110411,0.006467432,2.54E-05,0,1.584941706,1160.184555,0.000274864,0.058490921,23.86703421,6.7999,0.1393,0,1.6426,,2.428636093,14.2642,0,0,,0,0,0,0,0,0,0,3.41040305
30,56,30056,0,0,0,0,0,0,0.700966079,0,0,0.084653296,0,0,0,0.827939758,0,0,0,0,15.46725964,0.331706,2.59596,7.57155,4.39871,1.87486,5.84091,0.21633,0,0.000258785,8.39E-06,0,0.000220823,0.004425085,5.08E-05,0,0.842537017,770.1982999,0.000146115,0.031093109,11.10975732,0,0.074,0.2184,0.7203,,1.291035376,7.5827,0,0,,0,0,0,0,0,0,0,1.485067929
30,57,30057,1.069352587,0.38901902,0.270021668,0.00641204,0.014609594,0.028289555,0.560772863,0,0,0.067722637,0,0,0,0,0.145541549,0,0,0.055870277,26.87626727,0.57638,4.5108,13.1565,7.6433,3.2578,10.1493,0.3759,0,0.000474439,1.54E-05,0,0.00088329,0,0,0,1.464011764,821.1035496,0.000253892,0.054028104,19.69502739,0,0.1287,0.5186,0.8145,,2.24333286,13.1758,0,0,,0,0,0,0,0,0,0,3.018081623
30,58,30058,0,0,0,0,0,0,10.73588431,1.070148041,0.977311802,1.296536334,0,0,0,0,0.339596947,0,0,0,118.6888566,2.545364,19.92024,58.1007,33.75374,14.38684,44.82054,1.66002,0,0.000862617,2.80E-05,0,0.008336053,0.016679166,0,0,6.465253546,5434.461321,0.00112122,0.238594663,99.53942659,6.139,0.5682,0.464,9.8143,,9.906830048,58.1861,0,0,,0,0,0,0,0,0,0,23.73190249
30,59,30059,0,0,0,0,0,0,1.536517645,0,1.465967702,0.185560024,0,0,0,0,0.169798473,0,0,0.044696221,30.49909372,0.654074,5.11884,14.92995,8.67359,3.69694,11.51739,0.42657,0,0.004841439,0.000156982,0,0.005189331,0.004425085,5.08E-05,0,1.661355408,704.9151115,0.000288116,0.061310903,30.14941127,7.7036,0.146,0.9554,0.4512,,2.545726252,14.9519,0,0,,0,0,0,0,1.2785,0.1846,1.298979535,1.521756862
30,60,30060,0,0,0,0,0,0,1.682318589,0,2.443279504,0.20316791,0,0,0,0.20698494,0.485138496,0,0,0.044696221,31.35707512,0.672474,5.26284,15.34995,8.91759,3.80094,11.84139,0.43857,0,0.002577069,8.36E-05,0,0.004471658,0.00885017,0,0,1.708091618,1034.038566,0.000296221,0.063035663,26.54975291,13.5965,0.1501,1.8288,0.435,,2.617341028,15.3725,0,0,,0,0,0,0,0,0,0,1.053972972
30,61,30061,10.69352587,3.890190201,2.700216683,0.0641204,0.146095945,0.28289555,3.000134817,3.477981132,10.50610187,0.362316106,0,0.133647383,0,1.241909638,1.892040133,0,0,0.178784885,144.6792581,3.102746,24.28236,70.82355,41.14511,17.53726,54.63531,2.02353,18.39770673,0.005466837,0.00017726,0,0.040686566,0.01191369,2.54E-05,0,7.881010173,2948.292308,0.001366744,0.290841953,135.1001734,22.6694,0.6927,2.6477,6.959,,12.07622065,70.9276,0,0.0424,,0,0,0,0,3.5306,0.5098,0.030555223,20.21810336
30,62,30062,0,0,0,0,0,0,1.300993042,0,0.732983851,0.157116517,0,0,0,0,0.266826173,0,0,0,36.73232858,0.78775,6.165,17.98125,10.44625,4.4525,13.87125,0.51375,0,0.000776355,2.52E-05,0,0.005023714,0.000340391,0,0,2.000893971,667.6552274,0.000347,0.073841284,29.81902404,0,0.1759,0.5459,2.0198,74.8204,3.0660076,18.0077,0,0,,0,0,0,0,0,0,0.000929471,3.89152837
30,63,30063,0,0,0,0,0,0,2.321599653,0,0,0.280371716,0,0,0,1.241909638,0.024256925,0,0,0.033522166,31.75603647,0.68103,5.3298,15.54525,9.03105,3.8493,11.99205,0.44415,0,0.001013575,3.29E-05,0,0.002429049,0.017700339,0,0,1.729823955,1407.58229,0.00029999,0.063837676,27.1029533,0,0.152,0.1365,0.4392,,2.650641899,15.5681,0,0,,0,0,0,0,0,0,0,1.766697179
30,64,30064,0,0,0,0,0,0,0,0,0,0,0,0.033411846,0,0,0,0,0,0,7.397944599,0.158654,1.24164,3.62145,2.10389,0.89674,2.79369,0.10347,0,0.000161741,5.24E-06,0,0.000276028,0,0,0,0.402982967,350.5590494,6.99E-05,0.014871742,6.081425333,0,0.0354,0.0819,0.5375,,0.617498407,3.6268,0,0,,0,0,0,0,0,0,0,0.903048045
30,65,30065,0,0,0,0,0,0,5.921761433,1.337685051,1.954623603,0.715151043,0,0.835296143,0,2.897789154,0.824735443,0,0,0,111.569756,2.39269,18.7254,54.61575,31.72915,13.5239,42.13215,1.56045,0,0.004841439,0.000156982,0,0.017886631,0.006467432,0,0,6.077459847,1207.118033,0.001053968,0.224283468,104.2878245,23.1699,0.5341,1.9926,3.7418,15.6672,9.312606443,54.696,0,0,,0,0,0,0,3.8453,0.5552,0.019230118,9.870298452
30,66,30066,1.069352587,0.38901902,0.270021668,0.00641204,0.014609594,0.028289555,2.803864315,2.675370101,1.710295653,0.338613183,0,0.066823691,0,0.20698494,0.097027699,0,0,0.055870277,55.54142576,1.191124,9.32184,27.1887,15.79534,6.73244,20.97414,0.77682,0,0.001315491,4.27E-05,0,0.006955912,0.017359948,5.08E-05,0,3.025468524,2226.296299,0.000524684,0.111652333,46.52496349,11.0849,0.2659,0.7097,3.1449,,4.635982529,27.2286,0,0.0347,,0,0,0,0,0,0,0,4.684509617
30,67,30067,0,0,0,0,0,0,0.280386431,0,0,0.033861318,0,0,0,0,0.169798473,0,0,0.100566498,36.15533609,0.775376,6.06816,17.6988,10.28216,4.38256,13.65336,0.50568,0,0.000657746,2.13E-05,0,0.002208226,0,0,0,1.96946387,1769.691338,0.000341549,0.072681383,18.54938539,0,0.1731,0.273,0.2892,,3.017846664,17.7248,0,0,,0,0,0,0,0,0,0,0.671240698
30,68,30068,3.208057761,1.16705706,0.810065005,0.01923612,0.043828783,0.084868665,1.093507083,5.885814223,10.50610187,0.132059141,0,0.534589531,0.149248097,5.588593369,8.126069803,0.169798473,0.033522166,1.285016362,119.4481701,2.561648,20.04768,58.4724,33.96968,14.47888,45.10728,1.67064,42.16594718,0.012529515,0.000406266,0,0.046483159,0.001021173,2.54E-05,0,6.506615091,618.7660225,0.001128393,0.240121075,118.07603,19.9207,0.5719,2.3748,0.9644,38.8879,9.970209124,58.5583,0,0,,0,0,0,0,0.5901,0.0852,0.322219538,3.119393107
30,69,30069,2.495156036,0.907711047,0.630050559,0.014961427,0.034089054,0.066008962,2.607593813,1.872759071,3.909247206,0.31491026,0,0.167059229,0,3.311759033,0.485138496,0,0,0.257003272,51.15070596,1.096962,8.58492,25.03935,14.54667,6.20022,19.31607,0.71541,10.34190615,0.003073074,9.96E-05,0,0.018769922,0.031315985,0,0,2.786295972,958.814735,0.000483206,0.102825874,55.20308046,14.137,0.2449,1.9107,8.3023,,4.269493912,25.0761,0.0015,0.02,,0,0,0,0,0,0,0,8.961688699
30,70,30070,0,0,0,0,0,0,6.516180668,0,1.221639752,0.786937038,0,0,0.002194825,0,0.363853872,0,0,0.312873549,36.21110488,0.776572,6.07752,17.7261,10.29802,4.38932,13.67442,0.50646,0,0.001347839,4.37E-05,0,0.005299743,0.006807823,0,0,1.972501723,1380.544644,0.000342076,0.072793492,32.34183803,0,0.1734,0.6005,4.8325,,3.022501624,17.7521,0,0,,0,0,0,0,0,0,0,8.974821669
30,71,30071,3.564508623,1.296730067,0.900072228,0.021373467,0.048698648,0.094298517,5.641375001,2.942907112,22.47817143,0.681289725,0,0.46776584,0,7.865427705,3.056372523,0.145541549,0,1.597889911,109.7872996,2.354464,18.42624,53.7432,31.22224,13.30784,41.45904,1.53552,33.42068619,0.009930881,0.000322006,0,0.046759187,0.003744303,0,0,5.980365372,2151.825938,0.001037129,0.220700279,94.93681812,20.8988,0.5256,5.1044,1.4021,32.6659,9.163826746,53.8222,0.0118,0.0339,,0,0,0,0,0,0,0.199557868,9.061724409
30,72,30072,0,0,0,0,0,0,10.80048534,1.605222061,1.465967702,1.304337982,0,0.033411846,0,0,0.121284624,0,0,0.022348111,43.5940348,0.934904,7.31664,21.3402,12.39764,5.28424,16.46244,0.60972,0,0.000614615,1.99E-05,0,0.004361247,0.001701956,0,0.019479093,2.374666806,1418.062299,0.00041182,0.087635051,36.95211707,3.2675,0.2087,0.4367,1.7129,,3.638746772,21.3715,0,0.0169,,0,0,0,0,0,0,2.990070053,5.701793656
30,73,30073,0,0,0,0,0,0,3.678669981,0,2.443279504,0.444260497,0,0,0,2.276834336,0.412367721,0,0,0.16761083,82.25467657,1.764008,13.80528,40.2654,23.39228,9.97048,31.06188,1.15044,17.59938415,0.005229617,0.000169569,0,0.01358059,0.020083077,7.62E-05,0.009739546,4.480600408,2604.9713,0.000777037,0.165352733,79.31414362,4.4327,0.3938,1.4194,11.8646,221.4649,6.865708582,40.3246,0,0,,0,0,0,0,0,0,0,18.50465516
30,74,30074,0,0,0,0,0,0,0.168231859,0,0,0.020316791,0,0.033411846,0,0,0.121284624,0,0,0.022348111,13.70196292,0.293848,2.29968,6.7074,3.89668,1.66088,5.17428,0.19164,0,0.001585059,5.14E-05,0,0.000828085,0,0,0,0.746377266,74.81302538,0.000129439,0.027544416,12.11159711,9.6094,0.0656,0.273,0.0139,,1.143687974,6.7173,0,0,,0,0,0,0,0.295,0.0426,0.08057075,0.075045544
30,75,30075,0,0,0,0,0,0,3.712316353,0,1.221639752,0.448323855,0,0,0,0.413969879,0.169798473,0,0,0.089392443,36.32264246,0.778964,6.09624,17.7807,10.32974,4.40284,13.71654,0.50802,0,0.001035141,3.36E-05,0,0.012476477,0.008169387,0,0,1.978577431,946.9438917,0.00034313,0.073017711,41.09123572,0,0.1739,0.8462,0.4399,,3.031811545,17.8068,0,0,,0,0,0,0,0,0,0,0.585772162
30,76,30076,0,0,0,0,0,0,3.27491352,0,0,0.395500198,0,0,0,0.20698494,0,0,0,0,29.98430489,0.643034,5.03244,14.67795,8.52719,3.63454,11.32299,0.41937,0,5.39E-05,1.75E-06,0,0.000331234,0,0,0,1.633313683,1426.235613,0.000283253,0.060276047,23.47222774,0,0.1435,0.0546,1.0248,,2.502757387,14.6995,0,0,,0,0,0,0,0,0,0,3.210281599
30,77,30077,2.851606898,1.037384054,0.720057782,0.017098773,0.038958919,0.075438813,7.69380368,2.675370101,11.23908572,0.929154575,0,0.066823691,0.0087793,1.655879517,1.091561615,0,0,0.234655162,80.70602015,1.730796,13.54536,39.5073,22.95186,9.78276,30.47706,1.12878,14.04321993,0.004172911,0.000135305,0,0.033178597,0.068078227,2.54E-05,0,4.39624155,1111.441745,0.000762407,0.162239541,84.62879905,28.8241,0.3864,1.201,20.681,9.3331,6.736443911,39.5653,0,0.0578,,0,0,0,0,2.3013,0.3323,0,11.76130441
30,78,30078,0,0,0,0,0,0,2.315991924,0,2.687607454,0.279694489,0,0,0,1.034924698,0.097027699,0,0,0.022348111,27.79430737,0.596068,4.66488,13.6059,7.90438,3.36908,10.49598,0.38874,0,0.000841052,2.73E-05,0,0.001159319,0.001701956,0,0,1.514019508,1319.175205,0.000262565,0.055873597,22.39706605,0,0.1331,0.4094,1.8252,,2.319960671,13.6259,0,0,,0,0,0,0,0,0,0,3.508796096
30,79,30079,0,0,0,0,0,0,2.383284668,0,0.24432795,0.287821206,0,0,0,1.862864456,0.024256925,0,0,0,22.38902457,0.480148,3.75768,10.9599,6.36718,2.71388,8.45478,0.31314,0,0.000593049,1.92E-05,0,0.000772879,0,0,0,1.219581388,920.1405819,0.000211503,0.04500761,17.34258182,0,0.1072,0.5186,0.1851,,1.868787582,10.976,0,0,,0,0,0,0,0,0,0,1.169668185
30,80,30080,0,0,0,0,0,0,2.147760065,0,0.488655901,0.259377698,0,0,0,0.620954819,0.339596947,0,0,0.078218387,42.09900222,0.902842,7.06572,20.60835,11.97247,5.10302,15.89787,0.58881,0,0.003396555,0.000110132,0,0.004030013,0.000680782,0,0,2.293228961,1428.747525,0.000397697,0.084629657,32.76609907,0,0.2015,1.7742,0.4446,,3.513958025,20.6386,0,0,,0,0,0,0,0,0,0,6.503188343
30,81,30081,0,0,0,0,0,0,0.594419235,1.070148041,3.176263355,0.071785995,0,0.568001377,0,11.17718674,0.169798473,0,0,0.022348111,38.22736116,0.819812,6.41592,18.7131,10.87142,4.63372,14.43582,0.53466,0,0.002318284,7.52E-05,0,0.004030013,0,0,0,2.082331816,493.1147113,0.000361123,0.076846678,31.5434928,8.5174,0.183,0.3821,0.2721,9.3331,3.190796348,18.7406,0,0,,0,0,0,0,0,0,0,0.435264155
30,82,30082,0.356450862,0.129673007,0.090007223,0.002137347,0.004869865,0.009429852,0.616850149,0,0,0.0744949,0,0,0,0.413969879,0.072770774,0,0,0,31.33991549,0.672106,5.25996,15.34155,8.91271,3.79886,11.83491,0.43833,7.40262756,0.002199674,7.13E-05,0,0.005520565,0.000340391,0,0,1.707156894,445.0676865,0.000296059,0.063001168,28.90286075,0,0.15,0.4913,0.9255,,2.615908733,15.3641,0,0.037,,0,0,0,0,0.6884,0.0994,0,1.422529976
30,83,30083,0,0,0,0,0,0,4.70488432,0,0,0.568192922,0,0,0,1.448894577,0.121284624,0,0,0.145262719,107.8010727,2.311868,18.09288,52.7709,30.65738,13.06708,40.70898,1.50774,0,0.000884183,2.87E-05,0,0.001932198,0.013956037,0,0,5.872171047,5421.191211,0.001018366,0.21670746,84.96643538,3.6369,0.5161,0.5732,6.4802,,8.998038539,52.8484,0,0,,0,0,0,0,0,0,0,14.08271323
30,84,30084,0,0,0,0,0,0,2.074859593,2.407833091,0,0.250573756,0,0,0,0,0.121284624,0,0,0.044696221,11.78222954,0.252678,1.97748,5.76765,3.35073,1.42818,4.44933,0.16479,0,0.000248002,8.04E-06,0,0.000662468,0.025529335,0,0.009739546,0.641804997,130.0043316,0.000111303,0.023685266,12.91814781,0,0.0564,0.0546,3.5512,137.7952,0.983449912,5.7761,0,0,,0,0,0,0,0,0,0,4.186499049
30,85,30085,3.208057761,1.16705706,0.810065005,0.01923612,0.043828783,0.084868665,3.464566902,0,4.397903107,0.418403994,15.80380302,0,0,4.553668671,1.964810908,0,0,0.033522166,135.6768883,2.909684,22.77144,66.4167,38.58494,16.44604,51.23574,1.89762,199.8346567,0.059380412,0.001925391,0,0.030031875,0.002723129,0,0,7.390630495,1666.005495,0.001281701,0.272744909,120.82063,16.7425,0.6496,3.4939,4.9148,189.0887,11.32480261,66.5143,0,0,,0,0,0,0,0.7868,0.1136,2.113614903,8.223323931
30,86,30086,0,0,0,0,0,0,2.590770627,0,0.732983851,0.312878581,0,0.100235537,0,0.620954819,0.388110797,0,0,0.011174055,88.49649124,1.897868,14.85288,43.3209,25.16738,10.72708,33.41898,1.23774,64.70041637,0.019225581,0.000623383,0,0.005851799,0.015998383,0.000101643,0,4.820606332,2828.426218,0.000836001,0.177900362,62.58030704,5.6002,0.4237,1.4194,1.9682,,7.386706078,43.3845,0,0,,0,0,0,0,0,0,0,7.628779779
30,87,30087,227.772101,82.86105129,57.51461535,1.365764517,3.111843622,6.025675205,5.562866801,154.3688549,142.931851,0.671808556,0,8.787315419,0.02194825,65.40724091,19.81790755,0.097027699,1.262668251,3.519827425,904.5183084,19.398016,151.81056,442.7808,257.23456,109.64096,341.57376,12.65088,229.2274426,0.068114411,0.002208589,0,0.559509283,0.002723129,2.54E-05,0,49.27118154,1108.868454,0.008544728,1.818310894,985.1445884,265.2867,4.3304,29.6436,0.4475,15.7729,75.49916152,443.4313,0,0.2879,,0,0,0,0,1.5834,0.2286,8.119377283,2.45562361
30,88,30088,0,0,0,0,0,0,0.44861829,1.070148041,0,0.054178109,0,0.267294766,0,1.655879517,0.145541549,0,0.100566498,0.044696221,10.64111428,0.228206,1.78596,5.20905,3.02621,1.28986,4.01841,0.14883,0,0.000981227,3.18E-05,0,0.007066323,0,0,0,0.579645839,336.5630588,0.000100524,0.021391335,11.39286595,0,0.0509,0.3548,1.2169,1.4933,0.88820226,5.2167,0,0,,0,0,0,0,0,0,0,2.721034684
30,89,30089,3.208057761,1.16705706,0.810065005,0.01923612,0.043828783,0.084868665,4.020741427,1.337685051,6.108198759,0.485571305,0,0.033411846,0,13.86799095,2.304407855,0,0,0.346395715,80.66955594,1.730014,13.53924,39.48945,22.94149,9.77834,30.46329,1.12827,0,0.007936078,0.000257325,0,0.030694343,0.008509778,0,0,4.394255261,1427.8475,0.000762062,0.162166239,83.72784837,19.5736,0.3862,2.0472,1.5775,,6.733400283,39.5475,0,0,,0,0,0,0,1.2293,0.1775,5.628944298,4.307614219
30,90,30090,0,0,0,0,0,0,2.33281511,0,0.732983851,0.281726169,0,0,0,0,0.218312323,0,0,0.011174055,20.83178833,0.446752,3.49632,10.1976,5.92432,2.52512,7.86672,0.29136,0,0.000582267,1.89E-05,0,0.004416452,0.006467432,0,0,1.134755168,400.8503771,0.000196792,0.041877171,22.21100463,2.6209,0.0997,0.1365,0.5013,0.4667,1.738806763,10.2126,0,0,,0,0,0,0,0,0,0,1.108589451
30,91,30091,0,0,0,0,0,0,19.79528206,0.53507402,3.664919256,2.390609074,0,0.066823691,0,0,0.485138496,0,0,0.212307051,49.73503666,1.066602,8.34732,24.34635,14.14407,6.02862,18.78147,0.69561,0,0.001595842,5.17E-05,0,0.009053727,0.03608146,0,0,2.709181226,1502.939991,0.000469833,0.09998002,46.01412025,16.9355,0.2381,0.4913,2.5833,,4.151329532,24.3821,0,0.0239,,0,0,0,0,2.8717,0.4146,0,5.547533372
30,92,30092,1.425803449,0.518692027,0.360028891,0.008549387,0.019479459,0.037719407,2.7814334,1.872759071,3.420591305,0.335904278,0,0.267294766,0,9.314322282,0.824735443,0,0,0.223481106,74.46849539,1.597028,12.49848,36.4539,21.17798,9.02668,28.12158,1.04154,0,0.006383367,0.000206979,0,0.018714716,0.001361565,0,0.009739546,4.056469307,1882.825827,0.000703483,0.149700537,59.30081423,6.7075,0.3565,4.2309,0.224,0.9333,6.215804489,36.5075,0,0,,0,0,0,0,0,0,0.000848255,3.597608328
30,93,30093,0,0,0,0,0,0,1.031822068,0.53507402,1.465967702,0.124609651,0,0,0,0.20698494,0.727707744,0,0,0.100566498,29.54458942,0.633604,4.95864,14.4627,8.40214,3.58124,11.15694,0.41322,11.57567741,0.003439686,0.000111531,0,0.002484254,0.000340391,2.54E-05,0,1.609361375,349.8562326,0.000279099,0.059392108,25.32379797,11.6366,0.1414,0.7643,0.679,23.5941,2.466054814,14.4839,0,0,,0,0,0,0,0.7081,0.1022,0,1.92066562
30,94,30094,1.782254312,0.648365034,0.450036114,0.010686733,0.024349324,0.047149258,8.2265379,0.53507402,4.886559008,0.99349108,0,0.23388292,0.00438965,0.413969879,0.654936969,0,0,0.089392443,74.76664392,1.603422,12.54852,36.59985,21.26277,9.06282,28.23417,1.04571,9.61615835,0.002857419,9.27E-05,0,0.022192672,0.056164538,0,0,4.072710139,1626.151125,0.000706299,0.150299891,72.86183578,9.7691,0.3579,1.2283,20.4204,,6.240690624,36.6536,0,0,,0,0,0,0,4.8878,0.7058,0,11.27684373
30,95,30095,0,0,0,0,0,0,3.381460364,0,0.732983851,0.408367499,0,0.066823691,0,5.795578309,0.291083097,0,0,0.122914609,32.95935538,0.706836,5.53176,16.1343,9.37326,3.99516,12.44646,0.46098,0,0.002016368,6.54E-05,0,0.007287146,0.000340391,0,0,1.795371489,1084.466628,0.000311358,0.066256652,33.62067495,0,0.1578,1.5013,0.357,,2.751081623,16.158,0,0,,0,0,0,0,0,0,0,4.926323036
30,96,30096,0,0,0,0,0,0,0.314032803,0,0,0.037924677,0,0,0,0,0,0,0,0,3.095167891,0.066378,0.51948,1.51515,0.88023,0.37518,1.16883,0.04329,0,8.63E-05,2.80E-06,0,0.000165617,0,0,0,0.168600876,59.27159722,2.92E-05,0.006222071,2.857709927,0,0.0148,0.1911,0.1311,,0.258350305,1.5174,0,0,,0,0,0,0,0,0,0,0.293511461
30,97,30097,1.069352587,0.38901902,0.270021668,0.00641204,0.014609594,0.028289555,1.261738942,1.337685051,4.886559008,0.152375932,0,0,0,1.241909638,0.55790927,0,0,0.100566498,39.10250219,0.83858,6.5628,19.1415,11.1203,4.7398,14.7663,0.5469,44.88750143,0.013338219,0.000432488,0,0.021309382,0.001361565,5.08E-05,0.019479093,2.13000275,74.47290373,0.00036939,0.078605933,46.51629414,11.0006,0.1872,1.3102,1.671,68.4428,3.263843419,19.1696,0,0,,0,0,0,0,0,0,0,2.377276062
30,98,30098,0,0,0,0,0,0,0.112154573,0,0,0.013544527,0,0,0,0,0,0,0,0,6.304018318,0.135194,1.05804,3.08595,1.79279,0.76414,2.38059,0.08817,0,0,0,0,0.000331234,0,0,0,0.3433943,236.4495034,5.96E-05,0.012672673,4.53294838,0,0.0302,0,0.0856,,0.526189567,3.0905,0,0,,0,0,0,0,0,0,0,0.319360481
30,99,30099,1.069352587,0.38901902,0.270021668,0.00641204,0.014609594,0.028289555,2.596378356,0,2.443279504,0.313555808,0,0,0,0.413969879,0.436624646,0,0,0.011174055,31.71099245,0.680064,5.32224,15.5232,9.01824,3.84384,11.97504,0.44352,12.73687389,0.003784733,0.000122719,0,0.003974807,0.001021173,0,0.009739546,1.727370304,598.8846323,0.000299565,0.063747126,24.59099146,3.9623,0.1518,0.9008,0.6548,,2.646882124,15.546,0,0,,0,0,0,0,2.4685,0.3564,0,1.942845747
30,100,30100,0,0,0,0,0,0,2.33281511,0.53507402,1.221639752,0.281726169,0,0,0,0,0.363853872,0,0,0.022348111,43.84928427,0.940378,7.35948,21.46515,12.47023,5.31518,16.55883,0.61329,0,0.001531146,4.96E-05,0,0.003919601,0.013615645,0,0,2.388570829,808.4246646,0.000414232,0.088148167,44.16357006,8.2859,0.2099,0.1092,3.2995,53.292,3.660052168,21.4967,0,0,,0,0,0,0,1.6719,0.2414,0,5.127695246
30,101,30101,0,0,0,0,0,0,0.336463718,0.80261103,1.221639752,0.040633582,0,0.133647383,0,0,0.460881571,0,0,0.033522166,66.27262809,1.421262,11.12292,32.44185,18.84717,8.03322,25.02657,0.92691,0,0.00139097,4.51E-05,0,0.009550578,0.003403911,2.54E-05,0,3.610021665,788.9063565,0.000626059,0.133224768,56.38936414,4.9607,0.3173,0.7097,3.8328,140.6188,5.531704341,32.4895,0,0,,0,0,0,0,0,0,0.271254858,5.918591894
30,102,30102,14.25803449,5.186920268,3.600288911,0.085493866,0.194794593,0.377194066,6.746097541,11.23655443,32.0069615,0.814703319,0,0.367530303,0,3.104774094,3.153400222,0.55790927,0,0.726313596,214.6755254,4.603864,36.03024,105.0882,61.05124,26.02184,81.06804,3.00252,52.03611726,0.015462413,0.000501364,0,0.075576538,0.0537818,0,0,11.69386699,2786.405407,0.002027979,0.431552179,214.1364595,74.6773,1.0278,4.6403,62.3466,21.8706,17.91873312,105.2426,0.0573,0.0631,,0,0,0,0,0,0,0.087189772,30.8993523
30,103,30103,0,0,0,0,0,0,0.12337003,0,0,0.01489898,0,0,0,0,0.024256925,0,0,0.022348111,26.00970606,0.557796,4.36536,12.7323,7.39686,3.15276,9.82206,0.36378,0,0.000215654,6.99E-06,0,0.001214524,0,0,0,1.416808192,1282.927374,0.000245706,0.052286097,17.87974883,0,0.1245,0.0819,0.7327,,2.171001937,12.751,0,0,,0,0,0,0,0,0,0,1.388342562
30,104,30104,0,0,0,0,0,0,3.370244906,0,0.24432795,0.407013046,0,0.033411846,0,0.20698494,0.194055398,0,0,0.089392443,28.62869428,0.613962,4.80492,14.01435,8.14167,3.47022,10.81107,0.40041,0,0.001089054,3.53E-05,0,0.002429049,0.00306352,0,0,1.559470472,1187.804889,0.000270447,0.057550926,24.66614897,6.0142,0.1371,0,1.7294,,2.389606041,14.0349,0,0.0231,,0,0,0,0,0,0,0,5.37576246
30,105,30105,0,0,0,0,0,0,5.327342198,0.26753701,3.176263355,0.643365048,0,0.167059229,0,0.620954819,0.582166195,0,0,0.044696221,88.06535559,1.888622,14.78052,43.10985,25.04477,10.67482,33.25617,1.23171,22.09902051,0.006566673,0.000212922,0,0.019984446,0.030975593,0,0,4.797121387,688.5908712,0.000831928,0.17703367,88.87034143,43.1951,0.4216,0.6824,1.9651,1.0578,7.350719653,43.1732,0,0,,0,0,0,0,3.6388,0.5254,0,2.569476039
30,106,30106,0,0,0,0,0,0,0.112154573,0,0,0.013544527,0,0,0,0.827939758,0.097027699,0,0,0.033522166,8.7492653,0.187634,1.46844,4.28295,2.48819,1.06054,3.30399,0.12237,6.24143108,0.001854627,6.01E-05,0,0.000607262,0,0,0,0.476592497,221.6965252,8.27E-05,0.017588239,7.429917943,0,0.0419,0.3548,0.2075,,0.730291679,4.2892,0,0,,0,0,0,0,0,0,0,0.520107311
30,107,30107,0,0,0,0,0,0,0,0,0,0,0,0,0,0,0,0,0,0.022348111,6.595731993,0.14145,1.107,3.22875,1.87575,0.7995,2.49075,0.09225,0,2.16E-05,6.99E-07,0,0.000220823,0,0,0,0.359284611,236.6916562,6.23E-05,0.013259092,4.41336591,0,0.0316,0,0.1735,,0.550538591,3.2335,0,0,,0,0,0,0,0,0,1.915793387,0.612038102
30,108,30108,29.94187243,10.89253256,7.560606713,0.17953712,0.409068645,0.792107539,9.796701916,25.41601596,36.89352051,1.183114463,0,1.470121211,0,8.693367463,5.457808077,0.121284624,0,0.469310323,326.9810005,7.012332,54.87912,160.0641,92.98962,39.63492,123.47802,4.57326,285.2551728,0.084762923,0.002748411,0,0.192115669,0.005786649,2.54E-05,0,17.81140313,3317.916311,0.003088897,0.657314628,355.2904878,100.1453,1.5654,5.3227,6.8704,,27.29274923,160.2992,0,0.0508,,0,0,0,0,0,0,0.666620037,13.62410157
30,109,30109,4.277410348,1.556076081,1.080086673,0.02564816,0.058438378,0.11315822,9.151813124,8.293647315,4.397903107,1.10523343,0,0.267294766,0,17.38673493,1.503929337,0,0,3.307520374,123.3112314,2.644494,20.69604,60.36345,35.06829,14.94714,46.56609,1.72467,29.68308502,0.008820261,0.000285994,0,0.040355332,0.018721513,0,0.009739546,6.717044875,2482.193515,0.001164886,0.247886807,124.7866597,17.5229,0.5904,2.6477,7.5193,18.3713,10.29265465,60.4521,0,0.047,,0,0,0,0,0,0,0,12.70704503
30,110,30110,0,0,0,0,0,0,0.336463718,0,0,0.040633582,0,0,0,0,0,0,0,0,22.59708505,0.48461,3.7926,11.06175,6.42635,2.7391,8.53335,0.31605,0,6.47E-05,2.10E-06,0,0.000220823,0,0,0,1.230914919,862.4676188,0.000213468,0.045425864,16.21440654,0,0.1082,0,0.4276,,1.886154165,11.078,0,0,,0,0,0,0,0,0,0,1.271605049
30,111,30111,0,0,0,0,0,0,0.263563246,0,1.954623603,0.031829639,0,0,0,0.620954819,0.291083097,0,0,0.044696221,33.35188187,0.715254,5.59764,16.32645,9.48489,4.04274,12.59469,0.46647,0,0.001498797,4.86E-05,0,0.008722493,0.002382738,0,0,1.816753305,673.3081086,0.000315066,0.06704573,33.56389999,12.015,0.1597,1.0918,0.7051,,2.783845383,16.3504,0,0,,0,0,0,0,1.5047,0.2173,0,1.275774246
30,112,30112,0.712901725,0.259346013,0.180014446,0.004274693,0.00973973,0.018859703,2.691709742,1.337685051,3.664919256,0.325068656,0,0.066823691,0,2.483819275,0.460881571,0,0,0.156436774,40.80559526,0.875104,6.84864,19.9752,11.60464,4.94624,15.40944,0.57072,20.93782403,0.006221627,0.000201734,0,0.008777699,0.001361565,0,0,2.222774125,515.0874433,0.000385479,0.082029582,37.81489674,7.1441,0.1954,1.2556,1.1626,40.3937,3.40599875,20.0045,0,0.0131,,0,0,0,0,0,0,0.000234624,2.017057452
30,113,30113,0,0,0,0,0,0,0.252347788,0,0,0.030475186,0,0,0,0,0,0,0,0.078218387,9.858206256,0.211416,1.65456,4.8258,2.80356,1.19496,3.72276,0.13788,0,0.000312699,1.01E-05,0,0.001048907,0,0,0,0.536999048,441.00807,9.31E-05,0.019817491,7.774792883,0,0.0472,0.1911,0.0916,1.5866,0.822853777,4.8329,0,0,,0,0,0,0,0,0,0,1.011447164
30,114,30114,0,0,0,0,0,0,3.252482605,0.53507402,0.24432795,0.392791293,0,0.033411846,0,0,0.169798473,0,0,0.022348111,21.22002491,0.455078,3.56148,10.38765,6.03473,2.57218,8.01333,0.29679,0,0.000388178,1.26E-05,0,0.004637275,0.034039114,0,0,1.155903302,433.1387858,0.00020046,0.042657625,22.7885711,6.4211,0.1016,0.1911,2.0535,13.2938,1.771212449,10.4029,0.0015,0,,0,0,0,0,0,0,0,2.673872729
30,115,30115,5.346762935,1.945095101,1.350108342,0.0320602,0.073047972,0.141447775,1.093507083,1.337685051,6.59685466,0.132059141,0,0.167059229,0,5.381608429,1.867783208,0,0,0.514006545,67.53386074,1.44831,11.3346,33.05925,19.20585,8.1861,25.50285,0.94455,18.10740761,0.005380575,0.000174463,0,0.020812531,0.001701956,0,0.009739546,3.678723893,2098.046097,0.000637973,0.135760165,66.01601944,27.194,0.3233,0.9008,0.3548,,5.636978061,33.1078,0,0,,0,0,0,0,0.6884,0.0994,0,1.004776449
30,116,30116,1.782254312,0.648365034,0.450036114,0.010686733,0.024349324,0.047149258,1.732788147,0,2.931935405,0.209262947,0,0,0,1.655879517,0.388110797,0,0,0.413440047,29.48882063,0.632408,4.94928,14.4354,8.38628,3.57448,11.13588,0.41244,0,0.002932898,9.51E-05,0,0.012586889,0.003403911,0,0,1.606323522,584.0591377,0.000278573,0.059279998,29.31315045,6.1664,0.1412,0.6824,0.1646,,2.461399854,14.4566,0,0.077,,0,0,0,0,0.8949,0.1292,0.028687258,0.362720129
30,117,30117,0,0,0,0,0,0,1.300993042,0.53507402,0.977311802,0.157116517,0,0.033411846,0.00438965,0.413969879,0.218312323,0,0,0.122914609,45.20274992,0.969404,7.58664,22.1277,12.85514,5.47924,17.06994,0.63222,0,0.001067489,3.46E-05,0,0.00507892,0.015998383,0,0.009739546,2.462297199,1318.480445,0.000427018,0.090868976,41.33335936,11.1858,0.2164,0.9281,10.6431,419.3052,3.773024477,22.1602,0,0,,0,0,0,0,0.9638,0.1392,0,13.21885564
30,118,30118,63.80470435,23.2114682,16.11129288,0.382585052,0.871705803,1.687943446,1.446793986,39.32794049,44.95634287,0.174724403,4.711070244,2.004710742,0.00438965,15.31688553,14.52989795,2.110352456,0,1.374408804,251.9462374,5.40316,42.2856,123.333,71.6506,30.5396,95.1426,3.5238,237.5009676,0.07057287,0.002288303,0,0.244505833,0.000680782,0,0,13.72408793,88.4590635,0.002380065,0.506475749,299.1132269,73.6114,1.2062,13.5389,,,21.02967899,123.5142,0.0088,0,,0,0,0,0,0.5901,0.0852,5.069789351,0
30,119,30119,0,0,0,0,0,0,0.897236581,0,0,0.108356219,0,0.066823691,0,0.20698494,0.194055398,0,0,0.022348111,12.07179826,0.258888,2.02608,5.9094,3.43308,1.46328,4.55868,0.16884,0,0.000884183,2.87E-05,0,0.009329755,0.01191369,5.08E-05,0.019479093,0.657578468,82.20216334,0.000114039,0.024267372,14.35513657,0,0.0578,0.3548,2.047,76.0611,1.007619899,5.9181,0,0,,0,0,0,0,0.2655,0.0383,0,2.860986285
30,120,30120,0,0,0,0,0,0,0.168231859,0,2.687607454,0.020316791,0.300706611,0.23388292,0,0,0.50939542,0,0,0.18995894,28.62011446,0.613778,4.80348,14.01015,8.13923,3.46918,10.80783,0.40029,0,0.001854627,6.01E-05,0,0.006955912,0.000340391,0,0,1.55900311,658.4616597,0.000270366,0.057533679,25.84531888,9.1178,0.137,0.8462,0.1504,,2.388889893,14.0307,0,0,,0,0,0,0,0,0,0,0.358550932
30,121,30121,0,0,0,0,0,0,4.974055294,0,1.465967702,0.600699787,0,0.066823691,0,0.620954819,0.242569248,0,0,0.044696221,49.47120738,1.060944,8.30304,24.2172,14.06904,5.99664,18.68184,0.69192,0,0.003903343,0.000126565,0,0.005741388,0.123561983,2.54E-05,0,2.694809842,1233.922976,0.00046734,0.099449657,47.88287852,0,0.2368,0.4094,3.642,41.999,4.129307988,24.2528,0,0.027,,0,0,0,0,4.3469,0.6277,0,4.675754304
30,122,30122,0,0,0,0,0,0,2.972096174,0,0.732983851,0.358929974,0,0,0,7.037487946,0.388110797,0,0,1.061535255,32.76416461,0.70265,5.499,16.03875,9.31775,3.9715,12.37275,0.45825,0,0.002577069,8.36E-05,0,0.006017416,0.002042347,0,0,1.784739002,1263.467271,0.000309514,0.065864269,29.17964131,0,0.1569,1.3648,1.1306,,2.734789261,16.0623,0,0,,0,0,0,0,0,0,0,2.649941538
30,123,30123,3.564508623,1.296730067,0.900072228,0.021373467,0.048698648,0.094298517,14.28467929,2.407833091,9.040134164,1.725112268,23.62217491,0.167059229,0,5.795578309,8.46566675,0,0,0.324047604,192.0419762,4.118472,32.23152,94.0086,54.61452,23.27832,72.52092,2.68596,90.06530198,0.026762699,0.000867772,0,0.045820691,0.269930171,0.000177875,0.029218639,10.46096578,1749.20827,0.001814166,0.386053012,191.4856656,50.8958,0.9194,3.2482,14.4525,373.3241,16.02953533,94.1467,0,0.0424,,0,0,0,0,4.2289,0.6106,0.130053714,36.05187928
30,124,30124,7.485468108,2.723133141,1.890151678,0.04488428,0.102267161,0.198026885,15.30141657,9.631332365,20.76787578,1.847900181,0,1.102590908,0,7.244472886,2.983601749,0,0,1.106231477,314.8298389,6.751742,52.83972,154.11585,89.53397,38.16202,118.88937,4.40331,45.32295011,0.013467611,0.000436683,0,0.050237143,0.094969127,0,0,17.14950157,8825.006446,0.002974108,0.632887715,295.8290148,40.5,1.5072,3.7123,26.6769,,26.27850497,154.3423,0,0.0477,,0,0,0,0,0,0,0.612602446,30.06658024
30,125,30125,1.782254312,0.648365034,0.450036114,0.010686733,0.024349324,0.047149258,1.828119533,0.53507402,7.329838511,0.220775796,0,0.367530303,0.002194825,1.034924698,0.776221593,0,0,0.122914609,58.41351849,1.252718,9.80388,28.59465,16.61213,7.08058,22.05873,0.81699,27.43326684,0.008151733,0.000264317,0,0.016285667,0.020423468,0.000101643,0.029218639,3.181917986,986.0174575,0.000551816,0.117425967,55.06172747,9.0355,0.2797,1.2829,9.3301,310.3257,4.875712992,28.6367,0,0,,0,0,0,0,1.6325,0.2357,0,10.50053927
30,126,30126,1.069352587,0.38901902,0.270021668,0.00641204,0.014609594,0.028289555,5.60772863,0,2.198951553,0.677226367,0,0.200471074,0,2.690804215,0.727707744,0,0,0.100566498,62.35379806,1.33722,10.4652,30.5235,17.7327,7.5582,23.5467,0.8721,0,0.002005585,6.50E-05,0,0.007397557,0.02382738,0,0.029218639,3.396554028,877.8297494,0.000589039,0.125346927,65.31965508,4.5917,0.2985,0.4094,7.0367,107.704,5.204603851,30.5683,0.0029,0,,0,0,0,0,0,0,0,12.90679125
30,127,30127,0,0,0,0,0,0,2.164583251,0,0,0.261409378,0,0,0,0.827939758,0.291083097,0,0,0,43.00417259,0.922254,7.21764,21.05145,12.22989,5.21274,16.23969,0.60147,0,0.000442091,1.43E-05,0,0.002097815,0,0,0,2.342535662,1563.524391,0.000406248,0.086449279,28.23663553,0,0.2059,0,0.4604,,3.589511614,21.0824,0,0,,0,0,0,0,0,0,0,1.894483063
30,128,30128,4.63386121,1.685749087,1.170093896,0.027785507,0.063308243,0.122588071,6.347948809,5.083203193,13.92669317,0.766620247,0,6.983075751,0.057065449,15.10990059,1.503929337,0,0,0.134088664,142.1224735,3.047914,23.85324,69.57195,40.41799,17.22734,53.66979,1.98777,60.81766564,0.01807183,0.000585973,0,0.040189715,0.047314368,7.62E-05,0.009739546,7.741736269,1662.263838,0.001342591,0.285702168,111.6173605,31.3991,0.6804,5.623,4.7689,,11.86280862,69.6742,0,0.0208,,0,0,0,0,2.6652,0.3848,1.065494562,16.57339145
30,129,30129,0,0,0,0,0,0,2.641240185,0,1.710295653,0.318973619,0,0.033411846,0,2.276834336,0.339596947,0,0,0.134088664,39.11322696,0.83881,6.5646,19.14675,11.12335,4.7411,14.77035,0.54705,0,0.002091847,6.78E-05,0,0.007839203,0.017019557,0,0,2.130586952,1295.672557,0.000369492,0.078627493,33.16670037,5.6552,0.1873,0.9008,2.2537,,3.264738604,19.1749,0,0,,0,0,0,0,0,0,0,4.650322203
30,130,30130,0.712901725,0.259346013,0.180014446,0.004274693,0.00973973,0.018859703,12.3201798,2.140296081,10.50610187,1.487866327,0,0.133647383,0.02194825,6.623518067,0.873249292,0,0,0.413440047,77.46928533,1.661382,13.00212,37.92285,22.03137,9.39042,29.25477,1.08351,16.76477418,0.004981614,0.000161527,0,0.023959253,0.027571682,0,0,4.219929199,2676.916509,0.00073183,0.155732885,77.74013371,18.1279,0.3709,1.747,6.9516,,6.466277168,37.9786,0,0.0185,,0,0,0,0,0,0,0,14.9799244
30,131,30131,63.44825349,23.08179519,16.02128565,0.380447706,0.866835939,1.678513594,2.523477883,45.21375472,73.78704101,0.304751865,0.300706611,2.038122588,0,8.900352402,6.622140466,0,0,1.385582859,421.7000018,9.043646,70.77636,206.43105,119.92661,51.11626,159.24681,5.89803,160.8619999,0.047799776,0.001549893,0,0.26206123,0.003403911,0,0,22.97096383,618.8121065,0.00398368,0.84772381,431.1065481,157.239,2.0189,10.4544,,,35.19884148,206.7343,0,0.1286,,0,0.19305,0.124,0,0,0,5.564976054,0
30,132,30132,0,0,0,0,0,0,2.125329151,0.26753701,0.24432795,0.256668793,0,0,0.028532724,16.14482529,0.339596947,0,0.011174055,0.067044332,34.23345776,0.73416,5.7456,16.758,9.7356,4.1496,12.9276,0.4788,0,0.002523155,8.18E-05,0,0.002429049,0.000680782,0,0,1.86477476,1048.601003,0.000323394,0.068817921,26.36316787,8.7981,0.1639,0.8735,0.5568,,2.857429565,16.7826,0,0,,0,0,0,0,1.8292,0.2641,0,1.359992023
30,133,30133,0,0,0,0,0,0,2.203837351,0.53507402,6.108198759,0.266149962,0,0.033411846,1.643923895,1.241909638,25.03314638,0,0,0.134088664,117.8072807,2.526458,19.77228,57.66915,33.50303,14.27998,44.48763,1.64769,77.11070375,0.022913269,0.000742956,0,0.022965551,0.013615645,0,0,6.417232091,527.7107175,0.001112892,0.236822472,109.3793851,2.0278,0.564,1.8834,0.3578,11.2308,9.833245865,57.7539,0,0,,0,0,0,0,2.4095,0.3479,0,0.382732274
30,134,30134,0.712901725,0.259346013,0.180014446,0.004274693,0.00973973,0.018859703,6.106816478,0,4.153575156,0.737499513,0,0,0.0087793,0,0.363853872,0,0,0.044696221,43.65194855,0.936146,7.32636,21.36855,12.41411,5.29126,16.48431,0.61053,0,0.000366612,1.19E-05,0,0.005520565,0.027231291,5.08E-05,0.019479093,2.377821501,974.3828133,0.000412368,0.087751473,44.11407997,30.6809,0.209,0.0273,6.8268,143.5898,3.643580769,21.3999,0,0,,0,0,0,0,1.9964,0.2883,1.539796554,12.728975
30,135,30135,0.712901725,0.259346013,0.180014446,0.004274693,0.00973973,0.018859703,0.639281064,0,2.198951553,0.077203806,0,0,0,0.20698494,0.50939542,0,0,0.100566498,41.5649088,0.891388,6.97608,20.3469,11.82058,5.03828,15.69618,0.58134,0,0.001293926,4.20E-05,0,0.007673586,0,0,0,2.264135671,882.7403359,0.000392652,0.083555994,29.32363884,0,0.199,0.8462,0.2764,2.3022,3.469377827,20.3768,0,0,,0,0,0,0,0,0,0,0.766298387
30,136,30136,0,0,0,0,0,0,0.841159294,0,0.732983851,0.101583955,0,0.033411846,0,0,0.121284624,0,0,0.312873549,13.80706564,0.296102,2.31732,6.75885,3.92657,1.67362,5.21397,0.19311,0,0.00075479,2.45E-05,0,0.001324936,0,0,0,0.752102452,137.5749425,0.000130431,0.027755699,10.81583559,10.5135,0.0661,0.5732,0.0798,,1.152460784,6.7688,0,0,,0,0,0,0,0.7671,0.1108,0,0.219716676
30,137,30137,0,0,0,0,0,0,0.611242421,0,0,0.073817674,0,0,0,0,0,0,0,0,11.39828286,0.244444,1.91304,5.5797,3.24154,1.38164,4.30434,0.15942,0,0.000194089,6.29E-06,0,5.52E-05,0,0,0,0.620890544,428.2675134,0.000107676,0.022913435,8.040220849,0,0.0546,0.3821,0.2262,,0.9514023,5.5879,0,0,,0,0,0,0,0,0,0,0.73544633
30,138,30138,17.46609225,6.353977329,4.410353916,0.104729986,0.238623376,0.462062731,0.24674006,7.491036284,24.18846709,0.02979796,0,0.23388292,0.0087793,2.276834336,2.522720178,0,0.145262719,0.089392443,85.53431046,1.834342,14.35572,41.87085,24.32497,10.36802,32.30037,1.19631,0,0.006523543,0.000211524,0,0.032681746,0,0,0,4.659249569,91.53980432,0.000808018,0.171945628,90.127594,10.8005,0.4095,2.9753,0.0925,3.7332,7.139456063,41.9324,0,0.1502,,0,0,0,0,0.4426,0.0639,0.041880328,0.148423409
30,139,30139,0,0,0,0,0,0,0,0,0,0,0,0,0,0.620954819,0,0,0,0.022348111,12.4943541,0.26795,2.097,6.11625,3.55325,1.5145,4.71825,0.17475,0,0.000280351,9.09E-06,0,0.002981105,0.004765476,2.54E-05,0,0.680596051,106.3159723,0.000118031,0.025116816,13.79151962,0,0.0598,0.1638,0.9925,38.8879,1.042890177,6.1252,0,0,,0,0,0,0,0,0,0,1.822772877
30,140,30140,0,0,0,0,0,0,0.358894632,0,0,0.043342487,0,0,0,0,0,0,0,0,5.774214805,0.123832,0.96912,2.8266,1.64212,0.69992,2.18052,0.08076,0,6.47E-05,2.10E-06,0,0.000331234,0,0,0,0.31453469,181.7811551,5.45E-05,0.011607634,3.581666705,0,0.0276,0,0.0914,,0.481967443,2.8308,0,0,,0,0,0,0,0,0,0,0.225136632
30,141,30141,23.52575691,8.558418443,5.940476703,0.14106488,0.321411078,0.622370209,6.247009693,4.815666183,19.05758013,0.754430172,0,0.23388292,0.010974125,10.34924698,2.619747877,0,0,0.726313596,330.3786068,7.085196,55.44936,161.7273,93.95586,40.04676,124.76106,4.62078,70.21609965,0.020864554,0.000676527,0,0.068510214,0.010211734,5.08E-05,0.019479093,17.99647852,10215.53878,0.003120993,0.664144677,283.5879124,30.5813,1.5817,4.0125,9.8717,18.6662,27.57634375,161.9649,0,0.0516,,0,0,0,0,0,0,0.255658602,22.21348099
30,142,30142,0,0,0,0,0,0,11.37808139,0.26753701,0.977311802,1.374092298,0,0.033411846,0,1.241909638,0.50939542,0,0,0.324047604,65.48114025,1.404288,10.99008,32.0544,18.62208,7.93728,24.72768,0.91584,0,0.002102629,6.82E-05,0,0.008115231,0.038123807,0,0,3.566907512,1897.860601,0.000618582,0.131633677,59.98779879,4.7605,0.3135,0.8462,3.1464,,5.46563971,32.1015,0,0,,0,0,0,0,3.7273,0.5382,15.80690686,7.304016018
30,143,30143,1.425803449,0.518692027,0.360028891,0.008549387,0.019479459,0.037719407,5.495574057,0.26753701,1.221639752,0.663681839,0,0.066823691,0,3.518743973,0.727707744,0,0,0.435788157,121.0525954,2.596056,20.31696,59.2578,34.42596,14.67336,45.71316,1.69308,9.25328445,0.002749592,8.92E-05,0,0.016451284,0.008509778,2.54E-05,0.029218639,6.594011803,3887.648047,0.00114355,0.243346377,106.6699813,8.4826,0.5795,1.2829,4.0731,23.3328,10.10412876,59.3449,0,0.0362,,0,0,0,4.6,0,0,0.002662076,8.460968153
30,144,30144,0,0,0,0,0,0,8.114383327,0,0.24432795,0.979946553,0,0,0,3.518743973,0.436624646,0,0,0.156436774,62.63693192,1.343292,10.51272,30.6621,17.81322,7.59252,23.65362,0.87606,0,0.002329066,7.55E-05,0,0.014739909,0.024848553,0,0,3.411976977,1962.731919,0.000591713,0.125916098,55.13019015,20.0079,0.2999,0.7643,1.8829,,5.228236727,30.7071,0,0,,0,0,0,0,3.0487,0.4402,0,4.187124429
30,145,30145,0.712901725,0.259346013,0.180014446,0.004274693,0.00973973,0.018859703,0.196270502,0,1.465967702,0.023702923,0,0.100235537,0,1.655879517,0.121284624,0,0,0.044696221,28.05170179,0.601588,4.70808,13.7319,7.97758,3.40028,10.59318,0.39234,0,0.001002793,3.25E-05,0,0.004968509,0.002382738,0,0,1.528040371,976.2931669,0.000264996,0.056391025,24.42722032,16.1446,0.1343,0.1092,0.6229,,2.341445104,13.7521,0,0,,0,0,0,0,0,0,0.823680925,1.7385551
30,146,30146,0,0,0,0,0,0,0.308425075,0,0,0.03724745,0,0,0,0.20698494,0.024256925,0,0,0,7.084781389,0.151938,1.18908,3.46815,2.01483,0.85878,2.67543,0.09909,0,0.000140175,4.55E-06,0,0.000165617,0,0,0,0.38592425,337.9035986,6.69E-05,0.014242205,4.780616961,0,0.0339,0.3003,0.2796,11.2931,0.591359013,3.4732,0,0,,0,0,0,0,0,0,0,1.157127241
30,147,30147,0,0,0,0,0,0,3.280521248,0,0,0.396177424,0,0,0,1.034924698,0.072770774,0,0,4.100878302,45.6188709,0.978328,7.65648,22.3314,12.97348,5.52968,17.22708,0.63804,13.89807037,0.00412978,0.000133907,0,0.001435347,0.000340391,0,0,2.484964261,1910.38116,0.000430949,0.091705485,27.7254491,5.1209,0.2184,0,0.5028,,3.807757644,22.3642,0,0,,0,0,0,0,0,0,0,1.211568614
30,148,30148,0.712901725,0.259346013,0.180014446,0.004274693,0.00973973,0.018859703,2.405715582,0.26753701,1.954623603,0.290530111,0,0.23388292,0,8.900352402,0.55790927,0,0,0.111740553,57.16515556,1.225946,9.59436,27.98355,16.25711,6.92926,21.58731,0.79953,0,0.002285936,7.41E-05,0,0.013525385,0.009190561,5.08E-05,0,3.113916801,1353.746663,0.000540023,0.114916441,56.44527877,11.3452,0.2737,0.4913,3.1926,13.1597,4.771513493,28.0247,0,0,,0,0,0,0,1.013,0.1463,0,5.807691257
30,149,30149,0,0,0,0,0,0,6.779743913,0,0,0.818766677,0,0,0,1.034924698,0.097027699,0,0,0.100566498,63.47346378,1.361232,10.65312,31.0716,18.05112,7.69392,23.96952,0.88776,0,0.000657746,2.13E-05,0,0.006900707,0.001701956,2.54E-05,0,3.457544781,2950.583279,0.000599616,0.127597739,51.29092927,0,0.3039,0.3003,5.8547,,5.298061134,31.1172,0,0,,0,0,0,0,0,0,0,14.43250885
30,150,30150,0.356450862,0.129673007,0.090007223,0.002137347,0.004869865,0.009429852,1.345854871,0,0,0.162534328,0,0,0,2.690804215,0.121284624,0,0,0.100566498,24.52968815,0.526056,4.11696,12.0078,6.97596,2.97336,9.26316,0.34308,13.97064515,0.004151345,0.000134606,0,0.004471658,0.007828996,0,0,1.336188231,800.1534828,0.000231725,0.049310886,22.22557558,0,0.1174,4.2036,0.3934,,2.047466448,12.0254,0,0,,0,0,0,0,0,0,0,0.918057153
30,151,30151,0,0,0,0,0,0,3.768393639,0.53507402,0,0.455096118,0,0,0,0,0.194055398,0,0,0,50.47290066,1.082426,8.47116,24.70755,14.35391,6.11806,19.06011,0.70593,0,0.000528353,1.71E-05,0,0.008667287,0.016338775,0.000254107,0,2.749374366,1545.151323,0.000476803,0.101463314,50.25602289,5.3185,0.2416,0.3548,3.9949,,4.212918239,24.7438,0,0,,0,0,0,0,0,0,0,5.757869354
30,152,30152,0,0,0,0,0,0,3.987095056,0,0.732983851,0.481507947,0,0,0,0.413969879,0.097027699,0,0,0,25.59144013,0.548826,4.29516,12.52755,7.27791,3.10206,9.66411,0.35793,0,0.000312699,1.01E-05,0,0.005134126,0.049697106,0,0,1.39402429,549.2712887,0.000241755,0.051445276,26.48732691,2.2189,0.1225,0,0.1876,,2.136089733,12.546,0,0,,0,0,0,0,2.0161,0.2911,0,1.821105198
30,153,30153,0.712901725,0.259346013,0.180014446,0.004274693,0.00973973,0.018859703,1.542125373,0,0,0.186237251,0,0,0,0.20698494,0.024256925,0,0,0.022348111,12.55655775,0.269284,2.10744,6.1467,3.57094,1.52204,4.74174,0.17562,0,0.000226437,7.34E-06,0,0.000717673,0.003403911,2.54E-05,0,0.683984427,523.0377124,0.000118618,0.025241861,12.31408491,0,0.0601,0,0.9811,,1.048082248,6.1557,0,0,,0,0,0,0,0,0,0,0.799860422
30,154,30154,0,0,0,0,0,0,1.233700299,0,0.488655901,0.148989801,0,0,0,1.862864456,0.04851385,0,0,0.055870277,28.91397309,0.62008,4.8528,14.154,8.2228,3.5048,10.9188,0.4044,0,0.001347839,4.37E-05,0,0.00038644,0.016338775,2.54E-05,0,1.575010261,1107.186605,0.000273142,0.058124409,24.73998214,1.4066,0.1384,0.273,0.515,,2.413417954,14.1748,0,0,,0,0,0,0,0,0,0,2.343505568
30,155,30155,2.495156036,0.907711047,0.630050559,0.014961427,0.034089054,0.066008962,5.405850399,4.280592162,4.642231057,0.652846217,0,0.23388292,0,4.760653611,1.795012434,0,0,0.290525438,219.7161662,4.711964,36.87624,107.5557,62.48474,26.63284,82.97154,3.07302,19.45004104,0.005779535,0.0001874,0,0.030252697,0.053441408,7.62E-05,0,11.96844222,9313.025893,0.002075596,0.441685143,173.529894,27.9132,1.0519,1.747,5.895,,18.33946993,107.7137,0,0.0431,,0,0,0,0,0,0,0.176788948,13.22802787
30,156,30156,0,0,0,0,0,0,0.168231859,0,0,0.020316791,0,0,0,0.413969879,0.04851385,0,0,0.089392443,12.13400191,0.260222,2.03652,5.93985,3.45077,1.47082,4.58217,0.16971,0,0.000323481,1.05E-05,0,0.000110411,0,0,0,0.660966843,436.5342079,0.000114626,0.024392417,8.431511043,0,0.0581,0.1092,0.5607,,1.012811971,5.9486,0,0,,0,0,0,0,0,0,0.24171225,0.933274722
30,157,30157,0,0,0,0,0,0,5.097425324,0,1.221639752,0.615598767,0,0,0,3.311759033,0.072770774,0,0,0.145262719,38.17159237,0.818616,6.40656,18.6858,10.85556,4.62696,14.41476,0.53388,0,0.001132185,3.67E-05,0,0.003753984,0.013615645,2.54E-05,0,2.079293962,1471.649504,0.000360596,0.076734569,34.19848208,2.1756,0.1827,0.7097,8.7169,,3.186141387,18.7133,0,0,,0,0,0,0,0,0,0.002707196,13.54822219
30,158,30158,0,0,0,0,0,0,4.906762551,1.872759071,1.710295653,0.592573071,0,1.536944902,0,1.655879517,0.218312323,0,0,0.100566498,50.72386022,1.087808,8.51328,24.8304,14.42528,6.14848,19.15488,0.70944,8.12837536,0.002415328,7.83E-05,0,0.077398324,0.029273638,0,0,2.763044708,1095.317767,0.000479174,0.101967806,65.76172285,12.0458,0.2428,0.7916,8.2676,0.3192,4.233865561,24.8669,0,0,,0,0,0,0,0,0,0,9.718189473
30,159,30159,0,0,0,0,0,0,0.482264662,0,0,0.058241468,0,0,0,0.413969879,0.04851385,0,0,0.011174055,48.05768302,1.03063,8.0658,23.52525,13.66705,5.8253,18.14805,0.67215,0,0.000323481,1.05E-05,0,0.001987403,0.000340391,0,0,2.617811937,1815.624617,0.000453987,0.096608115,28.131642,0,0.2301,0.3548,0.8183,,4.011322645,23.5598,0,0,,0,0,0,0,0,0,0,1.915329048
30,160,30160,4.990312072,1.815422094,1.260101119,0.029922853,0.068178108,0.132017923,10.54813755,4.013055152,16.61430063,1.273862796,0,0.267294766,0,3.725728913,2.328664779,0.169798473,0,0.178784885,218.3712803,4.683122,36.65052,106.89735,62.10227,26.46982,82.46367,3.05421,46.0849853,0.013694048,0.000444025,0,0.058738814,0.274695647,0.000101643,0,11.89518321,8288.19991,0.002062892,0.438981582,197.0480871,55.0064,1.0455,3.0299,35.7325,,18.22721377,107.0544,0,0,,0,0,0,0,0,0,0.321028371,50.05787929
30,161,30161,0,0,0,0,0,0,9.118166752,1.070148041,4.642231057,1.101170072,0,0,0,3.518743973,1.067304691,0,0,0.122914609,68.79938331,1.47545,11.547,33.67875,19.56575,8.3395,25.98075,0.96225,0,0.005024745,0.000162926,0,0.015015937,0.055143364,0,0,3.747659802,2098.278686,0.000649928,0.138304186,64.99614742,10.2715,0.3294,1.3648,2.584,49.7766,5.742609856,33.7282,0,0.0239,,0,0,0,0,0,0,0,4.592787286
30,162,30162,0,0,0,0,0,0,0.700966079,0,0.488655901,0.084653296,0,0,0,0,0,0,0,0,11.99243498,0.257186,2.01276,5.87055,3.41051,1.45366,4.52871,0.16773,0,0.000129393,4.20E-06,0,0.001435347,0,0,0,0.653255369,483.1569043,0.000113289,0.024107832,9.559740349,0,0.0574,0.2184,0.2487,,1.000995533,5.8792,0,0,,0,0,0,0,0,0,0,2.744098681
30,163,30163,0,0,0,0,0,0,1.191081561,0,0.24432795,0.14384288,0,0,0,0.20698494,0.04851385,0,0,0.033522166,10.33224098,0.221582,1.73412,5.05785,2.93837,1.25242,3.90177,0.14451,0,0.000258785,8.39E-06,0,0.000552057,0,0,0,0.562820803,314.2264361,9.76E-05,0.020770421,8.51275504,0,0.0495,0,0.1275,,0.862420941,5.0653,0,0,,0,0,0,0,0,0,0,0.933900102
30,164,30164,0,0,0,0,0,0,1.486048087,0.53507402,0.977311802,0.179464987,0,0.668236914,0,0.20698494,0.533652345,0,0,0.033522166,31.31417605,0.671554,5.25564,15.32895,8.90539,3.79574,11.82519,0.43797,0,0.00198402,6.43E-05,0,0.00596221,0.000340391,0,0,1.705754807,710.5847902,0.000295816,0.062949425,30.96961262,0.4368,0.1499,1.0645,0.303,3.2977,2.61376029,15.3515,0,0.0123,,0,0,0,0,0,0,0,2.831718522
30,165,30165,0,0,0,0,0,0,0.229916874,0,0,0.027766281,0,0.033411846,0,0,0,0,0,0.011174055,16.58907032,0.355764,2.78424,8.1207,4.71774,2.01084,6.26454,0.23202,0,0.00023722,7.69E-06,0,0.000607262,0,0,0,0.903644611,671.6828947,0.000156712,0.033348233,12.81154383,0,0.0794,0.1365,0.2392,0.9644,1.384671695,8.1326,0,0,,0,0,0,0,0,0,0,2.853398346
30,166,30166,0,0,0,0,0,0,0.672927436,0,0,0.081267164,0,0,0,1.034924698,0.097027699,0,0,0,18.00259467,0.386078,3.02148,8.81265,5.11973,2.18218,6.79833,0.25179,0,0.000711659,2.31E-05,0,0.000220823,0,0,0,0.980642517,528.2715337,0.000170065,0.036189775,17.0634694,0,0.0862,0.6005,0.8182,20.9995,1.502657039,8.8256,0,0,,0,0,0,0,0,0,0,1.641412813
30,167,30167,0,0,0,0,0,0,3.409499007,0.53507402,0.24432795,0.411753631,0,0,0,0.20698494,0.145541549,0,0,0,29.92210124,0.6417,5.022,14.6475,8.5095,3.627,11.2995,0.4185,0,0,0,0,0.004802892,0.006467432,2.54E-05,0,1.629925308,1316.877198,0.000282666,0.060151002,26.35501058,0,0.1433,0.4367,1.1965,,2.497565315,14.669,0,0,,0,0,0,0,0,0,0,1.664134936
30,168,30168,0,0,0,0,0,0,2.977703902,1.070148041,0,0.359607201,0,0,0,0,0,0,0,0.011174055,27.40178088,0.58765,4.599,13.41375,7.79275,3.3215,10.34775,0.38325,0,0.00023722,7.69E-06,0,0.001932198,0,0,0,1.492637692,991.4129771,0.000258857,0.05508452,21.13200559,0,0.1312,0.3003,0.8475,,2.287196911,13.4335,0,0,,0,0,0,0,0,0,0,3.046849082
30,169,30169,0.712901725,0.259346013,0.180014446,0.004274693,0.00973973,0.018859703,2.439361954,0.26753701,2.443279504,0.294593469,0,0.066823691,0,2.483819275,0.339596947,0,0,0.223481106,47.08387414,1.009746,7.90236,23.04855,13.39011,5.70726,17.78031,0.65853,0,0.003439686,0.000111531,0,0.014298264,0.043229674,0,0,2.564766339,877.3922448,0.000444788,0.094650512,50.20882791,4.3067,0.2254,0.7916,22.4368,149.3919,3.930039874,23.0824,0,0.0169,,0,0,0,0,1.9571,0.2826,0,16.35909473
30,170,30170,0,0,0,0,0,0,3.168366676,0,0,0.382632897,0,0,0,0,0,0,0,0.022348111,22.39331447,0.48024,3.7584,10.962,6.3684,2.7144,8.4564,0.3132,0,5.39E-05,1.75E-06,0,0.000496851,0,0,0,1.219815069,1052.121955,0.000211543,0.045016234,15.58043048,0,0.1072,0.0819,1.0449,,1.869145655,10.9781,0,0,,0,0,0,0,0,0,0,3.556324941
30,171,30171,0,0,0,0,0,0,0.274778703,0,0,0.033184092,0,0,0,0,0.04851385,0,0,0.044696221,10.47595286,0.224664,1.75824,5.1282,2.97924,1.26984,3.95604,0.14652,0,0.000204872,6.64E-06,0,0.000331234,0,0,0,0.570649118,381.0669498,9.90E-05,0.021059319,7.971802104,0,0.0502,0.0819,0.3875,,0.874416416,5.1357,0,0,,0,0,0,0,0,0,0,0.939736977
30,172,30172,3.564508623,1.296730067,0.900072228,0.021373467,0.048698648,0.094298517,4.609552934,0,2.931935405,0.556680073,0,0.033411846,0,1.862864456,0.218312323,0,0,0.435788157,38.8665573,0.83352,6.5232,19.026,11.0532,4.7112,14.6772,0.5436,0,0.001822279,5.91E-05,0,0.003036311,0.016679166,2.54E-05,0,2.117150292,1388.160239,0.000367161,0.078131624,34.52071352,0,0.1861,0.464,3.388,,3.244149356,19.054,0,0,,0,0,0,0,1.131,0.1633,0,10.15532977
30,173,30173,0.356450862,0.129673007,0.090007223,0.002137347,0.004869865,0.009429852,5.209579897,0,5.619542859,0.629143295,0,0,0,0.413969879,0.533652345,0,0,0.044696221,101.467025,2.17603,17.0298,49.67025,28.85605,12.2993,38.31705,1.41915,0,0.011893335,0.000385638,0,0.019321978,0.012934863,0,0.038958185,5.52714098,4014.811824,0.00095853,0.20397442,91.39770715,4.6185,0.4858,1.1737,10.0087,317.3255,8.469342455,49.7432,0,0.0262,,0,0,0,0,1.5637,0.2258,0,27.96530501
30,174,30174,14.97093622,5.446266282,3.780303356,0.08976856,0.204534323,0.396053769,12.76879809,5.618277213,13.68236522,1.542044437,0,0.23388292,0.002194825,4.760653611,2.086095532,0,0,0.502832489,176.4867735,3.78488,29.6208,86.394,50.1908,21.3928,66.6468,2.4684,0,0.010372972,0.00033634,0,0.056585793,0.124923547,2.54E-05,0.019479093,9.613638301,2025.586908,0.00166722,0.354783115,193.987878,51.7535,0.8449,1.6924,17.7948,397.5367,14.73115944,86.5209,0,0.0377,,0,0,0,0,4.9665,0.7171,0.475188508,25.35986548
30,175,30175,1.782254312,0.648365034,0.450036114,0.010686733,0.024349324,0.047149258,9.12377448,2.942907112,17.34728448,1.101847299,0,0.033411846,0.01316895,3.518743973,2.522720178,0,0.033522166,3.005820881,169.5113847,3.635288,28.45008,82.9794,48.20708,20.54728,64.01268,2.37084,29.32021112,0.008712434,0.000282498,0,0.028210088,0.065014707,5.08E-05,0.009739546,9.233672918,4137.102196,0.001601326,0.340760817,156.4727092,29.0213,0.8115,1.3375,12.5016,,14.14893131,83.1013,0.0235,0,,0,0,0,0,0,0,0.011893616,18.19500057
30,176,30176,0,0,0,0,0,0,0.925275224,0.53507402,0,0.11174235,0,0,0,0.413969879,0,0,0,0.078218387,9.386316488,0.201296,1.57536,4.5948,2.66936,1.13776,3.54456,0.13128,0,0.000560701,1.82E-05,0,0.005244537,0.023146597,2.54E-05,0.009739546,0.511294132,107.4330426,8.87E-05,0.018868873,11.04097733,1.8302,0.0449,0.3276,3.4507,112.891,0.78346565,4.6015,0,0,,0,0,0,0,0,0,0,4.952172057
30,177,30177,0,0,0,0,0,0,0.403756461,0,0,0.048760298,0,0,0,0,0.04851385,0,0,0.044696221,21.45811475,0.460184,3.60144,10.5042,6.10244,2.60104,8.10324,0.30012,0,0.000269568,8.74E-06,0,0.000938496,0,0,0,1.1688726,672.4756761,0.000202709,0.043136245,15.30056713,0,0.1027,0.1911,0.5368,,1.79108555,10.5196,0,0,,0,0,0,0,0,0,0.463371335,1.10984021
30,178,30178,0.712901725,0.259346013,0.180014446,0.004274693,0.00973973,0.018859703,1.06546844,0.26753701,0,0.12867301,0,0.23388292,0.010974125,1.241909638,0.072770774,0,0,0.558702766,28.641564,0.614238,4.80708,14.02065,8.14533,3.47178,10.81593,0.40059,0,0.002404545,7.80E-05,0,0.01358059,0.01191369,0,0,1.560171515,129.6143401,0.000270569,0.057576798,33.53414917,3.5085,0.1371,0.8735,2.4341,83.7478,2.390680262,14.0412,0,0.0162,,0,0,0,0,0,0,0,3.762074807
30,179,30179,0,0,0,0,0,0,0.712181536,0,0,0.086007749,0,0,0,0.20698494,0.097027699,0,0,0.055870277,7.586700507,0.162702,1.27332,3.71385,2.15757,0.91962,2.86497,0.10611,0,0.000485222,1.57E-05,0,0.000331234,0.003403911,0,0,0.413264933,269.6484096,7.17E-05,0.01525119,6.766798347,0,0.0363,0.0546,1.1056,39.9146,0.633253657,3.7193,0,0,,0,0,0,0,0,0,0,2.202561698
30,180,30180,0,0,0,0,0,0,4.54226019,0,0,0.548553357,0,0,0,0.620954819,0.097027699,0,0,0.033522166,22.99390145,0.49312,3.8592,11.256,6.5392,2.7872,8.6832,0.3216,0,0.000345047,1.12E-05,0,0.001159319,0.000680782,0,0,1.252530416,1115.378084,0.000217217,0.046223566,18.76117726,0,0.1101,0.273,1.5067,,1.919275999,11.2725,0,0,,0,0,0,0,0,0,0,5.525019708
30,181,30181,0.712901725,0.259346013,0.180014446,0.004274693,0.00973973,0.018859703,8.237753357,0.26753701,2.687607454,0.994845533,0.066823691,0,0,2.483819275,0.533652345,0,0,0.067044332,73.59549932,1.578306,12.35196,36.02655,20.92971,8.92086,27.79191,1.02933,0,0.002976029,9.65E-05,0,0.016948135,0.062631969,0,0,4.008915213,1240.916157,0.000695236,0.147945594,80.51454957,18.8578,0.3523,1.7742,3.2272,14.0967,6.142936454,36.0795,0,0.0416,,0,0,0,0,2.9307,0.4232,0,6.694637863
30,182,30182,0,0,0,0,0,0,0.897236581,0,0.24432795,0.108356219,0,0,0,1.448894577,0.04851385,0,0,0,32.86712238,0.704858,5.51628,16.08915,9.34703,3.98398,12.41163,0.45969,0,0.000496005,1.61E-05,0,0.002097815,0.000340391,0,0,1.790347347,1138.760007,0.000310486,0.06607124,23.81860051,0,0.1574,0.3548,0.1542,,2.743383034,16.1128,0,0,,0,0,0,0,0,0,0,0.618300236
30,183,30183,4.990312072,1.815422094,1.260101119,0.029922853,0.068178108,0.132017923,3.145935761,6.153351233,11.23908572,0.379923992,0,0.868707988,0.02194825,5.17462349,1.237103164,0,0,0.737487651,119.8342618,2.569928,20.11248,58.6614,34.07948,14.52568,45.25308,1.67604,26.8526686,0.007979209,0.000258723,0,0.039913686,0.005446258,2.54E-05,0,6.527646386,1647.282062,0.00113204,0.240897217,111.91725,22.8401,0.5737,3.3301,11.1425,3.042,10.00243577,58.7476,0,0.0177,,0,0,0,0,0,0,0.000415103,8.74338955
30,184,30184,0,0,0,0,0,0,1.543246919,0,0,0.186372696,0,0,0,0,0,0,0,0,14.44411683,0.309764,2.42424,7.0707,4.10774,1.75084,5.45454,0.20202,0,0.00011861,3.85E-06,0,0.001490553,0,0,0,0.786804088,574.5428658,0.000136449,0.029036333,9.79296074,0,0.0692,0.0819,0.4061,,1.205634755,7.0811,0,0.0193,,0,0,0,0,0,0,0,0.953078407
30,185,30185,0,0,0,0,0,0,0.280386431,0,0,0.033861318,0,0,0,0.827939758,0.121284624,0,0,0.122914609,10.64325924,0.228252,1.78632,5.2101,3.02682,1.29012,4.01922,0.14886,0,0.000916531,2.97E-05,0,0.006183033,0,0,0,0.579762679,288.4308448,0.000100544,0.021395647,9.288007504,0.24,0.051,0.5186,0.0237,0.5911,0.888381297,5.2178,0,0,,0,0,0,0,0,0,0,0.114235995
30,186,30186,1.425803449,0.518692027,0.360028891,0.008549387,0.019479459,0.037719407,0.342071446,0,0.24432795,0.041310808,0,0,0,1.862864456,0.339596947,0,0,0.111740553,13.18717408,0.282808,2.21328,6.4554,3.75028,1.59848,4.97988,0.18444,0,0.001099837,3.57E-05,0,0.003036311,0.000340391,0,0,0.718335541,226.8280839,0.000124575,0.02650956,12.63622024,0,0.0631,0.6551,1.3166,49.7766,1.100719108,6.4649,0,0,,0,0,0,0,0,0,0,2.157684463
30,187,30187,0,0,0,0,0,0,1.093507083,0,0,0.132059141,0,0,0,0,0.04851385,0,0,0,11.93452124,0.255944,2.00304,5.8422,3.39404,1.44664,4.50684,0.16692,0,0.000215654,6.99E-06,0,0,0,0,0,0.650100675,408.3448112,0.000112742,0.02399141,7.849734625,0,0.0571,0.1365,0.2506,,0.996161535,5.8508,0,0,,0,0,0,0,0,0,0,0.6691561
30,188,30188,0,0,0,0,0,0,3.370244906,0,0.488655901,0.407013046,0,0.100235537,0,0,0.072770774,0,0,0.067044332,32.83923799,0.70426,5.5116,16.0755,9.3391,3.9806,12.4011,0.4593,0,0.000948879,3.08E-05,0,0.002649871,0.002042347,0,0,1.78882842,1480.872959,0.000310223,0.066015186,26.38450483,13.0724,0.1572,1.6378,1.7033,60.6652,2.741055554,16.0991,0,0,,0,0,0,0,0,0,0,7.139382772
30,189,30189,14.97093622,5.446266282,3.780303356,0.08976856,0.204534323,0.396053769,9.282192814,14.17946154,25.41010684,1.120978943,0,0.70164876,0,7.658442765,3.056372523,6.064231196,0,0.625747098,300.9820192,6.454766,50.51556,147.33705,85.59581,36.48346,113.66001,4.20963,0,0.015785895,0.000511853,0,0.115490224,0.085778566,0.000101643,0.009739546,16.39517915,2531.626607,0.002843292,0.60505009,298.3666142,0,1.441,5.8687,6.4473,,25.12264248,147.5535,0,0.0701,,0,0,0,3.6,0,0,1.461660447,12.25410348
30,190,30190,0,0,0,0,0,0,0.545631996,0,0.488655901,0.065894125,0,0,0,2.690804215,0,0,0,0.011174055,4.397154662,0.0943,0.738,2.1525,1.2505,0.533,1.6605,0.0615,0,0.000506788,1.64E-05,0,0.002318637,0.005105867,0,0,0.239523074,64.30309184,4.15E-05,0.008839395,5.792438142,0,0.0211,0.3003,0.7063,26.3859,0.367025727,2.1557,0,0,,0,0,0,0,0,0,0,1.239527248
30,191,30191,0,0,0,0,0,0,2.736571571,1.605222061,4.886559008,0.330486467,0,0,0,0.620954819,0.582166195,0,0,0.134088664,55.3183506,1.18634,9.2844,27.0795,15.7319,6.7054,20.8899,0.7737,35.30763047,0.010491582,0.000340186,0,0.018990744,0.004765476,0.000101643,0.087655917,3.01331711,102.3538776,0.000522577,0.111203896,66.50718759,13.8942,0.2648,0.7097,5.6286,215.4002,4.617362687,27.1193,0,0,,0,0,0,0,0,0,0,6.778697211
30,192,30192,0.356450862,0.129673007,0.090007223,0.002137347,0.004869865,0.009429852,4.901154822,2.140296081,3.664919256,0.591895844,0,0.133647383,0,0.620954819,0.727707744,0.04851385,0,0.33522166,38.59414821,0.827678,6.47748,18.89265,10.97573,4.67818,14.57433,0.53979,0,0.003622992,0.000117474,0,0.019708418,0.015998383,0,0,2.102311545,404.4312609,0.000364588,0.077584013,44.45109687,4.7085,0.1848,1.3375,0.6709,3.8493,3.221411665,18.9204,0,0,,0,0,0,0,0,0,0.000703871,1.488486671
30,193,30193,234.5446674,85.32483842,59.22475258,1.406374103,3.204371054,6.204842386,6.415241552,136.4438752,189.5984895,0.774746963,139.1269255,7.885195585,0.807695585,46.57161141,42.30407683,15.64571649,0.368743826,2.782339774,1161.288546,24.90463,194.9058,568.47525,330.25705,140.7653,438.53805,16.24215,489.9523398,0.145588219,0.004720653,0,0.737105866,0.013275254,0,0,63.25804381,947.3846471,0.010970363,2.334484105,1291.950827,338.1553,5.5597,20.7996,0.2696,2.9555,96.93149459,569.3104,0,0.2903,,9.974247783,0,0,11.7,4.5239,0.6532,12.38684776,0.999773412
30,194,30194,0,0,0,0,0,0,0.958921596,0,0,0.115805709,0,0,0,2.897789154,0.145541549,0,0,0.625747098,23.15906287,0.496662,3.88692,11.33685,6.58617,2.80722,8.74557,0.32391,11.72082697,0.003482817,0.000112929,0,0.000662468,0.005105867,0,0,1.261527136,699.7496716,0.000218777,0.046555582,16.24725547,0,0.1109,0.6278,0.4076,,1.933061843,11.3535,0,0,,0,0,0,0,0.6491,0.0937,1.290027229,1.428366852
30,195,30195,0,0,0,0,0,0,0.224309145,0,0,0.027089055,0,0,0,0.620954819,0,0,0,1.195623919,10.64540419,0.228298,1.78668,5.21115,3.02743,1.29038,4.02003,0.14889,0,0.001347839,4.37E-05,0,0.000717673,0,0,0,0.57987952,403.3256885,0.000100564,0.021399959,7.078045234,0,0.051,0,0.5117,,0.888560334,5.2188,0,0,,0,0,0,0,0,0,0,1.428366852
30,196,30196,1.069352587,0.38901902,0.270021668,0.00641204,0.014609594,0.028289555,2.923981862,0,4.886559008,0.353119372,0,0.033411846,0.019753425,1.241909638,0.921763142,0,0,0.067044332,29.07913451,0.623622,4.88052,14.23485,8.26977,3.52482,10.98117,0.40671,0,0.001293926,4.20E-05,0,0.00888811,0.005105867,0,0.048697731,1.584006982,252.0825831,0.000274702,0.058456425,34.45981083,7.3109,0.1392,0.4913,3.929,152.534,2.427203798,14.2558,0,0,,0,0,0,0,0,0,0.1611415,4.56026755
30,197,30197,0,0,0,0,0,0,2.290196372,0.26753701,0.488655901,0.276579248,0,0,0,0.620954819,0.315340022,0,0,0.156436774,23.00033631,0.493258,3.86028,11.25915,6.54103,2.78798,8.68563,0.32169,0,0.000927313,3.01E-05,0,0.003312339,0,0,0,1.252880937,569.9749819,0.000217278,0.046236501,22.18440166,0,0.1101,0.3821,0.1883,,1.919813109,11.2757,0,0,,0,0,0,0,0,0,0,2.880081206
30,198,30198,0,0,0,0,0,0,0.841159294,0,0,0.101583955,0,0.033411846,0,0.413969879,0.024256925,0,0,0,14.01298117,0.300518,2.35188,6.85965,3.98513,1.69858,5.29173,0.19599,0,0.000172523,5.59E-06,0,0.000662468,0,0,0.019479093,0.763319142,536.8203759,0.000132377,0.028169641,13.55335382,0,0.0671,0.1092,0.465,,1.16964833,6.8697,0,0,,0,0,0,0,0,0,0.860674655,1.619316069
30,199,30199,0,0,0,0,0,0,1.502871273,0,0,0.181496666,0,0.066823691,0,1.034924698,0.218312323,0,0,0.100566498,22.9038134,0.491188,3.84408,11.2119,6.51358,2.77628,8.64918,0.32034,0,0.001283143,4.16E-05,0,0.005410154,0,0,0,1.247623114,911.2411772,0.000216366,0.046042466,17.00757278,0,0.1097,0.9827,0.2884,,1.911756447,11.2284,0,0,,0,0,0,0,0,0,0,0.659150027
30,200,30200,0,0,0,0,0,0,3.591189414,0.80261103,0,0.433695765,0,0,0,0,0,0,0,0.044696221,25.18175401,0.54004,4.2264,12.327,7.1614,3.0524,9.5094,0.3522,0,0.000204872,6.64E-06,0,0.000772879,0.00612704,0,0,1.37170775,949.2899962,0.000237885,0.050621704,20.95648696,2.9639,0.1206,0.1092,3.7255,133.7745,2.101893678,12.3451,0,0,,0,0,0,0,0,0,0,7.922724836
30,201,30201,0.712901725,0.259346013,0.180014446,0.004274693,0.00973973,0.018859703,5.562866801,0,0.488655901,0.671808556,0,0.033411846,0,0.620954819,0.242569248,0,0,0.156436774,84.54977681,1.813228,14.19048,41.3889,24.04498,10.24868,31.92858,1.18254,0,0.001833062,5.94E-05,0,0.010985925,0,0,0,4.605619769,3571.662428,0.000798718,0.169966466,70.48990192,4.0127,0.4048,1.1464,3.1321,,7.057278108,41.4497,0.0162,0,,0,0,0,0,0,0,0.013472814,12.4091976
30,202,30202,0,0,0,0,0,0,4.430105617,0,0,0.53500883,0,0,0,0.20698494,0.097027699,0,0,0,30.10013238,0.645518,5.05188,14.73465,8.56013,3.64858,11.36673,0.42099,0,0.000388178,1.26E-05,0,0.001104113,0,0,0,1.639623071,1622.072617,0.000284347,0.06050889,21.71435945,0,0.1441,0.1092,1.4117,,2.512425381,14.7563,0,0,,0,0,0,0,0,0,0,3.887359173
30,203,30203,0,0,0,0,0,0,0.706573807,0,0,0.085330522,0,0,0,0.413969879,0.04851385,0,0,0.212307051,27.44467995,0.58857,4.6062,13.43475,7.80495,3.3267,10.36395,0.38385,0,0.000646963,2.10E-05,0,0.002042609,0,0,0,1.494974502,978.6791424,0.000259262,0.055170758,21.6520961,0,0.1314,0.0819,0.4242,,2.29077765,13.4545,0,0,,0,0,0,0,0,0,0,1.500077038
30,204,30204,2.138705174,0.77803804,0.540043337,0.01282408,0.029219189,0.05657911,1.856158176,0.53507402,4.153575156,0.224161927,0,0,0.002194825,1.448894577,1.067304691,0,0,0.145262719,96.53792188,2.070322,16.20252,47.25735,27.45427,11.70182,36.45567,1.35021,0,0.003601427,0.000116775,0,0.028982967,0.010211734,0,0,5.258641456,809.3368153,0.000911966,0.194065674,95.49098866,35.0899,0.4622,1.4467,0.5661,,8.057915566,47.3268,0.0044,0,,0,0,0,0,0,0,0.003934459,1.972030125
30,205,30205,0,0,0,0,0,0,3.224443962,1.872759071,1.710295653,0.389405161,0,0,0,2.276834336,0.582166195,0.072770774,0,0.078218387,40.03984686,0.858682,6.72012,19.60035,11.38687,4.85342,15.12027,0.56001,27.32440467,0.008119384,0.000263269,0,0.009440166,0.016679166,0,0,2.181062058,532.6967775,0.000378245,0.080490233,37.4796977,0,0.1917,0.6551,8.2005,292.7794,3.342082562,19.6291,0,0,,0,0,0,0,0,0,0,11.38774436
30,206,30206,1.782254312,0.648365034,0.450036114,0.010686733,0.024349324,0.047149258,0.420579647,1.872759071,5.863870809,0.050791977,0,0.066823691,0,2.069849396,0.824735443,0,0,0.16761083,58.11965986,1.246416,9.75456,28.4508,16.52856,7.04496,21.94776,0.81288,9.10813489,0.002706461,8.78E-05,0,0.03008708,0,0,0,3.165910834,85.89420194,0.00054904,0.116835237,62.43792282,0,0.2782,0.6278,0.0991,,4.851184931,28.4926,0,0,,0,0,0,0,0.9933,0.1434,3.26042968,0.144254212
30,207,30207,3.564508623,1.296730067,0.900072228,0.021373467,0.048698648,0.094298517,5.265657183,1.337685051,5.619542859,0.635915558,0,0,0.006584475,1.655879517,1.697984735,2.304407855,0,0.16761083,87.83584556,1.8837,14.742,42.9975,24.9795,10.647,33.1695,1.2285,66.7687976,0.019840196,0.000643312,0,0.032957774,0.106202035,0.000152464,0.058437278,4.784619451,832.4195272,0.00082976,0.176572296,96.61562242,26.7626,0.4205,1.3921,17.4803,632.1,7.3315627,43.0607,0,0,,0,0,0,0,3.8355,0.5538,0,19.26525843
30,208,30208,0,0,0,0,0,0,1.087899354,0.26753701,3.664919256,0.131381915,0,0.167059229,0,1.655879517,1.11581854,0,0,0.111740553,46.32670555,0.993508,7.77528,22.6779,13.17478,5.61548,17.49438,0.64794,68.61945449,0.020390114,0.000661143,0,0.019763623,0.02995442,5.08E-05,0,2.523521634,423.9474804,0.000437635,0.093128412,53.63019909,0,0.2218,1.747,4.9307,203.9342,3.866839834,22.7112,0,0,,0,0,0,0,0,0,0,4.669633923
30,209,30209,0,0,0,0,0,0,1.160799826,0,0,0.140185858,0,0,0,0.20698494,0.266826173,0,0,0.022348111,26.78403427,0.574402,4.49532,13.11135,7.61707,3.24662,10.11447,0.37461,0,0.000528353,1.71E-05,0,0.003919601,0.000340391,0,0,1.458987621,245.1075187,0.000253021,0.053842693,22.65629431,0,0.1282,0.1365,0.9602,,2.235634272,13.1306,0,0,,0,0,0,0,0,0,0,2.609083409
30,210,30210,0,0,0,0,0,0,5.338557655,0,0.732983851,0.644719501,0,0,0,0,0.169798473,0,0,0.011174055,55.96612655,1.200232,9.39312,27.3966,15.91612,6.78392,21.13452,0.78276,0,0.000291133,9.44E-06,0,0.004526863,0.001701956,0,0,3.048602948,512.1602769,0.000528696,0.112506089,40.23070146,0.4141,0.2679,0.1911,5.2967,,4.671431843,27.4368,0,0.0231,,0,0,0,0,0,0,0,12.79359755
30,211,30211,2.495156036,0.907711047,0.630050559,0.014961427,0.034089054,0.066008962,0,0.80261103,3.420591305,0,0,0,0,0.20698494,0.436624646,0,0,0.145262719,61.1805085,1.312058,10.26828,29.94915,17.39903,7.41598,23.10363,0.85569,0,0.00814095,0.000263968,0,0.011537981,0.090884433,0,0,3.332642261,559.878414,0.000577955,0.122988318,60.85784988,0,0.2929,1.8015,,,5.106670645,29.9931,0,0,,0,0,0,0,0,0,0,0
30,212,30212,0,0,0,0,0,0,0,0,0,0,0,0,0,0.827939758,0.363853872,0,0,0.111740553,16.38100983,0.351302,2.74932,8.01885,4.65857,1.98562,6.18597,0.22911,0,0.000894965,2.90E-05,0,0.001876992,0.001361565,0,0,0.892311081,149.9067927,0.000154747,0.032929979,13.75515139,0,0.0784,0.4094,,,1.367305112,8.0306,0,0,,0,0,0,0,0,0,0,0
31,1,31001,0,0,0,0,0,0,4.764934557,0,0,1.159869023,0,0,0,0.827939758,0,0,0,0,13.49604738,0.289432,2.26512,6.6066,3.83812,1.63592,5.09652,0.18876,0,0.000291133,9.44E-06,0,0.012366066,0,0,0,0.506404453,479.281144,0.000127493,0.027130473,13.06956781,0,0.0646,0.1911,0.0471,,0.093771719,8.8665,0,0,,0,0,0,0,0,0,0,0.070822956
31,2,31002,0,0,0,0,0,0,2.368243593,0,0.24432795,0.576472216,0,0.167059229,0,1.034924698,0.751964668,0,0,0,31.85899424,0.683238,5.34708,15.59565,9.06033,3.86178,12.03093,0.44559,59.03958353,0.017543477,0.000568842,0,0.009164138,0,0,0,1.195426786,1018.651622,0.000300963,0.064044648,24.90253744,6.1464,0.1525,0.7916,0.0849,,0.221359082,20.9304,0,0,,0,0,0,0,1.3013,0.1879,0,0.066934829
31,3,31003,0,0,0,0,0,0,3.907957521,0.53507402,0,0.951265713,0,0.534589531,0,2.897789154,0.412367721,0,0,0.100566498,21.1835607,0.454296,3.55536,10.3698,6.02436,2.56776,7.99956,0.29628,37.95660994,0.01127872,0.000365709,0,0.011703598,0,0,0,0.79485861,869.5307196,0.000200115,0.042584322,17.70112592,0,0.1014,0.9008,0.4011,,0.147185235,13.917,0,0,,0,0,0,0,0.6658,0.0961,0,0.181905242
31,4,31004,26.02091295,9.46612949,6.570527262,0.156026306,0.355500132,0.688379171,2.63138177,0,0,0.640524684,0,0.267294766,0,0.620954819,0.097027699,0,0,0.022348111,11.7564901,0.252126,1.97316,5.75505,3.34341,1.42506,4.43961,0.16443,34.40044572,0.010222014,0.000331446,0,0.004140424,0.002042347,0,0,0.441132042,290.4307387,0.00011106,0.023633523,10.62537156,0,0.0563,0.8189,0.0441,,0.081685123,7.7237,0,0,,0,0,0,0,0,0,0,0.103109167
31,5,31005,0,0,0,0,0,0,0.871200721,0,0,0.212065605,0,0,0,0.413969879,0,0,0,0.022348111,4.174079498,0.089516,0.70056,2.0433,1.18706,0.50596,1.57626,0.05838,0,0.000442091,1.43E-05,0,0.001104113,0,0,0,0.156621593,128.6210361,3.94E-05,0.008390957,3.989181762,0,0.02,0.1911,0.0168,,0.02900187,2.7422,0,0,,0,0,0,0,0.401,0.0579,0,0.043359989
31,6,31006,0,0,0,0,0,0,5.579240537,0,0,1.358085445,0,0,0,1.448894577,0.388110797,0,0,0.201132996,18.34364228,0.393392,3.07872,8.9796,5.21672,2.22352,6.92712,0.25656,0,0.001132185,3.67E-05,0,0.007342352,0,0,0,0.688297978,697.3220418,0.000173287,0.036875367,17.12785883,4.056,0.0878,0.4913,0.1016,,0.127453233,12.0512,0,0,,0,0,0,0,0,0,0,1.675806968
31,7,31007,0,0,0,0,0,0,1.511266557,0.53507402,0.977311802,0.367868906,0,0,0,1.448894577,0.097027699,0,0,0.212307051,13.7856161,0.295642,2.31372,6.74835,3.92047,1.67102,5.20587,0.19281,0,0.001736017,5.63E-05,0,0.005686182,0,0,0,0.517269774,438.4645343,0.000130229,0.02771258,12.38735813,0,0.066,0.6005,0.0148,,0.095783668,9.0567,0,0,,0,0,0,0,0.976,0.1409,0,0.05268657
31,8,31008,0,0,0,0,0,0,3.235888393,0,0,0.787672247,0,0,0,0.20698494,0,0,0,0,8.204447113,0.17595,1.377,4.01625,2.33325,0.9945,3.09825,0.11475,0,0.000528353,1.71E-05,0,0.000717673,0.000680782,0,0,0.307850768,342.8632898,7.75E-05,0.016493017,6.787556685,0,0.0393,0.2457,0.0447,,0.057005217,5.3901,0,0,,0,0,0,0,1.1197,0.1617,0,0.654066483
31,9,31009,0,0,0,0,0,0,2.194003449,0,0,0.534059095,0,0,0,0,0.218312323,0,0,0,10.09200619,0.21643,1.6938,4.94025,2.87005,1.2233,3.81105,0.14115,0,0.000797921,2.59E-05,0,0.003201928,0,0,0,0.378676566,303.067475,9.53E-05,0.020287489,9.638170652,0,0.0483,0.6278,0.0587,,0.070120143,6.6302,0,0,,0,0,0,0,0,0,0.000131954,0.170339298
31,10,31010,0,0,0,0,0,0,1.326358649,0,0,0.322859064,0,0,0,0.20698494,0.04851385,0,0,0,5.122148943,0.109848,0.85968,2.5074,1.45668,0.62088,1.93428,0.07164,0,0.003191684,0.000103489,0,0.000331234,0,0,0,0.19219546,238.3774359,4.84E-05,0.010296817,3.560269187,0,0.0245,0.1092,0.0408,,0.035589139,3.3651,0,0,,0,0,0,0,0,0,0,0.088147264
31,11,31011,0,0,0,0,0,0,2.162000157,0,0,0.52626893,0,0,0,1.655879517,0.097027699,0,0,0,13.80706564,0.296102,2.31732,6.75885,3.92657,1.67362,5.21397,0.19311,0,0.001595842,5.17E-05,0,0.017610603,0,0,0,0.518074613,309.4671474,0.000130431,0.027755699,15.44787092,5.808,0.0661,0.5459,0.2079,,0.095932701,9.0708,0,0,,0,0,0,0,0,0,0.237993278,0.050565326
31,12,31012,0,0,0,0,0,0,2.862516656,0,0,0.696786988,0,0,0,0.20698494,0.04851385,0,0,0.022348111,7.573830786,0.162426,1.27116,3.70755,2.15391,0.91806,2.86011,0.10593,0,0.000377395,1.22E-05,0,0.00126973,0,0,0,0.284188513,271.0328662,7.15E-05,0.015225318,7.468534886,0,0.0363,0.1092,0.0392,,0.05262364,4.9758,0,0,,0,0,0,0,0,0,0,1.353437017
31,13,31013,0,0,0,0,0,0,1.596608669,0.26753701,0.24432795,0.38864268,0,0,0,3.104774094,0.145541549,0,0,0.111740553,19.19947872,0.411746,3.22236,9.39855,5.46011,2.32726,7.25031,0.26853,0,0.002188891,7.10E-05,0,0.006017416,0,0,0,0.720411039,316.3754739,0.000181372,0.038595815,16.36266637,4.5864,0.0919,0.5459,0.0081,,0.13339966,12.6135,0,0,,0,0,0,0,0,0,0.173326726,0.034302131
31,14,31014,0,0,0,0,0,0,1.13789482,0,0,0.276983647,0,0,0,4.139698792,0.024256925,0,0,0,3.434070543,0.073646,0.57636,1.68105,0.97661,0.41626,1.29681,0.04803,0,0.000442091,1.43E-05,0,0.000552057,0,0,0,0.128854661,149.093211,3.24E-05,0.006903352,2.27359317,0,0.0164,0.0546,0.0393,,0.023860223,2.2561,0,0,,0,0,0,0,0,0,0.304187387,0.062652969
31,15,31015,0,0,0,0,0,0,1.443704052,0,0,0.351423002,0,0.033411846,0,0,0,0,0,0,10.78053626,0.231196,1.80936,5.2773,3.06586,1.30676,4.07106,0.15078,0,0.001682104,5.45E-05,0,0.00126973,0,0,0,0.404511885,389.4266882,0.000101841,0.021671608,8.122971682,0,0.0516,0.2457,0.0137,,0.07490411,7.0825,0,0,,0,0,0,0,0,0,0,0.04048376
31,16,31016,0,0,0,0,0,0,0.977878361,0,0,0.238032822,0,0,0,0,0,0,0,0,5.778504712,0.123924,0.96984,2.8287,1.64334,0.70044,2.18214,0.08082,0,0.004054301,0.000131459,0,0.001214524,0,0,0,0.216823521,273.1488961,5.46E-05,0.011616258,3.9056104,0,0.0277,0.1365,0.0411,,0.040149557,3.7963,0,0,,0,0,0,0,0,0,0,0.05620557
31,17,31017,0,0,0,0,0,0,5.035184577,0,0,1.225652639,0,0.066823691,0,0,0,0,0,0,9.765973256,0.209438,1.63908,4.78065,2.77733,1.18378,3.68793,0.13659,0,3.23E-05,1.05E-06,0,0,0,0,0,0.366443019,459.8907794,9.23E-05,0.01963208,6.935888661,0,0.0468,0,0.1722,,0.067854837,6.416,0,0,,0,0,0,0,0,0,0,0.174333732
31,18,31018,0,0,0,0,0,0,0.465825692,0,0,0.113390181,0,0,0,0.20698494,0,0,0,0,6.417700853,0.137632,1.07712,3.1416,1.82512,0.77792,2.42352,0.08976,0,0.001035141,3.36E-05,0,0.000662468,0,0,0,0.240807712,261.4359194,6.06E-05,0.012901204,5.178616084,0,0.0307,0.0819,0.0513,,0.044590748,4.2162,0,0,,0,0,0,0,0.7263,0.1049,0,0.076039935
31,19,31019,0,0,0,0,0,0,9.469418452,0,0.24432795,2.305023289,0,0,0,4.96763855,0.121284624,0,0,0.18995894,70.95935147,1.521772,11.90952,34.7361,20.18002,8.60132,26.79642,0.99246,0,0.003073074,9.96E-05,0,0.006900707,0,0,0,2.662567086,3201.941777,0.000670333,0.142646269,44.36799229,2.7557,0.3397,0.3003,0.6802,,0.493031788,46.6182,0,0,,0,0,0,0,0,0,0,0.56727268
31,20,31020,0,0,0,0,0,0,0.437378321,0.26753701,0.24432795,0.106465589,0,0,0,0.20698494,0.145541549,0,0,0,8.644162579,0.18538,1.4508,4.2315,2.4583,1.0478,3.2643,0.1209,0,0.000744007,2.41E-05,0,0.001876992,0,0,0,0.324349959,257.8696132,8.17E-05,0.017376956,7.406952128,0,0.0414,0.4094,0.0602,,0.060060399,5.679,0,0,,0,0,0,0,0,0,0,0.024224502
31,21,31021,0,0,0,0,0,0,0.654289521,0,0,0.159265597,0,0,0,0,0,0,0,0,17.08669953,0.366436,2.86776,8.3643,4.85926,2.07116,6.45246,0.23898,0,0.001002793,3.25E-05,0,0.00088329,0,0,0,0.641134436,761.7424363,0.000161413,0.034348594,10.29522811,0,0.0818,0.0546,0.1942,,0.118719885,11.2255,0,0,,0,0,0,0,0,0,0,0.155672695
31,22,31022,0,0,0,0,0,0,2.84829297,0,0,0.693324692,0,0,0,0.20698494,0,0,0,0,9.401331162,0.201618,1.57788,4.60215,2.67363,1.13958,3.55023,0.13149,0,0.000851834,2.76E-05,0,0.000552057,0,0,0,0.352760762,447.6028382,8.88E-05,0.018899057,5.819214252,0,0.045,0,0.0385,,0.065321272,6.1764,0,0,,0,0,0,0,0,0,0,0.191650166
31,23,31023,0,0,0,0,0,0,1.891750138,0.53507402,0.732983851,0.460485313,0,0.033411846,0.00438965,0.413969879,0.097027699,0,0,0.044696221,9.639421,0.206724,1.61784,4.7187,2.74134,1.16844,3.64014,0.13482,0,0.001175316,3.81E-05,0,0.003091517,0,0,0,0.361694471,172.3503164,9.11E-05,0.019377678,8.782834241,0,0.0461,0.7097,0.0838,,0.066975541,6.3328,0,0,,0,0,0,0,0.9306,0.1344,0,0.055910269
31,24,31024,0,0,0,0,0,0,0.320032918,0,0,0.077901651,0,0.033411846,0,0.413969879,0.169798473,0,0,0.022348111,6.301873364,0.135148,1.05768,3.0849,1.79218,0.76388,2.37978,0.08814,38.53720818,0.011451243,0.000371303,0,0.002649871,0,0,0,0.236461583,270.3285624,5.95E-05,0.012668362,5.188730751,8.9232,0.0302,0.1365,0.0404,,0.043785968,4.1401,0,0,,0,0,0,0,0,0,0,0.062111584
31,25,31025,0,0,0,0,0,0,2.172667921,0,0.24432795,0.528865651,0,0,0,1.241909638,0.145541549,0,0,0,9.986903466,0.214176,1.67616,4.8888,2.84016,1.21056,3.77136,0.13968,16.51076245,0.004906135,0.00015908,0,0.00507892,0,0,0,0.374732856,416.5017647,9.43E-05,0.020076205,7.696204307,0,0.0478,0.1638,0.3349,,0.06938988,6.5611,0,0,,0,0,0,0,0,0,0,0.150357282
31,26,31026,0,0,0,0,0,0,1.290799436,0,0,0.314203325,0,0.300706611,0,0.827939758,0,0,0,0.011174055,7.13411532,0.152996,1.19736,3.4923,2.02886,0.86476,2.69406,0.09978,0,0.000765573,2.48E-05,0,0.003367545,0.000340391,0,0,0.267689321,199.1817246,6.74E-05,0.014341379,7.335981195,0,0.0342,0.4367,0.0381,,0.049568458,4.6869,0,0,,0,0,0,0,0,0,0,0.06210371
31,27,31027,0.712901725,0.259346013,0.180014446,0.004274693,0.00973973,0.018859703,2.624269928,0.53507402,0.488655901,0.638793536,0,0.066823691,0,0.413969879,0.218312323,0,0,0.011174055,17.87389746,0.383318,2.99988,8.74965,5.08313,2.16658,6.74973,0.24999,0,0.001714452,5.56E-05,0,0.009605783,0,0,0,0.670672013,344.9838167,0.00016885,0.035931061,17.77034108,6.022,0.0856,1.0645,0.1511,,0.124189405,11.7426,0,0,,0,0,0,0,0,0,0,0.166648039
31,28,31028,0,0,0,0,0,0,2.097993574,0,0,0.5106886,0,0.066823691,0.00438965,0.620954819,0.024256925,0,0,0,4.680288523,0.100372,0.78552,2.2911,1.33102,0.56732,1.76742,0.06546,0,0.000679311,2.20E-05,0,0.00469248,0,0,0,0.175615784,65.71896023,4.42E-05,0.009408565,5.199262711,2.34,0.0224,0.1638,0.253,,0.032519055,3.0748,0,0,,0,0,0,0,0,0,0.014664541,0.326651811
31,29,31029,0,0,0,0,0,0,1.561049456,0,0,0.379986941,0,0,0,1.034924698,0.169798473,0,0,0.178784885,12.55226784,0.269192,2.10672,6.1446,3.56972,1.52152,4.74012,0.17556,0,0.001089054,3.53E-05,0,0.005354948,0,0,0,0.470991554,453.8563017,0.000118578,0.025233238,12.81967848,0,0.0601,0.2457,0.1485,,0.087214256,8.2465,0,0,,0,0,0,0,0,0,0,1.055552418
31,30,31030,0,0,0,0,0,0,2.506924524,0,0,0.610229598,0,0,0,0.413969879,0.04851385,0,0,0.044696221,7.449423483,0.159758,1.25028,3.64665,2.11853,0.90298,2.81313,0.10419,0,0.000744007,2.41E-05,0,0.002870694,0,0,0,0.279520449,324.3004268,7.04E-05,0.014975228,6.243706511,0,0.0357,0.2184,0.0411,,0.051759247,4.8941,0,0,,0,0,0,0,1.5207,0.2196,0,0.149963548
31,31,31031,0,0,0,0,0,0,0.750299397,0,0,0.182636092,0,0.066823691,0,1.862864456,0,0,0,0,6.010159689,0.128892,1.00872,2.9421,1.70922,0.72852,2.26962,0.08406,0,0.000485222,1.57E-05,0,0.002870694,0,0,0,0.225515778,231.9571923,5.68E-05,0.012081943,5.261322695,0,0.0288,0.273,0.0762,,0.041759116,3.9485,0,0,,0,0,0,0,0.6431,0.0929,0,0.320352063
31,32,31032,0,0,0,0,0,0,2.73805941,0,0,0.666491901,0,0.066823691,0,2.276834336,0.121284624,0,0,0.067044332,33.26179382,0.713322,5.58252,16.28235,9.45927,4.03182,12.56067,0.46521,27.46955423,0.008162515,0.000264667,0,0.004747686,0,0,0,1.248063231,1403.933639,0.000314215,0.06686463,23.22937993,0,0.1592,0.7097,0.0408,,0.231105856,21.852,0,0,,0,0,0,0,1.8914,0.2731,0,1.181547391
31,33,31033,0.712901725,0.259346013,0.180014446,0.004274693,0.00973973,0.018859703,5.166753665,0,1.221639752,1.257678873,0,0,0,0.413969879,0.169798473,0,0,0.111740553,40.37874952,0.86595,6.777,19.76625,11.48325,4.8945,15.24825,0.56475,9.83388269,0.002922116,9.47E-05,0,0.007673586,0,0,0,1.515108681,1378.94854,0.000381447,0.081171514,32.22978782,3.642,0.1933,0.6824,0.1868,,0.280555088,26.5277,0,0,,0,0,0,0,0.4615,0.0666,0,0.162769756
31,34,31034,0,0,0,0,0,0,1.32991457,0,0,0.323724638,0,0.133647383,0,0.20698494,0,0,0,0.033522166,13.09708603,0.280876,2.19816,6.4113,3.72466,1.58756,4.94586,0.18318,0,0.000733225,2.38E-05,0,0.00380919,0,0,0,0.491434455,468.5681341,0.000123724,0.02632846,10.56645867,0,0.0627,0.3821,0.0445,,0.090999701,8.6044,0,0,,0,0,0,0,0.6582,0.095,0,0.084185313
31,35,31035,0,0,0,0,0,0,1.745957364,0.53507402,0.24432795,0.424996784,0,0.70164876,0,0.827939758,0.339596947,0,0,0.033522166,12.0053047,0.257462,2.01492,5.87685,3.41417,1.45522,4.53357,0.16791,0,0.001315491,4.27E-05,0,0.002815488,0,0,0,0.450468169,347.1282373,0.000113411,0.024133703,10.84883001,4.3055,0.0575,0.3276,0.0301,,0.083413908,7.8871,0,0,,0,0,0,0,0,0,0,0.065512464
31,36,31036,1.069352587,0.38901902,0.270021668,0.00641204,0.014609594,0.028289555,1.507710636,0.80261103,0.488655901,0.367003333,0,0,0,0.827939758,0.04851385,0,0,0.055870277,15.88981548,0.340768,2.66688,7.7784,4.51888,1.92608,6.00048,0.22224,0,0.002232022,7.24E-05,0,0.004361247,0,0,0,0.596224442,570.1597541,0.000150107,0.031942554,12.95770441,0,0.0761,0.464,0.0383,,0.11040383,10.4391,0,0,,0,0,0,0,0,0,0,0.062111584
31,37,31037,0,0,0,0,0,0,0.241802649,0,0,0.058859025,0,0,0,0.413969879,0.121284624,0,0,0,9.847481489,0.211186,1.65276,4.82055,2.80051,1.19366,3.71871,0.13773,11.64825219,0.003461252,0.00011223,0,0.002097815,0,0,0,0.369501405,376.4743276,9.30E-05,0.019795932,8.284512136,0,0.0471,0.4094,0.0393,,0.068421164,6.4695,0,0,,0,0,0,0,1.1802,0.1704,0,0.062628361
31,38,31038,0.712901725,0.259346013,0.180014446,0.004274693,0.00973973,0.018859703,3.011865351,1.070148041,2.443279504,0.733141091,0,0.868707988,0.00438965,9.314322282,1.091561615,0.266826173,0.089392443,0.100566498,62.79351352,1.34665,10.539,30.73875,17.85775,7.6115,23.71275,0.87825,0,0.007817468,0.000253479,0,0.016340873,0,0,0,2.356165028,1444.698433,0.000593193,0.126230866,47.60806158,8.5093,0.3006,2.3202,0.1712,,0.436294831,41.2535,0,0,,0,0,0,0,0,0,0,0.109238626
31,39,31039,0,0,0,0,0,0,1.16634219,0,0,0.283908238,0,0.267294766,0,0,0.121284624,0,0,0.044696221,8.129373741,0.17434,1.3644,3.9795,2.3119,0.9854,3.0699,0.1137,0,0.006113799,0.000198238,0,0.003201928,0,0,0,0.305033833,254.2910145,7.68E-05,0.0163421,6.763154967,0,0.0389,0.6278,0.0047,,0.056483601,5.3408,0,0,,0,0,0,0,0,0,0,0.01057964
31,40,31040,0,0,0,0,0,0,5.060076026,2.407833091,3.909247206,1.231711656,0,0.133647383,0,3.311759033,0.921763142,0,0.011174055,0.134088664,53.63885201,1.150322,9.00252,26.25735,15.25427,6.50182,20.25567,0.75021,84.07788263,0.024983551,0.000810084,0,0.022082261,0.000680782,0,0,2.01265991,1478.124561,0.000506711,0.107827678,46.77089673,10.7191,0.2568,2.1018,0.04,,0.372687441,35.2392,0,0,,0,0,0,0,1.7476,0.2523,0,0.416684079
31,41,31041,3.208057761,1.16705706,0.810065005,0.01923612,0.043828783,0.084868665,1.671283016,4.280592162,8.551478263,0.406819732,0,0.267294766,0.059260274,3.518743973,8.392895976,2.183123231,0.044696221,0.480484379,126.0288875,2.702776,21.15216,61.6938,35.84116,15.27656,47.59236,1.76268,74.0262756,0.021996739,0.000713237,0,0.04190109,0.001701956,0,0,4.728909731,1586.307351,0.001190559,0.253349984,96.18206161,38.2352,0.6034,2.5658,0.0249,,0.875659747,82.7973,0,0,,0,0,0,0,0.8095,0.1169,5.206844086,0.030514408
31,42,31042,0,0,0,0,0,0,1.81707579,0,0,0.442308262,0,0.033411846,0,2.069849396,0.024256925,0,0,0.033522166,11.80153412,0.253092,1.98072,5.7771,3.35622,1.43052,4.45662,0.16506,0,0.000593049,1.92E-05,0,0.001214524,0,0,0,0.442822203,445.5563964,0.000111486,0.023724073,9.5166643,0,0.0565,0.1365,0.0397,,0.081998093,7.7533,0,0,,0,0,0,0,0,0,0,0.063342004
31,43,31043,0,0,0,0,0,0,0.800082295,0,0,0.194754127,0,0,0,0.620954819,0,0,0,0.011174055,5.872882665,0.125948,0.98568,2.8749,1.67018,0.71188,2.21778,0.08214,0,8.63E-05,2.80E-06,0,0.001600964,0,0,0,0.220364811,257.2752583,5.55E-05,0.011805982,4.577039866,0,0.0281,0,0.0718,,0.040805303,3.8583,0.0176,0,,0,0,0,0,0,0,0,0.066491878
31,44,31044,0,0,0,0,0,0,0.995657967,0,0,0.242360691,0,0,0,0.827939758,0.145541549,0,0,0.044696221,13.31372633,0.285522,2.23452,6.51735,3.78627,1.61382,5.02767,0.18621,0,0.001099837,3.57E-05,0,0.004968509,0,0,0,0.499563325,430.9501725,0.000125771,0.026763962,11.56362899,0,0.0637,0.6005,0.0574,,0.092504937,8.7467,0,0,,0,0,0,0,0,0,0,0.080818885
31,45,31045,0,0,0,0,0,0,0.903204013,0,0,0.21985577,0,0,0,0,0,0,0,0.011174055,4.804695826,0.10304,0.8064,2.352,1.3664,0.5824,1.8144,0.0672,0,0.000161741,5.24E-06,0,0.001490553,0,0,0,0.180283848,173.788164,4.54E-05,0.009658656,4.304357778,7.254,0.023,0.0819,0.024,,0.033383447,3.1565,0,0,,0,0,0,0,1.0062,0.1453,0,0.03016989
31,46,31046,0,0,0,0,0,0,0.586727016,0.53507402,0,0.142819693,0,0,0,0,0.194055398,0,0,0,5.684126758,0.1219,0.954,2.7825,1.6165,0.689,2.1465,0.0795,19.77662755,0.00587658,0.000190546,0,0.001600964,0,0,0,0.213282231,245.7865987,5.37E-05,0.011426534,4.905595684,0,0.0272,0.3548,0.0395,,0.039493811,3.7343,0,0,,0,0,0,0,0,0,7.70E-05,0.064670857
31,47,31047,0,0,0,0,0,0,0.725407947,0,0,0.176577075,0,0,0,0,0.145541549,0,0,0.011174055,10.16707956,0.21804,1.7064,4.977,2.8914,1.2324,3.8394,0.1422,19.15974192,0.005693274,0.000184603,0,0.003864396,0,0,0,0.381493501,415.514644,9.60E-05,0.020438405,8.636182265,0,0.0487,0.1638,0.2549,,0.070641759,6.6795,0,0,,0,0,0,0,0,0,0,0.171815801
31,48,31048,0,0,0,0,0,0,6.566008701,0.53507402,1.221639752,1.598282202,0,0,0,0.827939758,0.291083097,0,0,0.022348111,47.07529432,1.009562,7.90092,23.04435,13.38767,5.70622,17.77707,0.65841,0,0.012529515,0.000406266,0,0.013028534,0,0,0,1.766379295,1608.585345,0.000444707,0.094633265,34.60842803,7.5815,0.2254,1.4194,0.0468,,0.327083268,30.9271,0.0162,0,,0,0,0,0,0.7868,0.1136,0,0.205430866
31,49,31049,0,0,0,0,0,0,0.686292813,0,0,0.167055762,0,0.066823691,0,0,0.097027699,0,0,0.022348111,7.063331854,0.151478,1.18548,3.45765,2.00873,0.85618,2.66733,0.09879,0,0.008399735,0.000272359,0,0.00342275,0,0,0,0.265033354,328.6919921,6.67E-05,0.014199086,5.320328312,0,0.0338,0.2184,0.137,,0.049076648,4.6404,0,0,,0,0,0,0,0,0,0,0.090214369
31,50,31050,524.3392184,190.7489929,132.4006247,3.144036939,7.163571155,13.87131178,10.53975077,244.5288273,313.7170883,2.565561032,14.53415288,103.6101335,0.983281582,143.6475481,67.21593858,16.32491038,1.005664979,22.83976907,1747.789615,37.482548,293.34168,855.5799,497.05118,211.85788,660.01878,24.44514,1343.685764,0.399273156,0.012946307,0,1.205525823,0,0,0,65.58130825,4599.937221,0.016510872,3.513499801,1721.576172,644.0667,8.3676,54.6468,0.1003,,12.14379531,1148.2469,0.2071,0.2555,,2.490317819,49.80807,8.374,0,4.161,0.6008,18.71597798,0.132491589
31,51,31051,0,0,0,0,0,0,0.472937534,0,0,0.115121328,0,0,0,0,0.04851385,0,0,0,6.492774225,0.139242,1.08972,3.17835,1.84647,0.78702,2.45187,0.09081,0,0.00023722,7.69E-06,0,0.001380141,0,0,0,0.243624647,143.7024178,6.13E-05,0.013052121,5.631076383,3.5257,0.0311,0.2457,0.0055,,0.045112364,4.2656,0,0,,0,0,0,0,0,0,0.111206102,0.026789189
31,52,31052,0,0,0,0,0,0,5.72147739,2.140296081,8.795806214,1.392708401,0,0.033411846,0,4.346683731,1.067304691,0,0,0.245829217,69.74101789,1.495644,11.70504,34.1397,19.83354,8.45364,26.33634,0.97542,138.9081289,0.041276233,0.001338369,0,0.037484638,0,0,0,2.616852253,1700.53183,0.000658824,0.14019711,62.88950956,15.6423,0.3339,3.1936,0.0379,,0.4845667,45.8178,0.0764,0,,0,0,0,0,0,0,0.004471783,0.343507576
31,53,31053,0.712901725,0.259346013,0.180014446,0.004274693,0.00973973,0.018859703,6.557118898,0,0.488655901,1.596118267,0,0.200471074,0,4.760653611,0.339596947,0,0,0,25.05734671,0.537372,4.20552,12.2661,7.12602,3.03732,9.46242,0.35046,0,0.004841439,0.000156982,0,0.01523676,0.001021173,0,0,0.940212463,714.8454663,0.00023671,0.050371613,22.89638913,9.5008,0.12,0.7916,0.3943,,0.174100639,16.4619,0,0,,0,0,0,0,0,0,0,0.209146734
31,54,31054,0,0,0,0,0,0,1.223236931,0,0,0.297757421,0,0.066823691,0,0.413969879,0.072770774,0,0,0,5.718446014,0.122636,0.95976,2.7993,1.62626,0.69316,2.15946,0.07998,0,0.000549918,1.78E-05,0,0.00165617,0,0,0,0.214569973,198.471872,5.40E-05,0.011495525,5.118833966,0,0.0274,0.1092,0.0458,,0.039732264,3.7569,0,0,,0,0,0,0,0,0,0,0.031966303
31,55,31055,0,0,0,0,0,0,3.541697626,0,0,0.862111602,0,0,0,0.20698494,0.072770774,0,0,0.011174055,12.4621798,0.26726,2.0916,6.1005,3.5441,1.5106,4.7061,0.1743,0,0.000711659,2.31E-05,0,0.003312339,0,2.54E-05,0,0.467611232,467.4130834,0.000117727,0.025052138,9.722446197,0,0.0597,0.3003,0.1255,,0.086588317,8.1873,0,0,,0,0,0,0,0,0,0.234225306,0.140317058
31,56,31056,0,0,0,0,0,0,10.12015205,2.675370101,3.420591305,2.463423312,0,0.434353994,0,4.346683731,1.649470885,0,0,0.201132996,57.87513516,1.241172,9.71352,28.3311,16.45902,7.01532,21.85542,0.80946,31.75146625,0.009434876,0.000305923,0,0.03555244,0.003403911,5.08E-05,0.009739546,2.171615535,1875.889403,0.00054673,0.11634368,48.61578366,13.3561,0.2771,1.9653,0.0649,,0.402121508,38.0223,0,0,,0,0,0,0,0.575,0.083,0,0.550637406
31,57,31057,0,0,0,0,0,0,4.71870758,0.26753701,0.732983851,1.148616562,0,0.033411846,0,0.827939758,0.169798473,0,0,0.089392443,16.02065764,0.343574,2.68884,7.84245,4.55609,1.94194,6.04989,0.22407,0,0.002113412,6.85E-05,0,0.006955912,0.000340391,0,0,0.601133957,557.5679329,0.000151343,0.03220558,14.59403759,2.496,0.0767,1.201,0.0546,,0.111312932,10.5251,0,0,,0,0,0,0,0,0,0,2.658764626
31,58,31058,0,0,0,0,0,0,9.30229015,1.605222061,2.443279504,2.264341316,0,0.100235537,0,2.897789154,0.727707744,0,0,0.055870277,49.16662398,1.054412,8.25192,24.0681,13.98242,5.95972,18.56682,0.68766,0,0.009316266,0.000302077,0,0.018273071,0.001021173,0,0,1.84485106,1966.672598,0.000464463,0.098837367,37.32333994,6.4902,0.2354,1.474,0.0467,,0.341614009,32.301,0.0646,0.0223,,0,0,0,0,0,0,0.638874982,0.715005723
31,59,31059,4.277410348,1.556076081,1.080086673,0.02564816,0.058438378,0.11315822,3.603926249,9.631332365,12.46072547,0.877259145,0,0.568001377,0.065844749,4.760653611,1.358387788,0,0,0.156436774,107.69597,2.309614,18.07524,52.71945,30.62749,13.05434,40.66929,1.50627,0,0.008302691,0.000269212,0,0.103621009,0,0,0,4.041014172,362.8049876,0.001017373,0.216496177,113.568963,29.4439,0.5156,4.5584,0.2656,,0.748281031,70.7531,0.1116,0,,0,0,0,3.6,1.0592,0.1529,1.540941063,0.020031232
31,60,31060,0,0,0,0,0,0,0.590282938,0,0,0.143685267,0,0,0,0,0,0,0,0,2.054865447,0.044068,0.34488,1.0059,0.58438,0.24908,0.77598,0.02874,0,7.55E-05,2.45E-06,0,0.000165617,0,0,0,0.077103539,92.56567947,1.94E-05,0.0041308,1.752581008,0,0.0098,0,0.0401,,0.014277385,1.35,0,0,,0,0,0,0,0.6204,0.0896,0,0.104684105
31,61,31061,0,0,0,0,0,0,3.228776551,0.53507402,0,0.785941099,0,0,0,0.20698494,0,0,0,0,7.307856553,0.156722,1.22652,3.57735,2.07827,0.88582,2.75967,0.10221,0,0.002954464,9.58E-05,0,0.005134126,0,0,0,0.274208514,69.60869755,6.90E-05,0.014690643,6.756130601,2.5334,0.035,0.273,0.0299,,0.050775627,4.801,0,0,,0,0,0,0,0,0,0.227351303,0.624531489
31,62,31062,0,0,0,0,0,0,2.101549495,0.53507402,0.732983851,0.511554173,0,0,0,0.413969879,0.072770774,0,0,0.067044332,9.59008707,0.205666,1.60956,4.69455,2.72731,1.16246,3.62151,0.13413,0,0.000614615,1.99E-05,0,0.003588367,0,0,0,0.359843342,319.4778891,9.06E-05,0.019278504,8.044778805,0,0.0459,0.3276,0.0974,,0.066632765,6.3004,0,0,,0,0,0,0,0,0,0,0.112927916
31,63,31063,0,0,0,0,0,0,1.038329023,0,0,0.252747578,0,0,0,0.413969879,0.097027699,0,0,0,10.70117298,0.229494,1.79604,5.23845,3.04329,1.29714,4.04109,0.14967,0,0.000528353,1.71E-05,0,0.001545758,0.001021173,0,0,0.401533982,373.7429246,0.000101091,0.021512068,8.130620241,0,0.0512,0,0.1455,,0.074352687,7.0304,0,0,,0,0,0,0,0,0,0,0.062975831
31,64,31064,0,0,0,0,0,0,0.4338224,0,0,0.105600015,0,0,0,0,0,0,0,0,3.354707264,0.071944,0.56304,1.6422,0.95404,0.40664,1.26684,0.04692,0,0.00011861,3.85E-06,0,0.000110411,0,0,0,0.125876758,118.1373364,3.17E-05,0.006743811,2.423592716,0,0.0161,0,0.0383,,0.0233088,2.2039,0,0,,0,0,0,0,0.5069,0.0732,0,0.013485399
31,65,31065,0,0,0,0,0,0,1.831299475,0,0,0.445770557,0,0.200471074,0,0.413969879,0,0,0,0,3.976743777,0.085284,0.66744,1.9467,1.13094,0.48204,1.50174,0.05562,0,0.000323481,1.05E-05,0,0.00507892,0,0,0,0.149217078,40.76634294,3.76E-05,0.007994262,4.656028523,0.78,0.019,0.1911,0.0627,,0.027630764,2.6126,0,0,,0,0,0,0,0,0,0,1.034192332
31,66,31066,0,0,0,0,0,0,2.105105416,0,0,0.512419747,0,0,0,1.034924698,0.121284624,0,0,0,7.90200867,0.169464,1.32624,3.8682,2.24724,0.95784,2.98404,0.11052,0,0.000549918,1.78E-05,0,0.007397557,0.001361565,0,0,0.296502544,338.5972225,7.46E-05,0.015885039,7.264181912,0,0.0378,0.2457,0.0391,,0.054903848,5.1914,0,0,,0,0,0,0,0,0,0,0.042400261
31,67,31067,0,0,0,0,0,0,1.934421193,0,0,0.4708722,0,0,0,0,0.169798473,0,0,0.033522166,20.03386563,0.42964,3.3624,9.807,5.6974,2.4284,7.5654,0.2802,0,0.001401753,4.55E-05,0,0.003533162,0,0,0,0.751719261,643.8872318,0.000189254,0.040273144,16.11403128,0,0.0959,0.6824,0.0876,,0.139197053,13.1617,0,0,,0,0,0,0,1.0819,0.1562,0,0.113198609
31,68,31068,0,0,0,0,0,0,1.255240223,0,0,0.305547586,0,0.267294766,0,0.620954819,0,0,0,0,6.344772434,0.136068,1.06488,3.1059,1.80438,0.76908,2.39598,0.08874,0,0.000787138,2.55E-05,0,0.002815488,0,2.54E-05,0,0.238071261,173.1693532,5.99E-05,0.0127546,6.420051377,0,0.0304,0.464,0.7185,,0.044084035,4.1683,0,0,,0,0,0,0,0,0,0.000101837,0.094976586
31,69,31069,0,0,0,0,0,0,2.453585705,0,0,0.597245989,0,0,0,0.620954819,0.072770774,0,0,0.022348111,18.00902953,0.386216,3.02256,8.8158,5.12156,2.18296,6.80076,0.25188,0,0.000539136,1.75E-05,0,0.002484254,0,0,0,0.675742496,740.4241501,0.000170126,0.036202711,13.39119069,0,0.0862,0.3003,0.2466,,0.125128314,11.8314,0,0,,0,0,0,0,0.5598,0.0808,0,0.214683622
31,70,31070,0,0,0,0,0,0,1.65350341,0,0.24432795,0.402491862,0,0,0,1.448894577,0.04851385,0,0,0.022348111,7.841949972,0.168176,1.31616,3.8388,2.23016,0.95056,2.96136,0.10968,0,0.000927313,3.01E-05,0,0.003753984,0.000680782,0,0,0.294248995,306.2794335,7.41E-05,0.015764306,7.463940755,8.3305,0.0375,0.273,0.0857,,0.054486555,5.1519,0,0,,0,0,0,0,0,0,0,1.199954469
31,71,31071,0,0,0,0,0,0,2.883852183,0,0,0.701980431,0,0,0,0,0.024256925,0,0,0,3.410476055,0.07314,0.5724,1.6695,0.9699,0.4134,1.2879,0.0477,0,0.000172523,5.59E-06,0,5.52E-05,0,0,0,0.127969339,142.4709657,3.22E-05,0.006855921,2.741591008,0,0.0163,0.1092,0.0319,,0.023696286,2.2406,0,0,,0,0,0,0,0,0,0,0.106357475
31,72,31072,0,0,0,0,0,0,0.789414531,0,0,0.192157405,0,0,0,0,0,0,0,0.022348111,3.727929172,0.079948,0.62568,1.8249,1.06018,0.45188,1.40778,0.05214,0,0.000506788,1.64E-05,0,0.001435347,0,0,0,0.13988095,127.8283897,3.52E-05,0.007494082,3.767844632,1.248,0.0178,0.2457,0.0528,,0.025901978,2.4491,0,0,,0,0,0,0,0,0,0,0.097744538
31,73,31073,0,0,0,0,0,0,0.739631633,0,0,0.180039371,0,0,0,0.827939758,0.04851385,0,0,0.033522166,9.270488999,0.198812,1.55592,4.5381,2.63642,1.12372,3.50082,0.12966,0,0.008119384,0.000263269,0,0.000496851,0,0,0,0.347851247,442.296719,8.76E-05,0.018636031,5.173604597,0,0.0444,0.273,0.0904,,0.064412169,6.0904,0,0,,0,0,0,0,0,0,0,0.123927868
31,74,31074,0,0,0,0,0,0,2.396690964,0,0,0.583396807,0,0,0,0,0.04851385,0,0,0.011174055,7.470873018,0.160218,1.25388,3.65715,2.12463,0.90558,2.82123,0.10449,0,0.000959662,3.11E-05,0,0.002097815,0,0,0,0.280325288,246.3632393,7.06E-05,0.015018347,6.917767804,0,0.0358,0.737,0.0374,,0.05190828,4.9081,0,0,,0,0,0,0,0,0,0,0.078382654
31,75,31075,0,0,0,0,0,0,0.835641508,0,0.24432795,0.203409866,0,0.033411846,0,0.620954819,0.242569248,0,0,0.100566498,12.89331545,0.276506,2.16396,6.31155,3.66671,1.56286,4.86891,0.18033,0,0.01127872,0.000365709,0,0.002981105,0,0,0,0.483788488,553.6930632,0.000121799,0.02591883,8.992099577,0,0.0617,0.3276,0.0859,,0.089583885,8.4705,0,0,,0,0,0,0,0,0,0,0.077122704
31,76,31076,0,0,0,0,0,0,3.406572616,0,0,0.829219794,0,0,0,0,0.145541549,0,0,0.055870277,34.3192559,0.736,5.76,16.8,9.76,4.16,12.96,0.48,14.36980644,0.004269955,0.000138452,0,0.003643573,0,0,0,1.287741774,1172.233823,0.000324204,0.068990397,25.153467,0,0.1643,0.8189,0.0385,,0.238453195,22.5468,0,0,,0,0,0,0,1.8989,0.2742,0,0.123878651
31,77,31077,0,0,0,0,0,0,0.6507336,0,0,0.158400023,0,0,0,0,0.097027699,0,0,0.078218387,5.443891967,0.116748,0.91368,2.6649,1.54818,0.65988,2.05578,0.07614,0,0.00051757,1.68E-05,0,0.001435347,0,0,0,0.204268039,216.2336939,5.14E-05,0.010943602,4.602838443,0,0.0261,0.1092,0.0186,,0.037824638,3.5765,0,0,,0,0,0,0,0.9381,0.1355,0,0.131458036
31,78,31078,0,0,0,0,0,0,1.440148131,0,0,0.350557428,0,0,0,0.413969879,0,0,0,0.044696221,8.015691205,0.171902,1.34532,3.92385,2.27957,0.97162,3.02697,0.11211,0,0.001164533,3.78E-05,0,0.0029259,0,0,0,0.300768188,263.4028812,7.57E-05,0.01611357,7.351258553,0,0.0384,0.4094,0.0373,,0.055693724,5.2661,0,0,,0,0,0,0,0.8398,0.1213,0,0.097695321
31,79,31079,1.425803449,0.518692027,0.360028891,0.008549387,0.019479459,0.037719407,11.67480085,1.605222061,12.70505342,2.84185222,0,0.534589531,0,2.483819275,1.067304691,0,0,0.592224932,83.24564509,1.78526,13.9716,40.7505,23.6741,10.0906,31.4361,1.1643,83.17069788,0.024713983,0.000801343,0,0.033344214,0.012594472,0.000406571,0.019479093,3.123578642,3284.637395,0.000786398,0.167344831,64.91772729,10.9488,0.3985,3.3847,0.9792,,0.578398032,54.69,0.0308,0,,0,0,0,0,0.3026,0.0437,0.148987662,1.268941638
31,80,31080,0.356450862,0.129673007,0.090007223,0.002137347,0.004869865,0.009429852,1.841967239,8.026110304,0,0.448367279,0,0,0,0.413969879,0.291083097,0,0,0.022348111,20.4135224,0.437782,3.42612,9.99285,5.80537,2.47442,7.70877,0.28551,54.64880934,0.016238769,0.000526537,0,0.00469248,0,0,0,0.765964904,777.0252079,0.000192841,0.04103635,15.61952602,0,0.0977,0.6551,0.0385,,0.141834941,13.4111,0,0,,0,0,0,0,0,0,0,0.089328467
31,81,31081,0,0,0,0,0,0,2.610046242,0,0,0.635331241,0,0,0,0.413969879,0.121284624,0,0,0.044696221,6.617181528,0.14191,1.1106,3.23925,1.88185,0.8021,2.49885,0.09255,0,0.002232022,7.24E-05,0,0.001490553,0,0,0,0.248292711,300.2203168,6.25E-05,0.013302211,4.575275912,0,0.0317,0.1365,0.072,,0.045976757,4.3473,0,0,,0,0,0,0,0,0,0,0.091247922
31,82,31082,0,0,0,0,0,0,0.451602007,0,0,0.109927885,0,0,0,0,0.04851385,0,0,0,7.415104227,0.159022,1.24452,3.62985,2.10877,0.89882,2.80017,0.10371,0,0.000593049,1.92E-05,0,0.00380919,0,0,0,0.278232707,179.0601502,7.00E-05,0.014906238,8.314757939,0.24,0.0355,0.3548,0.0568,,0.051520794,4.8715,0,0,,0,0,0,0,0,0,0.08258988,0.071361387
31,83,31083,0,0,0,0,0,0,1.326358649,0.26753701,0,0.322859064,0,0,0,0,0,0,0,0,3.584217288,0.076866,0.60156,1.75455,1.01931,0.43446,1.35351,0.05013,0,0.000485222,1.57E-05,0,0.014905526,0,0,0,0.134488532,70.93656887,3.39E-05,0.007205185,6.46503427,1.0359,0.0172,0.273,0.0722,,0.024903456,2.3547,0,0,,0,0,0,0,0,0,0,0.009105105
31,84,31084,0,0,0,0,0,0,2.844737049,0,0,0.692459118,0,0,0,0.620954819,0.121284624,0,0,0.413440047,14.91386164,0.319838,2.50308,7.30065,4.24133,1.80778,5.63193,0.20859,0,0.00290055,9.40E-05,0,0.003312339,0,0,0,0.559604285,592.1276779,0.000140887,0.029980639,11.90271527,0,0.0714,0.9281,0.0481,,0.103622817,9.798,0,0,,0,0,0,0,0.1664,0.024,0,0.453040519
31,85,31085,0,0,0,0,0,0,4.309776629,0,0,1.049075564,0,0,0,13.66100601,0.266826173,0,0,1.162101753,32.12925838,0.689034,5.39244,15.72795,9.13719,3.89454,12.13299,0.44937,46.84702049,0.013920485,0.000451367,0,0.004140424,0,0,0,1.205567752,1406.467445,0.000303516,0.064587947,22.67339167,0,0.1538,0.3003,0.2641,,0.223236901,21.108,0,0,,0,0,0,0,0,0,0.177960314,1.762736117
31,86,31086,0,0,0,0,0,0,1.013437574,0,0,0.246688561,0,0,0,0.413969879,0.024256925,0,0,0.044696221,4.46364822,0.095726,0.74916,2.18505,1.26941,0.54106,1.68561,0.06243,0,0.000539136,1.75E-05,0,0.00038644,0,0,0,0.167486915,154.0903052,4.22E-05,0.008973063,4.222469561,0,0.0214,0.1638,0.0375,,0.031013819,2.9325,0,0,,0,0,0,0,0,0,0,0.07795939
31,87,31087,0,0,0,0,0,0,0.355592131,0,0,0.08655739,0,0.066823691,0,0,0.121284624,0,0,0.044696221,9.802437466,0.21022,1.6452,4.7985,2.7877,1.1882,3.7017,0.1371,0,0.000528353,1.71E-05,0,0.001490553,0,0,0,0.367811244,315.6665089,9.26E-05,0.019705382,7.909049331,0,0.0469,0.1638,0.0254,,0.068108194,6.4399,0,0,,0,0,0,0,0,0,0,0.036069014
31,88,31088,0,0,0,0,0,0,0.604506623,0,0,0.147147563,0,0,0,0.620954819,0,0,0,0.011174055,4.266312499,0.091494,0.71604,2.08845,1.21329,0.51714,1.61109,0.05967,0,0.000204872,6.64E-06,0,0.000828085,0,0,0,0.160082399,143.5541787,4.03E-05,0.008576369,3.825849691,0,0.0204,0,0.0373,,0.029642713,2.8028,0,0,,0,0,0,0,0,0,0,0.049290612
31,89,31089,7.129017246,2.593460134,1.800144455,0.042746933,0.097397296,0.188597033,3.029644957,2.407833091,6.59685466,0.737468961,0,0.100235537,0,1.655879517,2.110352456,0,0,0.078218387,79.69145715,1.709038,13.37508,39.01065,22.66333,9.65978,30.09393,1.11459,72.28448088,0.021479168,0.000696455,0,0.048139329,0,0,0,2.990216884,2119.838384,0.000752823,0.160200013,64.28199324,11.8992,0.3815,3.0299,0.4004,,0.553703223,52.355,0.0162,0.0216,,0,0,0,0,1.6493,0.2381,0.22113924,0.181216207
31,90,31090,0,0,0,0,0,0,2.770062701,0,0,0.674282066,0,0,0,0.20698494,0,0,0,0,14.18457745,0.304198,2.38068,6.94365,4.03393,1.71938,5.35653,0.19839,0,0.000280351,9.09E-06,0,0.000220823,0,0,0,0.532239772,505.7083394,0.000133998,0.028514593,9.467340457,0,0.0679,0.0819,0.0373,,0.098555686,9.3189,0,0,,0,0,0,0,0,0,0,0.033147506
31,91,31091,1.069352587,0.38901902,0.270021668,0.00641204,0.014609594,0.028289555,4.9889576,0.26753701,0.488655901,1.214400178,0,0.735060605,0,13.04005119,0.097027699,0,0,0.067044332,21.94072929,0.470534,3.68244,10.74045,6.23969,2.65954,8.28549,0.30687,10.99507917,0.003267163,0.000105937,0,0.029700641,0,0,0,0.823269413,862.4813889,0.000207268,0.044106423,21.9240342,5.1001,0.105,0.3003,0.1885,,0.152446109,14.4144,0,0,,0,0,0,0,1.0743,0.1551,0.005651958,0.199180335
31,92,31092,0,0,0,0,0,0,1.5183784,0,0,0.369600054,0,0,0,0.20698494,0,0,0,0.011174055,14.41623243,0.309166,2.41956,7.05705,4.09981,1.74746,5.44401,0.20163,0,0.000884183,2.87E-05,0,0.00088329,0,0,0,0.540932029,659.7916735,0.000136186,0.028980278,9.581687873,0,0.069,0.0819,0.0387,,0.100165245,9.471,0,0,,0,0,0,0,0,0,0,0.207793272
31,93,31093,0,0,0,0,0,0,2.471365311,0.26753701,0.732983851,0.601573859,0,0.066823691,0.002194825,3.518743973,0.776221593,0,0,0.402265991,35.61480781,0.763784,5.97744,17.4342,10.12844,4.31704,13.44924,0.49812,62.4143108,0.01854627,0.000601357,0,0.01181401,0,0,0,1.336354026,683.8808109,0.000336443,0.071594784,30.94946843,5.8187,0.1705,0.6824,0.0178,,0.247454804,23.3979,0,0,,0,0,0,0,0.8776,0.1267,0,0.113567735
31,94,31094,0,0,0,0,0,0,2.240230426,0,0,0.545311555,0,0,0,0,0,0,0,0.022348111,9.663015488,0.20723,1.6218,4.73025,2.74805,1.1713,3.64905,0.13515,9.28957184,0.002760375,8.95E-05,0,0.000828085,0,2.54E-05,0,0.362579793,437.6962524,9.13E-05,0.019425109,6.773208938,0,0.0463,0.1365,0.0444,,0.067139478,6.3483,0,0,,0,0,0,0,0,0,0,0.137856219
31,95,31095,0,0,0,0,0,0,1.141450741,0.53507402,0,0.277849221,0,0,0,0,0.121284624,0,0,0,10.8985087,0.233726,1.82916,5.33505,3.09941,1.32106,4.11561,0.15243,0,0.002102629,6.82E-05,0,0.001876992,0,0,0,0.408938497,283.1471587,0.000102955,0.021908763,9.292296722,0,0.0522,0.464,0.0129,,0.075723793,7.16,0,0,,0,0,0,0,0.5598,0.0808,0.743512591,0.037111426
31,96,31096,7.129017246,2.593460134,1.800144455,0.042746933,0.097397296,0.188597033,21.96137002,8.026110304,17.10295653,5.345784391,0,0.568001377,0,8.486382523,2.449949403,0.024256925,0,0.368743826,156.7918105,3.362508,26.31528,76.7529,44.58978,19.00548,59.20938,2.19294,68.90975361,0.020476376,0.00066394,0,0.061554302,0.022125424,0,0,5.883209264,5140.415119,0.001481168,0.315191251,125.3923326,29.4415,0.7506,5.9233,0.0653,,1.08940323,103.0077,0.2056,0.0724,,0,0,0,0,0.4388,0.0634,0.274503518,11.02296011
31,97,31097,0,0,0,0,0,0,4.487572695,0,0,1.092354259,0,0,0,0.827939758,0,0,0,0.033522166,7.056896994,0.15134,1.1844,3.4545,2.0069,0.8554,2.6649,0.0987,0,0.000625397,2.03E-05,0,0.00165617,0,0,0,0.264791902,256.6023417,6.67E-05,0.01418615,6.792284569,0,0.0338,0.3003,0.0644,,0.049031938,4.6362,0,0,,0,0,0,0,2.0427,0.2949,0,0.4283583
31,98,31098,0,0,0,0,0,0,8.73334274,0,0,2.125849492,0,0,0,3.518743973,0.339596947,0,0,0,30.48836896,0.653844,5.11704,14.9247,8.67054,3.69564,11.51334,0.42642,0,0.006189278,0.000200685,0,0.008612082,0.006467432,5.08E-05,0,1.143997599,1190.416139,0.000288015,0.061289344,22.89042422,6.4193,0.146,0.8189,0.0613,,0.211835858,20.03,0,0,,0,0,0,0,0,0,0.018381595,0.622986082
31,99,31099,0,0,0,0,0,0,1.212569167,0,0,0.295160699,0,0,0,0.413969879,0,0,0,0.033522166,6.535673295,0.140162,1.09692,3.19935,1.85867,0.79222,2.46807,0.09141,0,0.002350632,7.62E-05,0,0.00088329,0,0,0,0.245234324,296.7180351,6.17E-05,0.013138359,4.409617706,0,0.0313,0.1911,0.1168,,0.04541043,4.2937,0,0,,0,0,0,0,0.5523,0.0797,0.047048735,0.111008462
31,100,31100,0,0,0,0,0,0,0.440934243,0,0,0.107331163,0,0,0,0,0,0,0,0,6.737298923,0.144486,1.13076,3.29805,1.91601,0.81666,2.54421,0.09423,0,0.000496005,1.61E-05,0,0.001214524,0,0,0,0.252799807,212.7467137,6.36E-05,0.013543677,5.766839885,0,0.0323,0.3821,0.0398,,0.046811343,4.4262,0,0,,0,0,0,0,0,0,0.245732897,0.020720267
31,101,31101,17.10964139,6.224304322,4.320346693,0.10259264,0.233753512,0.452632879,5.226137551,3.477981132,14.90400497,1.272133957,0,0.033411846,1.670261795,20.49150902,2.401435554,3.153400222,0,5.195935723,118.5108255,2.541546,19.89036,58.01355,33.70311,14.36526,44.75331,1.65753,282.2433194,0.083867958,0.002719392,0,0.033675448,0.000340391,0,0,4.446813799,1488.700744,0.001119538,0.238236775,98.39432454,21.3796,0.5674,3.2209,0.8222,,0.823423594,77.8582,0.1542,0,,0,0,0,0,1.4828,0.2141,0.11685806,0.095578999
31,102,31102,14.25803449,5.186920268,3.600288911,0.085493866,0.194794593,0.377194066,9.896129009,11.77162845,17.83594038,2.408892157,0,0.668236914,0,9.107337342,2.061838607,0,0,0.391091936,161.242589,3.457958,27.06228,78.93165,45.85553,19.54498,60.89013,2.25519,85.56566562,0.025425642,0.000824419,0,0.070276795,0.000340391,0,0,6.050213275,4080.665532,0.001523213,0.324138443,123.9741293,53.5463,0.7719,4.2855,,,1.120327629,105.9317,0.4847,0.067,,0,0,0,0,1.0365,0.1497,1.052682245,0.614471578
31,103,31103,0,0,0,0,0,0,0.494273062,0,0,0.120314772,0,0,0,0,0,0,0,0.011174055,6.443440295,0.138184,1.08144,3.1542,1.83244,0.78104,2.43324,0.09012,0,0.000690094,2.24E-05,0,0.001600964,0,0,0,0.241773518,215.067711,6.09E-05,0.012952947,5.062235744,0,0.0308,0,0.0436,,0.044769587,4.2332,0,0,,0,0,0,0,0,0,0,0.033270548
31,104,31104,0,0,0,0,0,0,8.605329573,0,0,2.094688832,0,0,0,0.20698494,0.145541549,0,0,0,30.7908074,0.66033,5.1678,15.07275,8.75655,3.7323,11.62755,0.43065,0,0.000215654,6.99E-06,0,0.000772879,0,0,0,1.155345823,1376.765093,0.000290872,0.061897321,21.43272109,0,0.1474,0.0273,0.5955,,0.213937226,20.2287,0,0,,0,0,0,0,0,0,0,0.676976897
31,105,31105,0,0,0,0,0,0,0.547611882,0,0.488655901,0.13329838,0,0,0,0.827939758,0.072770774,0,0,0.257003272,5.98013034,0.128248,1.00368,2.9274,1.70068,0.72488,2.25828,0.08364,0,0.000646963,2.10E-05,0,0.002042609,0,0,0,0.224389004,163.0162226,5.65E-05,0.012021577,5.287488141,0,0.0286,0.273,0.0385,,0.041550469,3.9288,0,0,,0,0,0,0,0,0,0,0.03730091
31,106,31106,0,0,0,0,0,0,1.614388275,0,0,0.392970549,0,0,0,0.413969879,0,0,0,0,4.431473918,0.095036,0.74376,2.1693,1.26026,0.53716,1.67346,0.06198,0,0.000485222,1.57E-05,0,0.002705077,0,0,0,0.166279657,138.970672,4.19E-05,0.008908385,4.604428825,0,0.0212,0.2184,0.0906,,0.030790269,2.9113,0,0,,0,0,0,0,0,0,0,0.117037518
32,1,32001,0,0,0,0,0,0,2.251073957,0,0,0.351708213,0,0,0,1.241909638,0.363853872,0,0,0,11.78222954,0.252678,1.97748,5.76765,3.35073,1.42818,4.44933,0.16479,0,0.000539136,1.75E-05,0,0.003864396,0.011232908,2.54E-05,0,0,101.6848657,0.000111303,0.023685266,15.95975733,2.0748,0.0564,0.3276,0.5214,,0.75152139,9.5998,0.0012,0,,0,0,0,0,0,0,0,2.718952059
32,2,32002,0,0,0,0,0,0,1.511186083,0,0,0.236107994,0,0,0,0,0.121284624,0,0,0,9.967598885,0.213762,1.67292,4.87935,2.83467,1.20822,3.76407,0.13941,0,0.000334264,1.08E-05,0,0.001159319,0.009871343,0,0,0,182.3921283,9.42E-05,0.020037398,11.15272878,1.2726,0.0477,0.1092,0.6534,,0.635776425,8.1213,0.0008,0,,0,0,0,0,0,0,0,3.549742966
32,3,32003,0,0,0,0,0,0,2.261544068,0,0,0.353344065,0,0,0,1.241909638,0.194055398,0,0,0,5.536124967,0.118726,0.92916,2.71005,1.57441,0.67106,2.09061,0.07743,0,0.000312699,1.01E-05,0,0.001159319,0.036762243,0,0,0,71.87899858,5.23E-05,0.011129013,8.53289134,1.9641,0.0265,0.1638,0.1548,,0.353117915,4.5107,0.0006,0,,0,0,0,0,0,0,0,1.699345037
32,4,32004,0,0,0,0,0,0,1.301783854,0,0.732983851,0.203390951,0,0.066823691,0,3.311759033,0.169798473,0,0,0,7.989951764,0.17135,1.341,3.91125,2.27225,0.9685,3.01725,0.11175,0,0.000797921,2.59E-05,0,0.00342275,0.019742686,0,0,0,130.6731341,7.55E-05,0.016061827,10.42203273,2.8845,0.0383,1.5013,0.4697,,0.509633566,6.51,0.0007,0,,0,0,0,0,0,0,0,1.713869354
32,5,32005,7.129017246,2.593460134,1.800144455,0.042746933,0.097397296,0.188597033,3.4202364,2.942907112,5.375214908,0.53437837,0.801884297,0.133647383,0,8.693367463,13.17151016,0.266826173,0,0.18995894,82.60001408,1.771414,13.86324,40.43445,23.49049,10.01234,31.19229,1.15527,171.5304925,0.050969894,0.001652683,0,0.024290487,0.170195568,0,0,0,66.59827648,0.000780299,0.166046949,90.54661823,21.0144,0.3954,0,24.3251,,5.268584967,67.3001,0.0064,0.0208,,0,0,0,0,0.7067,0.102,0.181001346,29.26214057
32,6,32006,0,0,0,0,0,0,2.317384663,1.337685051,0.24432795,0.36206861,0,0,0,0.20698494,0.315340022,0,0,0.033522166,16.38958964,0.351486,2.75076,8.02305,4.66101,1.98666,6.18921,0.22923,0,0.000646963,2.10E-05,0,0.00419563,0.129348632,0,0.009739546,0,51.19315305,0.000154828,0.032947226,20.7139984,4.8852,0.0785,0,6.027,,1.045398679,13.3538,0.0015,0,,0,0,0,0,2.4027,0.3469,0,22.97746879
32,7,32007,1.425803449,0.518692027,0.360028891,0.008549387,0.019479459,0.037719407,7.601300896,0,1.221639752,1.187628664,0,0,0,0.413969879,0.242569248,0,0,0.055870277,26.29283992,0.563868,4.41288,12.8709,7.47738,3.18708,9.92898,0.36774,0,0.000884183,2.87E-05,0,0.009495372,0.010892516,5.08E-05,0,0,208.5924555,0.000248381,0.052855268,31.40967949,17.3341,0.1259,0.5459,0.7819,,1.677070673,21.4226,0.0022,0,,0,0,0,0,1.7101,0.2469,0.101924717,4.644876435
32,8,32008,0,0,0,0,0,0,2.551217151,0.26753701,0.24432795,0.398602642,0,0,0,1.034924698,0.776221593,0,0,0.011174055,24.64337069,0.528494,4.13604,12.06345,7.00829,2.98714,9.30609,0.34467,0,0.001099837,3.57E-05,0,0.005189331,0.043229674,0,0,0,112.9524827,0.000232799,0.049539417,25.75610749,4.5087,0.118,0.464,1.1697,,1.571860414,20.0787,0.0019,0,,0,0,0,0,1.0035,0.1449,0,5.170656694
32,9,32009,0,0,0,0,0,0,4.00656264,0,0.977311802,0.625986091,0,0,0,0.620954819,0.097027699,0,0,0.055870277,21.33799735,0.457608,3.58128,10.4454,6.06828,2.58648,8.05788,0.29844,0,0.000614615,1.99E-05,0,0.004306041,0.123902374,0,0,0,132.5652757,0.000201574,0.042894779,26.59312627,5.9506,0.1022,0.4367,1.0114,,1.361029454,17.3856,0.002,0,,0,0,0,0,0.6713,0.0969,3.84E-05,22.51995282
32,10,32010,17.46609225,6.353977329,4.410353916,0.104729986,0.238623376,0.462062731,28.64622487,13.91192453,43.24604722,4.475691495,0.066823691,1.202826445,7.11123287,22.56135842,11.3522408,2.061838607,0,1.039187145,442.0084215,9.479174,74.18484,216.37245,125.70209,53.57794,166.91589,6.18207,211.7006333,0.06290636,0.002039719,0,0.129236431,1.324802304,0.000127053,0.009739546,0,1051.514234,0.004175528,0.888548878,490.1719635,132.0158,2.1161,11.5735,128.3444,,28.19320251,360.1354,0.0351,0.1198,,0,0,0,0,3.4132,0.4928,5.989237705,223.9213884
32,11,32011,0,0,0,0,0,0,1.019090846,0.26753701,0.24432795,0.159222943,0,0,0,0.413969879,0.072770774,0,0,0.055870277,6.038044084,0.12949,1.0134,2.95575,1.71715,0.7319,2.28015,0.08445,0,0.000625397,2.03E-05,0,0.003036311,0.00612704,0,0,0,52.2530076,5.70E-05,0.012137998,9.040930494,3.5513,0.0289,0.3003,0.1066,,0.38513248,4.9196,0.0006,0,,0,0,0,0,0,0,0,1.35076144
32,12,32012,0,0,0,0,0,0,4.027502862,0,0.24432795,0.629257795,0,0.066823691,0,0.20698494,0.072770774,0,0,0.022348111,15.48441927,0.332074,2.59884,7.57995,4.40359,1.87694,5.84739,0.21657,0,0.000291133,9.44E-06,0,0.001600964,0.030294811,0,0,0,167.3909407,0.000146277,0.031127605,16.12616312,0,0.0741,0.0819,1.0004,,0.987663011,12.6162,0.0012,0,,0,0,0,0,0.7773,0.1122,0,8.453152236
32,13,32013,0,0,0,0,0,0,1.622867271,0,0.24432795,0.253557084,0,0,0,0,0.169798473,0,0,0.044696221,12.3420624,0.264684,2.07144,6.0417,3.50994,1.49604,4.66074,0.17262,0,0.000323481,1.05E-05,0,0.001987403,0.057185711,0,0,0,4.543733225,0.000116592,0.024810671,14.39837022,8.3975,0.0591,0,20.2239,,0.787229944,10.0559,0.0011,0,,0,0,0,0,0.742,0.1071,0,22.22220433
32,14,32014,0,0,0,0,0,0,13.7088659,0,0.732983851,2.141875754,0,0,0,0,0.266826173,0,0,0.234655162,42.78538734,0.917562,7.18092,20.94435,12.16767,5.18622,16.15707,0.59841,0,0.001002793,3.25E-05,0,0.003312339,0.390769025,5.08E-05,0.019479093,0,114.965997,0.000404181,0.086009465,50.68848666,8.7717,0.2048,0.1638,8.604,,2.729036442,34.8603,0.0038,0,,0,0,0,0,2.6995,0.3898,0.02633338,71.80967349
32,15,32015,0,0,0,0,0,0,2.666388377,0,0,0.416597015,0,0,0,0,0.072770774,0,0,0,3.245314636,0.069598,0.54468,1.58865,0.92293,0.39338,1.22553,0.04539,0,6.47E-05,2.10E-06,0,0.000220823,0.015317601,2.54E-05,0,0,37.78513453,3.07E-05,0.006523904,5.214630893,0,0.0155,0,0.0691,,0.207000157,2.6442,0.0004,0,,0,0,0,0,0,0,0,2.665212088
32,16,32016,0,0,0,0,0,0,3.490037143,0,3.909247206,0.545284052,0,0,0,2.069849396,0.582166195,0,0,0.078218387,44.42627676,0.952752,7.45632,21.7476,12.63432,5.38512,16.77672,0.62136,0,0.001240012,4.02E-05,0,0.003588367,0.102457732,0,0,0,205.610518,0.000419682,0.089308068,50.47866116,10.4863,0.2127,0.6551,18.6467,,2.833699443,36.1972,0.0038,0,,0,0,0,0,0,0,0.000434048,28.14667305
32,17,32017,57.38858883,20.87735408,14.49116287,0.344112813,0.784048237,1.518206116,6.351867599,24.88094194,30.29666585,0.992416974,2.205181816,4.410363632,3.31418569,37.67125901,9.945339162,0,0,0.726313596,302.8202443,6.494188,50.82408,148.2369,86.11858,36.70628,114.35418,4.23534,152.0804515,0.045190359,0.001465283,0,0.097934827,0.302607721,7.62E-05,0.009739546,0,165.5339499,0.002860657,0.608745388,333.8961757,131.6254,1.4498,5.0771,25.5858,,19.31518057,246.729,0.0238,0.1317,,0,0,0,0,1.5971,0.2306,1.71726643,48.60707779
32,18,32018,0,0,0,0,0,0,3.196874023,0,0,0.499480191,0,0,0,0,0.145541549,0,0,0,8.586248835,0.184138,1.44108,4.20315,2.44183,1.04078,3.24243,0.12009,0,0.000150958,4.89E-06,0,0.00126973,0.019742686,0,0,0,113.1709192,8.11E-05,0.017260535,11.33406699,3.4092,0.0411,0.0819,0.2899,,0.547667964,6.9958,0.0008,0,,0,0,0,0,0,0,0,0.501088921
32,19,32019,1.782254312,0.648365034,0.450036114,0.010686733,0.024349324,0.047149258,7.877013831,0.80261103,4.153575156,1.230706104,0,0.200471074,0,4.346683731,1.309873938,0,0,0.033522166,48.0405234,1.030262,8.06292,23.51685,13.66217,5.82322,18.14157,0.67191,0,0.004582654,0.000148591,0,0.018328276,0.034379505,0,0,0,360.2326084,0.000453825,0.09657362,61.01189337,14.9023,0.23,0.5732,1.2067,,3.064231673,39.142,0.0044,0.0223,,0,0,0,0,0,0,0.017824409,6.34276904
32,20,32020,13.18868191,4.797901248,3.330267242,0.079081826,0.180184998,0.348904511,11.75095506,6.153351233,23.21115529,1.835971402,0,1.403297519,0.00438965,19.24959938,4.487531085,0,0,0.424614102,109.4076428,2.346322,18.36252,53.55735,31.11427,13.26182,41.31567,1.53021,0,0.01819044,0.000589819,0,0.064535407,0.241337316,0.000101643,0.009739546,0,373.0600583,0.001033543,0.219937073,153.1720763,36.8964,0.5238,5.4865,12.9088,,6.978491091,89.1421,0.0106,0.047,,0,0,0,0,0,0,0.070059542,25.53665337
32,21,32021,0,0,0,0,0,0,2.771089491,0,0.24432795,0.432955537,0,0,0,0.827939758,0.072770774,0,0,0.011174055,10.07270161,0.216016,1.69056,4.9308,2.86456,1.22096,3.80376,0.14088,0,0.000226437,7.34E-06,0,0.00038644,0.017359948,0,0,0,320.8414025,9.52E-05,0.020248681,10.03739099,0,0.0482,0.2184,0.0887,,0.642480329,8.2069,0.0008,0,,0,0,0,0,0,0,0,6.318077702
32,22,32022,1.782254312,0.648365034,0.450036114,0.010686733,0.024349324,0.047149258,3.56681796,2.140296081,6.35252671,0.557280301,0,0.066823691,0,1.241909638,1.600957036,0.072770774,0,0.201132996,38.28956481,0.821146,6.42636,18.74355,10.88911,4.64126,14.45931,0.53553,0,0.003860212,0.000125166,0,0.018880333,0.14670858,0,0,0,29.30782619,0.000361711,0.076971723,47.38914732,23.3413,0.1833,0.9008,10.9535,,2.442273501,31.1972,0.0033,0.0185,,0,0,0,0,0,0,0,61.12268136
32,23,32023,0.712901725,0.259346013,0.180014446,0.004274693,0.00973973,0.018859703,1.493735897,1.070148041,0.732983851,0.233381574,0,0.200471074,0,1.862864456,1.237103164,0,0,0.033522166,23.9140865,0.512854,4.01364,11.70645,6.80089,2.89874,9.03069,0.33447,0,0.002253587,7.31E-05,0,0.01231086,0.011573299,0,0,0,178.426558,0.00022591,0.048073371,35.62484378,9.3858,0.1145,0.9554,0.1202,,1.525343525,19.4845,0.0025,0.0231,,0,0,0,0,0,0,0,2.864195225
32,24,32024,2.138705174,0.77803804,0.540043337,0.01282408,0.029219189,0.05657911,3.521447477,0,6.108198759,0.550191608,0,0,0,4.760653611,2.28015093,0,0,0.111740553,97.82918389,2.098014,16.41924,47.88945,27.82149,11.85834,36.94329,1.36827,0,0.004841439,0.000156982,0,0.025836245,0.092586389,7.62E-05,0,0,180.9133988,0.000924165,0.196661437,96.70476626,35.4499,0.4684,1.8288,7.2522,,6.239967067,79.7083,0.0069,0,,0,0,0,0,0.8339,0.1204,0,13.12126758
32,25,32025,0,0,0,0,0,0,1.678707866,0,1.954623603,0.262281629,0,0,0,0.413969879,0.55790927,0,0,0,22.77726115,0.488474,3.82284,11.14995,6.47759,2.76094,8.60139,0.31857,19.66776538,0.005844232,0.000189497,0,0.00927455,0.070801356,0.000101643,0,0,25.69258713,0.00021517,0.045788064,26.68439985,7.4835,0.109,0.2457,2.7642,,1.452831903,18.5582,0.0019,0,,0,0,0,0,0.3392,0.049,0.009574591,8.493820322
32,26,32026,0,0,0,0,0,0,30.94266931,0.53507402,0,4.834488401,0,0,0,0,0.097027699,0,0,0.011174055,32.38879775,0.6946,5.436,15.855,9.211,3.926,12.231,0.453,0,9.70E-05,3.15E-06,0,0.002318637,0.03608146,0.000203286,0.029218639,0,877.5269134,0.000305968,0.065109687,37.60372217,5.6706,0.1551,0,1.8791,,2.065897141,26.3894,0.0028,0,,0,0,0,0,3.4062,0.4918,1.089638642,20.19315731
32,27,32027,0,0,0,0,0,0,4.516108062,0,0,0.705597563,0,0,0,0,0.072770774,0,0,0,5.336644292,0.114448,0.89568,2.6124,1.51768,0.64688,2.01528,0.07464,0,5.39E-05,1.75E-06,0,0.000276028,0.001701956,0,0,0,170.3589169,5.04E-05,0.010728007,5.788676515,0,0.0255,0,0.0698,,0.340394178,4.3481,0.0004,0,,0,0,0,0,0,0,0,1.237471771
32,28,32028,0,0,0,0,0,0,1.877639983,0,0,0.29336282,0,0,0,0,0.097027699,0,0,0,5.017046221,0.107594,0.84204,2.45595,1.42679,0.60814,1.89459,0.07017,0,0.000140175,4.55E-06,0,0.000938496,0.001701956,0,0,0,146.5501799,4.74E-05,0.010085534,6.649816275,1.2216,0.024,0,0.0462,,0.320008835,4.0877,0.0005,0,,0,0,0,0,0,0,0,1.241829066
32,29,32029,1.425803449,0.518692027,0.360028891,0.008549387,0.019479459,0.037719407,2.71175886,0.53507402,3.420591305,0.423685708,0,0.100235537,0.728681887,1.862864456,0.897506217,0,0,0.413440047,43.08997073,0.924094,7.23204,21.09345,12.25429,5.22314,16.27209,0.60267,30.00967153,0.008917305,0.000289141,0,0.009660989,0.45816647,0,0,0,39.01496087,0.000407059,0.086621755,47.59798657,17.2847,0.2063,0.8189,14.3996,,2.748464084,35.1084,0.0035,0,,0,0,0,0,0,0,0,77.70509358
32,30,32030,0,0,0,0,0,0,1.158692331,0,0,0.181034305,0,0,0,0.620954819,0.436624646,0,0,0,5.514675432,0.118266,0.92556,2.69955,1.56831,0.66846,2.08251,0.07713,0,0.000409743,1.33E-05,0,0.002649871,0.01804073,0,0,0,39.55224672,5.21E-05,0.011085894,8.103354822,2.6316,0.0264,0.1092,0.0615,,0.351749772,4.4932,0.0006,0,,0,0,0,0,0,0,0,1.089323742
32,31,32031,0,0,0,0,0,0,7.234846996,1.337685051,0.732983851,1.130373839,0,0.167059229,0,1.655879517,0.412367721,0,0,0.078218387,18.21280011,0.390586,3.05676,8.91555,5.17951,2.20766,6.87771,0.25473,0,0.000884183,2.87E-05,0,0.011261953,0.087480522,0,0,0,105.9346548,0.000172051,0.036612341,26.83510926,4.8926,0.0872,0.3276,0.2705,,1.161690902,14.8393,0.0019,0,,0,0,0,0,0,0,0.001691511,8.617277013
32,32,32032,0,0,0,0,0,0,1.584476863,0,0.488655901,0.247558959,0,0.100235537,0,1.655879517,0.630680044,0,0,0.100566498,24.12000204,0.51727,4.0482,11.80725,6.85945,2.9237,9.10845,0.33735,0,0.00361221,0.000117125,0,0.005520565,0.091905607,0,0,0,9.454034847,0.000227855,0.048487313,27.1621083,16.2251,0.1155,0.1365,6.287,,1.538477705,19.6523,0.002,0,,0,0,0,0,0.8621,0.1245,2.243954694,19.45677446
32,33,32033,0,0,0,0,0,0,2.694308674,0,0.24432795,0.420959288,0,0,0,1.034924698,0.097027699,0,0,0,9.32625779,0.200008,1.56528,4.5654,2.65228,1.13048,3.52188,0.13044,0,0.000301916,9.79E-06,0,0.00419563,0.012254081,0,0,0,137.4390187,8.81E-05,0.01874814,13.76265328,2.1293,0.0446,0.2184,0.089,,0.594868925,7.5988,0.001,0,,0,0,0,0,0,0,0.000651072,2.724761786
32,34,32034,1.069352587,0.38901902,0.270021668,0.00641204,0.014609594,0.028289555,6.826512651,0.80261103,7.574166462,1.066575605,0,0,0,8.072412644,1.795012434,0,0,0.067044332,53.38789245,1.14494,8.9604,26.1345,15.1829,6.4714,20.1609,0.7467,0,0.004108214,0.000133208,0,0.018328276,0.049356715,0,0,0,428.9282425,0.00050434,0.107323186,70.87547066,14.5672,0.2556,0.9281,0.729,,3.405309923,43.4989,0.0051,0.0092,,0,0,0,0,0,0,0,9.527951661
32,35,32035,0,0,0,0,0,0,2.781559603,0,0,0.434591389,0,0,0,0,0,0,0,0.011174055,27.30954788,0.585672,4.58352,13.3686,7.76652,3.31032,10.31292,0.38196,0,8.63E-05,2.80E-06,0,0.000993702,0.088501696,0.000101643,0.048697731,0,168.6954884,0.000257986,0.054899108,30.22318333,2.6289,0.1307,0.0546,5.9096,,1.741920689,22.251,0.0022,0,,0,0,0,0,1.0317,0.149,0,10.33986096
32,36,32036,1.782254312,0.648365034,0.450036114,0.010686733,0.024349324,0.047149258,6.561269828,0.80261103,5.375214908,1.025134017,0,0,0.632109588,3.518743973,1.140075465,0.024256925,0,0.223481106,78.95144819,1.693168,13.25088,38.6484,22.45288,9.57008,29.81448,1.10424,19.81291494,0.005887362,0.000190896,0,0.016782518,0.154537576,5.08E-05,0,0,321.4982132,0.000745832,0.158712407,85.73657403,18.4247,0.378,0.8189,10.6029,,5.035863707,64.3273,0.0062,0.0169,,0,0,0,0,0.4169,0.0602,0.029208333,29.94914074
32,37,32037,0,0,0,0,0,0,4.184554534,0,0,0.653795578,0,0,0,3.311759033,0.533652345,0.266826173,0,0.011174055,33.21889475,0.712402,5.57532,16.26135,9.44707,4.02662,12.54447,0.46461,0,0.003601427,0.000116775,0,0.002097815,0.233167929,2.54E-05,0,0,96.7227167,0.000313809,0.066778392,35.35124756,2.7145,0.159,0.0546,17.3032,,2.118844306,27.0658,0.0027,0,,0,0,0,0,0,0,0,35.7516052
32,38,32038,0.712901725,0.259346013,0.180014446,0.004274693,0.00973973,0.018859703,18.45880645,0.26753701,1.954623603,2.884007349,0,0,0,1.862864456,0.703450819,0,0,0.011174055,142.928976,3.06521,23.9886,69.96675,40.64735,17.3251,53.97435,1.99905,0,0.001940889,6.29E-05,0,0.007783997,0.495609495,2.54E-05,0.019479093,0,1861.247206,0.001350209,0.287323442,146.9106454,22.7031,0.6843,1.6378,21.3704,,9.116626225,116.4543,0.011,0,,0,0,0,0,3.6818,0.5316,0.008141969,70.22071326
32,39,32039,6.772566384,2.463787128,1.710137233,0.040609587,0.092527432,0.179167181,9.964056042,2.675370101,12.46072547,1.556785967,0,0.200471074,0,9.314322282,2.935087899,0.50939542,0,0.16761083,118.9119318,2.550148,19.95768,58.2099,33.81718,14.41388,44.90478,1.66314,28.55817593,0.008485997,0.000275156,0,0.035386823,0.523861959,2.54E-05,0.019479093,0,122.1614151,0.001123327,0.239043101,147.1701909,43.4509,0.5693,4.4766,21.6973,,7.58471561,96.8859,0.0106,0,,0,0,0,0,3.71,0.5357,0.021881133,110.6026706
32,40,32040,1.069352587,0.38901902,0.270021668,0.00641204,0.014609594,0.028289555,5.577079354,0,1.221639752,0.871363914,0,0,0,1.862864456,0.703450819,0,0,0,40.033412,0.858544,6.71904,19.5972,11.38504,4.85264,15.11784,0.55992,0,0.000830269,2.69E-05,0,0.002484254,0.281163079,7.62E-05,0,0,423.7317992,0.000378184,0.080477298,41.28347095,7.0777,0.1917,0.4367,13.4063,,2.553503592,32.618,0.0031,0,,0,0,0,0,2.1341,0.3082,0,44.96292676
32,41,32041,0,0,0,0,0,0,4.013542714,0,0,0.627076659,0,0,0,0,0,0,0,0.033522166,6.141001852,0.131698,1.03068,3.00615,1.74643,0.74438,2.31903,0.08589,0,0.000161741,5.24E-06,0,0.000165617,0.003403911,0,0,0,149.9350077,5.80E-05,0.012344969,6.938809924,0,0.0294,0.1911,0.0784,,0.391699571,5.0035,0.0005,0,,0,0,0,0,1.9433,0.2806,0,2.768334736
32,42,32042,5.346762935,1.945095101,1.350108342,0.0320602,0.073047972,0.141447775,18.50417693,0.26753701,7.574166462,2.891096041,0,0.300706611,0,5.17462349,3.226170996,0.363853872,0,0.223481106,120.8574046,2.59187,20.2842,59.16225,34.37045,14.6497,45.63945,1.69035,22.02644573,0.006545108,0.000212223,0,0.030694343,0.971135913,0,0.019479093,0,608.633709,0.001141706,0.242953994,148.0241964,28.4171,0.5786,3.2755,31.0305,,7.708806253,98.4711,0.0108,0.0131,,0,0,0,0,4.2895,0.6194,1.77240084,222.1784704
32,43,32043,0,0,0,0,0,0,0.78176832,0,0,0.122143628,0,0.167059229,0,0.413969879,0,0,0,0,2.539624936,0.054464,0.42624,1.2432,0.72224,0.30784,0.95904,0.03552,0,0.000150958,4.89E-06,0,0.000441645,0.000680782,0,0,0,27.09460812,2.40E-05,0.005105289,3.257816661,0,0.0122,0.0546,0.0317,,0.161988226,2.0692,0.0002,0,,0,0,0,0,0,0,0.000107535,0.341321439
32,44,32044,2.138705174,0.77803804,0.540043337,0.01282408,0.029219189,0.05657911,3.999582565,0,0.977311802,0.624895523,0,0,0,0.827939758,0.848992367,0,0,0.022348111,30.74147347,0.659272,5.15952,15.0486,8.74252,3.72632,11.60892,0.42996,34.36415833,0.010211231,0.000331096,0,0.007121529,0.021785033,0,0,0,280.1460559,0.000290406,0.061798148,36.86193688,7.0742,0.1472,0.737,0.5657,,1.960823697,25.0472,0.0027,0.0169,,0,0,0,0,0,0,0,3.276685815
32,45,32045,0,0,0,0,0,0,3.423726437,0,0.977311802,0.534923655,0,0,0,1.448894577,0.291083097,0,0,0.078218387,16.19010897,0.347208,2.71728,7.9254,4.60428,1.96248,6.11388,0.22644,0,0.001013575,3.29E-05,0,0.007121529,0.050377888,0,0,0,232.9345134,0.000152943,0.03254622,22.4575669,4.9052,0.0775,0.5459,0.3328,,1.032674942,13.1912,0.0016,0,,0,0,0,0,0,0,0,4.538848924
32,46,32046,0,0,0,0,0,0,4.097303605,0,0,0.640163476,0,0,0,0.413969879,0.097027699,0,0,0.011174055,14.37547831,0.308292,2.41272,7.0371,4.08822,1.74252,5.42862,0.20106,0,0.000334264,1.08E-05,0,0.00342275,0.035741069,5.08E-05,0,0,146.4811928,0.000135801,0.028898352,20.35775728,6.8761,0.0688,0.1092,1.359,,0.916929976,11.7127,0.0015,0,,0,0,0,0,0,0,0,9.177915632
32,47,32047,0,0,0,0,0,0,3.524937514,0,2.931935405,0.550736892,0,0.334118457,0,0,0.169798473,0,0,0.033522166,10.79984084,0.23161,1.8126,5.28675,3.07135,1.3091,4.07835,0.15105,0,0.001261578,4.09E-05,0,0.005189331,0.020763859,0.000177875,0,0,117.6472461,0.000102023,0.021710415,15.36483139,5.3871,0.0517,0.1638,0.2619,,0.688860404,8.7994,0.0011,0,,0,0,0,0,0,0,0,4.495275974
32,48,32048,3.564508623,1.296730067,0.900072228,0.021373467,0.048698648,0.094298517,5.078004042,2.140296081,9.040134164,0.793388295,0,0.434353994,0,4.346683731,1.188589314,0,0,0.100566498,44.66007669,0.957766,7.49556,21.86205,12.70081,5.41346,16.86501,0.62463,18.43399412,0.005477619,0.00017761,0,0.032405718,0.051399062,0,0,0,439.5664847,0.000421891,0.089778066,61.01491131,0,0.2138,1.9107,0.6772,,2.84861221,36.3877,0.0041,0,,0,0,0,0,0,0,0.009632039,5.262159888
32,49,32049,1.069352587,0.38901902,0.270021668,0.00641204,0.014609594,0.028289555,24.54543122,1.337685051,4.886559008,3.834982734,0,0.300706611,0,2.276834336,1.237103164,0,0,0.659269264,67.25716174,1.442376,11.28816,32.9238,19.12716,8.15256,25.39836,0.94068,14.44238122,0.004291521,0.000139151,0,0.015347171,0.170876351,0,0.009739546,0,703.3804271,0.000635359,0.13520393,83.37248934,17.9888,0.322,1.0373,10.3665,,4.289951706,54.7992,0.0061,0.0169,,0,0,0,0,0,0,0.031653599,26.81188836
32,50,32050,0,0,0,0,0,0,0.917879768,0,0,0.143409706,0,0,0,2.690804215,0.024256925,0,0,0.055870277,18.89918523,0.405306,3.17196,9.25155,5.37471,2.29086,7.13691,0.26433,0,0.000366612,1.19E-05,0,0.000662468,0.052079844,0,0,0,21.69177304,0.000178535,0.037992149,18.8830876,1.0297,0.0905,0.1092,11.1016,,1.205471504,15.3985,0.0014,0,,0,0,0,0,0,0,0.073625928,15.83005261
32,51,32051,0,0,0,0,0,0,19.41158659,0,1.465967702,3.032869895,0,0,0,2.069849396,0.703450819,0,0,0,64.55237539,1.38437,10.8342,31.59975,18.35795,7.8247,24.37695,0.90285,0,0.002199674,7.13E-05,0,0.007949614,0.442508478,5.08E-05,0.068176824,0,358.3774419,0.000609808,0.129766624,73.77112419,16.9632,0.309,0.7916,73.8858,,4.117428772,52.5954,0.0054,0.0177,,0,0,0,0,3.0528,0.4408,0.100875919,104.7145126
32,52,32052,0.712901725,0.259346013,0.180014446,0.004274693,0.00973973,0.018859703,3.912331637,0,0.732983851,0.611263422,0,0.334118457,0,2.276834336,0.339596947,0,0,0,37.07981104,0.795202,6.22332,18.15135,10.54507,4.49462,14.00247,0.51861,0,0.00150958,4.89E-05,0,0.004306041,0.022125424,0,0,0,245.5704339,0.000350282,0.074539812,37.18410138,0,0.1775,0.8462,2.9006,,2.365110191,30.2115,0.0028,0,,0,0,0,0,0,0,0,10.23964317
32,53,32053,0,0,0,0,0,0,2.607057745,0,0.732983851,0.407327186,0,0,0,2.897789154,0.412367721,0,0,0.055870277,24.63050097,0.528218,4.13388,12.05715,7.00463,2.98558,9.30123,0.34449,0,0.000787138,2.55E-05,0,0.002318637,0.057526102,7.62E-05,0.009739546,0,57.99332907,0.000232677,0.049513545,27.77907067,3.9266,0.1179,0.1638,4.4412,,1.571039528,20.0682,0.0021,0,,0,0,0,0,0,0,0,13.94189146
32,54,32054,0,0,0,0,0,0,2.362755145,0,0,0.369157303,0,0,0,0.620954819,0.315340022,0,0,0,36.94467897,0.792304,6.20064,18.0852,10.50664,4.47824,13.95144,0.51672,0,0.000614615,1.99E-05,0,0.00419563,0.051058671,5.08E-05,0,0,284.9416041,0.000349006,0.074268162,38.02974568,2.9347,0.1769,0.4094,7.0652,,2.356490885,30.1014,0.0028,0,,0,0,0,0,0.5017,0.0724,0,10.91502389
32,55,32055,1.425803449,0.518692027,0.360028891,0.008549387,0.019479459,0.037719407,11.56249305,0.53507402,2.687607454,1.806526063,0,0.200471074,0,1.241909638,1.11581854,0,0,0.223481106,59.28865952,1.271486,9.95076,29.02305,16.86101,7.18666,22.38921,0.82923,0,0.003116205,0.000101042,0,0.013525385,0.117775333,7.62E-05,0.009739546,0,405.4173866,0.000560083,0.119185222,76.22326509,19.8084,0.2838,1.3648,2.4957,,3.781686283,48.3067,0.0056,0,,0,0,0,0,0,0,0.000887245,29.50033936
32,56,32056,74.14177936,26.9719854,18.72150234,0.444568106,1.012931883,1.961409143,4.414896985,28.62646009,60.59333169,0.689784325,0,1.770827822,0.116325723,30.21980118,7.39836206,0.266826173,0.134088664,1.262668251,294.8710467,6.323712,49.48992,144.3456,83.85792,35.74272,111.35232,4.12416,102.4755894,0.030450387,0.000987344,0,0.260957117,0.100074994,2.54E-05,0,0,67.75947268,0.002785563,0.592765488,379.9184398,128.0391,1.4117,7.6429,4.8609,,18.80814648,240.2522,0.0247,0,,0.644492998,18.86859,3.324,0,1.2579,0.1816,4.268170966,13.31153612
32,57,32057,0,0,0,0,0,0,1.814819314,0,0.977311802,0.283547707,0,0,0,1.241909638,0.315340022,0,0,0,35.60408304,0.763554,5.97564,17.42895,10.12539,4.31574,13.44519,0.49797,0,0.001218447,3.95E-05,0,0.005410154,0.040166154,0,0,0,244.3665233,0.000336342,0.071573225,31.83967005,0,0.1705,0.5459,4.2391,,2.270981897,29.0092,0.0023,0.0169,,0,0,0,0,0,0,0,12.2367367
32,58,32058,0,0,0,0,0,0,0,0.26753701,0.488655901,0,0,0,0,0,0.363853872,0,0,0.022348111,5.248701199,0.112562,0.88092,2.56935,1.49267,0.63622,1.98207,0.07341,0,0.000496005,1.61E-05,0,0.00215302,0.010552125,0,0,0,72.04830202,4.96E-05,0.010551219,7.328991483,0,0.0251,0.2184,0.2234,,0.334784788,4.2765,0.0005,0,,0,0,0,0,0,0,0,0